"ref_area.label","source.label","indicator.label","time","obs_value","obs_status.label"
"Afghanistan","ILO - Modelled Estimates","SDG indicator 10.4.1 - Labour income share as a percent of GDP (%)","2024",38.67,"Imputation"
"Afghanistan","ILO - Modelled Estimates","SDG indicator 10.4.1 - Labour income share as a percent of GDP (%)","2023",38.777,"Imputation"
"Afghanistan","ILO - Modelled Estimates","SDG indicator 10.4.1 - Labour income share as a percent of GDP (%)","2022",39.412,"Imputation"
"Afghanistan","ILO - Modelled Estimates","SDG indicator 10.4.1 - Labour income share as a percent of GDP (%)","2021",39.205,"Imputation"
"Afghanistan","ILO - Modelled Estimates","SDG indicator 10.4.1 - Labour income share as a percent of GDP (%)","2020",38.882,"Imputation"
"Afghanistan","ILO - Modelled Estimates","SDG indicator 10.4.1 - Labour income share as a percent of GDP (%)","2019",38.822,"Imputation"
"Afghanistan","ILO - Modelled Estimates","SDG indicator 10.4.1 - Labour income share as a percent of GDP (%)","2018",39.223,"Imputation"
"Afghanistan","ILO - Modelled Estimates","SDG indicator 10.4.1 - Labour income share as a percent of GDP (%)","2017",39.241,"Imputation"
"Afghanistan","ILO - Modelled Estimates","SDG indicator 10.4.1 - Labour income share as a percent of GDP (%)","2016",39.416,"Imputation"
"Afghanistan","ILO - Modelled Estimates","SDG indicator 10.4.1 - Labour income share as a percent of GDP (%)","2015",39.616,"Imputation"
"Afghanistan","ILO - Modelled Estimates","SDG indicator 10.4.1 - Labour income share as a percent of GDP (%)","2014",39.639,"Imputation"
"Afghanistan","ILO - Modelled Estimates","SDG indicator 10.4.1 - Labour income share as a percent of GDP (%)","2013",39.506,"Imputation"
"Afghanistan","ILO - Modelled Estimates","SDG indicator 10.4.1 - Labour income share as a percent of GDP (%)","2012",39.03,"Imputation"
"Afghanistan","ILO - Modelled Estimates","SDG indicator 10.4.1 - Labour income share as a percent of GDP (%)","2011",40.24,"Imputation"
"Afghanistan","ILO - Modelled Estimates","SDG indicator 10.4.1 - Labour income share as a percent of GDP (%)","2010",39.193,"Imputation"
"Afghanistan","ILO - Modelled Estimates","SDG indicator 10.4.1 - Labour income share as a percent of GDP (%)","2009",38.755,"Imputation"
"Afghanistan","ILO - Modelled Estimates","SDG indicator 10.4.1 - Labour income share as a percent of GDP (%)","2008",40.409,"Imputation"
"Afghanistan","ILO - Modelled Estimates","SDG indicator 10.4.1 - Labour income share as a percent of GDP (%)","2007",39.624,"Imputation"
"Afghanistan","ILO - Modelled Estimates","SDG indicator 10.4.1 - Labour income share as a percent of GDP (%)","2006",40.427,"Imputation"
"Afghanistan","ILO - Modelled Estimates","SDG indicator 10.4.1 - Labour income share as a percent of GDP (%)","2005",39.985,"Imputation"
"Afghanistan","ILO - Modelled Estimates","SDG indicator 10.4.1 - Labour income share as a percent of GDP (%)","2004",40.886,"Imputation"
"Angola","ILO - Modelled Estimates","SDG indicator 10.4.1 - Labour income share as a percent of GDP (%)","2024",42.027,"Imputation"
"Angola","ILO - Modelled Estimates","SDG indicator 10.4.1 - Labour income share as a percent of GDP (%)","2023",42.283,"Imputation"
"Angola","ILO - Modelled Estimates","SDG indicator 10.4.1 - Labour income share as a percent of GDP (%)","2022",41.969,"Imputation"
"Angola","ILO - Modelled Estimates","SDG indicator 10.4.1 - Labour income share as a percent of GDP (%)","2021",42.478,"Imputation"
"Angola","ILO - Modelled Estimates","SDG indicator 10.4.1 - Labour income share as a percent of GDP (%)","2020",43.669,"Imputation"
"Angola","ILO - Modelled Estimates","SDG indicator 10.4.1 - Labour income share as a percent of GDP (%)","2019",42.7,"Imputation"
"Angola","ILO - Modelled Estimates","SDG indicator 10.4.1 - Labour income share as a percent of GDP (%)","2018",42.219,"Imputation"
"Angola","ILO - Modelled Estimates","SDG indicator 10.4.1 - Labour income share as a percent of GDP (%)","2017",42.096,"Imputation"
"Angola","ILO - Modelled Estimates","SDG indicator 10.4.1 - Labour income share as a percent of GDP (%)","2016",41.759,"Imputation"
"Angola","ILO - Modelled Estimates","SDG indicator 10.4.1 - Labour income share as a percent of GDP (%)","2015",44.466,"Imputation"
"Angola","ILO - Modelled Estimates","SDG indicator 10.4.1 - Labour income share as a percent of GDP (%)","2014",37.102,"Imputation"
"Angola","ILO - Modelled Estimates","SDG indicator 10.4.1 - Labour income share as a percent of GDP (%)","2013",40.336,"Imputation"
"Angola","ILO - Modelled Estimates","SDG indicator 10.4.1 - Labour income share as a percent of GDP (%)","2012",43.343,"Imputation"
"Angola","ILO - Modelled Estimates","SDG indicator 10.4.1 - Labour income share as a percent of GDP (%)","2011",46.307,"Imputation"
"Angola","ILO - Modelled Estimates","SDG indicator 10.4.1 - Labour income share as a percent of GDP (%)","2010",47.273,"Imputation"
"Angola","ILO - Modelled Estimates","SDG indicator 10.4.1 - Labour income share as a percent of GDP (%)","2009",57.294,"Imputation"
"Angola","ILO - Modelled Estimates","SDG indicator 10.4.1 - Labour income share as a percent of GDP (%)","2008",39.988,"Imputation"
"Angola","ILO - Modelled Estimates","SDG indicator 10.4.1 - Labour income share as a percent of GDP (%)","2007",38.231,"Imputation"
"Angola","ILO - Modelled Estimates","SDG indicator 10.4.1 - Labour income share as a percent of GDP (%)","2006",37.314,"Imputation"
"Angola","ILO - Modelled Estimates","SDG indicator 10.4.1 - Labour income share as a percent of GDP (%)","2005",36.914,"Imputation"
"Angola","ILO - Modelled Estimates","SDG indicator 10.4.1 - Labour income share as a percent of GDP (%)","2004",44.281,"Imputation"
"Albania","ILO - Modelled Estimates","SDG indicator 10.4.1 - Labour income share as a percent of GDP (%)","2024",47.328,"Model-based extrapolation"
"Albania","ILO - Modelled Estimates","SDG indicator 10.4.1 - Labour income share as a percent of GDP (%)","2023",47.271,"Model-based extrapolation"
"Albania","ILO - Modelled Estimates","SDG indicator 10.4.1 - Labour income share as a percent of GDP (%)","2022",46.859,"Model-based extrapolation"
"Albania","ILO - Modelled Estimates","SDG indicator 10.4.1 - Labour income share as a percent of GDP (%)","2021",47.421,"Model-based extrapolation"
"Albania","ILO - Modelled Estimates","SDG indicator 10.4.1 - Labour income share as a percent of GDP (%)","2020",49.013,"Model-based extrapolation"
"Albania","ILO - Modelled Estimates","SDG indicator 10.4.1 - Labour income share as a percent of GDP (%)","2019",47.626,
"Albania","ILO - Modelled Estimates","SDG indicator 10.4.1 - Labour income share as a percent of GDP (%)","2018",47.213,
"Albania","ILO - Modelled Estimates","SDG indicator 10.4.1 - Labour income share as a percent of GDP (%)","2017",47.379,
"Albania","ILO - Modelled Estimates","SDG indicator 10.4.1 - Labour income share as a percent of GDP (%)","2016",47.61,
"Albania","ILO - Modelled Estimates","SDG indicator 10.4.1 - Labour income share as a percent of GDP (%)","2015",47.907,
"Albania","ILO - Modelled Estimates","SDG indicator 10.4.1 - Labour income share as a percent of GDP (%)","2014",47.96,
"Albania","ILO - Modelled Estimates","SDG indicator 10.4.1 - Labour income share as a percent of GDP (%)","2013",48.272,
"Albania","ILO - Modelled Estimates","SDG indicator 10.4.1 - Labour income share as a percent of GDP (%)","2012",48.436,"Model-based extrapolation"
"Albania","ILO - Modelled Estimates","SDG indicator 10.4.1 - Labour income share as a percent of GDP (%)","2011",48.304,"Model-based extrapolation"
"Albania","ILO - Modelled Estimates","SDG indicator 10.4.1 - Labour income share as a percent of GDP (%)","2010",47.956,"Model-based extrapolation"
"Albania","ILO - Modelled Estimates","SDG indicator 10.4.1 - Labour income share as a percent of GDP (%)","2009",48.032,"Model-based extrapolation"
"Albania","ILO - Modelled Estimates","SDG indicator 10.4.1 - Labour income share as a percent of GDP (%)","2008",46.985,"Model-based extrapolation"
"Albania","ILO - Modelled Estimates","SDG indicator 10.4.1 - Labour income share as a percent of GDP (%)","2007",47.116,"Model-based extrapolation"
"Albania","ILO - Modelled Estimates","SDG indicator 10.4.1 - Labour income share as a percent of GDP (%)","2006",47.1,"Model-based extrapolation"
"Albania","ILO - Modelled Estimates","SDG indicator 10.4.1 - Labour income share as a percent of GDP (%)","2005",47.163,"Model-based extrapolation"
"Albania","ILO - Modelled Estimates","SDG indicator 10.4.1 - Labour income share as a percent of GDP (%)","2004",47.485,"Model-based extrapolation"
"United Arab Emirates","ILO - Modelled Estimates","SDG indicator 10.4.1 - Labour income share as a percent of GDP (%)","2024",33.736,"Imputation"
"United Arab Emirates","ILO - Modelled Estimates","SDG indicator 10.4.1 - Labour income share as a percent of GDP (%)","2023",33.76,"Imputation"
"United Arab Emirates","ILO - Modelled Estimates","SDG indicator 10.4.1 - Labour income share as a percent of GDP (%)","2022",32.817,"Imputation"
"United Arab Emirates","ILO - Modelled Estimates","SDG indicator 10.4.1 - Labour income share as a percent of GDP (%)","2021",38.068,"Imputation"
"United Arab Emirates","ILO - Modelled Estimates","SDG indicator 10.4.1 - Labour income share as a percent of GDP (%)","2020",42.671,"Imputation"
"United Arab Emirates","ILO - Modelled Estimates","SDG indicator 10.4.1 - Labour income share as a percent of GDP (%)","2019",37.162,"Imputation"
"United Arab Emirates","ILO - Modelled Estimates","SDG indicator 10.4.1 - Labour income share as a percent of GDP (%)","2018",34.695,"Imputation"
"United Arab Emirates","ILO - Modelled Estimates","SDG indicator 10.4.1 - Labour income share as a percent of GDP (%)","2017",36.219,"Imputation"
"United Arab Emirates","ILO - Modelled Estimates","SDG indicator 10.4.1 - Labour income share as a percent of GDP (%)","2016",36.289,"Imputation"
"United Arab Emirates","ILO - Modelled Estimates","SDG indicator 10.4.1 - Labour income share as a percent of GDP (%)","2015",33.847,"Imputation"
"United Arab Emirates","ILO - Modelled Estimates","SDG indicator 10.4.1 - Labour income share as a percent of GDP (%)","2014",28.748,"Imputation"
"United Arab Emirates","ILO - Modelled Estimates","SDG indicator 10.4.1 - Labour income share as a percent of GDP (%)","2013",28.179,"Imputation"
"United Arab Emirates","ILO - Modelled Estimates","SDG indicator 10.4.1 - Labour income share as a percent of GDP (%)","2012",26.057,"Imputation"
"United Arab Emirates","ILO - Modelled Estimates","SDG indicator 10.4.1 - Labour income share as a percent of GDP (%)","2011",25.732,"Imputation"
"United Arab Emirates","ILO - Modelled Estimates","SDG indicator 10.4.1 - Labour income share as a percent of GDP (%)","2010",28.802,"Imputation"
"United Arab Emirates","ILO - Modelled Estimates","SDG indicator 10.4.1 - Labour income share as a percent of GDP (%)","2009",27.826,"Imputation"
"United Arab Emirates","ILO - Modelled Estimates","SDG indicator 10.4.1 - Labour income share as a percent of GDP (%)","2008",23.332,"Imputation"
"United Arab Emirates","ILO - Modelled Estimates","SDG indicator 10.4.1 - Labour income share as a percent of GDP (%)","2007",22.911,"Imputation"
"United Arab Emirates","ILO - Modelled Estimates","SDG indicator 10.4.1 - Labour income share as a percent of GDP (%)","2006",20.402,"Imputation"
"United Arab Emirates","ILO - Modelled Estimates","SDG indicator 10.4.1 - Labour income share as a percent of GDP (%)","2005",22.059,"Imputation"
"United Arab Emirates","ILO - Modelled Estimates","SDG indicator 10.4.1 - Labour income share as a percent of GDP (%)","2004",23.702,"Imputation"
"Argentina","ILO - Modelled Estimates","SDG indicator 10.4.1 - Labour income share as a percent of GDP (%)","2024",51.198,"Model-based extrapolation"
"Argentina","ILO - Modelled Estimates","SDG indicator 10.4.1 - Labour income share as a percent of GDP (%)","2023",51.057,"Model-based extrapolation"
"Argentina","ILO - Modelled Estimates","SDG indicator 10.4.1 - Labour income share as a percent of GDP (%)","2022",50.289,
"Argentina","ILO - Modelled Estimates","SDG indicator 10.4.1 - Labour income share as a percent of GDP (%)","2021",49.492,
"Argentina","ILO - Modelled Estimates","SDG indicator 10.4.1 - Labour income share as a percent of GDP (%)","2020",52.224,
"Argentina","ILO - Modelled Estimates","SDG indicator 10.4.1 - Labour income share as a percent of GDP (%)","2019",53.569,
"Argentina","ILO - Modelled Estimates","SDG indicator 10.4.1 - Labour income share as a percent of GDP (%)","2018",56.129,
"Argentina","ILO - Modelled Estimates","SDG indicator 10.4.1 - Labour income share as a percent of GDP (%)","2017",58.122,
"Argentina","ILO - Modelled Estimates","SDG indicator 10.4.1 - Labour income share as a percent of GDP (%)","2016",60.405,
"Argentina","ILO - Modelled Estimates","SDG indicator 10.4.1 - Labour income share as a percent of GDP (%)","2015",58.516,"Model-based extrapolation"
"Argentina","ILO - Modelled Estimates","SDG indicator 10.4.1 - Labour income share as a percent of GDP (%)","2014",60.034,"Model-based extrapolation"
"Argentina","ILO - Modelled Estimates","SDG indicator 10.4.1 - Labour income share as a percent of GDP (%)","2013",59.32,
"Argentina","ILO - Modelled Estimates","SDG indicator 10.4.1 - Labour income share as a percent of GDP (%)","2012",58.054,
"Argentina","ILO - Modelled Estimates","SDG indicator 10.4.1 - Labour income share as a percent of GDP (%)","2011",53.25,
"Argentina","ILO - Modelled Estimates","SDG indicator 10.4.1 - Labour income share as a percent of GDP (%)","2010",49.294,
"Argentina","ILO - Modelled Estimates","SDG indicator 10.4.1 - Labour income share as a percent of GDP (%)","2009",50.243,
"Argentina","ILO - Modelled Estimates","SDG indicator 10.4.1 - Labour income share as a percent of GDP (%)","2008",45.941,
"Argentina","ILO - Modelled Estimates","SDG indicator 10.4.1 - Labour income share as a percent of GDP (%)","2007",42.397,
"Argentina","ILO - Modelled Estimates","SDG indicator 10.4.1 - Labour income share as a percent of GDP (%)","2006",41.468,
"Argentina","ILO - Modelled Estimates","SDG indicator 10.4.1 - Labour income share as a percent of GDP (%)","2005",40.594,
"Argentina","ILO - Modelled Estimates","SDG indicator 10.4.1 - Labour income share as a percent of GDP (%)","2004",38.723,
"Armenia","ILO - Modelled Estimates","SDG indicator 10.4.1 - Labour income share as a percent of GDP (%)","2024",51.421,"Model-based extrapolation"
"Armenia","ILO - Modelled Estimates","SDG indicator 10.4.1 - Labour income share as a percent of GDP (%)","2023",51.161,"Model-based extrapolation"
"Armenia","ILO - Modelled Estimates","SDG indicator 10.4.1 - Labour income share as a percent of GDP (%)","2022",50.789,"Model-based extrapolation"
"Armenia","ILO - Modelled Estimates","SDG indicator 10.4.1 - Labour income share as a percent of GDP (%)","2021",53.127,
"Armenia","ILO - Modelled Estimates","SDG indicator 10.4.1 - Labour income share as a percent of GDP (%)","2020",54.892,
"Armenia","ILO - Modelled Estimates","SDG indicator 10.4.1 - Labour income share as a percent of GDP (%)","2019",52.17,
"Armenia","ILO - Modelled Estimates","SDG indicator 10.4.1 - Labour income share as a percent of GDP (%)","2018",52.347,
"Armenia","ILO - Modelled Estimates","SDG indicator 10.4.1 - Labour income share as a percent of GDP (%)","2017",53.411,
"Armenia","ILO - Modelled Estimates","SDG indicator 10.4.1 - Labour income share as a percent of GDP (%)","2016",54.337,
"Armenia","ILO - Modelled Estimates","SDG indicator 10.4.1 - Labour income share as a percent of GDP (%)","2015",53.799,
"Armenia","ILO - Modelled Estimates","SDG indicator 10.4.1 - Labour income share as a percent of GDP (%)","2014",53.264,
"Armenia","ILO - Modelled Estimates","SDG indicator 10.4.1 - Labour income share as a percent of GDP (%)","2013",53.609,
"Armenia","ILO - Modelled Estimates","SDG indicator 10.4.1 - Labour income share as a percent of GDP (%)","2012",54.328,
"Armenia","ILO - Modelled Estimates","SDG indicator 10.4.1 - Labour income share as a percent of GDP (%)","2011",55.672,
"Armenia","ILO - Modelled Estimates","SDG indicator 10.4.1 - Labour income share as a percent of GDP (%)","2010",56.256,
"Armenia","ILO - Modelled Estimates","SDG indicator 10.4.1 - Labour income share as a percent of GDP (%)","2009",57.891,
"Armenia","ILO - Modelled Estimates","SDG indicator 10.4.1 - Labour income share as a percent of GDP (%)","2008",56.493,
"Armenia","ILO - Modelled Estimates","SDG indicator 10.4.1 - Labour income share as a percent of GDP (%)","2007",57.719,
"Armenia","ILO - Modelled Estimates","SDG indicator 10.4.1 - Labour income share as a percent of GDP (%)","2006",58.797,
"Armenia","ILO - Modelled Estimates","SDG indicator 10.4.1 - Labour income share as a percent of GDP (%)","2005",59.474,
"Armenia","ILO - Modelled Estimates","SDG indicator 10.4.1 - Labour income share as a percent of GDP (%)","2004",59.901,
"Australia","ILO - Modelled Estimates","SDG indicator 10.4.1 - Labour income share as a percent of GDP (%)","2024",55.42,"Model-based extrapolation"
"Australia","ILO - Modelled Estimates","SDG indicator 10.4.1 - Labour income share as a percent of GDP (%)","2023",53.745,"Model-based extrapolation"
"Australia","ILO - Modelled Estimates","SDG indicator 10.4.1 - Labour income share as a percent of GDP (%)","2022",53.906,"Model-based extrapolation"
"Australia","ILO - Modelled Estimates","SDG indicator 10.4.1 - Labour income share as a percent of GDP (%)","2021",53.019,
"Australia","ILO - Modelled Estimates","SDG indicator 10.4.1 - Labour income share as a percent of GDP (%)","2020",55.728,
"Australia","ILO - Modelled Estimates","SDG indicator 10.4.1 - Labour income share as a percent of GDP (%)","2019",56.897,
"Australia","ILO - Modelled Estimates","SDG indicator 10.4.1 - Labour income share as a percent of GDP (%)","2018",55.046,
"Australia","ILO - Modelled Estimates","SDG indicator 10.4.1 - Labour income share as a percent of GDP (%)","2017",55.765,
"Australia","ILO - Modelled Estimates","SDG indicator 10.4.1 - Labour income share as a percent of GDP (%)","2016",55.915,
"Australia","ILO - Modelled Estimates","SDG indicator 10.4.1 - Labour income share as a percent of GDP (%)","2015",57.403,
"Australia","ILO - Modelled Estimates","SDG indicator 10.4.1 - Labour income share as a percent of GDP (%)","2014",57.154,
"Australia","ILO - Modelled Estimates","SDG indicator 10.4.1 - Labour income share as a percent of GDP (%)","2013",56.182,
"Australia","ILO - Modelled Estimates","SDG indicator 10.4.1 - Labour income share as a percent of GDP (%)","2012",56.402,
"Australia","ILO - Modelled Estimates","SDG indicator 10.4.1 - Labour income share as a percent of GDP (%)","2011",57.09,
"Australia","ILO - Modelled Estimates","SDG indicator 10.4.1 - Labour income share as a percent of GDP (%)","2010",55.903,
"Australia","ILO - Modelled Estimates","SDG indicator 10.4.1 - Labour income share as a percent of GDP (%)","2009",55.555,
"Australia","ILO - Modelled Estimates","SDG indicator 10.4.1 - Labour income share as a percent of GDP (%)","2008",55.047,
"Australia","ILO - Modelled Estimates","SDG indicator 10.4.1 - Labour income share as a percent of GDP (%)","2007",57.346,
"Australia","ILO - Modelled Estimates","SDG indicator 10.4.1 - Labour income share as a percent of GDP (%)","2006",58.304,
"Australia","ILO - Modelled Estimates","SDG indicator 10.4.1 - Labour income share as a percent of GDP (%)","2005",58.594,
"Australia","ILO - Modelled Estimates","SDG indicator 10.4.1 - Labour income share as a percent of GDP (%)","2004",59.378,
"Austria","ILO - Modelled Estimates","SDG indicator 10.4.1 - Labour income share as a percent of GDP (%)","2024",60.539,"Model-based extrapolation"
"Austria","ILO - Modelled Estimates","SDG indicator 10.4.1 - Labour income share as a percent of GDP (%)","2023",60.855,"Model-based extrapolation"
"Austria","ILO - Modelled Estimates","SDG indicator 10.4.1 - Labour income share as a percent of GDP (%)","2022",59.895,
"Austria","ILO - Modelled Estimates","SDG indicator 10.4.1 - Labour income share as a percent of GDP (%)","2021",59.561,
"Austria","ILO - Modelled Estimates","SDG indicator 10.4.1 - Labour income share as a percent of GDP (%)","2020",59.646,
"Austria","ILO - Modelled Estimates","SDG indicator 10.4.1 - Labour income share as a percent of GDP (%)","2019",58.383,
"Austria","ILO - Modelled Estimates","SDG indicator 10.4.1 - Labour income share as a percent of GDP (%)","2018",58.857,
"Austria","ILO - Modelled Estimates","SDG indicator 10.4.1 - Labour income share as a percent of GDP (%)","2017",60.605,
"Austria","ILO - Modelled Estimates","SDG indicator 10.4.1 - Labour income share as a percent of GDP (%)","2016",61.4,
"Austria","ILO - Modelled Estimates","SDG indicator 10.4.1 - Labour income share as a percent of GDP (%)","2015",59.76,
"Austria","ILO - Modelled Estimates","SDG indicator 10.4.1 - Labour income share as a percent of GDP (%)","2014",61.413,
"Austria","ILO - Modelled Estimates","SDG indicator 10.4.1 - Labour income share as a percent of GDP (%)","2013",58.318,
"Austria","ILO - Modelled Estimates","SDG indicator 10.4.1 - Labour income share as a percent of GDP (%)","2012",58.411,
"Austria","ILO - Modelled Estimates","SDG indicator 10.4.1 - Labour income share as a percent of GDP (%)","2011",57.999,
"Austria","ILO - Modelled Estimates","SDG indicator 10.4.1 - Labour income share as a percent of GDP (%)","2010",59.273,
"Austria","ILO - Modelled Estimates","SDG indicator 10.4.1 - Labour income share as a percent of GDP (%)","2009",60.491,
"Austria","ILO - Modelled Estimates","SDG indicator 10.4.1 - Labour income share as a percent of GDP (%)","2008",59.889,
"Austria","ILO - Modelled Estimates","SDG indicator 10.4.1 - Labour income share as a percent of GDP (%)","2007",59.235,
"Austria","ILO - Modelled Estimates","SDG indicator 10.4.1 - Labour income share as a percent of GDP (%)","2006",59.728,
"Austria","ILO - Modelled Estimates","SDG indicator 10.4.1 - Labour income share as a percent of GDP (%)","2005",60.855,
"Austria","ILO - Modelled Estimates","SDG indicator 10.4.1 - Labour income share as a percent of GDP (%)","2004",60.701,
"Azerbaijan","ILO - Modelled Estimates","SDG indicator 10.4.1 - Labour income share as a percent of GDP (%)","2024",45.56,"Imputation"
"Azerbaijan","ILO - Modelled Estimates","SDG indicator 10.4.1 - Labour income share as a percent of GDP (%)","2023",45.688,"Imputation"
"Azerbaijan","ILO - Modelled Estimates","SDG indicator 10.4.1 - Labour income share as a percent of GDP (%)","2022",45.422,"Imputation"
"Azerbaijan","ILO - Modelled Estimates","SDG indicator 10.4.1 - Labour income share as a percent of GDP (%)","2021",46.306,"Imputation"
"Azerbaijan","ILO - Modelled Estimates","SDG indicator 10.4.1 - Labour income share as a percent of GDP (%)","2020",46.744,"Imputation"
"Azerbaijan","ILO - Modelled Estimates","SDG indicator 10.4.1 - Labour income share as a percent of GDP (%)","2019",45.893,"Imputation"
"Azerbaijan","ILO - Modelled Estimates","SDG indicator 10.4.1 - Labour income share as a percent of GDP (%)","2018",45.975,"Imputation"
"Azerbaijan","ILO - Modelled Estimates","SDG indicator 10.4.1 - Labour income share as a percent of GDP (%)","2017",44.875,"Imputation"
"Azerbaijan","ILO - Modelled Estimates","SDG indicator 10.4.1 - Labour income share as a percent of GDP (%)","2016",47.986,"Imputation"
"Azerbaijan","ILO - Modelled Estimates","SDG indicator 10.4.1 - Labour income share as a percent of GDP (%)","2015",48.826,"Imputation"
"Azerbaijan","ILO - Modelled Estimates","SDG indicator 10.4.1 - Labour income share as a percent of GDP (%)","2014",40.913,"Imputation"
"Azerbaijan","ILO - Modelled Estimates","SDG indicator 10.4.1 - Labour income share as a percent of GDP (%)","2013",39.13,"Imputation"
"Azerbaijan","ILO - Modelled Estimates","SDG indicator 10.4.1 - Labour income share as a percent of GDP (%)","2012",36.683,"Imputation"
"Azerbaijan","ILO - Modelled Estimates","SDG indicator 10.4.1 - Labour income share as a percent of GDP (%)","2011",34.936,"Imputation"
"Azerbaijan","ILO - Modelled Estimates","SDG indicator 10.4.1 - Labour income share as a percent of GDP (%)","2010",37.92,"Imputation"
"Azerbaijan","ILO - Modelled Estimates","SDG indicator 10.4.1 - Labour income share as a percent of GDP (%)","2009",40.579,"Imputation"
"Azerbaijan","ILO - Modelled Estimates","SDG indicator 10.4.1 - Labour income share as a percent of GDP (%)","2008",32.641,"Imputation"
"Azerbaijan","ILO - Modelled Estimates","SDG indicator 10.4.1 - Labour income share as a percent of GDP (%)","2007",34.185,"Imputation"
"Azerbaijan","ILO - Modelled Estimates","SDG indicator 10.4.1 - Labour income share as a percent of GDP (%)","2006",38.256,"Imputation"
"Azerbaijan","ILO - Modelled Estimates","SDG indicator 10.4.1 - Labour income share as a percent of GDP (%)","2005",49.74,"Imputation"
"Azerbaijan","ILO - Modelled Estimates","SDG indicator 10.4.1 - Labour income share as a percent of GDP (%)","2004",54.858,"Imputation"
"Burundi","ILO - Modelled Estimates","SDG indicator 10.4.1 - Labour income share as a percent of GDP (%)","2024",37.296,"Model-based extrapolation"
"Burundi","ILO - Modelled Estimates","SDG indicator 10.4.1 - Labour income share as a percent of GDP (%)","2023",37.771,"Model-based extrapolation"
"Burundi","ILO - Modelled Estimates","SDG indicator 10.4.1 - Labour income share as a percent of GDP (%)","2022",38.013,"Model-based extrapolation"
"Burundi","ILO - Modelled Estimates","SDG indicator 10.4.1 - Labour income share as a percent of GDP (%)","2021",38.685,"Model-based extrapolation"
"Burundi","ILO - Modelled Estimates","SDG indicator 10.4.1 - Labour income share as a percent of GDP (%)","2020",37.994,"Model-based extrapolation"
"Burundi","ILO - Modelled Estimates","SDG indicator 10.4.1 - Labour income share as a percent of GDP (%)","2019",38.343,
"Burundi","ILO - Modelled Estimates","SDG indicator 10.4.1 - Labour income share as a percent of GDP (%)","2018",38.76,
"Burundi","ILO - Modelled Estimates","SDG indicator 10.4.1 - Labour income share as a percent of GDP (%)","2017",39.149,
"Burundi","ILO - Modelled Estimates","SDG indicator 10.4.1 - Labour income share as a percent of GDP (%)","2016",36.624,
"Burundi","ILO - Modelled Estimates","SDG indicator 10.4.1 - Labour income share as a percent of GDP (%)","2015",44.561,
"Burundi","ILO - Modelled Estimates","SDG indicator 10.4.1 - Labour income share as a percent of GDP (%)","2014",39.43,
"Burundi","ILO - Modelled Estimates","SDG indicator 10.4.1 - Labour income share as a percent of GDP (%)","2013",40.742,
"Burundi","ILO - Modelled Estimates","SDG indicator 10.4.1 - Labour income share as a percent of GDP (%)","2012",43.137,
"Burundi","ILO - Modelled Estimates","SDG indicator 10.4.1 - Labour income share as a percent of GDP (%)","2011",39.153,
"Burundi","ILO - Modelled Estimates","SDG indicator 10.4.1 - Labour income share as a percent of GDP (%)","2010",34.91,
"Burundi","ILO - Modelled Estimates","SDG indicator 10.4.1 - Labour income share as a percent of GDP (%)","2009",37.428,
"Burundi","ILO - Modelled Estimates","SDG indicator 10.4.1 - Labour income share as a percent of GDP (%)","2008",35.895,
"Burundi","ILO - Modelled Estimates","SDG indicator 10.4.1 - Labour income share as a percent of GDP (%)","2007",43.218,
"Burundi","ILO - Modelled Estimates","SDG indicator 10.4.1 - Labour income share as a percent of GDP (%)","2006",32.088,
"Burundi","ILO - Modelled Estimates","SDG indicator 10.4.1 - Labour income share as a percent of GDP (%)","2005",33.591,"Model-based extrapolation"
"Burundi","ILO - Modelled Estimates","SDG indicator 10.4.1 - Labour income share as a percent of GDP (%)","2004",32.256,"Model-based extrapolation"
"Belgium","ILO - Modelled Estimates","SDG indicator 10.4.1 - Labour income share as a percent of GDP (%)","2024",63.854,"Model-based extrapolation"
"Belgium","ILO - Modelled Estimates","SDG indicator 10.4.1 - Labour income share as a percent of GDP (%)","2023",63.766,"Model-based extrapolation"
"Belgium","ILO - Modelled Estimates","SDG indicator 10.4.1 - Labour income share as a percent of GDP (%)","2022",63.307,
"Belgium","ILO - Modelled Estimates","SDG indicator 10.4.1 - Labour income share as a percent of GDP (%)","2021",61.063,
"Belgium","ILO - Modelled Estimates","SDG indicator 10.4.1 - Labour income share as a percent of GDP (%)","2020",63.209,
"Belgium","ILO - Modelled Estimates","SDG indicator 10.4.1 - Labour income share as a percent of GDP (%)","2019",61.934,
"Belgium","ILO - Modelled Estimates","SDG indicator 10.4.1 - Labour income share as a percent of GDP (%)","2018",61.634,
"Belgium","ILO - Modelled Estimates","SDG indicator 10.4.1 - Labour income share as a percent of GDP (%)","2017",61.603,
"Belgium","ILO - Modelled Estimates","SDG indicator 10.4.1 - Labour income share as a percent of GDP (%)","2016",62.5,
"Belgium","ILO - Modelled Estimates","SDG indicator 10.4.1 - Labour income share as a percent of GDP (%)","2015",63.837,
"Belgium","ILO - Modelled Estimates","SDG indicator 10.4.1 - Labour income share as a percent of GDP (%)","2014",64.674,
"Belgium","ILO - Modelled Estimates","SDG indicator 10.4.1 - Labour income share as a percent of GDP (%)","2013",66.704,
"Belgium","ILO - Modelled Estimates","SDG indicator 10.4.1 - Labour income share as a percent of GDP (%)","2012",66.227,
"Belgium","ILO - Modelled Estimates","SDG indicator 10.4.1 - Labour income share as a percent of GDP (%)","2011",65.663,
"Belgium","ILO - Modelled Estimates","SDG indicator 10.4.1 - Labour income share as a percent of GDP (%)","2010",65.18,
"Belgium","ILO - Modelled Estimates","SDG indicator 10.4.1 - Labour income share as a percent of GDP (%)","2009",66.091,
"Belgium","ILO - Modelled Estimates","SDG indicator 10.4.1 - Labour income share as a percent of GDP (%)","2008",65.192,
"Belgium","ILO - Modelled Estimates","SDG indicator 10.4.1 - Labour income share as a percent of GDP (%)","2007",64.946,
"Belgium","ILO - Modelled Estimates","SDG indicator 10.4.1 - Labour income share as a percent of GDP (%)","2006",64.305,
"Belgium","ILO - Modelled Estimates","SDG indicator 10.4.1 - Labour income share as a percent of GDP (%)","2005",64.414,
"Belgium","ILO - Modelled Estimates","SDG indicator 10.4.1 - Labour income share as a percent of GDP (%)","2004",64.422,
"Benin","ILO - Modelled Estimates","SDG indicator 10.4.1 - Labour income share as a percent of GDP (%)","2024",36.053,"Model-based extrapolation"
"Benin","ILO - Modelled Estimates","SDG indicator 10.4.1 - Labour income share as a percent of GDP (%)","2023",36.161,"Model-based extrapolation"
"Benin","ILO - Modelled Estimates","SDG indicator 10.4.1 - Labour income share as a percent of GDP (%)","2022",35.972,"Model-based extrapolation"
"Benin","ILO - Modelled Estimates","SDG indicator 10.4.1 - Labour income share as a percent of GDP (%)","2021",36.153,"Model-based extrapolation"
"Benin","ILO - Modelled Estimates","SDG indicator 10.4.1 - Labour income share as a percent of GDP (%)","2020",35.851,"Model-based extrapolation"
"Benin","ILO - Modelled Estimates","SDG indicator 10.4.1 - Labour income share as a percent of GDP (%)","2019",35.653,"Model-based extrapolation"
"Benin","ILO - Modelled Estimates","SDG indicator 10.4.1 - Labour income share as a percent of GDP (%)","2018",35.805,"Model-based extrapolation"
"Benin","ILO - Modelled Estimates","SDG indicator 10.4.1 - Labour income share as a percent of GDP (%)","2017",36.179,"Model-based extrapolation"
"Benin","ILO - Modelled Estimates","SDG indicator 10.4.1 - Labour income share as a percent of GDP (%)","2016",37.166,
"Benin","ILO - Modelled Estimates","SDG indicator 10.4.1 - Labour income share as a percent of GDP (%)","2015",37.805,
"Benin","ILO - Modelled Estimates","SDG indicator 10.4.1 - Labour income share as a percent of GDP (%)","2014",35.517,
"Benin","ILO - Modelled Estimates","SDG indicator 10.4.1 - Labour income share as a percent of GDP (%)","2013",35.019,
"Benin","ILO - Modelled Estimates","SDG indicator 10.4.1 - Labour income share as a percent of GDP (%)","2012",36.061,
"Benin","ILO - Modelled Estimates","SDG indicator 10.4.1 - Labour income share as a percent of GDP (%)","2011",36.814,
"Benin","ILO - Modelled Estimates","SDG indicator 10.4.1 - Labour income share as a percent of GDP (%)","2010",37.23,
"Benin","ILO - Modelled Estimates","SDG indicator 10.4.1 - Labour income share as a percent of GDP (%)","2009",37.119,
"Benin","ILO - Modelled Estimates","SDG indicator 10.4.1 - Labour income share as a percent of GDP (%)","2008",35.871,
"Benin","ILO - Modelled Estimates","SDG indicator 10.4.1 - Labour income share as a percent of GDP (%)","2007",35.366,
"Benin","ILO - Modelled Estimates","SDG indicator 10.4.1 - Labour income share as a percent of GDP (%)","2006",36.34,
"Benin","ILO - Modelled Estimates","SDG indicator 10.4.1 - Labour income share as a percent of GDP (%)","2005",37.387,
"Benin","ILO - Modelled Estimates","SDG indicator 10.4.1 - Labour income share as a percent of GDP (%)","2004",38.354,
"Burkina Faso","ILO - Modelled Estimates","SDG indicator 10.4.1 - Labour income share as a percent of GDP (%)","2024",52.754,"Model-based extrapolation"
"Burkina Faso","ILO - Modelled Estimates","SDG indicator 10.4.1 - Labour income share as a percent of GDP (%)","2023",53.563,"Model-based extrapolation"
"Burkina Faso","ILO - Modelled Estimates","SDG indicator 10.4.1 - Labour income share as a percent of GDP (%)","2022",54.32,"Model-based extrapolation"
"Burkina Faso","ILO - Modelled Estimates","SDG indicator 10.4.1 - Labour income share as a percent of GDP (%)","2021",52.855,"Model-based extrapolation"
"Burkina Faso","ILO - Modelled Estimates","SDG indicator 10.4.1 - Labour income share as a percent of GDP (%)","2020",52.151,"Model-based extrapolation"
"Burkina Faso","ILO - Modelled Estimates","SDG indicator 10.4.1 - Labour income share as a percent of GDP (%)","2019",52.459,
"Burkina Faso","ILO - Modelled Estimates","SDG indicator 10.4.1 - Labour income share as a percent of GDP (%)","2018",48.389,
"Burkina Faso","ILO - Modelled Estimates","SDG indicator 10.4.1 - Labour income share as a percent of GDP (%)","2017",45.305,
"Burkina Faso","ILO - Modelled Estimates","SDG indicator 10.4.1 - Labour income share as a percent of GDP (%)","2016",44.698,
"Burkina Faso","ILO - Modelled Estimates","SDG indicator 10.4.1 - Labour income share as a percent of GDP (%)","2015",47.369,
"Burkina Faso","ILO - Modelled Estimates","SDG indicator 10.4.1 - Labour income share as a percent of GDP (%)","2014",46.431,
"Burkina Faso","ILO - Modelled Estimates","SDG indicator 10.4.1 - Labour income share as a percent of GDP (%)","2013",44.646,
"Burkina Faso","ILO - Modelled Estimates","SDG indicator 10.4.1 - Labour income share as a percent of GDP (%)","2012",42.989,
"Burkina Faso","ILO - Modelled Estimates","SDG indicator 10.4.1 - Labour income share as a percent of GDP (%)","2011",43.54,
"Burkina Faso","ILO - Modelled Estimates","SDG indicator 10.4.1 - Labour income share as a percent of GDP (%)","2010",44.826,
"Burkina Faso","ILO - Modelled Estimates","SDG indicator 10.4.1 - Labour income share as a percent of GDP (%)","2009",45.98,
"Burkina Faso","ILO - Modelled Estimates","SDG indicator 10.4.1 - Labour income share as a percent of GDP (%)","2008",46.256,
"Burkina Faso","ILO - Modelled Estimates","SDG indicator 10.4.1 - Labour income share as a percent of GDP (%)","2007",48.013,
"Burkina Faso","ILO - Modelled Estimates","SDG indicator 10.4.1 - Labour income share as a percent of GDP (%)","2006",49.973,
"Burkina Faso","ILO - Modelled Estimates","SDG indicator 10.4.1 - Labour income share as a percent of GDP (%)","2005",51.218,
"Burkina Faso","ILO - Modelled Estimates","SDG indicator 10.4.1 - Labour income share as a percent of GDP (%)","2004",52.257,
"Bangladesh","ILO - Modelled Estimates","SDG indicator 10.4.1 - Labour income share as a percent of GDP (%)","2024",43.071,"Imputation"
"Bangladesh","ILO - Modelled Estimates","SDG indicator 10.4.1 - Labour income share as a percent of GDP (%)","2023",42.837,"Imputation"
"Bangladesh","ILO - Modelled Estimates","SDG indicator 10.4.1 - Labour income share as a percent of GDP (%)","2022",42.069,"Imputation"
"Bangladesh","ILO - Modelled Estimates","SDG indicator 10.4.1 - Labour income share as a percent of GDP (%)","2021",41.745,"Imputation"
"Bangladesh","ILO - Modelled Estimates","SDG indicator 10.4.1 - Labour income share as a percent of GDP (%)","2020",41.912,"Imputation"
"Bangladesh","ILO - Modelled Estimates","SDG indicator 10.4.1 - Labour income share as a percent of GDP (%)","2019",41.668,"Imputation"
"Bangladesh","ILO - Modelled Estimates","SDG indicator 10.4.1 - Labour income share as a percent of GDP (%)","2018",42.108,"Imputation"
"Bangladesh","ILO - Modelled Estimates","SDG indicator 10.4.1 - Labour income share as a percent of GDP (%)","2017",42.658,"Imputation"
"Bangladesh","ILO - Modelled Estimates","SDG indicator 10.4.1 - Labour income share as a percent of GDP (%)","2016",42.34,"Imputation"
"Bangladesh","ILO - Modelled Estimates","SDG indicator 10.4.1 - Labour income share as a percent of GDP (%)","2015",42.736,"Imputation"
"Bangladesh","ILO - Modelled Estimates","SDG indicator 10.4.1 - Labour income share as a percent of GDP (%)","2014",43.092,"Imputation"
"Bangladesh","ILO - Modelled Estimates","SDG indicator 10.4.1 - Labour income share as a percent of GDP (%)","2013",43.148,"Imputation"
"Bangladesh","ILO - Modelled Estimates","SDG indicator 10.4.1 - Labour income share as a percent of GDP (%)","2012",42.831,"Imputation"
"Bangladesh","ILO - Modelled Estimates","SDG indicator 10.4.1 - Labour income share as a percent of GDP (%)","2011",42.902,"Imputation"
"Bangladesh","ILO - Modelled Estimates","SDG indicator 10.4.1 - Labour income share as a percent of GDP (%)","2010",43.547,"Imputation"
"Bangladesh","ILO - Modelled Estimates","SDG indicator 10.4.1 - Labour income share as a percent of GDP (%)","2009",43.955,"Imputation"
"Bangladesh","ILO - Modelled Estimates","SDG indicator 10.4.1 - Labour income share as a percent of GDP (%)","2008",43.337,"Imputation"
"Bangladesh","ILO - Modelled Estimates","SDG indicator 10.4.1 - Labour income share as a percent of GDP (%)","2007",42.663,"Imputation"
"Bangladesh","ILO - Modelled Estimates","SDG indicator 10.4.1 - Labour income share as a percent of GDP (%)","2006",42.97,"Imputation"
"Bangladesh","ILO - Modelled Estimates","SDG indicator 10.4.1 - Labour income share as a percent of GDP (%)","2005",43.101,"Imputation"
"Bangladesh","ILO - Modelled Estimates","SDG indicator 10.4.1 - Labour income share as a percent of GDP (%)","2004",44.035,"Imputation"
"Bulgaria","ILO - Modelled Estimates","SDG indicator 10.4.1 - Labour income share as a percent of GDP (%)","2024",50.46,"Model-based extrapolation"
"Bulgaria","ILO - Modelled Estimates","SDG indicator 10.4.1 - Labour income share as a percent of GDP (%)","2023",49.967,"Model-based extrapolation"
"Bulgaria","ILO - Modelled Estimates","SDG indicator 10.4.1 - Labour income share as a percent of GDP (%)","2022",50.303,
"Bulgaria","ILO - Modelled Estimates","SDG indicator 10.4.1 - Labour income share as a percent of GDP (%)","2021",51.289,
"Bulgaria","ILO - Modelled Estimates","SDG indicator 10.4.1 - Labour income share as a percent of GDP (%)","2020",53.144,
"Bulgaria","ILO - Modelled Estimates","SDG indicator 10.4.1 - Labour income share as a percent of GDP (%)","2019",52.606,
"Bulgaria","ILO - Modelled Estimates","SDG indicator 10.4.1 - Labour income share as a percent of GDP (%)","2018",53.024,
"Bulgaria","ILO - Modelled Estimates","SDG indicator 10.4.1 - Labour income share as a percent of GDP (%)","2017",52.6,
"Bulgaria","ILO - Modelled Estimates","SDG indicator 10.4.1 - Labour income share as a percent of GDP (%)","2016",51.271,
"Bulgaria","ILO - Modelled Estimates","SDG indicator 10.4.1 - Labour income share as a percent of GDP (%)","2015",50.49,
"Bulgaria","ILO - Modelled Estimates","SDG indicator 10.4.1 - Labour income share as a percent of GDP (%)","2014",50.342,
"Bulgaria","ILO - Modelled Estimates","SDG indicator 10.4.1 - Labour income share as a percent of GDP (%)","2013",48.954,
"Bulgaria","ILO - Modelled Estimates","SDG indicator 10.4.1 - Labour income share as a percent of GDP (%)","2012",45.573,
"Bulgaria","ILO - Modelled Estimates","SDG indicator 10.4.1 - Labour income share as a percent of GDP (%)","2011",42.485,
"Bulgaria","ILO - Modelled Estimates","SDG indicator 10.4.1 - Labour income share as a percent of GDP (%)","2010",43.617,
"Bulgaria","ILO - Modelled Estimates","SDG indicator 10.4.1 - Labour income share as a percent of GDP (%)","2009",42.061,
"Bulgaria","ILO - Modelled Estimates","SDG indicator 10.4.1 - Labour income share as a percent of GDP (%)","2008",39.72,
"Bulgaria","ILO - Modelled Estimates","SDG indicator 10.4.1 - Labour income share as a percent of GDP (%)","2007",38.304,
"Bulgaria","ILO - Modelled Estimates","SDG indicator 10.4.1 - Labour income share as a percent of GDP (%)","2006",39.103,
"Bulgaria","ILO - Modelled Estimates","SDG indicator 10.4.1 - Labour income share as a percent of GDP (%)","2005",40.491,
"Bulgaria","ILO - Modelled Estimates","SDG indicator 10.4.1 - Labour income share as a percent of GDP (%)","2004",41.322,
"Bahrain","ILO - Modelled Estimates","SDG indicator 10.4.1 - Labour income share as a percent of GDP (%)","2024",29.993,"Imputation"
"Bahrain","ILO - Modelled Estimates","SDG indicator 10.4.1 - Labour income share as a percent of GDP (%)","2023",30.24,"Imputation"
"Bahrain","ILO - Modelled Estimates","SDG indicator 10.4.1 - Labour income share as a percent of GDP (%)","2022",29.652,"Imputation"
"Bahrain","ILO - Modelled Estimates","SDG indicator 10.4.1 - Labour income share as a percent of GDP (%)","2021",28.074,"Imputation"
"Bahrain","ILO - Modelled Estimates","SDG indicator 10.4.1 - Labour income share as a percent of GDP (%)","2020",31.676,"Imputation"
"Bahrain","ILO - Modelled Estimates","SDG indicator 10.4.1 - Labour income share as a percent of GDP (%)","2019",30.533,"Imputation"
"Bahrain","ILO - Modelled Estimates","SDG indicator 10.4.1 - Labour income share as a percent of GDP (%)","2018",31.782,"Imputation"
"Bahrain","ILO - Modelled Estimates","SDG indicator 10.4.1 - Labour income share as a percent of GDP (%)","2017",31.328,"Imputation"
"Bahrain","ILO - Modelled Estimates","SDG indicator 10.4.1 - Labour income share as a percent of GDP (%)","2016",33.363,"Imputation"
"Bahrain","ILO - Modelled Estimates","SDG indicator 10.4.1 - Labour income share as a percent of GDP (%)","2015",33.162,"Imputation"
"Bahrain","ILO - Modelled Estimates","SDG indicator 10.4.1 - Labour income share as a percent of GDP (%)","2014",29.744,"Imputation"
"Bahrain","ILO - Modelled Estimates","SDG indicator 10.4.1 - Labour income share as a percent of GDP (%)","2013",28.984,"Imputation"
"Bahrain","ILO - Modelled Estimates","SDG indicator 10.4.1 - Labour income share as a percent of GDP (%)","2012",29.39,"Imputation"
"Bahrain","ILO - Modelled Estimates","SDG indicator 10.4.1 - Labour income share as a percent of GDP (%)","2011",27.812,"Imputation"
"Bahrain","ILO - Modelled Estimates","SDG indicator 10.4.1 - Labour income share as a percent of GDP (%)","2010",29.629,"Imputation"
"Bahrain","ILO - Modelled Estimates","SDG indicator 10.4.1 - Labour income share as a percent of GDP (%)","2009",30.679,"Imputation"
"Bahrain","ILO - Modelled Estimates","SDG indicator 10.4.1 - Labour income share as a percent of GDP (%)","2008",26.016,"Imputation"
"Bahrain","ILO - Modelled Estimates","SDG indicator 10.4.1 - Labour income share as a percent of GDP (%)","2007",26.891,"Imputation"
"Bahrain","ILO - Modelled Estimates","SDG indicator 10.4.1 - Labour income share as a percent of GDP (%)","2006",25.906,"Imputation"
"Bahrain","ILO - Modelled Estimates","SDG indicator 10.4.1 - Labour income share as a percent of GDP (%)","2005",27.18,"Imputation"
"Bahrain","ILO - Modelled Estimates","SDG indicator 10.4.1 - Labour income share as a percent of GDP (%)","2004",29.87,"Imputation"
"Bahamas","ILO - Modelled Estimates","SDG indicator 10.4.1 - Labour income share as a percent of GDP (%)","2024",37.549,"Imputation"
"Bahamas","ILO - Modelled Estimates","SDG indicator 10.4.1 - Labour income share as a percent of GDP (%)","2023",37.366,"Imputation"
"Bahamas","ILO - Modelled Estimates","SDG indicator 10.4.1 - Labour income share as a percent of GDP (%)","2022",36.442,"Imputation"
"Bahamas","ILO - Modelled Estimates","SDG indicator 10.4.1 - Labour income share as a percent of GDP (%)","2021",38.997,"Imputation"
"Bahamas","ILO - Modelled Estimates","SDG indicator 10.4.1 - Labour income share as a percent of GDP (%)","2020",37.722,"Imputation"
"Bahamas","ILO - Modelled Estimates","SDG indicator 10.4.1 - Labour income share as a percent of GDP (%)","2019",34.451,"Imputation"
"Bahamas","ILO - Modelled Estimates","SDG indicator 10.4.1 - Labour income share as a percent of GDP (%)","2018",32.494,"Imputation"
"Bahamas","ILO - Modelled Estimates","SDG indicator 10.4.1 - Labour income share as a percent of GDP (%)","2017",35.369,"Imputation"
"Bahamas","ILO - Modelled Estimates","SDG indicator 10.4.1 - Labour income share as a percent of GDP (%)","2016",34.342,"Imputation"
"Bahamas","ILO - Modelled Estimates","SDG indicator 10.4.1 - Labour income share as a percent of GDP (%)","2015",33.841,"Imputation"
"Bahamas","ILO - Modelled Estimates","SDG indicator 10.4.1 - Labour income share as a percent of GDP (%)","2014",34.865,"Imputation"
"Bahamas","ILO - Modelled Estimates","SDG indicator 10.4.1 - Labour income share as a percent of GDP (%)","2013",36.774,"Imputation"
"Bahamas","ILO - Modelled Estimates","SDG indicator 10.4.1 - Labour income share as a percent of GDP (%)","2012",38.14,"Imputation"
"Bahamas","ILO - Modelled Estimates","SDG indicator 10.4.1 - Labour income share as a percent of GDP (%)","2011",37.565,"Imputation"
"Bahamas","ILO - Modelled Estimates","SDG indicator 10.4.1 - Labour income share as a percent of GDP (%)","2010",38.041,"Imputation"
"Bahamas","ILO - Modelled Estimates","SDG indicator 10.4.1 - Labour income share as a percent of GDP (%)","2009",38.594,"Imputation"
"Bahamas","ILO - Modelled Estimates","SDG indicator 10.4.1 - Labour income share as a percent of GDP (%)","2008",36.527,"Imputation"
"Bahamas","ILO - Modelled Estimates","SDG indicator 10.4.1 - Labour income share as a percent of GDP (%)","2007",37.906,"Imputation"
"Bahamas","ILO - Modelled Estimates","SDG indicator 10.4.1 - Labour income share as a percent of GDP (%)","2006",39.395,"Imputation"
"Bahamas","ILO - Modelled Estimates","SDG indicator 10.4.1 - Labour income share as a percent of GDP (%)","2005",37.391,"Imputation"
"Bahamas","ILO - Modelled Estimates","SDG indicator 10.4.1 - Labour income share as a percent of GDP (%)","2004",38.52,"Imputation"
"Bosnia and Herzegovina","ILO - Modelled Estimates","SDG indicator 10.4.1 - Labour income share as a percent of GDP (%)","2024",53.859,"Model-based extrapolation"
"Bosnia and Herzegovina","ILO - Modelled Estimates","SDG indicator 10.4.1 - Labour income share as a percent of GDP (%)","2023",54.036,"Model-based extrapolation"
"Bosnia and Herzegovina","ILO - Modelled Estimates","SDG indicator 10.4.1 - Labour income share as a percent of GDP (%)","2022",53.475,"Model-based extrapolation"
"Bosnia and Herzegovina","ILO - Modelled Estimates","SDG indicator 10.4.1 - Labour income share as a percent of GDP (%)","2021",53.699,
"Bosnia and Herzegovina","ILO - Modelled Estimates","SDG indicator 10.4.1 - Labour income share as a percent of GDP (%)","2020",54.74,
"Bosnia and Herzegovina","ILO - Modelled Estimates","SDG indicator 10.4.1 - Labour income share as a percent of GDP (%)","2019",52.797,
"Bosnia and Herzegovina","ILO - Modelled Estimates","SDG indicator 10.4.1 - Labour income share as a percent of GDP (%)","2018",51.463,
"Bosnia and Herzegovina","ILO - Modelled Estimates","SDG indicator 10.4.1 - Labour income share as a percent of GDP (%)","2017",52.319,
"Bosnia and Herzegovina","ILO - Modelled Estimates","SDG indicator 10.4.1 - Labour income share as a percent of GDP (%)","2016",53.553,
"Bosnia and Herzegovina","ILO - Modelled Estimates","SDG indicator 10.4.1 - Labour income share as a percent of GDP (%)","2015",55.057,
"Bosnia and Herzegovina","ILO - Modelled Estimates","SDG indicator 10.4.1 - Labour income share as a percent of GDP (%)","2014",55.362,
"Bosnia and Herzegovina","ILO - Modelled Estimates","SDG indicator 10.4.1 - Labour income share as a percent of GDP (%)","2013",56.433,
"Bosnia and Herzegovina","ILO - Modelled Estimates","SDG indicator 10.4.1 - Labour income share as a percent of GDP (%)","2012",57.7,
"Bosnia and Herzegovina","ILO - Modelled Estimates","SDG indicator 10.4.1 - Labour income share as a percent of GDP (%)","2011",55.917,
"Bosnia and Herzegovina","ILO - Modelled Estimates","SDG indicator 10.4.1 - Labour income share as a percent of GDP (%)","2010",55.932,
"Bosnia and Herzegovina","ILO - Modelled Estimates","SDG indicator 10.4.1 - Labour income share as a percent of GDP (%)","2009",56.707,
"Bosnia and Herzegovina","ILO - Modelled Estimates","SDG indicator 10.4.1 - Labour income share as a percent of GDP (%)","2008",54.832,
"Bosnia and Herzegovina","ILO - Modelled Estimates","SDG indicator 10.4.1 - Labour income share as a percent of GDP (%)","2007",51.985,
"Bosnia and Herzegovina","ILO - Modelled Estimates","SDG indicator 10.4.1 - Labour income share as a percent of GDP (%)","2006",51.073,
"Bosnia and Herzegovina","ILO - Modelled Estimates","SDG indicator 10.4.1 - Labour income share as a percent of GDP (%)","2005",51.521,
"Bosnia and Herzegovina","ILO - Modelled Estimates","SDG indicator 10.4.1 - Labour income share as a percent of GDP (%)","2004",50.693,"Model-based extrapolation"
"Belarus","ILO - Modelled Estimates","SDG indicator 10.4.1 - Labour income share as a percent of GDP (%)","2024",49.483,"Imputation"
"Belarus","ILO - Modelled Estimates","SDG indicator 10.4.1 - Labour income share as a percent of GDP (%)","2023",49.26,"Imputation"
"Belarus","ILO - Modelled Estimates","SDG indicator 10.4.1 - Labour income share as a percent of GDP (%)","2022",50.552,"Imputation"
"Belarus","ILO - Modelled Estimates","SDG indicator 10.4.1 - Labour income share as a percent of GDP (%)","2021",48.937,"Imputation"
"Belarus","ILO - Modelled Estimates","SDG indicator 10.4.1 - Labour income share as a percent of GDP (%)","2020",51.092,"Imputation"
"Belarus","ILO - Modelled Estimates","SDG indicator 10.4.1 - Labour income share as a percent of GDP (%)","2019",50.983,"Imputation"
"Belarus","ILO - Modelled Estimates","SDG indicator 10.4.1 - Labour income share as a percent of GDP (%)","2018",49.626,"Imputation"
"Belarus","ILO - Modelled Estimates","SDG indicator 10.4.1 - Labour income share as a percent of GDP (%)","2017",48.997,"Imputation"
"Belarus","ILO - Modelled Estimates","SDG indicator 10.4.1 - Labour income share as a percent of GDP (%)","2016",49.253,"Imputation"
"Belarus","ILO - Modelled Estimates","SDG indicator 10.4.1 - Labour income share as a percent of GDP (%)","2015",49.746,"Imputation"
"Belarus","ILO - Modelled Estimates","SDG indicator 10.4.1 - Labour income share as a percent of GDP (%)","2014",51.411,"Imputation"
"Belarus","ILO - Modelled Estimates","SDG indicator 10.4.1 - Labour income share as a percent of GDP (%)","2013",52.631,"Imputation"
"Belarus","ILO - Modelled Estimates","SDG indicator 10.4.1 - Labour income share as a percent of GDP (%)","2012",45.175,"Imputation"
"Belarus","ILO - Modelled Estimates","SDG indicator 10.4.1 - Labour income share as a percent of GDP (%)","2011",42.492,"Imputation"
"Belarus","ILO - Modelled Estimates","SDG indicator 10.4.1 - Labour income share as a percent of GDP (%)","2010",49.818,"Imputation"
"Belarus","ILO - Modelled Estimates","SDG indicator 10.4.1 - Labour income share as a percent of GDP (%)","2009",48.083,"Imputation"
"Belarus","ILO - Modelled Estimates","SDG indicator 10.4.1 - Labour income share as a percent of GDP (%)","2008",45.537,"Imputation"
"Belarus","ILO - Modelled Estimates","SDG indicator 10.4.1 - Labour income share as a percent of GDP (%)","2007",46.969,"Imputation"
"Belarus","ILO - Modelled Estimates","SDG indicator 10.4.1 - Labour income share as a percent of GDP (%)","2006",48.267,"Imputation"
"Belarus","ILO - Modelled Estimates","SDG indicator 10.4.1 - Labour income share as a percent of GDP (%)","2005",46.48,"Imputation"
"Belarus","ILO - Modelled Estimates","SDG indicator 10.4.1 - Labour income share as a percent of GDP (%)","2004",44.653,"Imputation"
"Belize","ILO - Modelled Estimates","SDG indicator 10.4.1 - Labour income share as a percent of GDP (%)","2024",47.198,"Imputation"
"Belize","ILO - Modelled Estimates","SDG indicator 10.4.1 - Labour income share as a percent of GDP (%)","2023",47.04,"Imputation"
"Belize","ILO - Modelled Estimates","SDG indicator 10.4.1 - Labour income share as a percent of GDP (%)","2022",46.553,"Imputation"
"Belize","ILO - Modelled Estimates","SDG indicator 10.4.1 - Labour income share as a percent of GDP (%)","2021",47.649,"Imputation"
"Belize","ILO - Modelled Estimates","SDG indicator 10.4.1 - Labour income share as a percent of GDP (%)","2020",49.771,"Imputation"
"Belize","ILO - Modelled Estimates","SDG indicator 10.4.1 - Labour income share as a percent of GDP (%)","2019",48.002,"Imputation"
"Belize","ILO - Modelled Estimates","SDG indicator 10.4.1 - Labour income share as a percent of GDP (%)","2018",47.719,"Imputation"
"Belize","ILO - Modelled Estimates","SDG indicator 10.4.1 - Labour income share as a percent of GDP (%)","2017",48.113,"Imputation"
"Belize","ILO - Modelled Estimates","SDG indicator 10.4.1 - Labour income share as a percent of GDP (%)","2016",47.951,"Imputation"
"Belize","ILO - Modelled Estimates","SDG indicator 10.4.1 - Labour income share as a percent of GDP (%)","2015",47.601,"Imputation"
"Belize","ILO - Modelled Estimates","SDG indicator 10.4.1 - Labour income share as a percent of GDP (%)","2014",47.503,"Imputation"
"Belize","ILO - Modelled Estimates","SDG indicator 10.4.1 - Labour income share as a percent of GDP (%)","2013",47.632,"Imputation"
"Belize","ILO - Modelled Estimates","SDG indicator 10.4.1 - Labour income share as a percent of GDP (%)","2012",47.708,"Imputation"
"Belize","ILO - Modelled Estimates","SDG indicator 10.4.1 - Labour income share as a percent of GDP (%)","2011",48.139,"Imputation"
"Belize","ILO - Modelled Estimates","SDG indicator 10.4.1 - Labour income share as a percent of GDP (%)","2010",47.952,"Imputation"
"Belize","ILO - Modelled Estimates","SDG indicator 10.4.1 - Labour income share as a percent of GDP (%)","2009",48.133,"Imputation"
"Belize","ILO - Modelled Estimates","SDG indicator 10.4.1 - Labour income share as a percent of GDP (%)","2008",48.24,"Imputation"
"Belize","ILO - Modelled Estimates","SDG indicator 10.4.1 - Labour income share as a percent of GDP (%)","2007",47.671,"Imputation"
"Belize","ILO - Modelled Estimates","SDG indicator 10.4.1 - Labour income share as a percent of GDP (%)","2006",47.535,"Imputation"
"Belize","ILO - Modelled Estimates","SDG indicator 10.4.1 - Labour income share as a percent of GDP (%)","2005",47.82,"Imputation"
"Belize","ILO - Modelled Estimates","SDG indicator 10.4.1 - Labour income share as a percent of GDP (%)","2004",47.536,"Imputation"
"Bolivia (Plurinational State of)","ILO - Modelled Estimates","SDG indicator 10.4.1 - Labour income share as a percent of GDP (%)","2024",56.207,"Model-based extrapolation"
"Bolivia (Plurinational State of)","ILO - Modelled Estimates","SDG indicator 10.4.1 - Labour income share as a percent of GDP (%)","2023",55.977,"Model-based extrapolation"
"Bolivia (Plurinational State of)","ILO - Modelled Estimates","SDG indicator 10.4.1 - Labour income share as a percent of GDP (%)","2022",55.699,"Model-based extrapolation"
"Bolivia (Plurinational State of)","ILO - Modelled Estimates","SDG indicator 10.4.1 - Labour income share as a percent of GDP (%)","2021",55.396,"Model-based extrapolation"
"Bolivia (Plurinational State of)","ILO - Modelled Estimates","SDG indicator 10.4.1 - Labour income share as a percent of GDP (%)","2020",55.609,"Model-based extrapolation"
"Bolivia (Plurinational State of)","ILO - Modelled Estimates","SDG indicator 10.4.1 - Labour income share as a percent of GDP (%)","2019",55.101,"Model-based extrapolation"
"Bolivia (Plurinational State of)","ILO - Modelled Estimates","SDG indicator 10.4.1 - Labour income share as a percent of GDP (%)","2018",55,"Model-based extrapolation"
"Bolivia (Plurinational State of)","ILO - Modelled Estimates","SDG indicator 10.4.1 - Labour income share as a percent of GDP (%)","2017",54.833,"Model-based extrapolation"
"Bolivia (Plurinational State of)","ILO - Modelled Estimates","SDG indicator 10.4.1 - Labour income share as a percent of GDP (%)","2016",55.046,"Model-based extrapolation"
"Bolivia (Plurinational State of)","ILO - Modelled Estimates","SDG indicator 10.4.1 - Labour income share as a percent of GDP (%)","2015",52.728,
"Bolivia (Plurinational State of)","ILO - Modelled Estimates","SDG indicator 10.4.1 - Labour income share as a percent of GDP (%)","2014",49.965,
"Bolivia (Plurinational State of)","ILO - Modelled Estimates","SDG indicator 10.4.1 - Labour income share as a percent of GDP (%)","2013",44.763,
"Bolivia (Plurinational State of)","ILO - Modelled Estimates","SDG indicator 10.4.1 - Labour income share as a percent of GDP (%)","2012",43.376,
"Bolivia (Plurinational State of)","ILO - Modelled Estimates","SDG indicator 10.4.1 - Labour income share as a percent of GDP (%)","2011",44.95,
"Bolivia (Plurinational State of)","ILO - Modelled Estimates","SDG indicator 10.4.1 - Labour income share as a percent of GDP (%)","2010",45.087,
"Bolivia (Plurinational State of)","ILO - Modelled Estimates","SDG indicator 10.4.1 - Labour income share as a percent of GDP (%)","2009",46.809,
"Bolivia (Plurinational State of)","ILO - Modelled Estimates","SDG indicator 10.4.1 - Labour income share as a percent of GDP (%)","2008",44.311,
"Bolivia (Plurinational State of)","ILO - Modelled Estimates","SDG indicator 10.4.1 - Labour income share as a percent of GDP (%)","2007",47.518,
"Bolivia (Plurinational State of)","ILO - Modelled Estimates","SDG indicator 10.4.1 - Labour income share as a percent of GDP (%)","2006",49.764,
"Bolivia (Plurinational State of)","ILO - Modelled Estimates","SDG indicator 10.4.1 - Labour income share as a percent of GDP (%)","2005",56.766,
"Bolivia (Plurinational State of)","ILO - Modelled Estimates","SDG indicator 10.4.1 - Labour income share as a percent of GDP (%)","2004",58.842,
"Brazil","ILO - Modelled Estimates","SDG indicator 10.4.1 - Labour income share as a percent of GDP (%)","2024",59.73,"Model-based extrapolation"
"Brazil","ILO - Modelled Estimates","SDG indicator 10.4.1 - Labour income share as a percent of GDP (%)","2023",59.558,"Model-based extrapolation"
"Brazil","ILO - Modelled Estimates","SDG indicator 10.4.1 - Labour income share as a percent of GDP (%)","2022",59.551,"Model-based extrapolation"
"Brazil","ILO - Modelled Estimates","SDG indicator 10.4.1 - Labour income share as a percent of GDP (%)","2021",57.814,"Model-based extrapolation"
"Brazil","ILO - Modelled Estimates","SDG indicator 10.4.1 - Labour income share as a percent of GDP (%)","2020",58.319,
"Brazil","ILO - Modelled Estimates","SDG indicator 10.4.1 - Labour income share as a percent of GDP (%)","2019",60.502,
"Brazil","ILO - Modelled Estimates","SDG indicator 10.4.1 - Labour income share as a percent of GDP (%)","2018",60.518,
"Brazil","ILO - Modelled Estimates","SDG indicator 10.4.1 - Labour income share as a percent of GDP (%)","2017",61.053,
"Brazil","ILO - Modelled Estimates","SDG indicator 10.4.1 - Labour income share as a percent of GDP (%)","2016",61.269,
"Brazil","ILO - Modelled Estimates","SDG indicator 10.4.1 - Labour income share as a percent of GDP (%)","2015",61.416,
"Brazil","ILO - Modelled Estimates","SDG indicator 10.4.1 - Labour income share as a percent of GDP (%)","2014",59.603,
"Brazil","ILO - Modelled Estimates","SDG indicator 10.4.1 - Labour income share as a percent of GDP (%)","2013",58.956,
"Brazil","ILO - Modelled Estimates","SDG indicator 10.4.1 - Labour income share as a percent of GDP (%)","2012",57.797,
"Brazil","ILO - Modelled Estimates","SDG indicator 10.4.1 - Labour income share as a percent of GDP (%)","2011",58.335,
"Brazil","ILO - Modelled Estimates","SDG indicator 10.4.1 - Labour income share as a percent of GDP (%)","2010",57.918,
"Brazil","ILO - Modelled Estimates","SDG indicator 10.4.1 - Labour income share as a percent of GDP (%)","2009",59.301,
"Brazil","ILO - Modelled Estimates","SDG indicator 10.4.1 - Labour income share as a percent of GDP (%)","2008",57.518,
"Brazil","ILO - Modelled Estimates","SDG indicator 10.4.1 - Labour income share as a percent of GDP (%)","2007",56.826,
"Brazil","ILO - Modelled Estimates","SDG indicator 10.4.1 - Labour income share as a percent of GDP (%)","2006",58.186,
"Brazil","ILO - Modelled Estimates","SDG indicator 10.4.1 - Labour income share as a percent of GDP (%)","2005",56.927,
"Brazil","ILO - Modelled Estimates","SDG indicator 10.4.1 - Labour income share as a percent of GDP (%)","2004",56.108,
"Barbados","ILO - Modelled Estimates","SDG indicator 10.4.1 - Labour income share as a percent of GDP (%)","2024",56.815,"Imputation"
"Barbados","ILO - Modelled Estimates","SDG indicator 10.4.1 - Labour income share as a percent of GDP (%)","2023",56.723,"Imputation"
"Barbados","ILO - Modelled Estimates","SDG indicator 10.4.1 - Labour income share as a percent of GDP (%)","2022",55.409,"Imputation"
"Barbados","ILO - Modelled Estimates","SDG indicator 10.4.1 - Labour income share as a percent of GDP (%)","2021",57.661,"Imputation"
"Barbados","ILO - Modelled Estimates","SDG indicator 10.4.1 - Labour income share as a percent of GDP (%)","2020",59.738,"Imputation"
"Barbados","ILO - Modelled Estimates","SDG indicator 10.4.1 - Labour income share as a percent of GDP (%)","2019",57.149,"Imputation"
"Barbados","ILO - Modelled Estimates","SDG indicator 10.4.1 - Labour income share as a percent of GDP (%)","2018",57.294,"Imputation"
"Barbados","ILO - Modelled Estimates","SDG indicator 10.4.1 - Labour income share as a percent of GDP (%)","2017",57.078,"Imputation"
"Barbados","ILO - Modelled Estimates","SDG indicator 10.4.1 - Labour income share as a percent of GDP (%)","2016",56.766,"Imputation"
"Barbados","ILO - Modelled Estimates","SDG indicator 10.4.1 - Labour income share as a percent of GDP (%)","2015",56.743,"Imputation"
"Barbados","ILO - Modelled Estimates","SDG indicator 10.4.1 - Labour income share as a percent of GDP (%)","2014",57.079,"Imputation"
"Barbados","ILO - Modelled Estimates","SDG indicator 10.4.1 - Labour income share as a percent of GDP (%)","2013",57.263,"Imputation"
"Barbados","ILO - Modelled Estimates","SDG indicator 10.4.1 - Labour income share as a percent of GDP (%)","2012",57.123,"Imputation"
"Barbados","ILO - Modelled Estimates","SDG indicator 10.4.1 - Labour income share as a percent of GDP (%)","2011",57.174,"Imputation"
"Barbados","ILO - Modelled Estimates","SDG indicator 10.4.1 - Labour income share as a percent of GDP (%)","2010",57.372,"Imputation"
"Barbados","ILO - Modelled Estimates","SDG indicator 10.4.1 - Labour income share as a percent of GDP (%)","2009",57.733,"Imputation"
"Barbados","ILO - Modelled Estimates","SDG indicator 10.4.1 - Labour income share as a percent of GDP (%)","2008",56.964,"Imputation"
"Barbados","ILO - Modelled Estimates","SDG indicator 10.4.1 - Labour income share as a percent of GDP (%)","2007",56.769,"Imputation"
"Barbados","ILO - Modelled Estimates","SDG indicator 10.4.1 - Labour income share as a percent of GDP (%)","2006",56.232,"Imputation"
"Barbados","ILO - Modelled Estimates","SDG indicator 10.4.1 - Labour income share as a percent of GDP (%)","2005",56.511,"Imputation"
"Barbados","ILO - Modelled Estimates","SDG indicator 10.4.1 - Labour income share as a percent of GDP (%)","2004",56.847,"Imputation"
"Brunei Darussalam","ILO - Modelled Estimates","SDG indicator 10.4.1 - Labour income share as a percent of GDP (%)","2024",25.668,"Model-based extrapolation"
"Brunei Darussalam","ILO - Modelled Estimates","SDG indicator 10.4.1 - Labour income share as a percent of GDP (%)","2023",25.971,"Model-based extrapolation"
"Brunei Darussalam","ILO - Modelled Estimates","SDG indicator 10.4.1 - Labour income share as a percent of GDP (%)","2022",26.907,
"Brunei Darussalam","ILO - Modelled Estimates","SDG indicator 10.4.1 - Labour income share as a percent of GDP (%)","2021",31.769,
"Brunei Darussalam","ILO - Modelled Estimates","SDG indicator 10.4.1 - Labour income share as a percent of GDP (%)","2020",35.642,
"Brunei Darussalam","ILO - Modelled Estimates","SDG indicator 10.4.1 - Labour income share as a percent of GDP (%)","2019",31.73,
"Brunei Darussalam","ILO - Modelled Estimates","SDG indicator 10.4.1 - Labour income share as a percent of GDP (%)","2018",30.689,
"Brunei Darussalam","ILO - Modelled Estimates","SDG indicator 10.4.1 - Labour income share as a percent of GDP (%)","2017",32.311,
"Brunei Darussalam","ILO - Modelled Estimates","SDG indicator 10.4.1 - Labour income share as a percent of GDP (%)","2016",34.499,
"Brunei Darussalam","ILO - Modelled Estimates","SDG indicator 10.4.1 - Labour income share as a percent of GDP (%)","2015",30.611,
"Brunei Darussalam","ILO - Modelled Estimates","SDG indicator 10.4.1 - Labour income share as a percent of GDP (%)","2014",25.597,
"Brunei Darussalam","ILO - Modelled Estimates","SDG indicator 10.4.1 - Labour income share as a percent of GDP (%)","2013",23.461,
"Brunei Darussalam","ILO - Modelled Estimates","SDG indicator 10.4.1 - Labour income share as a percent of GDP (%)","2012",22.133,
"Brunei Darussalam","ILO - Modelled Estimates","SDG indicator 10.4.1 - Labour income share as a percent of GDP (%)","2011",21.356,
"Brunei Darussalam","ILO - Modelled Estimates","SDG indicator 10.4.1 - Labour income share as a percent of GDP (%)","2010",26.489,
"Brunei Darussalam","ILO - Modelled Estimates","SDG indicator 10.4.1 - Labour income share as a percent of GDP (%)","2009",28.339,"Model-based extrapolation"
"Brunei Darussalam","ILO - Modelled Estimates","SDG indicator 10.4.1 - Labour income share as a percent of GDP (%)","2008",28.386,"Model-based extrapolation"
"Brunei Darussalam","ILO - Modelled Estimates","SDG indicator 10.4.1 - Labour income share as a percent of GDP (%)","2007",27.471,"Model-based extrapolation"
"Brunei Darussalam","ILO - Modelled Estimates","SDG indicator 10.4.1 - Labour income share as a percent of GDP (%)","2006",25.635,"Model-based extrapolation"
"Brunei Darussalam","ILO - Modelled Estimates","SDG indicator 10.4.1 - Labour income share as a percent of GDP (%)","2005",27.341,"Model-based extrapolation"
"Brunei Darussalam","ILO - Modelled Estimates","SDG indicator 10.4.1 - Labour income share as a percent of GDP (%)","2004",27.279,"Model-based extrapolation"
"Bhutan","ILO - Modelled Estimates","SDG indicator 10.4.1 - Labour income share as a percent of GDP (%)","2024",44.834,"Model-based extrapolation"
"Bhutan","ILO - Modelled Estimates","SDG indicator 10.4.1 - Labour income share as a percent of GDP (%)","2023",44.781,"Model-based extrapolation"
"Bhutan","ILO - Modelled Estimates","SDG indicator 10.4.1 - Labour income share as a percent of GDP (%)","2022",44.757,"Model-based extrapolation"
"Bhutan","ILO - Modelled Estimates","SDG indicator 10.4.1 - Labour income share as a percent of GDP (%)","2021",45.549,"Model-based extrapolation"
"Bhutan","ILO - Modelled Estimates","SDG indicator 10.4.1 - Labour income share as a percent of GDP (%)","2020",45.768,
"Bhutan","ILO - Modelled Estimates","SDG indicator 10.4.1 - Labour income share as a percent of GDP (%)","2019",44.978,
"Bhutan","ILO - Modelled Estimates","SDG indicator 10.4.1 - Labour income share as a percent of GDP (%)","2018",46.224,
"Bhutan","ILO - Modelled Estimates","SDG indicator 10.4.1 - Labour income share as a percent of GDP (%)","2017",46.078,
"Bhutan","ILO - Modelled Estimates","SDG indicator 10.4.1 - Labour income share as a percent of GDP (%)","2016",45.597,
"Bhutan","ILO - Modelled Estimates","SDG indicator 10.4.1 - Labour income share as a percent of GDP (%)","2015",45.845,
"Bhutan","ILO - Modelled Estimates","SDG indicator 10.4.1 - Labour income share as a percent of GDP (%)","2014",45.819,
"Bhutan","ILO - Modelled Estimates","SDG indicator 10.4.1 - Labour income share as a percent of GDP (%)","2013",46.36,
"Bhutan","ILO - Modelled Estimates","SDG indicator 10.4.1 - Labour income share as a percent of GDP (%)","2012",45.914,
"Bhutan","ILO - Modelled Estimates","SDG indicator 10.4.1 - Labour income share as a percent of GDP (%)","2011",45.516,
"Bhutan","ILO - Modelled Estimates","SDG indicator 10.4.1 - Labour income share as a percent of GDP (%)","2010",44.777,
"Bhutan","ILO - Modelled Estimates","SDG indicator 10.4.1 - Labour income share as a percent of GDP (%)","2009",45.602,
"Bhutan","ILO - Modelled Estimates","SDG indicator 10.4.1 - Labour income share as a percent of GDP (%)","2008",45.932,
"Bhutan","ILO - Modelled Estimates","SDG indicator 10.4.1 - Labour income share as a percent of GDP (%)","2007",43.945,
"Bhutan","ILO - Modelled Estimates","SDG indicator 10.4.1 - Labour income share as a percent of GDP (%)","2006",45.706,
"Bhutan","ILO - Modelled Estimates","SDG indicator 10.4.1 - Labour income share as a percent of GDP (%)","2005",45.714,
"Bhutan","ILO - Modelled Estimates","SDG indicator 10.4.1 - Labour income share as a percent of GDP (%)","2004",45.953,
"Botswana","ILO - Modelled Estimates","SDG indicator 10.4.1 - Labour income share as a percent of GDP (%)","2024",41.251,"Model-based extrapolation"
"Botswana","ILO - Modelled Estimates","SDG indicator 10.4.1 - Labour income share as a percent of GDP (%)","2023",41.292,"Model-based extrapolation"
"Botswana","ILO - Modelled Estimates","SDG indicator 10.4.1 - Labour income share as a percent of GDP (%)","2022",40.991,"Model-based extrapolation"
"Botswana","ILO - Modelled Estimates","SDG indicator 10.4.1 - Labour income share as a percent of GDP (%)","2021",41.5,
"Botswana","ILO - Modelled Estimates","SDG indicator 10.4.1 - Labour income share as a percent of GDP (%)","2020",46.078,
"Botswana","ILO - Modelled Estimates","SDG indicator 10.4.1 - Labour income share as a percent of GDP (%)","2019",41.538,
"Botswana","ILO - Modelled Estimates","SDG indicator 10.4.1 - Labour income share as a percent of GDP (%)","2018",39.059,
"Botswana","ILO - Modelled Estimates","SDG indicator 10.4.1 - Labour income share as a percent of GDP (%)","2017",38.138,
"Botswana","ILO - Modelled Estimates","SDG indicator 10.4.1 - Labour income share as a percent of GDP (%)","2016",36.606,
"Botswana","ILO - Modelled Estimates","SDG indicator 10.4.1 - Labour income share as a percent of GDP (%)","2015",40.897,
"Botswana","ILO - Modelled Estimates","SDG indicator 10.4.1 - Labour income share as a percent of GDP (%)","2014",37.682,
"Botswana","ILO - Modelled Estimates","SDG indicator 10.4.1 - Labour income share as a percent of GDP (%)","2013",40.594,
"Botswana","ILO - Modelled Estimates","SDG indicator 10.4.1 - Labour income share as a percent of GDP (%)","2012",41.51,
"Botswana","ILO - Modelled Estimates","SDG indicator 10.4.1 - Labour income share as a percent of GDP (%)","2011",36.245,
"Botswana","ILO - Modelled Estimates","SDG indicator 10.4.1 - Labour income share as a percent of GDP (%)","2010",37.48,
"Botswana","ILO - Modelled Estimates","SDG indicator 10.4.1 - Labour income share as a percent of GDP (%)","2009",31.073,
"Botswana","ILO - Modelled Estimates","SDG indicator 10.4.1 - Labour income share as a percent of GDP (%)","2008",27.658,
"Botswana","ILO - Modelled Estimates","SDG indicator 10.4.1 - Labour income share as a percent of GDP (%)","2007",27.136,
"Botswana","ILO - Modelled Estimates","SDG indicator 10.4.1 - Labour income share as a percent of GDP (%)","2006",28.143,
"Botswana","ILO - Modelled Estimates","SDG indicator 10.4.1 - Labour income share as a percent of GDP (%)","2005",29.384,
"Botswana","ILO - Modelled Estimates","SDG indicator 10.4.1 - Labour income share as a percent of GDP (%)","2004",32.829,
"Central African Republic","ILO - Modelled Estimates","SDG indicator 10.4.1 - Labour income share as a percent of GDP (%)","2024",34.536,"Imputation"
"Central African Republic","ILO - Modelled Estimates","SDG indicator 10.4.1 - Labour income share as a percent of GDP (%)","2023",34.578,"Imputation"
"Central African Republic","ILO - Modelled Estimates","SDG indicator 10.4.1 - Labour income share as a percent of GDP (%)","2022",34.599,"Imputation"
"Central African Republic","ILO - Modelled Estimates","SDG indicator 10.4.1 - Labour income share as a percent of GDP (%)","2021",34.96,"Imputation"
"Central African Republic","ILO - Modelled Estimates","SDG indicator 10.4.1 - Labour income share as a percent of GDP (%)","2020",33.937,"Imputation"
"Central African Republic","ILO - Modelled Estimates","SDG indicator 10.4.1 - Labour income share as a percent of GDP (%)","2019",34.611,"Imputation"
"Central African Republic","ILO - Modelled Estimates","SDG indicator 10.4.1 - Labour income share as a percent of GDP (%)","2018",34.653,"Imputation"
"Central African Republic","ILO - Modelled Estimates","SDG indicator 10.4.1 - Labour income share as a percent of GDP (%)","2017",34.616,"Imputation"
"Central African Republic","ILO - Modelled Estimates","SDG indicator 10.4.1 - Labour income share as a percent of GDP (%)","2016",34.6,"Imputation"
"Central African Republic","ILO - Modelled Estimates","SDG indicator 10.4.1 - Labour income share as a percent of GDP (%)","2015",34.567,"Imputation"
"Central African Republic","ILO - Modelled Estimates","SDG indicator 10.4.1 - Labour income share as a percent of GDP (%)","2014",34.831,"Imputation"
"Central African Republic","ILO - Modelled Estimates","SDG indicator 10.4.1 - Labour income share as a percent of GDP (%)","2013",38.288,"Imputation"
"Central African Republic","ILO - Modelled Estimates","SDG indicator 10.4.1 - Labour income share as a percent of GDP (%)","2012",33.379,"Imputation"
"Central African Republic","ILO - Modelled Estimates","SDG indicator 10.4.1 - Labour income share as a percent of GDP (%)","2011",33.732,"Imputation"
"Central African Republic","ILO - Modelled Estimates","SDG indicator 10.4.1 - Labour income share as a percent of GDP (%)","2010",33.898,"Imputation"
"Central African Republic","ILO - Modelled Estimates","SDG indicator 10.4.1 - Labour income share as a percent of GDP (%)","2009",33.619,"Imputation"
"Central African Republic","ILO - Modelled Estimates","SDG indicator 10.4.1 - Labour income share as a percent of GDP (%)","2008",34.415,"Imputation"
"Central African Republic","ILO - Modelled Estimates","SDG indicator 10.4.1 - Labour income share as a percent of GDP (%)","2007",34.202,"Imputation"
"Central African Republic","ILO - Modelled Estimates","SDG indicator 10.4.1 - Labour income share as a percent of GDP (%)","2006",34.265,"Imputation"
"Central African Republic","ILO - Modelled Estimates","SDG indicator 10.4.1 - Labour income share as a percent of GDP (%)","2005",34.711,"Imputation"
"Central African Republic","ILO - Modelled Estimates","SDG indicator 10.4.1 - Labour income share as a percent of GDP (%)","2004",34.173,"Imputation"
"Canada","ILO - Modelled Estimates","SDG indicator 10.4.1 - Labour income share as a percent of GDP (%)","2024",60.127,"Model-based extrapolation"
"Canada","ILO - Modelled Estimates","SDG indicator 10.4.1 - Labour income share as a percent of GDP (%)","2023",60.152,"Model-based extrapolation"
"Canada","ILO - Modelled Estimates","SDG indicator 10.4.1 - Labour income share as a percent of GDP (%)","2022",58.276,
"Canada","ILO - Modelled Estimates","SDG indicator 10.4.1 - Labour income share as a percent of GDP (%)","2021",59.505,
"Canada","ILO - Modelled Estimates","SDG indicator 10.4.1 - Labour income share as a percent of GDP (%)","2020",62.155,
"Canada","ILO - Modelled Estimates","SDG indicator 10.4.1 - Labour income share as a percent of GDP (%)","2019",60.908,
"Canada","ILO - Modelled Estimates","SDG indicator 10.4.1 - Labour income share as a percent of GDP (%)","2018",60.707,
"Canada","ILO - Modelled Estimates","SDG indicator 10.4.1 - Labour income share as a percent of GDP (%)","2017",60.31,
"Canada","ILO - Modelled Estimates","SDG indicator 10.4.1 - Labour income share as a percent of GDP (%)","2016",61.227,
"Canada","ILO - Modelled Estimates","SDG indicator 10.4.1 - Labour income share as a percent of GDP (%)","2015",62.398,
"Canada","ILO - Modelled Estimates","SDG indicator 10.4.1 - Labour income share as a percent of GDP (%)","2014",60.327,
"Canada","ILO - Modelled Estimates","SDG indicator 10.4.1 - Labour income share as a percent of GDP (%)","2013",61.258,
"Canada","ILO - Modelled Estimates","SDG indicator 10.4.1 - Labour income share as a percent of GDP (%)","2012",61.196,
"Canada","ILO - Modelled Estimates","SDG indicator 10.4.1 - Labour income share as a percent of GDP (%)","2011",60.225,
"Canada","ILO - Modelled Estimates","SDG indicator 10.4.1 - Labour income share as a percent of GDP (%)","2010",61.3,
"Canada","ILO - Modelled Estimates","SDG indicator 10.4.1 - Labour income share as a percent of GDP (%)","2009",63.376,
"Canada","ILO - Modelled Estimates","SDG indicator 10.4.1 - Labour income share as a percent of GDP (%)","2008",60.42,
"Canada","ILO - Modelled Estimates","SDG indicator 10.4.1 - Labour income share as a percent of GDP (%)","2007",60.799,
"Canada","ILO - Modelled Estimates","SDG indicator 10.4.1 - Labour income share as a percent of GDP (%)","2006",59.977,
"Canada","ILO - Modelled Estimates","SDG indicator 10.4.1 - Labour income share as a percent of GDP (%)","2005",59.567,
"Canada","ILO - Modelled Estimates","SDG indicator 10.4.1 - Labour income share as a percent of GDP (%)","2004",60.092,
"Channel Islands","ILO - Modelled Estimates","SDG indicator 10.4.1 - Labour income share as a percent of GDP (%)","2024",55.919,"Imputation"
"Channel Islands","ILO - Modelled Estimates","SDG indicator 10.4.1 - Labour income share as a percent of GDP (%)","2023",55.978,"Imputation"
"Channel Islands","ILO - Modelled Estimates","SDG indicator 10.4.1 - Labour income share as a percent of GDP (%)","2022",55.189,"Imputation"
"Channel Islands","ILO - Modelled Estimates","SDG indicator 10.4.1 - Labour income share as a percent of GDP (%)","2021",56.378,"Imputation"
"Channel Islands","ILO - Modelled Estimates","SDG indicator 10.4.1 - Labour income share as a percent of GDP (%)","2020",58.814,"Imputation"
"Channel Islands","ILO - Modelled Estimates","SDG indicator 10.4.1 - Labour income share as a percent of GDP (%)","2019",55.771,"Imputation"
"Channel Islands","ILO - Modelled Estimates","SDG indicator 10.4.1 - Labour income share as a percent of GDP (%)","2018",55.825,"Imputation"
"Channel Islands","ILO - Modelled Estimates","SDG indicator 10.4.1 - Labour income share as a percent of GDP (%)","2017",55.659,"Imputation"
"Channel Islands","ILO - Modelled Estimates","SDG indicator 10.4.1 - Labour income share as a percent of GDP (%)","2016",55.67,"Imputation"
"Channel Islands","ILO - Modelled Estimates","SDG indicator 10.4.1 - Labour income share as a percent of GDP (%)","2015",55.618,"Imputation"
"Channel Islands","ILO - Modelled Estimates","SDG indicator 10.4.1 - Labour income share as a percent of GDP (%)","2014",55.439,"Imputation"
"Channel Islands","ILO - Modelled Estimates","SDG indicator 10.4.1 - Labour income share as a percent of GDP (%)","2013",55.699,"Imputation"
"Channel Islands","ILO - Modelled Estimates","SDG indicator 10.4.1 - Labour income share as a percent of GDP (%)","2012",55.75,"Imputation"
"Channel Islands","ILO - Modelled Estimates","SDG indicator 10.4.1 - Labour income share as a percent of GDP (%)","2011",55.816,"Imputation"
"Channel Islands","ILO - Modelled Estimates","SDG indicator 10.4.1 - Labour income share as a percent of GDP (%)","2010",55.612,"Imputation"
"Channel Islands","ILO - Modelled Estimates","SDG indicator 10.4.1 - Labour income share as a percent of GDP (%)","2009",56.877,"Imputation"
"Channel Islands","ILO - Modelled Estimates","SDG indicator 10.4.1 - Labour income share as a percent of GDP (%)","2008",56.062,"Imputation"
"Channel Islands","ILO - Modelled Estimates","SDG indicator 10.4.1 - Labour income share as a percent of GDP (%)","2007",55.537,"Imputation"
"Channel Islands","ILO - Modelled Estimates","SDG indicator 10.4.1 - Labour income share as a percent of GDP (%)","2006",55.582,"Imputation"
"Channel Islands","ILO - Modelled Estimates","SDG indicator 10.4.1 - Labour income share as a percent of GDP (%)","2005",55.518,"Imputation"
"Channel Islands","ILO - Modelled Estimates","SDG indicator 10.4.1 - Labour income share as a percent of GDP (%)","2004",55.577,"Imputation"
"Switzerland","ILO - Modelled Estimates","SDG indicator 10.4.1 - Labour income share as a percent of GDP (%)","2024",70.646,"Model-based extrapolation"
"Switzerland","ILO - Modelled Estimates","SDG indicator 10.4.1 - Labour income share as a percent of GDP (%)","2023",70.411,"Model-based extrapolation"
"Switzerland","ILO - Modelled Estimates","SDG indicator 10.4.1 - Labour income share as a percent of GDP (%)","2022",70.396,
"Switzerland","ILO - Modelled Estimates","SDG indicator 10.4.1 - Labour income share as a percent of GDP (%)","2021",70.507,
"Switzerland","ILO - Modelled Estimates","SDG indicator 10.4.1 - Labour income share as a percent of GDP (%)","2020",69.133,
"Switzerland","ILO - Modelled Estimates","SDG indicator 10.4.1 - Labour income share as a percent of GDP (%)","2019",68.02,
"Switzerland","ILO - Modelled Estimates","SDG indicator 10.4.1 - Labour income share as a percent of GDP (%)","2018",67.735,
"Switzerland","ILO - Modelled Estimates","SDG indicator 10.4.1 - Labour income share as a percent of GDP (%)","2017",68.91,
"Switzerland","ILO - Modelled Estimates","SDG indicator 10.4.1 - Labour income share as a percent of GDP (%)","2016",68.224,
"Switzerland","ILO - Modelled Estimates","SDG indicator 10.4.1 - Labour income share as a percent of GDP (%)","2015",68.809,
"Switzerland","ILO - Modelled Estimates","SDG indicator 10.4.1 - Labour income share as a percent of GDP (%)","2014",68.274,
"Switzerland","ILO - Modelled Estimates","SDG indicator 10.4.1 - Labour income share as a percent of GDP (%)","2013",68.683,
"Switzerland","ILO - Modelled Estimates","SDG indicator 10.4.1 - Labour income share as a percent of GDP (%)","2012",67.488,
"Switzerland","ILO - Modelled Estimates","SDG indicator 10.4.1 - Labour income share as a percent of GDP (%)","2011",66.592,
"Switzerland","ILO - Modelled Estimates","SDG indicator 10.4.1 - Labour income share as a percent of GDP (%)","2010",66.269,
"Switzerland","ILO - Modelled Estimates","SDG indicator 10.4.1 - Labour income share as a percent of GDP (%)","2009",68.288,
"Switzerland","ILO - Modelled Estimates","SDG indicator 10.4.1 - Labour income share as a percent of GDP (%)","2008",66.443,
"Switzerland","ILO - Modelled Estimates","SDG indicator 10.4.1 - Labour income share as a percent of GDP (%)","2007",66.325,
"Switzerland","ILO - Modelled Estimates","SDG indicator 10.4.1 - Labour income share as a percent of GDP (%)","2006",66.893,
"Switzerland","ILO - Modelled Estimates","SDG indicator 10.4.1 - Labour income share as a percent of GDP (%)","2005",68.663,
"Switzerland","ILO - Modelled Estimates","SDG indicator 10.4.1 - Labour income share as a percent of GDP (%)","2004",69.287,
"Chile","ILO - Modelled Estimates","SDG indicator 10.4.1 - Labour income share as a percent of GDP (%)","2024",52.621,"Model-based extrapolation"
"Chile","ILO - Modelled Estimates","SDG indicator 10.4.1 - Labour income share as a percent of GDP (%)","2023",52.973,"Model-based extrapolation"
"Chile","ILO - Modelled Estimates","SDG indicator 10.4.1 - Labour income share as a percent of GDP (%)","2022",52.6,"Model-based extrapolation"
"Chile","ILO - Modelled Estimates","SDG indicator 10.4.1 - Labour income share as a percent of GDP (%)","2021",49.538,
"Chile","ILO - Modelled Estimates","SDG indicator 10.4.1 - Labour income share as a percent of GDP (%)","2020",52.115,
"Chile","ILO - Modelled Estimates","SDG indicator 10.4.1 - Labour income share as a percent of GDP (%)","2019",56.235,
"Chile","ILO - Modelled Estimates","SDG indicator 10.4.1 - Labour income share as a percent of GDP (%)","2018",55.962,
"Chile","ILO - Modelled Estimates","SDG indicator 10.4.1 - Labour income share as a percent of GDP (%)","2017",53.044,
"Chile","ILO - Modelled Estimates","SDG indicator 10.4.1 - Labour income share as a percent of GDP (%)","2016",53.114,
"Chile","ILO - Modelled Estimates","SDG indicator 10.4.1 - Labour income share as a percent of GDP (%)","2015",52.19,
"Chile","ILO - Modelled Estimates","SDG indicator 10.4.1 - Labour income share as a percent of GDP (%)","2014",51.868,
"Chile","ILO - Modelled Estimates","SDG indicator 10.4.1 - Labour income share as a percent of GDP (%)","2013",51.058,
"Chile","ILO - Modelled Estimates","SDG indicator 10.4.1 - Labour income share as a percent of GDP (%)","2012",50.713,
"Chile","ILO - Modelled Estimates","SDG indicator 10.4.1 - Labour income share as a percent of GDP (%)","2011",49.951,
"Chile","ILO - Modelled Estimates","SDG indicator 10.4.1 - Labour income share as a percent of GDP (%)","2010",49.101,
"Chile","ILO - Modelled Estimates","SDG indicator 10.4.1 - Labour income share as a percent of GDP (%)","2009",51.025,
"Chile","ILO - Modelled Estimates","SDG indicator 10.4.1 - Labour income share as a percent of GDP (%)","2008",50.575,
"Chile","ILO - Modelled Estimates","SDG indicator 10.4.1 - Labour income share as a percent of GDP (%)","2007",45.973,
"Chile","ILO - Modelled Estimates","SDG indicator 10.4.1 - Labour income share as a percent of GDP (%)","2006",46.443,
"Chile","ILO - Modelled Estimates","SDG indicator 10.4.1 - Labour income share as a percent of GDP (%)","2005",51.907,
"Chile","ILO - Modelled Estimates","SDG indicator 10.4.1 - Labour income share as a percent of GDP (%)","2004",53.953,
"China","ILO - Modelled Estimates","SDG indicator 10.4.1 - Labour income share as a percent of GDP (%)","2024",51.413,"Imputation"
"China","ILO - Modelled Estimates","SDG indicator 10.4.1 - Labour income share as a percent of GDP (%)","2023",51.277,"Imputation"
"China","ILO - Modelled Estimates","SDG indicator 10.4.1 - Labour income share as a percent of GDP (%)","2022",51.793,"Imputation"
"China","ILO - Modelled Estimates","SDG indicator 10.4.1 - Labour income share as a percent of GDP (%)","2021",51.694,"Imputation"
"China","ILO - Modelled Estimates","SDG indicator 10.4.1 - Labour income share as a percent of GDP (%)","2020",51.977,"Imputation"
"China","ILO - Modelled Estimates","SDG indicator 10.4.1 - Labour income share as a percent of GDP (%)","2019",51.419,"Imputation"
"China","ILO - Modelled Estimates","SDG indicator 10.4.1 - Labour income share as a percent of GDP (%)","2018",51.241,"Imputation"
"China","ILO - Modelled Estimates","SDG indicator 10.4.1 - Labour income share as a percent of GDP (%)","2017",51.345,"Imputation"
"China","ILO - Modelled Estimates","SDG indicator 10.4.1 - Labour income share as a percent of GDP (%)","2016",51.515,"Imputation"
"China","ILO - Modelled Estimates","SDG indicator 10.4.1 - Labour income share as a percent of GDP (%)","2015",51.613,"Imputation"
"China","ILO - Modelled Estimates","SDG indicator 10.4.1 - Labour income share as a percent of GDP (%)","2014",51.666,"Imputation"
"China","ILO - Modelled Estimates","SDG indicator 10.4.1 - Labour income share as a percent of GDP (%)","2013",51.731,"Imputation"
"China","ILO - Modelled Estimates","SDG indicator 10.4.1 - Labour income share as a percent of GDP (%)","2012",51.734,"Imputation"
"China","ILO - Modelled Estimates","SDG indicator 10.4.1 - Labour income share as a percent of GDP (%)","2011",51.348,"Imputation"
"China","ILO - Modelled Estimates","SDG indicator 10.4.1 - Labour income share as a percent of GDP (%)","2010",51.112,"Imputation"
"China","ILO - Modelled Estimates","SDG indicator 10.4.1 - Labour income share as a percent of GDP (%)","2009",51.45,"Imputation"
"China","ILO - Modelled Estimates","SDG indicator 10.4.1 - Labour income share as a percent of GDP (%)","2008",51.423,"Imputation"
"China","ILO - Modelled Estimates","SDG indicator 10.4.1 - Labour income share as a percent of GDP (%)","2007",50.331,"Imputation"
"China","ILO - Modelled Estimates","SDG indicator 10.4.1 - Labour income share as a percent of GDP (%)","2006",50.741,"Imputation"
"China","ILO - Modelled Estimates","SDG indicator 10.4.1 - Labour income share as a percent of GDP (%)","2005",51.104,"Imputation"
"China","ILO - Modelled Estimates","SDG indicator 10.4.1 - Labour income share as a percent of GDP (%)","2004",51.455,"Imputation"
"Côte d'Ivoire","ILO - Modelled Estimates","SDG indicator 10.4.1 - Labour income share as a percent of GDP (%)","2024",30.682,"Model-based extrapolation"
"Côte d'Ivoire","ILO - Modelled Estimates","SDG indicator 10.4.1 - Labour income share as a percent of GDP (%)","2023",30.74,"Model-based extrapolation"
"Côte d'Ivoire","ILO - Modelled Estimates","SDG indicator 10.4.1 - Labour income share as a percent of GDP (%)","2022",30.614,"Model-based extrapolation"
"Côte d'Ivoire","ILO - Modelled Estimates","SDG indicator 10.4.1 - Labour income share as a percent of GDP (%)","2021",31.185,"Model-based extrapolation"
"Côte d'Ivoire","ILO - Modelled Estimates","SDG indicator 10.4.1 - Labour income share as a percent of GDP (%)","2020",31.089,"Model-based extrapolation"
"Côte d'Ivoire","ILO - Modelled Estimates","SDG indicator 10.4.1 - Labour income share as a percent of GDP (%)","2019",30.89,"Model-based extrapolation"
"Côte d'Ivoire","ILO - Modelled Estimates","SDG indicator 10.4.1 - Labour income share as a percent of GDP (%)","2018",31.155,"Model-based extrapolation"
"Côte d'Ivoire","ILO - Modelled Estimates","SDG indicator 10.4.1 - Labour income share as a percent of GDP (%)","2017",30.327,"Model-based extrapolation"
"Côte d'Ivoire","ILO - Modelled Estimates","SDG indicator 10.4.1 - Labour income share as a percent of GDP (%)","2016",30.323,"Model-based extrapolation"
"Côte d'Ivoire","ILO - Modelled Estimates","SDG indicator 10.4.1 - Labour income share as a percent of GDP (%)","2015",30.465,"Model-based extrapolation"
"Côte d'Ivoire","ILO - Modelled Estimates","SDG indicator 10.4.1 - Labour income share as a percent of GDP (%)","2014",30.041,"Model-based extrapolation"
"Côte d'Ivoire","ILO - Modelled Estimates","SDG indicator 10.4.1 - Labour income share as a percent of GDP (%)","2013",29.865,
"Côte d'Ivoire","ILO - Modelled Estimates","SDG indicator 10.4.1 - Labour income share as a percent of GDP (%)","2012",29.898,
"Côte d'Ivoire","ILO - Modelled Estimates","SDG indicator 10.4.1 - Labour income share as a percent of GDP (%)","2011",29.306,
"Côte d'Ivoire","ILO - Modelled Estimates","SDG indicator 10.4.1 - Labour income share as a percent of GDP (%)","2010",32.133,
"Côte d'Ivoire","ILO - Modelled Estimates","SDG indicator 10.4.1 - Labour income share as a percent of GDP (%)","2009",32.181,
"Côte d'Ivoire","ILO - Modelled Estimates","SDG indicator 10.4.1 - Labour income share as a percent of GDP (%)","2008",31.745,
"Côte d'Ivoire","ILO - Modelled Estimates","SDG indicator 10.4.1 - Labour income share as a percent of GDP (%)","2007",34.347,
"Côte d'Ivoire","ILO - Modelled Estimates","SDG indicator 10.4.1 - Labour income share as a percent of GDP (%)","2006",34.152,
"Côte d'Ivoire","ILO - Modelled Estimates","SDG indicator 10.4.1 - Labour income share as a percent of GDP (%)","2005",34.373,
"Côte d'Ivoire","ILO - Modelled Estimates","SDG indicator 10.4.1 - Labour income share as a percent of GDP (%)","2004",33.865,"Model-based extrapolation"
"Cameroon","ILO - Modelled Estimates","SDG indicator 10.4.1 - Labour income share as a percent of GDP (%)","2024",45.422,"Model-based extrapolation"
"Cameroon","ILO - Modelled Estimates","SDG indicator 10.4.1 - Labour income share as a percent of GDP (%)","2023",45.546,"Model-based extrapolation"
"Cameroon","ILO - Modelled Estimates","SDG indicator 10.4.1 - Labour income share as a percent of GDP (%)","2022",45.709,"Model-based extrapolation"
"Cameroon","ILO - Modelled Estimates","SDG indicator 10.4.1 - Labour income share as a percent of GDP (%)","2021",45.916,"Model-based extrapolation"
"Cameroon","ILO - Modelled Estimates","SDG indicator 10.4.1 - Labour income share as a percent of GDP (%)","2020",45.592,
"Cameroon","ILO - Modelled Estimates","SDG indicator 10.4.1 - Labour income share as a percent of GDP (%)","2019",45.906,
"Cameroon","ILO - Modelled Estimates","SDG indicator 10.4.1 - Labour income share as a percent of GDP (%)","2018",46.243,
"Cameroon","ILO - Modelled Estimates","SDG indicator 10.4.1 - Labour income share as a percent of GDP (%)","2017",47.903,
"Cameroon","ILO - Modelled Estimates","SDG indicator 10.4.1 - Labour income share as a percent of GDP (%)","2016",48.771,
"Cameroon","ILO - Modelled Estimates","SDG indicator 10.4.1 - Labour income share as a percent of GDP (%)","2015",48.939,
"Cameroon","ILO - Modelled Estimates","SDG indicator 10.4.1 - Labour income share as a percent of GDP (%)","2014",51.783,
"Cameroon","ILO - Modelled Estimates","SDG indicator 10.4.1 - Labour income share as a percent of GDP (%)","2013",52.2,
"Cameroon","ILO - Modelled Estimates","SDG indicator 10.4.1 - Labour income share as a percent of GDP (%)","2012",52.071,
"Cameroon","ILO - Modelled Estimates","SDG indicator 10.4.1 - Labour income share as a percent of GDP (%)","2011",53.787,
"Cameroon","ILO - Modelled Estimates","SDG indicator 10.4.1 - Labour income share as a percent of GDP (%)","2010",54.096,
"Cameroon","ILO - Modelled Estimates","SDG indicator 10.4.1 - Labour income share as a percent of GDP (%)","2009",53.14,
"Cameroon","ILO - Modelled Estimates","SDG indicator 10.4.1 - Labour income share as a percent of GDP (%)","2008",54.972,
"Cameroon","ILO - Modelled Estimates","SDG indicator 10.4.1 - Labour income share as a percent of GDP (%)","2007",55.947,
"Cameroon","ILO - Modelled Estimates","SDG indicator 10.4.1 - Labour income share as a percent of GDP (%)","2006",55.432,
"Cameroon","ILO - Modelled Estimates","SDG indicator 10.4.1 - Labour income share as a percent of GDP (%)","2005",55.765,
"Cameroon","ILO - Modelled Estimates","SDG indicator 10.4.1 - Labour income share as a percent of GDP (%)","2004",53.264,
"Congo, Democratic Republic of the","ILO - Modelled Estimates","SDG indicator 10.4.1 - Labour income share as a percent of GDP (%)","2024",38.982,"Imputation"
"Congo, Democratic Republic of the","ILO - Modelled Estimates","SDG indicator 10.4.1 - Labour income share as a percent of GDP (%)","2023",38.485,"Imputation"
"Congo, Democratic Republic of the","ILO - Modelled Estimates","SDG indicator 10.4.1 - Labour income share as a percent of GDP (%)","2022",37.575,"Imputation"
"Congo, Democratic Republic of the","ILO - Modelled Estimates","SDG indicator 10.4.1 - Labour income share as a percent of GDP (%)","2021",38.589,"Imputation"
"Congo, Democratic Republic of the","ILO - Modelled Estimates","SDG indicator 10.4.1 - Labour income share as a percent of GDP (%)","2020",37.973,"Imputation"
"Congo, Democratic Republic of the","ILO - Modelled Estimates","SDG indicator 10.4.1 - Labour income share as a percent of GDP (%)","2019",38.768,"Imputation"
"Congo, Democratic Republic of the","ILO - Modelled Estimates","SDG indicator 10.4.1 - Labour income share as a percent of GDP (%)","2018",38.196,"Imputation"
"Congo, Democratic Republic of the","ILO - Modelled Estimates","SDG indicator 10.4.1 - Labour income share as a percent of GDP (%)","2017",38.791,"Imputation"
"Congo, Democratic Republic of the","ILO - Modelled Estimates","SDG indicator 10.4.1 - Labour income share as a percent of GDP (%)","2016",39.134,"Imputation"
"Congo, Democratic Republic of the","ILO - Modelled Estimates","SDG indicator 10.4.1 - Labour income share as a percent of GDP (%)","2015",37.588,"Imputation"
"Congo, Democratic Republic of the","ILO - Modelled Estimates","SDG indicator 10.4.1 - Labour income share as a percent of GDP (%)","2014",36.703,"Imputation"
"Congo, Democratic Republic of the","ILO - Modelled Estimates","SDG indicator 10.4.1 - Labour income share as a percent of GDP (%)","2013",36.97,"Imputation"
"Congo, Democratic Republic of the","ILO - Modelled Estimates","SDG indicator 10.4.1 - Labour income share as a percent of GDP (%)","2012",37.359,"Imputation"
"Congo, Democratic Republic of the","ILO - Modelled Estimates","SDG indicator 10.4.1 - Labour income share as a percent of GDP (%)","2011",37.62,"Imputation"
"Congo, Democratic Republic of the","ILO - Modelled Estimates","SDG indicator 10.4.1 - Labour income share as a percent of GDP (%)","2010",37.745,"Imputation"
"Congo, Democratic Republic of the","ILO - Modelled Estimates","SDG indicator 10.4.1 - Labour income share as a percent of GDP (%)","2009",39.331,"Imputation"
"Congo, Democratic Republic of the","ILO - Modelled Estimates","SDG indicator 10.4.1 - Labour income share as a percent of GDP (%)","2008",38.437,"Imputation"
"Congo, Democratic Republic of the","ILO - Modelled Estimates","SDG indicator 10.4.1 - Labour income share as a percent of GDP (%)","2007",38.692,"Imputation"
"Congo, Democratic Republic of the","ILO - Modelled Estimates","SDG indicator 10.4.1 - Labour income share as a percent of GDP (%)","2006",39.288,"Imputation"
"Congo, Democratic Republic of the","ILO - Modelled Estimates","SDG indicator 10.4.1 - Labour income share as a percent of GDP (%)","2005",39.307,"Imputation"
"Congo, Democratic Republic of the","ILO - Modelled Estimates","SDG indicator 10.4.1 - Labour income share as a percent of GDP (%)","2004",39.229,"Imputation"
"Congo","ILO - Modelled Estimates","SDG indicator 10.4.1 - Labour income share as a percent of GDP (%)","2024",43.364,"Imputation"
"Congo","ILO - Modelled Estimates","SDG indicator 10.4.1 - Labour income share as a percent of GDP (%)","2023",43.414,"Imputation"
"Congo","ILO - Modelled Estimates","SDG indicator 10.4.1 - Labour income share as a percent of GDP (%)","2022",43.686,"Imputation"
"Congo","ILO - Modelled Estimates","SDG indicator 10.4.1 - Labour income share as a percent of GDP (%)","2021",44.096,"Imputation"
"Congo","ILO - Modelled Estimates","SDG indicator 10.4.1 - Labour income share as a percent of GDP (%)","2020",43.914,"Imputation"
"Congo","ILO - Modelled Estimates","SDG indicator 10.4.1 - Labour income share as a percent of GDP (%)","2019",43.806,"Imputation"
"Congo","ILO - Modelled Estimates","SDG indicator 10.4.1 - Labour income share as a percent of GDP (%)","2018",44.194,"Imputation"
"Congo","ILO - Modelled Estimates","SDG indicator 10.4.1 - Labour income share as a percent of GDP (%)","2017",44.626,"Imputation"
"Congo","ILO - Modelled Estimates","SDG indicator 10.4.1 - Labour income share as a percent of GDP (%)","2016",45.021,"Imputation"
"Congo","ILO - Modelled Estimates","SDG indicator 10.4.1 - Labour income share as a percent of GDP (%)","2015",43.97,"Imputation"
"Congo","ILO - Modelled Estimates","SDG indicator 10.4.1 - Labour income share as a percent of GDP (%)","2014",43.249,"Imputation"
"Congo","ILO - Modelled Estimates","SDG indicator 10.4.1 - Labour income share as a percent of GDP (%)","2013",44.085,"Imputation"
"Congo","ILO - Modelled Estimates","SDG indicator 10.4.1 - Labour income share as a percent of GDP (%)","2012",42.904,"Imputation"
"Congo","ILO - Modelled Estimates","SDG indicator 10.4.1 - Labour income share as a percent of GDP (%)","2011",43.801,"Imputation"
"Congo","ILO - Modelled Estimates","SDG indicator 10.4.1 - Labour income share as a percent of GDP (%)","2010",42.961,"Imputation"
"Congo","ILO - Modelled Estimates","SDG indicator 10.4.1 - Labour income share as a percent of GDP (%)","2009",42.846,"Imputation"
"Congo","ILO - Modelled Estimates","SDG indicator 10.4.1 - Labour income share as a percent of GDP (%)","2008",43.435,"Imputation"
"Congo","ILO - Modelled Estimates","SDG indicator 10.4.1 - Labour income share as a percent of GDP (%)","2007",44.942,"Imputation"
"Congo","ILO - Modelled Estimates","SDG indicator 10.4.1 - Labour income share as a percent of GDP (%)","2006",43.296,"Imputation"
"Congo","ILO - Modelled Estimates","SDG indicator 10.4.1 - Labour income share as a percent of GDP (%)","2005",43.347,"Imputation"
"Congo","ILO - Modelled Estimates","SDG indicator 10.4.1 - Labour income share as a percent of GDP (%)","2004",43.805,"Imputation"
"Colombia","ILO - Modelled Estimates","SDG indicator 10.4.1 - Labour income share as a percent of GDP (%)","2024",47.291,"Model-based extrapolation"
"Colombia","ILO - Modelled Estimates","SDG indicator 10.4.1 - Labour income share as a percent of GDP (%)","2023",47.381,"Model-based extrapolation"
"Colombia","ILO - Modelled Estimates","SDG indicator 10.4.1 - Labour income share as a percent of GDP (%)","2022",46.269,
"Colombia","ILO - Modelled Estimates","SDG indicator 10.4.1 - Labour income share as a percent of GDP (%)","2021",54.655,
"Colombia","ILO - Modelled Estimates","SDG indicator 10.4.1 - Labour income share as a percent of GDP (%)","2020",60.002,
"Colombia","ILO - Modelled Estimates","SDG indicator 10.4.1 - Labour income share as a percent of GDP (%)","2019",55.125,
"Colombia","ILO - Modelled Estimates","SDG indicator 10.4.1 - Labour income share as a percent of GDP (%)","2018",56.234,
"Colombia","ILO - Modelled Estimates","SDG indicator 10.4.1 - Labour income share as a percent of GDP (%)","2017",56.04,
"Colombia","ILO - Modelled Estimates","SDG indicator 10.4.1 - Labour income share as a percent of GDP (%)","2016",55.46,
"Colombia","ILO - Modelled Estimates","SDG indicator 10.4.1 - Labour income share as a percent of GDP (%)","2015",55.863,
"Colombia","ILO - Modelled Estimates","SDG indicator 10.4.1 - Labour income share as a percent of GDP (%)","2014",53.865,
"Colombia","ILO - Modelled Estimates","SDG indicator 10.4.1 - Labour income share as a percent of GDP (%)","2013",54.08,
"Colombia","ILO - Modelled Estimates","SDG indicator 10.4.1 - Labour income share as a percent of GDP (%)","2012",54.359,
"Colombia","ILO - Modelled Estimates","SDG indicator 10.4.1 - Labour income share as a percent of GDP (%)","2011",53.833,
"Colombia","ILO - Modelled Estimates","SDG indicator 10.4.1 - Labour income share as a percent of GDP (%)","2010",56.343,
"Colombia","ILO - Modelled Estimates","SDG indicator 10.4.1 - Labour income share as a percent of GDP (%)","2009",55.929,
"Colombia","ILO - Modelled Estimates","SDG indicator 10.4.1 - Labour income share as a percent of GDP (%)","2008",52.233,
"Colombia","ILO - Modelled Estimates","SDG indicator 10.4.1 - Labour income share as a percent of GDP (%)","2007",48.456,
"Colombia","ILO - Modelled Estimates","SDG indicator 10.4.1 - Labour income share as a percent of GDP (%)","2006",51.685,
"Colombia","ILO - Modelled Estimates","SDG indicator 10.4.1 - Labour income share as a percent of GDP (%)","2005",51.848,
"Colombia","ILO - Modelled Estimates","SDG indicator 10.4.1 - Labour income share as a percent of GDP (%)","2004",50.281,
"Comoros","ILO - Modelled Estimates","SDG indicator 10.4.1 - Labour income share as a percent of GDP (%)","2024",41.198,"Imputation"
"Comoros","ILO - Modelled Estimates","SDG indicator 10.4.1 - Labour income share as a percent of GDP (%)","2023",41.482,"Imputation"
"Comoros","ILO - Modelled Estimates","SDG indicator 10.4.1 - Labour income share as a percent of GDP (%)","2022",41.707,"Imputation"
"Comoros","ILO - Modelled Estimates","SDG indicator 10.4.1 - Labour income share as a percent of GDP (%)","2021",42.184,"Imputation"
"Comoros","ILO - Modelled Estimates","SDG indicator 10.4.1 - Labour income share as a percent of GDP (%)","2020",43.517,"Imputation"
"Comoros","ILO - Modelled Estimates","SDG indicator 10.4.1 - Labour income share as a percent of GDP (%)","2019",42.312,"Imputation"
"Comoros","ILO - Modelled Estimates","SDG indicator 10.4.1 - Labour income share as a percent of GDP (%)","2018",41.342,"Imputation"
"Comoros","ILO - Modelled Estimates","SDG indicator 10.4.1 - Labour income share as a percent of GDP (%)","2017",41.325,"Imputation"
"Comoros","ILO - Modelled Estimates","SDG indicator 10.4.1 - Labour income share as a percent of GDP (%)","2016",41.668,"Imputation"
"Comoros","ILO - Modelled Estimates","SDG indicator 10.4.1 - Labour income share as a percent of GDP (%)","2015",42.935,"Imputation"
"Comoros","ILO - Modelled Estimates","SDG indicator 10.4.1 - Labour income share as a percent of GDP (%)","2014",42.474,"Imputation"
"Comoros","ILO - Modelled Estimates","SDG indicator 10.4.1 - Labour income share as a percent of GDP (%)","2013",41.247,"Imputation"
"Comoros","ILO - Modelled Estimates","SDG indicator 10.4.1 - Labour income share as a percent of GDP (%)","2012",42.045,"Imputation"
"Comoros","ILO - Modelled Estimates","SDG indicator 10.4.1 - Labour income share as a percent of GDP (%)","2011",41.589,"Imputation"
"Comoros","ILO - Modelled Estimates","SDG indicator 10.4.1 - Labour income share as a percent of GDP (%)","2010",41.883,"Imputation"
"Comoros","ILO - Modelled Estimates","SDG indicator 10.4.1 - Labour income share as a percent of GDP (%)","2009",42.278,"Imputation"
"Comoros","ILO - Modelled Estimates","SDG indicator 10.4.1 - Labour income share as a percent of GDP (%)","2008",41.966,"Imputation"
"Comoros","ILO - Modelled Estimates","SDG indicator 10.4.1 - Labour income share as a percent of GDP (%)","2007",43.808,"Imputation"
"Comoros","ILO - Modelled Estimates","SDG indicator 10.4.1 - Labour income share as a percent of GDP (%)","2006",42.894,"Imputation"
"Comoros","ILO - Modelled Estimates","SDG indicator 10.4.1 - Labour income share as a percent of GDP (%)","2005",42.913,"Imputation"
"Comoros","ILO - Modelled Estimates","SDG indicator 10.4.1 - Labour income share as a percent of GDP (%)","2004",43.544,"Imputation"
"Cabo Verde","ILO - Modelled Estimates","SDG indicator 10.4.1 - Labour income share as a percent of GDP (%)","2024",43.227,"Model-based extrapolation"
"Cabo Verde","ILO - Modelled Estimates","SDG indicator 10.4.1 - Labour income share as a percent of GDP (%)","2023",43.225,"Model-based extrapolation"
"Cabo Verde","ILO - Modelled Estimates","SDG indicator 10.4.1 - Labour income share as a percent of GDP (%)","2022",42.038,"Model-based extrapolation"
"Cabo Verde","ILO - Modelled Estimates","SDG indicator 10.4.1 - Labour income share as a percent of GDP (%)","2021",43.237,"Model-based extrapolation"
"Cabo Verde","ILO - Modelled Estimates","SDG indicator 10.4.1 - Labour income share as a percent of GDP (%)","2020",44.857,"Model-based extrapolation"
"Cabo Verde","ILO - Modelled Estimates","SDG indicator 10.4.1 - Labour income share as a percent of GDP (%)","2019",43.266,"Model-based extrapolation"
"Cabo Verde","ILO - Modelled Estimates","SDG indicator 10.4.1 - Labour income share as a percent of GDP (%)","2018",43.81,
"Cabo Verde","ILO - Modelled Estimates","SDG indicator 10.4.1 - Labour income share as a percent of GDP (%)","2017",43.266,
"Cabo Verde","ILO - Modelled Estimates","SDG indicator 10.4.1 - Labour income share as a percent of GDP (%)","2016",43.273,
"Cabo Verde","ILO - Modelled Estimates","SDG indicator 10.4.1 - Labour income share as a percent of GDP (%)","2015",44.917,
"Cabo Verde","ILO - Modelled Estimates","SDG indicator 10.4.1 - Labour income share as a percent of GDP (%)","2014",44.197,
"Cabo Verde","ILO - Modelled Estimates","SDG indicator 10.4.1 - Labour income share as a percent of GDP (%)","2013",42.23,
"Cabo Verde","ILO - Modelled Estimates","SDG indicator 10.4.1 - Labour income share as a percent of GDP (%)","2012",44.445,
"Cabo Verde","ILO - Modelled Estimates","SDG indicator 10.4.1 - Labour income share as a percent of GDP (%)","2011",41.804,
"Cabo Verde","ILO - Modelled Estimates","SDG indicator 10.4.1 - Labour income share as a percent of GDP (%)","2010",42.985,
"Cabo Verde","ILO - Modelled Estimates","SDG indicator 10.4.1 - Labour income share as a percent of GDP (%)","2009",40.472,
"Cabo Verde","ILO - Modelled Estimates","SDG indicator 10.4.1 - Labour income share as a percent of GDP (%)","2008",39.408,
"Cabo Verde","ILO - Modelled Estimates","SDG indicator 10.4.1 - Labour income share as a percent of GDP (%)","2007",39.451,
"Cabo Verde","ILO - Modelled Estimates","SDG indicator 10.4.1 - Labour income share as a percent of GDP (%)","2006",40.404,"Model-based extrapolation"
"Cabo Verde","ILO - Modelled Estimates","SDG indicator 10.4.1 - Labour income share as a percent of GDP (%)","2005",40.605,"Model-based extrapolation"
"Cabo Verde","ILO - Modelled Estimates","SDG indicator 10.4.1 - Labour income share as a percent of GDP (%)","2004",40.281,"Model-based extrapolation"
"Costa Rica","ILO - Modelled Estimates","SDG indicator 10.4.1 - Labour income share as a percent of GDP (%)","2024",55.507,"Model-based extrapolation"
"Costa Rica","ILO - Modelled Estimates","SDG indicator 10.4.1 - Labour income share as a percent of GDP (%)","2023",55.229,"Model-based extrapolation"
"Costa Rica","ILO - Modelled Estimates","SDG indicator 10.4.1 - Labour income share as a percent of GDP (%)","2022",53.894,
"Costa Rica","ILO - Modelled Estimates","SDG indicator 10.4.1 - Labour income share as a percent of GDP (%)","2021",54.179,
"Costa Rica","ILO - Modelled Estimates","SDG indicator 10.4.1 - Labour income share as a percent of GDP (%)","2020",55.387,
"Costa Rica","ILO - Modelled Estimates","SDG indicator 10.4.1 - Labour income share as a percent of GDP (%)","2019",55.628,
"Costa Rica","ILO - Modelled Estimates","SDG indicator 10.4.1 - Labour income share as a percent of GDP (%)","2018",54.493,
"Costa Rica","ILO - Modelled Estimates","SDG indicator 10.4.1 - Labour income share as a percent of GDP (%)","2017",53.848,
"Costa Rica","ILO - Modelled Estimates","SDG indicator 10.4.1 - Labour income share as a percent of GDP (%)","2016",55.642,
"Costa Rica","ILO - Modelled Estimates","SDG indicator 10.4.1 - Labour income share as a percent of GDP (%)","2015",56.956,
"Costa Rica","ILO - Modelled Estimates","SDG indicator 10.4.1 - Labour income share as a percent of GDP (%)","2014",57.282,
"Costa Rica","ILO - Modelled Estimates","SDG indicator 10.4.1 - Labour income share as a percent of GDP (%)","2013",58.52,
"Costa Rica","ILO - Modelled Estimates","SDG indicator 10.4.1 - Labour income share as a percent of GDP (%)","2012",57.409,
"Costa Rica","ILO - Modelled Estimates","SDG indicator 10.4.1 - Labour income share as a percent of GDP (%)","2011",56.922,
"Costa Rica","ILO - Modelled Estimates","SDG indicator 10.4.1 - Labour income share as a percent of GDP (%)","2010",55.042,
"Costa Rica","ILO - Modelled Estimates","SDG indicator 10.4.1 - Labour income share as a percent of GDP (%)","2009",53.854,
"Costa Rica","ILO - Modelled Estimates","SDG indicator 10.4.1 - Labour income share as a percent of GDP (%)","2008",51.306,
"Costa Rica","ILO - Modelled Estimates","SDG indicator 10.4.1 - Labour income share as a percent of GDP (%)","2007",50.263,
"Costa Rica","ILO - Modelled Estimates","SDG indicator 10.4.1 - Labour income share as a percent of GDP (%)","2006",51.004,
"Costa Rica","ILO - Modelled Estimates","SDG indicator 10.4.1 - Labour income share as a percent of GDP (%)","2005",51.167,
"Costa Rica","ILO - Modelled Estimates","SDG indicator 10.4.1 - Labour income share as a percent of GDP (%)","2004",52.88,
"Cuba","ILO - Modelled Estimates","SDG indicator 10.4.1 - Labour income share as a percent of GDP (%)","2024",41.617,"Imputation"
"Cuba","ILO - Modelled Estimates","SDG indicator 10.4.1 - Labour income share as a percent of GDP (%)","2023",42.025,"Imputation"
"Cuba","ILO - Modelled Estimates","SDG indicator 10.4.1 - Labour income share as a percent of GDP (%)","2022",41.72,"Imputation"
"Cuba","ILO - Modelled Estimates","SDG indicator 10.4.1 - Labour income share as a percent of GDP (%)","2021",41.962,"Imputation"
"Cuba","ILO - Modelled Estimates","SDG indicator 10.4.1 - Labour income share as a percent of GDP (%)","2020",43.529,"Imputation"
"Cuba","ILO - Modelled Estimates","SDG indicator 10.4.1 - Labour income share as a percent of GDP (%)","2019",42.039,"Imputation"
"Cuba","ILO - Modelled Estimates","SDG indicator 10.4.1 - Labour income share as a percent of GDP (%)","2018",41.515,"Imputation"
"Cuba","ILO - Modelled Estimates","SDG indicator 10.4.1 - Labour income share as a percent of GDP (%)","2017",41.572,"Imputation"
"Cuba","ILO - Modelled Estimates","SDG indicator 10.4.1 - Labour income share as a percent of GDP (%)","2016",41.814,"Imputation"
"Cuba","ILO - Modelled Estimates","SDG indicator 10.4.1 - Labour income share as a percent of GDP (%)","2015",40.966,"Imputation"
"Cuba","ILO - Modelled Estimates","SDG indicator 10.4.1 - Labour income share as a percent of GDP (%)","2014",41.515,"Imputation"
"Cuba","ILO - Modelled Estimates","SDG indicator 10.4.1 - Labour income share as a percent of GDP (%)","2013",41.026,"Imputation"
"Cuba","ILO - Modelled Estimates","SDG indicator 10.4.1 - Labour income share as a percent of GDP (%)","2012",40.856,"Imputation"
"Cuba","ILO - Modelled Estimates","SDG indicator 10.4.1 - Labour income share as a percent of GDP (%)","2011",40.706,"Imputation"
"Cuba","ILO - Modelled Estimates","SDG indicator 10.4.1 - Labour income share as a percent of GDP (%)","2010",40.201,"Imputation"
"Cuba","ILO - Modelled Estimates","SDG indicator 10.4.1 - Labour income share as a percent of GDP (%)","2009",40.354,"Imputation"
"Cuba","ILO - Modelled Estimates","SDG indicator 10.4.1 - Labour income share as a percent of GDP (%)","2008",39.163,"Imputation"
"Cuba","ILO - Modelled Estimates","SDG indicator 10.4.1 - Labour income share as a percent of GDP (%)","2007",38.01,"Imputation"
"Cuba","ILO - Modelled Estimates","SDG indicator 10.4.1 - Labour income share as a percent of GDP (%)","2006",39.478,"Imputation"
"Cuba","ILO - Modelled Estimates","SDG indicator 10.4.1 - Labour income share as a percent of GDP (%)","2005",41.872,"Imputation"
"Cuba","ILO - Modelled Estimates","SDG indicator 10.4.1 - Labour income share as a percent of GDP (%)","2004",39.935,"Imputation"
"Cyprus","ILO - Modelled Estimates","SDG indicator 10.4.1 - Labour income share as a percent of GDP (%)","2024",46.81,"Model-based extrapolation"
"Cyprus","ILO - Modelled Estimates","SDG indicator 10.4.1 - Labour income share as a percent of GDP (%)","2023",46.844,"Model-based extrapolation"
"Cyprus","ILO - Modelled Estimates","SDG indicator 10.4.1 - Labour income share as a percent of GDP (%)","2022",46.475,
"Cyprus","ILO - Modelled Estimates","SDG indicator 10.4.1 - Labour income share as a percent of GDP (%)","2021",48.497,
"Cyprus","ILO - Modelled Estimates","SDG indicator 10.4.1 - Labour income share as a percent of GDP (%)","2020",51.966,
"Cyprus","ILO - Modelled Estimates","SDG indicator 10.4.1 - Labour income share as a percent of GDP (%)","2019",49.854,
"Cyprus","ILO - Modelled Estimates","SDG indicator 10.4.1 - Labour income share as a percent of GDP (%)","2018",48.86,
"Cyprus","ILO - Modelled Estimates","SDG indicator 10.4.1 - Labour income share as a percent of GDP (%)","2017",48.3,
"Cyprus","ILO - Modelled Estimates","SDG indicator 10.4.1 - Labour income share as a percent of GDP (%)","2016",48.086,
"Cyprus","ILO - Modelled Estimates","SDG indicator 10.4.1 - Labour income share as a percent of GDP (%)","2015",49.61,
"Cyprus","ILO - Modelled Estimates","SDG indicator 10.4.1 - Labour income share as a percent of GDP (%)","2014",52.029,
"Cyprus","ILO - Modelled Estimates","SDG indicator 10.4.1 - Labour income share as a percent of GDP (%)","2013",53.996,
"Cyprus","ILO - Modelled Estimates","SDG indicator 10.4.1 - Labour income share as a percent of GDP (%)","2012",56.169,
"Cyprus","ILO - Modelled Estimates","SDG indicator 10.4.1 - Labour income share as a percent of GDP (%)","2011",57.567,
"Cyprus","ILO - Modelled Estimates","SDG indicator 10.4.1 - Labour income share as a percent of GDP (%)","2010",57.199,
"Cyprus","ILO - Modelled Estimates","SDG indicator 10.4.1 - Labour income share as a percent of GDP (%)","2009",58.37,
"Cyprus","ILO - Modelled Estimates","SDG indicator 10.4.1 - Labour income share as a percent of GDP (%)","2008",55.784,
"Cyprus","ILO - Modelled Estimates","SDG indicator 10.4.1 - Labour income share as a percent of GDP (%)","2007",53.809,
"Cyprus","ILO - Modelled Estimates","SDG indicator 10.4.1 - Labour income share as a percent of GDP (%)","2006",54.164,
"Cyprus","ILO - Modelled Estimates","SDG indicator 10.4.1 - Labour income share as a percent of GDP (%)","2005",56.156,
"Cyprus","ILO - Modelled Estimates","SDG indicator 10.4.1 - Labour income share as a percent of GDP (%)","2004",53.705,
"Czechia","ILO - Modelled Estimates","SDG indicator 10.4.1 - Labour income share as a percent of GDP (%)","2024",54.928,"Model-based extrapolation"
"Czechia","ILO - Modelled Estimates","SDG indicator 10.4.1 - Labour income share as a percent of GDP (%)","2023",54.164,"Model-based extrapolation"
"Czechia","ILO - Modelled Estimates","SDG indicator 10.4.1 - Labour income share as a percent of GDP (%)","2022",54.513,
"Czechia","ILO - Modelled Estimates","SDG indicator 10.4.1 - Labour income share as a percent of GDP (%)","2021",56.309,
"Czechia","ILO - Modelled Estimates","SDG indicator 10.4.1 - Labour income share as a percent of GDP (%)","2020",57.638,
"Czechia","ILO - Modelled Estimates","SDG indicator 10.4.1 - Labour income share as a percent of GDP (%)","2019",56.902,
"Czechia","ILO - Modelled Estimates","SDG indicator 10.4.1 - Labour income share as a percent of GDP (%)","2018",56.31,
"Czechia","ILO - Modelled Estimates","SDG indicator 10.4.1 - Labour income share as a percent of GDP (%)","2017",54.732,
"Czechia","ILO - Modelled Estimates","SDG indicator 10.4.1 - Labour income share as a percent of GDP (%)","2016",52.562,
"Czechia","ILO - Modelled Estimates","SDG indicator 10.4.1 - Labour income share as a percent of GDP (%)","2015",51.658,
"Czechia","ILO - Modelled Estimates","SDG indicator 10.4.1 - Labour income share as a percent of GDP (%)","2014",53.326,
"Czechia","ILO - Modelled Estimates","SDG indicator 10.4.1 - Labour income share as a percent of GDP (%)","2013",53.594,
"Czechia","ILO - Modelled Estimates","SDG indicator 10.4.1 - Labour income share as a percent of GDP (%)","2012",54.917,
"Czechia","ILO - Modelled Estimates","SDG indicator 10.4.1 - Labour income share as a percent of GDP (%)","2011",53.44,
"Czechia","ILO - Modelled Estimates","SDG indicator 10.4.1 - Labour income share as a percent of GDP (%)","2010",54.199,
"Czechia","ILO - Modelled Estimates","SDG indicator 10.4.1 - Labour income share as a percent of GDP (%)","2009",53.258,
"Czechia","ILO - Modelled Estimates","SDG indicator 10.4.1 - Labour income share as a percent of GDP (%)","2008",52.885,
"Czechia","ILO - Modelled Estimates","SDG indicator 10.4.1 - Labour income share as a percent of GDP (%)","2007",51.945,
"Czechia","ILO - Modelled Estimates","SDG indicator 10.4.1 - Labour income share as a percent of GDP (%)","2006",51.68,
"Czechia","ILO - Modelled Estimates","SDG indicator 10.4.1 - Labour income share as a percent of GDP (%)","2005",51.722,
"Czechia","ILO - Modelled Estimates","SDG indicator 10.4.1 - Labour income share as a percent of GDP (%)","2004",52.254,
"Germany","ILO - Modelled Estimates","SDG indicator 10.4.1 - Labour income share as a percent of GDP (%)","2024",61.026,"Model-based extrapolation"
"Germany","ILO - Modelled Estimates","SDG indicator 10.4.1 - Labour income share as a percent of GDP (%)","2023",60.14,"Model-based extrapolation"
"Germany","ILO - Modelled Estimates","SDG indicator 10.4.1 - Labour income share as a percent of GDP (%)","2022",60.323,
"Germany","ILO - Modelled Estimates","SDG indicator 10.4.1 - Labour income share as a percent of GDP (%)","2021",61.173,
"Germany","ILO - Modelled Estimates","SDG indicator 10.4.1 - Labour income share as a percent of GDP (%)","2020",62.532,
"Germany","ILO - Modelled Estimates","SDG indicator 10.4.1 - Labour income share as a percent of GDP (%)","2019",62.473,
"Germany","ILO - Modelled Estimates","SDG indicator 10.4.1 - Labour income share as a percent of GDP (%)","2018",61.989,
"Germany","ILO - Modelled Estimates","SDG indicator 10.4.1 - Labour income share as a percent of GDP (%)","2017",61.473,
"Germany","ILO - Modelled Estimates","SDG indicator 10.4.1 - Labour income share as a percent of GDP (%)","2016",61.389,
"Germany","ILO - Modelled Estimates","SDG indicator 10.4.1 - Labour income share as a percent of GDP (%)","2015",61.844,
"Germany","ILO - Modelled Estimates","SDG indicator 10.4.1 - Labour income share as a percent of GDP (%)","2014",61.635,
"Germany","ILO - Modelled Estimates","SDG indicator 10.4.1 - Labour income share as a percent of GDP (%)","2013",61.95,
"Germany","ILO - Modelled Estimates","SDG indicator 10.4.1 - Labour income share as a percent of GDP (%)","2012",61.781,
"Germany","ILO - Modelled Estimates","SDG indicator 10.4.1 - Labour income share as a percent of GDP (%)","2011",60.916,
"Germany","ILO - Modelled Estimates","SDG indicator 10.4.1 - Labour income share as a percent of GDP (%)","2010",61.408,
"Germany","ILO - Modelled Estimates","SDG indicator 10.4.1 - Labour income share as a percent of GDP (%)","2009",62.647,
"Germany","ILO - Modelled Estimates","SDG indicator 10.4.1 - Labour income share as a percent of GDP (%)","2008",59.423,
"Germany","ILO - Modelled Estimates","SDG indicator 10.4.1 - Labour income share as a percent of GDP (%)","2007",58.833,
"Germany","ILO - Modelled Estimates","SDG indicator 10.4.1 - Labour income share as a percent of GDP (%)","2006",59.796,
"Germany","ILO - Modelled Estimates","SDG indicator 10.4.1 - Labour income share as a percent of GDP (%)","2005",61.983,
"Germany","ILO - Modelled Estimates","SDG indicator 10.4.1 - Labour income share as a percent of GDP (%)","2004",62.186,
"Djibouti","ILO - Modelled Estimates","SDG indicator 10.4.1 - Labour income share as a percent of GDP (%)","2024",41.292,"Imputation"
"Djibouti","ILO - Modelled Estimates","SDG indicator 10.4.1 - Labour income share as a percent of GDP (%)","2023",41.115,"Imputation"
"Djibouti","ILO - Modelled Estimates","SDG indicator 10.4.1 - Labour income share as a percent of GDP (%)","2022",42.304,"Imputation"
"Djibouti","ILO - Modelled Estimates","SDG indicator 10.4.1 - Labour income share as a percent of GDP (%)","2021",41.489,"Imputation"
"Djibouti","ILO - Modelled Estimates","SDG indicator 10.4.1 - Labour income share as a percent of GDP (%)","2020",43.341,"Imputation"
"Djibouti","ILO - Modelled Estimates","SDG indicator 10.4.1 - Labour income share as a percent of GDP (%)","2019",41.823,"Imputation"
"Djibouti","ILO - Modelled Estimates","SDG indicator 10.4.1 - Labour income share as a percent of GDP (%)","2018",42.14,"Imputation"
"Djibouti","ILO - Modelled Estimates","SDG indicator 10.4.1 - Labour income share as a percent of GDP (%)","2017",41.92,"Imputation"
"Djibouti","ILO - Modelled Estimates","SDG indicator 10.4.1 - Labour income share as a percent of GDP (%)","2016",41.345,"Imputation"
"Djibouti","ILO - Modelled Estimates","SDG indicator 10.4.1 - Labour income share as a percent of GDP (%)","2015",41.23,"Imputation"
"Djibouti","ILO - Modelled Estimates","SDG indicator 10.4.1 - Labour income share as a percent of GDP (%)","2014",41.437,"Imputation"
"Djibouti","ILO - Modelled Estimates","SDG indicator 10.4.1 - Labour income share as a percent of GDP (%)","2013",42.227,"Imputation"
"Djibouti","ILO - Modelled Estimates","SDG indicator 10.4.1 - Labour income share as a percent of GDP (%)","2012",42.315,"Imputation"
"Djibouti","ILO - Modelled Estimates","SDG indicator 10.4.1 - Labour income share as a percent of GDP (%)","2011",41.44,"Imputation"
"Djibouti","ILO - Modelled Estimates","SDG indicator 10.4.1 - Labour income share as a percent of GDP (%)","2010",42.616,"Imputation"
"Djibouti","ILO - Modelled Estimates","SDG indicator 10.4.1 - Labour income share as a percent of GDP (%)","2009",43.569,"Imputation"
"Djibouti","ILO - Modelled Estimates","SDG indicator 10.4.1 - Labour income share as a percent of GDP (%)","2008",42.042,"Imputation"
"Djibouti","ILO - Modelled Estimates","SDG indicator 10.4.1 - Labour income share as a percent of GDP (%)","2007",42.364,"Imputation"
"Djibouti","ILO - Modelled Estimates","SDG indicator 10.4.1 - Labour income share as a percent of GDP (%)","2006",42.461,"Imputation"
"Djibouti","ILO - Modelled Estimates","SDG indicator 10.4.1 - Labour income share as a percent of GDP (%)","2005",43.111,"Imputation"
"Djibouti","ILO - Modelled Estimates","SDG indicator 10.4.1 - Labour income share as a percent of GDP (%)","2004",43.248,"Imputation"
"Denmark","ILO - Modelled Estimates","SDG indicator 10.4.1 - Labour income share as a percent of GDP (%)","2024",58.089,"Model-based extrapolation"
"Denmark","ILO - Modelled Estimates","SDG indicator 10.4.1 - Labour income share as a percent of GDP (%)","2023",58.174,"Model-based extrapolation"
"Denmark","ILO - Modelled Estimates","SDG indicator 10.4.1 - Labour income share as a percent of GDP (%)","2022",55.526,
"Denmark","ILO - Modelled Estimates","SDG indicator 10.4.1 - Labour income share as a percent of GDP (%)","2021",57.97,
"Denmark","ILO - Modelled Estimates","SDG indicator 10.4.1 - Labour income share as a percent of GDP (%)","2020",58.204,
"Denmark","ILO - Modelled Estimates","SDG indicator 10.4.1 - Labour income share as a percent of GDP (%)","2019",57.654,
"Denmark","ILO - Modelled Estimates","SDG indicator 10.4.1 - Labour income share as a percent of GDP (%)","2018",56.216,
"Denmark","ILO - Modelled Estimates","SDG indicator 10.4.1 - Labour income share as a percent of GDP (%)","2017",56.894,
"Denmark","ILO - Modelled Estimates","SDG indicator 10.4.1 - Labour income share as a percent of GDP (%)","2016",57.891,
"Denmark","ILO - Modelled Estimates","SDG indicator 10.4.1 - Labour income share as a percent of GDP (%)","2015",58.457,
"Denmark","ILO - Modelled Estimates","SDG indicator 10.4.1 - Labour income share as a percent of GDP (%)","2014",58.643,
"Denmark","ILO - Modelled Estimates","SDG indicator 10.4.1 - Labour income share as a percent of GDP (%)","2013",59.206,
"Denmark","ILO - Modelled Estimates","SDG indicator 10.4.1 - Labour income share as a percent of GDP (%)","2012",59.709,
"Denmark","ILO - Modelled Estimates","SDG indicator 10.4.1 - Labour income share as a percent of GDP (%)","2011",60.757,
"Denmark","ILO - Modelled Estimates","SDG indicator 10.4.1 - Labour income share as a percent of GDP (%)","2010",59.906,
"Denmark","ILO - Modelled Estimates","SDG indicator 10.4.1 - Labour income share as a percent of GDP (%)","2009",63.628,
"Denmark","ILO - Modelled Estimates","SDG indicator 10.4.1 - Labour income share as a percent of GDP (%)","2008",61.338,
"Denmark","ILO - Modelled Estimates","SDG indicator 10.4.1 - Labour income share as a percent of GDP (%)","2007",61.048,
"Denmark","ILO - Modelled Estimates","SDG indicator 10.4.1 - Labour income share as a percent of GDP (%)","2006",60.443,
"Denmark","ILO - Modelled Estimates","SDG indicator 10.4.1 - Labour income share as a percent of GDP (%)","2005",60.302,
"Denmark","ILO - Modelled Estimates","SDG indicator 10.4.1 - Labour income share as a percent of GDP (%)","2004",60.886,
"Dominican Republic","ILO - Modelled Estimates","SDG indicator 10.4.1 - Labour income share as a percent of GDP (%)","2024",47.508,"Model-based extrapolation"
"Dominican Republic","ILO - Modelled Estimates","SDG indicator 10.4.1 - Labour income share as a percent of GDP (%)","2023",48.007,"Model-based extrapolation"
"Dominican Republic","ILO - Modelled Estimates","SDG indicator 10.4.1 - Labour income share as a percent of GDP (%)","2022",47.596,"Model-based extrapolation"
"Dominican Republic","ILO - Modelled Estimates","SDG indicator 10.4.1 - Labour income share as a percent of GDP (%)","2021",47.509,"Model-based extrapolation"
"Dominican Republic","ILO - Modelled Estimates","SDG indicator 10.4.1 - Labour income share as a percent of GDP (%)","2020",48.354,"Model-based extrapolation"
"Dominican Republic","ILO - Modelled Estimates","SDG indicator 10.4.1 - Labour income share as a percent of GDP (%)","2019",47.369,"Model-based extrapolation"
"Dominican Republic","ILO - Modelled Estimates","SDG indicator 10.4.1 - Labour income share as a percent of GDP (%)","2018",47.144,"Model-based extrapolation"
"Dominican Republic","ILO - Modelled Estimates","SDG indicator 10.4.1 - Labour income share as a percent of GDP (%)","2017",47.652,"Model-based extrapolation"
"Dominican Republic","ILO - Modelled Estimates","SDG indicator 10.4.1 - Labour income share as a percent of GDP (%)","2016",47.201,
"Dominican Republic","ILO - Modelled Estimates","SDG indicator 10.4.1 - Labour income share as a percent of GDP (%)","2015",48.703,
"Dominican Republic","ILO - Modelled Estimates","SDG indicator 10.4.1 - Labour income share as a percent of GDP (%)","2014",51.188,
"Dominican Republic","ILO - Modelled Estimates","SDG indicator 10.4.1 - Labour income share as a percent of GDP (%)","2013",52.351,
"Dominican Republic","ILO - Modelled Estimates","SDG indicator 10.4.1 - Labour income share as a percent of GDP (%)","2012",51.012,
"Dominican Republic","ILO - Modelled Estimates","SDG indicator 10.4.1 - Labour income share as a percent of GDP (%)","2011",55.536,
"Dominican Republic","ILO - Modelled Estimates","SDG indicator 10.4.1 - Labour income share as a percent of GDP (%)","2010",55.963,
"Dominican Republic","ILO - Modelled Estimates","SDG indicator 10.4.1 - Labour income share as a percent of GDP (%)","2009",56.713,
"Dominican Republic","ILO - Modelled Estimates","SDG indicator 10.4.1 - Labour income share as a percent of GDP (%)","2008",53.706,
"Dominican Republic","ILO - Modelled Estimates","SDG indicator 10.4.1 - Labour income share as a percent of GDP (%)","2007",51.665,
"Dominican Republic","ILO - Modelled Estimates","SDG indicator 10.4.1 - Labour income share as a percent of GDP (%)","2006",49.388,"Model-based extrapolation"
"Dominican Republic","ILO - Modelled Estimates","SDG indicator 10.4.1 - Labour income share as a percent of GDP (%)","2005",47.106,
"Dominican Republic","ILO - Modelled Estimates","SDG indicator 10.4.1 - Labour income share as a percent of GDP (%)","2004",41.777,
"Algeria","ILO - Modelled Estimates","SDG indicator 10.4.1 - Labour income share as a percent of GDP (%)","2024",34.489,"Imputation"
"Algeria","ILO - Modelled Estimates","SDG indicator 10.4.1 - Labour income share as a percent of GDP (%)","2023",34.377,"Imputation"
"Algeria","ILO - Modelled Estimates","SDG indicator 10.4.1 - Labour income share as a percent of GDP (%)","2022",34.58,"Imputation"
"Algeria","ILO - Modelled Estimates","SDG indicator 10.4.1 - Labour income share as a percent of GDP (%)","2021",34.86,"Imputation"
"Algeria","ILO - Modelled Estimates","SDG indicator 10.4.1 - Labour income share as a percent of GDP (%)","2020",39.039,"Imputation"
"Algeria","ILO - Modelled Estimates","SDG indicator 10.4.1 - Labour income share as a percent of GDP (%)","2019",35.697,"Imputation"
"Algeria","ILO - Modelled Estimates","SDG indicator 10.4.1 - Labour income share as a percent of GDP (%)","2018",33.19,"Imputation"
"Algeria","ILO - Modelled Estimates","SDG indicator 10.4.1 - Labour income share as a percent of GDP (%)","2017",35.811,"Imputation"
"Algeria","ILO - Modelled Estimates","SDG indicator 10.4.1 - Labour income share as a percent of GDP (%)","2016",37.735,"Imputation"
"Algeria","ILO - Modelled Estimates","SDG indicator 10.4.1 - Labour income share as a percent of GDP (%)","2015",37.329,"Imputation"
"Algeria","ILO - Modelled Estimates","SDG indicator 10.4.1 - Labour income share as a percent of GDP (%)","2014",33.654,"Imputation"
"Algeria","ILO - Modelled Estimates","SDG indicator 10.4.1 - Labour income share as a percent of GDP (%)","2013",32.818,"Imputation"
"Algeria","ILO - Modelled Estimates","SDG indicator 10.4.1 - Labour income share as a percent of GDP (%)","2012",33.069,"Imputation"
"Algeria","ILO - Modelled Estimates","SDG indicator 10.4.1 - Labour income share as a percent of GDP (%)","2011",33.246,"Imputation"
"Algeria","ILO - Modelled Estimates","SDG indicator 10.4.1 - Labour income share as a percent of GDP (%)","2010",30.443,"Imputation"
"Algeria","ILO - Modelled Estimates","SDG indicator 10.4.1 - Labour income share as a percent of GDP (%)","2009",29.704,"Imputation"
"Algeria","ILO - Modelled Estimates","SDG indicator 10.4.1 - Labour income share as a percent of GDP (%)","2008",24.277,"Imputation"
"Algeria","ILO - Modelled Estimates","SDG indicator 10.4.1 - Labour income share as a percent of GDP (%)","2007",23.171,"Imputation"
"Algeria","ILO - Modelled Estimates","SDG indicator 10.4.1 - Labour income share as a percent of GDP (%)","2006",22.241,"Imputation"
"Algeria","ILO - Modelled Estimates","SDG indicator 10.4.1 - Labour income share as a percent of GDP (%)","2005",22.864,"Imputation"
"Algeria","ILO - Modelled Estimates","SDG indicator 10.4.1 - Labour income share as a percent of GDP (%)","2004",26.544,"Imputation"
"Ecuador","ILO - Modelled Estimates","SDG indicator 10.4.1 - Labour income share as a percent of GDP (%)","2024",55.174,"Model-based extrapolation"
"Ecuador","ILO - Modelled Estimates","SDG indicator 10.4.1 - Labour income share as a percent of GDP (%)","2023",54.76,"Model-based extrapolation"
"Ecuador","ILO - Modelled Estimates","SDG indicator 10.4.1 - Labour income share as a percent of GDP (%)","2022",54.046,"Model-based extrapolation"
"Ecuador","ILO - Modelled Estimates","SDG indicator 10.4.1 - Labour income share as a percent of GDP (%)","2021",55.03,"Model-based extrapolation"
"Ecuador","ILO - Modelled Estimates","SDG indicator 10.4.1 - Labour income share as a percent of GDP (%)","2020",55.733,
"Ecuador","ILO - Modelled Estimates","SDG indicator 10.4.1 - Labour income share as a percent of GDP (%)","2019",55.094,
"Ecuador","ILO - Modelled Estimates","SDG indicator 10.4.1 - Labour income share as a percent of GDP (%)","2018",54.743,
"Ecuador","ILO - Modelled Estimates","SDG indicator 10.4.1 - Labour income share as a percent of GDP (%)","2017",52.961,
"Ecuador","ILO - Modelled Estimates","SDG indicator 10.4.1 - Labour income share as a percent of GDP (%)","2016",52.855,
"Ecuador","ILO - Modelled Estimates","SDG indicator 10.4.1 - Labour income share as a percent of GDP (%)","2015",53.06,
"Ecuador","ILO - Modelled Estimates","SDG indicator 10.4.1 - Labour income share as a percent of GDP (%)","2014",51.148,
"Ecuador","ILO - Modelled Estimates","SDG indicator 10.4.1 - Labour income share as a percent of GDP (%)","2013",51.735,
"Ecuador","ILO - Modelled Estimates","SDG indicator 10.4.1 - Labour income share as a percent of GDP (%)","2012",50.803,
"Ecuador","ILO - Modelled Estimates","SDG indicator 10.4.1 - Labour income share as a percent of GDP (%)","2011",48.693,
"Ecuador","ILO - Modelled Estimates","SDG indicator 10.4.1 - Labour income share as a percent of GDP (%)","2010",47.821,
"Ecuador","ILO - Modelled Estimates","SDG indicator 10.4.1 - Labour income share as a percent of GDP (%)","2009",49.211,
"Ecuador","ILO - Modelled Estimates","SDG indicator 10.4.1 - Labour income share as a percent of GDP (%)","2008",44.209,
"Ecuador","ILO - Modelled Estimates","SDG indicator 10.4.1 - Labour income share as a percent of GDP (%)","2007",45.603,
"Ecuador","ILO - Modelled Estimates","SDG indicator 10.4.1 - Labour income share as a percent of GDP (%)","2006",45.261,"Model-based extrapolation"
"Ecuador","ILO - Modelled Estimates","SDG indicator 10.4.1 - Labour income share as a percent of GDP (%)","2005",44.713,"Model-based extrapolation"
"Ecuador","ILO - Modelled Estimates","SDG indicator 10.4.1 - Labour income share as a percent of GDP (%)","2004",44.315,"Model-based extrapolation"
"Egypt","ILO - Modelled Estimates","SDG indicator 10.4.1 - Labour income share as a percent of GDP (%)","2024",41.848,"Model-based extrapolation"
"Egypt","ILO - Modelled Estimates","SDG indicator 10.4.1 - Labour income share as a percent of GDP (%)","2023",41.495,"Model-based extrapolation"
"Egypt","ILO - Modelled Estimates","SDG indicator 10.4.1 - Labour income share as a percent of GDP (%)","2022",40.2,"Model-based extrapolation"
"Egypt","ILO - Modelled Estimates","SDG indicator 10.4.1 - Labour income share as a percent of GDP (%)","2021",41.832,"Model-based extrapolation"
"Egypt","ILO - Modelled Estimates","SDG indicator 10.4.1 - Labour income share as a percent of GDP (%)","2020",43.696,"Model-based extrapolation"
"Egypt","ILO - Modelled Estimates","SDG indicator 10.4.1 - Labour income share as a percent of GDP (%)","2019",42.527,"Model-based extrapolation"
"Egypt","ILO - Modelled Estimates","SDG indicator 10.4.1 - Labour income share as a percent of GDP (%)","2018",42.49,"Model-based extrapolation"
"Egypt","ILO - Modelled Estimates","SDG indicator 10.4.1 - Labour income share as a percent of GDP (%)","2017",42.938,"Model-based extrapolation"
"Egypt","ILO - Modelled Estimates","SDG indicator 10.4.1 - Labour income share as a percent of GDP (%)","2016",42.56,"Model-based extrapolation"
"Egypt","ILO - Modelled Estimates","SDG indicator 10.4.1 - Labour income share as a percent of GDP (%)","2015",43.241,
"Egypt","ILO - Modelled Estimates","SDG indicator 10.4.1 - Labour income share as a percent of GDP (%)","2014",43.7,
"Egypt","ILO - Modelled Estimates","SDG indicator 10.4.1 - Labour income share as a percent of GDP (%)","2013",41.587,
"Egypt","ILO - Modelled Estimates","SDG indicator 10.4.1 - Labour income share as a percent of GDP (%)","2012",37.21,
"Egypt","ILO - Modelled Estimates","SDG indicator 10.4.1 - Labour income share as a percent of GDP (%)","2011",38.699,
"Egypt","ILO - Modelled Estimates","SDG indicator 10.4.1 - Labour income share as a percent of GDP (%)","2010",36.101,
"Egypt","ILO - Modelled Estimates","SDG indicator 10.4.1 - Labour income share as a percent of GDP (%)","2009",35.854,
"Egypt","ILO - Modelled Estimates","SDG indicator 10.4.1 - Labour income share as a percent of GDP (%)","2008",35.972,
"Egypt","ILO - Modelled Estimates","SDG indicator 10.4.1 - Labour income share as a percent of GDP (%)","2007",38.312,
"Egypt","ILO - Modelled Estimates","SDG indicator 10.4.1 - Labour income share as a percent of GDP (%)","2006",37.979,
"Egypt","ILO - Modelled Estimates","SDG indicator 10.4.1 - Labour income share as a percent of GDP (%)","2005",38.804,
"Egypt","ILO - Modelled Estimates","SDG indicator 10.4.1 - Labour income share as a percent of GDP (%)","2004",41.002,
"Eritrea","ILO - Modelled Estimates","SDG indicator 10.4.1 - Labour income share as a percent of GDP (%)","2024",37.118,"Imputation"
"Eritrea","ILO - Modelled Estimates","SDG indicator 10.4.1 - Labour income share as a percent of GDP (%)","2023",37.164,"Imputation"
"Eritrea","ILO - Modelled Estimates","SDG indicator 10.4.1 - Labour income share as a percent of GDP (%)","2022",37.087,"Imputation"
"Eritrea","ILO - Modelled Estimates","SDG indicator 10.4.1 - Labour income share as a percent of GDP (%)","2021",37.573,"Imputation"
"Eritrea","ILO - Modelled Estimates","SDG indicator 10.4.1 - Labour income share as a percent of GDP (%)","2020",37.738,"Imputation"
"Eritrea","ILO - Modelled Estimates","SDG indicator 10.4.1 - Labour income share as a percent of GDP (%)","2019",37.184,"Imputation"
"Eritrea","ILO - Modelled Estimates","SDG indicator 10.4.1 - Labour income share as a percent of GDP (%)","2018",36.605,"Imputation"
"Eritrea","ILO - Modelled Estimates","SDG indicator 10.4.1 - Labour income share as a percent of GDP (%)","2017",38.112,"Imputation"
"Eritrea","ILO - Modelled Estimates","SDG indicator 10.4.1 - Labour income share as a percent of GDP (%)","2016",36.938,"Imputation"
"Eritrea","ILO - Modelled Estimates","SDG indicator 10.4.1 - Labour income share as a percent of GDP (%)","2015",38.767,"Imputation"
"Eritrea","ILO - Modelled Estimates","SDG indicator 10.4.1 - Labour income share as a percent of GDP (%)","2014",35.394,"Imputation"
"Eritrea","ILO - Modelled Estimates","SDG indicator 10.4.1 - Labour income share as a percent of GDP (%)","2013",38.166,"Imputation"
"Eritrea","ILO - Modelled Estimates","SDG indicator 10.4.1 - Labour income share as a percent of GDP (%)","2012",37.335,"Imputation"
"Eritrea","ILO - Modelled Estimates","SDG indicator 10.4.1 - Labour income share as a percent of GDP (%)","2011",36.912,"Imputation"
"Eritrea","ILO - Modelled Estimates","SDG indicator 10.4.1 - Labour income share as a percent of GDP (%)","2010",37.347,"Imputation"
"Eritrea","ILO - Modelled Estimates","SDG indicator 10.4.1 - Labour income share as a percent of GDP (%)","2009",37.237,"Imputation"
"Eritrea","ILO - Modelled Estimates","SDG indicator 10.4.1 - Labour income share as a percent of GDP (%)","2008",38.077,"Imputation"
"Eritrea","ILO - Modelled Estimates","SDG indicator 10.4.1 - Labour income share as a percent of GDP (%)","2007",37.304,"Imputation"
"Eritrea","ILO - Modelled Estimates","SDG indicator 10.4.1 - Labour income share as a percent of GDP (%)","2006",37.47,"Imputation"
"Eritrea","ILO - Modelled Estimates","SDG indicator 10.4.1 - Labour income share as a percent of GDP (%)","2005",37.236,"Imputation"
"Eritrea","ILO - Modelled Estimates","SDG indicator 10.4.1 - Labour income share as a percent of GDP (%)","2004",37.354,"Imputation"
"Western Sahara","ILO - Modelled Estimates","SDG indicator 10.4.1 - Labour income share as a percent of GDP (%)","2024",42.04,"Imputation"
"Western Sahara","ILO - Modelled Estimates","SDG indicator 10.4.1 - Labour income share as a percent of GDP (%)","2023",42.186,"Imputation"
"Western Sahara","ILO - Modelled Estimates","SDG indicator 10.4.1 - Labour income share as a percent of GDP (%)","2022",41.917,"Imputation"
"Western Sahara","ILO - Modelled Estimates","SDG indicator 10.4.1 - Labour income share as a percent of GDP (%)","2021",41.679,"Imputation"
"Western Sahara","ILO - Modelled Estimates","SDG indicator 10.4.1 - Labour income share as a percent of GDP (%)","2020",43.276,"Imputation"
"Western Sahara","ILO - Modelled Estimates","SDG indicator 10.4.1 - Labour income share as a percent of GDP (%)","2019",42.062,"Imputation"
"Western Sahara","ILO - Modelled Estimates","SDG indicator 10.4.1 - Labour income share as a percent of GDP (%)","2018",42.02,"Imputation"
"Western Sahara","ILO - Modelled Estimates","SDG indicator 10.4.1 - Labour income share as a percent of GDP (%)","2017",42.038,"Imputation"
"Western Sahara","ILO - Modelled Estimates","SDG indicator 10.4.1 - Labour income share as a percent of GDP (%)","2016",42.106,"Imputation"
"Western Sahara","ILO - Modelled Estimates","SDG indicator 10.4.1 - Labour income share as a percent of GDP (%)","2015",42.296,"Imputation"
"Western Sahara","ILO - Modelled Estimates","SDG indicator 10.4.1 - Labour income share as a percent of GDP (%)","2014",41.844,"Imputation"
"Western Sahara","ILO - Modelled Estimates","SDG indicator 10.4.1 - Labour income share as a percent of GDP (%)","2013",41.938,"Imputation"
"Western Sahara","ILO - Modelled Estimates","SDG indicator 10.4.1 - Labour income share as a percent of GDP (%)","2012",41.77,"Imputation"
"Western Sahara","ILO - Modelled Estimates","SDG indicator 10.4.1 - Labour income share as a percent of GDP (%)","2011",41.759,"Imputation"
"Western Sahara","ILO - Modelled Estimates","SDG indicator 10.4.1 - Labour income share as a percent of GDP (%)","2010",41.531,"Imputation"
"Western Sahara","ILO - Modelled Estimates","SDG indicator 10.4.1 - Labour income share as a percent of GDP (%)","2009",42.438,"Imputation"
"Western Sahara","ILO - Modelled Estimates","SDG indicator 10.4.1 - Labour income share as a percent of GDP (%)","2008",41.71,"Imputation"
"Western Sahara","ILO - Modelled Estimates","SDG indicator 10.4.1 - Labour income share as a percent of GDP (%)","2007",41.356,"Imputation"
"Western Sahara","ILO - Modelled Estimates","SDG indicator 10.4.1 - Labour income share as a percent of GDP (%)","2006",41.351,"Imputation"
"Western Sahara","ILO - Modelled Estimates","SDG indicator 10.4.1 - Labour income share as a percent of GDP (%)","2005",41.454,"Imputation"
"Western Sahara","ILO - Modelled Estimates","SDG indicator 10.4.1 - Labour income share as a percent of GDP (%)","2004",41.261,"Imputation"
"Spain","ILO - Modelled Estimates","SDG indicator 10.4.1 - Labour income share as a percent of GDP (%)","2024",57.922,"Model-based extrapolation"
"Spain","ILO - Modelled Estimates","SDG indicator 10.4.1 - Labour income share as a percent of GDP (%)","2023",57.298,"Model-based extrapolation"
"Spain","ILO - Modelled Estimates","SDG indicator 10.4.1 - Labour income share as a percent of GDP (%)","2022",57.263,
"Spain","ILO - Modelled Estimates","SDG indicator 10.4.1 - Labour income share as a percent of GDP (%)","2021",59.089,
"Spain","ILO - Modelled Estimates","SDG indicator 10.4.1 - Labour income share as a percent of GDP (%)","2020",62.482,
"Spain","ILO - Modelled Estimates","SDG indicator 10.4.1 - Labour income share as a percent of GDP (%)","2019",59.502,
"Spain","ILO - Modelled Estimates","SDG indicator 10.4.1 - Labour income share as a percent of GDP (%)","2018",56.895,
"Spain","ILO - Modelled Estimates","SDG indicator 10.4.1 - Labour income share as a percent of GDP (%)","2017",56.703,
"Spain","ILO - Modelled Estimates","SDG indicator 10.4.1 - Labour income share as a percent of GDP (%)","2016",58.128,
"Spain","ILO - Modelled Estimates","SDG indicator 10.4.1 - Labour income share as a percent of GDP (%)","2015",59.323,
"Spain","ILO - Modelled Estimates","SDG indicator 10.4.1 - Labour income share as a percent of GDP (%)","2014",58.305,
"Spain","ILO - Modelled Estimates","SDG indicator 10.4.1 - Labour income share as a percent of GDP (%)","2013",58.693,
"Spain","ILO - Modelled Estimates","SDG indicator 10.4.1 - Labour income share as a percent of GDP (%)","2012",61.406,
"Spain","ILO - Modelled Estimates","SDG indicator 10.4.1 - Labour income share as a percent of GDP (%)","2011",62.543,
"Spain","ILO - Modelled Estimates","SDG indicator 10.4.1 - Labour income share as a percent of GDP (%)","2010",63.99,
"Spain","ILO - Modelled Estimates","SDG indicator 10.4.1 - Labour income share as a percent of GDP (%)","2009",64.704,
"Spain","ILO - Modelled Estimates","SDG indicator 10.4.1 - Labour income share as a percent of GDP (%)","2008",64.702,
"Spain","ILO - Modelled Estimates","SDG indicator 10.4.1 - Labour income share as a percent of GDP (%)","2007",62.199,
"Spain","ILO - Modelled Estimates","SDG indicator 10.4.1 - Labour income share as a percent of GDP (%)","2006",61.829,
"Spain","ILO - Modelled Estimates","SDG indicator 10.4.1 - Labour income share as a percent of GDP (%)","2005",61.821,
"Spain","ILO - Modelled Estimates","SDG indicator 10.4.1 - Labour income share as a percent of GDP (%)","2004",62.381,
"Estonia","ILO - Modelled Estimates","SDG indicator 10.4.1 - Labour income share as a percent of GDP (%)","2024",58.596,"Model-based extrapolation"
"Estonia","ILO - Modelled Estimates","SDG indicator 10.4.1 - Labour income share as a percent of GDP (%)","2023",58.067,"Model-based extrapolation"
"Estonia","ILO - Modelled Estimates","SDG indicator 10.4.1 - Labour income share as a percent of GDP (%)","2022",55.813,
"Estonia","ILO - Modelled Estimates","SDG indicator 10.4.1 - Labour income share as a percent of GDP (%)","2021",56.369,
"Estonia","ILO - Modelled Estimates","SDG indicator 10.4.1 - Labour income share as a percent of GDP (%)","2020",59.703,
"Estonia","ILO - Modelled Estimates","SDG indicator 10.4.1 - Labour income share as a percent of GDP (%)","2019",56.666,
"Estonia","ILO - Modelled Estimates","SDG indicator 10.4.1 - Labour income share as a percent of GDP (%)","2018",55.854,
"Estonia","ILO - Modelled Estimates","SDG indicator 10.4.1 - Labour income share as a percent of GDP (%)","2017",55.133,
"Estonia","ILO - Modelled Estimates","SDG indicator 10.4.1 - Labour income share as a percent of GDP (%)","2016",56.032,
"Estonia","ILO - Modelled Estimates","SDG indicator 10.4.1 - Labour income share as a percent of GDP (%)","2015",55.694,
"Estonia","ILO - Modelled Estimates","SDG indicator 10.4.1 - Labour income share as a percent of GDP (%)","2014",53.386,
"Estonia","ILO - Modelled Estimates","SDG indicator 10.4.1 - Labour income share as a percent of GDP (%)","2013",51.32,
"Estonia","ILO - Modelled Estimates","SDG indicator 10.4.1 - Labour income share as a percent of GDP (%)","2012",50.39,
"Estonia","ILO - Modelled Estimates","SDG indicator 10.4.1 - Labour income share as a percent of GDP (%)","2011",49.697,
"Estonia","ILO - Modelled Estimates","SDG indicator 10.4.1 - Labour income share as a percent of GDP (%)","2010",51.064,
"Estonia","ILO - Modelled Estimates","SDG indicator 10.4.1 - Labour income share as a percent of GDP (%)","2009",54.562,
"Estonia","ILO - Modelled Estimates","SDG indicator 10.4.1 - Labour income share as a percent of GDP (%)","2008",54.626,
"Estonia","ILO - Modelled Estimates","SDG indicator 10.4.1 - Labour income share as a percent of GDP (%)","2007",49.461,
"Estonia","ILO - Modelled Estimates","SDG indicator 10.4.1 - Labour income share as a percent of GDP (%)","2006",47.992,
"Estonia","ILO - Modelled Estimates","SDG indicator 10.4.1 - Labour income share as a percent of GDP (%)","2005",47.574,
"Estonia","ILO - Modelled Estimates","SDG indicator 10.4.1 - Labour income share as a percent of GDP (%)","2004",47.58,
"Ethiopia","ILO - Modelled Estimates","SDG indicator 10.4.1 - Labour income share as a percent of GDP (%)","2024",39.871,"Imputation"
"Ethiopia","ILO - Modelled Estimates","SDG indicator 10.4.1 - Labour income share as a percent of GDP (%)","2023",39.587,"Imputation"
"Ethiopia","ILO - Modelled Estimates","SDG indicator 10.4.1 - Labour income share as a percent of GDP (%)","2022",39.835,"Imputation"
"Ethiopia","ILO - Modelled Estimates","SDG indicator 10.4.1 - Labour income share as a percent of GDP (%)","2021",39.624,"Imputation"
"Ethiopia","ILO - Modelled Estimates","SDG indicator 10.4.1 - Labour income share as a percent of GDP (%)","2020",39.365,"Imputation"
"Ethiopia","ILO - Modelled Estimates","SDG indicator 10.4.1 - Labour income share as a percent of GDP (%)","2019",39.415,"Imputation"
"Ethiopia","ILO - Modelled Estimates","SDG indicator 10.4.1 - Labour income share as a percent of GDP (%)","2018",39.883,"Imputation"
"Ethiopia","ILO - Modelled Estimates","SDG indicator 10.4.1 - Labour income share as a percent of GDP (%)","2017",39.098,"Imputation"
"Ethiopia","ILO - Modelled Estimates","SDG indicator 10.4.1 - Labour income share as a percent of GDP (%)","2016",39.159,"Imputation"
"Ethiopia","ILO - Modelled Estimates","SDG indicator 10.4.1 - Labour income share as a percent of GDP (%)","2015",38.934,"Imputation"
"Ethiopia","ILO - Modelled Estimates","SDG indicator 10.4.1 - Labour income share as a percent of GDP (%)","2014",39.052,"Imputation"
"Ethiopia","ILO - Modelled Estimates","SDG indicator 10.4.1 - Labour income share as a percent of GDP (%)","2013",39.043,"Imputation"
"Ethiopia","ILO - Modelled Estimates","SDG indicator 10.4.1 - Labour income share as a percent of GDP (%)","2012",39.726,"Imputation"
"Ethiopia","ILO - Modelled Estimates","SDG indicator 10.4.1 - Labour income share as a percent of GDP (%)","2011",39.149,"Imputation"
"Ethiopia","ILO - Modelled Estimates","SDG indicator 10.4.1 - Labour income share as a percent of GDP (%)","2010",38.87,"Imputation"
"Ethiopia","ILO - Modelled Estimates","SDG indicator 10.4.1 - Labour income share as a percent of GDP (%)","2009",40.069,"Imputation"
"Ethiopia","ILO - Modelled Estimates","SDG indicator 10.4.1 - Labour income share as a percent of GDP (%)","2008",39.634,"Imputation"
"Ethiopia","ILO - Modelled Estimates","SDG indicator 10.4.1 - Labour income share as a percent of GDP (%)","2007",39.59,"Imputation"
"Ethiopia","ILO - Modelled Estimates","SDG indicator 10.4.1 - Labour income share as a percent of GDP (%)","2006",39.903,"Imputation"
"Ethiopia","ILO - Modelled Estimates","SDG indicator 10.4.1 - Labour income share as a percent of GDP (%)","2005",39.731,"Imputation"
"Ethiopia","ILO - Modelled Estimates","SDG indicator 10.4.1 - Labour income share as a percent of GDP (%)","2004",39.114,"Imputation"
"Finland","ILO - Modelled Estimates","SDG indicator 10.4.1 - Labour income share as a percent of GDP (%)","2024",54.971,"Model-based extrapolation"
"Finland","ILO - Modelled Estimates","SDG indicator 10.4.1 - Labour income share as a percent of GDP (%)","2023",55.134,"Model-based extrapolation"
"Finland","ILO - Modelled Estimates","SDG indicator 10.4.1 - Labour income share as a percent of GDP (%)","2022",54.728,
"Finland","ILO - Modelled Estimates","SDG indicator 10.4.1 - Labour income share as a percent of GDP (%)","2021",55.477,
"Finland","ILO - Modelled Estimates","SDG indicator 10.4.1 - Labour income share as a percent of GDP (%)","2020",53.766,
"Finland","ILO - Modelled Estimates","SDG indicator 10.4.1 - Labour income share as a percent of GDP (%)","2019",54.29,
"Finland","ILO - Modelled Estimates","SDG indicator 10.4.1 - Labour income share as a percent of GDP (%)","2018",54.27,
"Finland","ILO - Modelled Estimates","SDG indicator 10.4.1 - Labour income share as a percent of GDP (%)","2017",54.154,
"Finland","ILO - Modelled Estimates","SDG indicator 10.4.1 - Labour income share as a percent of GDP (%)","2016",55.795,
"Finland","ILO - Modelled Estimates","SDG indicator 10.4.1 - Labour income share as a percent of GDP (%)","2015",57.604,
"Finland","ILO - Modelled Estimates","SDG indicator 10.4.1 - Labour income share as a percent of GDP (%)","2014",57.143,
"Finland","ILO - Modelled Estimates","SDG indicator 10.4.1 - Labour income share as a percent of GDP (%)","2013",58.049,
"Finland","ILO - Modelled Estimates","SDG indicator 10.4.1 - Labour income share as a percent of GDP (%)","2012",58.476,
"Finland","ILO - Modelled Estimates","SDG indicator 10.4.1 - Labour income share as a percent of GDP (%)","2011",58.653,
"Finland","ILO - Modelled Estimates","SDG indicator 10.4.1 - Labour income share as a percent of GDP (%)","2010",58.919,
"Finland","ILO - Modelled Estimates","SDG indicator 10.4.1 - Labour income share as a percent of GDP (%)","2009",60.19,
"Finland","ILO - Modelled Estimates","SDG indicator 10.4.1 - Labour income share as a percent of GDP (%)","2008",56.32,
"Finland","ILO - Modelled Estimates","SDG indicator 10.4.1 - Labour income share as a percent of GDP (%)","2007",55.327,
"Finland","ILO - Modelled Estimates","SDG indicator 10.4.1 - Labour income share as a percent of GDP (%)","2006",56.93,
"Finland","ILO - Modelled Estimates","SDG indicator 10.4.1 - Labour income share as a percent of GDP (%)","2005",55.552,
"Finland","ILO - Modelled Estimates","SDG indicator 10.4.1 - Labour income share as a percent of GDP (%)","2004",54.987,
"Fiji","ILO - Modelled Estimates","SDG indicator 10.4.1 - Labour income share as a percent of GDP (%)","2024",42.971,"Imputation"
"Fiji","ILO - Modelled Estimates","SDG indicator 10.4.1 - Labour income share as a percent of GDP (%)","2023",42.446,"Imputation"
"Fiji","ILO - Modelled Estimates","SDG indicator 10.4.1 - Labour income share as a percent of GDP (%)","2022",42.062,"Imputation"
"Fiji","ILO - Modelled Estimates","SDG indicator 10.4.1 - Labour income share as a percent of GDP (%)","2021",42.934,"Imputation"
"Fiji","ILO - Modelled Estimates","SDG indicator 10.4.1 - Labour income share as a percent of GDP (%)","2020",44.659,"Imputation"
"Fiji","ILO - Modelled Estimates","SDG indicator 10.4.1 - Labour income share as a percent of GDP (%)","2019",43.203,"Imputation"
"Fiji","ILO - Modelled Estimates","SDG indicator 10.4.1 - Labour income share as a percent of GDP (%)","2018",42.807,"Imputation"
"Fiji","ILO - Modelled Estimates","SDG indicator 10.4.1 - Labour income share as a percent of GDP (%)","2017",42.698,"Imputation"
"Fiji","ILO - Modelled Estimates","SDG indicator 10.4.1 - Labour income share as a percent of GDP (%)","2016",43.038,"Imputation"
"Fiji","ILO - Modelled Estimates","SDG indicator 10.4.1 - Labour income share as a percent of GDP (%)","2015",43.148,"Imputation"
"Fiji","ILO - Modelled Estimates","SDG indicator 10.4.1 - Labour income share as a percent of GDP (%)","2014",43.399,"Imputation"
"Fiji","ILO - Modelled Estimates","SDG indicator 10.4.1 - Labour income share as a percent of GDP (%)","2013",43.655,"Imputation"
"Fiji","ILO - Modelled Estimates","SDG indicator 10.4.1 - Labour income share as a percent of GDP (%)","2012",44.19,"Imputation"
"Fiji","ILO - Modelled Estimates","SDG indicator 10.4.1 - Labour income share as a percent of GDP (%)","2011",44.247,"Imputation"
"Fiji","ILO - Modelled Estimates","SDG indicator 10.4.1 - Labour income share as a percent of GDP (%)","2010",43.929,"Imputation"
"Fiji","ILO - Modelled Estimates","SDG indicator 10.4.1 - Labour income share as a percent of GDP (%)","2009",44.096,"Imputation"
"Fiji","ILO - Modelled Estimates","SDG indicator 10.4.1 - Labour income share as a percent of GDP (%)","2008",43.57,"Imputation"
"Fiji","ILO - Modelled Estimates","SDG indicator 10.4.1 - Labour income share as a percent of GDP (%)","2007",43.471,"Imputation"
"Fiji","ILO - Modelled Estimates","SDG indicator 10.4.1 - Labour income share as a percent of GDP (%)","2006",42.946,"Imputation"
"Fiji","ILO - Modelled Estimates","SDG indicator 10.4.1 - Labour income share as a percent of GDP (%)","2005",42.802,"Imputation"
"Fiji","ILO - Modelled Estimates","SDG indicator 10.4.1 - Labour income share as a percent of GDP (%)","2004",42.349,"Imputation"
"France","ILO - Modelled Estimates","SDG indicator 10.4.1 - Labour income share as a percent of GDP (%)","2024",60.147,"Model-based extrapolation"
"France","ILO - Modelled Estimates","SDG indicator 10.4.1 - Labour income share as a percent of GDP (%)","2023",60.497,"Model-based extrapolation"
"France","ILO - Modelled Estimates","SDG indicator 10.4.1 - Labour income share as a percent of GDP (%)","2022",61.138,
"France","ILO - Modelled Estimates","SDG indicator 10.4.1 - Labour income share as a percent of GDP (%)","2021",59.778,
"France","ILO - Modelled Estimates","SDG indicator 10.4.1 - Labour income share as a percent of GDP (%)","2020",61.085,
"France","ILO - Modelled Estimates","SDG indicator 10.4.1 - Labour income share as a percent of GDP (%)","2019",59.614,
"France","ILO - Modelled Estimates","SDG indicator 10.4.1 - Labour income share as a percent of GDP (%)","2018",59.969,
"France","ILO - Modelled Estimates","SDG indicator 10.4.1 - Labour income share as a percent of GDP (%)","2017",59.855,
"France","ILO - Modelled Estimates","SDG indicator 10.4.1 - Labour income share as a percent of GDP (%)","2016",61.823,
"France","ILO - Modelled Estimates","SDG indicator 10.4.1 - Labour income share as a percent of GDP (%)","2015",62.162,
"France","ILO - Modelled Estimates","SDG indicator 10.4.1 - Labour income share as a percent of GDP (%)","2014",63.413,
"France","ILO - Modelled Estimates","SDG indicator 10.4.1 - Labour income share as a percent of GDP (%)","2013",61.518,
"France","ILO - Modelled Estimates","SDG indicator 10.4.1 - Labour income share as a percent of GDP (%)","2012",62.284,
"France","ILO - Modelled Estimates","SDG indicator 10.4.1 - Labour income share as a percent of GDP (%)","2011",63.021,
"France","ILO - Modelled Estimates","SDG indicator 10.4.1 - Labour income share as a percent of GDP (%)","2010",63.384,
"France","ILO - Modelled Estimates","SDG indicator 10.4.1 - Labour income share as a percent of GDP (%)","2009",62.585,
"France","ILO - Modelled Estimates","SDG indicator 10.4.1 - Labour income share as a percent of GDP (%)","2008",60.914,
"France","ILO - Modelled Estimates","SDG indicator 10.4.1 - Labour income share as a percent of GDP (%)","2007",62.321,
"France","ILO - Modelled Estimates","SDG indicator 10.4.1 - Labour income share as a percent of GDP (%)","2006",61.202,
"France","ILO - Modelled Estimates","SDG indicator 10.4.1 - Labour income share as a percent of GDP (%)","2005",60.77,
"France","ILO - Modelled Estimates","SDG indicator 10.4.1 - Labour income share as a percent of GDP (%)","2004",60.013,
"Gabon","ILO - Modelled Estimates","SDG indicator 10.4.1 - Labour income share as a percent of GDP (%)","2024",27.005,"Imputation"
"Gabon","ILO - Modelled Estimates","SDG indicator 10.4.1 - Labour income share as a percent of GDP (%)","2023",27.154,"Imputation"
"Gabon","ILO - Modelled Estimates","SDG indicator 10.4.1 - Labour income share as a percent of GDP (%)","2022",26.98,"Imputation"
"Gabon","ILO - Modelled Estimates","SDG indicator 10.4.1 - Labour income share as a percent of GDP (%)","2021",26.487,"Imputation"
"Gabon","ILO - Modelled Estimates","SDG indicator 10.4.1 - Labour income share as a percent of GDP (%)","2020",27.762,"Imputation"
"Gabon","ILO - Modelled Estimates","SDG indicator 10.4.1 - Labour income share as a percent of GDP (%)","2019",26.733,"Imputation"
"Gabon","ILO - Modelled Estimates","SDG indicator 10.4.1 - Labour income share as a percent of GDP (%)","2018",27.575,"Imputation"
"Gabon","ILO - Modelled Estimates","SDG indicator 10.4.1 - Labour income share as a percent of GDP (%)","2017",27.684,"Imputation"
"Gabon","ILO - Modelled Estimates","SDG indicator 10.4.1 - Labour income share as a percent of GDP (%)","2016",27.254,"Imputation"
"Gabon","ILO - Modelled Estimates","SDG indicator 10.4.1 - Labour income share as a percent of GDP (%)","2015",26.752,"Imputation"
"Gabon","ILO - Modelled Estimates","SDG indicator 10.4.1 - Labour income share as a percent of GDP (%)","2014",26.614,"Imputation"
"Gabon","ILO - Modelled Estimates","SDG indicator 10.4.1 - Labour income share as a percent of GDP (%)","2013",26.24,"Imputation"
"Gabon","ILO - Modelled Estimates","SDG indicator 10.4.1 - Labour income share as a percent of GDP (%)","2012",26.351,"Imputation"
"Gabon","ILO - Modelled Estimates","SDG indicator 10.4.1 - Labour income share as a percent of GDP (%)","2011",25.859,"Imputation"
"Gabon","ILO - Modelled Estimates","SDG indicator 10.4.1 - Labour income share as a percent of GDP (%)","2010",25.921,"Imputation"
"Gabon","ILO - Modelled Estimates","SDG indicator 10.4.1 - Labour income share as a percent of GDP (%)","2009",27.892,"Imputation"
"Gabon","ILO - Modelled Estimates","SDG indicator 10.4.1 - Labour income share as a percent of GDP (%)","2008",28.829,"Imputation"
"Gabon","ILO - Modelled Estimates","SDG indicator 10.4.1 - Labour income share as a percent of GDP (%)","2007",26.402,"Imputation"
"Gabon","ILO - Modelled Estimates","SDG indicator 10.4.1 - Labour income share as a percent of GDP (%)","2006",28.89,"Imputation"
"Gabon","ILO - Modelled Estimates","SDG indicator 10.4.1 - Labour income share as a percent of GDP (%)","2005",27.48,"Imputation"
"Gabon","ILO - Modelled Estimates","SDG indicator 10.4.1 - Labour income share as a percent of GDP (%)","2004",32.144,"Imputation"
"United Kingdom of Great Britain and Northern Ireland","ILO - Modelled Estimates","SDG indicator 10.4.1 - Labour income share as a percent of GDP (%)","2024",58.046,"Model-based extrapolation"
"United Kingdom of Great Britain and Northern Ireland","ILO - Modelled Estimates","SDG indicator 10.4.1 - Labour income share as a percent of GDP (%)","2023",58.102,"Model-based extrapolation"
"United Kingdom of Great Britain and Northern Ireland","ILO - Modelled Estimates","SDG indicator 10.4.1 - Labour income share as a percent of GDP (%)","2022",58.133,
"United Kingdom of Great Britain and Northern Ireland","ILO - Modelled Estimates","SDG indicator 10.4.1 - Labour income share as a percent of GDP (%)","2021",59.049,
"United Kingdom of Great Britain and Northern Ireland","ILO - Modelled Estimates","SDG indicator 10.4.1 - Labour income share as a percent of GDP (%)","2020",60.269,
"United Kingdom of Great Britain and Northern Ireland","ILO - Modelled Estimates","SDG indicator 10.4.1 - Labour income share as a percent of GDP (%)","2019",56.515,
"United Kingdom of Great Britain and Northern Ireland","ILO - Modelled Estimates","SDG indicator 10.4.1 - Labour income share as a percent of GDP (%)","2018",55.755,
"United Kingdom of Great Britain and Northern Ireland","ILO - Modelled Estimates","SDG indicator 10.4.1 - Labour income share as a percent of GDP (%)","2017",55.541,
"United Kingdom of Great Britain and Northern Ireland","ILO - Modelled Estimates","SDG indicator 10.4.1 - Labour income share as a percent of GDP (%)","2016",56.046,
"United Kingdom of Great Britain and Northern Ireland","ILO - Modelled Estimates","SDG indicator 10.4.1 - Labour income share as a percent of GDP (%)","2015",56.033,
"United Kingdom of Great Britain and Northern Ireland","ILO - Modelled Estimates","SDG indicator 10.4.1 - Labour income share as a percent of GDP (%)","2014",56.825,
"United Kingdom of Great Britain and Northern Ireland","ILO - Modelled Estimates","SDG indicator 10.4.1 - Labour income share as a percent of GDP (%)","2013",57.15,
"United Kingdom of Great Britain and Northern Ireland","ILO - Modelled Estimates","SDG indicator 10.4.1 - Labour income share as a percent of GDP (%)","2012",57.376,
"United Kingdom of Great Britain and Northern Ireland","ILO - Modelled Estimates","SDG indicator 10.4.1 - Labour income share as a percent of GDP (%)","2011",57.598,
"United Kingdom of Great Britain and Northern Ireland","ILO - Modelled Estimates","SDG indicator 10.4.1 - Labour income share as a percent of GDP (%)","2010",58.609,
"United Kingdom of Great Britain and Northern Ireland","ILO - Modelled Estimates","SDG indicator 10.4.1 - Labour income share as a percent of GDP (%)","2009",59.173,
"United Kingdom of Great Britain and Northern Ireland","ILO - Modelled Estimates","SDG indicator 10.4.1 - Labour income share as a percent of GDP (%)","2008",58.908,
"United Kingdom of Great Britain and Northern Ireland","ILO - Modelled Estimates","SDG indicator 10.4.1 - Labour income share as a percent of GDP (%)","2007",59.624,
"United Kingdom of Great Britain and Northern Ireland","ILO - Modelled Estimates","SDG indicator 10.4.1 - Labour income share as a percent of GDP (%)","2006",58.662,
"United Kingdom of Great Britain and Northern Ireland","ILO - Modelled Estimates","SDG indicator 10.4.1 - Labour income share as a percent of GDP (%)","2005",58.486,
"United Kingdom of Great Britain and Northern Ireland","ILO - Modelled Estimates","SDG indicator 10.4.1 - Labour income share as a percent of GDP (%)","2004",58.585,
"Georgia","ILO - Modelled Estimates","SDG indicator 10.4.1 - Labour income share as a percent of GDP (%)","2024",53.052,"Imputation"
"Georgia","ILO - Modelled Estimates","SDG indicator 10.4.1 - Labour income share as a percent of GDP (%)","2023",52.751,"Imputation"
"Georgia","ILO - Modelled Estimates","SDG indicator 10.4.1 - Labour income share as a percent of GDP (%)","2022",52.15,"Imputation"
"Georgia","ILO - Modelled Estimates","SDG indicator 10.4.1 - Labour income share as a percent of GDP (%)","2021",51.039,"Imputation"
"Georgia","ILO - Modelled Estimates","SDG indicator 10.4.1 - Labour income share as a percent of GDP (%)","2020",53.646,"Imputation"
"Georgia","ILO - Modelled Estimates","SDG indicator 10.4.1 - Labour income share as a percent of GDP (%)","2019",55.167,"Imputation"
"Georgia","ILO - Modelled Estimates","SDG indicator 10.4.1 - Labour income share as a percent of GDP (%)","2018",53.602,"Imputation"
"Georgia","ILO - Modelled Estimates","SDG indicator 10.4.1 - Labour income share as a percent of GDP (%)","2017",53.271,"Imputation"
"Georgia","ILO - Modelled Estimates","SDG indicator 10.4.1 - Labour income share as a percent of GDP (%)","2016",54.898,"Imputation"
"Georgia","ILO - Modelled Estimates","SDG indicator 10.4.1 - Labour income share as a percent of GDP (%)","2015",51.043,"Imputation"
"Georgia","ILO - Modelled Estimates","SDG indicator 10.4.1 - Labour income share as a percent of GDP (%)","2014",50.035,"Imputation"
"Georgia","ILO - Modelled Estimates","SDG indicator 10.4.1 - Labour income share as a percent of GDP (%)","2013",51.233,"Imputation"
"Georgia","ILO - Modelled Estimates","SDG indicator 10.4.1 - Labour income share as a percent of GDP (%)","2012",47.584,"Imputation"
"Georgia","ILO - Modelled Estimates","SDG indicator 10.4.1 - Labour income share as a percent of GDP (%)","2011",45.724,"Imputation"
"Georgia","ILO - Modelled Estimates","SDG indicator 10.4.1 - Labour income share as a percent of GDP (%)","2010",43.544,"Imputation"
"Georgia","ILO - Modelled Estimates","SDG indicator 10.4.1 - Labour income share as a percent of GDP (%)","2009",51.411,"Imputation"
"Georgia","ILO - Modelled Estimates","SDG indicator 10.4.1 - Labour income share as a percent of GDP (%)","2008",43.8,"Imputation"
"Georgia","ILO - Modelled Estimates","SDG indicator 10.4.1 - Labour income share as a percent of GDP (%)","2007",37.125,"Imputation"
"Georgia","ILO - Modelled Estimates","SDG indicator 10.4.1 - Labour income share as a percent of GDP (%)","2006",33.525,"Imputation"
"Georgia","ILO - Modelled Estimates","SDG indicator 10.4.1 - Labour income share as a percent of GDP (%)","2005",34.308,"Imputation"
"Georgia","ILO - Modelled Estimates","SDG indicator 10.4.1 - Labour income share as a percent of GDP (%)","2004",34.29,"Imputation"
"Ghana","ILO - Modelled Estimates","SDG indicator 10.4.1 - Labour income share as a percent of GDP (%)","2024",43.765,"Imputation"
"Ghana","ILO - Modelled Estimates","SDG indicator 10.4.1 - Labour income share as a percent of GDP (%)","2023",43.881,"Imputation"
"Ghana","ILO - Modelled Estimates","SDG indicator 10.4.1 - Labour income share as a percent of GDP (%)","2022",43.7,"Imputation"
"Ghana","ILO - Modelled Estimates","SDG indicator 10.4.1 - Labour income share as a percent of GDP (%)","2021",43.65,"Imputation"
"Ghana","ILO - Modelled Estimates","SDG indicator 10.4.1 - Labour income share as a percent of GDP (%)","2020",43.637,"Imputation"
"Ghana","ILO - Modelled Estimates","SDG indicator 10.4.1 - Labour income share as a percent of GDP (%)","2019",43.31,"Imputation"
"Ghana","ILO - Modelled Estimates","SDG indicator 10.4.1 - Labour income share as a percent of GDP (%)","2018",43.457,"Imputation"
"Ghana","ILO - Modelled Estimates","SDG indicator 10.4.1 - Labour income share as a percent of GDP (%)","2017",43.125,"Imputation"
"Ghana","ILO - Modelled Estimates","SDG indicator 10.4.1 - Labour income share as a percent of GDP (%)","2016",44.208,"Imputation"
"Ghana","ILO - Modelled Estimates","SDG indicator 10.4.1 - Labour income share as a percent of GDP (%)","2015",44.508,"Imputation"
"Ghana","ILO - Modelled Estimates","SDG indicator 10.4.1 - Labour income share as a percent of GDP (%)","2014",44.218,"Imputation"
"Ghana","ILO - Modelled Estimates","SDG indicator 10.4.1 - Labour income share as a percent of GDP (%)","2013",43.151,"Imputation"
"Ghana","ILO - Modelled Estimates","SDG indicator 10.4.1 - Labour income share as a percent of GDP (%)","2012",42.767,"Imputation"
"Ghana","ILO - Modelled Estimates","SDG indicator 10.4.1 - Labour income share as a percent of GDP (%)","2011",41.811,"Imputation"
"Ghana","ILO - Modelled Estimates","SDG indicator 10.4.1 - Labour income share as a percent of GDP (%)","2010",43.203,"Imputation"
"Ghana","ILO - Modelled Estimates","SDG indicator 10.4.1 - Labour income share as a percent of GDP (%)","2009",43.929,"Imputation"
"Ghana","ILO - Modelled Estimates","SDG indicator 10.4.1 - Labour income share as a percent of GDP (%)","2008",43.09,"Imputation"
"Ghana","ILO - Modelled Estimates","SDG indicator 10.4.1 - Labour income share as a percent of GDP (%)","2007",44.181,"Imputation"
"Ghana","ILO - Modelled Estimates","SDG indicator 10.4.1 - Labour income share as a percent of GDP (%)","2006",43.824,"Imputation"
"Ghana","ILO - Modelled Estimates","SDG indicator 10.4.1 - Labour income share as a percent of GDP (%)","2005",43.965,"Imputation"
"Ghana","ILO - Modelled Estimates","SDG indicator 10.4.1 - Labour income share as a percent of GDP (%)","2004",44.061,"Imputation"
"Guinea","ILO - Modelled Estimates","SDG indicator 10.4.1 - Labour income share as a percent of GDP (%)","2024",36.739,"Imputation"
"Guinea","ILO - Modelled Estimates","SDG indicator 10.4.1 - Labour income share as a percent of GDP (%)","2023",36.407,"Imputation"
"Guinea","ILO - Modelled Estimates","SDG indicator 10.4.1 - Labour income share as a percent of GDP (%)","2022",36.76,"Imputation"
"Guinea","ILO - Modelled Estimates","SDG indicator 10.4.1 - Labour income share as a percent of GDP (%)","2021",37.403,"Imputation"
"Guinea","ILO - Modelled Estimates","SDG indicator 10.4.1 - Labour income share as a percent of GDP (%)","2020",36.473,"Imputation"
"Guinea","ILO - Modelled Estimates","SDG indicator 10.4.1 - Labour income share as a percent of GDP (%)","2019",36.54,"Imputation"
"Guinea","ILO - Modelled Estimates","SDG indicator 10.4.1 - Labour income share as a percent of GDP (%)","2018",37.095,"Imputation"
"Guinea","ILO - Modelled Estimates","SDG indicator 10.4.1 - Labour income share as a percent of GDP (%)","2017",39.777,"Imputation"
"Guinea","ILO - Modelled Estimates","SDG indicator 10.4.1 - Labour income share as a percent of GDP (%)","2016",39.619,"Imputation"
"Guinea","ILO - Modelled Estimates","SDG indicator 10.4.1 - Labour income share as a percent of GDP (%)","2015",45.647,"Imputation"
"Guinea","ILO - Modelled Estimates","SDG indicator 10.4.1 - Labour income share as a percent of GDP (%)","2014",46.379,"Imputation"
"Guinea","ILO - Modelled Estimates","SDG indicator 10.4.1 - Labour income share as a percent of GDP (%)","2013",46.883,"Imputation"
"Guinea","ILO - Modelled Estimates","SDG indicator 10.4.1 - Labour income share as a percent of GDP (%)","2012",46.735,"Imputation"
"Guinea","ILO - Modelled Estimates","SDG indicator 10.4.1 - Labour income share as a percent of GDP (%)","2011",48.534,"Imputation"
"Guinea","ILO - Modelled Estimates","SDG indicator 10.4.1 - Labour income share as a percent of GDP (%)","2010",49.423,"Imputation"
"Guinea","ILO - Modelled Estimates","SDG indicator 10.4.1 - Labour income share as a percent of GDP (%)","2009",50.702,"Imputation"
"Guinea","ILO - Modelled Estimates","SDG indicator 10.4.1 - Labour income share as a percent of GDP (%)","2008",47.871,"Imputation"
"Guinea","ILO - Modelled Estimates","SDG indicator 10.4.1 - Labour income share as a percent of GDP (%)","2007",48.632,"Imputation"
"Guinea","ILO - Modelled Estimates","SDG indicator 10.4.1 - Labour income share as a percent of GDP (%)","2006",50.335,"Imputation"
"Guinea","ILO - Modelled Estimates","SDG indicator 10.4.1 - Labour income share as a percent of GDP (%)","2005",48.804,"Imputation"
"Guinea","ILO - Modelled Estimates","SDG indicator 10.4.1 - Labour income share as a percent of GDP (%)","2004",49.128,"Imputation"
"Gambia","ILO - Modelled Estimates","SDG indicator 10.4.1 - Labour income share as a percent of GDP (%)","2024",40.483,"Imputation"
"Gambia","ILO - Modelled Estimates","SDG indicator 10.4.1 - Labour income share as a percent of GDP (%)","2023",40.609,"Imputation"
"Gambia","ILO - Modelled Estimates","SDG indicator 10.4.1 - Labour income share as a percent of GDP (%)","2022",40.725,"Imputation"
"Gambia","ILO - Modelled Estimates","SDG indicator 10.4.1 - Labour income share as a percent of GDP (%)","2021",40.771,"Imputation"
"Gambia","ILO - Modelled Estimates","SDG indicator 10.4.1 - Labour income share as a percent of GDP (%)","2020",41.389,"Imputation"
"Gambia","ILO - Modelled Estimates","SDG indicator 10.4.1 - Labour income share as a percent of GDP (%)","2019",40.649,"Imputation"
"Gambia","ILO - Modelled Estimates","SDG indicator 10.4.1 - Labour income share as a percent of GDP (%)","2018",40.507,"Imputation"
"Gambia","ILO - Modelled Estimates","SDG indicator 10.4.1 - Labour income share as a percent of GDP (%)","2017",40.542,"Imputation"
"Gambia","ILO - Modelled Estimates","SDG indicator 10.4.1 - Labour income share as a percent of GDP (%)","2016",40.64,"Imputation"
"Gambia","ILO - Modelled Estimates","SDG indicator 10.4.1 - Labour income share as a percent of GDP (%)","2015",39.883,"Imputation"
"Gambia","ILO - Modelled Estimates","SDG indicator 10.4.1 - Labour income share as a percent of GDP (%)","2014",40.413,"Imputation"
"Gambia","ILO - Modelled Estimates","SDG indicator 10.4.1 - Labour income share as a percent of GDP (%)","2013",39.266,"Imputation"
"Gambia","ILO - Modelled Estimates","SDG indicator 10.4.1 - Labour income share as a percent of GDP (%)","2012",38.459,"Imputation"
"Gambia","ILO - Modelled Estimates","SDG indicator 10.4.1 - Labour income share as a percent of GDP (%)","2011",40.722,"Imputation"
"Gambia","ILO - Modelled Estimates","SDG indicator 10.4.1 - Labour income share as a percent of GDP (%)","2010",38.309,"Imputation"
"Gambia","ILO - Modelled Estimates","SDG indicator 10.4.1 - Labour income share as a percent of GDP (%)","2009",38.218,"Imputation"
"Gambia","ILO - Modelled Estimates","SDG indicator 10.4.1 - Labour income share as a percent of GDP (%)","2008",38.299,"Imputation"
"Gambia","ILO - Modelled Estimates","SDG indicator 10.4.1 - Labour income share as a percent of GDP (%)","2007",38.848,"Imputation"
"Gambia","ILO - Modelled Estimates","SDG indicator 10.4.1 - Labour income share as a percent of GDP (%)","2006",39.455,"Imputation"
"Gambia","ILO - Modelled Estimates","SDG indicator 10.4.1 - Labour income share as a percent of GDP (%)","2005",39.734,"Imputation"
"Gambia","ILO - Modelled Estimates","SDG indicator 10.4.1 - Labour income share as a percent of GDP (%)","2004",38.143,"Imputation"
"Guinea-Bissau","ILO - Modelled Estimates","SDG indicator 10.4.1 - Labour income share as a percent of GDP (%)","2024",36.988,"Imputation"
"Guinea-Bissau","ILO - Modelled Estimates","SDG indicator 10.4.1 - Labour income share as a percent of GDP (%)","2023",37.235,"Imputation"
"Guinea-Bissau","ILO - Modelled Estimates","SDG indicator 10.4.1 - Labour income share as a percent of GDP (%)","2022",37.235,"Imputation"
"Guinea-Bissau","ILO - Modelled Estimates","SDG indicator 10.4.1 - Labour income share as a percent of GDP (%)","2021",37.364,"Imputation"
"Guinea-Bissau","ILO - Modelled Estimates","SDG indicator 10.4.1 - Labour income share as a percent of GDP (%)","2020",37.618,"Imputation"
"Guinea-Bissau","ILO - Modelled Estimates","SDG indicator 10.4.1 - Labour income share as a percent of GDP (%)","2019",37.138,"Imputation"
"Guinea-Bissau","ILO - Modelled Estimates","SDG indicator 10.4.1 - Labour income share as a percent of GDP (%)","2018",38.109,"Imputation"
"Guinea-Bissau","ILO - Modelled Estimates","SDG indicator 10.4.1 - Labour income share as a percent of GDP (%)","2017",36.713,"Imputation"
"Guinea-Bissau","ILO - Modelled Estimates","SDG indicator 10.4.1 - Labour income share as a percent of GDP (%)","2016",36.638,"Imputation"
"Guinea-Bissau","ILO - Modelled Estimates","SDG indicator 10.4.1 - Labour income share as a percent of GDP (%)","2015",36.703,"Imputation"
"Guinea-Bissau","ILO - Modelled Estimates","SDG indicator 10.4.1 - Labour income share as a percent of GDP (%)","2014",38.247,"Imputation"
"Guinea-Bissau","ILO - Modelled Estimates","SDG indicator 10.4.1 - Labour income share as a percent of GDP (%)","2013",37.558,"Imputation"
"Guinea-Bissau","ILO - Modelled Estimates","SDG indicator 10.4.1 - Labour income share as a percent of GDP (%)","2012",39.041,"Imputation"
"Guinea-Bissau","ILO - Modelled Estimates","SDG indicator 10.4.1 - Labour income share as a percent of GDP (%)","2011",36.168,"Imputation"
"Guinea-Bissau","ILO - Modelled Estimates","SDG indicator 10.4.1 - Labour income share as a percent of GDP (%)","2010",37.24,"Imputation"
"Guinea-Bissau","ILO - Modelled Estimates","SDG indicator 10.4.1 - Labour income share as a percent of GDP (%)","2009",37.618,"Imputation"
"Guinea-Bissau","ILO - Modelled Estimates","SDG indicator 10.4.1 - Labour income share as a percent of GDP (%)","2008",37.673,"Imputation"
"Guinea-Bissau","ILO - Modelled Estimates","SDG indicator 10.4.1 - Labour income share as a percent of GDP (%)","2007",37.683,"Imputation"
"Guinea-Bissau","ILO - Modelled Estimates","SDG indicator 10.4.1 - Labour income share as a percent of GDP (%)","2006",37.981,"Imputation"
"Guinea-Bissau","ILO - Modelled Estimates","SDG indicator 10.4.1 - Labour income share as a percent of GDP (%)","2005",37.414,"Imputation"
"Guinea-Bissau","ILO - Modelled Estimates","SDG indicator 10.4.1 - Labour income share as a percent of GDP (%)","2004",37.865,"Imputation"
"Equatorial Guinea","ILO - Modelled Estimates","SDG indicator 10.4.1 - Labour income share as a percent of GDP (%)","2024",47.589,"Imputation"
"Equatorial Guinea","ILO - Modelled Estimates","SDG indicator 10.4.1 - Labour income share as a percent of GDP (%)","2023",47.975,"Imputation"
"Equatorial Guinea","ILO - Modelled Estimates","SDG indicator 10.4.1 - Labour income share as a percent of GDP (%)","2022",47.43,"Imputation"
"Equatorial Guinea","ILO - Modelled Estimates","SDG indicator 10.4.1 - Labour income share as a percent of GDP (%)","2021",47.544,"Imputation"
"Equatorial Guinea","ILO - Modelled Estimates","SDG indicator 10.4.1 - Labour income share as a percent of GDP (%)","2020",46.978,"Imputation"
"Equatorial Guinea","ILO - Modelled Estimates","SDG indicator 10.4.1 - Labour income share as a percent of GDP (%)","2019",48.01,"Imputation"
"Equatorial Guinea","ILO - Modelled Estimates","SDG indicator 10.4.1 - Labour income share as a percent of GDP (%)","2018",47.925,"Imputation"
"Equatorial Guinea","ILO - Modelled Estimates","SDG indicator 10.4.1 - Labour income share as a percent of GDP (%)","2017",47.788,"Imputation"
"Equatorial Guinea","ILO - Modelled Estimates","SDG indicator 10.4.1 - Labour income share as a percent of GDP (%)","2016",47.879,"Imputation"
"Equatorial Guinea","ILO - Modelled Estimates","SDG indicator 10.4.1 - Labour income share as a percent of GDP (%)","2015",47.753,"Imputation"
"Equatorial Guinea","ILO - Modelled Estimates","SDG indicator 10.4.1 - Labour income share as a percent of GDP (%)","2014",47.069,"Imputation"
"Equatorial Guinea","ILO - Modelled Estimates","SDG indicator 10.4.1 - Labour income share as a percent of GDP (%)","2013",47.256,"Imputation"
"Equatorial Guinea","ILO - Modelled Estimates","SDG indicator 10.4.1 - Labour income share as a percent of GDP (%)","2012",46.464,"Imputation"
"Equatorial Guinea","ILO - Modelled Estimates","SDG indicator 10.4.1 - Labour income share as a percent of GDP (%)","2011",46.536,"Imputation"
"Equatorial Guinea","ILO - Modelled Estimates","SDG indicator 10.4.1 - Labour income share as a percent of GDP (%)","2010",47.373,"Imputation"
"Equatorial Guinea","ILO - Modelled Estimates","SDG indicator 10.4.1 - Labour income share as a percent of GDP (%)","2009",46.756,"Imputation"
"Equatorial Guinea","ILO - Modelled Estimates","SDG indicator 10.4.1 - Labour income share as a percent of GDP (%)","2008",45.809,"Imputation"
"Equatorial Guinea","ILO - Modelled Estimates","SDG indicator 10.4.1 - Labour income share as a percent of GDP (%)","2007",46.034,"Imputation"
"Equatorial Guinea","ILO - Modelled Estimates","SDG indicator 10.4.1 - Labour income share as a percent of GDP (%)","2006",46.526,"Imputation"
"Equatorial Guinea","ILO - Modelled Estimates","SDG indicator 10.4.1 - Labour income share as a percent of GDP (%)","2005",46.116,"Imputation"
"Equatorial Guinea","ILO - Modelled Estimates","SDG indicator 10.4.1 - Labour income share as a percent of GDP (%)","2004",45.084,"Imputation"
"Greece","ILO - Modelled Estimates","SDG indicator 10.4.1 - Labour income share as a percent of GDP (%)","2024",55.924,"Model-based extrapolation"
"Greece","ILO - Modelled Estimates","SDG indicator 10.4.1 - Labour income share as a percent of GDP (%)","2023",55.596,"Model-based extrapolation"
"Greece","ILO - Modelled Estimates","SDG indicator 10.4.1 - Labour income share as a percent of GDP (%)","2022",55.887,
"Greece","ILO - Modelled Estimates","SDG indicator 10.4.1 - Labour income share as a percent of GDP (%)","2021",57.028,
"Greece","ILO - Modelled Estimates","SDG indicator 10.4.1 - Labour income share as a percent of GDP (%)","2020",59.65,
"Greece","ILO - Modelled Estimates","SDG indicator 10.4.1 - Labour income share as a percent of GDP (%)","2019",56.015,
"Greece","ILO - Modelled Estimates","SDG indicator 10.4.1 - Labour income share as a percent of GDP (%)","2018",56.353,
"Greece","ILO - Modelled Estimates","SDG indicator 10.4.1 - Labour income share as a percent of GDP (%)","2017",54.29,
"Greece","ILO - Modelled Estimates","SDG indicator 10.4.1 - Labour income share as a percent of GDP (%)","2016",54.289,
"Greece","ILO - Modelled Estimates","SDG indicator 10.4.1 - Labour income share as a percent of GDP (%)","2015",52.949,
"Greece","ILO - Modelled Estimates","SDG indicator 10.4.1 - Labour income share as a percent of GDP (%)","2014",55.924,
"Greece","ILO - Modelled Estimates","SDG indicator 10.4.1 - Labour income share as a percent of GDP (%)","2013",55.481,
"Greece","ILO - Modelled Estimates","SDG indicator 10.4.1 - Labour income share as a percent of GDP (%)","2012",58.772,
"Greece","ILO - Modelled Estimates","SDG indicator 10.4.1 - Labour income share as a percent of GDP (%)","2011",59.704,
"Greece","ILO - Modelled Estimates","SDG indicator 10.4.1 - Labour income share as a percent of GDP (%)","2010",58.046,
"Greece","ILO - Modelled Estimates","SDG indicator 10.4.1 - Labour income share as a percent of GDP (%)","2009",57.529,
"Greece","ILO - Modelled Estimates","SDG indicator 10.4.1 - Labour income share as a percent of GDP (%)","2008",54.956,
"Greece","ILO - Modelled Estimates","SDG indicator 10.4.1 - Labour income share as a percent of GDP (%)","2007",54.036,
"Greece","ILO - Modelled Estimates","SDG indicator 10.4.1 - Labour income share as a percent of GDP (%)","2006",54.28,
"Greece","ILO - Modelled Estimates","SDG indicator 10.4.1 - Labour income share as a percent of GDP (%)","2005",55.467,
"Greece","ILO - Modelled Estimates","SDG indicator 10.4.1 - Labour income share as a percent of GDP (%)","2004",53.848,
"Guatemala","ILO - Modelled Estimates","SDG indicator 10.4.1 - Labour income share as a percent of GDP (%)","2024",46.602,"Model-based extrapolation"
"Guatemala","ILO - Modelled Estimates","SDG indicator 10.4.1 - Labour income share as a percent of GDP (%)","2023",46.612,"Model-based extrapolation"
"Guatemala","ILO - Modelled Estimates","SDG indicator 10.4.1 - Labour income share as a percent of GDP (%)","2022",46.386,
"Guatemala","ILO - Modelled Estimates","SDG indicator 10.4.1 - Labour income share as a percent of GDP (%)","2021",47.598,
"Guatemala","ILO - Modelled Estimates","SDG indicator 10.4.1 - Labour income share as a percent of GDP (%)","2020",48.125,
"Guatemala","ILO - Modelled Estimates","SDG indicator 10.4.1 - Labour income share as a percent of GDP (%)","2019",46.864,
"Guatemala","ILO - Modelled Estimates","SDG indicator 10.4.1 - Labour income share as a percent of GDP (%)","2018",48.352,
"Guatemala","ILO - Modelled Estimates","SDG indicator 10.4.1 - Labour income share as a percent of GDP (%)","2017",49.191,
"Guatemala","ILO - Modelled Estimates","SDG indicator 10.4.1 - Labour income share as a percent of GDP (%)","2016",47.78,
"Guatemala","ILO - Modelled Estimates","SDG indicator 10.4.1 - Labour income share as a percent of GDP (%)","2015",48.821,
"Guatemala","ILO - Modelled Estimates","SDG indicator 10.4.1 - Labour income share as a percent of GDP (%)","2014",47.881,
"Guatemala","ILO - Modelled Estimates","SDG indicator 10.4.1 - Labour income share as a percent of GDP (%)","2013",51.568,
"Guatemala","ILO - Modelled Estimates","SDG indicator 10.4.1 - Labour income share as a percent of GDP (%)","2012",40.022,
"Guatemala","ILO - Modelled Estimates","SDG indicator 10.4.1 - Labour income share as a percent of GDP (%)","2011",39.291,
"Guatemala","ILO - Modelled Estimates","SDG indicator 10.4.1 - Labour income share as a percent of GDP (%)","2010",43.059,
"Guatemala","ILO - Modelled Estimates","SDG indicator 10.4.1 - Labour income share as a percent of GDP (%)","2009",43.611,
"Guatemala","ILO - Modelled Estimates","SDG indicator 10.4.1 - Labour income share as a percent of GDP (%)","2008",43.759,
"Guatemala","ILO - Modelled Estimates","SDG indicator 10.4.1 - Labour income share as a percent of GDP (%)","2007",44.784,
"Guatemala","ILO - Modelled Estimates","SDG indicator 10.4.1 - Labour income share as a percent of GDP (%)","2006",46.461,
"Guatemala","ILO - Modelled Estimates","SDG indicator 10.4.1 - Labour income share as a percent of GDP (%)","2005",49.682,
"Guatemala","ILO - Modelled Estimates","SDG indicator 10.4.1 - Labour income share as a percent of GDP (%)","2004",53.088,
"Guam","ILO - Modelled Estimates","SDG indicator 10.4.1 - Labour income share as a percent of GDP (%)","2024",51.408,"Imputation"
"Guam","ILO - Modelled Estimates","SDG indicator 10.4.1 - Labour income share as a percent of GDP (%)","2023",51.549,"Imputation"
"Guam","ILO - Modelled Estimates","SDG indicator 10.4.1 - Labour income share as a percent of GDP (%)","2022",51.326,"Imputation"
"Guam","ILO - Modelled Estimates","SDG indicator 10.4.1 - Labour income share as a percent of GDP (%)","2021",50.333,"Imputation"
"Guam","ILO - Modelled Estimates","SDG indicator 10.4.1 - Labour income share as a percent of GDP (%)","2020",52.92,"Imputation"
"Guam","ILO - Modelled Estimates","SDG indicator 10.4.1 - Labour income share as a percent of GDP (%)","2019",50.976,"Imputation"
"Guam","ILO - Modelled Estimates","SDG indicator 10.4.1 - Labour income share as a percent of GDP (%)","2018",51.642,"Imputation"
"Guam","ILO - Modelled Estimates","SDG indicator 10.4.1 - Labour income share as a percent of GDP (%)","2017",51.312,"Imputation"
"Guam","ILO - Modelled Estimates","SDG indicator 10.4.1 - Labour income share as a percent of GDP (%)","2016",51.45,"Imputation"
"Guam","ILO - Modelled Estimates","SDG indicator 10.4.1 - Labour income share as a percent of GDP (%)","2015",51.322,"Imputation"
"Guam","ILO - Modelled Estimates","SDG indicator 10.4.1 - Labour income share as a percent of GDP (%)","2014",51.131,"Imputation"
"Guam","ILO - Modelled Estimates","SDG indicator 10.4.1 - Labour income share as a percent of GDP (%)","2013",51.15,"Imputation"
"Guam","ILO - Modelled Estimates","SDG indicator 10.4.1 - Labour income share as a percent of GDP (%)","2012",51.061,"Imputation"
"Guam","ILO - Modelled Estimates","SDG indicator 10.4.1 - Labour income share as a percent of GDP (%)","2011",51.462,"Imputation"
"Guam","ILO - Modelled Estimates","SDG indicator 10.4.1 - Labour income share as a percent of GDP (%)","2010",51.03,"Imputation"
"Guam","ILO - Modelled Estimates","SDG indicator 10.4.1 - Labour income share as a percent of GDP (%)","2009",51.385,"Imputation"
"Guam","ILO - Modelled Estimates","SDG indicator 10.4.1 - Labour income share as a percent of GDP (%)","2008",51.068,"Imputation"
"Guam","ILO - Modelled Estimates","SDG indicator 10.4.1 - Labour income share as a percent of GDP (%)","2007",51.324,"Imputation"
"Guam","ILO - Modelled Estimates","SDG indicator 10.4.1 - Labour income share as a percent of GDP (%)","2006",52.177,"Imputation"
"Guam","ILO - Modelled Estimates","SDG indicator 10.4.1 - Labour income share as a percent of GDP (%)","2005",50.742,"Imputation"
"Guam","ILO - Modelled Estimates","SDG indicator 10.4.1 - Labour income share as a percent of GDP (%)","2004",50.18,"Imputation"
"Guyana","ILO - Modelled Estimates","SDG indicator 10.4.1 - Labour income share as a percent of GDP (%)","2024",56.62,"Imputation"
"Guyana","ILO - Modelled Estimates","SDG indicator 10.4.1 - Labour income share as a percent of GDP (%)","2023",56.679,"Imputation"
"Guyana","ILO - Modelled Estimates","SDG indicator 10.4.1 - Labour income share as a percent of GDP (%)","2022",55.476,"Imputation"
"Guyana","ILO - Modelled Estimates","SDG indicator 10.4.1 - Labour income share as a percent of GDP (%)","2021",57.883,"Imputation"
"Guyana","ILO - Modelled Estimates","SDG indicator 10.4.1 - Labour income share as a percent of GDP (%)","2020",59.751,"Imputation"
"Guyana","ILO - Modelled Estimates","SDG indicator 10.4.1 - Labour income share as a percent of GDP (%)","2019",57.354,"Imputation"
"Guyana","ILO - Modelled Estimates","SDG indicator 10.4.1 - Labour income share as a percent of GDP (%)","2018",57.188,"Imputation"
"Guyana","ILO - Modelled Estimates","SDG indicator 10.4.1 - Labour income share as a percent of GDP (%)","2017",57.341,"Imputation"
"Guyana","ILO - Modelled Estimates","SDG indicator 10.4.1 - Labour income share as a percent of GDP (%)","2016",57.378,"Imputation"
"Guyana","ILO - Modelled Estimates","SDG indicator 10.4.1 - Labour income share as a percent of GDP (%)","2015",57.534,"Imputation"
"Guyana","ILO - Modelled Estimates","SDG indicator 10.4.1 - Labour income share as a percent of GDP (%)","2014",57.524,"Imputation"
"Guyana","ILO - Modelled Estimates","SDG indicator 10.4.1 - Labour income share as a percent of GDP (%)","2013",57.475,"Imputation"
"Guyana","ILO - Modelled Estimates","SDG indicator 10.4.1 - Labour income share as a percent of GDP (%)","2012",57.443,"Imputation"
"Guyana","ILO - Modelled Estimates","SDG indicator 10.4.1 - Labour income share as a percent of GDP (%)","2011",57.479,"Imputation"
"Guyana","ILO - Modelled Estimates","SDG indicator 10.4.1 - Labour income share as a percent of GDP (%)","2010",57.548,"Imputation"
"Guyana","ILO - Modelled Estimates","SDG indicator 10.4.1 - Labour income share as a percent of GDP (%)","2009",57.592,"Imputation"
"Guyana","ILO - Modelled Estimates","SDG indicator 10.4.1 - Labour income share as a percent of GDP (%)","2008",57.684,"Imputation"
"Guyana","ILO - Modelled Estimates","SDG indicator 10.4.1 - Labour income share as a percent of GDP (%)","2007",57.493,"Imputation"
"Guyana","ILO - Modelled Estimates","SDG indicator 10.4.1 - Labour income share as a percent of GDP (%)","2006",57.589,"Imputation"
"Guyana","ILO - Modelled Estimates","SDG indicator 10.4.1 - Labour income share as a percent of GDP (%)","2005",57.859,"Imputation"
"Guyana","ILO - Modelled Estimates","SDG indicator 10.4.1 - Labour income share as a percent of GDP (%)","2004",57.714,"Imputation"
"Hong Kong, China","ILO - Modelled Estimates","SDG indicator 10.4.1 - Labour income share as a percent of GDP (%)","2024",53.179,"Imputation"
"Hong Kong, China","ILO - Modelled Estimates","SDG indicator 10.4.1 - Labour income share as a percent of GDP (%)","2023",53.122,"Imputation"
"Hong Kong, China","ILO - Modelled Estimates","SDG indicator 10.4.1 - Labour income share as a percent of GDP (%)","2022",54.331,"Imputation"
"Hong Kong, China","ILO - Modelled Estimates","SDG indicator 10.4.1 - Labour income share as a percent of GDP (%)","2021",53.396,"Imputation"
"Hong Kong, China","ILO - Modelled Estimates","SDG indicator 10.4.1 - Labour income share as a percent of GDP (%)","2020",55.83,"Imputation"
"Hong Kong, China","ILO - Modelled Estimates","SDG indicator 10.4.1 - Labour income share as a percent of GDP (%)","2019",53.886,"Imputation"
"Hong Kong, China","ILO - Modelled Estimates","SDG indicator 10.4.1 - Labour income share as a percent of GDP (%)","2018",52.724,"Imputation"
"Hong Kong, China","ILO - Modelled Estimates","SDG indicator 10.4.1 - Labour income share as a percent of GDP (%)","2017",53.918,"Imputation"
"Hong Kong, China","ILO - Modelled Estimates","SDG indicator 10.4.1 - Labour income share as a percent of GDP (%)","2016",54.639,"Imputation"
"Hong Kong, China","ILO - Modelled Estimates","SDG indicator 10.4.1 - Labour income share as a percent of GDP (%)","2015",53.847,"Imputation"
"Hong Kong, China","ILO - Modelled Estimates","SDG indicator 10.4.1 - Labour income share as a percent of GDP (%)","2014",54.697,"Imputation"
"Hong Kong, China","ILO - Modelled Estimates","SDG indicator 10.4.1 - Labour income share as a percent of GDP (%)","2013",55.183,"Imputation"
"Hong Kong, China","ILO - Modelled Estimates","SDG indicator 10.4.1 - Labour income share as a percent of GDP (%)","2012",55.857,"Imputation"
"Hong Kong, China","ILO - Modelled Estimates","SDG indicator 10.4.1 - Labour income share as a percent of GDP (%)","2011",54.994,"Imputation"
"Hong Kong, China","ILO - Modelled Estimates","SDG indicator 10.4.1 - Labour income share as a percent of GDP (%)","2010",54.857,"Imputation"
"Hong Kong, China","ILO - Modelled Estimates","SDG indicator 10.4.1 - Labour income share as a percent of GDP (%)","2009",55.282,"Imputation"
"Hong Kong, China","ILO - Modelled Estimates","SDG indicator 10.4.1 - Labour income share as a percent of GDP (%)","2008",52.537,"Imputation"
"Hong Kong, China","ILO - Modelled Estimates","SDG indicator 10.4.1 - Labour income share as a percent of GDP (%)","2007",52.979,"Imputation"
"Hong Kong, China","ILO - Modelled Estimates","SDG indicator 10.4.1 - Labour income share as a percent of GDP (%)","2006",53.56,"Imputation"
"Hong Kong, China","ILO - Modelled Estimates","SDG indicator 10.4.1 - Labour income share as a percent of GDP (%)","2005",53.973,"Imputation"
"Hong Kong, China","ILO - Modelled Estimates","SDG indicator 10.4.1 - Labour income share as a percent of GDP (%)","2004",55.455,"Imputation"
"Honduras","ILO - Modelled Estimates","SDG indicator 10.4.1 - Labour income share as a percent of GDP (%)","2024",57.238,"Model-based extrapolation"
"Honduras","ILO - Modelled Estimates","SDG indicator 10.4.1 - Labour income share as a percent of GDP (%)","2023",57.255,"Model-based extrapolation"
"Honduras","ILO - Modelled Estimates","SDG indicator 10.4.1 - Labour income share as a percent of GDP (%)","2022",57.191,
"Honduras","ILO - Modelled Estimates","SDG indicator 10.4.1 - Labour income share as a percent of GDP (%)","2021",57.164,
"Honduras","ILO - Modelled Estimates","SDG indicator 10.4.1 - Labour income share as a percent of GDP (%)","2020",59.05,
"Honduras","ILO - Modelled Estimates","SDG indicator 10.4.1 - Labour income share as a percent of GDP (%)","2019",61.997,
"Honduras","ILO - Modelled Estimates","SDG indicator 10.4.1 - Labour income share as a percent of GDP (%)","2018",62.304,
"Honduras","ILO - Modelled Estimates","SDG indicator 10.4.1 - Labour income share as a percent of GDP (%)","2017",60.955,
"Honduras","ILO - Modelled Estimates","SDG indicator 10.4.1 - Labour income share as a percent of GDP (%)","2016",60.71,
"Honduras","ILO - Modelled Estimates","SDG indicator 10.4.1 - Labour income share as a percent of GDP (%)","2015",62.542,
"Honduras","ILO - Modelled Estimates","SDG indicator 10.4.1 - Labour income share as a percent of GDP (%)","2014",65.198,
"Honduras","ILO - Modelled Estimates","SDG indicator 10.4.1 - Labour income share as a percent of GDP (%)","2013",70.126,
"Honduras","ILO - Modelled Estimates","SDG indicator 10.4.1 - Labour income share as a percent of GDP (%)","2012",71.384,
"Honduras","ILO - Modelled Estimates","SDG indicator 10.4.1 - Labour income share as a percent of GDP (%)","2011",71.134,
"Honduras","ILO - Modelled Estimates","SDG indicator 10.4.1 - Labour income share as a percent of GDP (%)","2010",76.274,
"Honduras","ILO - Modelled Estimates","SDG indicator 10.4.1 - Labour income share as a percent of GDP (%)","2009",73.837,
"Honduras","ILO - Modelled Estimates","SDG indicator 10.4.1 - Labour income share as a percent of GDP (%)","2008",68.406,
"Honduras","ILO - Modelled Estimates","SDG indicator 10.4.1 - Labour income share as a percent of GDP (%)","2007",68.26,
"Honduras","ILO - Modelled Estimates","SDG indicator 10.4.1 - Labour income share as a percent of GDP (%)","2006",65.335,
"Honduras","ILO - Modelled Estimates","SDG indicator 10.4.1 - Labour income share as a percent of GDP (%)","2005",68.115,
"Honduras","ILO - Modelled Estimates","SDG indicator 10.4.1 - Labour income share as a percent of GDP (%)","2004",68.533,
"Croatia","ILO - Modelled Estimates","SDG indicator 10.4.1 - Labour income share as a percent of GDP (%)","2024",57.099,"Model-based extrapolation"
"Croatia","ILO - Modelled Estimates","SDG indicator 10.4.1 - Labour income share as a percent of GDP (%)","2023",56.773,"Model-based extrapolation"
"Croatia","ILO - Modelled Estimates","SDG indicator 10.4.1 - Labour income share as a percent of GDP (%)","2022",55.759,
"Croatia","ILO - Modelled Estimates","SDG indicator 10.4.1 - Labour income share as a percent of GDP (%)","2021",56.373,
"Croatia","ILO - Modelled Estimates","SDG indicator 10.4.1 - Labour income share as a percent of GDP (%)","2020",61.522,
"Croatia","ILO - Modelled Estimates","SDG indicator 10.4.1 - Labour income share as a percent of GDP (%)","2019",56.289,
"Croatia","ILO - Modelled Estimates","SDG indicator 10.4.1 - Labour income share as a percent of GDP (%)","2018",56.654,
"Croatia","ILO - Modelled Estimates","SDG indicator 10.4.1 - Labour income share as a percent of GDP (%)","2017",54.483,
"Croatia","ILO - Modelled Estimates","SDG indicator 10.4.1 - Labour income share as a percent of GDP (%)","2016",55.185,
"Croatia","ILO - Modelled Estimates","SDG indicator 10.4.1 - Labour income share as a percent of GDP (%)","2015",57.362,
"Croatia","ILO - Modelled Estimates","SDG indicator 10.4.1 - Labour income share as a percent of GDP (%)","2014",55.752,
"Croatia","ILO - Modelled Estimates","SDG indicator 10.4.1 - Labour income share as a percent of GDP (%)","2013",56.378,
"Croatia","ILO - Modelled Estimates","SDG indicator 10.4.1 - Labour income share as a percent of GDP (%)","2012",58.337,
"Croatia","ILO - Modelled Estimates","SDG indicator 10.4.1 - Labour income share as a percent of GDP (%)","2011",58.718,
"Croatia","ILO - Modelled Estimates","SDG indicator 10.4.1 - Labour income share as a percent of GDP (%)","2010",60.047,
"Croatia","ILO - Modelled Estimates","SDG indicator 10.4.1 - Labour income share as a percent of GDP (%)","2009",61.076,
"Croatia","ILO - Modelled Estimates","SDG indicator 10.4.1 - Labour income share as a percent of GDP (%)","2008",58.922,
"Croatia","ILO - Modelled Estimates","SDG indicator 10.4.1 - Labour income share as a percent of GDP (%)","2007",58.794,
"Croatia","ILO - Modelled Estimates","SDG indicator 10.4.1 - Labour income share as a percent of GDP (%)","2006",60.188,
"Croatia","ILO - Modelled Estimates","SDG indicator 10.4.1 - Labour income share as a percent of GDP (%)","2005",62.592,
"Croatia","ILO - Modelled Estimates","SDG indicator 10.4.1 - Labour income share as a percent of GDP (%)","2004",62.468,
"Haiti","ILO - Modelled Estimates","SDG indicator 10.4.1 - Labour income share as a percent of GDP (%)","2024",50.389,"Imputation"
"Haiti","ILO - Modelled Estimates","SDG indicator 10.4.1 - Labour income share as a percent of GDP (%)","2023",50.133,"Imputation"
"Haiti","ILO - Modelled Estimates","SDG indicator 10.4.1 - Labour income share as a percent of GDP (%)","2022",50.095,"Imputation"
"Haiti","ILO - Modelled Estimates","SDG indicator 10.4.1 - Labour income share as a percent of GDP (%)","2021",50.553,"Imputation"
"Haiti","ILO - Modelled Estimates","SDG indicator 10.4.1 - Labour income share as a percent of GDP (%)","2020",50.169,"Imputation"
"Haiti","ILO - Modelled Estimates","SDG indicator 10.4.1 - Labour income share as a percent of GDP (%)","2019",50.325,"Imputation"
"Haiti","ILO - Modelled Estimates","SDG indicator 10.4.1 - Labour income share as a percent of GDP (%)","2018",49.598,"Imputation"
"Haiti","ILO - Modelled Estimates","SDG indicator 10.4.1 - Labour income share as a percent of GDP (%)","2017",49.436,"Imputation"
"Haiti","ILO - Modelled Estimates","SDG indicator 10.4.1 - Labour income share as a percent of GDP (%)","2016",49.572,"Imputation"
"Haiti","ILO - Modelled Estimates","SDG indicator 10.4.1 - Labour income share as a percent of GDP (%)","2015",49.637,"Imputation"
"Haiti","ILO - Modelled Estimates","SDG indicator 10.4.1 - Labour income share as a percent of GDP (%)","2014",49.32,"Imputation"
"Haiti","ILO - Modelled Estimates","SDG indicator 10.4.1 - Labour income share as a percent of GDP (%)","2013",49.033,"Imputation"
"Haiti","ILO - Modelled Estimates","SDG indicator 10.4.1 - Labour income share as a percent of GDP (%)","2012",49.857,"Imputation"
"Haiti","ILO - Modelled Estimates","SDG indicator 10.4.1 - Labour income share as a percent of GDP (%)","2011",48.908,"Imputation"
"Haiti","ILO - Modelled Estimates","SDG indicator 10.4.1 - Labour income share as a percent of GDP (%)","2010",51.201,"Imputation"
"Haiti","ILO - Modelled Estimates","SDG indicator 10.4.1 - Labour income share as a percent of GDP (%)","2009",48.748,"Imputation"
"Haiti","ILO - Modelled Estimates","SDG indicator 10.4.1 - Labour income share as a percent of GDP (%)","2008",49.435,"Imputation"
"Haiti","ILO - Modelled Estimates","SDG indicator 10.4.1 - Labour income share as a percent of GDP (%)","2007",49.039,"Imputation"
"Haiti","ILO - Modelled Estimates","SDG indicator 10.4.1 - Labour income share as a percent of GDP (%)","2006",49.653,"Imputation"
"Haiti","ILO - Modelled Estimates","SDG indicator 10.4.1 - Labour income share as a percent of GDP (%)","2005",49.419,"Imputation"
"Haiti","ILO - Modelled Estimates","SDG indicator 10.4.1 - Labour income share as a percent of GDP (%)","2004",50.355,"Imputation"
"Hungary","ILO - Modelled Estimates","SDG indicator 10.4.1 - Labour income share as a percent of GDP (%)","2024",46.105,"Model-based extrapolation"
"Hungary","ILO - Modelled Estimates","SDG indicator 10.4.1 - Labour income share as a percent of GDP (%)","2023",44.875,"Model-based extrapolation"
"Hungary","ILO - Modelled Estimates","SDG indicator 10.4.1 - Labour income share as a percent of GDP (%)","2022",44.655,
"Hungary","ILO - Modelled Estimates","SDG indicator 10.4.1 - Labour income share as a percent of GDP (%)","2021",47.131,
"Hungary","ILO - Modelled Estimates","SDG indicator 10.4.1 - Labour income share as a percent of GDP (%)","2020",48.917,
"Hungary","ILO - Modelled Estimates","SDG indicator 10.4.1 - Labour income share as a percent of GDP (%)","2019",48.447,
"Hungary","ILO - Modelled Estimates","SDG indicator 10.4.1 - Labour income share as a percent of GDP (%)","2018",48.818,
"Hungary","ILO - Modelled Estimates","SDG indicator 10.4.1 - Labour income share as a percent of GDP (%)","2017",49.346,
"Hungary","ILO - Modelled Estimates","SDG indicator 10.4.1 - Labour income share as a percent of GDP (%)","2016",49.121,
"Hungary","ILO - Modelled Estimates","SDG indicator 10.4.1 - Labour income share as a percent of GDP (%)","2015",47.851,
"Hungary","ILO - Modelled Estimates","SDG indicator 10.4.1 - Labour income share as a percent of GDP (%)","2014",49.396,
"Hungary","ILO - Modelled Estimates","SDG indicator 10.4.1 - Labour income share as a percent of GDP (%)","2013",50.332,
"Hungary","ILO - Modelled Estimates","SDG indicator 10.4.1 - Labour income share as a percent of GDP (%)","2012",51.479,
"Hungary","ILO - Modelled Estimates","SDG indicator 10.4.1 - Labour income share as a percent of GDP (%)","2011",50.519,
"Hungary","ILO - Modelled Estimates","SDG indicator 10.4.1 - Labour income share as a percent of GDP (%)","2010",50.913,
"Hungary","ILO - Modelled Estimates","SDG indicator 10.4.1 - Labour income share as a percent of GDP (%)","2009",53.003,
"Hungary","ILO - Modelled Estimates","SDG indicator 10.4.1 - Labour income share as a percent of GDP (%)","2008",53.472,
"Hungary","ILO - Modelled Estimates","SDG indicator 10.4.1 - Labour income share as a percent of GDP (%)","2007",55.317,
"Hungary","ILO - Modelled Estimates","SDG indicator 10.4.1 - Labour income share as a percent of GDP (%)","2006",56.63,
"Hungary","ILO - Modelled Estimates","SDG indicator 10.4.1 - Labour income share as a percent of GDP (%)","2005",57.383,
"Hungary","ILO - Modelled Estimates","SDG indicator 10.4.1 - Labour income share as a percent of GDP (%)","2004",57.242,
"Indonesia","ILO - Modelled Estimates","SDG indicator 10.4.1 - Labour income share as a percent of GDP (%)","2024",58.302,"Model-based extrapolation"
"Indonesia","ILO - Modelled Estimates","SDG indicator 10.4.1 - Labour income share as a percent of GDP (%)","2023",58.271,"Model-based extrapolation"
"Indonesia","ILO - Modelled Estimates","SDG indicator 10.4.1 - Labour income share as a percent of GDP (%)","2022",58.173,"Model-based extrapolation"
"Indonesia","ILO - Modelled Estimates","SDG indicator 10.4.1 - Labour income share as a percent of GDP (%)","2021",58.827,"Model-based extrapolation"
"Indonesia","ILO - Modelled Estimates","SDG indicator 10.4.1 - Labour income share as a percent of GDP (%)","2020",59.063,"Model-based extrapolation"
"Indonesia","ILO - Modelled Estimates","SDG indicator 10.4.1 - Labour income share as a percent of GDP (%)","2019",58.447,
"Indonesia","ILO - Modelled Estimates","SDG indicator 10.4.1 - Labour income share as a percent of GDP (%)","2018",59.488,
"Indonesia","ILO - Modelled Estimates","SDG indicator 10.4.1 - Labour income share as a percent of GDP (%)","2017",60.558,
"Indonesia","ILO - Modelled Estimates","SDG indicator 10.4.1 - Labour income share as a percent of GDP (%)","2016",61.222,
"Indonesia","ILO - Modelled Estimates","SDG indicator 10.4.1 - Labour income share as a percent of GDP (%)","2015",61.238,"Model-based extrapolation"
"Indonesia","ILO - Modelled Estimates","SDG indicator 10.4.1 - Labour income share as a percent of GDP (%)","2014",61.502,"Model-based extrapolation"
"Indonesia","ILO - Modelled Estimates","SDG indicator 10.4.1 - Labour income share as a percent of GDP (%)","2013",61.219,"Model-based extrapolation"
"Indonesia","ILO - Modelled Estimates","SDG indicator 10.4.1 - Labour income share as a percent of GDP (%)","2012",61.125,"Model-based extrapolation"
"Indonesia","ILO - Modelled Estimates","SDG indicator 10.4.1 - Labour income share as a percent of GDP (%)","2011",61.483,"Model-based extrapolation"
"Indonesia","ILO - Modelled Estimates","SDG indicator 10.4.1 - Labour income share as a percent of GDP (%)","2010",61.934,"Model-based extrapolation"
"Indonesia","ILO - Modelled Estimates","SDG indicator 10.4.1 - Labour income share as a percent of GDP (%)","2009",63.491,"Model-based extrapolation"
"Indonesia","ILO - Modelled Estimates","SDG indicator 10.4.1 - Labour income share as a percent of GDP (%)","2008",62.782,"Model-based extrapolation"
"Indonesia","ILO - Modelled Estimates","SDG indicator 10.4.1 - Labour income share as a percent of GDP (%)","2007",61.642,"Model-based extrapolation"
"Indonesia","ILO - Modelled Estimates","SDG indicator 10.4.1 - Labour income share as a percent of GDP (%)","2006",62.488,"Model-based extrapolation"
"Indonesia","ILO - Modelled Estimates","SDG indicator 10.4.1 - Labour income share as a percent of GDP (%)","2005",62.117,"Model-based extrapolation"
"Indonesia","ILO - Modelled Estimates","SDG indicator 10.4.1 - Labour income share as a percent of GDP (%)","2004",62.924,"Model-based extrapolation"
"India","ILO - Modelled Estimates","SDG indicator 10.4.1 - Labour income share as a percent of GDP (%)","2024",56.782,"Model-based extrapolation"
"India","ILO - Modelled Estimates","SDG indicator 10.4.1 - Labour income share as a percent of GDP (%)","2023",56.563,"Model-based extrapolation"
"India","ILO - Modelled Estimates","SDG indicator 10.4.1 - Labour income share as a percent of GDP (%)","2022",56.753,"Model-based extrapolation"
"India","ILO - Modelled Estimates","SDG indicator 10.4.1 - Labour income share as a percent of GDP (%)","2021",57.371,
"India","ILO - Modelled Estimates","SDG indicator 10.4.1 - Labour income share as a percent of GDP (%)","2020",57.562,
"India","ILO - Modelled Estimates","SDG indicator 10.4.1 - Labour income share as a percent of GDP (%)","2019",56.336,
"India","ILO - Modelled Estimates","SDG indicator 10.4.1 - Labour income share as a percent of GDP (%)","2018",55.844,
"India","ILO - Modelled Estimates","SDG indicator 10.4.1 - Labour income share as a percent of GDP (%)","2017",56.853,
"India","ILO - Modelled Estimates","SDG indicator 10.4.1 - Labour income share as a percent of GDP (%)","2016",55.31,
"India","ILO - Modelled Estimates","SDG indicator 10.4.1 - Labour income share as a percent of GDP (%)","2015",55.154,
"India","ILO - Modelled Estimates","SDG indicator 10.4.1 - Labour income share as a percent of GDP (%)","2014",56.909,
"India","ILO - Modelled Estimates","SDG indicator 10.4.1 - Labour income share as a percent of GDP (%)","2013",56.538,
"India","ILO - Modelled Estimates","SDG indicator 10.4.1 - Labour income share as a percent of GDP (%)","2012",57.3,
"India","ILO - Modelled Estimates","SDG indicator 10.4.1 - Labour income share as a percent of GDP (%)","2011",58.194,
"India","ILO - Modelled Estimates","SDG indicator 10.4.1 - Labour income share as a percent of GDP (%)","2010",59.346,
"India","ILO - Modelled Estimates","SDG indicator 10.4.1 - Labour income share as a percent of GDP (%)","2009",61.648,
"India","ILO - Modelled Estimates","SDG indicator 10.4.1 - Labour income share as a percent of GDP (%)","2008",60.113,
"India","ILO - Modelled Estimates","SDG indicator 10.4.1 - Labour income share as a percent of GDP (%)","2007",54.63,
"India","ILO - Modelled Estimates","SDG indicator 10.4.1 - Labour income share as a percent of GDP (%)","2006",54.874,
"India","ILO - Modelled Estimates","SDG indicator 10.4.1 - Labour income share as a percent of GDP (%)","2005",57.285,
"India","ILO - Modelled Estimates","SDG indicator 10.4.1 - Labour income share as a percent of GDP (%)","2004",59.229,
"Ireland","ILO - Modelled Estimates","SDG indicator 10.4.1 - Labour income share as a percent of GDP (%)","2024",31.323,"Model-based extrapolation"
"Ireland","ILO - Modelled Estimates","SDG indicator 10.4.1 - Labour income share as a percent of GDP (%)","2023",31.624,"Model-based extrapolation"
"Ireland","ILO - Modelled Estimates","SDG indicator 10.4.1 - Labour income share as a percent of GDP (%)","2022",29.692,
"Ireland","ILO - Modelled Estimates","SDG indicator 10.4.1 - Labour income share as a percent of GDP (%)","2021",30.615,
"Ireland","ILO - Modelled Estimates","SDG indicator 10.4.1 - Labour income share as a percent of GDP (%)","2020",32.773,
"Ireland","ILO - Modelled Estimates","SDG indicator 10.4.1 - Labour income share as a percent of GDP (%)","2019",33.732,
"Ireland","ILO - Modelled Estimates","SDG indicator 10.4.1 - Labour income share as a percent of GDP (%)","2018",34.732,
"Ireland","ILO - Modelled Estimates","SDG indicator 10.4.1 - Labour income share as a percent of GDP (%)","2017",35.645,
"Ireland","ILO - Modelled Estimates","SDG indicator 10.4.1 - Labour income share as a percent of GDP (%)","2016",36.65,
"Ireland","ILO - Modelled Estimates","SDG indicator 10.4.1 - Labour income share as a percent of GDP (%)","2015",35.466,
"Ireland","ILO - Modelled Estimates","SDG indicator 10.4.1 - Labour income share as a percent of GDP (%)","2014",45.822,
"Ireland","ILO - Modelled Estimates","SDG indicator 10.4.1 - Labour income share as a percent of GDP (%)","2013",48.277,
"Ireland","ILO - Modelled Estimates","SDG indicator 10.4.1 - Labour income share as a percent of GDP (%)","2012",49.219,
"Ireland","ILO - Modelled Estimates","SDG indicator 10.4.1 - Labour income share as a percent of GDP (%)","2011",50.483,
"Ireland","ILO - Modelled Estimates","SDG indicator 10.4.1 - Labour income share as a percent of GDP (%)","2010",54.501,
"Ireland","ILO - Modelled Estimates","SDG indicator 10.4.1 - Labour income share as a percent of GDP (%)","2009",56.413,
"Ireland","ILO - Modelled Estimates","SDG indicator 10.4.1 - Labour income share as a percent of GDP (%)","2008",57.155,
"Ireland","ILO - Modelled Estimates","SDG indicator 10.4.1 - Labour income share as a percent of GDP (%)","2007",54.476,
"Ireland","ILO - Modelled Estimates","SDG indicator 10.4.1 - Labour income share as a percent of GDP (%)","2006",52.844,
"Ireland","ILO - Modelled Estimates","SDG indicator 10.4.1 - Labour income share as a percent of GDP (%)","2005",53.424,
"Ireland","ILO - Modelled Estimates","SDG indicator 10.4.1 - Labour income share as a percent of GDP (%)","2004",54.006,
"Iran (Islamic Republic of)","ILO - Modelled Estimates","SDG indicator 10.4.1 - Labour income share as a percent of GDP (%)","2024",36.83,"Imputation"
"Iran (Islamic Republic of)","ILO - Modelled Estimates","SDG indicator 10.4.1 - Labour income share as a percent of GDP (%)","2023",36.546,"Imputation"
"Iran (Islamic Republic of)","ILO - Modelled Estimates","SDG indicator 10.4.1 - Labour income share as a percent of GDP (%)","2022",36.734,"Imputation"
"Iran (Islamic Republic of)","ILO - Modelled Estimates","SDG indicator 10.4.1 - Labour income share as a percent of GDP (%)","2021",39.266,"Imputation"
"Iran (Islamic Republic of)","ILO - Modelled Estimates","SDG indicator 10.4.1 - Labour income share as a percent of GDP (%)","2020",39.313,"Imputation"
"Iran (Islamic Republic of)","ILO - Modelled Estimates","SDG indicator 10.4.1 - Labour income share as a percent of GDP (%)","2019",38.894,"Imputation"
"Iran (Islamic Republic of)","ILO - Modelled Estimates","SDG indicator 10.4.1 - Labour income share as a percent of GDP (%)","2018",38.624,"Imputation"
"Iran (Islamic Republic of)","ILO - Modelled Estimates","SDG indicator 10.4.1 - Labour income share as a percent of GDP (%)","2017",40.724,"Imputation"
"Iran (Islamic Republic of)","ILO - Modelled Estimates","SDG indicator 10.4.1 - Labour income share as a percent of GDP (%)","2016",40.367,"Imputation"
"Iran (Islamic Republic of)","ILO - Modelled Estimates","SDG indicator 10.4.1 - Labour income share as a percent of GDP (%)","2015",42.058,"Imputation"
"Iran (Islamic Republic of)","ILO - Modelled Estimates","SDG indicator 10.4.1 - Labour income share as a percent of GDP (%)","2014",37.757,"Imputation"
"Iran (Islamic Republic of)","ILO - Modelled Estimates","SDG indicator 10.4.1 - Labour income share as a percent of GDP (%)","2013",36.846,"Imputation"
"Iran (Islamic Republic of)","ILO - Modelled Estimates","SDG indicator 10.4.1 - Labour income share as a percent of GDP (%)","2012",38.094,"Imputation"
"Iran (Islamic Republic of)","ILO - Modelled Estimates","SDG indicator 10.4.1 - Labour income share as a percent of GDP (%)","2011",36.574,"Imputation"
"Iran (Islamic Republic of)","ILO - Modelled Estimates","SDG indicator 10.4.1 - Labour income share as a percent of GDP (%)","2010",34.725,"Imputation"
"Iran (Islamic Republic of)","ILO - Modelled Estimates","SDG indicator 10.4.1 - Labour income share as a percent of GDP (%)","2009",35.58,"Imputation"
"Iran (Islamic Republic of)","ILO - Modelled Estimates","SDG indicator 10.4.1 - Labour income share as a percent of GDP (%)","2008",32.729,"Imputation"
"Iran (Islamic Republic of)","ILO - Modelled Estimates","SDG indicator 10.4.1 - Labour income share as a percent of GDP (%)","2007",31.586,"Imputation"
"Iran (Islamic Republic of)","ILO - Modelled Estimates","SDG indicator 10.4.1 - Labour income share as a percent of GDP (%)","2006",35.449,"Imputation"
"Iran (Islamic Republic of)","ILO - Modelled Estimates","SDG indicator 10.4.1 - Labour income share as a percent of GDP (%)","2005",35.575,"Imputation"
"Iran (Islamic Republic of)","ILO - Modelled Estimates","SDG indicator 10.4.1 - Labour income share as a percent of GDP (%)","2004",35.707,"Imputation"
"Iraq","ILO - Modelled Estimates","SDG indicator 10.4.1 - Labour income share as a percent of GDP (%)","2024",39.233,"Imputation"
"Iraq","ILO - Modelled Estimates","SDG indicator 10.4.1 - Labour income share as a percent of GDP (%)","2023",39.448,"Imputation"
"Iraq","ILO - Modelled Estimates","SDG indicator 10.4.1 - Labour income share as a percent of GDP (%)","2022",38.893,"Imputation"
"Iraq","ILO - Modelled Estimates","SDG indicator 10.4.1 - Labour income share as a percent of GDP (%)","2021",40.253,"Imputation"
"Iraq","ILO - Modelled Estimates","SDG indicator 10.4.1 - Labour income share as a percent of GDP (%)","2020",48.638,"Imputation"
"Iraq","ILO - Modelled Estimates","SDG indicator 10.4.1 - Labour income share as a percent of GDP (%)","2019",39.047,"Imputation"
"Iraq","ILO - Modelled Estimates","SDG indicator 10.4.1 - Labour income share as a percent of GDP (%)","2018",36.274,"Imputation"
"Iraq","ILO - Modelled Estimates","SDG indicator 10.4.1 - Labour income share as a percent of GDP (%)","2017",41.008,"Imputation"
"Iraq","ILO - Modelled Estimates","SDG indicator 10.4.1 - Labour income share as a percent of GDP (%)","2016",44.744,"Imputation"
"Iraq","ILO - Modelled Estimates","SDG indicator 10.4.1 - Labour income share as a percent of GDP (%)","2015",45.326,"Imputation"
"Iraq","ILO - Modelled Estimates","SDG indicator 10.4.1 - Labour income share as a percent of GDP (%)","2014",39.541,"Imputation"
"Iraq","ILO - Modelled Estimates","SDG indicator 10.4.1 - Labour income share as a percent of GDP (%)","2013",36.718,"Imputation"
"Iraq","ILO - Modelled Estimates","SDG indicator 10.4.1 - Labour income share as a percent of GDP (%)","2012",34.542,"Imputation"
"Iraq","ILO - Modelled Estimates","SDG indicator 10.4.1 - Labour income share as a percent of GDP (%)","2011",31.681,"Imputation"
"Iraq","ILO - Modelled Estimates","SDG indicator 10.4.1 - Labour income share as a percent of GDP (%)","2010",38.944,"Imputation"
"Iraq","ILO - Modelled Estimates","SDG indicator 10.4.1 - Labour income share as a percent of GDP (%)","2009",41.27,"Imputation"
"Iraq","ILO - Modelled Estimates","SDG indicator 10.4.1 - Labour income share as a percent of GDP (%)","2008",34.538,"Imputation"
"Iraq","ILO - Modelled Estimates","SDG indicator 10.4.1 - Labour income share as a percent of GDP (%)","2007",29.889,"Imputation"
"Iraq","ILO - Modelled Estimates","SDG indicator 10.4.1 - Labour income share as a percent of GDP (%)","2006",27.065,"Imputation"
"Iraq","ILO - Modelled Estimates","SDG indicator 10.4.1 - Labour income share as a percent of GDP (%)","2005",26.509,"Imputation"
"Iraq","ILO - Modelled Estimates","SDG indicator 10.4.1 - Labour income share as a percent of GDP (%)","2004",27.807,"Imputation"
"Iceland","ILO - Modelled Estimates","SDG indicator 10.4.1 - Labour income share as a percent of GDP (%)","2024",62.67,"Model-based extrapolation"
"Iceland","ILO - Modelled Estimates","SDG indicator 10.4.1 - Labour income share as a percent of GDP (%)","2023",62.301,"Model-based extrapolation"
"Iceland","ILO - Modelled Estimates","SDG indicator 10.4.1 - Labour income share as a percent of GDP (%)","2022",61.364,
"Iceland","ILO - Modelled Estimates","SDG indicator 10.4.1 - Labour income share as a percent of GDP (%)","2021",62.04,
"Iceland","ILO - Modelled Estimates","SDG indicator 10.4.1 - Labour income share as a percent of GDP (%)","2020",62.385,
"Iceland","ILO - Modelled Estimates","SDG indicator 10.4.1 - Labour income share as a percent of GDP (%)","2019",62.167,
"Iceland","ILO - Modelled Estimates","SDG indicator 10.4.1 - Labour income share as a percent of GDP (%)","2018",64.567,
"Iceland","ILO - Modelled Estimates","SDG indicator 10.4.1 - Labour income share as a percent of GDP (%)","2017",64.277,
"Iceland","ILO - Modelled Estimates","SDG indicator 10.4.1 - Labour income share as a percent of GDP (%)","2016",59.695,
"Iceland","ILO - Modelled Estimates","SDG indicator 10.4.1 - Labour income share as a percent of GDP (%)","2015",60.227,
"Iceland","ILO - Modelled Estimates","SDG indicator 10.4.1 - Labour income share as a percent of GDP (%)","2014",62.62,
"Iceland","ILO - Modelled Estimates","SDG indicator 10.4.1 - Labour income share as a percent of GDP (%)","2013",62.55,
"Iceland","ILO - Modelled Estimates","SDG indicator 10.4.1 - Labour income share as a percent of GDP (%)","2012",61.947,
"Iceland","ILO - Modelled Estimates","SDG indicator 10.4.1 - Labour income share as a percent of GDP (%)","2011",59.874,
"Iceland","ILO - Modelled Estimates","SDG indicator 10.4.1 - Labour income share as a percent of GDP (%)","2010",56.786,
"Iceland","ILO - Modelled Estimates","SDG indicator 10.4.1 - Labour income share as a percent of GDP (%)","2009",54.622,
"Iceland","ILO - Modelled Estimates","SDG indicator 10.4.1 - Labour income share as a percent of GDP (%)","2008",63.338,
"Iceland","ILO - Modelled Estimates","SDG indicator 10.4.1 - Labour income share as a percent of GDP (%)","2007",71.027,
"Iceland","ILO - Modelled Estimates","SDG indicator 10.4.1 - Labour income share as a percent of GDP (%)","2006",71.101,
"Iceland","ILO - Modelled Estimates","SDG indicator 10.4.1 - Labour income share as a percent of GDP (%)","2005",69.437,
"Iceland","ILO - Modelled Estimates","SDG indicator 10.4.1 - Labour income share as a percent of GDP (%)","2004",65.284,
"Israel","ILO - Modelled Estimates","SDG indicator 10.4.1 - Labour income share as a percent of GDP (%)","2024",51.996,"Imputation"
"Israel","ILO - Modelled Estimates","SDG indicator 10.4.1 - Labour income share as a percent of GDP (%)","2023",51.873,"Imputation"
"Israel","ILO - Modelled Estimates","SDG indicator 10.4.1 - Labour income share as a percent of GDP (%)","2022",50.508,"Imputation"
"Israel","ILO - Modelled Estimates","SDG indicator 10.4.1 - Labour income share as a percent of GDP (%)","2021",50.193,"Imputation"
"Israel","ILO - Modelled Estimates","SDG indicator 10.4.1 - Labour income share as a percent of GDP (%)","2020",51.296,"Imputation"
"Israel","ILO - Modelled Estimates","SDG indicator 10.4.1 - Labour income share as a percent of GDP (%)","2019",51.374,"Imputation"
"Israel","ILO - Modelled Estimates","SDG indicator 10.4.1 - Labour income share as a percent of GDP (%)","2018",52.049,"Imputation"
"Israel","ILO - Modelled Estimates","SDG indicator 10.4.1 - Labour income share as a percent of GDP (%)","2017",51.69,"Imputation"
"Israel","ILO - Modelled Estimates","SDG indicator 10.4.1 - Labour income share as a percent of GDP (%)","2016",50.878,"Imputation"
"Israel","ILO - Modelled Estimates","SDG indicator 10.4.1 - Labour income share as a percent of GDP (%)","2015",50.068,"Imputation"
"Israel","ILO - Modelled Estimates","SDG indicator 10.4.1 - Labour income share as a percent of GDP (%)","2014",49.56,"Imputation"
"Israel","ILO - Modelled Estimates","SDG indicator 10.4.1 - Labour income share as a percent of GDP (%)","2013",49.477,"Imputation"
"Israel","ILO - Modelled Estimates","SDG indicator 10.4.1 - Labour income share as a percent of GDP (%)","2012",49.997,"Imputation"
"Israel","ILO - Modelled Estimates","SDG indicator 10.4.1 - Labour income share as a percent of GDP (%)","2011",50.025,"Imputation"
"Israel","ILO - Modelled Estimates","SDG indicator 10.4.1 - Labour income share as a percent of GDP (%)","2010",49.99,"Imputation"
"Israel","ILO - Modelled Estimates","SDG indicator 10.4.1 - Labour income share as a percent of GDP (%)","2009",50.745,"Imputation"
"Israel","ILO - Modelled Estimates","SDG indicator 10.4.1 - Labour income share as a percent of GDP (%)","2008",52.688,"Imputation"
"Israel","ILO - Modelled Estimates","SDG indicator 10.4.1 - Labour income share as a percent of GDP (%)","2007",52.169,"Imputation"
"Israel","ILO - Modelled Estimates","SDG indicator 10.4.1 - Labour income share as a percent of GDP (%)","2006",52.088,"Imputation"
"Israel","ILO - Modelled Estimates","SDG indicator 10.4.1 - Labour income share as a percent of GDP (%)","2005",51.447,"Imputation"
"Israel","ILO - Modelled Estimates","SDG indicator 10.4.1 - Labour income share as a percent of GDP (%)","2004",51.322,"Imputation"
"Italy","ILO - Modelled Estimates","SDG indicator 10.4.1 - Labour income share as a percent of GDP (%)","2024",56.437,"Model-based extrapolation"
"Italy","ILO - Modelled Estimates","SDG indicator 10.4.1 - Labour income share as a percent of GDP (%)","2023",55.93,"Model-based extrapolation"
"Italy","ILO - Modelled Estimates","SDG indicator 10.4.1 - Labour income share as a percent of GDP (%)","2022",56.748,
"Italy","ILO - Modelled Estimates","SDG indicator 10.4.1 - Labour income share as a percent of GDP (%)","2021",58.039,
"Italy","ILO - Modelled Estimates","SDG indicator 10.4.1 - Labour income share as a percent of GDP (%)","2020",56.88,
"Italy","ILO - Modelled Estimates","SDG indicator 10.4.1 - Labour income share as a percent of GDP (%)","2019",59.093,
"Italy","ILO - Modelled Estimates","SDG indicator 10.4.1 - Labour income share as a percent of GDP (%)","2018",61.403,
"Italy","ILO - Modelled Estimates","SDG indicator 10.4.1 - Labour income share as a percent of GDP (%)","2017",61.442,
"Italy","ILO - Modelled Estimates","SDG indicator 10.4.1 - Labour income share as a percent of GDP (%)","2016",59.997,
"Italy","ILO - Modelled Estimates","SDG indicator 10.4.1 - Labour income share as a percent of GDP (%)","2015",57.922,
"Italy","ILO - Modelled Estimates","SDG indicator 10.4.1 - Labour income share as a percent of GDP (%)","2014",57.302,
"Italy","ILO - Modelled Estimates","SDG indicator 10.4.1 - Labour income share as a percent of GDP (%)","2013",57.846,
"Italy","ILO - Modelled Estimates","SDG indicator 10.4.1 - Labour income share as a percent of GDP (%)","2012",57.751,
"Italy","ILO - Modelled Estimates","SDG indicator 10.4.1 - Labour income share as a percent of GDP (%)","2011",57.688,
"Italy","ILO - Modelled Estimates","SDG indicator 10.4.1 - Labour income share as a percent of GDP (%)","2010",58.492,
"Italy","ILO - Modelled Estimates","SDG indicator 10.4.1 - Labour income share as a percent of GDP (%)","2009",58.835,
"Italy","ILO - Modelled Estimates","SDG indicator 10.4.1 - Labour income share as a percent of GDP (%)","2008",57.542,
"Italy","ILO - Modelled Estimates","SDG indicator 10.4.1 - Labour income share as a percent of GDP (%)","2007",56.95,
"Italy","ILO - Modelled Estimates","SDG indicator 10.4.1 - Labour income share as a percent of GDP (%)","2006",57.338,
"Italy","ILO - Modelled Estimates","SDG indicator 10.4.1 - Labour income share as a percent of GDP (%)","2005",57.302,
"Italy","ILO - Modelled Estimates","SDG indicator 10.4.1 - Labour income share as a percent of GDP (%)","2004",57.461,
"Jamaica","ILO - Modelled Estimates","SDG indicator 10.4.1 - Labour income share as a percent of GDP (%)","2024",53.321,"Model-based extrapolation"
"Jamaica","ILO - Modelled Estimates","SDG indicator 10.4.1 - Labour income share as a percent of GDP (%)","2023",53.238,"Model-based extrapolation"
"Jamaica","ILO - Modelled Estimates","SDG indicator 10.4.1 - Labour income share as a percent of GDP (%)","2022",52.6,"Model-based extrapolation"
"Jamaica","ILO - Modelled Estimates","SDG indicator 10.4.1 - Labour income share as a percent of GDP (%)","2021",53.807,"Model-based extrapolation"
"Jamaica","ILO - Modelled Estimates","SDG indicator 10.4.1 - Labour income share as a percent of GDP (%)","2020",55.539,"Model-based extrapolation"
"Jamaica","ILO - Modelled Estimates","SDG indicator 10.4.1 - Labour income share as a percent of GDP (%)","2019",53.728,
"Jamaica","ILO - Modelled Estimates","SDG indicator 10.4.1 - Labour income share as a percent of GDP (%)","2018",53.769,
"Jamaica","ILO - Modelled Estimates","SDG indicator 10.4.1 - Labour income share as a percent of GDP (%)","2017",53.891,
"Jamaica","ILO - Modelled Estimates","SDG indicator 10.4.1 - Labour income share as a percent of GDP (%)","2016",54.801,
"Jamaica","ILO - Modelled Estimates","SDG indicator 10.4.1 - Labour income share as a percent of GDP (%)","2015",55.295,
"Jamaica","ILO - Modelled Estimates","SDG indicator 10.4.1 - Labour income share as a percent of GDP (%)","2014",56.362,
"Jamaica","ILO - Modelled Estimates","SDG indicator 10.4.1 - Labour income share as a percent of GDP (%)","2013",56.818,
"Jamaica","ILO - Modelled Estimates","SDG indicator 10.4.1 - Labour income share as a percent of GDP (%)","2012",59.057,
"Jamaica","ILO - Modelled Estimates","SDG indicator 10.4.1 - Labour income share as a percent of GDP (%)","2011",56.368,
"Jamaica","ILO - Modelled Estimates","SDG indicator 10.4.1 - Labour income share as a percent of GDP (%)","2010",58.176,
"Jamaica","ILO - Modelled Estimates","SDG indicator 10.4.1 - Labour income share as a percent of GDP (%)","2009",58.445,
"Jamaica","ILO - Modelled Estimates","SDG indicator 10.4.1 - Labour income share as a percent of GDP (%)","2008",58.675,
"Jamaica","ILO - Modelled Estimates","SDG indicator 10.4.1 - Labour income share as a percent of GDP (%)","2007",56.795,
"Jamaica","ILO - Modelled Estimates","SDG indicator 10.4.1 - Labour income share as a percent of GDP (%)","2006",56.33,
"Jamaica","ILO - Modelled Estimates","SDG indicator 10.4.1 - Labour income share as a percent of GDP (%)","2005",55.435,
"Jamaica","ILO - Modelled Estimates","SDG indicator 10.4.1 - Labour income share as a percent of GDP (%)","2004",56.38,
"Jordan","ILO - Modelled Estimates","SDG indicator 10.4.1 - Labour income share as a percent of GDP (%)","2024",44.75,"Model-based extrapolation"
"Jordan","ILO - Modelled Estimates","SDG indicator 10.4.1 - Labour income share as a percent of GDP (%)","2023",44.75,"Model-based extrapolation"
"Jordan","ILO - Modelled Estimates","SDG indicator 10.4.1 - Labour income share as a percent of GDP (%)","2022",44.799,"Model-based extrapolation"
"Jordan","ILO - Modelled Estimates","SDG indicator 10.4.1 - Labour income share as a percent of GDP (%)","2021",44.095,"Model-based extrapolation"
"Jordan","ILO - Modelled Estimates","SDG indicator 10.4.1 - Labour income share as a percent of GDP (%)","2020",46.131,"Model-based extrapolation"
"Jordan","ILO - Modelled Estimates","SDG indicator 10.4.1 - Labour income share as a percent of GDP (%)","2019",44.792,
"Jordan","ILO - Modelled Estimates","SDG indicator 10.4.1 - Labour income share as a percent of GDP (%)","2018",44.184,
"Jordan","ILO - Modelled Estimates","SDG indicator 10.4.1 - Labour income share as a percent of GDP (%)","2017",44.176,
"Jordan","ILO - Modelled Estimates","SDG indicator 10.4.1 - Labour income share as a percent of GDP (%)","2016",43.017,
"Jordan","ILO - Modelled Estimates","SDG indicator 10.4.1 - Labour income share as a percent of GDP (%)","2015",42.088,
"Jordan","ILO - Modelled Estimates","SDG indicator 10.4.1 - Labour income share as a percent of GDP (%)","2014",41.415,
"Jordan","ILO - Modelled Estimates","SDG indicator 10.4.1 - Labour income share as a percent of GDP (%)","2013",41.887,
"Jordan","ILO - Modelled Estimates","SDG indicator 10.4.1 - Labour income share as a percent of GDP (%)","2012",42.379,
"Jordan","ILO - Modelled Estimates","SDG indicator 10.4.1 - Labour income share as a percent of GDP (%)","2011",42.025,
"Jordan","ILO - Modelled Estimates","SDG indicator 10.4.1 - Labour income share as a percent of GDP (%)","2010",41.409,
"Jordan","ILO - Modelled Estimates","SDG indicator 10.4.1 - Labour income share as a percent of GDP (%)","2009",43.8,
"Jordan","ILO - Modelled Estimates","SDG indicator 10.4.1 - Labour income share as a percent of GDP (%)","2008",41.597,
"Jordan","ILO - Modelled Estimates","SDG indicator 10.4.1 - Labour income share as a percent of GDP (%)","2007",43.459,
"Jordan","ILO - Modelled Estimates","SDG indicator 10.4.1 - Labour income share as a percent of GDP (%)","2006",42.331,
"Jordan","ILO - Modelled Estimates","SDG indicator 10.4.1 - Labour income share as a percent of GDP (%)","2005",42.741,
"Jordan","ILO - Modelled Estimates","SDG indicator 10.4.1 - Labour income share as a percent of GDP (%)","2004",43.161,
"Japan","ILO - Modelled Estimates","SDG indicator 10.4.1 - Labour income share as a percent of GDP (%)","2024",53.714,"Model-based extrapolation"
"Japan","ILO - Modelled Estimates","SDG indicator 10.4.1 - Labour income share as a percent of GDP (%)","2023",54.087,"Model-based extrapolation"
"Japan","ILO - Modelled Estimates","SDG indicator 10.4.1 - Labour income share as a percent of GDP (%)","2022",55.72,"Model-based extrapolation"
"Japan","ILO - Modelled Estimates","SDG indicator 10.4.1 - Labour income share as a percent of GDP (%)","2021",56.328,
"Japan","ILO - Modelled Estimates","SDG indicator 10.4.1 - Labour income share as a percent of GDP (%)","2020",56.583,
"Japan","ILO - Modelled Estimates","SDG indicator 10.4.1 - Labour income share as a percent of GDP (%)","2019",55.378,
"Japan","ILO - Modelled Estimates","SDG indicator 10.4.1 - Labour income share as a percent of GDP (%)","2018",54.516,
"Japan","ILO - Modelled Estimates","SDG indicator 10.4.1 - Labour income share as a percent of GDP (%)","2017",53.112,
"Japan","ILO - Modelled Estimates","SDG indicator 10.4.1 - Labour income share as a percent of GDP (%)","2016",53.114,
"Japan","ILO - Modelled Estimates","SDG indicator 10.4.1 - Labour income share as a percent of GDP (%)","2015",52.508,
"Japan","ILO - Modelled Estimates","SDG indicator 10.4.1 - Labour income share as a percent of GDP (%)","2014",53.991,
"Japan","ILO - Modelled Estimates","SDG indicator 10.4.1 - Labour income share as a percent of GDP (%)","2013",54.188,
"Japan","ILO - Modelled Estimates","SDG indicator 10.4.1 - Labour income share as a percent of GDP (%)","2012",54.877,
"Japan","ILO - Modelled Estimates","SDG indicator 10.4.1 - Labour income share as a percent of GDP (%)","2011",55.283,
"Japan","ILO - Modelled Estimates","SDG indicator 10.4.1 - Labour income share as a percent of GDP (%)","2010",54.421,
"Japan","ILO - Modelled Estimates","SDG indicator 10.4.1 - Labour income share as a percent of GDP (%)","2009",56.266,
"Japan","ILO - Modelled Estimates","SDG indicator 10.4.1 - Labour income share as a percent of GDP (%)","2008",55.539,
"Japan","ILO - Modelled Estimates","SDG indicator 10.4.1 - Labour income share as a percent of GDP (%)","2007",54.406,
"Japan","ILO - Modelled Estimates","SDG indicator 10.4.1 - Labour income share as a percent of GDP (%)","2006",54.674,
"Japan","ILO - Modelled Estimates","SDG indicator 10.4.1 - Labour income share as a percent of GDP (%)","2005",54.106,
"Japan","ILO - Modelled Estimates","SDG indicator 10.4.1 - Labour income share as a percent of GDP (%)","2004",53.783,
"Kazakhstan","ILO - Modelled Estimates","SDG indicator 10.4.1 - Labour income share as a percent of GDP (%)","2024",40.976,"Imputation"
"Kazakhstan","ILO - Modelled Estimates","SDG indicator 10.4.1 - Labour income share as a percent of GDP (%)","2023",40.617,"Imputation"
"Kazakhstan","ILO - Modelled Estimates","SDG indicator 10.4.1 - Labour income share as a percent of GDP (%)","2022",40.942,"Imputation"
"Kazakhstan","ILO - Modelled Estimates","SDG indicator 10.4.1 - Labour income share as a percent of GDP (%)","2021",41.516,"Imputation"
"Kazakhstan","ILO - Modelled Estimates","SDG indicator 10.4.1 - Labour income share as a percent of GDP (%)","2020",41.606,"Imputation"
"Kazakhstan","ILO - Modelled Estimates","SDG indicator 10.4.1 - Labour income share as a percent of GDP (%)","2019",40.643,"Imputation"
"Kazakhstan","ILO - Modelled Estimates","SDG indicator 10.4.1 - Labour income share as a percent of GDP (%)","2018",40.678,"Imputation"
"Kazakhstan","ILO - Modelled Estimates","SDG indicator 10.4.1 - Labour income share as a percent of GDP (%)","2017",40.981,"Imputation"
"Kazakhstan","ILO - Modelled Estimates","SDG indicator 10.4.1 - Labour income share as a percent of GDP (%)","2016",40.84,"Imputation"
"Kazakhstan","ILO - Modelled Estimates","SDG indicator 10.4.1 - Labour income share as a percent of GDP (%)","2015",43.488,"Imputation"
"Kazakhstan","ILO - Modelled Estimates","SDG indicator 10.4.1 - Labour income share as a percent of GDP (%)","2014",43.385,"Imputation"
"Kazakhstan","ILO - Modelled Estimates","SDG indicator 10.4.1 - Labour income share as a percent of GDP (%)","2013",43.472,"Imputation"
"Kazakhstan","ILO - Modelled Estimates","SDG indicator 10.4.1 - Labour income share as a percent of GDP (%)","2012",46.86,"Imputation"
"Kazakhstan","ILO - Modelled Estimates","SDG indicator 10.4.1 - Labour income share as a percent of GDP (%)","2011",47.374,"Imputation"
"Kazakhstan","ILO - Modelled Estimates","SDG indicator 10.4.1 - Labour income share as a percent of GDP (%)","2010",50.047,"Imputation"
"Kazakhstan","ILO - Modelled Estimates","SDG indicator 10.4.1 - Labour income share as a percent of GDP (%)","2009",49.692,"Imputation"
"Kazakhstan","ILO - Modelled Estimates","SDG indicator 10.4.1 - Labour income share as a percent of GDP (%)","2008",47.696,"Imputation"
"Kazakhstan","ILO - Modelled Estimates","SDG indicator 10.4.1 - Labour income share as a percent of GDP (%)","2007",50.731,"Imputation"
"Kazakhstan","ILO - Modelled Estimates","SDG indicator 10.4.1 - Labour income share as a percent of GDP (%)","2006",46.674,"Imputation"
"Kazakhstan","ILO - Modelled Estimates","SDG indicator 10.4.1 - Labour income share as a percent of GDP (%)","2005",48.963,"Imputation"
"Kazakhstan","ILO - Modelled Estimates","SDG indicator 10.4.1 - Labour income share as a percent of GDP (%)","2004",50.014,"Imputation"
"Kenya","ILO - Modelled Estimates","SDG indicator 10.4.1 - Labour income share as a percent of GDP (%)","2024",34.394,"Model-based extrapolation"
"Kenya","ILO - Modelled Estimates","SDG indicator 10.4.1 - Labour income share as a percent of GDP (%)","2023",34.245,"Model-based extrapolation"
"Kenya","ILO - Modelled Estimates","SDG indicator 10.4.1 - Labour income share as a percent of GDP (%)","2022",34.431,
"Kenya","ILO - Modelled Estimates","SDG indicator 10.4.1 - Labour income share as a percent of GDP (%)","2021",35.562,
"Kenya","ILO - Modelled Estimates","SDG indicator 10.4.1 - Labour income share as a percent of GDP (%)","2020",36.519,
"Kenya","ILO - Modelled Estimates","SDG indicator 10.4.1 - Labour income share as a percent of GDP (%)","2019",37.19,
"Kenya","ILO - Modelled Estimates","SDG indicator 10.4.1 - Labour income share as a percent of GDP (%)","2018",37.759,
"Kenya","ILO - Modelled Estimates","SDG indicator 10.4.1 - Labour income share as a percent of GDP (%)","2017",38.076,
"Kenya","ILO - Modelled Estimates","SDG indicator 10.4.1 - Labour income share as a percent of GDP (%)","2016",38.325,
"Kenya","ILO - Modelled Estimates","SDG indicator 10.4.1 - Labour income share as a percent of GDP (%)","2015",40.74,
"Kenya","ILO - Modelled Estimates","SDG indicator 10.4.1 - Labour income share as a percent of GDP (%)","2014",42.941,
"Kenya","ILO - Modelled Estimates","SDG indicator 10.4.1 - Labour income share as a percent of GDP (%)","2013",42.968,
"Kenya","ILO - Modelled Estimates","SDG indicator 10.4.1 - Labour income share as a percent of GDP (%)","2012",42.742,
"Kenya","ILO - Modelled Estimates","SDG indicator 10.4.1 - Labour income share as a percent of GDP (%)","2011",42.944,
"Kenya","ILO - Modelled Estimates","SDG indicator 10.4.1 - Labour income share as a percent of GDP (%)","2010",45.361,
"Kenya","ILO - Modelled Estimates","SDG indicator 10.4.1 - Labour income share as a percent of GDP (%)","2009",43.761,
"Kenya","ILO - Modelled Estimates","SDG indicator 10.4.1 - Labour income share as a percent of GDP (%)","2008",43.563,
"Kenya","ILO - Modelled Estimates","SDG indicator 10.4.1 - Labour income share as a percent of GDP (%)","2007",48.267,
"Kenya","ILO - Modelled Estimates","SDG indicator 10.4.1 - Labour income share as a percent of GDP (%)","2006",50.115,
"Kenya","ILO - Modelled Estimates","SDG indicator 10.4.1 - Labour income share as a percent of GDP (%)","2005",49.592,
"Kenya","ILO - Modelled Estimates","SDG indicator 10.4.1 - Labour income share as a percent of GDP (%)","2004",50.387,
"Kyrgyzstan","ILO - Modelled Estimates","SDG indicator 10.4.1 - Labour income share as a percent of GDP (%)","2024",32.903,"Imputation"
"Kyrgyzstan","ILO - Modelled Estimates","SDG indicator 10.4.1 - Labour income share as a percent of GDP (%)","2023",32.941,"Imputation"
"Kyrgyzstan","ILO - Modelled Estimates","SDG indicator 10.4.1 - Labour income share as a percent of GDP (%)","2022",32.623,"Imputation"
"Kyrgyzstan","ILO - Modelled Estimates","SDG indicator 10.4.1 - Labour income share as a percent of GDP (%)","2021",33.863,"Imputation"
"Kyrgyzstan","ILO - Modelled Estimates","SDG indicator 10.4.1 - Labour income share as a percent of GDP (%)","2020",37.083,"Imputation"
"Kyrgyzstan","ILO - Modelled Estimates","SDG indicator 10.4.1 - Labour income share as a percent of GDP (%)","2019",33.064,"Imputation"
"Kyrgyzstan","ILO - Modelled Estimates","SDG indicator 10.4.1 - Labour income share as a percent of GDP (%)","2018",35.714,"Imputation"
"Kyrgyzstan","ILO - Modelled Estimates","SDG indicator 10.4.1 - Labour income share as a percent of GDP (%)","2017",37.529,"Imputation"
"Kyrgyzstan","ILO - Modelled Estimates","SDG indicator 10.4.1 - Labour income share as a percent of GDP (%)","2016",40.929,"Imputation"
"Kyrgyzstan","ILO - Modelled Estimates","SDG indicator 10.4.1 - Labour income share as a percent of GDP (%)","2015",39.727,"Imputation"
"Kyrgyzstan","ILO - Modelled Estimates","SDG indicator 10.4.1 - Labour income share as a percent of GDP (%)","2014",40.175,"Imputation"
"Kyrgyzstan","ILO - Modelled Estimates","SDG indicator 10.4.1 - Labour income share as a percent of GDP (%)","2013",42.697,"Imputation"
"Kyrgyzstan","ILO - Modelled Estimates","SDG indicator 10.4.1 - Labour income share as a percent of GDP (%)","2012",42.026,"Imputation"
"Kyrgyzstan","ILO - Modelled Estimates","SDG indicator 10.4.1 - Labour income share as a percent of GDP (%)","2011",40.286,"Imputation"
"Kyrgyzstan","ILO - Modelled Estimates","SDG indicator 10.4.1 - Labour income share as a percent of GDP (%)","2010",41.184,"Imputation"
"Kyrgyzstan","ILO - Modelled Estimates","SDG indicator 10.4.1 - Labour income share as a percent of GDP (%)","2009",40.036,"Imputation"
"Kyrgyzstan","ILO - Modelled Estimates","SDG indicator 10.4.1 - Labour income share as a percent of GDP (%)","2008",38.046,"Imputation"
"Kyrgyzstan","ILO - Modelled Estimates","SDG indicator 10.4.1 - Labour income share as a percent of GDP (%)","2007",39.938,"Imputation"
"Kyrgyzstan","ILO - Modelled Estimates","SDG indicator 10.4.1 - Labour income share as a percent of GDP (%)","2006",41.856,"Imputation"
"Kyrgyzstan","ILO - Modelled Estimates","SDG indicator 10.4.1 - Labour income share as a percent of GDP (%)","2005",37.866,"Imputation"
"Kyrgyzstan","ILO - Modelled Estimates","SDG indicator 10.4.1 - Labour income share as a percent of GDP (%)","2004",38.355,"Imputation"
"Cambodia","ILO - Modelled Estimates","SDG indicator 10.4.1 - Labour income share as a percent of GDP (%)","2024",41.506,"Imputation"
"Cambodia","ILO - Modelled Estimates","SDG indicator 10.4.1 - Labour income share as a percent of GDP (%)","2023",41.698,"Imputation"
"Cambodia","ILO - Modelled Estimates","SDG indicator 10.4.1 - Labour income share as a percent of GDP (%)","2022",41.679,"Imputation"
"Cambodia","ILO - Modelled Estimates","SDG indicator 10.4.1 - Labour income share as a percent of GDP (%)","2021",42.659,"Imputation"
"Cambodia","ILO - Modelled Estimates","SDG indicator 10.4.1 - Labour income share as a percent of GDP (%)","2020",42.514,"Imputation"
"Cambodia","ILO - Modelled Estimates","SDG indicator 10.4.1 - Labour income share as a percent of GDP (%)","2019",41.885,"Imputation"
"Cambodia","ILO - Modelled Estimates","SDG indicator 10.4.1 - Labour income share as a percent of GDP (%)","2018",41.75,"Imputation"
"Cambodia","ILO - Modelled Estimates","SDG indicator 10.4.1 - Labour income share as a percent of GDP (%)","2017",41.796,"Imputation"
"Cambodia","ILO - Modelled Estimates","SDG indicator 10.4.1 - Labour income share as a percent of GDP (%)","2016",41.786,"Imputation"
"Cambodia","ILO - Modelled Estimates","SDG indicator 10.4.1 - Labour income share as a percent of GDP (%)","2015",41.766,"Imputation"
"Cambodia","ILO - Modelled Estimates","SDG indicator 10.4.1 - Labour income share as a percent of GDP (%)","2014",41.964,"Imputation"
"Cambodia","ILO - Modelled Estimates","SDG indicator 10.4.1 - Labour income share as a percent of GDP (%)","2013",42.946,"Imputation"
"Cambodia","ILO - Modelled Estimates","SDG indicator 10.4.1 - Labour income share as a percent of GDP (%)","2012",43.031,"Imputation"
"Cambodia","ILO - Modelled Estimates","SDG indicator 10.4.1 - Labour income share as a percent of GDP (%)","2011",43.311,"Imputation"
"Cambodia","ILO - Modelled Estimates","SDG indicator 10.4.1 - Labour income share as a percent of GDP (%)","2010",44.186,"Imputation"
"Cambodia","ILO - Modelled Estimates","SDG indicator 10.4.1 - Labour income share as a percent of GDP (%)","2009",45.252,"Imputation"
"Cambodia","ILO - Modelled Estimates","SDG indicator 10.4.1 - Labour income share as a percent of GDP (%)","2008",43.645,"Imputation"
"Cambodia","ILO - Modelled Estimates","SDG indicator 10.4.1 - Labour income share as a percent of GDP (%)","2007",42.803,"Imputation"
"Cambodia","ILO - Modelled Estimates","SDG indicator 10.4.1 - Labour income share as a percent of GDP (%)","2006",42.709,"Imputation"
"Cambodia","ILO - Modelled Estimates","SDG indicator 10.4.1 - Labour income share as a percent of GDP (%)","2005",42.268,"Imputation"
"Cambodia","ILO - Modelled Estimates","SDG indicator 10.4.1 - Labour income share as a percent of GDP (%)","2004",42.805,"Imputation"
"Republic of Korea","ILO - Modelled Estimates","SDG indicator 10.4.1 - Labour income share as a percent of GDP (%)","2024",59.401,"Imputation"
"Republic of Korea","ILO - Modelled Estimates","SDG indicator 10.4.1 - Labour income share as a percent of GDP (%)","2023",59.804,"Imputation"
"Republic of Korea","ILO - Modelled Estimates","SDG indicator 10.4.1 - Labour income share as a percent of GDP (%)","2022",59.282,"Imputation"
"Republic of Korea","ILO - Modelled Estimates","SDG indicator 10.4.1 - Labour income share as a percent of GDP (%)","2021",59.392,"Imputation"
"Republic of Korea","ILO - Modelled Estimates","SDG indicator 10.4.1 - Labour income share as a percent of GDP (%)","2020",60.131,"Imputation"
"Republic of Korea","ILO - Modelled Estimates","SDG indicator 10.4.1 - Labour income share as a percent of GDP (%)","2019",59.559,"Imputation"
"Republic of Korea","ILO - Modelled Estimates","SDG indicator 10.4.1 - Labour income share as a percent of GDP (%)","2018",57.978,"Imputation"
"Republic of Korea","ILO - Modelled Estimates","SDG indicator 10.4.1 - Labour income share as a percent of GDP (%)","2017",56.805,"Imputation"
"Republic of Korea","ILO - Modelled Estimates","SDG indicator 10.4.1 - Labour income share as a percent of GDP (%)","2016",57.133,"Imputation"
"Republic of Korea","ILO - Modelled Estimates","SDG indicator 10.4.1 - Labour income share as a percent of GDP (%)","2015",57.432,"Imputation"
"Republic of Korea","ILO - Modelled Estimates","SDG indicator 10.4.1 - Labour income share as a percent of GDP (%)","2014",57.299,"Imputation"
"Republic of Korea","ILO - Modelled Estimates","SDG indicator 10.4.1 - Labour income share as a percent of GDP (%)","2013",56.73,"Imputation"
"Republic of Korea","ILO - Modelled Estimates","SDG indicator 10.4.1 - Labour income share as a percent of GDP (%)","2012",56.519,"Imputation"
"Republic of Korea","ILO - Modelled Estimates","SDG indicator 10.4.1 - Labour income share as a percent of GDP (%)","2011",55.841,"Imputation"
"Republic of Korea","ILO - Modelled Estimates","SDG indicator 10.4.1 - Labour income share as a percent of GDP (%)","2010",55.229,"Imputation"
"Republic of Korea","ILO - Modelled Estimates","SDG indicator 10.4.1 - Labour income share as a percent of GDP (%)","2009",57.285,"Imputation"
"Republic of Korea","ILO - Modelled Estimates","SDG indicator 10.4.1 - Labour income share as a percent of GDP (%)","2008",58.101,"Imputation"
"Republic of Korea","ILO - Modelled Estimates","SDG indicator 10.4.1 - Labour income share as a percent of GDP (%)","2007",58.506,"Imputation"
"Republic of Korea","ILO - Modelled Estimates","SDG indicator 10.4.1 - Labour income share as a percent of GDP (%)","2006",59.466,"Imputation"
"Republic of Korea","ILO - Modelled Estimates","SDG indicator 10.4.1 - Labour income share as a percent of GDP (%)","2005",59.211,"Imputation"
"Republic of Korea","ILO - Modelled Estimates","SDG indicator 10.4.1 - Labour income share as a percent of GDP (%)","2004",58.432,"Imputation"
"Kuwait","ILO - Modelled Estimates","SDG indicator 10.4.1 - Labour income share as a percent of GDP (%)","2024",37.866,"Imputation"
"Kuwait","ILO - Modelled Estimates","SDG indicator 10.4.1 - Labour income share as a percent of GDP (%)","2023",38.013,"Imputation"
"Kuwait","ILO - Modelled Estimates","SDG indicator 10.4.1 - Labour income share as a percent of GDP (%)","2022",36.462,"Imputation"
"Kuwait","ILO - Modelled Estimates","SDG indicator 10.4.1 - Labour income share as a percent of GDP (%)","2021",37.779,"Imputation"
"Kuwait","ILO - Modelled Estimates","SDG indicator 10.4.1 - Labour income share as a percent of GDP (%)","2020",39.998,"Imputation"
"Kuwait","ILO - Modelled Estimates","SDG indicator 10.4.1 - Labour income share as a percent of GDP (%)","2019",38.099,"Imputation"
"Kuwait","ILO - Modelled Estimates","SDG indicator 10.4.1 - Labour income share as a percent of GDP (%)","2018",37.301,"Imputation"
"Kuwait","ILO - Modelled Estimates","SDG indicator 10.4.1 - Labour income share as a percent of GDP (%)","2017",40.147,"Imputation"
"Kuwait","ILO - Modelled Estimates","SDG indicator 10.4.1 - Labour income share as a percent of GDP (%)","2016",42.403,"Imputation"
"Kuwait","ILO - Modelled Estimates","SDG indicator 10.4.1 - Labour income share as a percent of GDP (%)","2015",40.263,"Imputation"
"Kuwait","ILO - Modelled Estimates","SDG indicator 10.4.1 - Labour income share as a percent of GDP (%)","2014",29.087,"Imputation"
"Kuwait","ILO - Modelled Estimates","SDG indicator 10.4.1 - Labour income share as a percent of GDP (%)","2013",26.023,"Imputation"
"Kuwait","ILO - Modelled Estimates","SDG indicator 10.4.1 - Labour income share as a percent of GDP (%)","2012",24.5,"Imputation"
"Kuwait","ILO - Modelled Estimates","SDG indicator 10.4.1 - Labour income share as a percent of GDP (%)","2011",24.34,"Imputation"
"Kuwait","ILO - Modelled Estimates","SDG indicator 10.4.1 - Labour income share as a percent of GDP (%)","2010",27.628,"Imputation"
"Kuwait","ILO - Modelled Estimates","SDG indicator 10.4.1 - Labour income share as a percent of GDP (%)","2009",28.801,"Imputation"
"Kuwait","ILO - Modelled Estimates","SDG indicator 10.4.1 - Labour income share as a percent of GDP (%)","2008",21.239,"Imputation"
"Kuwait","ILO - Modelled Estimates","SDG indicator 10.4.1 - Labour income share as a percent of GDP (%)","2007",22.462,"Imputation"
"Kuwait","ILO - Modelled Estimates","SDG indicator 10.4.1 - Labour income share as a percent of GDP (%)","2006",21.008,"Imputation"
"Kuwait","ILO - Modelled Estimates","SDG indicator 10.4.1 - Labour income share as a percent of GDP (%)","2005",23.18,"Imputation"
"Kuwait","ILO - Modelled Estimates","SDG indicator 10.4.1 - Labour income share as a percent of GDP (%)","2004",28.164,"Imputation"
"Lao People's Democratic Republic","ILO - Modelled Estimates","SDG indicator 10.4.1 - Labour income share as a percent of GDP (%)","2024",45.652,"Model-based extrapolation"
"Lao People's Democratic Republic","ILO - Modelled Estimates","SDG indicator 10.4.1 - Labour income share as a percent of GDP (%)","2023",45.729,"Model-based extrapolation"
"Lao People's Democratic Republic","ILO - Modelled Estimates","SDG indicator 10.4.1 - Labour income share as a percent of GDP (%)","2022",46.125,"Model-based extrapolation"
"Lao People's Democratic Republic","ILO - Modelled Estimates","SDG indicator 10.4.1 - Labour income share as a percent of GDP (%)","2021",46.275,"Model-based extrapolation"
"Lao People's Democratic Republic","ILO - Modelled Estimates","SDG indicator 10.4.1 - Labour income share as a percent of GDP (%)","2020",45.75,"Model-based extrapolation"
"Lao People's Democratic Republic","ILO - Modelled Estimates","SDG indicator 10.4.1 - Labour income share as a percent of GDP (%)","2019",45.484,"Model-based extrapolation"
"Lao People's Democratic Republic","ILO - Modelled Estimates","SDG indicator 10.4.1 - Labour income share as a percent of GDP (%)","2018",45.364,"Model-based extrapolation"
"Lao People's Democratic Republic","ILO - Modelled Estimates","SDG indicator 10.4.1 - Labour income share as a percent of GDP (%)","2017",45.286,"Model-based extrapolation"
"Lao People's Democratic Republic","ILO - Modelled Estimates","SDG indicator 10.4.1 - Labour income share as a percent of GDP (%)","2016",45.355,"Model-based extrapolation"
"Lao People's Democratic Republic","ILO - Modelled Estimates","SDG indicator 10.4.1 - Labour income share as a percent of GDP (%)","2015",45.388,"Model-based extrapolation"
"Lao People's Democratic Republic","ILO - Modelled Estimates","SDG indicator 10.4.1 - Labour income share as a percent of GDP (%)","2014",45.382,"Model-based extrapolation"
"Lao People's Democratic Republic","ILO - Modelled Estimates","SDG indicator 10.4.1 - Labour income share as a percent of GDP (%)","2013",45.35,"Model-based extrapolation"
"Lao People's Democratic Republic","ILO - Modelled Estimates","SDG indicator 10.4.1 - Labour income share as a percent of GDP (%)","2012",45.425,"Model-based extrapolation"
"Lao People's Democratic Republic","ILO - Modelled Estimates","SDG indicator 10.4.1 - Labour income share as a percent of GDP (%)","2011",45.519,"Model-based extrapolation"
"Lao People's Democratic Republic","ILO - Modelled Estimates","SDG indicator 10.4.1 - Labour income share as a percent of GDP (%)","2010",45.484,"Model-based extrapolation"
"Lao People's Democratic Republic","ILO - Modelled Estimates","SDG indicator 10.4.1 - Labour income share as a percent of GDP (%)","2009",45.858,"Model-based extrapolation"
"Lao People's Democratic Republic","ILO - Modelled Estimates","SDG indicator 10.4.1 - Labour income share as a percent of GDP (%)","2008",45.843,"Model-based extrapolation"
"Lao People's Democratic Republic","ILO - Modelled Estimates","SDG indicator 10.4.1 - Labour income share as a percent of GDP (%)","2007",45.969,"Model-based extrapolation"
"Lao People's Democratic Republic","ILO - Modelled Estimates","SDG indicator 10.4.1 - Labour income share as a percent of GDP (%)","2006",45.758,"Model-based extrapolation"
"Lao People's Democratic Republic","ILO - Modelled Estimates","SDG indicator 10.4.1 - Labour income share as a percent of GDP (%)","2005",46.247,
"Lao People's Democratic Republic","ILO - Modelled Estimates","SDG indicator 10.4.1 - Labour income share as a percent of GDP (%)","2004",46.515,
"Lebanon","ILO - Modelled Estimates","SDG indicator 10.4.1 - Labour income share as a percent of GDP (%)","2024",42.487,"Imputation"
"Lebanon","ILO - Modelled Estimates","SDG indicator 10.4.1 - Labour income share as a percent of GDP (%)","2023",42.647,"Imputation"
"Lebanon","ILO - Modelled Estimates","SDG indicator 10.4.1 - Labour income share as a percent of GDP (%)","2022",42.755,"Imputation"
"Lebanon","ILO - Modelled Estimates","SDG indicator 10.4.1 - Labour income share as a percent of GDP (%)","2021",43.406,"Imputation"
"Lebanon","ILO - Modelled Estimates","SDG indicator 10.4.1 - Labour income share as a percent of GDP (%)","2020",44.668,"Imputation"
"Lebanon","ILO - Modelled Estimates","SDG indicator 10.4.1 - Labour income share as a percent of GDP (%)","2019",43.194,"Imputation"
"Lebanon","ILO - Modelled Estimates","SDG indicator 10.4.1 - Labour income share as a percent of GDP (%)","2018",42.804,"Imputation"
"Lebanon","ILO - Modelled Estimates","SDG indicator 10.4.1 - Labour income share as a percent of GDP (%)","2017",42.585,"Imputation"
"Lebanon","ILO - Modelled Estimates","SDG indicator 10.4.1 - Labour income share as a percent of GDP (%)","2016",42.545,"Imputation"
"Lebanon","ILO - Modelled Estimates","SDG indicator 10.4.1 - Labour income share as a percent of GDP (%)","2015",42.642,"Imputation"
"Lebanon","ILO - Modelled Estimates","SDG indicator 10.4.1 - Labour income share as a percent of GDP (%)","2014",42.482,"Imputation"
"Lebanon","ILO - Modelled Estimates","SDG indicator 10.4.1 - Labour income share as a percent of GDP (%)","2013",42.383,"Imputation"
"Lebanon","ILO - Modelled Estimates","SDG indicator 10.4.1 - Labour income share as a percent of GDP (%)","2012",42.515,"Imputation"
"Lebanon","ILO - Modelled Estimates","SDG indicator 10.4.1 - Labour income share as a percent of GDP (%)","2011",42.689,"Imputation"
"Lebanon","ILO - Modelled Estimates","SDG indicator 10.4.1 - Labour income share as a percent of GDP (%)","2010",42.143,"Imputation"
"Lebanon","ILO - Modelled Estimates","SDG indicator 10.4.1 - Labour income share as a percent of GDP (%)","2009",42.002,"Imputation"
"Lebanon","ILO - Modelled Estimates","SDG indicator 10.4.1 - Labour income share as a percent of GDP (%)","2008",42.153,"Imputation"
"Lebanon","ILO - Modelled Estimates","SDG indicator 10.4.1 - Labour income share as a percent of GDP (%)","2007",42.197,"Imputation"
"Lebanon","ILO - Modelled Estimates","SDG indicator 10.4.1 - Labour income share as a percent of GDP (%)","2006",42.83,"Imputation"
"Lebanon","ILO - Modelled Estimates","SDG indicator 10.4.1 - Labour income share as a percent of GDP (%)","2005",42.736,"Imputation"
"Lebanon","ILO - Modelled Estimates","SDG indicator 10.4.1 - Labour income share as a percent of GDP (%)","2004",42.413,"Imputation"
"Liberia","ILO - Modelled Estimates","SDG indicator 10.4.1 - Labour income share as a percent of GDP (%)","2024",37.066,"Imputation"
"Liberia","ILO - Modelled Estimates","SDG indicator 10.4.1 - Labour income share as a percent of GDP (%)","2023",37.193,"Imputation"
"Liberia","ILO - Modelled Estimates","SDG indicator 10.4.1 - Labour income share as a percent of GDP (%)","2022",37.152,"Imputation"
"Liberia","ILO - Modelled Estimates","SDG indicator 10.4.1 - Labour income share as a percent of GDP (%)","2021",38.878,"Imputation"
"Liberia","ILO - Modelled Estimates","SDG indicator 10.4.1 - Labour income share as a percent of GDP (%)","2020",38.886,"Imputation"
"Liberia","ILO - Modelled Estimates","SDG indicator 10.4.1 - Labour income share as a percent of GDP (%)","2019",38.424,"Imputation"
"Liberia","ILO - Modelled Estimates","SDG indicator 10.4.1 - Labour income share as a percent of GDP (%)","2018",37.787,"Imputation"
"Liberia","ILO - Modelled Estimates","SDG indicator 10.4.1 - Labour income share as a percent of GDP (%)","2017",37.563,"Imputation"
"Liberia","ILO - Modelled Estimates","SDG indicator 10.4.1 - Labour income share as a percent of GDP (%)","2016",38.27,"Imputation"
"Liberia","ILO - Modelled Estimates","SDG indicator 10.4.1 - Labour income share as a percent of GDP (%)","2015",38.036,"Imputation"
"Liberia","ILO - Modelled Estimates","SDG indicator 10.4.1 - Labour income share as a percent of GDP (%)","2014",37.945,"Imputation"
"Liberia","ILO - Modelled Estimates","SDG indicator 10.4.1 - Labour income share as a percent of GDP (%)","2013",36.618,"Imputation"
"Liberia","ILO - Modelled Estimates","SDG indicator 10.4.1 - Labour income share as a percent of GDP (%)","2012",36.822,"Imputation"
"Liberia","ILO - Modelled Estimates","SDG indicator 10.4.1 - Labour income share as a percent of GDP (%)","2011",36.855,"Imputation"
"Liberia","ILO - Modelled Estimates","SDG indicator 10.4.1 - Labour income share as a percent of GDP (%)","2010",37.289,"Imputation"
"Liberia","ILO - Modelled Estimates","SDG indicator 10.4.1 - Labour income share as a percent of GDP (%)","2009",37.441,"Imputation"
"Liberia","ILO - Modelled Estimates","SDG indicator 10.4.1 - Labour income share as a percent of GDP (%)","2008",37.134,"Imputation"
"Liberia","ILO - Modelled Estimates","SDG indicator 10.4.1 - Labour income share as a percent of GDP (%)","2007",36.728,"Imputation"
"Liberia","ILO - Modelled Estimates","SDG indicator 10.4.1 - Labour income share as a percent of GDP (%)","2006",36.985,"Imputation"
"Liberia","ILO - Modelled Estimates","SDG indicator 10.4.1 - Labour income share as a percent of GDP (%)","2005",37.438,"Imputation"
"Liberia","ILO - Modelled Estimates","SDG indicator 10.4.1 - Labour income share as a percent of GDP (%)","2004",37.85,"Imputation"
"Libya","ILO - Modelled Estimates","SDG indicator 10.4.1 - Labour income share as a percent of GDP (%)","2024",39.941,"Imputation"
"Libya","ILO - Modelled Estimates","SDG indicator 10.4.1 - Labour income share as a percent of GDP (%)","2023",39.869,"Imputation"
"Libya","ILO - Modelled Estimates","SDG indicator 10.4.1 - Labour income share as a percent of GDP (%)","2022",40.607,"Imputation"
"Libya","ILO - Modelled Estimates","SDG indicator 10.4.1 - Labour income share as a percent of GDP (%)","2021",40.344,"Imputation"
"Libya","ILO - Modelled Estimates","SDG indicator 10.4.1 - Labour income share as a percent of GDP (%)","2020",43.004,"Imputation"
"Libya","ILO - Modelled Estimates","SDG indicator 10.4.1 - Labour income share as a percent of GDP (%)","2019",40.732,"Imputation"
"Libya","ILO - Modelled Estimates","SDG indicator 10.4.1 - Labour income share as a percent of GDP (%)","2018",41.284,"Imputation"
"Libya","ILO - Modelled Estimates","SDG indicator 10.4.1 - Labour income share as a percent of GDP (%)","2017",45.846,"Imputation"
"Libya","ILO - Modelled Estimates","SDG indicator 10.4.1 - Labour income share as a percent of GDP (%)","2016",57.325,"Imputation"
"Libya","ILO - Modelled Estimates","SDG indicator 10.4.1 - Labour income share as a percent of GDP (%)","2015",55.569,"Imputation"
"Libya","ILO - Modelled Estimates","SDG indicator 10.4.1 - Labour income share as a percent of GDP (%)","2014",48.911,"Imputation"
"Libya","ILO - Modelled Estimates","SDG indicator 10.4.1 - Labour income share as a percent of GDP (%)","2013",32.414,"Imputation"
"Libya","ILO - Modelled Estimates","SDG indicator 10.4.1 - Labour income share as a percent of GDP (%)","2012",24.333,"Imputation"
"Libya","ILO - Modelled Estimates","SDG indicator 10.4.1 - Labour income share as a percent of GDP (%)","2011",44.191,"Imputation"
"Libya","ILO - Modelled Estimates","SDG indicator 10.4.1 - Labour income share as a percent of GDP (%)","2010",18.755,"Imputation"
"Libya","ILO - Modelled Estimates","SDG indicator 10.4.1 - Labour income share as a percent of GDP (%)","2009",19.328,"Imputation"
"Libya","ILO - Modelled Estimates","SDG indicator 10.4.1 - Labour income share as a percent of GDP (%)","2008",12.608,"Imputation"
"Libya","ILO - Modelled Estimates","SDG indicator 10.4.1 - Labour income share as a percent of GDP (%)","2007",14.632,"Imputation"
"Libya","ILO - Modelled Estimates","SDG indicator 10.4.1 - Labour income share as a percent of GDP (%)","2006",12.086,"Imputation"
"Libya","ILO - Modelled Estimates","SDG indicator 10.4.1 - Labour income share as a percent of GDP (%)","2005",12.019,"Imputation"
"Libya","ILO - Modelled Estimates","SDG indicator 10.4.1 - Labour income share as a percent of GDP (%)","2004",12.123,"Imputation"
"Saint Lucia","ILO - Modelled Estimates","SDG indicator 10.4.1 - Labour income share as a percent of GDP (%)","2024",48.144,"Imputation"
"Saint Lucia","ILO - Modelled Estimates","SDG indicator 10.4.1 - Labour income share as a percent of GDP (%)","2023",48.085,"Imputation"
"Saint Lucia","ILO - Modelled Estimates","SDG indicator 10.4.1 - Labour income share as a percent of GDP (%)","2022",46.995,"Imputation"
"Saint Lucia","ILO - Modelled Estimates","SDG indicator 10.4.1 - Labour income share as a percent of GDP (%)","2021",47.883,"Imputation"
"Saint Lucia","ILO - Modelled Estimates","SDG indicator 10.4.1 - Labour income share as a percent of GDP (%)","2020",50.631,"Imputation"
"Saint Lucia","ILO - Modelled Estimates","SDG indicator 10.4.1 - Labour income share as a percent of GDP (%)","2019",48.304,"Imputation"
"Saint Lucia","ILO - Modelled Estimates","SDG indicator 10.4.1 - Labour income share as a percent of GDP (%)","2018",47.956,"Imputation"
"Saint Lucia","ILO - Modelled Estimates","SDG indicator 10.4.1 - Labour income share as a percent of GDP (%)","2017",47.923,"Imputation"
"Saint Lucia","ILO - Modelled Estimates","SDG indicator 10.4.1 - Labour income share as a percent of GDP (%)","2016",47.936,"Imputation"
"Saint Lucia","ILO - Modelled Estimates","SDG indicator 10.4.1 - Labour income share as a percent of GDP (%)","2015",48.25,"Imputation"
"Saint Lucia","ILO - Modelled Estimates","SDG indicator 10.4.1 - Labour income share as a percent of GDP (%)","2014",48.157,"Imputation"
"Saint Lucia","ILO - Modelled Estimates","SDG indicator 10.4.1 - Labour income share as a percent of GDP (%)","2013",48.477,"Imputation"
"Saint Lucia","ILO - Modelled Estimates","SDG indicator 10.4.1 - Labour income share as a percent of GDP (%)","2012",48.316,"Imputation"
"Saint Lucia","ILO - Modelled Estimates","SDG indicator 10.4.1 - Labour income share as a percent of GDP (%)","2011",47.929,"Imputation"
"Saint Lucia","ILO - Modelled Estimates","SDG indicator 10.4.1 - Labour income share as a percent of GDP (%)","2010",48.303,"Imputation"
"Saint Lucia","ILO - Modelled Estimates","SDG indicator 10.4.1 - Labour income share as a percent of GDP (%)","2009",48.598,"Imputation"
"Saint Lucia","ILO - Modelled Estimates","SDG indicator 10.4.1 - Labour income share as a percent of GDP (%)","2008",47.908,"Imputation"
"Saint Lucia","ILO - Modelled Estimates","SDG indicator 10.4.1 - Labour income share as a percent of GDP (%)","2007",48.211,"Imputation"
"Saint Lucia","ILO - Modelled Estimates","SDG indicator 10.4.1 - Labour income share as a percent of GDP (%)","2006",47.801,"Imputation"
"Saint Lucia","ILO - Modelled Estimates","SDG indicator 10.4.1 - Labour income share as a percent of GDP (%)","2005",48.423,"Imputation"
"Saint Lucia","ILO - Modelled Estimates","SDG indicator 10.4.1 - Labour income share as a percent of GDP (%)","2004",47.751,"Imputation"
"Sri Lanka","ILO - Modelled Estimates","SDG indicator 10.4.1 - Labour income share as a percent of GDP (%)","2024",34.415,"Model-based extrapolation"
"Sri Lanka","ILO - Modelled Estimates","SDG indicator 10.4.1 - Labour income share as a percent of GDP (%)","2023",35.892,"Model-based extrapolation"
"Sri Lanka","ILO - Modelled Estimates","SDG indicator 10.4.1 - Labour income share as a percent of GDP (%)","2022",36.298,
"Sri Lanka","ILO - Modelled Estimates","SDG indicator 10.4.1 - Labour income share as a percent of GDP (%)","2021",37.293,
"Sri Lanka","ILO - Modelled Estimates","SDG indicator 10.4.1 - Labour income share as a percent of GDP (%)","2020",38.285,
"Sri Lanka","ILO - Modelled Estimates","SDG indicator 10.4.1 - Labour income share as a percent of GDP (%)","2019",36.068,
"Sri Lanka","ILO - Modelled Estimates","SDG indicator 10.4.1 - Labour income share as a percent of GDP (%)","2018",37.088,
"Sri Lanka","ILO - Modelled Estimates","SDG indicator 10.4.1 - Labour income share as a percent of GDP (%)","2017",33.568,
"Sri Lanka","ILO - Modelled Estimates","SDG indicator 10.4.1 - Labour income share as a percent of GDP (%)","2016",36.059,
"Sri Lanka","ILO - Modelled Estimates","SDG indicator 10.4.1 - Labour income share as a percent of GDP (%)","2015",36.22,
"Sri Lanka","ILO - Modelled Estimates","SDG indicator 10.4.1 - Labour income share as a percent of GDP (%)","2014",36.056,
"Sri Lanka","ILO - Modelled Estimates","SDG indicator 10.4.1 - Labour income share as a percent of GDP (%)","2013",36.043,
"Sri Lanka","ILO - Modelled Estimates","SDG indicator 10.4.1 - Labour income share as a percent of GDP (%)","2012",35.176,
"Sri Lanka","ILO - Modelled Estimates","SDG indicator 10.4.1 - Labour income share as a percent of GDP (%)","2011",35.565,
"Sri Lanka","ILO - Modelled Estimates","SDG indicator 10.4.1 - Labour income share as a percent of GDP (%)","2010",35.5,
"Sri Lanka","ILO - Modelled Estimates","SDG indicator 10.4.1 - Labour income share as a percent of GDP (%)","2009",34.876,
"Sri Lanka","ILO - Modelled Estimates","SDG indicator 10.4.1 - Labour income share as a percent of GDP (%)","2008",35.03,
"Sri Lanka","ILO - Modelled Estimates","SDG indicator 10.4.1 - Labour income share as a percent of GDP (%)","2007",34.541,
"Sri Lanka","ILO - Modelled Estimates","SDG indicator 10.4.1 - Labour income share as a percent of GDP (%)","2006",34.517,
"Sri Lanka","ILO - Modelled Estimates","SDG indicator 10.4.1 - Labour income share as a percent of GDP (%)","2005",33.49,
"Sri Lanka","ILO - Modelled Estimates","SDG indicator 10.4.1 - Labour income share as a percent of GDP (%)","2004",33.406,
"Lesotho","ILO - Modelled Estimates","SDG indicator 10.4.1 - Labour income share as a percent of GDP (%)","2024",54.35,"Model-based extrapolation"
"Lesotho","ILO - Modelled Estimates","SDG indicator 10.4.1 - Labour income share as a percent of GDP (%)","2023",54.471,"Model-based extrapolation"
"Lesotho","ILO - Modelled Estimates","SDG indicator 10.4.1 - Labour income share as a percent of GDP (%)","2022",54.54,"Model-based extrapolation"
"Lesotho","ILO - Modelled Estimates","SDG indicator 10.4.1 - Labour income share as a percent of GDP (%)","2021",55.608,
"Lesotho","ILO - Modelled Estimates","SDG indicator 10.4.1 - Labour income share as a percent of GDP (%)","2020",56.707,
"Lesotho","ILO - Modelled Estimates","SDG indicator 10.4.1 - Labour income share as a percent of GDP (%)","2019",55.554,
"Lesotho","ILO - Modelled Estimates","SDG indicator 10.4.1 - Labour income share as a percent of GDP (%)","2018",55.572,
"Lesotho","ILO - Modelled Estimates","SDG indicator 10.4.1 - Labour income share as a percent of GDP (%)","2017",56.164,
"Lesotho","ILO - Modelled Estimates","SDG indicator 10.4.1 - Labour income share as a percent of GDP (%)","2016",53.918,
"Lesotho","ILO - Modelled Estimates","SDG indicator 10.4.1 - Labour income share as a percent of GDP (%)","2015",54.064,
"Lesotho","ILO - Modelled Estimates","SDG indicator 10.4.1 - Labour income share as a percent of GDP (%)","2014",54.572,
"Lesotho","ILO - Modelled Estimates","SDG indicator 10.4.1 - Labour income share as a percent of GDP (%)","2013",54.604,
"Lesotho","ILO - Modelled Estimates","SDG indicator 10.4.1 - Labour income share as a percent of GDP (%)","2012",51.861,
"Lesotho","ILO - Modelled Estimates","SDG indicator 10.4.1 - Labour income share as a percent of GDP (%)","2011",49.882,
"Lesotho","ILO - Modelled Estimates","SDG indicator 10.4.1 - Labour income share as a percent of GDP (%)","2010",51.001,
"Lesotho","ILO - Modelled Estimates","SDG indicator 10.4.1 - Labour income share as a percent of GDP (%)","2009",50.887,
"Lesotho","ILO - Modelled Estimates","SDG indicator 10.4.1 - Labour income share as a percent of GDP (%)","2008",46.539,
"Lesotho","ILO - Modelled Estimates","SDG indicator 10.4.1 - Labour income share as a percent of GDP (%)","2007",46.592,
"Lesotho","ILO - Modelled Estimates","SDG indicator 10.4.1 - Labour income share as a percent of GDP (%)","2006",48.508,
"Lesotho","ILO - Modelled Estimates","SDG indicator 10.4.1 - Labour income share as a percent of GDP (%)","2005",51.135,
"Lesotho","ILO - Modelled Estimates","SDG indicator 10.4.1 - Labour income share as a percent of GDP (%)","2004",53.057,
"Lithuania","ILO - Modelled Estimates","SDG indicator 10.4.1 - Labour income share as a percent of GDP (%)","2024",55.681,"Model-based extrapolation"
"Lithuania","ILO - Modelled Estimates","SDG indicator 10.4.1 - Labour income share as a percent of GDP (%)","2023",54.297,"Model-based extrapolation"
"Lithuania","ILO - Modelled Estimates","SDG indicator 10.4.1 - Labour income share as a percent of GDP (%)","2022",51.653,"Model-based extrapolation"
"Lithuania","ILO - Modelled Estimates","SDG indicator 10.4.1 - Labour income share as a percent of GDP (%)","2021",52.547,
"Lithuania","ILO - Modelled Estimates","SDG indicator 10.4.1 - Labour income share as a percent of GDP (%)","2020",54.441,
"Lithuania","ILO - Modelled Estimates","SDG indicator 10.4.1 - Labour income share as a percent of GDP (%)","2019",53.281,
"Lithuania","ILO - Modelled Estimates","SDG indicator 10.4.1 - Labour income share as a percent of GDP (%)","2018",51.183,
"Lithuania","ILO - Modelled Estimates","SDG indicator 10.4.1 - Labour income share as a percent of GDP (%)","2017",50.155,
"Lithuania","ILO - Modelled Estimates","SDG indicator 10.4.1 - Labour income share as a percent of GDP (%)","2016",47.811,
"Lithuania","ILO - Modelled Estimates","SDG indicator 10.4.1 - Labour income share as a percent of GDP (%)","2015",47.632,
"Lithuania","ILO - Modelled Estimates","SDG indicator 10.4.1 - Labour income share as a percent of GDP (%)","2014",44.219,
"Lithuania","ILO - Modelled Estimates","SDG indicator 10.4.1 - Labour income share as a percent of GDP (%)","2013",44.549,
"Lithuania","ILO - Modelled Estimates","SDG indicator 10.4.1 - Labour income share as a percent of GDP (%)","2012",42.971,
"Lithuania","ILO - Modelled Estimates","SDG indicator 10.4.1 - Labour income share as a percent of GDP (%)","2011",43.887,
"Lithuania","ILO - Modelled Estimates","SDG indicator 10.4.1 - Labour income share as a percent of GDP (%)","2010",45.752,
"Lithuania","ILO - Modelled Estimates","SDG indicator 10.4.1 - Labour income share as a percent of GDP (%)","2009",50.316,
"Lithuania","ILO - Modelled Estimates","SDG indicator 10.4.1 - Labour income share as a percent of GDP (%)","2008",49.352,
"Lithuania","ILO - Modelled Estimates","SDG indicator 10.4.1 - Labour income share as a percent of GDP (%)","2007",47.237,
"Lithuania","ILO - Modelled Estimates","SDG indicator 10.4.1 - Labour income share as a percent of GDP (%)","2006",47.751,
"Lithuania","ILO - Modelled Estimates","SDG indicator 10.4.1 - Labour income share as a percent of GDP (%)","2005",45.214,
"Lithuania","ILO - Modelled Estimates","SDG indicator 10.4.1 - Labour income share as a percent of GDP (%)","2004",44.975,
"Luxembourg","ILO - Modelled Estimates","SDG indicator 10.4.1 - Labour income share as a percent of GDP (%)","2024",54.962,"Model-based extrapolation"
"Luxembourg","ILO - Modelled Estimates","SDG indicator 10.4.1 - Labour income share as a percent of GDP (%)","2023",55.568,"Model-based extrapolation"
"Luxembourg","ILO - Modelled Estimates","SDG indicator 10.4.1 - Labour income share as a percent of GDP (%)","2022",54.918,
"Luxembourg","ILO - Modelled Estimates","SDG indicator 10.4.1 - Labour income share as a percent of GDP (%)","2021",54.78,
"Luxembourg","ILO - Modelled Estimates","SDG indicator 10.4.1 - Labour income share as a percent of GDP (%)","2020",56.358,
"Luxembourg","ILO - Modelled Estimates","SDG indicator 10.4.1 - Labour income share as a percent of GDP (%)","2019",56.418,
"Luxembourg","ILO - Modelled Estimates","SDG indicator 10.4.1 - Labour income share as a percent of GDP (%)","2018",55.414,
"Luxembourg","ILO - Modelled Estimates","SDG indicator 10.4.1 - Labour income share as a percent of GDP (%)","2017",53.431,
"Luxembourg","ILO - Modelled Estimates","SDG indicator 10.4.1 - Labour income share as a percent of GDP (%)","2016",51.947,
"Luxembourg","ILO - Modelled Estimates","SDG indicator 10.4.1 - Labour income share as a percent of GDP (%)","2015",52.567,
"Luxembourg","ILO - Modelled Estimates","SDG indicator 10.4.1 - Labour income share as a percent of GDP (%)","2014",51.255,
"Luxembourg","ILO - Modelled Estimates","SDG indicator 10.4.1 - Labour income share as a percent of GDP (%)","2013",51.999,
"Luxembourg","ILO - Modelled Estimates","SDG indicator 10.4.1 - Labour income share as a percent of GDP (%)","2012",52.692,
"Luxembourg","ILO - Modelled Estimates","SDG indicator 10.4.1 - Labour income share as a percent of GDP (%)","2011",52.709,
"Luxembourg","ILO - Modelled Estimates","SDG indicator 10.4.1 - Labour income share as a percent of GDP (%)","2010",51.597,
"Luxembourg","ILO - Modelled Estimates","SDG indicator 10.4.1 - Labour income share as a percent of GDP (%)","2009",55.144,
"Luxembourg","ILO - Modelled Estimates","SDG indicator 10.4.1 - Labour income share as a percent of GDP (%)","2008",52.105,
"Luxembourg","ILO - Modelled Estimates","SDG indicator 10.4.1 - Labour income share as a percent of GDP (%)","2007",51.426,
"Luxembourg","ILO - Modelled Estimates","SDG indicator 10.4.1 - Labour income share as a percent of GDP (%)","2006",52.973,
"Luxembourg","ILO - Modelled Estimates","SDG indicator 10.4.1 - Labour income share as a percent of GDP (%)","2005",54.625,
"Luxembourg","ILO - Modelled Estimates","SDG indicator 10.4.1 - Labour income share as a percent of GDP (%)","2004",55.587,
"Latvia","ILO - Modelled Estimates","SDG indicator 10.4.1 - Labour income share as a percent of GDP (%)","2024",62.145,"Model-based extrapolation"
"Latvia","ILO - Modelled Estimates","SDG indicator 10.4.1 - Labour income share as a percent of GDP (%)","2023",60.008,"Model-based extrapolation"
"Latvia","ILO - Modelled Estimates","SDG indicator 10.4.1 - Labour income share as a percent of GDP (%)","2022",56.095,
"Latvia","ILO - Modelled Estimates","SDG indicator 10.4.1 - Labour income share as a percent of GDP (%)","2021",57.339,
"Latvia","ILO - Modelled Estimates","SDG indicator 10.4.1 - Labour income share as a percent of GDP (%)","2020",59.059,
"Latvia","ILO - Modelled Estimates","SDG indicator 10.4.1 - Labour income share as a percent of GDP (%)","2019",56.136,
"Latvia","ILO - Modelled Estimates","SDG indicator 10.4.1 - Labour income share as a percent of GDP (%)","2018",54.984,
"Latvia","ILO - Modelled Estimates","SDG indicator 10.4.1 - Labour income share as a percent of GDP (%)","2017",53.799,
"Latvia","ILO - Modelled Estimates","SDG indicator 10.4.1 - Labour income share as a percent of GDP (%)","2016",53.014,
"Latvia","ILO - Modelled Estimates","SDG indicator 10.4.1 - Labour income share as a percent of GDP (%)","2015",51.683,
"Latvia","ILO - Modelled Estimates","SDG indicator 10.4.1 - Labour income share as a percent of GDP (%)","2014",49.32,
"Latvia","ILO - Modelled Estimates","SDG indicator 10.4.1 - Labour income share as a percent of GDP (%)","2013",48.161,
"Latvia","ILO - Modelled Estimates","SDG indicator 10.4.1 - Labour income share as a percent of GDP (%)","2012",45.597,
"Latvia","ILO - Modelled Estimates","SDG indicator 10.4.1 - Labour income share as a percent of GDP (%)","2011",46.308,
"Latvia","ILO - Modelled Estimates","SDG indicator 10.4.1 - Labour income share as a percent of GDP (%)","2010",48.894,
"Latvia","ILO - Modelled Estimates","SDG indicator 10.4.1 - Labour income share as a percent of GDP (%)","2009",53.265,
"Latvia","ILO - Modelled Estimates","SDG indicator 10.4.1 - Labour income share as a percent of GDP (%)","2008",54.173,
"Latvia","ILO - Modelled Estimates","SDG indicator 10.4.1 - Labour income share as a percent of GDP (%)","2007",49.341,
"Latvia","ILO - Modelled Estimates","SDG indicator 10.4.1 - Labour income share as a percent of GDP (%)","2006",46.455,
"Latvia","ILO - Modelled Estimates","SDG indicator 10.4.1 - Labour income share as a percent of GDP (%)","2005",45.147,
"Latvia","ILO - Modelled Estimates","SDG indicator 10.4.1 - Labour income share as a percent of GDP (%)","2004",43.123,
"Macao, China","ILO - Modelled Estimates","SDG indicator 10.4.1 - Labour income share as a percent of GDP (%)","2024",30.208,"Imputation"
"Macao, China","ILO - Modelled Estimates","SDG indicator 10.4.1 - Labour income share as a percent of GDP (%)","2023",28.354,"Imputation"
"Macao, China","ILO - Modelled Estimates","SDG indicator 10.4.1 - Labour income share as a percent of GDP (%)","2022",31.202,"Imputation"
"Macao, China","ILO - Modelled Estimates","SDG indicator 10.4.1 - Labour income share as a percent of GDP (%)","2021",29.826,"Imputation"
"Macao, China","ILO - Modelled Estimates","SDG indicator 10.4.1 - Labour income share as a percent of GDP (%)","2020",32.396,"Imputation"
"Macao, China","ILO - Modelled Estimates","SDG indicator 10.4.1 - Labour income share as a percent of GDP (%)","2019",30.562,"Imputation"
"Macao, China","ILO - Modelled Estimates","SDG indicator 10.4.1 - Labour income share as a percent of GDP (%)","2018",29.192,"Imputation"
"Macao, China","ILO - Modelled Estimates","SDG indicator 10.4.1 - Labour income share as a percent of GDP (%)","2017",30.627,"Imputation"
"Macao, China","ILO - Modelled Estimates","SDG indicator 10.4.1 - Labour income share as a percent of GDP (%)","2016",32.732,"Imputation"
"Macao, China","ILO - Modelled Estimates","SDG indicator 10.4.1 - Labour income share as a percent of GDP (%)","2015",31.772,"Imputation"
"Macao, China","ILO - Modelled Estimates","SDG indicator 10.4.1 - Labour income share as a percent of GDP (%)","2014",23.474,"Imputation"
"Macao, China","ILO - Modelled Estimates","SDG indicator 10.4.1 - Labour income share as a percent of GDP (%)","2013",21.024,"Imputation"
"Macao, China","ILO - Modelled Estimates","SDG indicator 10.4.1 - Labour income share as a percent of GDP (%)","2012",21.959,"Imputation"
"Macao, China","ILO - Modelled Estimates","SDG indicator 10.4.1 - Labour income share as a percent of GDP (%)","2011",21.885,"Imputation"
"Macao, China","ILO - Modelled Estimates","SDG indicator 10.4.1 - Labour income share as a percent of GDP (%)","2010",24.47,"Imputation"
"Macao, China","ILO - Modelled Estimates","SDG indicator 10.4.1 - Labour income share as a percent of GDP (%)","2009",30.388,"Imputation"
"Macao, China","ILO - Modelled Estimates","SDG indicator 10.4.1 - Labour income share as a percent of GDP (%)","2008",31.932,"Imputation"
"Macao, China","ILO - Modelled Estimates","SDG indicator 10.4.1 - Labour income share as a percent of GDP (%)","2007",32.494,"Imputation"
"Macao, China","ILO - Modelled Estimates","SDG indicator 10.4.1 - Labour income share as a percent of GDP (%)","2006",30.948,"Imputation"
"Macao, China","ILO - Modelled Estimates","SDG indicator 10.4.1 - Labour income share as a percent of GDP (%)","2005",29.631,"Imputation"
"Macao, China","ILO - Modelled Estimates","SDG indicator 10.4.1 - Labour income share as a percent of GDP (%)","2004",27.648,"Imputation"
"Morocco","ILO - Modelled Estimates","SDG indicator 10.4.1 - Labour income share as a percent of GDP (%)","2024",45.135,"Imputation"
"Morocco","ILO - Modelled Estimates","SDG indicator 10.4.1 - Labour income share as a percent of GDP (%)","2023",45.165,"Imputation"
"Morocco","ILO - Modelled Estimates","SDG indicator 10.4.1 - Labour income share as a percent of GDP (%)","2022",45.566,"Imputation"
"Morocco","ILO - Modelled Estimates","SDG indicator 10.4.1 - Labour income share as a percent of GDP (%)","2021",43.457,"Imputation"
"Morocco","ILO - Modelled Estimates","SDG indicator 10.4.1 - Labour income share as a percent of GDP (%)","2020",45.55,"Imputation"
"Morocco","ILO - Modelled Estimates","SDG indicator 10.4.1 - Labour income share as a percent of GDP (%)","2019",45.127,"Imputation"
"Morocco","ILO - Modelled Estimates","SDG indicator 10.4.1 - Labour income share as a percent of GDP (%)","2018",45.117,"Imputation"
"Morocco","ILO - Modelled Estimates","SDG indicator 10.4.1 - Labour income share as a percent of GDP (%)","2017",45.916,"Imputation"
"Morocco","ILO - Modelled Estimates","SDG indicator 10.4.1 - Labour income share as a percent of GDP (%)","2016",47.018,"Imputation"
"Morocco","ILO - Modelled Estimates","SDG indicator 10.4.1 - Labour income share as a percent of GDP (%)","2015",46.722,"Imputation"
"Morocco","ILO - Modelled Estimates","SDG indicator 10.4.1 - Labour income share as a percent of GDP (%)","2014",49.418,"Imputation"
"Morocco","ILO - Modelled Estimates","SDG indicator 10.4.1 - Labour income share as a percent of GDP (%)","2013",47.96,"Imputation"
"Morocco","ILO - Modelled Estimates","SDG indicator 10.4.1 - Labour income share as a percent of GDP (%)","2012",48.686,"Imputation"
"Morocco","ILO - Modelled Estimates","SDG indicator 10.4.1 - Labour income share as a percent of GDP (%)","2011",47.408,"Imputation"
"Morocco","ILO - Modelled Estimates","SDG indicator 10.4.1 - Labour income share as a percent of GDP (%)","2010",45.309,"Imputation"
"Morocco","ILO - Modelled Estimates","SDG indicator 10.4.1 - Labour income share as a percent of GDP (%)","2009",45.642,"Imputation"
"Morocco","ILO - Modelled Estimates","SDG indicator 10.4.1 - Labour income share as a percent of GDP (%)","2008",44.538,"Imputation"
"Morocco","ILO - Modelled Estimates","SDG indicator 10.4.1 - Labour income share as a percent of GDP (%)","2007",44.777,"Imputation"
"Morocco","ILO - Modelled Estimates","SDG indicator 10.4.1 - Labour income share as a percent of GDP (%)","2006",44.908,"Imputation"
"Morocco","ILO - Modelled Estimates","SDG indicator 10.4.1 - Labour income share as a percent of GDP (%)","2005",49.216,"Imputation"
"Morocco","ILO - Modelled Estimates","SDG indicator 10.4.1 - Labour income share as a percent of GDP (%)","2004",47.745,"Imputation"
"Republic of Moldova","ILO - Modelled Estimates","SDG indicator 10.4.1 - Labour income share as a percent of GDP (%)","2024",60.644,"Model-based extrapolation"
"Republic of Moldova","ILO - Modelled Estimates","SDG indicator 10.4.1 - Labour income share as a percent of GDP (%)","2023",60.881,"Model-based extrapolation"
"Republic of Moldova","ILO - Modelled Estimates","SDG indicator 10.4.1 - Labour income share as a percent of GDP (%)","2022",61.773,"Model-based extrapolation"
"Republic of Moldova","ILO - Modelled Estimates","SDG indicator 10.4.1 - Labour income share as a percent of GDP (%)","2021",59.218,"Model-based extrapolation"
"Republic of Moldova","ILO - Modelled Estimates","SDG indicator 10.4.1 - Labour income share as a percent of GDP (%)","2020",60.09,"Model-based extrapolation"
"Republic of Moldova","ILO - Modelled Estimates","SDG indicator 10.4.1 - Labour income share as a percent of GDP (%)","2019",58.936,
"Republic of Moldova","ILO - Modelled Estimates","SDG indicator 10.4.1 - Labour income share as a percent of GDP (%)","2018",61.146,
"Republic of Moldova","ILO - Modelled Estimates","SDG indicator 10.4.1 - Labour income share as a percent of GDP (%)","2017",57.201,
"Republic of Moldova","ILO - Modelled Estimates","SDG indicator 10.4.1 - Labour income share as a percent of GDP (%)","2016",65.022,
"Republic of Moldova","ILO - Modelled Estimates","SDG indicator 10.4.1 - Labour income share as a percent of GDP (%)","2015",61.19,
"Republic of Moldova","ILO - Modelled Estimates","SDG indicator 10.4.1 - Labour income share as a percent of GDP (%)","2014",55.037,
"Republic of Moldova","ILO - Modelled Estimates","SDG indicator 10.4.1 - Labour income share as a percent of GDP (%)","2013",52.288,
"Republic of Moldova","ILO - Modelled Estimates","SDG indicator 10.4.1 - Labour income share as a percent of GDP (%)","2012",52.258,
"Republic of Moldova","ILO - Modelled Estimates","SDG indicator 10.4.1 - Labour income share as a percent of GDP (%)","2011",49.825,
"Republic of Moldova","ILO - Modelled Estimates","SDG indicator 10.4.1 - Labour income share as a percent of GDP (%)","2010",52.677,
"Republic of Moldova","ILO - Modelled Estimates","SDG indicator 10.4.1 - Labour income share as a percent of GDP (%)","2009",56.522,
"Republic of Moldova","ILO - Modelled Estimates","SDG indicator 10.4.1 - Labour income share as a percent of GDP (%)","2008",52.474,
"Republic of Moldova","ILO - Modelled Estimates","SDG indicator 10.4.1 - Labour income share as a percent of GDP (%)","2007",50.394,
"Republic of Moldova","ILO - Modelled Estimates","SDG indicator 10.4.1 - Labour income share as a percent of GDP (%)","2006",50.856,
"Republic of Moldova","ILO - Modelled Estimates","SDG indicator 10.4.1 - Labour income share as a percent of GDP (%)","2005",49.138,
"Republic of Moldova","ILO - Modelled Estimates","SDG indicator 10.4.1 - Labour income share as a percent of GDP (%)","2004",48.815,
"Madagascar","ILO - Modelled Estimates","SDG indicator 10.4.1 - Labour income share as a percent of GDP (%)","2024",39.337,"Imputation"
"Madagascar","ILO - Modelled Estimates","SDG indicator 10.4.1 - Labour income share as a percent of GDP (%)","2023",39.488,"Imputation"
"Madagascar","ILO - Modelled Estimates","SDG indicator 10.4.1 - Labour income share as a percent of GDP (%)","2022",39.446,"Imputation"
"Madagascar","ILO - Modelled Estimates","SDG indicator 10.4.1 - Labour income share as a percent of GDP (%)","2021",39.779,"Imputation"
"Madagascar","ILO - Modelled Estimates","SDG indicator 10.4.1 - Labour income share as a percent of GDP (%)","2020",39.085,"Imputation"
"Madagascar","ILO - Modelled Estimates","SDG indicator 10.4.1 - Labour income share as a percent of GDP (%)","2019",39.375,"Imputation"
"Madagascar","ILO - Modelled Estimates","SDG indicator 10.4.1 - Labour income share as a percent of GDP (%)","2018",39.657,"Imputation"
"Madagascar","ILO - Modelled Estimates","SDG indicator 10.4.1 - Labour income share as a percent of GDP (%)","2017",39.516,"Imputation"
"Madagascar","ILO - Modelled Estimates","SDG indicator 10.4.1 - Labour income share as a percent of GDP (%)","2016",39.527,"Imputation"
"Madagascar","ILO - Modelled Estimates","SDG indicator 10.4.1 - Labour income share as a percent of GDP (%)","2015",39.736,"Imputation"
"Madagascar","ILO - Modelled Estimates","SDG indicator 10.4.1 - Labour income share as a percent of GDP (%)","2014",39.662,"Imputation"
"Madagascar","ILO - Modelled Estimates","SDG indicator 10.4.1 - Labour income share as a percent of GDP (%)","2013",39.845,"Imputation"
"Madagascar","ILO - Modelled Estimates","SDG indicator 10.4.1 - Labour income share as a percent of GDP (%)","2012",39.653,"Imputation"
"Madagascar","ILO - Modelled Estimates","SDG indicator 10.4.1 - Labour income share as a percent of GDP (%)","2011",40.173,"Imputation"
"Madagascar","ILO - Modelled Estimates","SDG indicator 10.4.1 - Labour income share as a percent of GDP (%)","2010",40.603,"Imputation"
"Madagascar","ILO - Modelled Estimates","SDG indicator 10.4.1 - Labour income share as a percent of GDP (%)","2009",41.311,"Imputation"
"Madagascar","ILO - Modelled Estimates","SDG indicator 10.4.1 - Labour income share as a percent of GDP (%)","2008",38.936,"Imputation"
"Madagascar","ILO - Modelled Estimates","SDG indicator 10.4.1 - Labour income share as a percent of GDP (%)","2007",38.98,"Imputation"
"Madagascar","ILO - Modelled Estimates","SDG indicator 10.4.1 - Labour income share as a percent of GDP (%)","2006",38.845,"Imputation"
"Madagascar","ILO - Modelled Estimates","SDG indicator 10.4.1 - Labour income share as a percent of GDP (%)","2005",38.78,"Imputation"
"Madagascar","ILO - Modelled Estimates","SDG indicator 10.4.1 - Labour income share as a percent of GDP (%)","2004",38.487,"Imputation"
"Maldives","ILO - Modelled Estimates","SDG indicator 10.4.1 - Labour income share as a percent of GDP (%)","2024",42.468,"Imputation"
"Maldives","ILO - Modelled Estimates","SDG indicator 10.4.1 - Labour income share as a percent of GDP (%)","2023",42.507,"Imputation"
"Maldives","ILO - Modelled Estimates","SDG indicator 10.4.1 - Labour income share as a percent of GDP (%)","2022",42.02,"Imputation"
"Maldives","ILO - Modelled Estimates","SDG indicator 10.4.1 - Labour income share as a percent of GDP (%)","2021",42.397,"Imputation"
"Maldives","ILO - Modelled Estimates","SDG indicator 10.4.1 - Labour income share as a percent of GDP (%)","2020",44.401,"Imputation"
"Maldives","ILO - Modelled Estimates","SDG indicator 10.4.1 - Labour income share as a percent of GDP (%)","2019",42.275,"Imputation"
"Maldives","ILO - Modelled Estimates","SDG indicator 10.4.1 - Labour income share as a percent of GDP (%)","2018",42.313,"Imputation"
"Maldives","ILO - Modelled Estimates","SDG indicator 10.4.1 - Labour income share as a percent of GDP (%)","2017",42.519,"Imputation"
"Maldives","ILO - Modelled Estimates","SDG indicator 10.4.1 - Labour income share as a percent of GDP (%)","2016",42.662,"Imputation"
"Maldives","ILO - Modelled Estimates","SDG indicator 10.4.1 - Labour income share as a percent of GDP (%)","2015",42.739,"Imputation"
"Maldives","ILO - Modelled Estimates","SDG indicator 10.4.1 - Labour income share as a percent of GDP (%)","2014",42.503,"Imputation"
"Maldives","ILO - Modelled Estimates","SDG indicator 10.4.1 - Labour income share as a percent of GDP (%)","2013",42.608,"Imputation"
"Maldives","ILO - Modelled Estimates","SDG indicator 10.4.1 - Labour income share as a percent of GDP (%)","2012",42.907,"Imputation"
"Maldives","ILO - Modelled Estimates","SDG indicator 10.4.1 - Labour income share as a percent of GDP (%)","2011",42.669,"Imputation"
"Maldives","ILO - Modelled Estimates","SDG indicator 10.4.1 - Labour income share as a percent of GDP (%)","2010",42.837,"Imputation"
"Maldives","ILO - Modelled Estimates","SDG indicator 10.4.1 - Labour income share as a percent of GDP (%)","2009",43.688,"Imputation"
"Maldives","ILO - Modelled Estimates","SDG indicator 10.4.1 - Labour income share as a percent of GDP (%)","2008",42.868,"Imputation"
"Maldives","ILO - Modelled Estimates","SDG indicator 10.4.1 - Labour income share as a percent of GDP (%)","2007",43.021,"Imputation"
"Maldives","ILO - Modelled Estimates","SDG indicator 10.4.1 - Labour income share as a percent of GDP (%)","2006",42.278,"Imputation"
"Maldives","ILO - Modelled Estimates","SDG indicator 10.4.1 - Labour income share as a percent of GDP (%)","2005",44.08,"Imputation"
"Maldives","ILO - Modelled Estimates","SDG indicator 10.4.1 - Labour income share as a percent of GDP (%)","2004",43.212,"Imputation"
"Mexico","ILO - Modelled Estimates","SDG indicator 10.4.1 - Labour income share as a percent of GDP (%)","2024",34.965,"Model-based extrapolation"
"Mexico","ILO - Modelled Estimates","SDG indicator 10.4.1 - Labour income share as a percent of GDP (%)","2023",34.795,"Model-based extrapolation"
"Mexico","ILO - Modelled Estimates","SDG indicator 10.4.1 - Labour income share as a percent of GDP (%)","2022",34.659,"Model-based extrapolation"
"Mexico","ILO - Modelled Estimates","SDG indicator 10.4.1 - Labour income share as a percent of GDP (%)","2021",35.468,
"Mexico","ILO - Modelled Estimates","SDG indicator 10.4.1 - Labour income share as a percent of GDP (%)","2020",35.149,
"Mexico","ILO - Modelled Estimates","SDG indicator 10.4.1 - Labour income share as a percent of GDP (%)","2019",34.168,
"Mexico","ILO - Modelled Estimates","SDG indicator 10.4.1 - Labour income share as a percent of GDP (%)","2018",33.417,
"Mexico","ILO - Modelled Estimates","SDG indicator 10.4.1 - Labour income share as a percent of GDP (%)","2017",33.174,
"Mexico","ILO - Modelled Estimates","SDG indicator 10.4.1 - Labour income share as a percent of GDP (%)","2016",33.847,
"Mexico","ILO - Modelled Estimates","SDG indicator 10.4.1 - Labour income share as a percent of GDP (%)","2015",34.744,
"Mexico","ILO - Modelled Estimates","SDG indicator 10.4.1 - Labour income share as a percent of GDP (%)","2014",34.972,
"Mexico","ILO - Modelled Estimates","SDG indicator 10.4.1 - Labour income share as a percent of GDP (%)","2013",35.735,
"Mexico","ILO - Modelled Estimates","SDG indicator 10.4.1 - Labour income share as a percent of GDP (%)","2012",35.004,
"Mexico","ILO - Modelled Estimates","SDG indicator 10.4.1 - Labour income share as a percent of GDP (%)","2011",35.392,
"Mexico","ILO - Modelled Estimates","SDG indicator 10.4.1 - Labour income share as a percent of GDP (%)","2010",35.903,
"Mexico","ILO - Modelled Estimates","SDG indicator 10.4.1 - Labour income share as a percent of GDP (%)","2009",37.708,
"Mexico","ILO - Modelled Estimates","SDG indicator 10.4.1 - Labour income share as a percent of GDP (%)","2008",36.057,
"Mexico","ILO - Modelled Estimates","SDG indicator 10.4.1 - Labour income share as a percent of GDP (%)","2007",36.101,
"Mexico","ILO - Modelled Estimates","SDG indicator 10.4.1 - Labour income share as a percent of GDP (%)","2006",36.533,
"Mexico","ILO - Modelled Estimates","SDG indicator 10.4.1 - Labour income share as a percent of GDP (%)","2005",37.65,
"Mexico","ILO - Modelled Estimates","SDG indicator 10.4.1 - Labour income share as a percent of GDP (%)","2004",38.368,
"North Macedonia","ILO - Modelled Estimates","SDG indicator 10.4.1 - Labour income share as a percent of GDP (%)","2024",43.882,"Imputation"
"North Macedonia","ILO - Modelled Estimates","SDG indicator 10.4.1 - Labour income share as a percent of GDP (%)","2023",44.353,"Imputation"
"North Macedonia","ILO - Modelled Estimates","SDG indicator 10.4.1 - Labour income share as a percent of GDP (%)","2022",44.044,"Imputation"
"North Macedonia","ILO - Modelled Estimates","SDG indicator 10.4.1 - Labour income share as a percent of GDP (%)","2021",44.676,"Imputation"
"North Macedonia","ILO - Modelled Estimates","SDG indicator 10.4.1 - Labour income share as a percent of GDP (%)","2020",46.754,"Imputation"
"North Macedonia","ILO - Modelled Estimates","SDG indicator 10.4.1 - Labour income share as a percent of GDP (%)","2019",43.783,"Imputation"
"North Macedonia","ILO - Modelled Estimates","SDG indicator 10.4.1 - Labour income share as a percent of GDP (%)","2018",43.949,"Imputation"
"North Macedonia","ILO - Modelled Estimates","SDG indicator 10.4.1 - Labour income share as a percent of GDP (%)","2017",44.529,"Imputation"
"North Macedonia","ILO - Modelled Estimates","SDG indicator 10.4.1 - Labour income share as a percent of GDP (%)","2016",43.326,"Imputation"
"North Macedonia","ILO - Modelled Estimates","SDG indicator 10.4.1 - Labour income share as a percent of GDP (%)","2015",42.851,"Imputation"
"North Macedonia","ILO - Modelled Estimates","SDG indicator 10.4.1 - Labour income share as a percent of GDP (%)","2014",43.029,"Imputation"
"North Macedonia","ILO - Modelled Estimates","SDG indicator 10.4.1 - Labour income share as a percent of GDP (%)","2013",42.003,"Imputation"
"North Macedonia","ILO - Modelled Estimates","SDG indicator 10.4.1 - Labour income share as a percent of GDP (%)","2012",45.56,"Imputation"
"North Macedonia","ILO - Modelled Estimates","SDG indicator 10.4.1 - Labour income share as a percent of GDP (%)","2011",46.032,"Imputation"
"North Macedonia","ILO - Modelled Estimates","SDG indicator 10.4.1 - Labour income share as a percent of GDP (%)","2010",47.175,"Imputation"
"North Macedonia","ILO - Modelled Estimates","SDG indicator 10.4.1 - Labour income share as a percent of GDP (%)","2009",46.917,"Imputation"
"North Macedonia","ILO - Modelled Estimates","SDG indicator 10.4.1 - Labour income share as a percent of GDP (%)","2008",44.014,"Imputation"
"North Macedonia","ILO - Modelled Estimates","SDG indicator 10.4.1 - Labour income share as a percent of GDP (%)","2007",41.635,"Imputation"
"North Macedonia","ILO - Modelled Estimates","SDG indicator 10.4.1 - Labour income share as a percent of GDP (%)","2006",46.09,"Imputation"
"North Macedonia","ILO - Modelled Estimates","SDG indicator 10.4.1 - Labour income share as a percent of GDP (%)","2005",45.167,"Imputation"
"North Macedonia","ILO - Modelled Estimates","SDG indicator 10.4.1 - Labour income share as a percent of GDP (%)","2004",48.967,"Imputation"
"Mali","ILO - Modelled Estimates","SDG indicator 10.4.1 - Labour income share as a percent of GDP (%)","2024",40.13,"Model-based extrapolation"
"Mali","ILO - Modelled Estimates","SDG indicator 10.4.1 - Labour income share as a percent of GDP (%)","2023",39.962,"Model-based extrapolation"
"Mali","ILO - Modelled Estimates","SDG indicator 10.4.1 - Labour income share as a percent of GDP (%)","2022",40.31,"Model-based extrapolation"
"Mali","ILO - Modelled Estimates","SDG indicator 10.4.1 - Labour income share as a percent of GDP (%)","2021",38.461,"Model-based extrapolation"
"Mali","ILO - Modelled Estimates","SDG indicator 10.4.1 - Labour income share as a percent of GDP (%)","2020",37.431,"Model-based extrapolation"
"Mali","ILO - Modelled Estimates","SDG indicator 10.4.1 - Labour income share as a percent of GDP (%)","2019",37.987,"Model-based extrapolation"
"Mali","ILO - Modelled Estimates","SDG indicator 10.4.1 - Labour income share as a percent of GDP (%)","2018",36.663,"Model-based extrapolation"
"Mali","ILO - Modelled Estimates","SDG indicator 10.4.1 - Labour income share as a percent of GDP (%)","2017",35.821,
"Mali","ILO - Modelled Estimates","SDG indicator 10.4.1 - Labour income share as a percent of GDP (%)","2016",38.912,
"Mali","ILO - Modelled Estimates","SDG indicator 10.4.1 - Labour income share as a percent of GDP (%)","2015",41.542,
"Mali","ILO - Modelled Estimates","SDG indicator 10.4.1 - Labour income share as a percent of GDP (%)","2014",42.92,
"Mali","ILO - Modelled Estimates","SDG indicator 10.4.1 - Labour income share as a percent of GDP (%)","2013",38.463,
"Mali","ILO - Modelled Estimates","SDG indicator 10.4.1 - Labour income share as a percent of GDP (%)","2012",39.965,
"Mali","ILO - Modelled Estimates","SDG indicator 10.4.1 - Labour income share as a percent of GDP (%)","2011",37.141,
"Mali","ILO - Modelled Estimates","SDG indicator 10.4.1 - Labour income share as a percent of GDP (%)","2010",36.451,
"Mali","ILO - Modelled Estimates","SDG indicator 10.4.1 - Labour income share as a percent of GDP (%)","2009",40,
"Mali","ILO - Modelled Estimates","SDG indicator 10.4.1 - Labour income share as a percent of GDP (%)","2008",44.212,
"Mali","ILO - Modelled Estimates","SDG indicator 10.4.1 - Labour income share as a percent of GDP (%)","2007",45.788,
"Mali","ILO - Modelled Estimates","SDG indicator 10.4.1 - Labour income share as a percent of GDP (%)","2006",37.345,
"Mali","ILO - Modelled Estimates","SDG indicator 10.4.1 - Labour income share as a percent of GDP (%)","2005",37.093,
"Mali","ILO - Modelled Estimates","SDG indicator 10.4.1 - Labour income share as a percent of GDP (%)","2004",35.722,
"Malta","ILO - Modelled Estimates","SDG indicator 10.4.1 - Labour income share as a percent of GDP (%)","2024",51.303,"Imputation"
"Malta","ILO - Modelled Estimates","SDG indicator 10.4.1 - Labour income share as a percent of GDP (%)","2023",51.215,"Imputation"
"Malta","ILO - Modelled Estimates","SDG indicator 10.4.1 - Labour income share as a percent of GDP (%)","2022",50.828,"Imputation"
"Malta","ILO - Modelled Estimates","SDG indicator 10.4.1 - Labour income share as a percent of GDP (%)","2021",51.531,"Imputation"
"Malta","ILO - Modelled Estimates","SDG indicator 10.4.1 - Labour income share as a percent of GDP (%)","2020",54.228,"Imputation"
"Malta","ILO - Modelled Estimates","SDG indicator 10.4.1 - Labour income share as a percent of GDP (%)","2019",50.127,"Imputation"
"Malta","ILO - Modelled Estimates","SDG indicator 10.4.1 - Labour income share as a percent of GDP (%)","2018",49.292,"Imputation"
"Malta","ILO - Modelled Estimates","SDG indicator 10.4.1 - Labour income share as a percent of GDP (%)","2017",48.398,"Imputation"
"Malta","ILO - Modelled Estimates","SDG indicator 10.4.1 - Labour income share as a percent of GDP (%)","2016",50.287,"Imputation"
"Malta","ILO - Modelled Estimates","SDG indicator 10.4.1 - Labour income share as a percent of GDP (%)","2015",47.936,"Imputation"
"Malta","ILO - Modelled Estimates","SDG indicator 10.4.1 - Labour income share as a percent of GDP (%)","2014",49.744,"Imputation"
"Malta","ILO - Modelled Estimates","SDG indicator 10.4.1 - Labour income share as a percent of GDP (%)","2013",50.899,"Imputation"
"Malta","ILO - Modelled Estimates","SDG indicator 10.4.1 - Labour income share as a percent of GDP (%)","2012",51.372,"Imputation"
"Malta","ILO - Modelled Estimates","SDG indicator 10.4.1 - Labour income share as a percent of GDP (%)","2011",51.371,"Imputation"
"Malta","ILO - Modelled Estimates","SDG indicator 10.4.1 - Labour income share as a percent of GDP (%)","2010",48.521,"Imputation"
"Malta","ILO - Modelled Estimates","SDG indicator 10.4.1 - Labour income share as a percent of GDP (%)","2009",50.66,"Imputation"
"Malta","ILO - Modelled Estimates","SDG indicator 10.4.1 - Labour income share as a percent of GDP (%)","2008",50.528,"Imputation"
"Malta","ILO - Modelled Estimates","SDG indicator 10.4.1 - Labour income share as a percent of GDP (%)","2007",51.871,"Imputation"
"Malta","ILO - Modelled Estimates","SDG indicator 10.4.1 - Labour income share as a percent of GDP (%)","2006",52.397,"Imputation"
"Malta","ILO - Modelled Estimates","SDG indicator 10.4.1 - Labour income share as a percent of GDP (%)","2005",51.453,"Imputation"
"Malta","ILO - Modelled Estimates","SDG indicator 10.4.1 - Labour income share as a percent of GDP (%)","2004",52.84,"Imputation"
"Myanmar","ILO - Modelled Estimates","SDG indicator 10.4.1 - Labour income share as a percent of GDP (%)","2024",43.923,"Imputation"
"Myanmar","ILO - Modelled Estimates","SDG indicator 10.4.1 - Labour income share as a percent of GDP (%)","2023",43.807,"Imputation"
"Myanmar","ILO - Modelled Estimates","SDG indicator 10.4.1 - Labour income share as a percent of GDP (%)","2022",44.531,"Imputation"
"Myanmar","ILO - Modelled Estimates","SDG indicator 10.4.1 - Labour income share as a percent of GDP (%)","2021",44.712,"Imputation"
"Myanmar","ILO - Modelled Estimates","SDG indicator 10.4.1 - Labour income share as a percent of GDP (%)","2020",44.22,"Imputation"
"Myanmar","ILO - Modelled Estimates","SDG indicator 10.4.1 - Labour income share as a percent of GDP (%)","2019",44.506,"Imputation"
"Myanmar","ILO - Modelled Estimates","SDG indicator 10.4.1 - Labour income share as a percent of GDP (%)","2018",44.102,"Imputation"
"Myanmar","ILO - Modelled Estimates","SDG indicator 10.4.1 - Labour income share as a percent of GDP (%)","2017",44.593,"Imputation"
"Myanmar","ILO - Modelled Estimates","SDG indicator 10.4.1 - Labour income share as a percent of GDP (%)","2016",44.656,"Imputation"
"Myanmar","ILO - Modelled Estimates","SDG indicator 10.4.1 - Labour income share as a percent of GDP (%)","2015",44.609,"Imputation"
"Myanmar","ILO - Modelled Estimates","SDG indicator 10.4.1 - Labour income share as a percent of GDP (%)","2014",44.546,"Imputation"
"Myanmar","ILO - Modelled Estimates","SDG indicator 10.4.1 - Labour income share as a percent of GDP (%)","2013",44.566,"Imputation"
"Myanmar","ILO - Modelled Estimates","SDG indicator 10.4.1 - Labour income share as a percent of GDP (%)","2012",44.758,"Imputation"
"Myanmar","ILO - Modelled Estimates","SDG indicator 10.4.1 - Labour income share as a percent of GDP (%)","2011",45.028,"Imputation"
"Myanmar","ILO - Modelled Estimates","SDG indicator 10.4.1 - Labour income share as a percent of GDP (%)","2010",44.683,"Imputation"
"Myanmar","ILO - Modelled Estimates","SDG indicator 10.4.1 - Labour income share as a percent of GDP (%)","2009",44.698,"Imputation"
"Myanmar","ILO - Modelled Estimates","SDG indicator 10.4.1 - Labour income share as a percent of GDP (%)","2008",44.852,"Imputation"
"Myanmar","ILO - Modelled Estimates","SDG indicator 10.4.1 - Labour income share as a percent of GDP (%)","2007",44.797,"Imputation"
"Myanmar","ILO - Modelled Estimates","SDG indicator 10.4.1 - Labour income share as a percent of GDP (%)","2006",44.825,"Imputation"
"Myanmar","ILO - Modelled Estimates","SDG indicator 10.4.1 - Labour income share as a percent of GDP (%)","2005",44.918,"Imputation"
"Myanmar","ILO - Modelled Estimates","SDG indicator 10.4.1 - Labour income share as a percent of GDP (%)","2004",45.063,"Imputation"
"Montenegro","ILO - Modelled Estimates","SDG indicator 10.4.1 - Labour income share as a percent of GDP (%)","2024",46.541,"Imputation"
"Montenegro","ILO - Modelled Estimates","SDG indicator 10.4.1 - Labour income share as a percent of GDP (%)","2023",46.267,"Imputation"
"Montenegro","ILO - Modelled Estimates","SDG indicator 10.4.1 - Labour income share as a percent of GDP (%)","2022",46.218,"Imputation"
"Montenegro","ILO - Modelled Estimates","SDG indicator 10.4.1 - Labour income share as a percent of GDP (%)","2021",46.534,"Imputation"
"Montenegro","ILO - Modelled Estimates","SDG indicator 10.4.1 - Labour income share as a percent of GDP (%)","2020",48.462,"Imputation"
"Montenegro","ILO - Modelled Estimates","SDG indicator 10.4.1 - Labour income share as a percent of GDP (%)","2019",46.344,"Imputation"
"Montenegro","ILO - Modelled Estimates","SDG indicator 10.4.1 - Labour income share as a percent of GDP (%)","2018",46.268,"Imputation"
"Montenegro","ILO - Modelled Estimates","SDG indicator 10.4.1 - Labour income share as a percent of GDP (%)","2017",46.298,"Imputation"
"Montenegro","ILO - Modelled Estimates","SDG indicator 10.4.1 - Labour income share as a percent of GDP (%)","2016",46.488,"Imputation"
"Montenegro","ILO - Modelled Estimates","SDG indicator 10.4.1 - Labour income share as a percent of GDP (%)","2015",46.409,"Imputation"
"Montenegro","ILO - Modelled Estimates","SDG indicator 10.4.1 - Labour income share as a percent of GDP (%)","2014",46.515,"Imputation"
"Montenegro","ILO - Modelled Estimates","SDG indicator 10.4.1 - Labour income share as a percent of GDP (%)","2013",46.204,"Imputation"
"Montenegro","ILO - Modelled Estimates","SDG indicator 10.4.1 - Labour income share as a percent of GDP (%)","2012",46.933,"Imputation"
"Montenegro","ILO - Modelled Estimates","SDG indicator 10.4.1 - Labour income share as a percent of GDP (%)","2011",46.246,"Imputation"
"Montenegro","ILO - Modelled Estimates","SDG indicator 10.4.1 - Labour income share as a percent of GDP (%)","2010",46.285,"Imputation"
"Montenegro","ILO - Modelled Estimates","SDG indicator 10.4.1 - Labour income share as a percent of GDP (%)","2009",47.259,"Imputation"
"Montenegro","ILO - Modelled Estimates","SDG indicator 10.4.1 - Labour income share as a percent of GDP (%)","2008",45.749,"Imputation"
"Montenegro","ILO - Modelled Estimates","SDG indicator 10.4.1 - Labour income share as a percent of GDP (%)","2007",45.798,"Imputation"
"Montenegro","ILO - Modelled Estimates","SDG indicator 10.4.1 - Labour income share as a percent of GDP (%)","2006",45.597,"Imputation"
"Montenegro","ILO - Modelled Estimates","SDG indicator 10.4.1 - Labour income share as a percent of GDP (%)","2005",46.105,"Imputation"
"Montenegro","ILO - Modelled Estimates","SDG indicator 10.4.1 - Labour income share as a percent of GDP (%)","2004",46.072,"Imputation"
"Mongolia","ILO - Modelled Estimates","SDG indicator 10.4.1 - Labour income share as a percent of GDP (%)","2024",34.039,"Model-based extrapolation"
"Mongolia","ILO - Modelled Estimates","SDG indicator 10.4.1 - Labour income share as a percent of GDP (%)","2023",33.973,"Model-based extrapolation"
"Mongolia","ILO - Modelled Estimates","SDG indicator 10.4.1 - Labour income share as a percent of GDP (%)","2022",34.251,"Model-based extrapolation"
"Mongolia","ILO - Modelled Estimates","SDG indicator 10.4.1 - Labour income share as a percent of GDP (%)","2021",34.449,
"Mongolia","ILO - Modelled Estimates","SDG indicator 10.4.1 - Labour income share as a percent of GDP (%)","2020",37.819,
"Mongolia","ILO - Modelled Estimates","SDG indicator 10.4.1 - Labour income share as a percent of GDP (%)","2019",33.582,
"Mongolia","ILO - Modelled Estimates","SDG indicator 10.4.1 - Labour income share as a percent of GDP (%)","2018",34.078,
"Mongolia","ILO - Modelled Estimates","SDG indicator 10.4.1 - Labour income share as a percent of GDP (%)","2017",34.519,
"Mongolia","ILO - Modelled Estimates","SDG indicator 10.4.1 - Labour income share as a percent of GDP (%)","2016",36.998,
"Mongolia","ILO - Modelled Estimates","SDG indicator 10.4.1 - Labour income share as a percent of GDP (%)","2015",36.141,
"Mongolia","ILO - Modelled Estimates","SDG indicator 10.4.1 - Labour income share as a percent of GDP (%)","2014",35.081,
"Mongolia","ILO - Modelled Estimates","SDG indicator 10.4.1 - Labour income share as a percent of GDP (%)","2013",34.715,
"Mongolia","ILO - Modelled Estimates","SDG indicator 10.4.1 - Labour income share as a percent of GDP (%)","2012",35.45,
"Mongolia","ILO - Modelled Estimates","SDG indicator 10.4.1 - Labour income share as a percent of GDP (%)","2011",33.233,
"Mongolia","ILO - Modelled Estimates","SDG indicator 10.4.1 - Labour income share as a percent of GDP (%)","2010",31.637,
"Mongolia","ILO - Modelled Estimates","SDG indicator 10.4.1 - Labour income share as a percent of GDP (%)","2009",41.561,
"Mongolia","ILO - Modelled Estimates","SDG indicator 10.4.1 - Labour income share as a percent of GDP (%)","2008",37.611,
"Mongolia","ILO - Modelled Estimates","SDG indicator 10.4.1 - Labour income share as a percent of GDP (%)","2007",32.776,
"Mongolia","ILO - Modelled Estimates","SDG indicator 10.4.1 - Labour income share as a percent of GDP (%)","2006",31.203,
"Mongolia","ILO - Modelled Estimates","SDG indicator 10.4.1 - Labour income share as a percent of GDP (%)","2005",34.01,
"Mongolia","ILO - Modelled Estimates","SDG indicator 10.4.1 - Labour income share as a percent of GDP (%)","2004",33.706,
"Mozambique","ILO - Modelled Estimates","SDG indicator 10.4.1 - Labour income share as a percent of GDP (%)","2024",50.009,"Imputation"
"Mozambique","ILO - Modelled Estimates","SDG indicator 10.4.1 - Labour income share as a percent of GDP (%)","2023",49.742,"Imputation"
"Mozambique","ILO - Modelled Estimates","SDG indicator 10.4.1 - Labour income share as a percent of GDP (%)","2022",50.168,"Imputation"
"Mozambique","ILO - Modelled Estimates","SDG indicator 10.4.1 - Labour income share as a percent of GDP (%)","2021",51.947,"Imputation"
"Mozambique","ILO - Modelled Estimates","SDG indicator 10.4.1 - Labour income share as a percent of GDP (%)","2020",51.341,"Imputation"
"Mozambique","ILO - Modelled Estimates","SDG indicator 10.4.1 - Labour income share as a percent of GDP (%)","2019",51.072,"Imputation"
"Mozambique","ILO - Modelled Estimates","SDG indicator 10.4.1 - Labour income share as a percent of GDP (%)","2018",52.218,"Imputation"
"Mozambique","ILO - Modelled Estimates","SDG indicator 10.4.1 - Labour income share as a percent of GDP (%)","2017",48.606,"Imputation"
"Mozambique","ILO - Modelled Estimates","SDG indicator 10.4.1 - Labour income share as a percent of GDP (%)","2016",52.559,"Imputation"
"Mozambique","ILO - Modelled Estimates","SDG indicator 10.4.1 - Labour income share as a percent of GDP (%)","2015",53.109,"Imputation"
"Mozambique","ILO - Modelled Estimates","SDG indicator 10.4.1 - Labour income share as a percent of GDP (%)","2014",53.998,"Imputation"
"Mozambique","ILO - Modelled Estimates","SDG indicator 10.4.1 - Labour income share as a percent of GDP (%)","2013",51.798,"Imputation"
"Mozambique","ILO - Modelled Estimates","SDG indicator 10.4.1 - Labour income share as a percent of GDP (%)","2012",48.401,"Imputation"
"Mozambique","ILO - Modelled Estimates","SDG indicator 10.4.1 - Labour income share as a percent of GDP (%)","2011",51.52,"Imputation"
"Mozambique","ILO - Modelled Estimates","SDG indicator 10.4.1 - Labour income share as a percent of GDP (%)","2010",51.629,"Imputation"
"Mozambique","ILO - Modelled Estimates","SDG indicator 10.4.1 - Labour income share as a percent of GDP (%)","2009",50.688,"Imputation"
"Mozambique","ILO - Modelled Estimates","SDG indicator 10.4.1 - Labour income share as a percent of GDP (%)","2008",48.003,"Imputation"
"Mozambique","ILO - Modelled Estimates","SDG indicator 10.4.1 - Labour income share as a percent of GDP (%)","2007",55.114,"Imputation"
"Mozambique","ILO - Modelled Estimates","SDG indicator 10.4.1 - Labour income share as a percent of GDP (%)","2006",51.809,"Imputation"
"Mozambique","ILO - Modelled Estimates","SDG indicator 10.4.1 - Labour income share as a percent of GDP (%)","2005",52.768,"Imputation"
"Mozambique","ILO - Modelled Estimates","SDG indicator 10.4.1 - Labour income share as a percent of GDP (%)","2004",55.804,"Imputation"
"Mauritania","ILO - Modelled Estimates","SDG indicator 10.4.1 - Labour income share as a percent of GDP (%)","2024",38.253,"Model-based extrapolation"
"Mauritania","ILO - Modelled Estimates","SDG indicator 10.4.1 - Labour income share as a percent of GDP (%)","2023",38.298,"Model-based extrapolation"
"Mauritania","ILO - Modelled Estimates","SDG indicator 10.4.1 - Labour income share as a percent of GDP (%)","2022",38.027,"Model-based extrapolation"
"Mauritania","ILO - Modelled Estimates","SDG indicator 10.4.1 - Labour income share as a percent of GDP (%)","2021",38.782,"Model-based extrapolation"
"Mauritania","ILO - Modelled Estimates","SDG indicator 10.4.1 - Labour income share as a percent of GDP (%)","2020",39.194,"Model-based extrapolation"
"Mauritania","ILO - Modelled Estimates","SDG indicator 10.4.1 - Labour income share as a percent of GDP (%)","2019",38.528,"Model-based extrapolation"
"Mauritania","ILO - Modelled Estimates","SDG indicator 10.4.1 - Labour income share as a percent of GDP (%)","2018",37.725,"Model-based extrapolation"
"Mauritania","ILO - Modelled Estimates","SDG indicator 10.4.1 - Labour income share as a percent of GDP (%)","2017",36.984,"Model-based extrapolation"
"Mauritania","ILO - Modelled Estimates","SDG indicator 10.4.1 - Labour income share as a percent of GDP (%)","2016",37.643,"Model-based extrapolation"
"Mauritania","ILO - Modelled Estimates","SDG indicator 10.4.1 - Labour income share as a percent of GDP (%)","2015",36.404,"Model-based extrapolation"
"Mauritania","ILO - Modelled Estimates","SDG indicator 10.4.1 - Labour income share as a percent of GDP (%)","2014",36.212,"Model-based extrapolation"
"Mauritania","ILO - Modelled Estimates","SDG indicator 10.4.1 - Labour income share as a percent of GDP (%)","2013",35.775,"Model-based extrapolation"
"Mauritania","ILO - Modelled Estimates","SDG indicator 10.4.1 - Labour income share as a percent of GDP (%)","2012",35.394,"Model-based extrapolation"
"Mauritania","ILO - Modelled Estimates","SDG indicator 10.4.1 - Labour income share as a percent of GDP (%)","2011",35.348,"Model-based extrapolation"
"Mauritania","ILO - Modelled Estimates","SDG indicator 10.4.1 - Labour income share as a percent of GDP (%)","2010",35.718,"Model-based extrapolation"
"Mauritania","ILO - Modelled Estimates","SDG indicator 10.4.1 - Labour income share as a percent of GDP (%)","2009",36.299,"Model-based extrapolation"
"Mauritania","ILO - Modelled Estimates","SDG indicator 10.4.1 - Labour income share as a percent of GDP (%)","2008",36.354,"Model-based extrapolation"
"Mauritania","ILO - Modelled Estimates","SDG indicator 10.4.1 - Labour income share as a percent of GDP (%)","2007",36.729,"Model-based extrapolation"
"Mauritania","ILO - Modelled Estimates","SDG indicator 10.4.1 - Labour income share as a percent of GDP (%)","2006",32.331,
"Mauritania","ILO - Modelled Estimates","SDG indicator 10.4.1 - Labour income share as a percent of GDP (%)","2005",35.425,
"Mauritania","ILO - Modelled Estimates","SDG indicator 10.4.1 - Labour income share as a percent of GDP (%)","2004",36.376,"Model-based extrapolation"
"Mauritius","ILO - Modelled Estimates","SDG indicator 10.4.1 - Labour income share as a percent of GDP (%)","2024",42.518,"Model-based extrapolation"
"Mauritius","ILO - Modelled Estimates","SDG indicator 10.4.1 - Labour income share as a percent of GDP (%)","2023",42.191,"Model-based extrapolation"
"Mauritius","ILO - Modelled Estimates","SDG indicator 10.4.1 - Labour income share as a percent of GDP (%)","2022",41.867,
"Mauritius","ILO - Modelled Estimates","SDG indicator 10.4.1 - Labour income share as a percent of GDP (%)","2021",43.796,
"Mauritius","ILO - Modelled Estimates","SDG indicator 10.4.1 - Labour income share as a percent of GDP (%)","2020",42.548,
"Mauritius","ILO - Modelled Estimates","SDG indicator 10.4.1 - Labour income share as a percent of GDP (%)","2019",40.997,
"Mauritius","ILO - Modelled Estimates","SDG indicator 10.4.1 - Labour income share as a percent of GDP (%)","2018",41.134,
"Mauritius","ILO - Modelled Estimates","SDG indicator 10.4.1 - Labour income share as a percent of GDP (%)","2017",40.751,
"Mauritius","ILO - Modelled Estimates","SDG indicator 10.4.1 - Labour income share as a percent of GDP (%)","2016",41.16,
"Mauritius","ILO - Modelled Estimates","SDG indicator 10.4.1 - Labour income share as a percent of GDP (%)","2015",40.811,
"Mauritius","ILO - Modelled Estimates","SDG indicator 10.4.1 - Labour income share as a percent of GDP (%)","2014",40.86,
"Mauritius","ILO - Modelled Estimates","SDG indicator 10.4.1 - Labour income share as a percent of GDP (%)","2013",42.718,
"Mauritius","ILO - Modelled Estimates","SDG indicator 10.4.1 - Labour income share as a percent of GDP (%)","2012",42.137,
"Mauritius","ILO - Modelled Estimates","SDG indicator 10.4.1 - Labour income share as a percent of GDP (%)","2011",41.59,
"Mauritius","ILO - Modelled Estimates","SDG indicator 10.4.1 - Labour income share as a percent of GDP (%)","2010",41.926,
"Mauritius","ILO - Modelled Estimates","SDG indicator 10.4.1 - Labour income share as a percent of GDP (%)","2009",41.141,
"Mauritius","ILO - Modelled Estimates","SDG indicator 10.4.1 - Labour income share as a percent of GDP (%)","2008",40.974,
"Mauritius","ILO - Modelled Estimates","SDG indicator 10.4.1 - Labour income share as a percent of GDP (%)","2007",41.013,
"Mauritius","ILO - Modelled Estimates","SDG indicator 10.4.1 - Labour income share as a percent of GDP (%)","2006",40.674,
"Mauritius","ILO - Modelled Estimates","SDG indicator 10.4.1 - Labour income share as a percent of GDP (%)","2005",41.622,
"Mauritius","ILO - Modelled Estimates","SDG indicator 10.4.1 - Labour income share as a percent of GDP (%)","2004",42.743,
"Malawi","ILO - Modelled Estimates","SDG indicator 10.4.1 - Labour income share as a percent of GDP (%)","2024",36.195,"Imputation"
"Malawi","ILO - Modelled Estimates","SDG indicator 10.4.1 - Labour income share as a percent of GDP (%)","2023",36.69,"Imputation"
"Malawi","ILO - Modelled Estimates","SDG indicator 10.4.1 - Labour income share as a percent of GDP (%)","2022",36.922,"Imputation"
"Malawi","ILO - Modelled Estimates","SDG indicator 10.4.1 - Labour income share as a percent of GDP (%)","2021",35.825,"Imputation"
"Malawi","ILO - Modelled Estimates","SDG indicator 10.4.1 - Labour income share as a percent of GDP (%)","2020",36.292,"Imputation"
"Malawi","ILO - Modelled Estimates","SDG indicator 10.4.1 - Labour income share as a percent of GDP (%)","2019",35.7,"Imputation"
"Malawi","ILO - Modelled Estimates","SDG indicator 10.4.1 - Labour income share as a percent of GDP (%)","2018",36.009,"Imputation"
"Malawi","ILO - Modelled Estimates","SDG indicator 10.4.1 - Labour income share as a percent of GDP (%)","2017",36.121,"Imputation"
"Malawi","ILO - Modelled Estimates","SDG indicator 10.4.1 - Labour income share as a percent of GDP (%)","2016",36.533,"Imputation"
"Malawi","ILO - Modelled Estimates","SDG indicator 10.4.1 - Labour income share as a percent of GDP (%)","2015",36.441,"Imputation"
"Malawi","ILO - Modelled Estimates","SDG indicator 10.4.1 - Labour income share as a percent of GDP (%)","2014",35.657,"Imputation"
"Malawi","ILO - Modelled Estimates","SDG indicator 10.4.1 - Labour income share as a percent of GDP (%)","2013",35.727,"Imputation"
"Malawi","ILO - Modelled Estimates","SDG indicator 10.4.1 - Labour income share as a percent of GDP (%)","2012",36.71,"Imputation"
"Malawi","ILO - Modelled Estimates","SDG indicator 10.4.1 - Labour income share as a percent of GDP (%)","2011",35.864,"Imputation"
"Malawi","ILO - Modelled Estimates","SDG indicator 10.4.1 - Labour income share as a percent of GDP (%)","2010",35.351,"Imputation"
"Malawi","ILO - Modelled Estimates","SDG indicator 10.4.1 - Labour income share as a percent of GDP (%)","2009",34.97,"Imputation"
"Malawi","ILO - Modelled Estimates","SDG indicator 10.4.1 - Labour income share as a percent of GDP (%)","2008",35.176,"Imputation"
"Malawi","ILO - Modelled Estimates","SDG indicator 10.4.1 - Labour income share as a percent of GDP (%)","2007",34.671,"Imputation"
"Malawi","ILO - Modelled Estimates","SDG indicator 10.4.1 - Labour income share as a percent of GDP (%)","2006",36.049,"Imputation"
"Malawi","ILO - Modelled Estimates","SDG indicator 10.4.1 - Labour income share as a percent of GDP (%)","2005",36.457,"Imputation"
"Malawi","ILO - Modelled Estimates","SDG indicator 10.4.1 - Labour income share as a percent of GDP (%)","2004",35.849,"Imputation"
"Malaysia","ILO - Modelled Estimates","SDG indicator 10.4.1 - Labour income share as a percent of GDP (%)","2024",43.4,"Imputation"
"Malaysia","ILO - Modelled Estimates","SDG indicator 10.4.1 - Labour income share as a percent of GDP (%)","2023",43.591,"Imputation"
"Malaysia","ILO - Modelled Estimates","SDG indicator 10.4.1 - Labour income share as a percent of GDP (%)","2022",42.315,"Imputation"
"Malaysia","ILO - Modelled Estimates","SDG indicator 10.4.1 - Labour income share as a percent of GDP (%)","2021",42.371,"Imputation"
"Malaysia","ILO - Modelled Estimates","SDG indicator 10.4.1 - Labour income share as a percent of GDP (%)","2020",45.224,"Imputation"
"Malaysia","ILO - Modelled Estimates","SDG indicator 10.4.1 - Labour income share as a percent of GDP (%)","2019",43.634,"Imputation"
"Malaysia","ILO - Modelled Estimates","SDG indicator 10.4.1 - Labour income share as a percent of GDP (%)","2018",43.551,"Imputation"
"Malaysia","ILO - Modelled Estimates","SDG indicator 10.4.1 - Labour income share as a percent of GDP (%)","2017",43.319,"Imputation"
"Malaysia","ILO - Modelled Estimates","SDG indicator 10.4.1 - Labour income share as a percent of GDP (%)","2016",43.388,"Imputation"
"Malaysia","ILO - Modelled Estimates","SDG indicator 10.4.1 - Labour income share as a percent of GDP (%)","2015",42.819,"Imputation"
"Malaysia","ILO - Modelled Estimates","SDG indicator 10.4.1 - Labour income share as a percent of GDP (%)","2014",41.427,"Imputation"
"Malaysia","ILO - Modelled Estimates","SDG indicator 10.4.1 - Labour income share as a percent of GDP (%)","2013",41.447,"Imputation"
"Malaysia","ILO - Modelled Estimates","SDG indicator 10.4.1 - Labour income share as a percent of GDP (%)","2012",40.242,"Imputation"
"Malaysia","ILO - Modelled Estimates","SDG indicator 10.4.1 - Labour income share as a percent of GDP (%)","2011",38.279,"Imputation"
"Malaysia","ILO - Modelled Estimates","SDG indicator 10.4.1 - Labour income share as a percent of GDP (%)","2010",38.261,"Imputation"
"Malaysia","ILO - Modelled Estimates","SDG indicator 10.4.1 - Labour income share as a percent of GDP (%)","2009",38.439,"Imputation"
"Malaysia","ILO - Modelled Estimates","SDG indicator 10.4.1 - Labour income share as a percent of GDP (%)","2008",36.489,"Imputation"
"Malaysia","ILO - Modelled Estimates","SDG indicator 10.4.1 - Labour income share as a percent of GDP (%)","2007",33.608,"Imputation"
"Malaysia","ILO - Modelled Estimates","SDG indicator 10.4.1 - Labour income share as a percent of GDP (%)","2006",31.776,"Imputation"
"Malaysia","ILO - Modelled Estimates","SDG indicator 10.4.1 - Labour income share as a percent of GDP (%)","2005",31.733,"Imputation"
"Malaysia","ILO - Modelled Estimates","SDG indicator 10.4.1 - Labour income share as a percent of GDP (%)","2004",31.436,"Imputation"
"Namibia","ILO - Modelled Estimates","SDG indicator 10.4.1 - Labour income share as a percent of GDP (%)","2024",49.833,"Model-based extrapolation"
"Namibia","ILO - Modelled Estimates","SDG indicator 10.4.1 - Labour income share as a percent of GDP (%)","2023",49.748,"Model-based extrapolation"
"Namibia","ILO - Modelled Estimates","SDG indicator 10.4.1 - Labour income share as a percent of GDP (%)","2022",49.511,
"Namibia","ILO - Modelled Estimates","SDG indicator 10.4.1 - Labour income share as a percent of GDP (%)","2021",51.775,
"Namibia","ILO - Modelled Estimates","SDG indicator 10.4.1 - Labour income share as a percent of GDP (%)","2020",54.176,
"Namibia","ILO - Modelled Estimates","SDG indicator 10.4.1 - Labour income share as a percent of GDP (%)","2019",52.705,
"Namibia","ILO - Modelled Estimates","SDG indicator 10.4.1 - Labour income share as a percent of GDP (%)","2018",51.887,
"Namibia","ILO - Modelled Estimates","SDG indicator 10.4.1 - Labour income share as a percent of GDP (%)","2017",50.875,
"Namibia","ILO - Modelled Estimates","SDG indicator 10.4.1 - Labour income share as a percent of GDP (%)","2016",50.681,
"Namibia","ILO - Modelled Estimates","SDG indicator 10.4.1 - Labour income share as a percent of GDP (%)","2015",48.986,
"Namibia","ILO - Modelled Estimates","SDG indicator 10.4.1 - Labour income share as a percent of GDP (%)","2014",48.927,
"Namibia","ILO - Modelled Estimates","SDG indicator 10.4.1 - Labour income share as a percent of GDP (%)","2013",51.059,
"Namibia","ILO - Modelled Estimates","SDG indicator 10.4.1 - Labour income share as a percent of GDP (%)","2012",51.535,
"Namibia","ILO - Modelled Estimates","SDG indicator 10.4.1 - Labour income share as a percent of GDP (%)","2011",51.648,
"Namibia","ILO - Modelled Estimates","SDG indicator 10.4.1 - Labour income share as a percent of GDP (%)","2010",50.854,
"Namibia","ILO - Modelled Estimates","SDG indicator 10.4.1 - Labour income share as a percent of GDP (%)","2009",50.493,
"Namibia","ILO - Modelled Estimates","SDG indicator 10.4.1 - Labour income share as a percent of GDP (%)","2008",48.802,
"Namibia","ILO - Modelled Estimates","SDG indicator 10.4.1 - Labour income share as a percent of GDP (%)","2007",48.089,
"Namibia","ILO - Modelled Estimates","SDG indicator 10.4.1 - Labour income share as a percent of GDP (%)","2006",48.332,
"Namibia","ILO - Modelled Estimates","SDG indicator 10.4.1 - Labour income share as a percent of GDP (%)","2005",51.702,
"Namibia","ILO - Modelled Estimates","SDG indicator 10.4.1 - Labour income share as a percent of GDP (%)","2004",53.605,
"New Caledonia","ILO - Modelled Estimates","SDG indicator 10.4.1 - Labour income share as a percent of GDP (%)","2024",51.309,"Imputation"
"New Caledonia","ILO - Modelled Estimates","SDG indicator 10.4.1 - Labour income share as a percent of GDP (%)","2023",51.301,"Imputation"
"New Caledonia","ILO - Modelled Estimates","SDG indicator 10.4.1 - Labour income share as a percent of GDP (%)","2022",51.581,"Imputation"
"New Caledonia","ILO - Modelled Estimates","SDG indicator 10.4.1 - Labour income share as a percent of GDP (%)","2021",51.68,"Imputation"
"New Caledonia","ILO - Modelled Estimates","SDG indicator 10.4.1 - Labour income share as a percent of GDP (%)","2020",54.724,"Imputation"
"New Caledonia","ILO - Modelled Estimates","SDG indicator 10.4.1 - Labour income share as a percent of GDP (%)","2019",52.539,"Imputation"
"New Caledonia","ILO - Modelled Estimates","SDG indicator 10.4.1 - Labour income share as a percent of GDP (%)","2018",50.714,"Imputation"
"New Caledonia","ILO - Modelled Estimates","SDG indicator 10.4.1 - Labour income share as a percent of GDP (%)","2017",51.45,"Imputation"
"New Caledonia","ILO - Modelled Estimates","SDG indicator 10.4.1 - Labour income share as a percent of GDP (%)","2016",52.06,"Imputation"
"New Caledonia","ILO - Modelled Estimates","SDG indicator 10.4.1 - Labour income share as a percent of GDP (%)","2015",51.75,"Imputation"
"New Caledonia","ILO - Modelled Estimates","SDG indicator 10.4.1 - Labour income share as a percent of GDP (%)","2014",51.744,"Imputation"
"New Caledonia","ILO - Modelled Estimates","SDG indicator 10.4.1 - Labour income share as a percent of GDP (%)","2013",51.432,"Imputation"
"New Caledonia","ILO - Modelled Estimates","SDG indicator 10.4.1 - Labour income share as a percent of GDP (%)","2012",51.423,"Imputation"
"New Caledonia","ILO - Modelled Estimates","SDG indicator 10.4.1 - Labour income share as a percent of GDP (%)","2011",50.763,"Imputation"
"New Caledonia","ILO - Modelled Estimates","SDG indicator 10.4.1 - Labour income share as a percent of GDP (%)","2010",50.02,"Imputation"
"New Caledonia","ILO - Modelled Estimates","SDG indicator 10.4.1 - Labour income share as a percent of GDP (%)","2009",51.361,"Imputation"
"New Caledonia","ILO - Modelled Estimates","SDG indicator 10.4.1 - Labour income share as a percent of GDP (%)","2008",51.697,"Imputation"
"New Caledonia","ILO - Modelled Estimates","SDG indicator 10.4.1 - Labour income share as a percent of GDP (%)","2007",50.997,"Imputation"
"New Caledonia","ILO - Modelled Estimates","SDG indicator 10.4.1 - Labour income share as a percent of GDP (%)","2006",50.615,"Imputation"
"New Caledonia","ILO - Modelled Estimates","SDG indicator 10.4.1 - Labour income share as a percent of GDP (%)","2005",50.953,"Imputation"
"New Caledonia","ILO - Modelled Estimates","SDG indicator 10.4.1 - Labour income share as a percent of GDP (%)","2004",50.934,"Imputation"
"Niger","ILO - Modelled Estimates","SDG indicator 10.4.1 - Labour income share as a percent of GDP (%)","2024",30.559,"Model-based extrapolation"
"Niger","ILO - Modelled Estimates","SDG indicator 10.4.1 - Labour income share as a percent of GDP (%)","2023",31.058,"Model-based extrapolation"
"Niger","ILO - Modelled Estimates","SDG indicator 10.4.1 - Labour income share as a percent of GDP (%)","2022",30.244,"Model-based extrapolation"
"Niger","ILO - Modelled Estimates","SDG indicator 10.4.1 - Labour income share as a percent of GDP (%)","2021",30.115,"Model-based extrapolation"
"Niger","ILO - Modelled Estimates","SDG indicator 10.4.1 - Labour income share as a percent of GDP (%)","2020",29.814,"Model-based extrapolation"
"Niger","ILO - Modelled Estimates","SDG indicator 10.4.1 - Labour income share as a percent of GDP (%)","2019",29.848,
"Niger","ILO - Modelled Estimates","SDG indicator 10.4.1 - Labour income share as a percent of GDP (%)","2018",30.218,
"Niger","ILO - Modelled Estimates","SDG indicator 10.4.1 - Labour income share as a percent of GDP (%)","2017",29.938,
"Niger","ILO - Modelled Estimates","SDG indicator 10.4.1 - Labour income share as a percent of GDP (%)","2016",30.906,
"Niger","ILO - Modelled Estimates","SDG indicator 10.4.1 - Labour income share as a percent of GDP (%)","2015",31.686,
"Niger","ILO - Modelled Estimates","SDG indicator 10.4.1 - Labour income share as a percent of GDP (%)","2014",31.359,
"Niger","ILO - Modelled Estimates","SDG indicator 10.4.1 - Labour income share as a percent of GDP (%)","2013",32.329,
"Niger","ILO - Modelled Estimates","SDG indicator 10.4.1 - Labour income share as a percent of GDP (%)","2012",31.684,
"Niger","ILO - Modelled Estimates","SDG indicator 10.4.1 - Labour income share as a percent of GDP (%)","2011",30.735,
"Niger","ILO - Modelled Estimates","SDG indicator 10.4.1 - Labour income share as a percent of GDP (%)","2010",29.332,
"Niger","ILO - Modelled Estimates","SDG indicator 10.4.1 - Labour income share as a percent of GDP (%)","2009",33.035,
"Niger","ILO - Modelled Estimates","SDG indicator 10.4.1 - Labour income share as a percent of GDP (%)","2008",31.19,
"Niger","ILO - Modelled Estimates","SDG indicator 10.4.1 - Labour income share as a percent of GDP (%)","2007",33.845,
"Niger","ILO - Modelled Estimates","SDG indicator 10.4.1 - Labour income share as a percent of GDP (%)","2006",34.672,
"Niger","ILO - Modelled Estimates","SDG indicator 10.4.1 - Labour income share as a percent of GDP (%)","2005",33.266,
"Niger","ILO - Modelled Estimates","SDG indicator 10.4.1 - Labour income share as a percent of GDP (%)","2004",32.787,
"Nigeria","ILO - Modelled Estimates","SDG indicator 10.4.1 - Labour income share as a percent of GDP (%)","2024",73.567,"Imputation"
"Nigeria","ILO - Modelled Estimates","SDG indicator 10.4.1 - Labour income share as a percent of GDP (%)","2023",73.691,"Imputation"
"Nigeria","ILO - Modelled Estimates","SDG indicator 10.4.1 - Labour income share as a percent of GDP (%)","2022",73.602,"Imputation"
"Nigeria","ILO - Modelled Estimates","SDG indicator 10.4.1 - Labour income share as a percent of GDP (%)","2021",74.881,"Imputation"
"Nigeria","ILO - Modelled Estimates","SDG indicator 10.4.1 - Labour income share as a percent of GDP (%)","2020",73.975,"Imputation"
"Nigeria","ILO - Modelled Estimates","SDG indicator 10.4.1 - Labour income share as a percent of GDP (%)","2019",74.782,"Imputation"
"Nigeria","ILO - Modelled Estimates","SDG indicator 10.4.1 - Labour income share as a percent of GDP (%)","2018",72.212,"Imputation"
"Nigeria","ILO - Modelled Estimates","SDG indicator 10.4.1 - Labour income share as a percent of GDP (%)","2017",70.928,"Imputation"
"Nigeria","ILO - Modelled Estimates","SDG indicator 10.4.1 - Labour income share as a percent of GDP (%)","2016",65.829,"Imputation"
"Nigeria","ILO - Modelled Estimates","SDG indicator 10.4.1 - Labour income share as a percent of GDP (%)","2015",66.968,"Imputation"
"Nigeria","ILO - Modelled Estimates","SDG indicator 10.4.1 - Labour income share as a percent of GDP (%)","2014",69.353,"Imputation"
"Nigeria","ILO - Modelled Estimates","SDG indicator 10.4.1 - Labour income share as a percent of GDP (%)","2013",68.904,"Imputation"
"Nigeria","ILO - Modelled Estimates","SDG indicator 10.4.1 - Labour income share as a percent of GDP (%)","2012",67.721,"Imputation"
"Nigeria","ILO - Modelled Estimates","SDG indicator 10.4.1 - Labour income share as a percent of GDP (%)","2011",65.449,"Imputation"
"Nigeria","ILO - Modelled Estimates","SDG indicator 10.4.1 - Labour income share as a percent of GDP (%)","2010",64.513,"Imputation"
"Nigeria","ILO - Modelled Estimates","SDG indicator 10.4.1 - Labour income share as a percent of GDP (%)","2009",64.545,"Imputation"
"Nigeria","ILO - Modelled Estimates","SDG indicator 10.4.1 - Labour income share as a percent of GDP (%)","2008",64.93,"Imputation"
"Nigeria","ILO - Modelled Estimates","SDG indicator 10.4.1 - Labour income share as a percent of GDP (%)","2007",65.029,"Imputation"
"Nigeria","ILO - Modelled Estimates","SDG indicator 10.4.1 - Labour income share as a percent of GDP (%)","2006",65.241,"Imputation"
"Nigeria","ILO - Modelled Estimates","SDG indicator 10.4.1 - Labour income share as a percent of GDP (%)","2005",65.18,"Imputation"
"Nigeria","ILO - Modelled Estimates","SDG indicator 10.4.1 - Labour income share as a percent of GDP (%)","2004",64.414,"Imputation"
"Nicaragua","ILO - Modelled Estimates","SDG indicator 10.4.1 - Labour income share as a percent of GDP (%)","2024",46.724,"Model-based extrapolation"
"Nicaragua","ILO - Modelled Estimates","SDG indicator 10.4.1 - Labour income share as a percent of GDP (%)","2023",46.517,"Model-based extrapolation"
"Nicaragua","ILO - Modelled Estimates","SDG indicator 10.4.1 - Labour income share as a percent of GDP (%)","2022",46.684,
"Nicaragua","ILO - Modelled Estimates","SDG indicator 10.4.1 - Labour income share as a percent of GDP (%)","2021",46.902,
"Nicaragua","ILO - Modelled Estimates","SDG indicator 10.4.1 - Labour income share as a percent of GDP (%)","2020",48.168,
"Nicaragua","ILO - Modelled Estimates","SDG indicator 10.4.1 - Labour income share as a percent of GDP (%)","2019",48.519,
"Nicaragua","ILO - Modelled Estimates","SDG indicator 10.4.1 - Labour income share as a percent of GDP (%)","2018",49.432,
"Nicaragua","ILO - Modelled Estimates","SDG indicator 10.4.1 - Labour income share as a percent of GDP (%)","2017",49.115,
"Nicaragua","ILO - Modelled Estimates","SDG indicator 10.4.1 - Labour income share as a percent of GDP (%)","2016",49.905,
"Nicaragua","ILO - Modelled Estimates","SDG indicator 10.4.1 - Labour income share as a percent of GDP (%)","2015",50.852,
"Nicaragua","ILO - Modelled Estimates","SDG indicator 10.4.1 - Labour income share as a percent of GDP (%)","2014",52.486,
"Nicaragua","ILO - Modelled Estimates","SDG indicator 10.4.1 - Labour income share as a percent of GDP (%)","2013",53.316,
"Nicaragua","ILO - Modelled Estimates","SDG indicator 10.4.1 - Labour income share as a percent of GDP (%)","2012",53.21,
"Nicaragua","ILO - Modelled Estimates","SDG indicator 10.4.1 - Labour income share as a percent of GDP (%)","2011",53.727,
"Nicaragua","ILO - Modelled Estimates","SDG indicator 10.4.1 - Labour income share as a percent of GDP (%)","2010",53.504,
"Nicaragua","ILO - Modelled Estimates","SDG indicator 10.4.1 - Labour income share as a percent of GDP (%)","2009",53.937,
"Nicaragua","ILO - Modelled Estimates","SDG indicator 10.4.1 - Labour income share as a percent of GDP (%)","2008",53.387,
"Nicaragua","ILO - Modelled Estimates","SDG indicator 10.4.1 - Labour income share as a percent of GDP (%)","2007",53.309,
"Nicaragua","ILO - Modelled Estimates","SDG indicator 10.4.1 - Labour income share as a percent of GDP (%)","2006",52.733,
"Nicaragua","ILO - Modelled Estimates","SDG indicator 10.4.1 - Labour income share as a percent of GDP (%)","2005",52.99,"Model-based extrapolation"
"Nicaragua","ILO - Modelled Estimates","SDG indicator 10.4.1 - Labour income share as a percent of GDP (%)","2004",52.759,"Model-based extrapolation"
"Netherlands","ILO - Modelled Estimates","SDG indicator 10.4.1 - Labour income share as a percent of GDP (%)","2024",62.103,"Model-based extrapolation"
"Netherlands","ILO - Modelled Estimates","SDG indicator 10.4.1 - Labour income share as a percent of GDP (%)","2023",61.52,"Model-based extrapolation"
"Netherlands","ILO - Modelled Estimates","SDG indicator 10.4.1 - Labour income share as a percent of GDP (%)","2022",61.805,
"Netherlands","ILO - Modelled Estimates","SDG indicator 10.4.1 - Labour income share as a percent of GDP (%)","2021",62.497,
"Netherlands","ILO - Modelled Estimates","SDG indicator 10.4.1 - Labour income share as a percent of GDP (%)","2020",63.946,
"Netherlands","ILO - Modelled Estimates","SDG indicator 10.4.1 - Labour income share as a percent of GDP (%)","2019",60.865,
"Netherlands","ILO - Modelled Estimates","SDG indicator 10.4.1 - Labour income share as a percent of GDP (%)","2018",60.908,
"Netherlands","ILO - Modelled Estimates","SDG indicator 10.4.1 - Labour income share as a percent of GDP (%)","2017",61.904,
"Netherlands","ILO - Modelled Estimates","SDG indicator 10.4.1 - Labour income share as a percent of GDP (%)","2016",63.214,
"Netherlands","ILO - Modelled Estimates","SDG indicator 10.4.1 - Labour income share as a percent of GDP (%)","2015",62.277,
"Netherlands","ILO - Modelled Estimates","SDG indicator 10.4.1 - Labour income share as a percent of GDP (%)","2014",64.798,
"Netherlands","ILO - Modelled Estimates","SDG indicator 10.4.1 - Labour income share as a percent of GDP (%)","2013",64.139,
"Netherlands","ILO - Modelled Estimates","SDG indicator 10.4.1 - Labour income share as a percent of GDP (%)","2012",64.048,
"Netherlands","ILO - Modelled Estimates","SDG indicator 10.4.1 - Labour income share as a percent of GDP (%)","2011",64.283,
"Netherlands","ILO - Modelled Estimates","SDG indicator 10.4.1 - Labour income share as a percent of GDP (%)","2010",64.446,
"Netherlands","ILO - Modelled Estimates","SDG indicator 10.4.1 - Labour income share as a percent of GDP (%)","2009",66.145,
"Netherlands","ILO - Modelled Estimates","SDG indicator 10.4.1 - Labour income share as a percent of GDP (%)","2008",63.02,
"Netherlands","ILO - Modelled Estimates","SDG indicator 10.4.1 - Labour income share as a percent of GDP (%)","2007",63.268,
"Netherlands","ILO - Modelled Estimates","SDG indicator 10.4.1 - Labour income share as a percent of GDP (%)","2006",60.594,
"Netherlands","ILO - Modelled Estimates","SDG indicator 10.4.1 - Labour income share as a percent of GDP (%)","2005",61.989,
"Netherlands","ILO - Modelled Estimates","SDG indicator 10.4.1 - Labour income share as a percent of GDP (%)","2004",61.795,
"Norway","ILO - Modelled Estimates","SDG indicator 10.4.1 - Labour income share as a percent of GDP (%)","2024",47.081,"Model-based extrapolation"
"Norway","ILO - Modelled Estimates","SDG indicator 10.4.1 - Labour income share as a percent of GDP (%)","2023",45.366,"Model-based extrapolation"
"Norway","ILO - Modelled Estimates","SDG indicator 10.4.1 - Labour income share as a percent of GDP (%)","2022",37.667,
"Norway","ILO - Modelled Estimates","SDG indicator 10.4.1 - Labour income share as a percent of GDP (%)","2021",46.527,
"Norway","ILO - Modelled Estimates","SDG indicator 10.4.1 - Labour income share as a percent of GDP (%)","2020",53.79,
"Norway","ILO - Modelled Estimates","SDG indicator 10.4.1 - Labour income share as a percent of GDP (%)","2019",52.46,
"Norway","ILO - Modelled Estimates","SDG indicator 10.4.1 - Labour income share as a percent of GDP (%)","2018",49.589,
"Norway","ILO - Modelled Estimates","SDG indicator 10.4.1 - Labour income share as a percent of GDP (%)","2017",51.105,
"Norway","ILO - Modelled Estimates","SDG indicator 10.4.1 - Labour income share as a percent of GDP (%)","2016",53.075,
"Norway","ILO - Modelled Estimates","SDG indicator 10.4.1 - Labour income share as a percent of GDP (%)","2015",51.448,
"Norway","ILO - Modelled Estimates","SDG indicator 10.4.1 - Labour income share as a percent of GDP (%)","2014",49.827,
"Norway","ILO - Modelled Estimates","SDG indicator 10.4.1 - Labour income share as a percent of GDP (%)","2013",48.177,
"Norway","ILO - Modelled Estimates","SDG indicator 10.4.1 - Labour income share as a percent of GDP (%)","2012",46.445,
"Norway","ILO - Modelled Estimates","SDG indicator 10.4.1 - Labour income share as a percent of GDP (%)","2011",46.599,
"Norway","ILO - Modelled Estimates","SDG indicator 10.4.1 - Labour income share as a percent of GDP (%)","2010",48.834,
"Norway","ILO - Modelled Estimates","SDG indicator 10.4.1 - Labour income share as a percent of GDP (%)","2009",51.659,
"Norway","ILO - Modelled Estimates","SDG indicator 10.4.1 - Labour income share as a percent of GDP (%)","2008",46.142,
"Norway","ILO - Modelled Estimates","SDG indicator 10.4.1 - Labour income share as a percent of GDP (%)","2007",46.449,
"Norway","ILO - Modelled Estimates","SDG indicator 10.4.1 - Labour income share as a percent of GDP (%)","2006",44.237,
"Norway","ILO - Modelled Estimates","SDG indicator 10.4.1 - Labour income share as a percent of GDP (%)","2005",45.122,
"Norway","ILO - Modelled Estimates","SDG indicator 10.4.1 - Labour income share as a percent of GDP (%)","2004",47.166,
"Nepal","ILO - Modelled Estimates","SDG indicator 10.4.1 - Labour income share as a percent of GDP (%)","2024",45.408,"Model-based extrapolation"
"Nepal","ILO - Modelled Estimates","SDG indicator 10.4.1 - Labour income share as a percent of GDP (%)","2023",46.018,"Model-based extrapolation"
"Nepal","ILO - Modelled Estimates","SDG indicator 10.4.1 - Labour income share as a percent of GDP (%)","2022",44.735,
"Nepal","ILO - Modelled Estimates","SDG indicator 10.4.1 - Labour income share as a percent of GDP (%)","2021",44.722,
"Nepal","ILO - Modelled Estimates","SDG indicator 10.4.1 - Labour income share as a percent of GDP (%)","2020",44.666,
"Nepal","ILO - Modelled Estimates","SDG indicator 10.4.1 - Labour income share as a percent of GDP (%)","2019",44.307,
"Nepal","ILO - Modelled Estimates","SDG indicator 10.4.1 - Labour income share as a percent of GDP (%)","2018",44.131,
"Nepal","ILO - Modelled Estimates","SDG indicator 10.4.1 - Labour income share as a percent of GDP (%)","2017",43.847,
"Nepal","ILO - Modelled Estimates","SDG indicator 10.4.1 - Labour income share as a percent of GDP (%)","2016",46.409,
"Nepal","ILO - Modelled Estimates","SDG indicator 10.4.1 - Labour income share as a percent of GDP (%)","2015",45.765,
"Nepal","ILO - Modelled Estimates","SDG indicator 10.4.1 - Labour income share as a percent of GDP (%)","2014",45.535,
"Nepal","ILO - Modelled Estimates","SDG indicator 10.4.1 - Labour income share as a percent of GDP (%)","2013",46.5,
"Nepal","ILO - Modelled Estimates","SDG indicator 10.4.1 - Labour income share as a percent of GDP (%)","2012",46.502,
"Nepal","ILO - Modelled Estimates","SDG indicator 10.4.1 - Labour income share as a percent of GDP (%)","2011",47.138,
"Nepal","ILO - Modelled Estimates","SDG indicator 10.4.1 - Labour income share as a percent of GDP (%)","2010",47.075,"Model-based extrapolation"
"Nepal","ILO - Modelled Estimates","SDG indicator 10.4.1 - Labour income share as a percent of GDP (%)","2009",47.459,"Model-based extrapolation"
"Nepal","ILO - Modelled Estimates","SDG indicator 10.4.1 - Labour income share as a percent of GDP (%)","2008",47.345,"Model-based extrapolation"
"Nepal","ILO - Modelled Estimates","SDG indicator 10.4.1 - Labour income share as a percent of GDP (%)","2007",48.108,"Model-based extrapolation"
"Nepal","ILO - Modelled Estimates","SDG indicator 10.4.1 - Labour income share as a percent of GDP (%)","2006",48.163,"Model-based extrapolation"
"Nepal","ILO - Modelled Estimates","SDG indicator 10.4.1 - Labour income share as a percent of GDP (%)","2005",48.176,"Model-based extrapolation"
"Nepal","ILO - Modelled Estimates","SDG indicator 10.4.1 - Labour income share as a percent of GDP (%)","2004",47.9,"Model-based extrapolation"
"New Zealand","ILO - Modelled Estimates","SDG indicator 10.4.1 - Labour income share as a percent of GDP (%)","2024",53.107,"Imputation"
"New Zealand","ILO - Modelled Estimates","SDG indicator 10.4.1 - Labour income share as a percent of GDP (%)","2023",53.262,"Imputation"
"New Zealand","ILO - Modelled Estimates","SDG indicator 10.4.1 - Labour income share as a percent of GDP (%)","2022",52.567,"Imputation"
"New Zealand","ILO - Modelled Estimates","SDG indicator 10.4.1 - Labour income share as a percent of GDP (%)","2021",54.035,"Imputation"
"New Zealand","ILO - Modelled Estimates","SDG indicator 10.4.1 - Labour income share as a percent of GDP (%)","2020",54.066,"Imputation"
"New Zealand","ILO - Modelled Estimates","SDG indicator 10.4.1 - Labour income share as a percent of GDP (%)","2019",52.378,"Imputation"
"New Zealand","ILO - Modelled Estimates","SDG indicator 10.4.1 - Labour income share as a percent of GDP (%)","2018",51.752,"Imputation"
"New Zealand","ILO - Modelled Estimates","SDG indicator 10.4.1 - Labour income share as a percent of GDP (%)","2017",51.119,"Imputation"
"New Zealand","ILO - Modelled Estimates","SDG indicator 10.4.1 - Labour income share as a percent of GDP (%)","2016",51.614,"Imputation"
"New Zealand","ILO - Modelled Estimates","SDG indicator 10.4.1 - Labour income share as a percent of GDP (%)","2015",51.024,"Imputation"
"New Zealand","ILO - Modelled Estimates","SDG indicator 10.4.1 - Labour income share as a percent of GDP (%)","2014",51.062,"Imputation"
"New Zealand","ILO - Modelled Estimates","SDG indicator 10.4.1 - Labour income share as a percent of GDP (%)","2013",49.956,"Imputation"
"New Zealand","ILO - Modelled Estimates","SDG indicator 10.4.1 - Labour income share as a percent of GDP (%)","2012",52.299,"Imputation"
"New Zealand","ILO - Modelled Estimates","SDG indicator 10.4.1 - Labour income share as a percent of GDP (%)","2011",51.74,"Imputation"
"New Zealand","ILO - Modelled Estimates","SDG indicator 10.4.1 - Labour income share as a percent of GDP (%)","2010",51.904,"Imputation"
"New Zealand","ILO - Modelled Estimates","SDG indicator 10.4.1 - Labour income share as a percent of GDP (%)","2009",52.743,"Imputation"
"New Zealand","ILO - Modelled Estimates","SDG indicator 10.4.1 - Labour income share as a percent of GDP (%)","2008",54.198,"Imputation"
"New Zealand","ILO - Modelled Estimates","SDG indicator 10.4.1 - Labour income share as a percent of GDP (%)","2007",51.935,"Imputation"
"New Zealand","ILO - Modelled Estimates","SDG indicator 10.4.1 - Labour income share as a percent of GDP (%)","2006",52.398,"Imputation"
"New Zealand","ILO - Modelled Estimates","SDG indicator 10.4.1 - Labour income share as a percent of GDP (%)","2005",52.295,"Imputation"
"New Zealand","ILO - Modelled Estimates","SDG indicator 10.4.1 - Labour income share as a percent of GDP (%)","2004",50.999,"Imputation"
"Oman","ILO - Modelled Estimates","SDG indicator 10.4.1 - Labour income share as a percent of GDP (%)","2024",35.244,"Imputation"
"Oman","ILO - Modelled Estimates","SDG indicator 10.4.1 - Labour income share as a percent of GDP (%)","2023",35.212,"Imputation"
"Oman","ILO - Modelled Estimates","SDG indicator 10.4.1 - Labour income share as a percent of GDP (%)","2022",34.405,"Imputation"
"Oman","ILO - Modelled Estimates","SDG indicator 10.4.1 - Labour income share as a percent of GDP (%)","2021",38.536,"Imputation"
"Oman","ILO - Modelled Estimates","SDG indicator 10.4.1 - Labour income share as a percent of GDP (%)","2020",40.619,"Imputation"
"Oman","ILO - Modelled Estimates","SDG indicator 10.4.1 - Labour income share as a percent of GDP (%)","2019",36.28,"Imputation"
"Oman","ILO - Modelled Estimates","SDG indicator 10.4.1 - Labour income share as a percent of GDP (%)","2018",34.284,"Imputation"
"Oman","ILO - Modelled Estimates","SDG indicator 10.4.1 - Labour income share as a percent of GDP (%)","2017",41.46,"Imputation"
"Oman","ILO - Modelled Estimates","SDG indicator 10.4.1 - Labour income share as a percent of GDP (%)","2016",44.114,"Imputation"
"Oman","ILO - Modelled Estimates","SDG indicator 10.4.1 - Labour income share as a percent of GDP (%)","2015",40.745,"Imputation"
"Oman","ILO - Modelled Estimates","SDG indicator 10.4.1 - Labour income share as a percent of GDP (%)","2014",32.975,"Imputation"
"Oman","ILO - Modelled Estimates","SDG indicator 10.4.1 - Labour income share as a percent of GDP (%)","2013",29.619,"Imputation"
"Oman","ILO - Modelled Estimates","SDG indicator 10.4.1 - Labour income share as a percent of GDP (%)","2012",27.391,"Imputation"
"Oman","ILO - Modelled Estimates","SDG indicator 10.4.1 - Labour income share as a percent of GDP (%)","2011",26.171,"Imputation"
"Oman","ILO - Modelled Estimates","SDG indicator 10.4.1 - Labour income share as a percent of GDP (%)","2010",27.816,"Imputation"
"Oman","ILO - Modelled Estimates","SDG indicator 10.4.1 - Labour income share as a percent of GDP (%)","2009",30.349,"Imputation"
"Oman","ILO - Modelled Estimates","SDG indicator 10.4.1 - Labour income share as a percent of GDP (%)","2008",22.392,"Imputation"
"Oman","ILO - Modelled Estimates","SDG indicator 10.4.1 - Labour income share as a percent of GDP (%)","2007",27.161,"Imputation"
"Oman","ILO - Modelled Estimates","SDG indicator 10.4.1 - Labour income share as a percent of GDP (%)","2006",26.088,"Imputation"
"Oman","ILO - Modelled Estimates","SDG indicator 10.4.1 - Labour income share as a percent of GDP (%)","2005",28.173,"Imputation"
"Oman","ILO - Modelled Estimates","SDG indicator 10.4.1 - Labour income share as a percent of GDP (%)","2004",30.95,"Imputation"
"Pakistan","ILO - Modelled Estimates","SDG indicator 10.4.1 - Labour income share as a percent of GDP (%)","2024",45.239,"Imputation"
"Pakistan","ILO - Modelled Estimates","SDG indicator 10.4.1 - Labour income share as a percent of GDP (%)","2023",45.876,"Imputation"
"Pakistan","ILO - Modelled Estimates","SDG indicator 10.4.1 - Labour income share as a percent of GDP (%)","2022",44.01,"Imputation"
"Pakistan","ILO - Modelled Estimates","SDG indicator 10.4.1 - Labour income share as a percent of GDP (%)","2021",45.793,"Imputation"
"Pakistan","ILO - Modelled Estimates","SDG indicator 10.4.1 - Labour income share as a percent of GDP (%)","2020",46.923,"Imputation"
"Pakistan","ILO - Modelled Estimates","SDG indicator 10.4.1 - Labour income share as a percent of GDP (%)","2019",46.031,"Imputation"
"Pakistan","ILO - Modelled Estimates","SDG indicator 10.4.1 - Labour income share as a percent of GDP (%)","2018",44.632,"Imputation"
"Pakistan","ILO - Modelled Estimates","SDG indicator 10.4.1 - Labour income share as a percent of GDP (%)","2017",45.062,"Imputation"
"Pakistan","ILO - Modelled Estimates","SDG indicator 10.4.1 - Labour income share as a percent of GDP (%)","2016",43.875,"Imputation"
"Pakistan","ILO - Modelled Estimates","SDG indicator 10.4.1 - Labour income share as a percent of GDP (%)","2015",45.726,"Imputation"
"Pakistan","ILO - Modelled Estimates","SDG indicator 10.4.1 - Labour income share as a percent of GDP (%)","2014",46.379,"Imputation"
"Pakistan","ILO - Modelled Estimates","SDG indicator 10.4.1 - Labour income share as a percent of GDP (%)","2013",45.257,"Imputation"
"Pakistan","ILO - Modelled Estimates","SDG indicator 10.4.1 - Labour income share as a percent of GDP (%)","2012",44.648,"Imputation"
"Pakistan","ILO - Modelled Estimates","SDG indicator 10.4.1 - Labour income share as a percent of GDP (%)","2011",43.948,"Imputation"
"Pakistan","ILO - Modelled Estimates","SDG indicator 10.4.1 - Labour income share as a percent of GDP (%)","2010",45.113,"Imputation"
"Pakistan","ILO - Modelled Estimates","SDG indicator 10.4.1 - Labour income share as a percent of GDP (%)","2009",44.56,"Imputation"
"Pakistan","ILO - Modelled Estimates","SDG indicator 10.4.1 - Labour income share as a percent of GDP (%)","2008",45.056,"Imputation"
"Pakistan","ILO - Modelled Estimates","SDG indicator 10.4.1 - Labour income share as a percent of GDP (%)","2007",44.428,"Imputation"
"Pakistan","ILO - Modelled Estimates","SDG indicator 10.4.1 - Labour income share as a percent of GDP (%)","2006",43.979,"Imputation"
"Pakistan","ILO - Modelled Estimates","SDG indicator 10.4.1 - Labour income share as a percent of GDP (%)","2005",43.437,"Imputation"
"Pakistan","ILO - Modelled Estimates","SDG indicator 10.4.1 - Labour income share as a percent of GDP (%)","2004",43.542,"Imputation"
"Panama","ILO - Modelled Estimates","SDG indicator 10.4.1 - Labour income share as a percent of GDP (%)","2024",37.833,"Model-based extrapolation"
"Panama","ILO - Modelled Estimates","SDG indicator 10.4.1 - Labour income share as a percent of GDP (%)","2023",37.297,"Model-based extrapolation"
"Panama","ILO - Modelled Estimates","SDG indicator 10.4.1 - Labour income share as a percent of GDP (%)","2022",36.928,"Model-based extrapolation"
"Panama","ILO - Modelled Estimates","SDG indicator 10.4.1 - Labour income share as a percent of GDP (%)","2021",36.897,
"Panama","ILO - Modelled Estimates","SDG indicator 10.4.1 - Labour income share as a percent of GDP (%)","2020",34.769,
"Panama","ILO - Modelled Estimates","SDG indicator 10.4.1 - Labour income share as a percent of GDP (%)","2019",37.887,
"Panama","ILO - Modelled Estimates","SDG indicator 10.4.1 - Labour income share as a percent of GDP (%)","2018",36.083,
"Panama","ILO - Modelled Estimates","SDG indicator 10.4.1 - Labour income share as a percent of GDP (%)","2017",32.011,
"Panama","ILO - Modelled Estimates","SDG indicator 10.4.1 - Labour income share as a percent of GDP (%)","2016",31.644,
"Panama","ILO - Modelled Estimates","SDG indicator 10.4.1 - Labour income share as a percent of GDP (%)","2015",31.062,
"Panama","ILO - Modelled Estimates","SDG indicator 10.4.1 - Labour income share as a percent of GDP (%)","2014",30.464,
"Panama","ILO - Modelled Estimates","SDG indicator 10.4.1 - Labour income share as a percent of GDP (%)","2013",30.783,
"Panama","ILO - Modelled Estimates","SDG indicator 10.4.1 - Labour income share as a percent of GDP (%)","2012",33.155,
"Panama","ILO - Modelled Estimates","SDG indicator 10.4.1 - Labour income share as a percent of GDP (%)","2011",34.866,
"Panama","ILO - Modelled Estimates","SDG indicator 10.4.1 - Labour income share as a percent of GDP (%)","2010",36.498,
"Panama","ILO - Modelled Estimates","SDG indicator 10.4.1 - Labour income share as a percent of GDP (%)","2009",35.966,
"Panama","ILO - Modelled Estimates","SDG indicator 10.4.1 - Labour income share as a percent of GDP (%)","2008",37.593,
"Panama","ILO - Modelled Estimates","SDG indicator 10.4.1 - Labour income share as a percent of GDP (%)","2007",39.866,
"Panama","ILO - Modelled Estimates","SDG indicator 10.4.1 - Labour income share as a percent of GDP (%)","2006",41.69,
"Panama","ILO - Modelled Estimates","SDG indicator 10.4.1 - Labour income share as a percent of GDP (%)","2005",41.449,
"Panama","ILO - Modelled Estimates","SDG indicator 10.4.1 - Labour income share as a percent of GDP (%)","2004",43.13,
"Peru","ILO - Modelled Estimates","SDG indicator 10.4.1 - Labour income share as a percent of GDP (%)","2024",46.165,"Model-based extrapolation"
"Peru","ILO - Modelled Estimates","SDG indicator 10.4.1 - Labour income share as a percent of GDP (%)","2023",46.624,"Model-based extrapolation"
"Peru","ILO - Modelled Estimates","SDG indicator 10.4.1 - Labour income share as a percent of GDP (%)","2022",46.127,"Model-based extrapolation"
"Peru","ILO - Modelled Estimates","SDG indicator 10.4.1 - Labour income share as a percent of GDP (%)","2021",40.992,
"Peru","ILO - Modelled Estimates","SDG indicator 10.4.1 - Labour income share as a percent of GDP (%)","2020",45.194,
"Peru","ILO - Modelled Estimates","SDG indicator 10.4.1 - Labour income share as a percent of GDP (%)","2019",46.357,
"Peru","ILO - Modelled Estimates","SDG indicator 10.4.1 - Labour income share as a percent of GDP (%)","2018",44.856,
"Peru","ILO - Modelled Estimates","SDG indicator 10.4.1 - Labour income share as a percent of GDP (%)","2017",44.775,
"Peru","ILO - Modelled Estimates","SDG indicator 10.4.1 - Labour income share as a percent of GDP (%)","2016",44.712,
"Peru","ILO - Modelled Estimates","SDG indicator 10.4.1 - Labour income share as a percent of GDP (%)","2015",45.694,
"Peru","ILO - Modelled Estimates","SDG indicator 10.4.1 - Labour income share as a percent of GDP (%)","2014",45.283,
"Peru","ILO - Modelled Estimates","SDG indicator 10.4.1 - Labour income share as a percent of GDP (%)","2013",43.792,
"Peru","ILO - Modelled Estimates","SDG indicator 10.4.1 - Labour income share as a percent of GDP (%)","2012",43.731,
"Peru","ILO - Modelled Estimates","SDG indicator 10.4.1 - Labour income share as a percent of GDP (%)","2011",42.207,
"Peru","ILO - Modelled Estimates","SDG indicator 10.4.1 - Labour income share as a percent of GDP (%)","2010",44.123,
"Peru","ILO - Modelled Estimates","SDG indicator 10.4.1 - Labour income share as a percent of GDP (%)","2009",45.282,
"Peru","ILO - Modelled Estimates","SDG indicator 10.4.1 - Labour income share as a percent of GDP (%)","2008",45.453,
"Peru","ILO - Modelled Estimates","SDG indicator 10.4.1 - Labour income share as a percent of GDP (%)","2007",43.968,
"Peru","ILO - Modelled Estimates","SDG indicator 10.4.1 - Labour income share as a percent of GDP (%)","2006",44.399,
"Peru","ILO - Modelled Estimates","SDG indicator 10.4.1 - Labour income share as a percent of GDP (%)","2005",45.248,
"Peru","ILO - Modelled Estimates","SDG indicator 10.4.1 - Labour income share as a percent of GDP (%)","2004",45.431,
"Philippines","ILO - Modelled Estimates","SDG indicator 10.4.1 - Labour income share as a percent of GDP (%)","2024",44.823,"Model-based extrapolation"
"Philippines","ILO - Modelled Estimates","SDG indicator 10.4.1 - Labour income share as a percent of GDP (%)","2023",44.944,"Model-based extrapolation"
"Philippines","ILO - Modelled Estimates","SDG indicator 10.4.1 - Labour income share as a percent of GDP (%)","2022",44.543,
"Philippines","ILO - Modelled Estimates","SDG indicator 10.4.1 - Labour income share as a percent of GDP (%)","2021",44.782,
"Philippines","ILO - Modelled Estimates","SDG indicator 10.4.1 - Labour income share as a percent of GDP (%)","2020",42.788,
"Philippines","ILO - Modelled Estimates","SDG indicator 10.4.1 - Labour income share as a percent of GDP (%)","2019",41.964,
"Philippines","ILO - Modelled Estimates","SDG indicator 10.4.1 - Labour income share as a percent of GDP (%)","2018",42.171,
"Philippines","ILO - Modelled Estimates","SDG indicator 10.4.1 - Labour income share as a percent of GDP (%)","2017",41.638,
"Philippines","ILO - Modelled Estimates","SDG indicator 10.4.1 - Labour income share as a percent of GDP (%)","2016",41.882,
"Philippines","ILO - Modelled Estimates","SDG indicator 10.4.1 - Labour income share as a percent of GDP (%)","2015",41.101,
"Philippines","ILO - Modelled Estimates","SDG indicator 10.4.1 - Labour income share as a percent of GDP (%)","2014",41.973,
"Philippines","ILO - Modelled Estimates","SDG indicator 10.4.1 - Labour income share as a percent of GDP (%)","2013",42.251,
"Philippines","ILO - Modelled Estimates","SDG indicator 10.4.1 - Labour income share as a percent of GDP (%)","2012",43.956,
"Philippines","ILO - Modelled Estimates","SDG indicator 10.4.1 - Labour income share as a percent of GDP (%)","2011",44.663,
"Philippines","ILO - Modelled Estimates","SDG indicator 10.4.1 - Labour income share as a percent of GDP (%)","2010",44.101,
"Philippines","ILO - Modelled Estimates","SDG indicator 10.4.1 - Labour income share as a percent of GDP (%)","2009",36.395,
"Philippines","ILO - Modelled Estimates","SDG indicator 10.4.1 - Labour income share as a percent of GDP (%)","2008",39.32,
"Philippines","ILO - Modelled Estimates","SDG indicator 10.4.1 - Labour income share as a percent of GDP (%)","2007",39.474,
"Philippines","ILO - Modelled Estimates","SDG indicator 10.4.1 - Labour income share as a percent of GDP (%)","2006",39.926,
"Philippines","ILO - Modelled Estimates","SDG indicator 10.4.1 - Labour income share as a percent of GDP (%)","2005",40.232,
"Philippines","ILO - Modelled Estimates","SDG indicator 10.4.1 - Labour income share as a percent of GDP (%)","2004",39.486,
"Papua New Guinea","ILO - Modelled Estimates","SDG indicator 10.4.1 - Labour income share as a percent of GDP (%)","2024",32.031,"Imputation"
"Papua New Guinea","ILO - Modelled Estimates","SDG indicator 10.4.1 - Labour income share as a percent of GDP (%)","2023",32.355,"Imputation"
"Papua New Guinea","ILO - Modelled Estimates","SDG indicator 10.4.1 - Labour income share as a percent of GDP (%)","2022",31.92,"Imputation"
"Papua New Guinea","ILO - Modelled Estimates","SDG indicator 10.4.1 - Labour income share as a percent of GDP (%)","2021",32.478,"Imputation"
"Papua New Guinea","ILO - Modelled Estimates","SDG indicator 10.4.1 - Labour income share as a percent of GDP (%)","2020",32.852,"Imputation"
"Papua New Guinea","ILO - Modelled Estimates","SDG indicator 10.4.1 - Labour income share as a percent of GDP (%)","2019",32.238,"Imputation"
"Papua New Guinea","ILO - Modelled Estimates","SDG indicator 10.4.1 - Labour income share as a percent of GDP (%)","2018",33.374,"Imputation"
"Papua New Guinea","ILO - Modelled Estimates","SDG indicator 10.4.1 - Labour income share as a percent of GDP (%)","2017",32.623,"Imputation"
"Papua New Guinea","ILO - Modelled Estimates","SDG indicator 10.4.1 - Labour income share as a percent of GDP (%)","2016",32.286,"Imputation"
"Papua New Guinea","ILO - Modelled Estimates","SDG indicator 10.4.1 - Labour income share as a percent of GDP (%)","2015",32.125,"Imputation"
"Papua New Guinea","ILO - Modelled Estimates","SDG indicator 10.4.1 - Labour income share as a percent of GDP (%)","2014",30.678,"Imputation"
"Papua New Guinea","ILO - Modelled Estimates","SDG indicator 10.4.1 - Labour income share as a percent of GDP (%)","2013",32.926,"Imputation"
"Papua New Guinea","ILO - Modelled Estimates","SDG indicator 10.4.1 - Labour income share as a percent of GDP (%)","2012",32.802,"Imputation"
"Papua New Guinea","ILO - Modelled Estimates","SDG indicator 10.4.1 - Labour income share as a percent of GDP (%)","2011",33.626,"Imputation"
"Papua New Guinea","ILO - Modelled Estimates","SDG indicator 10.4.1 - Labour income share as a percent of GDP (%)","2010",31.687,"Imputation"
"Papua New Guinea","ILO - Modelled Estimates","SDG indicator 10.4.1 - Labour income share as a percent of GDP (%)","2009",32.494,"Imputation"
"Papua New Guinea","ILO - Modelled Estimates","SDG indicator 10.4.1 - Labour income share as a percent of GDP (%)","2008",34.082,"Imputation"
"Papua New Guinea","ILO - Modelled Estimates","SDG indicator 10.4.1 - Labour income share as a percent of GDP (%)","2007",32.341,"Imputation"
"Papua New Guinea","ILO - Modelled Estimates","SDG indicator 10.4.1 - Labour income share as a percent of GDP (%)","2006",32.911,"Imputation"
"Papua New Guinea","ILO - Modelled Estimates","SDG indicator 10.4.1 - Labour income share as a percent of GDP (%)","2005",36.042,"Imputation"
"Papua New Guinea","ILO - Modelled Estimates","SDG indicator 10.4.1 - Labour income share as a percent of GDP (%)","2004",39.861,"Imputation"
"Poland","ILO - Modelled Estimates","SDG indicator 10.4.1 - Labour income share as a percent of GDP (%)","2024",49.23,"Model-based extrapolation"
"Poland","ILO - Modelled Estimates","SDG indicator 10.4.1 - Labour income share as a percent of GDP (%)","2023",46.694,"Model-based extrapolation"
"Poland","ILO - Modelled Estimates","SDG indicator 10.4.1 - Labour income share as a percent of GDP (%)","2022",46.448,
"Poland","ILO - Modelled Estimates","SDG indicator 10.4.1 - Labour income share as a percent of GDP (%)","2021",47.278,
"Poland","ILO - Modelled Estimates","SDG indicator 10.4.1 - Labour income share as a percent of GDP (%)","2020",50.151,
"Poland","ILO - Modelled Estimates","SDG indicator 10.4.1 - Labour income share as a percent of GDP (%)","2019",50.024,
"Poland","ILO - Modelled Estimates","SDG indicator 10.4.1 - Labour income share as a percent of GDP (%)","2018",49.478,
"Poland","ILO - Modelled Estimates","SDG indicator 10.4.1 - Labour income share as a percent of GDP (%)","2017",48.516,
"Poland","ILO - Modelled Estimates","SDG indicator 10.4.1 - Labour income share as a percent of GDP (%)","2016",49.887,
"Poland","ILO - Modelled Estimates","SDG indicator 10.4.1 - Labour income share as a percent of GDP (%)","2015",47.441,
"Poland","ILO - Modelled Estimates","SDG indicator 10.4.1 - Labour income share as a percent of GDP (%)","2014",48.077,
"Poland","ILO - Modelled Estimates","SDG indicator 10.4.1 - Labour income share as a percent of GDP (%)","2013",47.722,
"Poland","ILO - Modelled Estimates","SDG indicator 10.4.1 - Labour income share as a percent of GDP (%)","2012",47.984,
"Poland","ILO - Modelled Estimates","SDG indicator 10.4.1 - Labour income share as a percent of GDP (%)","2011",47.464,
"Poland","ILO - Modelled Estimates","SDG indicator 10.4.1 - Labour income share as a percent of GDP (%)","2010",48.998,
"Poland","ILO - Modelled Estimates","SDG indicator 10.4.1 - Labour income share as a percent of GDP (%)","2009",48.202,
"Poland","ILO - Modelled Estimates","SDG indicator 10.4.1 - Labour income share as a percent of GDP (%)","2008",50.089,
"Poland","ILO - Modelled Estimates","SDG indicator 10.4.1 - Labour income share as a percent of GDP (%)","2007",48.271,
"Poland","ILO - Modelled Estimates","SDG indicator 10.4.1 - Labour income share as a percent of GDP (%)","2006",47.771,
"Poland","ILO - Modelled Estimates","SDG indicator 10.4.1 - Labour income share as a percent of GDP (%)","2005",47.894,
"Poland","ILO - Modelled Estimates","SDG indicator 10.4.1 - Labour income share as a percent of GDP (%)","2004",48.52,
"Puerto Rico","ILO - Modelled Estimates","SDG indicator 10.4.1 - Labour income share as a percent of GDP (%)","2024",57.08,"Imputation"
"Puerto Rico","ILO - Modelled Estimates","SDG indicator 10.4.1 - Labour income share as a percent of GDP (%)","2023",57.206,"Imputation"
"Puerto Rico","ILO - Modelled Estimates","SDG indicator 10.4.1 - Labour income share as a percent of GDP (%)","2022",56.212,"Imputation"
"Puerto Rico","ILO - Modelled Estimates","SDG indicator 10.4.1 - Labour income share as a percent of GDP (%)","2021",56.591,"Imputation"
"Puerto Rico","ILO - Modelled Estimates","SDG indicator 10.4.1 - Labour income share as a percent of GDP (%)","2020",57.835,"Imputation"
"Puerto Rico","ILO - Modelled Estimates","SDG indicator 10.4.1 - Labour income share as a percent of GDP (%)","2019",56.953,"Imputation"
"Puerto Rico","ILO - Modelled Estimates","SDG indicator 10.4.1 - Labour income share as a percent of GDP (%)","2018",58.079,"Imputation"
"Puerto Rico","ILO - Modelled Estimates","SDG indicator 10.4.1 - Labour income share as a percent of GDP (%)","2017",57.724,"Imputation"
"Puerto Rico","ILO - Modelled Estimates","SDG indicator 10.4.1 - Labour income share as a percent of GDP (%)","2016",57.333,"Imputation"
"Puerto Rico","ILO - Modelled Estimates","SDG indicator 10.4.1 - Labour income share as a percent of GDP (%)","2015",57.283,"Imputation"
"Puerto Rico","ILO - Modelled Estimates","SDG indicator 10.4.1 - Labour income share as a percent of GDP (%)","2014",57.304,"Imputation"
"Puerto Rico","ILO - Modelled Estimates","SDG indicator 10.4.1 - Labour income share as a percent of GDP (%)","2013",57.08,"Imputation"
"Puerto Rico","ILO - Modelled Estimates","SDG indicator 10.4.1 - Labour income share as a percent of GDP (%)","2012",56.985,"Imputation"
"Puerto Rico","ILO - Modelled Estimates","SDG indicator 10.4.1 - Labour income share as a percent of GDP (%)","2011",57.066,"Imputation"
"Puerto Rico","ILO - Modelled Estimates","SDG indicator 10.4.1 - Labour income share as a percent of GDP (%)","2010",57.059,"Imputation"
"Puerto Rico","ILO - Modelled Estimates","SDG indicator 10.4.1 - Labour income share as a percent of GDP (%)","2009",57.431,"Imputation"
"Puerto Rico","ILO - Modelled Estimates","SDG indicator 10.4.1 - Labour income share as a percent of GDP (%)","2008",57.405,"Imputation"
"Puerto Rico","ILO - Modelled Estimates","SDG indicator 10.4.1 - Labour income share as a percent of GDP (%)","2007",57.263,"Imputation"
"Puerto Rico","ILO - Modelled Estimates","SDG indicator 10.4.1 - Labour income share as a percent of GDP (%)","2006",57.313,"Imputation"
"Puerto Rico","ILO - Modelled Estimates","SDG indicator 10.4.1 - Labour income share as a percent of GDP (%)","2005",57.429,"Imputation"
"Puerto Rico","ILO - Modelled Estimates","SDG indicator 10.4.1 - Labour income share as a percent of GDP (%)","2004",56.385,"Imputation"
"Korea (the Democratic People's Republic of)","ILO - Modelled Estimates","SDG indicator 10.4.1 - Labour income share as a percent of GDP (%)","2024",38.045,"Imputation"
"Korea (the Democratic People's Republic of)","ILO - Modelled Estimates","SDG indicator 10.4.1 - Labour income share as a percent of GDP (%)","2023",37.968,"Imputation"
"Korea (the Democratic People's Republic of)","ILO - Modelled Estimates","SDG indicator 10.4.1 - Labour income share as a percent of GDP (%)","2022",38.978,"Imputation"
"Korea (the Democratic People's Republic of)","ILO - Modelled Estimates","SDG indicator 10.4.1 - Labour income share as a percent of GDP (%)","2021",38.732,"Imputation"
"Korea (the Democratic People's Republic of)","ILO - Modelled Estimates","SDG indicator 10.4.1 - Labour income share as a percent of GDP (%)","2020",38.031,"Imputation"
"Korea (the Democratic People's Republic of)","ILO - Modelled Estimates","SDG indicator 10.4.1 - Labour income share as a percent of GDP (%)","2019",38.494,"Imputation"
"Korea (the Democratic People's Republic of)","ILO - Modelled Estimates","SDG indicator 10.4.1 - Labour income share as a percent of GDP (%)","2018",39.74,"Imputation"
"Korea (the Democratic People's Republic of)","ILO - Modelled Estimates","SDG indicator 10.4.1 - Labour income share as a percent of GDP (%)","2017",39.547,"Imputation"
"Korea (the Democratic People's Republic of)","ILO - Modelled Estimates","SDG indicator 10.4.1 - Labour income share as a percent of GDP (%)","2016",37.526,"Imputation"
"Korea (the Democratic People's Republic of)","ILO - Modelled Estimates","SDG indicator 10.4.1 - Labour income share as a percent of GDP (%)","2015",38.948,"Imputation"
"Korea (the Democratic People's Republic of)","ILO - Modelled Estimates","SDG indicator 10.4.1 - Labour income share as a percent of GDP (%)","2014",38.352,"Imputation"
"Korea (the Democratic People's Republic of)","ILO - Modelled Estimates","SDG indicator 10.4.1 - Labour income share as a percent of GDP (%)","2013",38.36,"Imputation"
"Korea (the Democratic People's Republic of)","ILO - Modelled Estimates","SDG indicator 10.4.1 - Labour income share as a percent of GDP (%)","2012",38.309,"Imputation"
"Korea (the Democratic People's Republic of)","ILO - Modelled Estimates","SDG indicator 10.4.1 - Labour income share as a percent of GDP (%)","2011",38.463,"Imputation"
"Korea (the Democratic People's Republic of)","ILO - Modelled Estimates","SDG indicator 10.4.1 - Labour income share as a percent of GDP (%)","2010",38.829,"Imputation"
"Korea (the Democratic People's Republic of)","ILO - Modelled Estimates","SDG indicator 10.4.1 - Labour income share as a percent of GDP (%)","2009",38.962,"Imputation"
"Korea (the Democratic People's Republic of)","ILO - Modelled Estimates","SDG indicator 10.4.1 - Labour income share as a percent of GDP (%)","2008",37.87,"Imputation"
"Korea (the Democratic People's Republic of)","ILO - Modelled Estimates","SDG indicator 10.4.1 - Labour income share as a percent of GDP (%)","2007",39.088,"Imputation"
"Korea (the Democratic People's Republic of)","ILO - Modelled Estimates","SDG indicator 10.4.1 - Labour income share as a percent of GDP (%)","2006",39.059,"Imputation"
"Korea (the Democratic People's Republic of)","ILO - Modelled Estimates","SDG indicator 10.4.1 - Labour income share as a percent of GDP (%)","2005",37.762,"Imputation"
"Korea (the Democratic People's Republic of)","ILO - Modelled Estimates","SDG indicator 10.4.1 - Labour income share as a percent of GDP (%)","2004",38.276,"Imputation"
"Portugal","ILO - Modelled Estimates","SDG indicator 10.4.1 - Labour income share as a percent of GDP (%)","2024",57.146,"Model-based extrapolation"
"Portugal","ILO - Modelled Estimates","SDG indicator 10.4.1 - Labour income share as a percent of GDP (%)","2023",56.739,"Model-based extrapolation"
"Portugal","ILO - Modelled Estimates","SDG indicator 10.4.1 - Labour income share as a percent of GDP (%)","2022",56.286,
"Portugal","ILO - Modelled Estimates","SDG indicator 10.4.1 - Labour income share as a percent of GDP (%)","2021",57.792,
"Portugal","ILO - Modelled Estimates","SDG indicator 10.4.1 - Labour income share as a percent of GDP (%)","2020",59.016,
"Portugal","ILO - Modelled Estimates","SDG indicator 10.4.1 - Labour income share as a percent of GDP (%)","2019",55.371,
"Portugal","ILO - Modelled Estimates","SDG indicator 10.4.1 - Labour income share as a percent of GDP (%)","2018",54.705,
"Portugal","ILO - Modelled Estimates","SDG indicator 10.4.1 - Labour income share as a percent of GDP (%)","2017",55.179,
"Portugal","ILO - Modelled Estimates","SDG indicator 10.4.1 - Labour income share as a percent of GDP (%)","2016",53.855,
"Portugal","ILO - Modelled Estimates","SDG indicator 10.4.1 - Labour income share as a percent of GDP (%)","2015",54.45,
"Portugal","ILO - Modelled Estimates","SDG indicator 10.4.1 - Labour income share as a percent of GDP (%)","2014",56.614,
"Portugal","ILO - Modelled Estimates","SDG indicator 10.4.1 - Labour income share as a percent of GDP (%)","2013",57.753,
"Portugal","ILO - Modelled Estimates","SDG indicator 10.4.1 - Labour income share as a percent of GDP (%)","2012",58.979,
"Portugal","ILO - Modelled Estimates","SDG indicator 10.4.1 - Labour income share as a percent of GDP (%)","2011",59.847,
"Portugal","ILO - Modelled Estimates","SDG indicator 10.4.1 - Labour income share as a percent of GDP (%)","2010",62.096,
"Portugal","ILO - Modelled Estimates","SDG indicator 10.4.1 - Labour income share as a percent of GDP (%)","2009",63.465,
"Portugal","ILO - Modelled Estimates","SDG indicator 10.4.1 - Labour income share as a percent of GDP (%)","2008",62.398,
"Portugal","ILO - Modelled Estimates","SDG indicator 10.4.1 - Labour income share as a percent of GDP (%)","2007",61.986,
"Portugal","ILO - Modelled Estimates","SDG indicator 10.4.1 - Labour income share as a percent of GDP (%)","2006",62.674,
"Portugal","ILO - Modelled Estimates","SDG indicator 10.4.1 - Labour income share as a percent of GDP (%)","2005",64.977,
"Portugal","ILO - Modelled Estimates","SDG indicator 10.4.1 - Labour income share as a percent of GDP (%)","2004",65.249,
"Paraguay","ILO - Modelled Estimates","SDG indicator 10.4.1 - Labour income share as a percent of GDP (%)","2024",45.051,"Model-based extrapolation"
"Paraguay","ILO - Modelled Estimates","SDG indicator 10.4.1 - Labour income share as a percent of GDP (%)","2023",44.9,"Model-based extrapolation"
"Paraguay","ILO - Modelled Estimates","SDG indicator 10.4.1 - Labour income share as a percent of GDP (%)","2022",45.875,"Model-based extrapolation"
"Paraguay","ILO - Modelled Estimates","SDG indicator 10.4.1 - Labour income share as a percent of GDP (%)","2021",43.311,
"Paraguay","ILO - Modelled Estimates","SDG indicator 10.4.1 - Labour income share as a percent of GDP (%)","2020",44.999,
"Paraguay","ILO - Modelled Estimates","SDG indicator 10.4.1 - Labour income share as a percent of GDP (%)","2019",45.658,
"Paraguay","ILO - Modelled Estimates","SDG indicator 10.4.1 - Labour income share as a percent of GDP (%)","2018",45.406,
"Paraguay","ILO - Modelled Estimates","SDG indicator 10.4.1 - Labour income share as a percent of GDP (%)","2017",46.05,
"Paraguay","ILO - Modelled Estimates","SDG indicator 10.4.1 - Labour income share as a percent of GDP (%)","2016",45.254,
"Paraguay","ILO - Modelled Estimates","SDG indicator 10.4.1 - Labour income share as a percent of GDP (%)","2015",47.508,
"Paraguay","ILO - Modelled Estimates","SDG indicator 10.4.1 - Labour income share as a percent of GDP (%)","2014",47.278,
"Paraguay","ILO - Modelled Estimates","SDG indicator 10.4.1 - Labour income share as a percent of GDP (%)","2013",46.473,
"Paraguay","ILO - Modelled Estimates","SDG indicator 10.4.1 - Labour income share as a percent of GDP (%)","2012",47.16,
"Paraguay","ILO - Modelled Estimates","SDG indicator 10.4.1 - Labour income share as a percent of GDP (%)","2011",43.811,
"Paraguay","ILO - Modelled Estimates","SDG indicator 10.4.1 - Labour income share as a percent of GDP (%)","2010",45.148,
"Paraguay","ILO - Modelled Estimates","SDG indicator 10.4.1 - Labour income share as a percent of GDP (%)","2009",47.076,
"Paraguay","ILO - Modelled Estimates","SDG indicator 10.4.1 - Labour income share as a percent of GDP (%)","2008",42.789,
"Paraguay","ILO - Modelled Estimates","SDG indicator 10.4.1 - Labour income share as a percent of GDP (%)","2007",49.289,
"Paraguay","ILO - Modelled Estimates","SDG indicator 10.4.1 - Labour income share as a percent of GDP (%)","2006",49.611,
"Paraguay","ILO - Modelled Estimates","SDG indicator 10.4.1 - Labour income share as a percent of GDP (%)","2005",49.771,
"Paraguay","ILO - Modelled Estimates","SDG indicator 10.4.1 - Labour income share as a percent of GDP (%)","2004",53.028,
"Occupied Palestinian Territory","ILO - Modelled Estimates","SDG indicator 10.4.1 - Labour income share as a percent of GDP (%)","2022",42.871,"Imputation"
"Occupied Palestinian Territory","ILO - Modelled Estimates","SDG indicator 10.4.1 - Labour income share as a percent of GDP (%)","2021",44.544,"Imputation"
"Occupied Palestinian Territory","ILO - Modelled Estimates","SDG indicator 10.4.1 - Labour income share as a percent of GDP (%)","2020",46.131,"Imputation"
"Occupied Palestinian Territory","ILO - Modelled Estimates","SDG indicator 10.4.1 - Labour income share as a percent of GDP (%)","2019",44.706,"Imputation"
"Occupied Palestinian Territory","ILO - Modelled Estimates","SDG indicator 10.4.1 - Labour income share as a percent of GDP (%)","2018",45.125,"Imputation"
"Occupied Palestinian Territory","ILO - Modelled Estimates","SDG indicator 10.4.1 - Labour income share as a percent of GDP (%)","2017",44.603,"Imputation"
"Occupied Palestinian Territory","ILO - Modelled Estimates","SDG indicator 10.4.1 - Labour income share as a percent of GDP (%)","2016",43.011,"Imputation"
"Occupied Palestinian Territory","ILO - Modelled Estimates","SDG indicator 10.4.1 - Labour income share as a percent of GDP (%)","2015",43.864,"Imputation"
"Occupied Palestinian Territory","ILO - Modelled Estimates","SDG indicator 10.4.1 - Labour income share as a percent of GDP (%)","2014",44.25,"Imputation"
"Occupied Palestinian Territory","ILO - Modelled Estimates","SDG indicator 10.4.1 - Labour income share as a percent of GDP (%)","2013",43.804,"Imputation"
"Occupied Palestinian Territory","ILO - Modelled Estimates","SDG indicator 10.4.1 - Labour income share as a percent of GDP (%)","2012",43.734,"Imputation"
"Occupied Palestinian Territory","ILO - Modelled Estimates","SDG indicator 10.4.1 - Labour income share as a percent of GDP (%)","2011",43.437,"Imputation"
"Occupied Palestinian Territory","ILO - Modelled Estimates","SDG indicator 10.4.1 - Labour income share as a percent of GDP (%)","2010",43.734,"Imputation"
"Occupied Palestinian Territory","ILO - Modelled Estimates","SDG indicator 10.4.1 - Labour income share as a percent of GDP (%)","2009",43.534,"Imputation"
"Occupied Palestinian Territory","ILO - Modelled Estimates","SDG indicator 10.4.1 - Labour income share as a percent of GDP (%)","2008",43.722,"Imputation"
"Occupied Palestinian Territory","ILO - Modelled Estimates","SDG indicator 10.4.1 - Labour income share as a percent of GDP (%)","2007",44.289,"Imputation"
"Occupied Palestinian Territory","ILO - Modelled Estimates","SDG indicator 10.4.1 - Labour income share as a percent of GDP (%)","2006",44.751,"Imputation"
"Occupied Palestinian Territory","ILO - Modelled Estimates","SDG indicator 10.4.1 - Labour income share as a percent of GDP (%)","2005",43.65,"Imputation"
"Occupied Palestinian Territory","ILO - Modelled Estimates","SDG indicator 10.4.1 - Labour income share as a percent of GDP (%)","2004",42.772,"Imputation"
"French Polynesia","ILO - Modelled Estimates","SDG indicator 10.4.1 - Labour income share as a percent of GDP (%)","2024",51.129,"Imputation"
"French Polynesia","ILO - Modelled Estimates","SDG indicator 10.4.1 - Labour income share as a percent of GDP (%)","2023",51.271,"Imputation"
"French Polynesia","ILO - Modelled Estimates","SDG indicator 10.4.1 - Labour income share as a percent of GDP (%)","2022",50.991,"Imputation"
"French Polynesia","ILO - Modelled Estimates","SDG indicator 10.4.1 - Labour income share as a percent of GDP (%)","2021",50.805,"Imputation"
"French Polynesia","ILO - Modelled Estimates","SDG indicator 10.4.1 - Labour income share as a percent of GDP (%)","2020",53.306,"Imputation"
"French Polynesia","ILO - Modelled Estimates","SDG indicator 10.4.1 - Labour income share as a percent of GDP (%)","2019",50.902,"Imputation"
"French Polynesia","ILO - Modelled Estimates","SDG indicator 10.4.1 - Labour income share as a percent of GDP (%)","2018",51.119,"Imputation"
"French Polynesia","ILO - Modelled Estimates","SDG indicator 10.4.1 - Labour income share as a percent of GDP (%)","2017",50.486,"Imputation"
"French Polynesia","ILO - Modelled Estimates","SDG indicator 10.4.1 - Labour income share as a percent of GDP (%)","2016",50.982,"Imputation"
"French Polynesia","ILO - Modelled Estimates","SDG indicator 10.4.1 - Labour income share as a percent of GDP (%)","2015",51.154,"Imputation"
"French Polynesia","ILO - Modelled Estimates","SDG indicator 10.4.1 - Labour income share as a percent of GDP (%)","2014",51.417,"Imputation"
"French Polynesia","ILO - Modelled Estimates","SDG indicator 10.4.1 - Labour income share as a percent of GDP (%)","2013",51.461,"Imputation"
"French Polynesia","ILO - Modelled Estimates","SDG indicator 10.4.1 - Labour income share as a percent of GDP (%)","2012",51.787,"Imputation"
"French Polynesia","ILO - Modelled Estimates","SDG indicator 10.4.1 - Labour income share as a percent of GDP (%)","2011",52.288,"Imputation"
"French Polynesia","ILO - Modelled Estimates","SDG indicator 10.4.1 - Labour income share as a percent of GDP (%)","2010",52.161,"Imputation"
"French Polynesia","ILO - Modelled Estimates","SDG indicator 10.4.1 - Labour income share as a percent of GDP (%)","2009",52.597,"Imputation"
"French Polynesia","ILO - Modelled Estimates","SDG indicator 10.4.1 - Labour income share as a percent of GDP (%)","2008",51.547,"Imputation"
"French Polynesia","ILO - Modelled Estimates","SDG indicator 10.4.1 - Labour income share as a percent of GDP (%)","2007",51.13,"Imputation"
"French Polynesia","ILO - Modelled Estimates","SDG indicator 10.4.1 - Labour income share as a percent of GDP (%)","2006",51.359,"Imputation"
"French Polynesia","ILO - Modelled Estimates","SDG indicator 10.4.1 - Labour income share as a percent of GDP (%)","2005",51.529,"Imputation"
"French Polynesia","ILO - Modelled Estimates","SDG indicator 10.4.1 - Labour income share as a percent of GDP (%)","2004",51.396,"Imputation"
"Qatar","ILO - Modelled Estimates","SDG indicator 10.4.1 - Labour income share as a percent of GDP (%)","2024",27.791,"Imputation"
"Qatar","ILO - Modelled Estimates","SDG indicator 10.4.1 - Labour income share as a percent of GDP (%)","2023",27.841,"Imputation"
"Qatar","ILO - Modelled Estimates","SDG indicator 10.4.1 - Labour income share as a percent of GDP (%)","2022",27.537,"Imputation"
"Qatar","ILO - Modelled Estimates","SDG indicator 10.4.1 - Labour income share as a percent of GDP (%)","2021",27.472,"Imputation"
"Qatar","ILO - Modelled Estimates","SDG indicator 10.4.1 - Labour income share as a percent of GDP (%)","2020",29.473,"Imputation"
"Qatar","ILO - Modelled Estimates","SDG indicator 10.4.1 - Labour income share as a percent of GDP (%)","2019",28.034,"Imputation"
"Qatar","ILO - Modelled Estimates","SDG indicator 10.4.1 - Labour income share as a percent of GDP (%)","2018",25.738,"Imputation"
"Qatar","ILO - Modelled Estimates","SDG indicator 10.4.1 - Labour income share as a percent of GDP (%)","2017",28.418,"Imputation"
"Qatar","ILO - Modelled Estimates","SDG indicator 10.4.1 - Labour income share as a percent of GDP (%)","2016",30.011,"Imputation"
"Qatar","ILO - Modelled Estimates","SDG indicator 10.4.1 - Labour income share as a percent of GDP (%)","2015",27.217,"Imputation"
"Qatar","ILO - Modelled Estimates","SDG indicator 10.4.1 - Labour income share as a percent of GDP (%)","2014",18.444,"Imputation"
"Qatar","ILO - Modelled Estimates","SDG indicator 10.4.1 - Labour income share as a percent of GDP (%)","2013",17.585,"Imputation"
"Qatar","ILO - Modelled Estimates","SDG indicator 10.4.1 - Labour income share as a percent of GDP (%)","2012",16.027,"Imputation"
"Qatar","ILO - Modelled Estimates","SDG indicator 10.4.1 - Labour income share as a percent of GDP (%)","2011",14.933,"Imputation"
"Qatar","ILO - Modelled Estimates","SDG indicator 10.4.1 - Labour income share as a percent of GDP (%)","2010",19.183,"Imputation"
"Qatar","ILO - Modelled Estimates","SDG indicator 10.4.1 - Labour income share as a percent of GDP (%)","2009",22.459,"Imputation"
"Qatar","ILO - Modelled Estimates","SDG indicator 10.4.1 - Labour income share as a percent of GDP (%)","2008",15.535,"Imputation"
"Qatar","ILO - Modelled Estimates","SDG indicator 10.4.1 - Labour income share as a percent of GDP (%)","2007",17.857,"Imputation"
"Qatar","ILO - Modelled Estimates","SDG indicator 10.4.1 - Labour income share as a percent of GDP (%)","2006",18.298,"Imputation"
"Qatar","ILO - Modelled Estimates","SDG indicator 10.4.1 - Labour income share as a percent of GDP (%)","2005",17.17,"Imputation"
"Qatar","ILO - Modelled Estimates","SDG indicator 10.4.1 - Labour income share as a percent of GDP (%)","2004",19.934,"Imputation"
"Romania","ILO - Modelled Estimates","SDG indicator 10.4.1 - Labour income share as a percent of GDP (%)","2024",42.175,"Model-based extrapolation"
"Romania","ILO - Modelled Estimates","SDG indicator 10.4.1 - Labour income share as a percent of GDP (%)","2023",39.971,"Model-based extrapolation"
"Romania","ILO - Modelled Estimates","SDG indicator 10.4.1 - Labour income share as a percent of GDP (%)","2022",39.368,
"Romania","ILO - Modelled Estimates","SDG indicator 10.4.1 - Labour income share as a percent of GDP (%)","2021",41.422,
"Romania","ILO - Modelled Estimates","SDG indicator 10.4.1 - Labour income share as a percent of GDP (%)","2020",47.152,
"Romania","ILO - Modelled Estimates","SDG indicator 10.4.1 - Labour income share as a percent of GDP (%)","2019",44.599,
"Romania","ILO - Modelled Estimates","SDG indicator 10.4.1 - Labour income share as a percent of GDP (%)","2018",44.255,
"Romania","ILO - Modelled Estimates","SDG indicator 10.4.1 - Labour income share as a percent of GDP (%)","2017",43.436,
"Romania","ILO - Modelled Estimates","SDG indicator 10.4.1 - Labour income share as a percent of GDP (%)","2016",44.125,
"Romania","ILO - Modelled Estimates","SDG indicator 10.4.1 - Labour income share as a percent of GDP (%)","2015",40.329,
"Romania","ILO - Modelled Estimates","SDG indicator 10.4.1 - Labour income share as a percent of GDP (%)","2014",39.923,
"Romania","ILO - Modelled Estimates","SDG indicator 10.4.1 - Labour income share as a percent of GDP (%)","2013",39.079,
"Romania","ILO - Modelled Estimates","SDG indicator 10.4.1 - Labour income share as a percent of GDP (%)","2012",40.009,
"Romania","ILO - Modelled Estimates","SDG indicator 10.4.1 - Labour income share as a percent of GDP (%)","2011",40.122,
"Romania","ILO - Modelled Estimates","SDG indicator 10.4.1 - Labour income share as a percent of GDP (%)","2010",43.812,
"Romania","ILO - Modelled Estimates","SDG indicator 10.4.1 - Labour income share as a percent of GDP (%)","2009",40.571,
"Romania","ILO - Modelled Estimates","SDG indicator 10.4.1 - Labour income share as a percent of GDP (%)","2008",42.366,
"Romania","ILO - Modelled Estimates","SDG indicator 10.4.1 - Labour income share as a percent of GDP (%)","2007",40.4,
"Romania","ILO - Modelled Estimates","SDG indicator 10.4.1 - Labour income share as a percent of GDP (%)","2006",46.168,
"Romania","ILO - Modelled Estimates","SDG indicator 10.4.1 - Labour income share as a percent of GDP (%)","2005",47.582,
"Romania","ILO - Modelled Estimates","SDG indicator 10.4.1 - Labour income share as a percent of GDP (%)","2004",44.581,
"Russian Federation","ILO - Modelled Estimates","SDG indicator 10.4.1 - Labour income share as a percent of GDP (%)","2024",51.974,"Imputation"
"Russian Federation","ILO - Modelled Estimates","SDG indicator 10.4.1 - Labour income share as a percent of GDP (%)","2023",51.902,"Imputation"
"Russian Federation","ILO - Modelled Estimates","SDG indicator 10.4.1 - Labour income share as a percent of GDP (%)","2022",52.77,"Imputation"
"Russian Federation","ILO - Modelled Estimates","SDG indicator 10.4.1 - Labour income share as a percent of GDP (%)","2021",51.291,"Imputation"
"Russian Federation","ILO - Modelled Estimates","SDG indicator 10.4.1 - Labour income share as a percent of GDP (%)","2020",53.947,"Imputation"
"Russian Federation","ILO - Modelled Estimates","SDG indicator 10.4.1 - Labour income share as a percent of GDP (%)","2019",51.952,"Imputation"
"Russian Federation","ILO - Modelled Estimates","SDG indicator 10.4.1 - Labour income share as a percent of GDP (%)","2018",51.808,"Imputation"
"Russian Federation","ILO - Modelled Estimates","SDG indicator 10.4.1 - Labour income share as a percent of GDP (%)","2017",52.064,"Imputation"
"Russian Federation","ILO - Modelled Estimates","SDG indicator 10.4.1 - Labour income share as a percent of GDP (%)","2016",51.978,"Imputation"
"Russian Federation","ILO - Modelled Estimates","SDG indicator 10.4.1 - Labour income share as a percent of GDP (%)","2015",50.76,"Imputation"
"Russian Federation","ILO - Modelled Estimates","SDG indicator 10.4.1 - Labour income share as a percent of GDP (%)","2014",51.087,"Imputation"
"Russian Federation","ILO - Modelled Estimates","SDG indicator 10.4.1 - Labour income share as a percent of GDP (%)","2013",50.13,"Imputation"
"Russian Federation","ILO - Modelled Estimates","SDG indicator 10.4.1 - Labour income share as a percent of GDP (%)","2012",47.74,"Imputation"
"Russian Federation","ILO - Modelled Estimates","SDG indicator 10.4.1 - Labour income share as a percent of GDP (%)","2011",47.403,"Imputation"
"Russian Federation","ILO - Modelled Estimates","SDG indicator 10.4.1 - Labour income share as a percent of GDP (%)","2010",53.548,"Imputation"
"Russian Federation","ILO - Modelled Estimates","SDG indicator 10.4.1 - Labour income share as a percent of GDP (%)","2009",56.546,"Imputation"
"Russian Federation","ILO - Modelled Estimates","SDG indicator 10.4.1 - Labour income share as a percent of GDP (%)","2008",50.72,"Imputation"
"Russian Federation","ILO - Modelled Estimates","SDG indicator 10.4.1 - Labour income share as a percent of GDP (%)","2007",49.058,"Imputation"
"Russian Federation","ILO - Modelled Estimates","SDG indicator 10.4.1 - Labour income share as a percent of GDP (%)","2006",47.396,"Imputation"
"Russian Federation","ILO - Modelled Estimates","SDG indicator 10.4.1 - Labour income share as a percent of GDP (%)","2005",46.519,"Imputation"
"Russian Federation","ILO - Modelled Estimates","SDG indicator 10.4.1 - Labour income share as a percent of GDP (%)","2004",48.766,"Imputation"
"Rwanda","ILO - Modelled Estimates","SDG indicator 10.4.1 - Labour income share as a percent of GDP (%)","2024",37.786,"Imputation"
"Rwanda","ILO - Modelled Estimates","SDG indicator 10.4.1 - Labour income share as a percent of GDP (%)","2023",37.783,"Imputation"
"Rwanda","ILO - Modelled Estimates","SDG indicator 10.4.1 - Labour income share as a percent of GDP (%)","2022",37.516,"Imputation"
"Rwanda","ILO - Modelled Estimates","SDG indicator 10.4.1 - Labour income share as a percent of GDP (%)","2021",37.423,"Imputation"
"Rwanda","ILO - Modelled Estimates","SDG indicator 10.4.1 - Labour income share as a percent of GDP (%)","2020",38.068,"Imputation"
"Rwanda","ILO - Modelled Estimates","SDG indicator 10.4.1 - Labour income share as a percent of GDP (%)","2019",37.343,"Imputation"
"Rwanda","ILO - Modelled Estimates","SDG indicator 10.4.1 - Labour income share as a percent of GDP (%)","2018",37.604,"Imputation"
"Rwanda","ILO - Modelled Estimates","SDG indicator 10.4.1 - Labour income share as a percent of GDP (%)","2017",38.662,"Imputation"
"Rwanda","ILO - Modelled Estimates","SDG indicator 10.4.1 - Labour income share as a percent of GDP (%)","2016",38.293,"Imputation"
"Rwanda","ILO - Modelled Estimates","SDG indicator 10.4.1 - Labour income share as a percent of GDP (%)","2015",37.753,"Imputation"
"Rwanda","ILO - Modelled Estimates","SDG indicator 10.4.1 - Labour income share as a percent of GDP (%)","2014",38.43,"Imputation"
"Rwanda","ILO - Modelled Estimates","SDG indicator 10.4.1 - Labour income share as a percent of GDP (%)","2013",38.886,"Imputation"
"Rwanda","ILO - Modelled Estimates","SDG indicator 10.4.1 - Labour income share as a percent of GDP (%)","2012",38.182,"Imputation"
"Rwanda","ILO - Modelled Estimates","SDG indicator 10.4.1 - Labour income share as a percent of GDP (%)","2011",38.499,"Imputation"
"Rwanda","ILO - Modelled Estimates","SDG indicator 10.4.1 - Labour income share as a percent of GDP (%)","2010",38.814,"Imputation"
"Rwanda","ILO - Modelled Estimates","SDG indicator 10.4.1 - Labour income share as a percent of GDP (%)","2009",39.23,"Imputation"
"Rwanda","ILO - Modelled Estimates","SDG indicator 10.4.1 - Labour income share as a percent of GDP (%)","2008",38.352,"Imputation"
"Rwanda","ILO - Modelled Estimates","SDG indicator 10.4.1 - Labour income share as a percent of GDP (%)","2007",39.395,"Imputation"
"Rwanda","ILO - Modelled Estimates","SDG indicator 10.4.1 - Labour income share as a percent of GDP (%)","2006",39.308,"Imputation"
"Rwanda","ILO - Modelled Estimates","SDG indicator 10.4.1 - Labour income share as a percent of GDP (%)","2005",39.553,"Imputation"
"Rwanda","ILO - Modelled Estimates","SDG indicator 10.4.1 - Labour income share as a percent of GDP (%)","2004",40.267,"Imputation"
"Saudi Arabia","ILO - Modelled Estimates","SDG indicator 10.4.1 - Labour income share as a percent of GDP (%)","2024",30.08,"Imputation"
"Saudi Arabia","ILO - Modelled Estimates","SDG indicator 10.4.1 - Labour income share as a percent of GDP (%)","2023",30.871,"Imputation"
"Saudi Arabia","ILO - Modelled Estimates","SDG indicator 10.4.1 - Labour income share as a percent of GDP (%)","2022",28.922,"Imputation"
"Saudi Arabia","ILO - Modelled Estimates","SDG indicator 10.4.1 - Labour income share as a percent of GDP (%)","2021",30.198,"Imputation"
"Saudi Arabia","ILO - Modelled Estimates","SDG indicator 10.4.1 - Labour income share as a percent of GDP (%)","2020",32.013,"Imputation"
"Saudi Arabia","ILO - Modelled Estimates","SDG indicator 10.4.1 - Labour income share as a percent of GDP (%)","2019",30.798,"Imputation"
"Saudi Arabia","ILO - Modelled Estimates","SDG indicator 10.4.1 - Labour income share as a percent of GDP (%)","2018",29.943,"Imputation"
"Saudi Arabia","ILO - Modelled Estimates","SDG indicator 10.4.1 - Labour income share as a percent of GDP (%)","2017",30.848,"Imputation"
"Saudi Arabia","ILO - Modelled Estimates","SDG indicator 10.4.1 - Labour income share as a percent of GDP (%)","2016",30.07,"Imputation"
"Saudi Arabia","ILO - Modelled Estimates","SDG indicator 10.4.1 - Labour income share as a percent of GDP (%)","2015",28.664,"Imputation"
"Saudi Arabia","ILO - Modelled Estimates","SDG indicator 10.4.1 - Labour income share as a percent of GDP (%)","2014",21.355,"Imputation"
"Saudi Arabia","ILO - Modelled Estimates","SDG indicator 10.4.1 - Labour income share as a percent of GDP (%)","2013",20.349,"Imputation"
"Saudi Arabia","ILO - Modelled Estimates","SDG indicator 10.4.1 - Labour income share as a percent of GDP (%)","2012",20.272,"Imputation"
"Saudi Arabia","ILO - Modelled Estimates","SDG indicator 10.4.1 - Labour income share as a percent of GDP (%)","2011",20.51,"Imputation"
"Saudi Arabia","ILO - Modelled Estimates","SDG indicator 10.4.1 - Labour income share as a percent of GDP (%)","2010",24.082,"Imputation"
"Saudi Arabia","ILO - Modelled Estimates","SDG indicator 10.4.1 - Labour income share as a percent of GDP (%)","2009",28.564,"Imputation"
"Saudi Arabia","ILO - Modelled Estimates","SDG indicator 10.4.1 - Labour income share as a percent of GDP (%)","2008",20.432,"Imputation"
"Saudi Arabia","ILO - Modelled Estimates","SDG indicator 10.4.1 - Labour income share as a percent of GDP (%)","2007",24.071,"Imputation"
"Saudi Arabia","ILO - Modelled Estimates","SDG indicator 10.4.1 - Labour income share as a percent of GDP (%)","2006",25.253,"Imputation"
"Saudi Arabia","ILO - Modelled Estimates","SDG indicator 10.4.1 - Labour income share as a percent of GDP (%)","2005",26.417,"Imputation"
"Saudi Arabia","ILO - Modelled Estimates","SDG indicator 10.4.1 - Labour income share as a percent of GDP (%)","2004",30.086,"Imputation"
"Sudan","ILO - Modelled Estimates","SDG indicator 10.4.1 - Labour income share as a percent of GDP (%)","2024",37.288,"Imputation"
"Sudan","ILO - Modelled Estimates","SDG indicator 10.4.1 - Labour income share as a percent of GDP (%)","2023",38.727,"Imputation"
"Sudan","ILO - Modelled Estimates","SDG indicator 10.4.1 - Labour income share as a percent of GDP (%)","2022",37.008,"Imputation"
"Sudan","ILO - Modelled Estimates","SDG indicator 10.4.1 - Labour income share as a percent of GDP (%)","2021",36.869,"Imputation"
"Sudan","ILO - Modelled Estimates","SDG indicator 10.4.1 - Labour income share as a percent of GDP (%)","2020",37.84,"Imputation"
"Sudan","ILO - Modelled Estimates","SDG indicator 10.4.1 - Labour income share as a percent of GDP (%)","2019",36.987,"Imputation"
"Sudan","ILO - Modelled Estimates","SDG indicator 10.4.1 - Labour income share as a percent of GDP (%)","2018",37.028,"Imputation"
"Sudan","ILO - Modelled Estimates","SDG indicator 10.4.1 - Labour income share as a percent of GDP (%)","2017",36.692,"Imputation"
"Sudan","ILO - Modelled Estimates","SDG indicator 10.4.1 - Labour income share as a percent of GDP (%)","2016",36.423,"Imputation"
"Sudan","ILO - Modelled Estimates","SDG indicator 10.4.1 - Labour income share as a percent of GDP (%)","2015",36.597,"Imputation"
"Sudan","ILO - Modelled Estimates","SDG indicator 10.4.1 - Labour income share as a percent of GDP (%)","2014",36.348,"Imputation"
"Sudan","ILO - Modelled Estimates","SDG indicator 10.4.1 - Labour income share as a percent of GDP (%)","2013",36.658,"Imputation"
"Sudan","ILO - Modelled Estimates","SDG indicator 10.4.1 - Labour income share as a percent of GDP (%)","2012",38.553,"Imputation"
"Sudan","ILO - Modelled Estimates","SDG indicator 10.4.1 - Labour income share as a percent of GDP (%)","2011",37.197,"Imputation"
"Sudan","ILO - Modelled Estimates","SDG indicator 10.4.1 - Labour income share as a percent of GDP (%)","2010",36.461,"Imputation"
"Sudan","ILO - Modelled Estimates","SDG indicator 10.4.1 - Labour income share as a percent of GDP (%)","2009",36.946,"Imputation"
"Sudan","ILO - Modelled Estimates","SDG indicator 10.4.1 - Labour income share as a percent of GDP (%)","2008",36.349,"Imputation"
"Sudan","ILO - Modelled Estimates","SDG indicator 10.4.1 - Labour income share as a percent of GDP (%)","2007",36.216,"Imputation"
"Sudan","ILO - Modelled Estimates","SDG indicator 10.4.1 - Labour income share as a percent of GDP (%)","2006",36.181,"Imputation"
"Sudan","ILO - Modelled Estimates","SDG indicator 10.4.1 - Labour income share as a percent of GDP (%)","2005",36.3,"Imputation"
"Sudan","ILO - Modelled Estimates","SDG indicator 10.4.1 - Labour income share as a percent of GDP (%)","2004",36.369,"Imputation"
"Senegal","ILO - Modelled Estimates","SDG indicator 10.4.1 - Labour income share as a percent of GDP (%)","2024",39.762,"Model-based extrapolation"
"Senegal","ILO - Modelled Estimates","SDG indicator 10.4.1 - Labour income share as a percent of GDP (%)","2023",41.256,"Model-based extrapolation"
"Senegal","ILO - Modelled Estimates","SDG indicator 10.4.1 - Labour income share as a percent of GDP (%)","2022",41.293,"Model-based extrapolation"
"Senegal","ILO - Modelled Estimates","SDG indicator 10.4.1 - Labour income share as a percent of GDP (%)","2021",43.609,
"Senegal","ILO - Modelled Estimates","SDG indicator 10.4.1 - Labour income share as a percent of GDP (%)","2020",41.86,
"Senegal","ILO - Modelled Estimates","SDG indicator 10.4.1 - Labour income share as a percent of GDP (%)","2019",41.312,
"Senegal","ILO - Modelled Estimates","SDG indicator 10.4.1 - Labour income share as a percent of GDP (%)","2018",41.037,
"Senegal","ILO - Modelled Estimates","SDG indicator 10.4.1 - Labour income share as a percent of GDP (%)","2017",39.91,
"Senegal","ILO - Modelled Estimates","SDG indicator 10.4.1 - Labour income share as a percent of GDP (%)","2016",38.003,
"Senegal","ILO - Modelled Estimates","SDG indicator 10.4.1 - Labour income share as a percent of GDP (%)","2015",38.59,
"Senegal","ILO - Modelled Estimates","SDG indicator 10.4.1 - Labour income share as a percent of GDP (%)","2014",39.92,
"Senegal","ILO - Modelled Estimates","SDG indicator 10.4.1 - Labour income share as a percent of GDP (%)","2013",40.254,
"Senegal","ILO - Modelled Estimates","SDG indicator 10.4.1 - Labour income share as a percent of GDP (%)","2012",40.464,
"Senegal","ILO - Modelled Estimates","SDG indicator 10.4.1 - Labour income share as a percent of GDP (%)","2011",40.292,
"Senegal","ILO - Modelled Estimates","SDG indicator 10.4.1 - Labour income share as a percent of GDP (%)","2010",38.824,
"Senegal","ILO - Modelled Estimates","SDG indicator 10.4.1 - Labour income share as a percent of GDP (%)","2009",41.104,
"Senegal","ILO - Modelled Estimates","SDG indicator 10.4.1 - Labour income share as a percent of GDP (%)","2008",40.294,
"Senegal","ILO - Modelled Estimates","SDG indicator 10.4.1 - Labour income share as a percent of GDP (%)","2007",41.535,
"Senegal","ILO - Modelled Estimates","SDG indicator 10.4.1 - Labour income share as a percent of GDP (%)","2006",40.823,
"Senegal","ILO - Modelled Estimates","SDG indicator 10.4.1 - Labour income share as a percent of GDP (%)","2005",41.931,
"Senegal","ILO - Modelled Estimates","SDG indicator 10.4.1 - Labour income share as a percent of GDP (%)","2004",39.693,
"Singapore","ILO - Modelled Estimates","SDG indicator 10.4.1 - Labour income share as a percent of GDP (%)","2024",42.942,"Imputation"
"Singapore","ILO - Modelled Estimates","SDG indicator 10.4.1 - Labour income share as a percent of GDP (%)","2023",43.099,"Imputation"
"Singapore","ILO - Modelled Estimates","SDG indicator 10.4.1 - Labour income share as a percent of GDP (%)","2022",42.678,"Imputation"
"Singapore","ILO - Modelled Estimates","SDG indicator 10.4.1 - Labour income share as a percent of GDP (%)","2021",44.065,"Imputation"
"Singapore","ILO - Modelled Estimates","SDG indicator 10.4.1 - Labour income share as a percent of GDP (%)","2020",49.43,"Imputation"
"Singapore","ILO - Modelled Estimates","SDG indicator 10.4.1 - Labour income share as a percent of GDP (%)","2019",46.179,"Imputation"
"Singapore","ILO - Modelled Estimates","SDG indicator 10.4.1 - Labour income share as a percent of GDP (%)","2018",45.297,"Imputation"
"Singapore","ILO - Modelled Estimates","SDG indicator 10.4.1 - Labour income share as a percent of GDP (%)","2017",46.834,"Imputation"
"Singapore","ILO - Modelled Estimates","SDG indicator 10.4.1 - Labour income share as a percent of GDP (%)","2016",48.986,"Imputation"
"Singapore","ILO - Modelled Estimates","SDG indicator 10.4.1 - Labour income share as a percent of GDP (%)","2015",49.262,"Imputation"
"Singapore","ILO - Modelled Estimates","SDG indicator 10.4.1 - Labour income share as a percent of GDP (%)","2014",49.363,"Imputation"
"Singapore","ILO - Modelled Estimates","SDG indicator 10.4.1 - Labour income share as a percent of GDP (%)","2013",48.059,"Imputation"
"Singapore","ILO - Modelled Estimates","SDG indicator 10.4.1 - Labour income share as a percent of GDP (%)","2012",46.948,"Imputation"
"Singapore","ILO - Modelled Estimates","SDG indicator 10.4.1 - Labour income share as a percent of GDP (%)","2011",45.661,"Imputation"
"Singapore","ILO - Modelled Estimates","SDG indicator 10.4.1 - Labour income share as a percent of GDP (%)","2010",45.263,"Imputation"
"Singapore","ILO - Modelled Estimates","SDG indicator 10.4.1 - Labour income share as a percent of GDP (%)","2009",47.933,"Imputation"
"Singapore","ILO - Modelled Estimates","SDG indicator 10.4.1 - Labour income share as a percent of GDP (%)","2008",47.919,"Imputation"
"Singapore","ILO - Modelled Estimates","SDG indicator 10.4.1 - Labour income share as a percent of GDP (%)","2007",45.586,"Imputation"
"Singapore","ILO - Modelled Estimates","SDG indicator 10.4.1 - Labour income share as a percent of GDP (%)","2006",45.747,"Imputation"
"Singapore","ILO - Modelled Estimates","SDG indicator 10.4.1 - Labour income share as a percent of GDP (%)","2005",45.97,"Imputation"
"Singapore","ILO - Modelled Estimates","SDG indicator 10.4.1 - Labour income share as a percent of GDP (%)","2004",46.544,"Imputation"
"Solomon Islands","ILO - Modelled Estimates","SDG indicator 10.4.1 - Labour income share as a percent of GDP (%)","2024",43.311,"Imputation"
"Solomon Islands","ILO - Modelled Estimates","SDG indicator 10.4.1 - Labour income share as a percent of GDP (%)","2023",43.175,"Imputation"
"Solomon Islands","ILO - Modelled Estimates","SDG indicator 10.4.1 - Labour income share as a percent of GDP (%)","2022",43.305,"Imputation"
"Solomon Islands","ILO - Modelled Estimates","SDG indicator 10.4.1 - Labour income share as a percent of GDP (%)","2021",43.671,"Imputation"
"Solomon Islands","ILO - Modelled Estimates","SDG indicator 10.4.1 - Labour income share as a percent of GDP (%)","2020",44.399,"Imputation"
"Solomon Islands","ILO - Modelled Estimates","SDG indicator 10.4.1 - Labour income share as a percent of GDP (%)","2019",43.549,"Imputation"
"Solomon Islands","ILO - Modelled Estimates","SDG indicator 10.4.1 - Labour income share as a percent of GDP (%)","2018",43.41,"Imputation"
"Solomon Islands","ILO - Modelled Estimates","SDG indicator 10.4.1 - Labour income share as a percent of GDP (%)","2017",43.418,"Imputation"
"Solomon Islands","ILO - Modelled Estimates","SDG indicator 10.4.1 - Labour income share as a percent of GDP (%)","2016",42.937,"Imputation"
"Solomon Islands","ILO - Modelled Estimates","SDG indicator 10.4.1 - Labour income share as a percent of GDP (%)","2015",43.899,"Imputation"
"Solomon Islands","ILO - Modelled Estimates","SDG indicator 10.4.1 - Labour income share as a percent of GDP (%)","2014",44.075,"Imputation"
"Solomon Islands","ILO - Modelled Estimates","SDG indicator 10.4.1 - Labour income share as a percent of GDP (%)","2013",43.22,"Imputation"
"Solomon Islands","ILO - Modelled Estimates","SDG indicator 10.4.1 - Labour income share as a percent of GDP (%)","2012",43.914,"Imputation"
"Solomon Islands","ILO - Modelled Estimates","SDG indicator 10.4.1 - Labour income share as a percent of GDP (%)","2011",42.84,"Imputation"
"Solomon Islands","ILO - Modelled Estimates","SDG indicator 10.4.1 - Labour income share as a percent of GDP (%)","2010",42.4,"Imputation"
"Solomon Islands","ILO - Modelled Estimates","SDG indicator 10.4.1 - Labour income share as a percent of GDP (%)","2009",44.027,"Imputation"
"Solomon Islands","ILO - Modelled Estimates","SDG indicator 10.4.1 - Labour income share as a percent of GDP (%)","2008",43.313,"Imputation"
"Solomon Islands","ILO - Modelled Estimates","SDG indicator 10.4.1 - Labour income share as a percent of GDP (%)","2007",43.955,"Imputation"
"Solomon Islands","ILO - Modelled Estimates","SDG indicator 10.4.1 - Labour income share as a percent of GDP (%)","2006",43.886,"Imputation"
"Solomon Islands","ILO - Modelled Estimates","SDG indicator 10.4.1 - Labour income share as a percent of GDP (%)","2005",43.193,"Imputation"
"Solomon Islands","ILO - Modelled Estimates","SDG indicator 10.4.1 - Labour income share as a percent of GDP (%)","2004",43.15,"Imputation"
"Sierra Leone","ILO - Modelled Estimates","SDG indicator 10.4.1 - Labour income share as a percent of GDP (%)","2024",39.296,"Model-based extrapolation"
"Sierra Leone","ILO - Modelled Estimates","SDG indicator 10.4.1 - Labour income share as a percent of GDP (%)","2023",39.353,"Model-based extrapolation"
"Sierra Leone","ILO - Modelled Estimates","SDG indicator 10.4.1 - Labour income share as a percent of GDP (%)","2022",39.348,
"Sierra Leone","ILO - Modelled Estimates","SDG indicator 10.4.1 - Labour income share as a percent of GDP (%)","2021",39.616,
"Sierra Leone","ILO - Modelled Estimates","SDG indicator 10.4.1 - Labour income share as a percent of GDP (%)","2020",39.524,
"Sierra Leone","ILO - Modelled Estimates","SDG indicator 10.4.1 - Labour income share as a percent of GDP (%)","2019",39.289,
"Sierra Leone","ILO - Modelled Estimates","SDG indicator 10.4.1 - Labour income share as a percent of GDP (%)","2018",39.445,
"Sierra Leone","ILO - Modelled Estimates","SDG indicator 10.4.1 - Labour income share as a percent of GDP (%)","2017",39.401,
"Sierra Leone","ILO - Modelled Estimates","SDG indicator 10.4.1 - Labour income share as a percent of GDP (%)","2016",39.162,
"Sierra Leone","ILO - Modelled Estimates","SDG indicator 10.4.1 - Labour income share as a percent of GDP (%)","2015",41.54,
"Sierra Leone","ILO - Modelled Estimates","SDG indicator 10.4.1 - Labour income share as a percent of GDP (%)","2014",39.264,
"Sierra Leone","ILO - Modelled Estimates","SDG indicator 10.4.1 - Labour income share as a percent of GDP (%)","2013",37.878,
"Sierra Leone","ILO - Modelled Estimates","SDG indicator 10.4.1 - Labour income share as a percent of GDP (%)","2012",38.554,
"Sierra Leone","ILO - Modelled Estimates","SDG indicator 10.4.1 - Labour income share as a percent of GDP (%)","2011",39.45,
"Sierra Leone","ILO - Modelled Estimates","SDG indicator 10.4.1 - Labour income share as a percent of GDP (%)","2010",39.428,
"Sierra Leone","ILO - Modelled Estimates","SDG indicator 10.4.1 - Labour income share as a percent of GDP (%)","2009",39.753,
"Sierra Leone","ILO - Modelled Estimates","SDG indicator 10.4.1 - Labour income share as a percent of GDP (%)","2008",39.599,
"Sierra Leone","ILO - Modelled Estimates","SDG indicator 10.4.1 - Labour income share as a percent of GDP (%)","2007",39.432,
"Sierra Leone","ILO - Modelled Estimates","SDG indicator 10.4.1 - Labour income share as a percent of GDP (%)","2006",39.838,
"Sierra Leone","ILO - Modelled Estimates","SDG indicator 10.4.1 - Labour income share as a percent of GDP (%)","2005",39.895,
"Sierra Leone","ILO - Modelled Estimates","SDG indicator 10.4.1 - Labour income share as a percent of GDP (%)","2004",39.774,
"El Salvador","ILO - Modelled Estimates","SDG indicator 10.4.1 - Labour income share as a percent of GDP (%)","2024",49.344,"Model-based extrapolation"
"El Salvador","ILO - Modelled Estimates","SDG indicator 10.4.1 - Labour income share as a percent of GDP (%)","2023",49.249,"Model-based extrapolation"
"El Salvador","ILO - Modelled Estimates","SDG indicator 10.4.1 - Labour income share as a percent of GDP (%)","2022",49.387,
"El Salvador","ILO - Modelled Estimates","SDG indicator 10.4.1 - Labour income share as a percent of GDP (%)","2021",52.266,
"El Salvador","ILO - Modelled Estimates","SDG indicator 10.4.1 - Labour income share as a percent of GDP (%)","2020",55.327,
"El Salvador","ILO - Modelled Estimates","SDG indicator 10.4.1 - Labour income share as a percent of GDP (%)","2019",53.334,
"El Salvador","ILO - Modelled Estimates","SDG indicator 10.4.1 - Labour income share as a percent of GDP (%)","2018",52.886,
"El Salvador","ILO - Modelled Estimates","SDG indicator 10.4.1 - Labour income share as a percent of GDP (%)","2017",51.834,
"El Salvador","ILO - Modelled Estimates","SDG indicator 10.4.1 - Labour income share as a percent of GDP (%)","2016",52.205,
"El Salvador","ILO - Modelled Estimates","SDG indicator 10.4.1 - Labour income share as a percent of GDP (%)","2015",52.534,
"El Salvador","ILO - Modelled Estimates","SDG indicator 10.4.1 - Labour income share as a percent of GDP (%)","2014",50.173,
"El Salvador","ILO - Modelled Estimates","SDG indicator 10.4.1 - Labour income share as a percent of GDP (%)","2013",51.018,
"El Salvador","ILO - Modelled Estimates","SDG indicator 10.4.1 - Labour income share as a percent of GDP (%)","2012",50.584,
"El Salvador","ILO - Modelled Estimates","SDG indicator 10.4.1 - Labour income share as a percent of GDP (%)","2011",51.417,
"El Salvador","ILO - Modelled Estimates","SDG indicator 10.4.1 - Labour income share as a percent of GDP (%)","2010",52.323,
"El Salvador","ILO - Modelled Estimates","SDG indicator 10.4.1 - Labour income share as a percent of GDP (%)","2009",53.517,"Model-based extrapolation"
"El Salvador","ILO - Modelled Estimates","SDG indicator 10.4.1 - Labour income share as a percent of GDP (%)","2008",52.305,"Model-based extrapolation"
"El Salvador","ILO - Modelled Estimates","SDG indicator 10.4.1 - Labour income share as a percent of GDP (%)","2007",52.378,"Model-based extrapolation"
"El Salvador","ILO - Modelled Estimates","SDG indicator 10.4.1 - Labour income share as a percent of GDP (%)","2006",51.644,"Model-based extrapolation"
"El Salvador","ILO - Modelled Estimates","SDG indicator 10.4.1 - Labour income share as a percent of GDP (%)","2005",52.356,"Model-based extrapolation"
"El Salvador","ILO - Modelled Estimates","SDG indicator 10.4.1 - Labour income share as a percent of GDP (%)","2004",52.655,"Model-based extrapolation"
"Somalia","ILO - Modelled Estimates","SDG indicator 10.4.1 - Labour income share as a percent of GDP (%)","2024",35.497,"Imputation"
"Somalia","ILO - Modelled Estimates","SDG indicator 10.4.1 - Labour income share as a percent of GDP (%)","2023",35.711,"Imputation"
"Somalia","ILO - Modelled Estimates","SDG indicator 10.4.1 - Labour income share as a percent of GDP (%)","2022",35.798,"Imputation"
"Somalia","ILO - Modelled Estimates","SDG indicator 10.4.1 - Labour income share as a percent of GDP (%)","2021",35.228,"Imputation"
"Somalia","ILO - Modelled Estimates","SDG indicator 10.4.1 - Labour income share as a percent of GDP (%)","2020",36.994,"Imputation"
"Somalia","ILO - Modelled Estimates","SDG indicator 10.4.1 - Labour income share as a percent of GDP (%)","2019",35.598,"Imputation"
"Somalia","ILO - Modelled Estimates","SDG indicator 10.4.1 - Labour income share as a percent of GDP (%)","2018",35.774,"Imputation"
"Somalia","ILO - Modelled Estimates","SDG indicator 10.4.1 - Labour income share as a percent of GDP (%)","2017",34.265,"Imputation"
"Somalia","ILO - Modelled Estimates","SDG indicator 10.4.1 - Labour income share as a percent of GDP (%)","2016",35.015,"Imputation"
"Somalia","ILO - Modelled Estimates","SDG indicator 10.4.1 - Labour income share as a percent of GDP (%)","2015",34.225,"Imputation"
"Somalia","ILO - Modelled Estimates","SDG indicator 10.4.1 - Labour income share as a percent of GDP (%)","2014",34.833,"Imputation"
"Somalia","ILO - Modelled Estimates","SDG indicator 10.4.1 - Labour income share as a percent of GDP (%)","2013",35.288,"Imputation"
"Somalia","ILO - Modelled Estimates","SDG indicator 10.4.1 - Labour income share as a percent of GDP (%)","2012",36.347,"Imputation"
"Somalia","ILO - Modelled Estimates","SDG indicator 10.4.1 - Labour income share as a percent of GDP (%)","2011",36.04,"Imputation"
"Somalia","ILO - Modelled Estimates","SDG indicator 10.4.1 - Labour income share as a percent of GDP (%)","2010",36.04,"Imputation"
"Somalia","ILO - Modelled Estimates","SDG indicator 10.4.1 - Labour income share as a percent of GDP (%)","2009",36.038,"Imputation"
"Somalia","ILO - Modelled Estimates","SDG indicator 10.4.1 - Labour income share as a percent of GDP (%)","2008",36.036,"Imputation"
"Somalia","ILO - Modelled Estimates","SDG indicator 10.4.1 - Labour income share as a percent of GDP (%)","2007",36.033,"Imputation"
"Somalia","ILO - Modelled Estimates","SDG indicator 10.4.1 - Labour income share as a percent of GDP (%)","2006",36.029,"Imputation"
"Somalia","ILO - Modelled Estimates","SDG indicator 10.4.1 - Labour income share as a percent of GDP (%)","2005",36.023,"Imputation"
"Somalia","ILO - Modelled Estimates","SDG indicator 10.4.1 - Labour income share as a percent of GDP (%)","2004",36.017,"Imputation"
"Serbia","ILO - Modelled Estimates","SDG indicator 10.4.1 - Labour income share as a percent of GDP (%)","2024",51.087,"Model-based extrapolation"
"Serbia","ILO - Modelled Estimates","SDG indicator 10.4.1 - Labour income share as a percent of GDP (%)","2023",51.311,"Model-based extrapolation"
"Serbia","ILO - Modelled Estimates","SDG indicator 10.4.1 - Labour income share as a percent of GDP (%)","2022",51.305,"Model-based extrapolation"
"Serbia","ILO - Modelled Estimates","SDG indicator 10.4.1 - Labour income share as a percent of GDP (%)","2021",52.329,
"Serbia","ILO - Modelled Estimates","SDG indicator 10.4.1 - Labour income share as a percent of GDP (%)","2020",56.562,
"Serbia","ILO - Modelled Estimates","SDG indicator 10.4.1 - Labour income share as a percent of GDP (%)","2019",52.221,
"Serbia","ILO - Modelled Estimates","SDG indicator 10.4.1 - Labour income share as a percent of GDP (%)","2018",47.854,
"Serbia","ILO - Modelled Estimates","SDG indicator 10.4.1 - Labour income share as a percent of GDP (%)","2017",48.022,
"Serbia","ILO - Modelled Estimates","SDG indicator 10.4.1 - Labour income share as a percent of GDP (%)","2016",48.744,
"Serbia","ILO - Modelled Estimates","SDG indicator 10.4.1 - Labour income share as a percent of GDP (%)","2015",49.231,
"Serbia","ILO - Modelled Estimates","SDG indicator 10.4.1 - Labour income share as a percent of GDP (%)","2014",48.783,
"Serbia","ILO - Modelled Estimates","SDG indicator 10.4.1 - Labour income share as a percent of GDP (%)","2013",47.846,
"Serbia","ILO - Modelled Estimates","SDG indicator 10.4.1 - Labour income share as a percent of GDP (%)","2012",46.89,
"Serbia","ILO - Modelled Estimates","SDG indicator 10.4.1 - Labour income share as a percent of GDP (%)","2011",45.535,
"Serbia","ILO - Modelled Estimates","SDG indicator 10.4.1 - Labour income share as a percent of GDP (%)","2010",48.89,
"Serbia","ILO - Modelled Estimates","SDG indicator 10.4.1 - Labour income share as a percent of GDP (%)","2009",53.075,
"Serbia","ILO - Modelled Estimates","SDG indicator 10.4.1 - Labour income share as a percent of GDP (%)","2008",55.016,
"Serbia","ILO - Modelled Estimates","SDG indicator 10.4.1 - Labour income share as a percent of GDP (%)","2007",56.384,
"Serbia","ILO - Modelled Estimates","SDG indicator 10.4.1 - Labour income share as a percent of GDP (%)","2006",56.767,
"Serbia","ILO - Modelled Estimates","SDG indicator 10.4.1 - Labour income share as a percent of GDP (%)","2005",58.533,
"Serbia","ILO - Modelled Estimates","SDG indicator 10.4.1 - Labour income share as a percent of GDP (%)","2004",60.816,
"South Sudan","ILO - Modelled Estimates","SDG indicator 10.4.1 - Labour income share as a percent of GDP (%)","2024",39.464,"Imputation"
"South Sudan","ILO - Modelled Estimates","SDG indicator 10.4.1 - Labour income share as a percent of GDP (%)","2023",39.95,"Imputation"
"South Sudan","ILO - Modelled Estimates","SDG indicator 10.4.1 - Labour income share as a percent of GDP (%)","2022",40.389,"Imputation"
"South Sudan","ILO - Modelled Estimates","SDG indicator 10.4.1 - Labour income share as a percent of GDP (%)","2021",40.123,"Imputation"
"South Sudan","ILO - Modelled Estimates","SDG indicator 10.4.1 - Labour income share as a percent of GDP (%)","2020",40.047,"Imputation"
"South Sudan","ILO - Modelled Estimates","SDG indicator 10.4.1 - Labour income share as a percent of GDP (%)","2019",39.912,"Imputation"
"South Sudan","ILO - Modelled Estimates","SDG indicator 10.4.1 - Labour income share as a percent of GDP (%)","2018",40.522,"Imputation"
"South Sudan","ILO - Modelled Estimates","SDG indicator 10.4.1 - Labour income share as a percent of GDP (%)","2017",41.174,"Imputation"
"South Sudan","ILO - Modelled Estimates","SDG indicator 10.4.1 - Labour income share as a percent of GDP (%)","2016",42.122,"Imputation"
"South Sudan","ILO - Modelled Estimates","SDG indicator 10.4.1 - Labour income share as a percent of GDP (%)","2015",42.129,"Imputation"
"South Sudan","ILO - Modelled Estimates","SDG indicator 10.4.1 - Labour income share as a percent of GDP (%)","2014",41.09,"Imputation"
"South Sudan","ILO - Modelled Estimates","SDG indicator 10.4.1 - Labour income share as a percent of GDP (%)","2013",40.411,"Imputation"
"South Sudan","ILO - Modelled Estimates","SDG indicator 10.4.1 - Labour income share as a percent of GDP (%)","2012",43.142,"Imputation"
"South Sudan","ILO - Modelled Estimates","SDG indicator 10.4.1 - Labour income share as a percent of GDP (%)","2011",41.898,"Imputation"
"South Sudan","ILO - Modelled Estimates","SDG indicator 10.4.1 - Labour income share as a percent of GDP (%)","2010",41.325,"Imputation"
"South Sudan","ILO - Modelled Estimates","SDG indicator 10.4.1 - Labour income share as a percent of GDP (%)","2009",41.967,"Imputation"
"South Sudan","ILO - Modelled Estimates","SDG indicator 10.4.1 - Labour income share as a percent of GDP (%)","2008",41.419,"Imputation"
"South Sudan","ILO - Modelled Estimates","SDG indicator 10.4.1 - Labour income share as a percent of GDP (%)","2007",41.314,"Imputation"
"South Sudan","ILO - Modelled Estimates","SDG indicator 10.4.1 - Labour income share as a percent of GDP (%)","2006",41.303,"Imputation"
"South Sudan","ILO - Modelled Estimates","SDG indicator 10.4.1 - Labour income share as a percent of GDP (%)","2005",41.432,"Imputation"
"South Sudan","ILO - Modelled Estimates","SDG indicator 10.4.1 - Labour income share as a percent of GDP (%)","2004",41.519,"Imputation"
"Sao Tome and Principe","ILO - Modelled Estimates","SDG indicator 10.4.1 - Labour income share as a percent of GDP (%)","2024",42.59,"Imputation"
"Sao Tome and Principe","ILO - Modelled Estimates","SDG indicator 10.4.1 - Labour income share as a percent of GDP (%)","2023",43.574,"Imputation"
"Sao Tome and Principe","ILO - Modelled Estimates","SDG indicator 10.4.1 - Labour income share as a percent of GDP (%)","2022",43.46,"Imputation"
"Sao Tome and Principe","ILO - Modelled Estimates","SDG indicator 10.4.1 - Labour income share as a percent of GDP (%)","2021",42.851,"Imputation"
"Sao Tome and Principe","ILO - Modelled Estimates","SDG indicator 10.4.1 - Labour income share as a percent of GDP (%)","2020",44.408,"Imputation"
"Sao Tome and Principe","ILO - Modelled Estimates","SDG indicator 10.4.1 - Labour income share as a percent of GDP (%)","2019",43.12,"Imputation"
"Sao Tome and Principe","ILO - Modelled Estimates","SDG indicator 10.4.1 - Labour income share as a percent of GDP (%)","2018",42.447,"Imputation"
"Sao Tome and Principe","ILO - Modelled Estimates","SDG indicator 10.4.1 - Labour income share as a percent of GDP (%)","2017",42.551,"Imputation"
"Sao Tome and Principe","ILO - Modelled Estimates","SDG indicator 10.4.1 - Labour income share as a percent of GDP (%)","2016",42.272,"Imputation"
"Sao Tome and Principe","ILO - Modelled Estimates","SDG indicator 10.4.1 - Labour income share as a percent of GDP (%)","2015",43.39,"Imputation"
"Sao Tome and Principe","ILO - Modelled Estimates","SDG indicator 10.4.1 - Labour income share as a percent of GDP (%)","2014",42.416,"Imputation"
"Sao Tome and Principe","ILO - Modelled Estimates","SDG indicator 10.4.1 - Labour income share as a percent of GDP (%)","2013",42.392,"Imputation"
"Sao Tome and Principe","ILO - Modelled Estimates","SDG indicator 10.4.1 - Labour income share as a percent of GDP (%)","2012",43.072,"Imputation"
"Sao Tome and Principe","ILO - Modelled Estimates","SDG indicator 10.4.1 - Labour income share as a percent of GDP (%)","2011",43.381,"Imputation"
"Sao Tome and Principe","ILO - Modelled Estimates","SDG indicator 10.4.1 - Labour income share as a percent of GDP (%)","2010",43.573,"Imputation"
"Sao Tome and Principe","ILO - Modelled Estimates","SDG indicator 10.4.1 - Labour income share as a percent of GDP (%)","2009",43.047,"Imputation"
"Sao Tome and Principe","ILO - Modelled Estimates","SDG indicator 10.4.1 - Labour income share as a percent of GDP (%)","2008",42.22,"Imputation"
"Sao Tome and Principe","ILO - Modelled Estimates","SDG indicator 10.4.1 - Labour income share as a percent of GDP (%)","2007",43.027,"Imputation"
"Sao Tome and Principe","ILO - Modelled Estimates","SDG indicator 10.4.1 - Labour income share as a percent of GDP (%)","2006",41.502,"Imputation"
"Sao Tome and Principe","ILO - Modelled Estimates","SDG indicator 10.4.1 - Labour income share as a percent of GDP (%)","2005",42.2,"Imputation"
"Sao Tome and Principe","ILO - Modelled Estimates","SDG indicator 10.4.1 - Labour income share as a percent of GDP (%)","2004",43.135,"Imputation"
"Suriname","ILO - Modelled Estimates","SDG indicator 10.4.1 - Labour income share as a percent of GDP (%)","2024",49.105,"Imputation"
"Suriname","ILO - Modelled Estimates","SDG indicator 10.4.1 - Labour income share as a percent of GDP (%)","2023",49.252,"Imputation"
"Suriname","ILO - Modelled Estimates","SDG indicator 10.4.1 - Labour income share as a percent of GDP (%)","2022",49.219,"Imputation"
"Suriname","ILO - Modelled Estimates","SDG indicator 10.4.1 - Labour income share as a percent of GDP (%)","2021",49.467,"Imputation"
"Suriname","ILO - Modelled Estimates","SDG indicator 10.4.1 - Labour income share as a percent of GDP (%)","2020",50.471,"Imputation"
"Suriname","ILO - Modelled Estimates","SDG indicator 10.4.1 - Labour income share as a percent of GDP (%)","2019",49.564,"Imputation"
"Suriname","ILO - Modelled Estimates","SDG indicator 10.4.1 - Labour income share as a percent of GDP (%)","2018",48.788,"Imputation"
"Suriname","ILO - Modelled Estimates","SDG indicator 10.4.1 - Labour income share as a percent of GDP (%)","2017",47.933,"Imputation"
"Suriname","ILO - Modelled Estimates","SDG indicator 10.4.1 - Labour income share as a percent of GDP (%)","2016",54.754,"Imputation"
"Suriname","ILO - Modelled Estimates","SDG indicator 10.4.1 - Labour income share as a percent of GDP (%)","2015",59.777,"Imputation"
"Suriname","ILO - Modelled Estimates","SDG indicator 10.4.1 - Labour income share as a percent of GDP (%)","2014",54.749,"Imputation"
"Suriname","ILO - Modelled Estimates","SDG indicator 10.4.1 - Labour income share as a percent of GDP (%)","2013",50.122,"Imputation"
"Suriname","ILO - Modelled Estimates","SDG indicator 10.4.1 - Labour income share as a percent of GDP (%)","2012",46.229,"Imputation"
"Suriname","ILO - Modelled Estimates","SDG indicator 10.4.1 - Labour income share as a percent of GDP (%)","2011",41.666,"Imputation"
"Suriname","ILO - Modelled Estimates","SDG indicator 10.4.1 - Labour income share as a percent of GDP (%)","2010",37.908,"Imputation"
"Suriname","ILO - Modelled Estimates","SDG indicator 10.4.1 - Labour income share as a percent of GDP (%)","2009",37.218,"Imputation"
"Suriname","ILO - Modelled Estimates","SDG indicator 10.4.1 - Labour income share as a percent of GDP (%)","2008",35.125,"Imputation"
"Suriname","ILO - Modelled Estimates","SDG indicator 10.4.1 - Labour income share as a percent of GDP (%)","2007",37.959,"Imputation"
"Suriname","ILO - Modelled Estimates","SDG indicator 10.4.1 - Labour income share as a percent of GDP (%)","2006",37.809,"Imputation"
"Suriname","ILO - Modelled Estimates","SDG indicator 10.4.1 - Labour income share as a percent of GDP (%)","2005",38.015,"Imputation"
"Suriname","ILO - Modelled Estimates","SDG indicator 10.4.1 - Labour income share as a percent of GDP (%)","2004",37.274,"Imputation"
"Slovakia","ILO - Modelled Estimates","SDG indicator 10.4.1 - Labour income share as a percent of GDP (%)","2024",52.985,"Model-based extrapolation"
"Slovakia","ILO - Modelled Estimates","SDG indicator 10.4.1 - Labour income share as a percent of GDP (%)","2023",53.301,"Model-based extrapolation"
"Slovakia","ILO - Modelled Estimates","SDG indicator 10.4.1 - Labour income share as a percent of GDP (%)","2022",53.925,
"Slovakia","ILO - Modelled Estimates","SDG indicator 10.4.1 - Labour income share as a percent of GDP (%)","2021",53.305,
"Slovakia","ILO - Modelled Estimates","SDG indicator 10.4.1 - Labour income share as a percent of GDP (%)","2020",53.587,
"Slovakia","ILO - Modelled Estimates","SDG indicator 10.4.1 - Labour income share as a percent of GDP (%)","2019",52.175,
"Slovakia","ILO - Modelled Estimates","SDG indicator 10.4.1 - Labour income share as a percent of GDP (%)","2018",51.217,
"Slovakia","ILO - Modelled Estimates","SDG indicator 10.4.1 - Labour income share as a percent of GDP (%)","2017",50.84,
"Slovakia","ILO - Modelled Estimates","SDG indicator 10.4.1 - Labour income share as a percent of GDP (%)","2016",49.71,
"Slovakia","ILO - Modelled Estimates","SDG indicator 10.4.1 - Labour income share as a percent of GDP (%)","2015",48.038,
"Slovakia","ILO - Modelled Estimates","SDG indicator 10.4.1 - Labour income share as a percent of GDP (%)","2014",47.696,
"Slovakia","ILO - Modelled Estimates","SDG indicator 10.4.1 - Labour income share as a percent of GDP (%)","2013",47.555,
"Slovakia","ILO - Modelled Estimates","SDG indicator 10.4.1 - Labour income share as a percent of GDP (%)","2012",45,
"Slovakia","ILO - Modelled Estimates","SDG indicator 10.4.1 - Labour income share as a percent of GDP (%)","2011",46.324,
"Slovakia","ILO - Modelled Estimates","SDG indicator 10.4.1 - Labour income share as a percent of GDP (%)","2010",45.679,
"Slovakia","ILO - Modelled Estimates","SDG indicator 10.4.1 - Labour income share as a percent of GDP (%)","2009",47.64,
"Slovakia","ILO - Modelled Estimates","SDG indicator 10.4.1 - Labour income share as a percent of GDP (%)","2008",45.975,
"Slovakia","ILO - Modelled Estimates","SDG indicator 10.4.1 - Labour income share as a percent of GDP (%)","2007",44.282,
"Slovakia","ILO - Modelled Estimates","SDG indicator 10.4.1 - Labour income share as a percent of GDP (%)","2006",44.835,
"Slovakia","ILO - Modelled Estimates","SDG indicator 10.4.1 - Labour income share as a percent of GDP (%)","2005",45.45,
"Slovakia","ILO - Modelled Estimates","SDG indicator 10.4.1 - Labour income share as a percent of GDP (%)","2004",44.836,
"Slovenia","ILO - Modelled Estimates","SDG indicator 10.4.1 - Labour income share as a percent of GDP (%)","2024",58.871,"Model-based extrapolation"
"Slovenia","ILO - Modelled Estimates","SDG indicator 10.4.1 - Labour income share as a percent of GDP (%)","2023",58.181,"Model-based extrapolation"
"Slovenia","ILO - Modelled Estimates","SDG indicator 10.4.1 - Labour income share as a percent of GDP (%)","2022",56.983,
"Slovenia","ILO - Modelled Estimates","SDG indicator 10.4.1 - Labour income share as a percent of GDP (%)","2021",59.841,
"Slovenia","ILO - Modelled Estimates","SDG indicator 10.4.1 - Labour income share as a percent of GDP (%)","2020",61.316,
"Slovenia","ILO - Modelled Estimates","SDG indicator 10.4.1 - Labour income share as a percent of GDP (%)","2019",58.681,
"Slovenia","ILO - Modelled Estimates","SDG indicator 10.4.1 - Labour income share as a percent of GDP (%)","2018",56.853,
"Slovenia","ILO - Modelled Estimates","SDG indicator 10.4.1 - Labour income share as a percent of GDP (%)","2017",57.229,
"Slovenia","ILO - Modelled Estimates","SDG indicator 10.4.1 - Labour income share as a percent of GDP (%)","2016",58.38,
"Slovenia","ILO - Modelled Estimates","SDG indicator 10.4.1 - Labour income share as a percent of GDP (%)","2015",58.045,
"Slovenia","ILO - Modelled Estimates","SDG indicator 10.4.1 - Labour income share as a percent of GDP (%)","2014",59.694,
"Slovenia","ILO - Modelled Estimates","SDG indicator 10.4.1 - Labour income share as a percent of GDP (%)","2013",58.442,
"Slovenia","ILO - Modelled Estimates","SDG indicator 10.4.1 - Labour income share as a percent of GDP (%)","2012",59.29,
"Slovenia","ILO - Modelled Estimates","SDG indicator 10.4.1 - Labour income share as a percent of GDP (%)","2011",57.949,
"Slovenia","ILO - Modelled Estimates","SDG indicator 10.4.1 - Labour income share as a percent of GDP (%)","2010",60.645,
"Slovenia","ILO - Modelled Estimates","SDG indicator 10.4.1 - Labour income share as a percent of GDP (%)","2009",59.601,
"Slovenia","ILO - Modelled Estimates","SDG indicator 10.4.1 - Labour income share as a percent of GDP (%)","2008",55.95,
"Slovenia","ILO - Modelled Estimates","SDG indicator 10.4.1 - Labour income share as a percent of GDP (%)","2007",56.164,
"Slovenia","ILO - Modelled Estimates","SDG indicator 10.4.1 - Labour income share as a percent of GDP (%)","2006",57.321,
"Slovenia","ILO - Modelled Estimates","SDG indicator 10.4.1 - Labour income share as a percent of GDP (%)","2005",57.156,
"Slovenia","ILO - Modelled Estimates","SDG indicator 10.4.1 - Labour income share as a percent of GDP (%)","2004",57.395,
"Sweden","ILO - Modelled Estimates","SDG indicator 10.4.1 - Labour income share as a percent of GDP (%)","2024",52.258,"Model-based extrapolation"
"Sweden","ILO - Modelled Estimates","SDG indicator 10.4.1 - Labour income share as a percent of GDP (%)","2023",52.354,"Model-based extrapolation"
"Sweden","ILO - Modelled Estimates","SDG indicator 10.4.1 - Labour income share as a percent of GDP (%)","2022",52.267,
"Sweden","ILO - Modelled Estimates","SDG indicator 10.4.1 - Labour income share as a percent of GDP (%)","2021",53.655,
"Sweden","ILO - Modelled Estimates","SDG indicator 10.4.1 - Labour income share as a percent of GDP (%)","2020",55.132,
"Sweden","ILO - Modelled Estimates","SDG indicator 10.4.1 - Labour income share as a percent of GDP (%)","2019",53.648,
"Sweden","ILO - Modelled Estimates","SDG indicator 10.4.1 - Labour income share as a percent of GDP (%)","2018",54.725,
"Sweden","ILO - Modelled Estimates","SDG indicator 10.4.1 - Labour income share as a percent of GDP (%)","2017",54.42,
"Sweden","ILO - Modelled Estimates","SDG indicator 10.4.1 - Labour income share as a percent of GDP (%)","2016",55.135,
"Sweden","ILO - Modelled Estimates","SDG indicator 10.4.1 - Labour income share as a percent of GDP (%)","2015",55.297,
"Sweden","ILO - Modelled Estimates","SDG indicator 10.4.1 - Labour income share as a percent of GDP (%)","2014",56.724,
"Sweden","ILO - Modelled Estimates","SDG indicator 10.4.1 - Labour income share as a percent of GDP (%)","2013",57.836,
"Sweden","ILO - Modelled Estimates","SDG indicator 10.4.1 - Labour income share as a percent of GDP (%)","2012",57.333,
"Sweden","ILO - Modelled Estimates","SDG indicator 10.4.1 - Labour income share as a percent of GDP (%)","2011",53.496,
"Sweden","ILO - Modelled Estimates","SDG indicator 10.4.1 - Labour income share as a percent of GDP (%)","2010",53.678,
"Sweden","ILO - Modelled Estimates","SDG indicator 10.4.1 - Labour income share as a percent of GDP (%)","2009",54.642,
"Sweden","ILO - Modelled Estimates","SDG indicator 10.4.1 - Labour income share as a percent of GDP (%)","2008",55.956,
"Sweden","ILO - Modelled Estimates","SDG indicator 10.4.1 - Labour income share as a percent of GDP (%)","2007",55.385,
"Sweden","ILO - Modelled Estimates","SDG indicator 10.4.1 - Labour income share as a percent of GDP (%)","2006",55.102,
"Sweden","ILO - Modelled Estimates","SDG indicator 10.4.1 - Labour income share as a percent of GDP (%)","2005",56.012,
"Sweden","ILO - Modelled Estimates","SDG indicator 10.4.1 - Labour income share as a percent of GDP (%)","2004",55.597,
"Eswatini","ILO - Modelled Estimates","SDG indicator 10.4.1 - Labour income share as a percent of GDP (%)","2024",41.201,"Imputation"
"Eswatini","ILO - Modelled Estimates","SDG indicator 10.4.1 - Labour income share as a percent of GDP (%)","2023",40.77,"Imputation"
"Eswatini","ILO - Modelled Estimates","SDG indicator 10.4.1 - Labour income share as a percent of GDP (%)","2022",41.975,"Imputation"
"Eswatini","ILO - Modelled Estimates","SDG indicator 10.4.1 - Labour income share as a percent of GDP (%)","2021",41.987,"Imputation"
"Eswatini","ILO - Modelled Estimates","SDG indicator 10.4.1 - Labour income share as a percent of GDP (%)","2020",42.279,"Imputation"
"Eswatini","ILO - Modelled Estimates","SDG indicator 10.4.1 - Labour income share as a percent of GDP (%)","2019",41.905,"Imputation"
"Eswatini","ILO - Modelled Estimates","SDG indicator 10.4.1 - Labour income share as a percent of GDP (%)","2018",42.147,"Imputation"
"Eswatini","ILO - Modelled Estimates","SDG indicator 10.4.1 - Labour income share as a percent of GDP (%)","2017",42.388,"Imputation"
"Eswatini","ILO - Modelled Estimates","SDG indicator 10.4.1 - Labour income share as a percent of GDP (%)","2016",42.774,"Imputation"
"Eswatini","ILO - Modelled Estimates","SDG indicator 10.4.1 - Labour income share as a percent of GDP (%)","2015",42.453,"Imputation"
"Eswatini","ILO - Modelled Estimates","SDG indicator 10.4.1 - Labour income share as a percent of GDP (%)","2014",42.755,"Imputation"
"Eswatini","ILO - Modelled Estimates","SDG indicator 10.4.1 - Labour income share as a percent of GDP (%)","2013",41.987,"Imputation"
"Eswatini","ILO - Modelled Estimates","SDG indicator 10.4.1 - Labour income share as a percent of GDP (%)","2012",41.57,"Imputation"
"Eswatini","ILO - Modelled Estimates","SDG indicator 10.4.1 - Labour income share as a percent of GDP (%)","2011",42.341,"Imputation"
"Eswatini","ILO - Modelled Estimates","SDG indicator 10.4.1 - Labour income share as a percent of GDP (%)","2010",41.924,"Imputation"
"Eswatini","ILO - Modelled Estimates","SDG indicator 10.4.1 - Labour income share as a percent of GDP (%)","2009",42.456,"Imputation"
"Eswatini","ILO - Modelled Estimates","SDG indicator 10.4.1 - Labour income share as a percent of GDP (%)","2008",42.622,"Imputation"
"Eswatini","ILO - Modelled Estimates","SDG indicator 10.4.1 - Labour income share as a percent of GDP (%)","2007",41.685,"Imputation"
"Eswatini","ILO - Modelled Estimates","SDG indicator 10.4.1 - Labour income share as a percent of GDP (%)","2006",41.271,"Imputation"
"Eswatini","ILO - Modelled Estimates","SDG indicator 10.4.1 - Labour income share as a percent of GDP (%)","2005",41.247,"Imputation"
"Eswatini","ILO - Modelled Estimates","SDG indicator 10.4.1 - Labour income share as a percent of GDP (%)","2004",41.824,"Imputation"
"Syrian Arab Republic","ILO - Modelled Estimates","SDG indicator 10.4.1 - Labour income share as a percent of GDP (%)","2024",34.126,"Imputation"
"Syrian Arab Republic","ILO - Modelled Estimates","SDG indicator 10.4.1 - Labour income share as a percent of GDP (%)","2023",34.16,"Imputation"
"Syrian Arab Republic","ILO - Modelled Estimates","SDG indicator 10.4.1 - Labour income share as a percent of GDP (%)","2022",34.168,"Imputation"
"Syrian Arab Republic","ILO - Modelled Estimates","SDG indicator 10.4.1 - Labour income share as a percent of GDP (%)","2021",34.424,"Imputation"
"Syrian Arab Republic","ILO - Modelled Estimates","SDG indicator 10.4.1 - Labour income share as a percent of GDP (%)","2020",35.86,"Imputation"
"Syrian Arab Republic","ILO - Modelled Estimates","SDG indicator 10.4.1 - Labour income share as a percent of GDP (%)","2019",34.378,"Imputation"
"Syrian Arab Republic","ILO - Modelled Estimates","SDG indicator 10.4.1 - Labour income share as a percent of GDP (%)","2018",34.392,"Imputation"
"Syrian Arab Republic","ILO - Modelled Estimates","SDG indicator 10.4.1 - Labour income share as a percent of GDP (%)","2017",34.562,"Imputation"
"Syrian Arab Republic","ILO - Modelled Estimates","SDG indicator 10.4.1 - Labour income share as a percent of GDP (%)","2016",34.972,"Imputation"
"Syrian Arab Republic","ILO - Modelled Estimates","SDG indicator 10.4.1 - Labour income share as a percent of GDP (%)","2015",34.833,"Imputation"
"Syrian Arab Republic","ILO - Modelled Estimates","SDG indicator 10.4.1 - Labour income share as a percent of GDP (%)","2014",35.266,"Imputation"
"Syrian Arab Republic","ILO - Modelled Estimates","SDG indicator 10.4.1 - Labour income share as a percent of GDP (%)","2013",36.365,"Imputation"
"Syrian Arab Republic","ILO - Modelled Estimates","SDG indicator 10.4.1 - Labour income share as a percent of GDP (%)","2012",36.346,"Imputation"
"Syrian Arab Republic","ILO - Modelled Estimates","SDG indicator 10.4.1 - Labour income share as a percent of GDP (%)","2011",34.366,"Imputation"
"Syrian Arab Republic","ILO - Modelled Estimates","SDG indicator 10.4.1 - Labour income share as a percent of GDP (%)","2010",34.19,"Imputation"
"Syrian Arab Republic","ILO - Modelled Estimates","SDG indicator 10.4.1 - Labour income share as a percent of GDP (%)","2009",34.215,"Imputation"
"Syrian Arab Republic","ILO - Modelled Estimates","SDG indicator 10.4.1 - Labour income share as a percent of GDP (%)","2008",34.324,"Imputation"
"Syrian Arab Republic","ILO - Modelled Estimates","SDG indicator 10.4.1 - Labour income share as a percent of GDP (%)","2007",34.656,"Imputation"
"Syrian Arab Republic","ILO - Modelled Estimates","SDG indicator 10.4.1 - Labour income share as a percent of GDP (%)","2006",34.607,"Imputation"
"Syrian Arab Republic","ILO - Modelled Estimates","SDG indicator 10.4.1 - Labour income share as a percent of GDP (%)","2005",34.593,"Imputation"
"Syrian Arab Republic","ILO - Modelled Estimates","SDG indicator 10.4.1 - Labour income share as a percent of GDP (%)","2004",34.622,"Imputation"
"Chad","ILO - Modelled Estimates","SDG indicator 10.4.1 - Labour income share as a percent of GDP (%)","2024",40.77,"Imputation"
"Chad","ILO - Modelled Estimates","SDG indicator 10.4.1 - Labour income share as a percent of GDP (%)","2023",40.652,"Imputation"
"Chad","ILO - Modelled Estimates","SDG indicator 10.4.1 - Labour income share as a percent of GDP (%)","2022",40.757,"Imputation"
"Chad","ILO - Modelled Estimates","SDG indicator 10.4.1 - Labour income share as a percent of GDP (%)","2021",41.492,"Imputation"
"Chad","ILO - Modelled Estimates","SDG indicator 10.4.1 - Labour income share as a percent of GDP (%)","2020",40.802,"Imputation"
"Chad","ILO - Modelled Estimates","SDG indicator 10.4.1 - Labour income share as a percent of GDP (%)","2019",41.077,"Imputation"
"Chad","ILO - Modelled Estimates","SDG indicator 10.4.1 - Labour income share as a percent of GDP (%)","2018",41.146,"Imputation"
"Chad","ILO - Modelled Estimates","SDG indicator 10.4.1 - Labour income share as a percent of GDP (%)","2017",41.848,"Imputation"
"Chad","ILO - Modelled Estimates","SDG indicator 10.4.1 - Labour income share as a percent of GDP (%)","2016",42.112,"Imputation"
"Chad","ILO - Modelled Estimates","SDG indicator 10.4.1 - Labour income share as a percent of GDP (%)","2015",41.148,"Imputation"
"Chad","ILO - Modelled Estimates","SDG indicator 10.4.1 - Labour income share as a percent of GDP (%)","2014",40.877,"Imputation"
"Chad","ILO - Modelled Estimates","SDG indicator 10.4.1 - Labour income share as a percent of GDP (%)","2013",41.139,"Imputation"
"Chad","ILO - Modelled Estimates","SDG indicator 10.4.1 - Labour income share as a percent of GDP (%)","2012",40.861,"Imputation"
"Chad","ILO - Modelled Estimates","SDG indicator 10.4.1 - Labour income share as a percent of GDP (%)","2011",41.933,"Imputation"
"Chad","ILO - Modelled Estimates","SDG indicator 10.4.1 - Labour income share as a percent of GDP (%)","2010",40.606,"Imputation"
"Chad","ILO - Modelled Estimates","SDG indicator 10.4.1 - Labour income share as a percent of GDP (%)","2009",46.231,"Imputation"
"Chad","ILO - Modelled Estimates","SDG indicator 10.4.1 - Labour income share as a percent of GDP (%)","2008",41.126,"Imputation"
"Chad","ILO - Modelled Estimates","SDG indicator 10.4.1 - Labour income share as a percent of GDP (%)","2007",43.416,"Imputation"
"Chad","ILO - Modelled Estimates","SDG indicator 10.4.1 - Labour income share as a percent of GDP (%)","2006",41.633,"Imputation"
"Chad","ILO - Modelled Estimates","SDG indicator 10.4.1 - Labour income share as a percent of GDP (%)","2005",43.078,"Imputation"
"Chad","ILO - Modelled Estimates","SDG indicator 10.4.1 - Labour income share as a percent of GDP (%)","2004",41.674,"Imputation"
"Togo","ILO - Modelled Estimates","SDG indicator 10.4.1 - Labour income share as a percent of GDP (%)","2024",36.228,"Imputation"
"Togo","ILO - Modelled Estimates","SDG indicator 10.4.1 - Labour income share as a percent of GDP (%)","2023",36.205,"Imputation"
"Togo","ILO - Modelled Estimates","SDG indicator 10.4.1 - Labour income share as a percent of GDP (%)","2022",36.11,"Imputation"
"Togo","ILO - Modelled Estimates","SDG indicator 10.4.1 - Labour income share as a percent of GDP (%)","2021",36.951,"Imputation"
"Togo","ILO - Modelled Estimates","SDG indicator 10.4.1 - Labour income share as a percent of GDP (%)","2020",36.719,"Imputation"
"Togo","ILO - Modelled Estimates","SDG indicator 10.4.1 - Labour income share as a percent of GDP (%)","2019",36.566,"Imputation"
"Togo","ILO - Modelled Estimates","SDG indicator 10.4.1 - Labour income share as a percent of GDP (%)","2018",35.073,"Imputation"
"Togo","ILO - Modelled Estimates","SDG indicator 10.4.1 - Labour income share as a percent of GDP (%)","2017",35.312,"Imputation"
"Togo","ILO - Modelled Estimates","SDG indicator 10.4.1 - Labour income share as a percent of GDP (%)","2016",36.461,"Imputation"
"Togo","ILO - Modelled Estimates","SDG indicator 10.4.1 - Labour income share as a percent of GDP (%)","2015",36.193,"Imputation"
"Togo","ILO - Modelled Estimates","SDG indicator 10.4.1 - Labour income share as a percent of GDP (%)","2014",36.388,"Imputation"
"Togo","ILO - Modelled Estimates","SDG indicator 10.4.1 - Labour income share as a percent of GDP (%)","2013",36.626,"Imputation"
"Togo","ILO - Modelled Estimates","SDG indicator 10.4.1 - Labour income share as a percent of GDP (%)","2012",36.751,"Imputation"
"Togo","ILO - Modelled Estimates","SDG indicator 10.4.1 - Labour income share as a percent of GDP (%)","2011",37.153,"Imputation"
"Togo","ILO - Modelled Estimates","SDG indicator 10.4.1 - Labour income share as a percent of GDP (%)","2010",37.976,"Imputation"
"Togo","ILO - Modelled Estimates","SDG indicator 10.4.1 - Labour income share as a percent of GDP (%)","2009",38.975,"Imputation"
"Togo","ILO - Modelled Estimates","SDG indicator 10.4.1 - Labour income share as a percent of GDP (%)","2008",40.334,"Imputation"
"Togo","ILO - Modelled Estimates","SDG indicator 10.4.1 - Labour income share as a percent of GDP (%)","2007",42.911,"Imputation"
"Togo","ILO - Modelled Estimates","SDG indicator 10.4.1 - Labour income share as a percent of GDP (%)","2006",42.488,"Imputation"
"Togo","ILO - Modelled Estimates","SDG indicator 10.4.1 - Labour income share as a percent of GDP (%)","2005",45.12,"Imputation"
"Togo","ILO - Modelled Estimates","SDG indicator 10.4.1 - Labour income share as a percent of GDP (%)","2004",44.099,"Imputation"
"Thailand","ILO - Modelled Estimates","SDG indicator 10.4.1 - Labour income share as a percent of GDP (%)","2024",45.594,"Model-based extrapolation"
"Thailand","ILO - Modelled Estimates","SDG indicator 10.4.1 - Labour income share as a percent of GDP (%)","2023",45.784,"Model-based extrapolation"
"Thailand","ILO - Modelled Estimates","SDG indicator 10.4.1 - Labour income share as a percent of GDP (%)","2022",45.638,"Model-based extrapolation"
"Thailand","ILO - Modelled Estimates","SDG indicator 10.4.1 - Labour income share as a percent of GDP (%)","2021",47.616,
"Thailand","ILO - Modelled Estimates","SDG indicator 10.4.1 - Labour income share as a percent of GDP (%)","2020",47.388,
"Thailand","ILO - Modelled Estimates","SDG indicator 10.4.1 - Labour income share as a percent of GDP (%)","2019",45.803,
"Thailand","ILO - Modelled Estimates","SDG indicator 10.4.1 - Labour income share as a percent of GDP (%)","2018",47.676,
"Thailand","ILO - Modelled Estimates","SDG indicator 10.4.1 - Labour income share as a percent of GDP (%)","2017",47.185,
"Thailand","ILO - Modelled Estimates","SDG indicator 10.4.1 - Labour income share as a percent of GDP (%)","2016",47.448,
"Thailand","ILO - Modelled Estimates","SDG indicator 10.4.1 - Labour income share as a percent of GDP (%)","2015",49.17,
"Thailand","ILO - Modelled Estimates","SDG indicator 10.4.1 - Labour income share as a percent of GDP (%)","2014",49.249,
"Thailand","ILO - Modelled Estimates","SDG indicator 10.4.1 - Labour income share as a percent of GDP (%)","2013",47.14,
"Thailand","ILO - Modelled Estimates","SDG indicator 10.4.1 - Labour income share as a percent of GDP (%)","2012",45.853,
"Thailand","ILO - Modelled Estimates","SDG indicator 10.4.1 - Labour income share as a percent of GDP (%)","2011",44.953,
"Thailand","ILO - Modelled Estimates","SDG indicator 10.4.1 - Labour income share as a percent of GDP (%)","2010",43.853,
"Thailand","ILO - Modelled Estimates","SDG indicator 10.4.1 - Labour income share as a percent of GDP (%)","2009",46.229,
"Thailand","ILO - Modelled Estimates","SDG indicator 10.4.1 - Labour income share as a percent of GDP (%)","2008",45.229,
"Thailand","ILO - Modelled Estimates","SDG indicator 10.4.1 - Labour income share as a percent of GDP (%)","2007",47.92,
"Thailand","ILO - Modelled Estimates","SDG indicator 10.4.1 - Labour income share as a percent of GDP (%)","2006",45.269,
"Thailand","ILO - Modelled Estimates","SDG indicator 10.4.1 - Labour income share as a percent of GDP (%)","2005",46.413,
"Thailand","ILO - Modelled Estimates","SDG indicator 10.4.1 - Labour income share as a percent of GDP (%)","2004",46.193,
"Tajikistan","ILO - Modelled Estimates","SDG indicator 10.4.1 - Labour income share as a percent of GDP (%)","2024",19.987,"Model-based extrapolation"
"Tajikistan","ILO - Modelled Estimates","SDG indicator 10.4.1 - Labour income share as a percent of GDP (%)","2023",19.06,"Model-based extrapolation"
"Tajikistan","ILO - Modelled Estimates","SDG indicator 10.4.1 - Labour income share as a percent of GDP (%)","2022",19.189,"Model-based extrapolation"
"Tajikistan","ILO - Modelled Estimates","SDG indicator 10.4.1 - Labour income share as a percent of GDP (%)","2021",17.948,
"Tajikistan","ILO - Modelled Estimates","SDG indicator 10.4.1 - Labour income share as a percent of GDP (%)","2020",19.02,
"Tajikistan","ILO - Modelled Estimates","SDG indicator 10.4.1 - Labour income share as a percent of GDP (%)","2019",19.73,
"Tajikistan","ILO - Modelled Estimates","SDG indicator 10.4.1 - Labour income share as a percent of GDP (%)","2018",20.423,
"Tajikistan","ILO - Modelled Estimates","SDG indicator 10.4.1 - Labour income share as a percent of GDP (%)","2017",20.159,
"Tajikistan","ILO - Modelled Estimates","SDG indicator 10.4.1 - Labour income share as a percent of GDP (%)","2016",21.511,
"Tajikistan","ILO - Modelled Estimates","SDG indicator 10.4.1 - Labour income share as a percent of GDP (%)","2015",22.355,
"Tajikistan","ILO - Modelled Estimates","SDG indicator 10.4.1 - Labour income share as a percent of GDP (%)","2014",21.945,
"Tajikistan","ILO - Modelled Estimates","SDG indicator 10.4.1 - Labour income share as a percent of GDP (%)","2013",20.932,
"Tajikistan","ILO - Modelled Estimates","SDG indicator 10.4.1 - Labour income share as a percent of GDP (%)","2012",19.18,
"Tajikistan","ILO - Modelled Estimates","SDG indicator 10.4.1 - Labour income share as a percent of GDP (%)","2011",18.601,
"Tajikistan","ILO - Modelled Estimates","SDG indicator 10.4.1 - Labour income share as a percent of GDP (%)","2010",19.106,
"Tajikistan","ILO - Modelled Estimates","SDG indicator 10.4.1 - Labour income share as a percent of GDP (%)","2009",18.7,
"Tajikistan","ILO - Modelled Estimates","SDG indicator 10.4.1 - Labour income share as a percent of GDP (%)","2008",16.241,
"Tajikistan","ILO - Modelled Estimates","SDG indicator 10.4.1 - Labour income share as a percent of GDP (%)","2007",18.322,
"Tajikistan","ILO - Modelled Estimates","SDG indicator 10.4.1 - Labour income share as a percent of GDP (%)","2006",18.243,
"Tajikistan","ILO - Modelled Estimates","SDG indicator 10.4.1 - Labour income share as a percent of GDP (%)","2005",19.034,
"Tajikistan","ILO - Modelled Estimates","SDG indicator 10.4.1 - Labour income share as a percent of GDP (%)","2004",18.313,
"Turkmenistan","ILO - Modelled Estimates","SDG indicator 10.4.1 - Labour income share as a percent of GDP (%)","2024",47.585,"Imputation"
"Turkmenistan","ILO - Modelled Estimates","SDG indicator 10.4.1 - Labour income share as a percent of GDP (%)","2023",47.635,"Imputation"
"Turkmenistan","ILO - Modelled Estimates","SDG indicator 10.4.1 - Labour income share as a percent of GDP (%)","2022",47.13,"Imputation"
"Turkmenistan","ILO - Modelled Estimates","SDG indicator 10.4.1 - Labour income share as a percent of GDP (%)","2021",47.076,"Imputation"
"Turkmenistan","ILO - Modelled Estimates","SDG indicator 10.4.1 - Labour income share as a percent of GDP (%)","2020",47.534,"Imputation"
"Turkmenistan","ILO - Modelled Estimates","SDG indicator 10.4.1 - Labour income share as a percent of GDP (%)","2019",46.968,"Imputation"
"Turkmenistan","ILO - Modelled Estimates","SDG indicator 10.4.1 - Labour income share as a percent of GDP (%)","2018",46.979,"Imputation"
"Turkmenistan","ILO - Modelled Estimates","SDG indicator 10.4.1 - Labour income share as a percent of GDP (%)","2017",46.934,"Imputation"
"Turkmenistan","ILO - Modelled Estimates","SDG indicator 10.4.1 - Labour income share as a percent of GDP (%)","2016",46.971,"Imputation"
"Turkmenistan","ILO - Modelled Estimates","SDG indicator 10.4.1 - Labour income share as a percent of GDP (%)","2015",46.93,"Imputation"
"Turkmenistan","ILO - Modelled Estimates","SDG indicator 10.4.1 - Labour income share as a percent of GDP (%)","2014",46.38,"Imputation"
"Turkmenistan","ILO - Modelled Estimates","SDG indicator 10.4.1 - Labour income share as a percent of GDP (%)","2013",46.399,"Imputation"
"Turkmenistan","ILO - Modelled Estimates","SDG indicator 10.4.1 - Labour income share as a percent of GDP (%)","2012",46.274,"Imputation"
"Turkmenistan","ILO - Modelled Estimates","SDG indicator 10.4.1 - Labour income share as a percent of GDP (%)","2011",45.777,"Imputation"
"Turkmenistan","ILO - Modelled Estimates","SDG indicator 10.4.1 - Labour income share as a percent of GDP (%)","2010",46.595,"Imputation"
"Turkmenistan","ILO - Modelled Estimates","SDG indicator 10.4.1 - Labour income share as a percent of GDP (%)","2009",47.049,"Imputation"
"Turkmenistan","ILO - Modelled Estimates","SDG indicator 10.4.1 - Labour income share as a percent of GDP (%)","2008",45.838,"Imputation"
"Turkmenistan","ILO - Modelled Estimates","SDG indicator 10.4.1 - Labour income share as a percent of GDP (%)","2007",46.439,"Imputation"
"Turkmenistan","ILO - Modelled Estimates","SDG indicator 10.4.1 - Labour income share as a percent of GDP (%)","2006",46.487,"Imputation"
"Turkmenistan","ILO - Modelled Estimates","SDG indicator 10.4.1 - Labour income share as a percent of GDP (%)","2005",46.201,"Imputation"
"Turkmenistan","ILO - Modelled Estimates","SDG indicator 10.4.1 - Labour income share as a percent of GDP (%)","2004",47.354,"Imputation"
"Timor-Leste","ILO - Modelled Estimates","SDG indicator 10.4.1 - Labour income share as a percent of GDP (%)","2024",31.542,"Model-based extrapolation"
"Timor-Leste","ILO - Modelled Estimates","SDG indicator 10.4.1 - Labour income share as a percent of GDP (%)","2023",31.709,"Model-based extrapolation"
"Timor-Leste","ILO - Modelled Estimates","SDG indicator 10.4.1 - Labour income share as a percent of GDP (%)","2022",31.501,"Model-based extrapolation"
"Timor-Leste","ILO - Modelled Estimates","SDG indicator 10.4.1 - Labour income share as a percent of GDP (%)","2021",19.538,
"Timor-Leste","ILO - Modelled Estimates","SDG indicator 10.4.1 - Labour income share as a percent of GDP (%)","2020",29.528,
"Timor-Leste","ILO - Modelled Estimates","SDG indicator 10.4.1 - Labour income share as a percent of GDP (%)","2019",30.14,
"Timor-Leste","ILO - Modelled Estimates","SDG indicator 10.4.1 - Labour income share as a percent of GDP (%)","2018",42.69,
"Timor-Leste","ILO - Modelled Estimates","SDG indicator 10.4.1 - Labour income share as a percent of GDP (%)","2017",43.803,
"Timor-Leste","ILO - Modelled Estimates","SDG indicator 10.4.1 - Labour income share as a percent of GDP (%)","2016",39.682,
"Timor-Leste","ILO - Modelled Estimates","SDG indicator 10.4.1 - Labour income share as a percent of GDP (%)","2015",40.581,
"Timor-Leste","ILO - Modelled Estimates","SDG indicator 10.4.1 - Labour income share as a percent of GDP (%)","2014",45.211,
"Timor-Leste","ILO - Modelled Estimates","SDG indicator 10.4.1 - Labour income share as a percent of GDP (%)","2013",41.177,
"Timor-Leste","ILO - Modelled Estimates","SDG indicator 10.4.1 - Labour income share as a percent of GDP (%)","2012",47.123,
"Timor-Leste","ILO - Modelled Estimates","SDG indicator 10.4.1 - Labour income share as a percent of GDP (%)","2011",51.791,
"Timor-Leste","ILO - Modelled Estimates","SDG indicator 10.4.1 - Labour income share as a percent of GDP (%)","2010",43.202,
"Timor-Leste","ILO - Modelled Estimates","SDG indicator 10.4.1 - Labour income share as a percent of GDP (%)","2009",47.516,
"Timor-Leste","ILO - Modelled Estimates","SDG indicator 10.4.1 - Labour income share as a percent of GDP (%)","2008",38.016,
"Timor-Leste","ILO - Modelled Estimates","SDG indicator 10.4.1 - Labour income share as a percent of GDP (%)","2007",34.977,
"Timor-Leste","ILO - Modelled Estimates","SDG indicator 10.4.1 - Labour income share as a percent of GDP (%)","2006",34.318,
"Timor-Leste","ILO - Modelled Estimates","SDG indicator 10.4.1 - Labour income share as a percent of GDP (%)","2005",32.789,
"Timor-Leste","ILO - Modelled Estimates","SDG indicator 10.4.1 - Labour income share as a percent of GDP (%)","2004",32.794,
"Tonga","ILO - Modelled Estimates","SDG indicator 10.4.1 - Labour income share as a percent of GDP (%)","2024",43.049,"Imputation"
"Tonga","ILO - Modelled Estimates","SDG indicator 10.4.1 - Labour income share as a percent of GDP (%)","2023",43.042,"Imputation"
"Tonga","ILO - Modelled Estimates","SDG indicator 10.4.1 - Labour income share as a percent of GDP (%)","2022",44.108,"Imputation"
"Tonga","ILO - Modelled Estimates","SDG indicator 10.4.1 - Labour income share as a percent of GDP (%)","2021",43.337,"Imputation"
"Tonga","ILO - Modelled Estimates","SDG indicator 10.4.1 - Labour income share as a percent of GDP (%)","2020",44.98,"Imputation"
"Tonga","ILO - Modelled Estimates","SDG indicator 10.4.1 - Labour income share as a percent of GDP (%)","2019",43.569,"Imputation"
"Tonga","ILO - Modelled Estimates","SDG indicator 10.4.1 - Labour income share as a percent of GDP (%)","2018",43.847,"Imputation"
"Tonga","ILO - Modelled Estimates","SDG indicator 10.4.1 - Labour income share as a percent of GDP (%)","2017",43.166,"Imputation"
"Tonga","ILO - Modelled Estimates","SDG indicator 10.4.1 - Labour income share as a percent of GDP (%)","2016",42.457,"Imputation"
"Tonga","ILO - Modelled Estimates","SDG indicator 10.4.1 - Labour income share as a percent of GDP (%)","2015",43.713,"Imputation"
"Tonga","ILO - Modelled Estimates","SDG indicator 10.4.1 - Labour income share as a percent of GDP (%)","2014",43.541,"Imputation"
"Tonga","ILO - Modelled Estimates","SDG indicator 10.4.1 - Labour income share as a percent of GDP (%)","2013",43.952,"Imputation"
"Tonga","ILO - Modelled Estimates","SDG indicator 10.4.1 - Labour income share as a percent of GDP (%)","2012",43.842,"Imputation"
"Tonga","ILO - Modelled Estimates","SDG indicator 10.4.1 - Labour income share as a percent of GDP (%)","2011",42.499,"Imputation"
"Tonga","ILO - Modelled Estimates","SDG indicator 10.4.1 - Labour income share as a percent of GDP (%)","2010",43.892,"Imputation"
"Tonga","ILO - Modelled Estimates","SDG indicator 10.4.1 - Labour income share as a percent of GDP (%)","2009",45.279,"Imputation"
"Tonga","ILO - Modelled Estimates","SDG indicator 10.4.1 - Labour income share as a percent of GDP (%)","2008",43.033,"Imputation"
"Tonga","ILO - Modelled Estimates","SDG indicator 10.4.1 - Labour income share as a percent of GDP (%)","2007",44.065,"Imputation"
"Tonga","ILO - Modelled Estimates","SDG indicator 10.4.1 - Labour income share as a percent of GDP (%)","2006",44.175,"Imputation"
"Tonga","ILO - Modelled Estimates","SDG indicator 10.4.1 - Labour income share as a percent of GDP (%)","2005",44.121,"Imputation"
"Tonga","ILO - Modelled Estimates","SDG indicator 10.4.1 - Labour income share as a percent of GDP (%)","2004",44.696,"Imputation"
"Trinidad and Tobago","ILO - Modelled Estimates","SDG indicator 10.4.1 - Labour income share as a percent of GDP (%)","2024",44.72,"Model-based extrapolation"
"Trinidad and Tobago","ILO - Modelled Estimates","SDG indicator 10.4.1 - Labour income share as a percent of GDP (%)","2023",44.758,"Model-based extrapolation"
"Trinidad and Tobago","ILO - Modelled Estimates","SDG indicator 10.4.1 - Labour income share as a percent of GDP (%)","2022",44.843,"Model-based extrapolation"
"Trinidad and Tobago","ILO - Modelled Estimates","SDG indicator 10.4.1 - Labour income share as a percent of GDP (%)","2021",45.327,"Model-based extrapolation"
"Trinidad and Tobago","ILO - Modelled Estimates","SDG indicator 10.4.1 - Labour income share as a percent of GDP (%)","2020",46.303,"Model-based extrapolation"
"Trinidad and Tobago","ILO - Modelled Estimates","SDG indicator 10.4.1 - Labour income share as a percent of GDP (%)","2019",44.938,"Model-based extrapolation"
"Trinidad and Tobago","ILO - Modelled Estimates","SDG indicator 10.4.1 - Labour income share as a percent of GDP (%)","2018",45.069,"Model-based extrapolation"
"Trinidad and Tobago","ILO - Modelled Estimates","SDG indicator 10.4.1 - Labour income share as a percent of GDP (%)","2017",45.781,"Model-based extrapolation"
"Trinidad and Tobago","ILO - Modelled Estimates","SDG indicator 10.4.1 - Labour income share as a percent of GDP (%)","2016",46.232,"Model-based extrapolation"
"Trinidad and Tobago","ILO - Modelled Estimates","SDG indicator 10.4.1 - Labour income share as a percent of GDP (%)","2015",44.531,"Model-based extrapolation"
"Trinidad and Tobago","ILO - Modelled Estimates","SDG indicator 10.4.1 - Labour income share as a percent of GDP (%)","2014",44.25,"Model-based extrapolation"
"Trinidad and Tobago","ILO - Modelled Estimates","SDG indicator 10.4.1 - Labour income share as a percent of GDP (%)","2013",44.117,"Model-based extrapolation"
"Trinidad and Tobago","ILO - Modelled Estimates","SDG indicator 10.4.1 - Labour income share as a percent of GDP (%)","2012",43.277,"Model-based extrapolation"
"Trinidad and Tobago","ILO - Modelled Estimates","SDG indicator 10.4.1 - Labour income share as a percent of GDP (%)","2011",44.709,"Model-based extrapolation"
"Trinidad and Tobago","ILO - Modelled Estimates","SDG indicator 10.4.1 - Labour income share as a percent of GDP (%)","2010",44.05,"Model-based extrapolation"
"Trinidad and Tobago","ILO - Modelled Estimates","SDG indicator 10.4.1 - Labour income share as a percent of GDP (%)","2009",45.367,
"Trinidad and Tobago","ILO - Modelled Estimates","SDG indicator 10.4.1 - Labour income share as a percent of GDP (%)","2008",43.974,
"Trinidad and Tobago","ILO - Modelled Estimates","SDG indicator 10.4.1 - Labour income share as a percent of GDP (%)","2007",43.74,
"Trinidad and Tobago","ILO - Modelled Estimates","SDG indicator 10.4.1 - Labour income share as a percent of GDP (%)","2006",42.244,
"Trinidad and Tobago","ILO - Modelled Estimates","SDG indicator 10.4.1 - Labour income share as a percent of GDP (%)","2005",43.496,
"Trinidad and Tobago","ILO - Modelled Estimates","SDG indicator 10.4.1 - Labour income share as a percent of GDP (%)","2004",43.238,
"Tunisia","ILO - Modelled Estimates","SDG indicator 10.4.1 - Labour income share as a percent of GDP (%)","2024",44.812,"Model-based extrapolation"
"Tunisia","ILO - Modelled Estimates","SDG indicator 10.4.1 - Labour income share as a percent of GDP (%)","2023",45.127,"Model-based extrapolation"
"Tunisia","ILO - Modelled Estimates","SDG indicator 10.4.1 - Labour income share as a percent of GDP (%)","2022",44.659,"Model-based extrapolation"
"Tunisia","ILO - Modelled Estimates","SDG indicator 10.4.1 - Labour income share as a percent of GDP (%)","2021",48.791,
"Tunisia","ILO - Modelled Estimates","SDG indicator 10.4.1 - Labour income share as a percent of GDP (%)","2020",49.919,
"Tunisia","ILO - Modelled Estimates","SDG indicator 10.4.1 - Labour income share as a percent of GDP (%)","2019",44.963,
"Tunisia","ILO - Modelled Estimates","SDG indicator 10.4.1 - Labour income share as a percent of GDP (%)","2018",46.374,
"Tunisia","ILO - Modelled Estimates","SDG indicator 10.4.1 - Labour income share as a percent of GDP (%)","2017",47.986,
"Tunisia","ILO - Modelled Estimates","SDG indicator 10.4.1 - Labour income share as a percent of GDP (%)","2016",46.781,
"Tunisia","ILO - Modelled Estimates","SDG indicator 10.4.1 - Labour income share as a percent of GDP (%)","2015",46.506,
"Tunisia","ILO - Modelled Estimates","SDG indicator 10.4.1 - Labour income share as a percent of GDP (%)","2014",46.09,
"Tunisia","ILO - Modelled Estimates","SDG indicator 10.4.1 - Labour income share as a percent of GDP (%)","2013",46.455,
"Tunisia","ILO - Modelled Estimates","SDG indicator 10.4.1 - Labour income share as a percent of GDP (%)","2012",46.062,
"Tunisia","ILO - Modelled Estimates","SDG indicator 10.4.1 - Labour income share as a percent of GDP (%)","2011",45.519,
"Tunisia","ILO - Modelled Estimates","SDG indicator 10.4.1 - Labour income share as a percent of GDP (%)","2010",43.854,
"Tunisia","ILO - Modelled Estimates","SDG indicator 10.4.1 - Labour income share as a percent of GDP (%)","2009",43.406,
"Tunisia","ILO - Modelled Estimates","SDG indicator 10.4.1 - Labour income share as a percent of GDP (%)","2008",42.847,
"Tunisia","ILO - Modelled Estimates","SDG indicator 10.4.1 - Labour income share as a percent of GDP (%)","2007",42.587,
"Tunisia","ILO - Modelled Estimates","SDG indicator 10.4.1 - Labour income share as a percent of GDP (%)","2006",42.222,
"Tunisia","ILO - Modelled Estimates","SDG indicator 10.4.1 - Labour income share as a percent of GDP (%)","2005",42.379,
"Tunisia","ILO - Modelled Estimates","SDG indicator 10.4.1 - Labour income share as a percent of GDP (%)","2004",42.423,
"Türkiye","ILO - Modelled Estimates","SDG indicator 10.4.1 - Labour income share as a percent of GDP (%)","2024",35.809,"Model-based extrapolation"
"Türkiye","ILO - Modelled Estimates","SDG indicator 10.4.1 - Labour income share as a percent of GDP (%)","2023",34.383,"Model-based extrapolation"
"Türkiye","ILO - Modelled Estimates","SDG indicator 10.4.1 - Labour income share as a percent of GDP (%)","2022",28.879,
"Türkiye","ILO - Modelled Estimates","SDG indicator 10.4.1 - Labour income share as a percent of GDP (%)","2021",32.205,
"Türkiye","ILO - Modelled Estimates","SDG indicator 10.4.1 - Labour income share as a percent of GDP (%)","2020",35.543,
"Türkiye","ILO - Modelled Estimates","SDG indicator 10.4.1 - Labour income share as a percent of GDP (%)","2019",39.237,
"Türkiye","ILO - Modelled Estimates","SDG indicator 10.4.1 - Labour income share as a percent of GDP (%)","2018",37.911,
"Türkiye","ILO - Modelled Estimates","SDG indicator 10.4.1 - Labour income share as a percent of GDP (%)","2017",38.219,
"Türkiye","ILO - Modelled Estimates","SDG indicator 10.4.1 - Labour income share as a percent of GDP (%)","2016",40.435,
"Türkiye","ILO - Modelled Estimates","SDG indicator 10.4.1 - Labour income share as a percent of GDP (%)","2015",36.679,
"Türkiye","ILO - Modelled Estimates","SDG indicator 10.4.1 - Labour income share as a percent of GDP (%)","2014",36.374,
"Türkiye","ILO - Modelled Estimates","SDG indicator 10.4.1 - Labour income share as a percent of GDP (%)","2013",35.107,
"Türkiye","ILO - Modelled Estimates","SDG indicator 10.4.1 - Labour income share as a percent of GDP (%)","2012",35.601,
"Türkiye","ILO - Modelled Estimates","SDG indicator 10.4.1 - Labour income share as a percent of GDP (%)","2011",34.718,
"Türkiye","ILO - Modelled Estimates","SDG indicator 10.4.1 - Labour income share as a percent of GDP (%)","2010",35.29,
"Türkiye","ILO - Modelled Estimates","SDG indicator 10.4.1 - Labour income share as a percent of GDP (%)","2009",35.2,
"Türkiye","ILO - Modelled Estimates","SDG indicator 10.4.1 - Labour income share as a percent of GDP (%)","2008",33.458,
"Türkiye","ILO - Modelled Estimates","SDG indicator 10.4.1 - Labour income share as a percent of GDP (%)","2007",33.457,
"Türkiye","ILO - Modelled Estimates","SDG indicator 10.4.1 - Labour income share as a percent of GDP (%)","2006",32.784,
"Türkiye","ILO - Modelled Estimates","SDG indicator 10.4.1 - Labour income share as a percent of GDP (%)","2005",33.255,
"Türkiye","ILO - Modelled Estimates","SDG indicator 10.4.1 - Labour income share as a percent of GDP (%)","2004",33.639,
"Taiwan, China","ILO - Modelled Estimates","SDG indicator 10.4.1 - Labour income share as a percent of GDP (%)","2024",51.761,"Imputation"
"Taiwan, China","ILO - Modelled Estimates","SDG indicator 10.4.1 - Labour income share as a percent of GDP (%)","2023",52.205,"Imputation"
"Taiwan, China","ILO - Modelled Estimates","SDG indicator 10.4.1 - Labour income share as a percent of GDP (%)","2022",51.888,"Imputation"
"Taiwan, China","ILO - Modelled Estimates","SDG indicator 10.4.1 - Labour income share as a percent of GDP (%)","2021",51.881,"Imputation"
"Taiwan, China","ILO - Modelled Estimates","SDG indicator 10.4.1 - Labour income share as a percent of GDP (%)","2020",52.86,"Imputation"
"Taiwan, China","ILO - Modelled Estimates","SDG indicator 10.4.1 - Labour income share as a percent of GDP (%)","2019",51.824,"Imputation"
"Taiwan, China","ILO - Modelled Estimates","SDG indicator 10.4.1 - Labour income share as a percent of GDP (%)","2018",51.89,"Imputation"
"Taiwan, China","ILO - Modelled Estimates","SDG indicator 10.4.1 - Labour income share as a percent of GDP (%)","2017",51.755,"Imputation"
"Taiwan, China","ILO - Modelled Estimates","SDG indicator 10.4.1 - Labour income share as a percent of GDP (%)","2016",52.041,"Imputation"
"Taiwan, China","ILO - Modelled Estimates","SDG indicator 10.4.1 - Labour income share as a percent of GDP (%)","2015",52.214,"Imputation"
"Taiwan, China","ILO - Modelled Estimates","SDG indicator 10.4.1 - Labour income share as a percent of GDP (%)","2014",51.399,"Imputation"
"Taiwan, China","ILO - Modelled Estimates","SDG indicator 10.4.1 - Labour income share as a percent of GDP (%)","2013",51.965,"Imputation"
"Taiwan, China","ILO - Modelled Estimates","SDG indicator 10.4.1 - Labour income share as a percent of GDP (%)","2012",52.036,"Imputation"
"Taiwan, China","ILO - Modelled Estimates","SDG indicator 10.4.1 - Labour income share as a percent of GDP (%)","2011",51.681,"Imputation"
"Taiwan, China","ILO - Modelled Estimates","SDG indicator 10.4.1 - Labour income share as a percent of GDP (%)","2010",50.041,"Imputation"
"Taiwan, China","ILO - Modelled Estimates","SDG indicator 10.4.1 - Labour income share as a percent of GDP (%)","2009",53.034,"Imputation"
"Taiwan, China","ILO - Modelled Estimates","SDG indicator 10.4.1 - Labour income share as a percent of GDP (%)","2008",52.45,"Imputation"
"Taiwan, China","ILO - Modelled Estimates","SDG indicator 10.4.1 - Labour income share as a percent of GDP (%)","2007",50.951,"Imputation"
"Taiwan, China","ILO - Modelled Estimates","SDG indicator 10.4.1 - Labour income share as a percent of GDP (%)","2006",51.235,"Imputation"
"Taiwan, China","ILO - Modelled Estimates","SDG indicator 10.4.1 - Labour income share as a percent of GDP (%)","2005",51.355,"Imputation"
"Taiwan, China","ILO - Modelled Estimates","SDG indicator 10.4.1 - Labour income share as a percent of GDP (%)","2004",50.988,"Imputation"
"Tanzania, United Republic of","ILO - Modelled Estimates","SDG indicator 10.4.1 - Labour income share as a percent of GDP (%)","2024",53.525,"Model-based extrapolation"
"Tanzania, United Republic of","ILO - Modelled Estimates","SDG indicator 10.4.1 - Labour income share as a percent of GDP (%)","2023",54.053,"Model-based extrapolation"
"Tanzania, United Republic of","ILO - Modelled Estimates","SDG indicator 10.4.1 - Labour income share as a percent of GDP (%)","2022",54.43,
"Tanzania, United Republic of","ILO - Modelled Estimates","SDG indicator 10.4.1 - Labour income share as a percent of GDP (%)","2021",54.931,
"Tanzania, United Republic of","ILO - Modelled Estimates","SDG indicator 10.4.1 - Labour income share as a percent of GDP (%)","2020",52.742,
"Tanzania, United Republic of","ILO - Modelled Estimates","SDG indicator 10.4.1 - Labour income share as a percent of GDP (%)","2019",51.022,
"Tanzania, United Republic of","ILO - Modelled Estimates","SDG indicator 10.4.1 - Labour income share as a percent of GDP (%)","2018",50.776,
"Tanzania, United Republic of","ILO - Modelled Estimates","SDG indicator 10.4.1 - Labour income share as a percent of GDP (%)","2017",48.138,
"Tanzania, United Republic of","ILO - Modelled Estimates","SDG indicator 10.4.1 - Labour income share as a percent of GDP (%)","2016",45.524,
"Tanzania, United Republic of","ILO - Modelled Estimates","SDG indicator 10.4.1 - Labour income share as a percent of GDP (%)","2015",43.483,
"Tanzania, United Republic of","ILO - Modelled Estimates","SDG indicator 10.4.1 - Labour income share as a percent of GDP (%)","2014",38.816,
"Tanzania, United Republic of","ILO - Modelled Estimates","SDG indicator 10.4.1 - Labour income share as a percent of GDP (%)","2013",35.149,
"Tanzania, United Republic of","ILO - Modelled Estimates","SDG indicator 10.4.1 - Labour income share as a percent of GDP (%)","2012",32.334,
"Tanzania, United Republic of","ILO - Modelled Estimates","SDG indicator 10.4.1 - Labour income share as a percent of GDP (%)","2011",29.609,
"Tanzania, United Republic of","ILO - Modelled Estimates","SDG indicator 10.4.1 - Labour income share as a percent of GDP (%)","2010",26.339,
"Tanzania, United Republic of","ILO - Modelled Estimates","SDG indicator 10.4.1 - Labour income share as a percent of GDP (%)","2009",26.497,
"Tanzania, United Republic of","ILO - Modelled Estimates","SDG indicator 10.4.1 - Labour income share as a percent of GDP (%)","2008",27.228,
"Tanzania, United Republic of","ILO - Modelled Estimates","SDG indicator 10.4.1 - Labour income share as a percent of GDP (%)","2007",29.382,
"Tanzania, United Republic of","ILO - Modelled Estimates","SDG indicator 10.4.1 - Labour income share as a percent of GDP (%)","2006",32.753,
"Tanzania, United Republic of","ILO - Modelled Estimates","SDG indicator 10.4.1 - Labour income share as a percent of GDP (%)","2005",31.56,
"Tanzania, United Republic of","ILO - Modelled Estimates","SDG indicator 10.4.1 - Labour income share as a percent of GDP (%)","2004",35.35,
"Uganda","ILO - Modelled Estimates","SDG indicator 10.4.1 - Labour income share as a percent of GDP (%)","2024",38.6,"Imputation"
"Uganda","ILO - Modelled Estimates","SDG indicator 10.4.1 - Labour income share as a percent of GDP (%)","2023",38.841,"Imputation"
"Uganda","ILO - Modelled Estimates","SDG indicator 10.4.1 - Labour income share as a percent of GDP (%)","2022",38.415,"Imputation"
"Uganda","ILO - Modelled Estimates","SDG indicator 10.4.1 - Labour income share as a percent of GDP (%)","2021",39.067,"Imputation"
"Uganda","ILO - Modelled Estimates","SDG indicator 10.4.1 - Labour income share as a percent of GDP (%)","2020",38.214,"Imputation"
"Uganda","ILO - Modelled Estimates","SDG indicator 10.4.1 - Labour income share as a percent of GDP (%)","2019",38.609,"Imputation"
"Uganda","ILO - Modelled Estimates","SDG indicator 10.4.1 - Labour income share as a percent of GDP (%)","2018",38.636,"Imputation"
"Uganda","ILO - Modelled Estimates","SDG indicator 10.4.1 - Labour income share as a percent of GDP (%)","2017",39.465,"Imputation"
"Uganda","ILO - Modelled Estimates","SDG indicator 10.4.1 - Labour income share as a percent of GDP (%)","2016",38.922,"Imputation"
"Uganda","ILO - Modelled Estimates","SDG indicator 10.4.1 - Labour income share as a percent of GDP (%)","2015",38.725,"Imputation"
"Uganda","ILO - Modelled Estimates","SDG indicator 10.4.1 - Labour income share as a percent of GDP (%)","2014",38.698,"Imputation"
"Uganda","ILO - Modelled Estimates","SDG indicator 10.4.1 - Labour income share as a percent of GDP (%)","2013",38.865,"Imputation"
"Uganda","ILO - Modelled Estimates","SDG indicator 10.4.1 - Labour income share as a percent of GDP (%)","2012",38.826,"Imputation"
"Uganda","ILO - Modelled Estimates","SDG indicator 10.4.1 - Labour income share as a percent of GDP (%)","2011",37.348,"Imputation"
"Uganda","ILO - Modelled Estimates","SDG indicator 10.4.1 - Labour income share as a percent of GDP (%)","2010",38.385,"Imputation"
"Uganda","ILO - Modelled Estimates","SDG indicator 10.4.1 - Labour income share as a percent of GDP (%)","2009",38.103,"Imputation"
"Uganda","ILO - Modelled Estimates","SDG indicator 10.4.1 - Labour income share as a percent of GDP (%)","2008",37.652,"Imputation"
"Uganda","ILO - Modelled Estimates","SDG indicator 10.4.1 - Labour income share as a percent of GDP (%)","2007",37.816,"Imputation"
"Uganda","ILO - Modelled Estimates","SDG indicator 10.4.1 - Labour income share as a percent of GDP (%)","2006",37.266,"Imputation"
"Uganda","ILO - Modelled Estimates","SDG indicator 10.4.1 - Labour income share as a percent of GDP (%)","2005",38.509,"Imputation"
"Uganda","ILO - Modelled Estimates","SDG indicator 10.4.1 - Labour income share as a percent of GDP (%)","2004",38.446,"Imputation"
"Ukraine","ILO - Modelled Estimates","SDG indicator 10.4.1 - Labour income share as a percent of GDP (%)","2021",48.63,"Imputation"
"Ukraine","ILO - Modelled Estimates","SDG indicator 10.4.1 - Labour income share as a percent of GDP (%)","2020",51.921,"Imputation"
"Ukraine","ILO - Modelled Estimates","SDG indicator 10.4.1 - Labour income share as a percent of GDP (%)","2019",51.775,"Imputation"
"Ukraine","ILO - Modelled Estimates","SDG indicator 10.4.1 - Labour income share as a percent of GDP (%)","2018",48.816,"Imputation"
"Ukraine","ILO - Modelled Estimates","SDG indicator 10.4.1 - Labour income share as a percent of GDP (%)","2017",46.048,"Imputation"
"Ukraine","ILO - Modelled Estimates","SDG indicator 10.4.1 - Labour income share as a percent of GDP (%)","2016",42.665,"Imputation"
"Ukraine","ILO - Modelled Estimates","SDG indicator 10.4.1 - Labour income share as a percent of GDP (%)","2015",45.72,"Imputation"
"Ukraine","ILO - Modelled Estimates","SDG indicator 10.4.1 - Labour income share as a percent of GDP (%)","2014",54.117,"Imputation"
"Ukraine","ILO - Modelled Estimates","SDG indicator 10.4.1 - Labour income share as a percent of GDP (%)","2013",60.426,"Imputation"
"Ukraine","ILO - Modelled Estimates","SDG indicator 10.4.1 - Labour income share as a percent of GDP (%)","2012",60.643,"Imputation"
"Ukraine","ILO - Modelled Estimates","SDG indicator 10.4.1 - Labour income share as a percent of GDP (%)","2011",59.056,"Imputation"
"Ukraine","ILO - Modelled Estimates","SDG indicator 10.4.1 - Labour income share as a percent of GDP (%)","2010",60.034,"Imputation"
"Ukraine","ILO - Modelled Estimates","SDG indicator 10.4.1 - Labour income share as a percent of GDP (%)","2009",59.113,"Imputation"
"Ukraine","ILO - Modelled Estimates","SDG indicator 10.4.1 - Labour income share as a percent of GDP (%)","2008",59.079,"Imputation"
"Ukraine","ILO - Modelled Estimates","SDG indicator 10.4.1 - Labour income share as a percent of GDP (%)","2007",58.462,"Imputation"
"Ukraine","ILO - Modelled Estimates","SDG indicator 10.4.1 - Labour income share as a percent of GDP (%)","2006",59.254,"Imputation"
"Ukraine","ILO - Modelled Estimates","SDG indicator 10.4.1 - Labour income share as a percent of GDP (%)","2005",58.297,"Imputation"
"Ukraine","ILO - Modelled Estimates","SDG indicator 10.4.1 - Labour income share as a percent of GDP (%)","2004",53.11,"Imputation"
"Uruguay","ILO - Modelled Estimates","SDG indicator 10.4.1 - Labour income share as a percent of GDP (%)","2024",55.054,"Model-based extrapolation"
"Uruguay","ILO - Modelled Estimates","SDG indicator 10.4.1 - Labour income share as a percent of GDP (%)","2023",55.751,"Model-based extrapolation"
"Uruguay","ILO - Modelled Estimates","SDG indicator 10.4.1 - Labour income share as a percent of GDP (%)","2022",54.838,"Model-based extrapolation"
"Uruguay","ILO - Modelled Estimates","SDG indicator 10.4.1 - Labour income share as a percent of GDP (%)","2021",55.6,"Model-based extrapolation"
"Uruguay","ILO - Modelled Estimates","SDG indicator 10.4.1 - Labour income share as a percent of GDP (%)","2020",57.99,"Model-based extrapolation"
"Uruguay","ILO - Modelled Estimates","SDG indicator 10.4.1 - Labour income share as a percent of GDP (%)","2019",56.007,"Model-based extrapolation"
"Uruguay","ILO - Modelled Estimates","SDG indicator 10.4.1 - Labour income share as a percent of GDP (%)","2018",56.743,"Model-based extrapolation"
"Uruguay","ILO - Modelled Estimates","SDG indicator 10.4.1 - Labour income share as a percent of GDP (%)","2017",55.916,
"Uruguay","ILO - Modelled Estimates","SDG indicator 10.4.1 - Labour income share as a percent of GDP (%)","2016",55.293,
"Uruguay","ILO - Modelled Estimates","SDG indicator 10.4.1 - Labour income share as a percent of GDP (%)","2015",55.378,"Model-based extrapolation"
"Uruguay","ILO - Modelled Estimates","SDG indicator 10.4.1 - Labour income share as a percent of GDP (%)","2014",54.383,"Model-based extrapolation"
"Uruguay","ILO - Modelled Estimates","SDG indicator 10.4.1 - Labour income share as a percent of GDP (%)","2013",53.442,"Model-based extrapolation"
"Uruguay","ILO - Modelled Estimates","SDG indicator 10.4.1 - Labour income share as a percent of GDP (%)","2012",53.41,
"Uruguay","ILO - Modelled Estimates","SDG indicator 10.4.1 - Labour income share as a percent of GDP (%)","2011",52.952,"Model-based extrapolation"
"Uruguay","ILO - Modelled Estimates","SDG indicator 10.4.1 - Labour income share as a percent of GDP (%)","2010",51.794,"Model-based extrapolation"
"Uruguay","ILO - Modelled Estimates","SDG indicator 10.4.1 - Labour income share as a percent of GDP (%)","2009",51.493,"Model-based extrapolation"
"Uruguay","ILO - Modelled Estimates","SDG indicator 10.4.1 - Labour income share as a percent of GDP (%)","2008",48.891,"Model-based extrapolation"
"Uruguay","ILO - Modelled Estimates","SDG indicator 10.4.1 - Labour income share as a percent of GDP (%)","2007",49.349,"Model-based extrapolation"
"Uruguay","ILO - Modelled Estimates","SDG indicator 10.4.1 - Labour income share as a percent of GDP (%)","2006",47.48,"Model-based extrapolation"
"Uruguay","ILO - Modelled Estimates","SDG indicator 10.4.1 - Labour income share as a percent of GDP (%)","2005",46.621,
"Uruguay","ILO - Modelled Estimates","SDG indicator 10.4.1 - Labour income share as a percent of GDP (%)","2004",46.272,
"United States of America","ILO - Modelled Estimates","SDG indicator 10.4.1 - Labour income share as a percent of GDP (%)","2024",57.475,"Imputation"
"United States of America","ILO - Modelled Estimates","SDG indicator 10.4.1 - Labour income share as a percent of GDP (%)","2023",57.733,"Imputation"
"United States of America","ILO - Modelled Estimates","SDG indicator 10.4.1 - Labour income share as a percent of GDP (%)","2022",58.352,"Imputation"
"United States of America","ILO - Modelled Estimates","SDG indicator 10.4.1 - Labour income share as a percent of GDP (%)","2021",58.778,"Imputation"
"United States of America","ILO - Modelled Estimates","SDG indicator 10.4.1 - Labour income share as a percent of GDP (%)","2020",59.957,"Imputation"
"United States of America","ILO - Modelled Estimates","SDG indicator 10.4.1 - Labour income share as a percent of GDP (%)","2019",58.331,"Imputation"
"United States of America","ILO - Modelled Estimates","SDG indicator 10.4.1 - Labour income share as a percent of GDP (%)","2018",58.44,"Imputation"
"United States of America","ILO - Modelled Estimates","SDG indicator 10.4.1 - Labour income share as a percent of GDP (%)","2017",58.558,"Imputation"
"United States of America","ILO - Modelled Estimates","SDG indicator 10.4.1 - Labour income share as a percent of GDP (%)","2016",58.429,"Imputation"
"United States of America","ILO - Modelled Estimates","SDG indicator 10.4.1 - Labour income share as a percent of GDP (%)","2015",58.551,"Imputation"
"United States of America","ILO - Modelled Estimates","SDG indicator 10.4.1 - Labour income share as a percent of GDP (%)","2014",57.972,"Imputation"
"United States of America","ILO - Modelled Estimates","SDG indicator 10.4.1 - Labour income share as a percent of GDP (%)","2013",57.722,"Imputation"
"United States of America","ILO - Modelled Estimates","SDG indicator 10.4.1 - Labour income share as a percent of GDP (%)","2012",58.214,"Imputation"
"United States of America","ILO - Modelled Estimates","SDG indicator 10.4.1 - Labour income share as a percent of GDP (%)","2011",58.356,"Imputation"
"United States of America","ILO - Modelled Estimates","SDG indicator 10.4.1 - Labour income share as a percent of GDP (%)","2010",58.434,"Imputation"
"United States of America","ILO - Modelled Estimates","SDG indicator 10.4.1 - Labour income share as a percent of GDP (%)","2009",59.462,"Imputation"
"United States of America","ILO - Modelled Estimates","SDG indicator 10.4.1 - Labour income share as a percent of GDP (%)","2008",60.517,"Imputation"
"United States of America","ILO - Modelled Estimates","SDG indicator 10.4.1 - Labour income share as a percent of GDP (%)","2007",60.563,"Imputation"
"United States of America","ILO - Modelled Estimates","SDG indicator 10.4.1 - Labour income share as a percent of GDP (%)","2006",60.587,"Imputation"
"United States of America","ILO - Modelled Estimates","SDG indicator 10.4.1 - Labour income share as a percent of GDP (%)","2005",60.742,"Imputation"
"United States of America","ILO - Modelled Estimates","SDG indicator 10.4.1 - Labour income share as a percent of GDP (%)","2004",61.688,"Imputation"
"Uzbekistan","ILO - Modelled Estimates","SDG indicator 10.4.1 - Labour income share as a percent of GDP (%)","2024",45.567,"Imputation"
"Uzbekistan","ILO - Modelled Estimates","SDG indicator 10.4.1 - Labour income share as a percent of GDP (%)","2023",45.242,"Imputation"
"Uzbekistan","ILO - Modelled Estimates","SDG indicator 10.4.1 - Labour income share as a percent of GDP (%)","2022",45.371,"Imputation"
"Uzbekistan","ILO - Modelled Estimates","SDG indicator 10.4.1 - Labour income share as a percent of GDP (%)","2021",46.406,"Imputation"
"Uzbekistan","ILO - Modelled Estimates","SDG indicator 10.4.1 - Labour income share as a percent of GDP (%)","2020",45.203,"Imputation"
"Uzbekistan","ILO - Modelled Estimates","SDG indicator 10.4.1 - Labour income share as a percent of GDP (%)","2019",45.164,"Imputation"
"Uzbekistan","ILO - Modelled Estimates","SDG indicator 10.4.1 - Labour income share as a percent of GDP (%)","2018",41.193,"Imputation"
"Uzbekistan","ILO - Modelled Estimates","SDG indicator 10.4.1 - Labour income share as a percent of GDP (%)","2017",41.678,"Imputation"
"Uzbekistan","ILO - Modelled Estimates","SDG indicator 10.4.1 - Labour income share as a percent of GDP (%)","2016",47.154,"Imputation"
"Uzbekistan","ILO - Modelled Estimates","SDG indicator 10.4.1 - Labour income share as a percent of GDP (%)","2015",47.171,"Imputation"
"Uzbekistan","ILO - Modelled Estimates","SDG indicator 10.4.1 - Labour income share as a percent of GDP (%)","2014",48.257,"Imputation"
"Uzbekistan","ILO - Modelled Estimates","SDG indicator 10.4.1 - Labour income share as a percent of GDP (%)","2013",51.243,"Imputation"
"Uzbekistan","ILO - Modelled Estimates","SDG indicator 10.4.1 - Labour income share as a percent of GDP (%)","2012",50.472,"Imputation"
"Uzbekistan","ILO - Modelled Estimates","SDG indicator 10.4.1 - Labour income share as a percent of GDP (%)","2011",46.866,"Imputation"
"Uzbekistan","ILO - Modelled Estimates","SDG indicator 10.4.1 - Labour income share as a percent of GDP (%)","2010",46.721,"Imputation"
"Uzbekistan","ILO - Modelled Estimates","SDG indicator 10.4.1 - Labour income share as a percent of GDP (%)","2009",46.478,"Imputation"
"Uzbekistan","ILO - Modelled Estimates","SDG indicator 10.4.1 - Labour income share as a percent of GDP (%)","2008",45.952,"Imputation"
"Uzbekistan","ILO - Modelled Estimates","SDG indicator 10.4.1 - Labour income share as a percent of GDP (%)","2007",45.743,"Imputation"
"Uzbekistan","ILO - Modelled Estimates","SDG indicator 10.4.1 - Labour income share as a percent of GDP (%)","2006",46.921,"Imputation"
"Uzbekistan","ILO - Modelled Estimates","SDG indicator 10.4.1 - Labour income share as a percent of GDP (%)","2005",47.234,"Imputation"
"Uzbekistan","ILO - Modelled Estimates","SDG indicator 10.4.1 - Labour income share as a percent of GDP (%)","2004",46.995,"Imputation"
"Saint Vincent and the Grenadines","ILO - Modelled Estimates","SDG indicator 10.4.1 - Labour income share as a percent of GDP (%)","2024",47.342,"Imputation"
"Saint Vincent and the Grenadines","ILO - Modelled Estimates","SDG indicator 10.4.1 - Labour income share as a percent of GDP (%)","2023",47.144,"Imputation"
"Saint Vincent and the Grenadines","ILO - Modelled Estimates","SDG indicator 10.4.1 - Labour income share as a percent of GDP (%)","2022",47.33,"Imputation"
"Saint Vincent and the Grenadines","ILO - Modelled Estimates","SDG indicator 10.4.1 - Labour income share as a percent of GDP (%)","2021",47.68,"Imputation"
"Saint Vincent and the Grenadines","ILO - Modelled Estimates","SDG indicator 10.4.1 - Labour income share as a percent of GDP (%)","2020",50.524,"Imputation"
"Saint Vincent and the Grenadines","ILO - Modelled Estimates","SDG indicator 10.4.1 - Labour income share as a percent of GDP (%)","2019",48.268,"Imputation"
"Saint Vincent and the Grenadines","ILO - Modelled Estimates","SDG indicator 10.4.1 - Labour income share as a percent of GDP (%)","2018",47.705,"Imputation"
"Saint Vincent and the Grenadines","ILO - Modelled Estimates","SDG indicator 10.4.1 - Labour income share as a percent of GDP (%)","2017",48.058,"Imputation"
"Saint Vincent and the Grenadines","ILO - Modelled Estimates","SDG indicator 10.4.1 - Labour income share as a percent of GDP (%)","2016",47.487,"Imputation"
"Saint Vincent and the Grenadines","ILO - Modelled Estimates","SDG indicator 10.4.1 - Labour income share as a percent of GDP (%)","2015",47.777,"Imputation"
"Saint Vincent and the Grenadines","ILO - Modelled Estimates","SDG indicator 10.4.1 - Labour income share as a percent of GDP (%)","2014",48.134,"Imputation"
"Saint Vincent and the Grenadines","ILO - Modelled Estimates","SDG indicator 10.4.1 - Labour income share as a percent of GDP (%)","2013",47.835,"Imputation"
"Saint Vincent and the Grenadines","ILO - Modelled Estimates","SDG indicator 10.4.1 - Labour income share as a percent of GDP (%)","2012",48.112,"Imputation"
"Saint Vincent and the Grenadines","ILO - Modelled Estimates","SDG indicator 10.4.1 - Labour income share as a percent of GDP (%)","2011",48.492,"Imputation"
"Saint Vincent and the Grenadines","ILO - Modelled Estimates","SDG indicator 10.4.1 - Labour income share as a percent of GDP (%)","2010",49.326,"Imputation"
"Saint Vincent and the Grenadines","ILO - Modelled Estimates","SDG indicator 10.4.1 - Labour income share as a percent of GDP (%)","2009",48.637,"Imputation"
"Saint Vincent and the Grenadines","ILO - Modelled Estimates","SDG indicator 10.4.1 - Labour income share as a percent of GDP (%)","2008",48.237,"Imputation"
"Saint Vincent and the Grenadines","ILO - Modelled Estimates","SDG indicator 10.4.1 - Labour income share as a percent of GDP (%)","2007",47.585,"Imputation"
"Saint Vincent and the Grenadines","ILO - Modelled Estimates","SDG indicator 10.4.1 - Labour income share as a percent of GDP (%)","2006",46.792,"Imputation"
"Saint Vincent and the Grenadines","ILO - Modelled Estimates","SDG indicator 10.4.1 - Labour income share as a percent of GDP (%)","2005",47.777,"Imputation"
"Saint Vincent and the Grenadines","ILO - Modelled Estimates","SDG indicator 10.4.1 - Labour income share as a percent of GDP (%)","2004",47.412,"Imputation"
"Venezuela (Bolivarian Republic of)","ILO - Modelled Estimates","SDG indicator 10.4.1 - Labour income share as a percent of GDP (%)","2024",9.696,"Model-based extrapolation"
"Venezuela (Bolivarian Republic of)","ILO - Modelled Estimates","SDG indicator 10.4.1 - Labour income share as a percent of GDP (%)","2023",9.676,"Model-based extrapolation"
"Venezuela (Bolivarian Republic of)","ILO - Modelled Estimates","SDG indicator 10.4.1 - Labour income share as a percent of GDP (%)","2022",9.638,"Model-based extrapolation"
"Venezuela (Bolivarian Republic of)","ILO - Modelled Estimates","SDG indicator 10.4.1 - Labour income share as a percent of GDP (%)","2021",10.097,"Model-based extrapolation"
"Venezuela (Bolivarian Republic of)","ILO - Modelled Estimates","SDG indicator 10.4.1 - Labour income share as a percent of GDP (%)","2020",10.416,"Model-based extrapolation"
"Venezuela (Bolivarian Republic of)","ILO - Modelled Estimates","SDG indicator 10.4.1 - Labour income share as a percent of GDP (%)","2019",10.179,
"Venezuela (Bolivarian Republic of)","ILO - Modelled Estimates","SDG indicator 10.4.1 - Labour income share as a percent of GDP (%)","2018",17.685,
"Venezuela (Bolivarian Republic of)","ILO - Modelled Estimates","SDG indicator 10.4.1 - Labour income share as a percent of GDP (%)","2017",25.309,
"Venezuela (Bolivarian Republic of)","ILO - Modelled Estimates","SDG indicator 10.4.1 - Labour income share as a percent of GDP (%)","2016",30.54,
"Venezuela (Bolivarian Republic of)","ILO - Modelled Estimates","SDG indicator 10.4.1 - Labour income share as a percent of GDP (%)","2015",31.228,
"Venezuela (Bolivarian Republic of)","ILO - Modelled Estimates","SDG indicator 10.4.1 - Labour income share as a percent of GDP (%)","2014",48.237,
"Venezuela (Bolivarian Republic of)","ILO - Modelled Estimates","SDG indicator 10.4.1 - Labour income share as a percent of GDP (%)","2013",42.427,
"Venezuela (Bolivarian Republic of)","ILO - Modelled Estimates","SDG indicator 10.4.1 - Labour income share as a percent of GDP (%)","2012",42.591,
"Venezuela (Bolivarian Republic of)","ILO - Modelled Estimates","SDG indicator 10.4.1 - Labour income share as a percent of GDP (%)","2011",39.699,
"Venezuela (Bolivarian Republic of)","ILO - Modelled Estimates","SDG indicator 10.4.1 - Labour income share as a percent of GDP (%)","2010",39.802,
"Venezuela (Bolivarian Republic of)","ILO - Modelled Estimates","SDG indicator 10.4.1 - Labour income share as a percent of GDP (%)","2009",45.991,
"Venezuela (Bolivarian Republic of)","ILO - Modelled Estimates","SDG indicator 10.4.1 - Labour income share as a percent of GDP (%)","2008",39.465,
"Venezuela (Bolivarian Republic of)","ILO - Modelled Estimates","SDG indicator 10.4.1 - Labour income share as a percent of GDP (%)","2007",41.86,
"Venezuela (Bolivarian Republic of)","ILO - Modelled Estimates","SDG indicator 10.4.1 - Labour income share as a percent of GDP (%)","2006",40.335,
"Venezuela (Bolivarian Republic of)","ILO - Modelled Estimates","SDG indicator 10.4.1 - Labour income share as a percent of GDP (%)","2005",38.069,
"Venezuela (Bolivarian Republic of)","ILO - Modelled Estimates","SDG indicator 10.4.1 - Labour income share as a percent of GDP (%)","2004",39.464,
"United States Virgin Islands","ILO - Modelled Estimates","SDG indicator 10.4.1 - Labour income share as a percent of GDP (%)","2024",56.595,"Imputation"
"United States Virgin Islands","ILO - Modelled Estimates","SDG indicator 10.4.1 - Labour income share as a percent of GDP (%)","2023",56.671,"Imputation"
"United States Virgin Islands","ILO - Modelled Estimates","SDG indicator 10.4.1 - Labour income share as a percent of GDP (%)","2022",56.495,"Imputation"
"United States Virgin Islands","ILO - Modelled Estimates","SDG indicator 10.4.1 - Labour income share as a percent of GDP (%)","2021",55.851,"Imputation"
"United States Virgin Islands","ILO - Modelled Estimates","SDG indicator 10.4.1 - Labour income share as a percent of GDP (%)","2020",59.09,"Imputation"
"United States Virgin Islands","ILO - Modelled Estimates","SDG indicator 10.4.1 - Labour income share as a percent of GDP (%)","2019",56.605,"Imputation"
"United States Virgin Islands","ILO - Modelled Estimates","SDG indicator 10.4.1 - Labour income share as a percent of GDP (%)","2018",56.743,"Imputation"
"United States Virgin Islands","ILO - Modelled Estimates","SDG indicator 10.4.1 - Labour income share as a percent of GDP (%)","2017",57.098,"Imputation"
"United States Virgin Islands","ILO - Modelled Estimates","SDG indicator 10.4.1 - Labour income share as a percent of GDP (%)","2016",56.782,"Imputation"
"United States Virgin Islands","ILO - Modelled Estimates","SDG indicator 10.4.1 - Labour income share as a percent of GDP (%)","2015",57.056,"Imputation"
"United States Virgin Islands","ILO - Modelled Estimates","SDG indicator 10.4.1 - Labour income share as a percent of GDP (%)","2014",57.238,"Imputation"
"United States Virgin Islands","ILO - Modelled Estimates","SDG indicator 10.4.1 - Labour income share as a percent of GDP (%)","2013",57.846,"Imputation"
"United States Virgin Islands","ILO - Modelled Estimates","SDG indicator 10.4.1 - Labour income share as a percent of GDP (%)","2012",58.996,"Imputation"
"United States Virgin Islands","ILO - Modelled Estimates","SDG indicator 10.4.1 - Labour income share as a percent of GDP (%)","2011",58.105,"Imputation"
"United States Virgin Islands","ILO - Modelled Estimates","SDG indicator 10.4.1 - Labour income share as a percent of GDP (%)","2010",56.921,"Imputation"
"United States Virgin Islands","ILO - Modelled Estimates","SDG indicator 10.4.1 - Labour income share as a percent of GDP (%)","2009",57.896,"Imputation"
"United States Virgin Islands","ILO - Modelled Estimates","SDG indicator 10.4.1 - Labour income share as a percent of GDP (%)","2008",56.843,"Imputation"
"United States Virgin Islands","ILO - Modelled Estimates","SDG indicator 10.4.1 - Labour income share as a percent of GDP (%)","2007",56.469,"Imputation"
"United States Virgin Islands","ILO - Modelled Estimates","SDG indicator 10.4.1 - Labour income share as a percent of GDP (%)","2006",56.538,"Imputation"
"United States Virgin Islands","ILO - Modelled Estimates","SDG indicator 10.4.1 - Labour income share as a percent of GDP (%)","2005",56.54,"Imputation"
"United States Virgin Islands","ILO - Modelled Estimates","SDG indicator 10.4.1 - Labour income share as a percent of GDP (%)","2004",56.564,"Imputation"
"Viet Nam","ILO - Modelled Estimates","SDG indicator 10.4.1 - Labour income share as a percent of GDP (%)","2024",43.253,"Imputation"
"Viet Nam","ILO - Modelled Estimates","SDG indicator 10.4.1 - Labour income share as a percent of GDP (%)","2023",43.619,"Imputation"
"Viet Nam","ILO - Modelled Estimates","SDG indicator 10.4.1 - Labour income share as a percent of GDP (%)","2022",42.16,"Imputation"
"Viet Nam","ILO - Modelled Estimates","SDG indicator 10.4.1 - Labour income share as a percent of GDP (%)","2021",43.129,"Imputation"
"Viet Nam","ILO - Modelled Estimates","SDG indicator 10.4.1 - Labour income share as a percent of GDP (%)","2020",42.338,"Imputation"
"Viet Nam","ILO - Modelled Estimates","SDG indicator 10.4.1 - Labour income share as a percent of GDP (%)","2019",42.192,"Imputation"
"Viet Nam","ILO - Modelled Estimates","SDG indicator 10.4.1 - Labour income share as a percent of GDP (%)","2018",43.099,"Imputation"
"Viet Nam","ILO - Modelled Estimates","SDG indicator 10.4.1 - Labour income share as a percent of GDP (%)","2017",43.203,"Imputation"
"Viet Nam","ILO - Modelled Estimates","SDG indicator 10.4.1 - Labour income share as a percent of GDP (%)","2016",42.721,"Imputation"
"Viet Nam","ILO - Modelled Estimates","SDG indicator 10.4.1 - Labour income share as a percent of GDP (%)","2015",42.684,"Imputation"
"Viet Nam","ILO - Modelled Estimates","SDG indicator 10.4.1 - Labour income share as a percent of GDP (%)","2014",43.602,"Imputation"
"Viet Nam","ILO - Modelled Estimates","SDG indicator 10.4.1 - Labour income share as a percent of GDP (%)","2013",44.057,"Imputation"
"Viet Nam","ILO - Modelled Estimates","SDG indicator 10.4.1 - Labour income share as a percent of GDP (%)","2012",44.063,"Imputation"
"Viet Nam","ILO - Modelled Estimates","SDG indicator 10.4.1 - Labour income share as a percent of GDP (%)","2011",43.779,"Imputation"
"Viet Nam","ILO - Modelled Estimates","SDG indicator 10.4.1 - Labour income share as a percent of GDP (%)","2010",43.845,"Imputation"
"Viet Nam","ILO - Modelled Estimates","SDG indicator 10.4.1 - Labour income share as a percent of GDP (%)","2009",44.339,"Imputation"
"Viet Nam","ILO - Modelled Estimates","SDG indicator 10.4.1 - Labour income share as a percent of GDP (%)","2008",44.337,"Imputation"
"Viet Nam","ILO - Modelled Estimates","SDG indicator 10.4.1 - Labour income share as a percent of GDP (%)","2007",43.792,"Imputation"
"Viet Nam","ILO - Modelled Estimates","SDG indicator 10.4.1 - Labour income share as a percent of GDP (%)","2006",44.01,"Imputation"
"Viet Nam","ILO - Modelled Estimates","SDG indicator 10.4.1 - Labour income share as a percent of GDP (%)","2005",43.93,"Imputation"
"Viet Nam","ILO - Modelled Estimates","SDG indicator 10.4.1 - Labour income share as a percent of GDP (%)","2004",44.138,"Imputation"
"Vanuatu","ILO - Modelled Estimates","SDG indicator 10.4.1 - Labour income share as a percent of GDP (%)","2024",59.844,"Model-based extrapolation"
"Vanuatu","ILO - Modelled Estimates","SDG indicator 10.4.1 - Labour income share as a percent of GDP (%)","2023",60.013,"Model-based extrapolation"
"Vanuatu","ILO - Modelled Estimates","SDG indicator 10.4.1 - Labour income share as a percent of GDP (%)","2022",60.081,"Model-based extrapolation"
"Vanuatu","ILO - Modelled Estimates","SDG indicator 10.4.1 - Labour income share as a percent of GDP (%)","2021",59.358,"Model-based extrapolation"
"Vanuatu","ILO - Modelled Estimates","SDG indicator 10.4.1 - Labour income share as a percent of GDP (%)","2020",61.786,"Model-based extrapolation"
"Vanuatu","ILO - Modelled Estimates","SDG indicator 10.4.1 - Labour income share as a percent of GDP (%)","2019",59.817,"Model-based extrapolation"
"Vanuatu","ILO - Modelled Estimates","SDG indicator 10.4.1 - Labour income share as a percent of GDP (%)","2018",60.038,"Model-based extrapolation"
"Vanuatu","ILO - Modelled Estimates","SDG indicator 10.4.1 - Labour income share as a percent of GDP (%)","2017",59.025,"Model-based extrapolation"
"Vanuatu","ILO - Modelled Estimates","SDG indicator 10.4.1 - Labour income share as a percent of GDP (%)","2016",59.679,"Model-based extrapolation"
"Vanuatu","ILO - Modelled Estimates","SDG indicator 10.4.1 - Labour income share as a percent of GDP (%)","2015",61.221,"Model-based extrapolation"
"Vanuatu","ILO - Modelled Estimates","SDG indicator 10.4.1 - Labour income share as a percent of GDP (%)","2014",60.448,
"Vanuatu","ILO - Modelled Estimates","SDG indicator 10.4.1 - Labour income share as a percent of GDP (%)","2013",62.067,
"Vanuatu","ILO - Modelled Estimates","SDG indicator 10.4.1 - Labour income share as a percent of GDP (%)","2012",64.012,
"Vanuatu","ILO - Modelled Estimates","SDG indicator 10.4.1 - Labour income share as a percent of GDP (%)","2011",64.941,
"Vanuatu","ILO - Modelled Estimates","SDG indicator 10.4.1 - Labour income share as a percent of GDP (%)","2010",65.821,
"Vanuatu","ILO - Modelled Estimates","SDG indicator 10.4.1 - Labour income share as a percent of GDP (%)","2009",66.731,
"Vanuatu","ILO - Modelled Estimates","SDG indicator 10.4.1 - Labour income share as a percent of GDP (%)","2008",68.352,
"Vanuatu","ILO - Modelled Estimates","SDG indicator 10.4.1 - Labour income share as a percent of GDP (%)","2007",68.993,
"Vanuatu","ILO - Modelled Estimates","SDG indicator 10.4.1 - Labour income share as a percent of GDP (%)","2006",67.094,
"Vanuatu","ILO - Modelled Estimates","SDG indicator 10.4.1 - Labour income share as a percent of GDP (%)","2005",68.36,
"Vanuatu","ILO - Modelled Estimates","SDG indicator 10.4.1 - Labour income share as a percent of GDP (%)","2004",68.921,
"Samoa","ILO - Modelled Estimates","SDG indicator 10.4.1 - Labour income share as a percent of GDP (%)","2024",39.993,"Imputation"
"Samoa","ILO - Modelled Estimates","SDG indicator 10.4.1 - Labour income share as a percent of GDP (%)","2023",39.58,"Imputation"
"Samoa","ILO - Modelled Estimates","SDG indicator 10.4.1 - Labour income share as a percent of GDP (%)","2022",41.694,"Imputation"
"Samoa","ILO - Modelled Estimates","SDG indicator 10.4.1 - Labour income share as a percent of GDP (%)","2021",40.736,"Imputation"
"Samoa","ILO - Modelled Estimates","SDG indicator 10.4.1 - Labour income share as a percent of GDP (%)","2020",42.562,"Imputation"
"Samoa","ILO - Modelled Estimates","SDG indicator 10.4.1 - Labour income share as a percent of GDP (%)","2019",40.791,"Imputation"
"Samoa","ILO - Modelled Estimates","SDG indicator 10.4.1 - Labour income share as a percent of GDP (%)","2018",41.804,"Imputation"
"Samoa","ILO - Modelled Estimates","SDG indicator 10.4.1 - Labour income share as a percent of GDP (%)","2017",41.704,"Imputation"
"Samoa","ILO - Modelled Estimates","SDG indicator 10.4.1 - Labour income share as a percent of GDP (%)","2016",40.678,"Imputation"
"Samoa","ILO - Modelled Estimates","SDG indicator 10.4.1 - Labour income share as a percent of GDP (%)","2015",41.326,"Imputation"
"Samoa","ILO - Modelled Estimates","SDG indicator 10.4.1 - Labour income share as a percent of GDP (%)","2014",41.83,"Imputation"
"Samoa","ILO - Modelled Estimates","SDG indicator 10.4.1 - Labour income share as a percent of GDP (%)","2013",41.922,"Imputation"
"Samoa","ILO - Modelled Estimates","SDG indicator 10.4.1 - Labour income share as a percent of GDP (%)","2012",42.525,"Imputation"
"Samoa","ILO - Modelled Estimates","SDG indicator 10.4.1 - Labour income share as a percent of GDP (%)","2011",41.344,"Imputation"
"Samoa","ILO - Modelled Estimates","SDG indicator 10.4.1 - Labour income share as a percent of GDP (%)","2010",40.997,"Imputation"
"Samoa","ILO - Modelled Estimates","SDG indicator 10.4.1 - Labour income share as a percent of GDP (%)","2009",42.047,"Imputation"
"Samoa","ILO - Modelled Estimates","SDG indicator 10.4.1 - Labour income share as a percent of GDP (%)","2008",41.401,"Imputation"
"Samoa","ILO - Modelled Estimates","SDG indicator 10.4.1 - Labour income share as a percent of GDP (%)","2007",41.881,"Imputation"
"Samoa","ILO - Modelled Estimates","SDG indicator 10.4.1 - Labour income share as a percent of GDP (%)","2006",41.634,"Imputation"
"Samoa","ILO - Modelled Estimates","SDG indicator 10.4.1 - Labour income share as a percent of GDP (%)","2005",40.933,"Imputation"
"Samoa","ILO - Modelled Estimates","SDG indicator 10.4.1 - Labour income share as a percent of GDP (%)","2004",41.498,"Imputation"
"World","ILO - Modelled Estimates","SDG indicator 10.4.1 - Labour income share as a percent of GDP (%)","2024",52.3,
"World","ILO - Modelled Estimates","SDG indicator 10.4.1 - Labour income share as a percent of GDP (%)","2023",52.3,
"World","ILO - Modelled Estimates","SDG indicator 10.4.1 - Labour income share as a percent of GDP (%)","2022",52.3,
"World","ILO - Modelled Estimates","SDG indicator 10.4.1 - Labour income share as a percent of GDP (%)","2021",52.8,
"World","ILO - Modelled Estimates","SDG indicator 10.4.1 - Labour income share as a percent of GDP (%)","2020",53.8,
"World","ILO - Modelled Estimates","SDG indicator 10.4.1 - Labour income share as a percent of GDP (%)","2019",52.9,
"World","ILO - Modelled Estimates","SDG indicator 10.4.1 - Labour income share as a percent of GDP (%)","2018",52.7,
"World","ILO - Modelled Estimates","SDG indicator 10.4.1 - Labour income share as a percent of GDP (%)","2017",52.8,
"World","ILO - Modelled Estimates","SDG indicator 10.4.1 - Labour income share as a percent of GDP (%)","2016",52.9,
"World","ILO - Modelled Estimates","SDG indicator 10.4.1 - Labour income share as a percent of GDP (%)","2015",52.9,
"World","ILO - Modelled Estimates","SDG indicator 10.4.1 - Labour income share as a percent of GDP (%)","2014",52.9,
"World","ILO - Modelled Estimates","SDG indicator 10.4.1 - Labour income share as a percent of GDP (%)","2013",52.7,
"World","ILO - Modelled Estimates","SDG indicator 10.4.1 - Labour income share as a percent of GDP (%)","2012",52.8,
"World","ILO - Modelled Estimates","SDG indicator 10.4.1 - Labour income share as a percent of GDP (%)","2011",52.7,
"World","ILO - Modelled Estimates","SDG indicator 10.4.1 - Labour income share as a percent of GDP (%)","2010",53.2,
"World","ILO - Modelled Estimates","SDG indicator 10.4.1 - Labour income share as a percent of GDP (%)","2009",54.3,
"World","ILO - Modelled Estimates","SDG indicator 10.4.1 - Labour income share as a percent of GDP (%)","2008",53.3,
"World","ILO - Modelled Estimates","SDG indicator 10.4.1 - Labour income share as a percent of GDP (%)","2007",52.8,
"World","ILO - Modelled Estimates","SDG indicator 10.4.1 - Labour income share as a percent of GDP (%)","2006",53,
"World","ILO - Modelled Estimates","SDG indicator 10.4.1 - Labour income share as a percent of GDP (%)","2005",53.4,
"World","ILO - Modelled Estimates","SDG indicator 10.4.1 - Labour income share as a percent of GDP (%)","2004",53.9,
"World: Low income","ILO - Modelled Estimates","SDG indicator 10.4.1 - Labour income share as a percent of GDP (%)","2024",39.1,
"World: Low income","ILO - Modelled Estimates","SDG indicator 10.4.1 - Labour income share as a percent of GDP (%)","2023",39.2,
"World: Low income","ILO - Modelled Estimates","SDG indicator 10.4.1 - Labour income share as a percent of GDP (%)","2022",38.9,
"World: Low income","ILO - Modelled Estimates","SDG indicator 10.4.1 - Labour income share as a percent of GDP (%)","2021",38.9,
"World: Low income","ILO - Modelled Estimates","SDG indicator 10.4.1 - Labour income share as a percent of GDP (%)","2020",38.9,
"World: Low income","ILO - Modelled Estimates","SDG indicator 10.4.1 - Labour income share as a percent of GDP (%)","2019",38.7,
"World: Low income","ILO - Modelled Estimates","SDG indicator 10.4.1 - Labour income share as a percent of GDP (%)","2018",38.7,
"World: Low income","ILO - Modelled Estimates","SDG indicator 10.4.1 - Labour income share as a percent of GDP (%)","2017",38.3,
"World: Low income","ILO - Modelled Estimates","SDG indicator 10.4.1 - Labour income share as a percent of GDP (%)","2016",38.5,
"World: Low income","ILO - Modelled Estimates","SDG indicator 10.4.1 - Labour income share as a percent of GDP (%)","2015",38.8,
"World: Low income","ILO - Modelled Estimates","SDG indicator 10.4.1 - Labour income share as a percent of GDP (%)","2014",38.2,
"World: Low income","ILO - Modelled Estimates","SDG indicator 10.4.1 - Labour income share as a percent of GDP (%)","2013",38,
"World: Low income","ILO - Modelled Estimates","SDG indicator 10.4.1 - Labour income share as a percent of GDP (%)","2012",38.3,
"World: Low income","ILO - Modelled Estimates","SDG indicator 10.4.1 - Labour income share as a percent of GDP (%)","2011",37.9,
"World: Low income","ILO - Modelled Estimates","SDG indicator 10.4.1 - Labour income share as a percent of GDP (%)","2010",37.3,
"World: Low income","ILO - Modelled Estimates","SDG indicator 10.4.1 - Labour income share as a percent of GDP (%)","2009",38,
"World: Low income","ILO - Modelled Estimates","SDG indicator 10.4.1 - Labour income share as a percent of GDP (%)","2008",37.6,
"World: Low income","ILO - Modelled Estimates","SDG indicator 10.4.1 - Labour income share as a percent of GDP (%)","2007",38,
"World: Low income","ILO - Modelled Estimates","SDG indicator 10.4.1 - Labour income share as a percent of GDP (%)","2006",37.7,
"World: Low income","ILO - Modelled Estimates","SDG indicator 10.4.1 - Labour income share as a percent of GDP (%)","2005",37.7,
"World: Low income","ILO - Modelled Estimates","SDG indicator 10.4.1 - Labour income share as a percent of GDP (%)","2004",37.7,
"World: Lower-middle income","ILO - Modelled Estimates","SDG indicator 10.4.1 - Labour income share as a percent of GDP (%)","2024",50.4,
"World: Lower-middle income","ILO - Modelled Estimates","SDG indicator 10.4.1 - Labour income share as a percent of GDP (%)","2023",50.3,
"World: Lower-middle income","ILO - Modelled Estimates","SDG indicator 10.4.1 - Labour income share as a percent of GDP (%)","2022",50,
"World: Lower-middle income","ILO - Modelled Estimates","SDG indicator 10.4.1 - Labour income share as a percent of GDP (%)","2021",50.6,
"World: Lower-middle income","ILO - Modelled Estimates","SDG indicator 10.4.1 - Labour income share as a percent of GDP (%)","2020",50.8,
"World: Lower-middle income","ILO - Modelled Estimates","SDG indicator 10.4.1 - Labour income share as a percent of GDP (%)","2019",50.1,
"World: Lower-middle income","ILO - Modelled Estimates","SDG indicator 10.4.1 - Labour income share as a percent of GDP (%)","2018",49.6,
"World: Lower-middle income","ILO - Modelled Estimates","SDG indicator 10.4.1 - Labour income share as a percent of GDP (%)","2017",50,
"World: Lower-middle income","ILO - Modelled Estimates","SDG indicator 10.4.1 - Labour income share as a percent of GDP (%)","2016",49,
"World: Lower-middle income","ILO - Modelled Estimates","SDG indicator 10.4.1 - Labour income share as a percent of GDP (%)","2015",49.4,
"World: Lower-middle income","ILO - Modelled Estimates","SDG indicator 10.4.1 - Labour income share as a percent of GDP (%)","2014",50.1,
"World: Lower-middle income","ILO - Modelled Estimates","SDG indicator 10.4.1 - Labour income share as a percent of GDP (%)","2013",49.9,
"World: Lower-middle income","ILO - Modelled Estimates","SDG indicator 10.4.1 - Labour income share as a percent of GDP (%)","2012",50,
"World: Lower-middle income","ILO - Modelled Estimates","SDG indicator 10.4.1 - Labour income share as a percent of GDP (%)","2011",49.9,
"World: Lower-middle income","ILO - Modelled Estimates","SDG indicator 10.4.1 - Labour income share as a percent of GDP (%)","2010",50,
"World: Lower-middle income","ILO - Modelled Estimates","SDG indicator 10.4.1 - Labour income share as a percent of GDP (%)","2009",50.5,
"World: Lower-middle income","ILO - Modelled Estimates","SDG indicator 10.4.1 - Labour income share as a percent of GDP (%)","2008",49.3,
"World: Lower-middle income","ILO - Modelled Estimates","SDG indicator 10.4.1 - Labour income share as a percent of GDP (%)","2007",47.3,
"World: Lower-middle income","ILO - Modelled Estimates","SDG indicator 10.4.1 - Labour income share as a percent of GDP (%)","2006",47.7,
"World: Lower-middle income","ILO - Modelled Estimates","SDG indicator 10.4.1 - Labour income share as a percent of GDP (%)","2005",48.6,
"World: Lower-middle income","ILO - Modelled Estimates","SDG indicator 10.4.1 - Labour income share as a percent of GDP (%)","2004",49.3,
"World: Upper-middle income","ILO - Modelled Estimates","SDG indicator 10.4.1 - Labour income share as a percent of GDP (%)","2024",49.9,
"World: Upper-middle income","ILO - Modelled Estimates","SDG indicator 10.4.1 - Labour income share as a percent of GDP (%)","2023",49.7,
"World: Upper-middle income","ILO - Modelled Estimates","SDG indicator 10.4.1 - Labour income share as a percent of GDP (%)","2022",49.6,
"World: Upper-middle income","ILO - Modelled Estimates","SDG indicator 10.4.1 - Labour income share as a percent of GDP (%)","2021",49.8,
"World: Upper-middle income","ILO - Modelled Estimates","SDG indicator 10.4.1 - Labour income share as a percent of GDP (%)","2020",50.8,
"World: Upper-middle income","ILO - Modelled Estimates","SDG indicator 10.4.1 - Labour income share as a percent of GDP (%)","2019",50.2,
"World: Upper-middle income","ILO - Modelled Estimates","SDG indicator 10.4.1 - Labour income share as a percent of GDP (%)","2018",50,
"World: Upper-middle income","ILO - Modelled Estimates","SDG indicator 10.4.1 - Labour income share as a percent of GDP (%)","2017",50.3,
"World: Upper-middle income","ILO - Modelled Estimates","SDG indicator 10.4.1 - Labour income share as a percent of GDP (%)","2016",50.7,
"World: Upper-middle income","ILO - Modelled Estimates","SDG indicator 10.4.1 - Labour income share as a percent of GDP (%)","2015",50.5,
"World: Upper-middle income","ILO - Modelled Estimates","SDG indicator 10.4.1 - Labour income share as a percent of GDP (%)","2014",50.7,
"World: Upper-middle income","ILO - Modelled Estimates","SDG indicator 10.4.1 - Labour income share as a percent of GDP (%)","2013",50.2,
"World: Upper-middle income","ILO - Modelled Estimates","SDG indicator 10.4.1 - Labour income share as a percent of GDP (%)","2012",49.6,
"World: Upper-middle income","ILO - Modelled Estimates","SDG indicator 10.4.1 - Labour income share as a percent of GDP (%)","2011",49.2,
"World: Upper-middle income","ILO - Modelled Estimates","SDG indicator 10.4.1 - Labour income share as a percent of GDP (%)","2010",49.7,
"World: Upper-middle income","ILO - Modelled Estimates","SDG indicator 10.4.1 - Labour income share as a percent of GDP (%)","2009",50.8,
"World: Upper-middle income","ILO - Modelled Estimates","SDG indicator 10.4.1 - Labour income share as a percent of GDP (%)","2008",48.7,
"World: Upper-middle income","ILO - Modelled Estimates","SDG indicator 10.4.1 - Labour income share as a percent of GDP (%)","2007",47.8,
"World: Upper-middle income","ILO - Modelled Estimates","SDG indicator 10.4.1 - Labour income share as a percent of GDP (%)","2006",47.7,
"World: Upper-middle income","ILO - Modelled Estimates","SDG indicator 10.4.1 - Labour income share as a percent of GDP (%)","2005",47.6,
"World: Upper-middle income","ILO - Modelled Estimates","SDG indicator 10.4.1 - Labour income share as a percent of GDP (%)","2004",48,
"World: High income","ILO - Modelled Estimates","SDG indicator 10.4.1 - Labour income share as a percent of GDP (%)","2024",55.4,
"World: High income","ILO - Modelled Estimates","SDG indicator 10.4.1 - Labour income share as a percent of GDP (%)","2023",55.3,
"World: High income","ILO - Modelled Estimates","SDG indicator 10.4.1 - Labour income share as a percent of GDP (%)","2022",55.5,
"World: High income","ILO - Modelled Estimates","SDG indicator 10.4.1 - Labour income share as a percent of GDP (%)","2021",56.2,
"World: High income","ILO - Modelled Estimates","SDG indicator 10.4.1 - Labour income share as a percent of GDP (%)","2020",57.6,
"World: High income","ILO - Modelled Estimates","SDG indicator 10.4.1 - Labour income share as a percent of GDP (%)","2019",56.3,
"World: High income","ILO - Modelled Estimates","SDG indicator 10.4.1 - Labour income share as a percent of GDP (%)","2018",56,
"World: High income","ILO - Modelled Estimates","SDG indicator 10.4.1 - Labour income share as a percent of GDP (%)","2017",55.9,
"World: High income","ILO - Modelled Estimates","SDG indicator 10.4.1 - Labour income share as a percent of GDP (%)","2016",56.1,
"World: High income","ILO - Modelled Estimates","SDG indicator 10.4.1 - Labour income share as a percent of GDP (%)","2015",55.9,
"World: High income","ILO - Modelled Estimates","SDG indicator 10.4.1 - Labour income share as a percent of GDP (%)","2014",55.6,
"World: High income","ILO - Modelled Estimates","SDG indicator 10.4.1 - Labour income share as a percent of GDP (%)","2013",55.5,
"World: High income","ILO - Modelled Estimates","SDG indicator 10.4.1 - Labour income share as a percent of GDP (%)","2012",55.9,
"World: High income","ILO - Modelled Estimates","SDG indicator 10.4.1 - Labour income share as a percent of GDP (%)","2011",56,
"World: High income","ILO - Modelled Estimates","SDG indicator 10.4.1 - Labour income share as a percent of GDP (%)","2010",56.5,
"World: High income","ILO - Modelled Estimates","SDG indicator 10.4.1 - Labour income share as a percent of GDP (%)","2009",57.6,
"World: High income","ILO - Modelled Estimates","SDG indicator 10.4.1 - Labour income share as a percent of GDP (%)","2008",57,
"World: High income","ILO - Modelled Estimates","SDG indicator 10.4.1 - Labour income share as a percent of GDP (%)","2007",56.9,
"World: High income","ILO - Modelled Estimates","SDG indicator 10.4.1 - Labour income share as a percent of GDP (%)","2006",57,
"World: High income","ILO - Modelled Estimates","SDG indicator 10.4.1 - Labour income share as a percent of GDP (%)","2005",57.4,
"World: High income","ILO - Modelled Estimates","SDG indicator 10.4.1 - Labour income share as a percent of GDP (%)","2004",57.8,
"Africa","ILO - Modelled Estimates","SDG indicator 10.4.1 - Labour income share as a percent of GDP (%)","2024",47.3,
"Africa","ILO - Modelled Estimates","SDG indicator 10.4.1 - Labour income share as a percent of GDP (%)","2023",47.4,
"Africa","ILO - Modelled Estimates","SDG indicator 10.4.1 - Labour income share as a percent of GDP (%)","2022",47.1,
"Africa","ILO - Modelled Estimates","SDG indicator 10.4.1 - Labour income share as a percent of GDP (%)","2021",48,
"Africa","ILO - Modelled Estimates","SDG indicator 10.4.1 - Labour income share as a percent of GDP (%)","2020",49.1,
"Africa","ILO - Modelled Estimates","SDG indicator 10.4.1 - Labour income share as a percent of GDP (%)","2019",48.5,
"Africa","ILO - Modelled Estimates","SDG indicator 10.4.1 - Labour income share as a percent of GDP (%)","2018",47.9,
"Africa","ILO - Modelled Estimates","SDG indicator 10.4.1 - Labour income share as a percent of GDP (%)","2017",48.2,
"Africa","ILO - Modelled Estimates","SDG indicator 10.4.1 - Labour income share as a percent of GDP (%)","2016",47.9,
"Africa","ILO - Modelled Estimates","SDG indicator 10.4.1 - Labour income share as a percent of GDP (%)","2015",48.4,
"Africa","ILO - Modelled Estimates","SDG indicator 10.4.1 - Labour income share as a percent of GDP (%)","2014",48.3,
"Africa","ILO - Modelled Estimates","SDG indicator 10.4.1 - Labour income share as a percent of GDP (%)","2013",47.3,
"Africa","ILO - Modelled Estimates","SDG indicator 10.4.1 - Labour income share as a percent of GDP (%)","2012",46.1,
"Africa","ILO - Modelled Estimates","SDG indicator 10.4.1 - Labour income share as a percent of GDP (%)","2011",46.4,
"Africa","ILO - Modelled Estimates","SDG indicator 10.4.1 - Labour income share as a percent of GDP (%)","2010",44.3,
"Africa","ILO - Modelled Estimates","SDG indicator 10.4.1 - Labour income share as a percent of GDP (%)","2009",44.4,
"Africa","ILO - Modelled Estimates","SDG indicator 10.4.1 - Labour income share as a percent of GDP (%)","2008",42.7,
"Africa","ILO - Modelled Estimates","SDG indicator 10.4.1 - Labour income share as a percent of GDP (%)","2007",43.1,
"Africa","ILO - Modelled Estimates","SDG indicator 10.4.1 - Labour income share as a percent of GDP (%)","2006",43.1,
"Africa","ILO - Modelled Estimates","SDG indicator 10.4.1 - Labour income share as a percent of GDP (%)","2005",43.4,
"Africa","ILO - Modelled Estimates","SDG indicator 10.4.1 - Labour income share as a percent of GDP (%)","2004",44.3,
"Africa: Low income","ILO - Modelled Estimates","SDG indicator 10.4.1 - Labour income share as a percent of GDP (%)","2024",39.6,
"Africa: Low income","ILO - Modelled Estimates","SDG indicator 10.4.1 - Labour income share as a percent of GDP (%)","2023",39.7,
"Africa: Low income","ILO - Modelled Estimates","SDG indicator 10.4.1 - Labour income share as a percent of GDP (%)","2022",39.4,
"Africa: Low income","ILO - Modelled Estimates","SDG indicator 10.4.1 - Labour income share as a percent of GDP (%)","2021",39.5,
"Africa: Low income","ILO - Modelled Estimates","SDG indicator 10.4.1 - Labour income share as a percent of GDP (%)","2020",39.3,
"Africa: Low income","ILO - Modelled Estimates","SDG indicator 10.4.1 - Labour income share as a percent of GDP (%)","2019",39.2,
"Africa: Low income","ILO - Modelled Estimates","SDG indicator 10.4.1 - Labour income share as a percent of GDP (%)","2018",39.1,
"Africa: Low income","ILO - Modelled Estimates","SDG indicator 10.4.1 - Labour income share as a percent of GDP (%)","2017",38.7,
"Africa: Low income","ILO - Modelled Estimates","SDG indicator 10.4.1 - Labour income share as a percent of GDP (%)","2016",39,
"Africa: Low income","ILO - Modelled Estimates","SDG indicator 10.4.1 - Labour income share as a percent of GDP (%)","2015",39.1,
"Africa: Low income","ILO - Modelled Estimates","SDG indicator 10.4.1 - Labour income share as a percent of GDP (%)","2014",38.9,
"Africa: Low income","ILO - Modelled Estimates","SDG indicator 10.4.1 - Labour income share as a percent of GDP (%)","2013",38.7,
"Africa: Low income","ILO - Modelled Estimates","SDG indicator 10.4.1 - Labour income share as a percent of GDP (%)","2012",39.3,
"Africa: Low income","ILO - Modelled Estimates","SDG indicator 10.4.1 - Labour income share as a percent of GDP (%)","2011",38.6,
"Africa: Low income","ILO - Modelled Estimates","SDG indicator 10.4.1 - Labour income share as a percent of GDP (%)","2010",38.4,
"Africa: Low income","ILO - Modelled Estimates","SDG indicator 10.4.1 - Labour income share as a percent of GDP (%)","2009",39.3,
"Africa: Low income","ILO - Modelled Estimates","SDG indicator 10.4.1 - Labour income share as a percent of GDP (%)","2008",38.7,
"Africa: Low income","ILO - Modelled Estimates","SDG indicator 10.4.1 - Labour income share as a percent of GDP (%)","2007",39.2,
"Africa: Low income","ILO - Modelled Estimates","SDG indicator 10.4.1 - Labour income share as a percent of GDP (%)","2006",38.7,
"Africa: Low income","ILO - Modelled Estimates","SDG indicator 10.4.1 - Labour income share as a percent of GDP (%)","2005",39,
"Africa: Low income","ILO - Modelled Estimates","SDG indicator 10.4.1 - Labour income share as a percent of GDP (%)","2004",38.9,
"Africa: Lower-middle income","ILO - Modelled Estimates","SDG indicator 10.4.1 - Labour income share as a percent of GDP (%)","2024",48,
"Africa: Lower-middle income","ILO - Modelled Estimates","SDG indicator 10.4.1 - Labour income share as a percent of GDP (%)","2023",48,
"Africa: Lower-middle income","ILO - Modelled Estimates","SDG indicator 10.4.1 - Labour income share as a percent of GDP (%)","2022",47.7,
"Africa: Lower-middle income","ILO - Modelled Estimates","SDG indicator 10.4.1 - Labour income share as a percent of GDP (%)","2021",48.7,
"Africa: Lower-middle income","ILO - Modelled Estimates","SDG indicator 10.4.1 - Labour income share as a percent of GDP (%)","2020",49.7,
"Africa: Lower-middle income","ILO - Modelled Estimates","SDG indicator 10.4.1 - Labour income share as a percent of GDP (%)","2019",49.1,
"Africa: Lower-middle income","ILO - Modelled Estimates","SDG indicator 10.4.1 - Labour income share as a percent of GDP (%)","2018",48.3,
"Africa: Lower-middle income","ILO - Modelled Estimates","SDG indicator 10.4.1 - Labour income share as a percent of GDP (%)","2017",48.5,
"Africa: Lower-middle income","ILO - Modelled Estimates","SDG indicator 10.4.1 - Labour income share as a percent of GDP (%)","2016",47.6,
"Africa: Lower-middle income","ILO - Modelled Estimates","SDG indicator 10.4.1 - Labour income share as a percent of GDP (%)","2015",48.6,
"Africa: Lower-middle income","ILO - Modelled Estimates","SDG indicator 10.4.1 - Labour income share as a percent of GDP (%)","2014",48.7,
"Africa: Lower-middle income","ILO - Modelled Estimates","SDG indicator 10.4.1 - Labour income share as a percent of GDP (%)","2013",47.9,
"Africa: Lower-middle income","ILO - Modelled Estimates","SDG indicator 10.4.1 - Labour income share as a percent of GDP (%)","2012",46.5,
"Africa: Lower-middle income","ILO - Modelled Estimates","SDG indicator 10.4.1 - Labour income share as a percent of GDP (%)","2011",46.2,
"Africa: Lower-middle income","ILO - Modelled Estimates","SDG indicator 10.4.1 - Labour income share as a percent of GDP (%)","2010",44.8,
"Africa: Lower-middle income","ILO - Modelled Estimates","SDG indicator 10.4.1 - Labour income share as a percent of GDP (%)","2009",45.1,
"Africa: Lower-middle income","ILO - Modelled Estimates","SDG indicator 10.4.1 - Labour income share as a percent of GDP (%)","2008",43.2,
"Africa: Lower-middle income","ILO - Modelled Estimates","SDG indicator 10.4.1 - Labour income share as a percent of GDP (%)","2007",44,
"Africa: Lower-middle income","ILO - Modelled Estimates","SDG indicator 10.4.1 - Labour income share as a percent of GDP (%)","2006",43.9,
"Africa: Lower-middle income","ILO - Modelled Estimates","SDG indicator 10.4.1 - Labour income share as a percent of GDP (%)","2005",44.4,
"Africa: Lower-middle income","ILO - Modelled Estimates","SDG indicator 10.4.1 - Labour income share as a percent of GDP (%)","2004",45.6,
"Africa: Upper-middle income","ILO - Modelled Estimates","SDG indicator 10.4.1 - Labour income share as a percent of GDP (%)","2024",52,
"Africa: Upper-middle income","ILO - Modelled Estimates","SDG indicator 10.4.1 - Labour income share as a percent of GDP (%)","2023",52.2,
"Africa: Upper-middle income","ILO - Modelled Estimates","SDG indicator 10.4.1 - Labour income share as a percent of GDP (%)","2022",52.3,
"Africa: Upper-middle income","ILO - Modelled Estimates","SDG indicator 10.4.1 - Labour income share as a percent of GDP (%)","2021",53.7,
"Africa: Upper-middle income","ILO - Modelled Estimates","SDG indicator 10.4.1 - Labour income share as a percent of GDP (%)","2020",56.5,
"Africa: Upper-middle income","ILO - Modelled Estimates","SDG indicator 10.4.1 - Labour income share as a percent of GDP (%)","2019",54.6,
"Africa: Upper-middle income","ILO - Modelled Estimates","SDG indicator 10.4.1 - Labour income share as a percent of GDP (%)","2018",54,
"Africa: Upper-middle income","ILO - Modelled Estimates","SDG indicator 10.4.1 - Labour income share as a percent of GDP (%)","2017",54.9,
"Africa: Upper-middle income","ILO - Modelled Estimates","SDG indicator 10.4.1 - Labour income share as a percent of GDP (%)","2016",56.3,
"Africa: Upper-middle income","ILO - Modelled Estimates","SDG indicator 10.4.1 - Labour income share as a percent of GDP (%)","2015",55.8,
"Africa: Upper-middle income","ILO - Modelled Estimates","SDG indicator 10.4.1 - Labour income share as a percent of GDP (%)","2014",54.1,
"Africa: Upper-middle income","ILO - Modelled Estimates","SDG indicator 10.4.1 - Labour income share as a percent of GDP (%)","2013",51.7,
"Africa: Upper-middle income","ILO - Modelled Estimates","SDG indicator 10.4.1 - Labour income share as a percent of GDP (%)","2012",49.3,
"Africa: Upper-middle income","ILO - Modelled Estimates","SDG indicator 10.4.1 - Labour income share as a percent of GDP (%)","2011",53.2,
"Africa: Upper-middle income","ILO - Modelled Estimates","SDG indicator 10.4.1 - Labour income share as a percent of GDP (%)","2010",46.8,
"Africa: Upper-middle income","ILO - Modelled Estimates","SDG indicator 10.4.1 - Labour income share as a percent of GDP (%)","2009",45.7,
"Africa: Upper-middle income","ILO - Modelled Estimates","SDG indicator 10.4.1 - Labour income share as a percent of GDP (%)","2008",43.6,
"Africa: Upper-middle income","ILO - Modelled Estimates","SDG indicator 10.4.1 - Labour income share as a percent of GDP (%)","2007",42.9,
"Africa: Upper-middle income","ILO - Modelled Estimates","SDG indicator 10.4.1 - Labour income share as a percent of GDP (%)","2006",43.5,
"Africa: Upper-middle income","ILO - Modelled Estimates","SDG indicator 10.4.1 - Labour income share as a percent of GDP (%)","2005",43.3,
"Africa: Upper-middle income","ILO - Modelled Estimates","SDG indicator 10.4.1 - Labour income share as a percent of GDP (%)","2004",44.1,
"Northern Africa","ILO - Modelled Estimates","SDG indicator 10.4.1 - Labour income share as a percent of GDP (%)","2024",40.6,
"Northern Africa","ILO - Modelled Estimates","SDG indicator 10.4.1 - Labour income share as a percent of GDP (%)","2023",40.5,
"Northern Africa","ILO - Modelled Estimates","SDG indicator 10.4.1 - Labour income share as a percent of GDP (%)","2022",39.8,
"Northern Africa","ILO - Modelled Estimates","SDG indicator 10.4.1 - Labour income share as a percent of GDP (%)","2021",40.6,
"Northern Africa","ILO - Modelled Estimates","SDG indicator 10.4.1 - Labour income share as a percent of GDP (%)","2020",42.9,
"Northern Africa","ILO - Modelled Estimates","SDG indicator 10.4.1 - Labour income share as a percent of GDP (%)","2019",41.1,
"Northern Africa","ILO - Modelled Estimates","SDG indicator 10.4.1 - Labour income share as a percent of GDP (%)","2018",40.7,
"Northern Africa","ILO - Modelled Estimates","SDG indicator 10.4.1 - Labour income share as a percent of GDP (%)","2017",41.8,
"Northern Africa","ILO - Modelled Estimates","SDG indicator 10.4.1 - Labour income share as a percent of GDP (%)","2016",42.6,
"Northern Africa","ILO - Modelled Estimates","SDG indicator 10.4.1 - Labour income share as a percent of GDP (%)","2015",42.7,
"Northern Africa","ILO - Modelled Estimates","SDG indicator 10.4.1 - Labour income share as a percent of GDP (%)","2014",42.1,
"Northern Africa","ILO - Modelled Estimates","SDG indicator 10.4.1 - Labour income share as a percent of GDP (%)","2013",39.7,
"Northern Africa","ILO - Modelled Estimates","SDG indicator 10.4.1 - Labour income share as a percent of GDP (%)","2012",37.1,
"Northern Africa","ILO - Modelled Estimates","SDG indicator 10.4.1 - Labour income share as a percent of GDP (%)","2011",39.1,
"Northern Africa","ILO - Modelled Estimates","SDG indicator 10.4.1 - Labour income share as a percent of GDP (%)","2010",34.8,
"Northern Africa","ILO - Modelled Estimates","SDG indicator 10.4.1 - Labour income share as a percent of GDP (%)","2009",34.6,
"Northern Africa","ILO - Modelled Estimates","SDG indicator 10.4.1 - Labour income share as a percent of GDP (%)","2008",32.6,
"Northern Africa","ILO - Modelled Estimates","SDG indicator 10.4.1 - Labour income share as a percent of GDP (%)","2007",33.4,
"Northern Africa","ILO - Modelled Estimates","SDG indicator 10.4.1 - Labour income share as a percent of GDP (%)","2006",32.7,
"Northern Africa","ILO - Modelled Estimates","SDG indicator 10.4.1 - Labour income share as a percent of GDP (%)","2005",33.5,
"Northern Africa","ILO - Modelled Estimates","SDG indicator 10.4.1 - Labour income share as a percent of GDP (%)","2004",35.3,
"Northern Africa: Lower-middle income","ILO - Modelled Estimates","SDG indicator 10.4.1 - Labour income share as a percent of GDP (%)","2024",40.8,
"Northern Africa: Lower-middle income","ILO - Modelled Estimates","SDG indicator 10.4.1 - Labour income share as a percent of GDP (%)","2023",40.6,
"Northern Africa: Lower-middle income","ILO - Modelled Estimates","SDG indicator 10.4.1 - Labour income share as a percent of GDP (%)","2022",39.9,
"Northern Africa: Lower-middle income","ILO - Modelled Estimates","SDG indicator 10.4.1 - Labour income share as a percent of GDP (%)","2021",40.9,
"Northern Africa: Lower-middle income","ILO - Modelled Estimates","SDG indicator 10.4.1 - Labour income share as a percent of GDP (%)","2020",43.3,
"Northern Africa: Lower-middle income","ILO - Modelled Estimates","SDG indicator 10.4.1 - Labour income share as a percent of GDP (%)","2019",41.5,
"Northern Africa: Lower-middle income","ILO - Modelled Estimates","SDG indicator 10.4.1 - Labour income share as a percent of GDP (%)","2018",40.9,
"Northern Africa: Lower-middle income","ILO - Modelled Estimates","SDG indicator 10.4.1 - Labour income share as a percent of GDP (%)","2017",42,
"Northern Africa: Lower-middle income","ILO - Modelled Estimates","SDG indicator 10.4.1 - Labour income share as a percent of GDP (%)","2016",42.3,
"Northern Africa: Lower-middle income","ILO - Modelled Estimates","SDG indicator 10.4.1 - Labour income share as a percent of GDP (%)","2015",42.5,
"Northern Africa: Lower-middle income","ILO - Modelled Estimates","SDG indicator 10.4.1 - Labour income share as a percent of GDP (%)","2014",42.2,
"Northern Africa: Lower-middle income","ILO - Modelled Estimates","SDG indicator 10.4.1 - Labour income share as a percent of GDP (%)","2013",40.7,
"Northern Africa: Lower-middle income","ILO - Modelled Estimates","SDG indicator 10.4.1 - Labour income share as a percent of GDP (%)","2012",38.4,
"Northern Africa: Lower-middle income","ILO - Modelled Estimates","SDG indicator 10.4.1 - Labour income share as a percent of GDP (%)","2011",39.1,
"Northern Africa: Lower-middle income","ILO - Modelled Estimates","SDG indicator 10.4.1 - Labour income share as a percent of GDP (%)","2010",36.5,
"Northern Africa: Lower-middle income","ILO - Modelled Estimates","SDG indicator 10.4.1 - Labour income share as a percent of GDP (%)","2009",36.2,
"Northern Africa: Lower-middle income","ILO - Modelled Estimates","SDG indicator 10.4.1 - Labour income share as a percent of GDP (%)","2008",34.7,
"Northern Africa: Lower-middle income","ILO - Modelled Estimates","SDG indicator 10.4.1 - Labour income share as a percent of GDP (%)","2007",35.6,
"Northern Africa: Lower-middle income","ILO - Modelled Estimates","SDG indicator 10.4.1 - Labour income share as a percent of GDP (%)","2006",35.1,
"Northern Africa: Lower-middle income","ILO - Modelled Estimates","SDG indicator 10.4.1 - Labour income share as a percent of GDP (%)","2005",36.2,
"Northern Africa: Lower-middle income","ILO - Modelled Estimates","SDG indicator 10.4.1 - Labour income share as a percent of GDP (%)","2004",38.2,
"Sub-Saharan Africa","ILO - Modelled Estimates","SDG indicator 10.4.1 - Labour income share as a percent of GDP (%)","2024",51.3,
"Sub-Saharan Africa","ILO - Modelled Estimates","SDG indicator 10.4.1 - Labour income share as a percent of GDP (%)","2023",51.5,
"Sub-Saharan Africa","ILO - Modelled Estimates","SDG indicator 10.4.1 - Labour income share as a percent of GDP (%)","2022",51.6,
"Sub-Saharan Africa","ILO - Modelled Estimates","SDG indicator 10.4.1 - Labour income share as a percent of GDP (%)","2021",52.5,
"Sub-Saharan Africa","ILO - Modelled Estimates","SDG indicator 10.4.1 - Labour income share as a percent of GDP (%)","2020",52.8,
"Sub-Saharan Africa","ILO - Modelled Estimates","SDG indicator 10.4.1 - Labour income share as a percent of GDP (%)","2019",53,
"Sub-Saharan Africa","ILO - Modelled Estimates","SDG indicator 10.4.1 - Labour income share as a percent of GDP (%)","2018",52.3,
"Sub-Saharan Africa","ILO - Modelled Estimates","SDG indicator 10.4.1 - Labour income share as a percent of GDP (%)","2017",52,
"Sub-Saharan Africa","ILO - Modelled Estimates","SDG indicator 10.4.1 - Labour income share as a percent of GDP (%)","2016",51,
"Sub-Saharan Africa","ILO - Modelled Estimates","SDG indicator 10.4.1 - Labour income share as a percent of GDP (%)","2015",51.8,
"Sub-Saharan Africa","ILO - Modelled Estimates","SDG indicator 10.4.1 - Labour income share as a percent of GDP (%)","2014",51.9,
"Sub-Saharan Africa","ILO - Modelled Estimates","SDG indicator 10.4.1 - Labour income share as a percent of GDP (%)","2013",51.9,
"Sub-Saharan Africa","ILO - Modelled Estimates","SDG indicator 10.4.1 - Labour income share as a percent of GDP (%)","2012",51.7,
"Sub-Saharan Africa","ILO - Modelled Estimates","SDG indicator 10.4.1 - Labour income share as a percent of GDP (%)","2011",51,
"Sub-Saharan Africa","ILO - Modelled Estimates","SDG indicator 10.4.1 - Labour income share as a percent of GDP (%)","2010",50.8,
"Sub-Saharan Africa","ILO - Modelled Estimates","SDG indicator 10.4.1 - Labour income share as a percent of GDP (%)","2009",51.1,
"Sub-Saharan Africa","ILO - Modelled Estimates","SDG indicator 10.4.1 - Labour income share as a percent of GDP (%)","2008",49.7,
"Sub-Saharan Africa","ILO - Modelled Estimates","SDG indicator 10.4.1 - Labour income share as a percent of GDP (%)","2007",49.9,
"Sub-Saharan Africa","ILO - Modelled Estimates","SDG indicator 10.4.1 - Labour income share as a percent of GDP (%)","2006",50.4,
"Sub-Saharan Africa","ILO - Modelled Estimates","SDG indicator 10.4.1 - Labour income share as a percent of GDP (%)","2005",50.4,
"Sub-Saharan Africa","ILO - Modelled Estimates","SDG indicator 10.4.1 - Labour income share as a percent of GDP (%)","2004",50.8,
"Sub-Saharan Africa: Low income","ILO - Modelled Estimates","SDG indicator 10.4.1 - Labour income share as a percent of GDP (%)","2024",39.9,
"Sub-Saharan Africa: Low income","ILO - Modelled Estimates","SDG indicator 10.4.1 - Labour income share as a percent of GDP (%)","2023",39.9,
"Sub-Saharan Africa: Low income","ILO - Modelled Estimates","SDG indicator 10.4.1 - Labour income share as a percent of GDP (%)","2022",39.9,
"Sub-Saharan Africa: Low income","ILO - Modelled Estimates","SDG indicator 10.4.1 - Labour income share as a percent of GDP (%)","2021",40,
"Sub-Saharan Africa: Low income","ILO - Modelled Estimates","SDG indicator 10.4.1 - Labour income share as a percent of GDP (%)","2020",39.6,
"Sub-Saharan Africa: Low income","ILO - Modelled Estimates","SDG indicator 10.4.1 - Labour income share as a percent of GDP (%)","2019",39.7,
"Sub-Saharan Africa: Low income","ILO - Modelled Estimates","SDG indicator 10.4.1 - Labour income share as a percent of GDP (%)","2018",39.6,
"Sub-Saharan Africa: Low income","ILO - Modelled Estimates","SDG indicator 10.4.1 - Labour income share as a percent of GDP (%)","2017",39.2,
"Sub-Saharan Africa: Low income","ILO - Modelled Estimates","SDG indicator 10.4.1 - Labour income share as a percent of GDP (%)","2016",39.6,
"Sub-Saharan Africa: Low income","ILO - Modelled Estimates","SDG indicator 10.4.1 - Labour income share as a percent of GDP (%)","2015",39.8,
"Sub-Saharan Africa: Low income","ILO - Modelled Estimates","SDG indicator 10.4.1 - Labour income share as a percent of GDP (%)","2014",39.6,
"Sub-Saharan Africa: Low income","ILO - Modelled Estimates","SDG indicator 10.4.1 - Labour income share as a percent of GDP (%)","2013",39.3,
"Sub-Saharan Africa: Low income","ILO - Modelled Estimates","SDG indicator 10.4.1 - Labour income share as a percent of GDP (%)","2012",39.5,
"Sub-Saharan Africa: Low income","ILO - Modelled Estimates","SDG indicator 10.4.1 - Labour income share as a percent of GDP (%)","2011",39.2,
"Sub-Saharan Africa: Low income","ILO - Modelled Estimates","SDG indicator 10.4.1 - Labour income share as a percent of GDP (%)","2010",39.1,
"Sub-Saharan Africa: Low income","ILO - Modelled Estimates","SDG indicator 10.4.1 - Labour income share as a percent of GDP (%)","2009",40.2,
"Sub-Saharan Africa: Low income","ILO - Modelled Estimates","SDG indicator 10.4.1 - Labour income share as a percent of GDP (%)","2008",39.7,
"Sub-Saharan Africa: Low income","ILO - Modelled Estimates","SDG indicator 10.4.1 - Labour income share as a percent of GDP (%)","2007",40.6,
"Sub-Saharan Africa: Low income","ILO - Modelled Estimates","SDG indicator 10.4.1 - Labour income share as a percent of GDP (%)","2006",39.9,
"Sub-Saharan Africa: Low income","ILO - Modelled Estimates","SDG indicator 10.4.1 - Labour income share as a percent of GDP (%)","2005",40.2,
"Sub-Saharan Africa: Low income","ILO - Modelled Estimates","SDG indicator 10.4.1 - Labour income share as a percent of GDP (%)","2004",40,
"Sub-Saharan Africa: Lower-middle income","ILO - Modelled Estimates","SDG indicator 10.4.1 - Labour income share as a percent of GDP (%)","2024",54.8,
"Sub-Saharan Africa: Lower-middle income","ILO - Modelled Estimates","SDG indicator 10.4.1 - Labour income share as a percent of GDP (%)","2023",55,
"Sub-Saharan Africa: Lower-middle income","ILO - Modelled Estimates","SDG indicator 10.4.1 - Labour income share as a percent of GDP (%)","2022",55.1,
"Sub-Saharan Africa: Lower-middle income","ILO - Modelled Estimates","SDG indicator 10.4.1 - Labour income share as a percent of GDP (%)","2021",56,
"Sub-Saharan Africa: Lower-middle income","ILO - Modelled Estimates","SDG indicator 10.4.1 - Labour income share as a percent of GDP (%)","2020",55.7,
"Sub-Saharan Africa: Lower-middle income","ILO - Modelled Estimates","SDG indicator 10.4.1 - Labour income share as a percent of GDP (%)","2019",56.2,
"Sub-Saharan Africa: Lower-middle income","ILO - Modelled Estimates","SDG indicator 10.4.1 - Labour income share as a percent of GDP (%)","2018",55.1,
"Sub-Saharan Africa: Lower-middle income","ILO - Modelled Estimates","SDG indicator 10.4.1 - Labour income share as a percent of GDP (%)","2017",54.6,
"Sub-Saharan Africa: Lower-middle income","ILO - Modelled Estimates","SDG indicator 10.4.1 - Labour income share as a percent of GDP (%)","2016",52.6,
"Sub-Saharan Africa: Lower-middle income","ILO - Modelled Estimates","SDG indicator 10.4.1 - Labour income share as a percent of GDP (%)","2015",54,
"Sub-Saharan Africa: Lower-middle income","ILO - Modelled Estimates","SDG indicator 10.4.1 - Labour income share as a percent of GDP (%)","2014",54.5,
"Sub-Saharan Africa: Lower-middle income","ILO - Modelled Estimates","SDG indicator 10.4.1 - Labour income share as a percent of GDP (%)","2013",54.4,
"Sub-Saharan Africa: Lower-middle income","ILO - Modelled Estimates","SDG indicator 10.4.1 - Labour income share as a percent of GDP (%)","2012",54.1,
"Sub-Saharan Africa: Lower-middle income","ILO - Modelled Estimates","SDG indicator 10.4.1 - Labour income share as a percent of GDP (%)","2011",53.2,
"Sub-Saharan Africa: Lower-middle income","ILO - Modelled Estimates","SDG indicator 10.4.1 - Labour income share as a percent of GDP (%)","2010",53.1,
"Sub-Saharan Africa: Lower-middle income","ILO - Modelled Estimates","SDG indicator 10.4.1 - Labour income share as a percent of GDP (%)","2009",54.1,
"Sub-Saharan Africa: Lower-middle income","ILO - Modelled Estimates","SDG indicator 10.4.1 - Labour income share as a percent of GDP (%)","2008",52.1,
"Sub-Saharan Africa: Lower-middle income","ILO - Modelled Estimates","SDG indicator 10.4.1 - Labour income share as a percent of GDP (%)","2007",52.7,
"Sub-Saharan Africa: Lower-middle income","ILO - Modelled Estimates","SDG indicator 10.4.1 - Labour income share as a percent of GDP (%)","2006",53,
"Sub-Saharan Africa: Lower-middle income","ILO - Modelled Estimates","SDG indicator 10.4.1 - Labour income share as a percent of GDP (%)","2005",53,
"Sub-Saharan Africa: Lower-middle income","ILO - Modelled Estimates","SDG indicator 10.4.1 - Labour income share as a percent of GDP (%)","2004",53.5,
"Sub-Saharan Africa: Upper-middle income","ILO - Modelled Estimates","SDG indicator 10.4.1 - Labour income share as a percent of GDP (%)","2024",53.8,
"Sub-Saharan Africa: Upper-middle income","ILO - Modelled Estimates","SDG indicator 10.4.1 - Labour income share as a percent of GDP (%)","2023",53.9,
"Sub-Saharan Africa: Upper-middle income","ILO - Modelled Estimates","SDG indicator 10.4.1 - Labour income share as a percent of GDP (%)","2022",53.8,
"Sub-Saharan Africa: Upper-middle income","ILO - Modelled Estimates","SDG indicator 10.4.1 - Labour income share as a percent of GDP (%)","2021",55.7,
"Sub-Saharan Africa: Upper-middle income","ILO - Modelled Estimates","SDG indicator 10.4.1 - Labour income share as a percent of GDP (%)","2020",58,
"Sub-Saharan Africa: Upper-middle income","ILO - Modelled Estimates","SDG indicator 10.4.1 - Labour income share as a percent of GDP (%)","2019",56.7,
"Sub-Saharan Africa: Upper-middle income","ILO - Modelled Estimates","SDG indicator 10.4.1 - Labour income share as a percent of GDP (%)","2018",56.2,
"Sub-Saharan Africa: Upper-middle income","ILO - Modelled Estimates","SDG indicator 10.4.1 - Labour income share as a percent of GDP (%)","2017",56.4,
"Sub-Saharan Africa: Upper-middle income","ILO - Modelled Estimates","SDG indicator 10.4.1 - Labour income share as a percent of GDP (%)","2016",56.2,
"Sub-Saharan Africa: Upper-middle income","ILO - Modelled Estimates","SDG indicator 10.4.1 - Labour income share as a percent of GDP (%)","2015",55.8,
"Sub-Saharan Africa: Upper-middle income","ILO - Modelled Estimates","SDG indicator 10.4.1 - Labour income share as a percent of GDP (%)","2014",54.8,
"Sub-Saharan Africa: Upper-middle income","ILO - Modelled Estimates","SDG indicator 10.4.1 - Labour income share as a percent of GDP (%)","2013",55,
"Sub-Saharan Africa: Upper-middle income","ILO - Modelled Estimates","SDG indicator 10.4.1 - Labour income share as a percent of GDP (%)","2012",54.8,
"Sub-Saharan Africa: Upper-middle income","ILO - Modelled Estimates","SDG indicator 10.4.1 - Labour income share as a percent of GDP (%)","2011",54.3,
"Sub-Saharan Africa: Upper-middle income","ILO - Modelled Estimates","SDG indicator 10.4.1 - Labour income share as a percent of GDP (%)","2010",53.7,
"Sub-Saharan Africa: Upper-middle income","ILO - Modelled Estimates","SDG indicator 10.4.1 - Labour income share as a percent of GDP (%)","2009",52.1,
"Sub-Saharan Africa: Upper-middle income","ILO - Modelled Estimates","SDG indicator 10.4.1 - Labour income share as a percent of GDP (%)","2008",51.3,
"Sub-Saharan Africa: Upper-middle income","ILO - Modelled Estimates","SDG indicator 10.4.1 - Labour income share as a percent of GDP (%)","2007",50.3,
"Sub-Saharan Africa: Upper-middle income","ILO - Modelled Estimates","SDG indicator 10.4.1 - Labour income share as a percent of GDP (%)","2006",51.7,
"Sub-Saharan Africa: Upper-middle income","ILO - Modelled Estimates","SDG indicator 10.4.1 - Labour income share as a percent of GDP (%)","2005",51.3,
"Sub-Saharan Africa: Upper-middle income","ILO - Modelled Estimates","SDG indicator 10.4.1 - Labour income share as a percent of GDP (%)","2004",51.8,
"Central Africa","ILO - Modelled Estimates","SDG indicator 10.4.1 - Labour income share as a percent of GDP (%)","2024",41.3,
"Central Africa","ILO - Modelled Estimates","SDG indicator 10.4.1 - Labour income share as a percent of GDP (%)","2023",41.3,
"Central Africa","ILO - Modelled Estimates","SDG indicator 10.4.1 - Labour income share as a percent of GDP (%)","2022",41.1,
"Central Africa","ILO - Modelled Estimates","SDG indicator 10.4.1 - Labour income share as a percent of GDP (%)","2021",41.6,
"Central Africa","ILO - Modelled Estimates","SDG indicator 10.4.1 - Labour income share as a percent of GDP (%)","2020",41.9,
"Central Africa","ILO - Modelled Estimates","SDG indicator 10.4.1 - Labour income share as a percent of GDP (%)","2019",41.7,
"Central Africa","ILO - Modelled Estimates","SDG indicator 10.4.1 - Labour income share as a percent of GDP (%)","2018",41.6,
"Central Africa","ILO - Modelled Estimates","SDG indicator 10.4.1 - Labour income share as a percent of GDP (%)","2017",42,
"Central Africa","ILO - Modelled Estimates","SDG indicator 10.4.1 - Labour income share as a percent of GDP (%)","2016",42.1,
"Central Africa","ILO - Modelled Estimates","SDG indicator 10.4.1 - Labour income share as a percent of GDP (%)","2015",43,
"Central Africa","ILO - Modelled Estimates","SDG indicator 10.4.1 - Labour income share as a percent of GDP (%)","2014",40,
"Central Africa","ILO - Modelled Estimates","SDG indicator 10.4.1 - Labour income share as a percent of GDP (%)","2013",41.6,
"Central Africa","ILO - Modelled Estimates","SDG indicator 10.4.1 - Labour income share as a percent of GDP (%)","2012",42.9,
"Central Africa","ILO - Modelled Estimates","SDG indicator 10.4.1 - Labour income share as a percent of GDP (%)","2011",44.6,
"Central Africa","ILO - Modelled Estimates","SDG indicator 10.4.1 - Labour income share as a percent of GDP (%)","2010",45.1,
"Central Africa","ILO - Modelled Estimates","SDG indicator 10.4.1 - Labour income share as a percent of GDP (%)","2009",50,
"Central Africa","ILO - Modelled Estimates","SDG indicator 10.4.1 - Labour income share as a percent of GDP (%)","2008",42.3,
"Central Africa","ILO - Modelled Estimates","SDG indicator 10.4.1 - Labour income share as a percent of GDP (%)","2007",41.8,
"Central Africa","ILO - Modelled Estimates","SDG indicator 10.4.1 - Labour income share as a percent of GDP (%)","2006",41.5,
"Central Africa","ILO - Modelled Estimates","SDG indicator 10.4.1 - Labour income share as a percent of GDP (%)","2005",41.4,
"Central Africa","ILO - Modelled Estimates","SDG indicator 10.4.1 - Labour income share as a percent of GDP (%)","2004",44.1,
"Eastern Africa","ILO - Modelled Estimates","SDG indicator 10.4.1 - Labour income share as a percent of GDP (%)","2024",40.8,
"Eastern Africa","ILO - Modelled Estimates","SDG indicator 10.4.1 - Labour income share as a percent of GDP (%)","2023",40.8,
"Eastern Africa","ILO - Modelled Estimates","SDG indicator 10.4.1 - Labour income share as a percent of GDP (%)","2022",40.9,
"Eastern Africa","ILO - Modelled Estimates","SDG indicator 10.4.1 - Labour income share as a percent of GDP (%)","2021",41,
"Eastern Africa","ILO - Modelled Estimates","SDG indicator 10.4.1 - Labour income share as a percent of GDP (%)","2020",40.9,
"Eastern Africa","ILO - Modelled Estimates","SDG indicator 10.4.1 - Labour income share as a percent of GDP (%)","2019",41.1,
"Eastern Africa","ILO - Modelled Estimates","SDG indicator 10.4.1 - Labour income share as a percent of GDP (%)","2018",41.2,
"Eastern Africa","ILO - Modelled Estimates","SDG indicator 10.4.1 - Labour income share as a percent of GDP (%)","2017",40.6,
"Eastern Africa","ILO - Modelled Estimates","SDG indicator 10.4.1 - Labour income share as a percent of GDP (%)","2016",40.9,
"Eastern Africa","ILO - Modelled Estimates","SDG indicator 10.4.1 - Labour income share as a percent of GDP (%)","2015",41.3,
"Eastern Africa","ILO - Modelled Estimates","SDG indicator 10.4.1 - Labour income share as a percent of GDP (%)","2014",41.3,
"Eastern Africa","ILO - Modelled Estimates","SDG indicator 10.4.1 - Labour income share as a percent of GDP (%)","2013",41,
"Eastern Africa","ILO - Modelled Estimates","SDG indicator 10.4.1 - Labour income share as a percent of GDP (%)","2012",41.2,
"Eastern Africa","ILO - Modelled Estimates","SDG indicator 10.4.1 - Labour income share as a percent of GDP (%)","2011",40.1,
"Eastern Africa","ILO - Modelled Estimates","SDG indicator 10.4.1 - Labour income share as a percent of GDP (%)","2010",40.4,
"Eastern Africa","ILO - Modelled Estimates","SDG indicator 10.4.1 - Labour income share as a percent of GDP (%)","2009",40.2,
"Eastern Africa","ILO - Modelled Estimates","SDG indicator 10.4.1 - Labour income share as a percent of GDP (%)","2008",40,
"Eastern Africa","ILO - Modelled Estimates","SDG indicator 10.4.1 - Labour income share as a percent of GDP (%)","2007",41.9,
"Eastern Africa","ILO - Modelled Estimates","SDG indicator 10.4.1 - Labour income share as a percent of GDP (%)","2006",42.6,
"Eastern Africa","ILO - Modelled Estimates","SDG indicator 10.4.1 - Labour income share as a percent of GDP (%)","2005",42.6,
"Eastern Africa","ILO - Modelled Estimates","SDG indicator 10.4.1 - Labour income share as a percent of GDP (%)","2004",43.4,
"Southern Africa","ILO - Modelled Estimates","SDG indicator 10.4.1 - Labour income share as a percent of GDP (%)","2024",55.3,
"Southern Africa","ILO - Modelled Estimates","SDG indicator 10.4.1 - Labour income share as a percent of GDP (%)","2023",55.3,
"Southern Africa","ILO - Modelled Estimates","SDG indicator 10.4.1 - Labour income share as a percent of GDP (%)","2022",55.2,
"Southern Africa","ILO - Modelled Estimates","SDG indicator 10.4.1 - Labour income share as a percent of GDP (%)","2021",57.2,
"Southern Africa","ILO - Modelled Estimates","SDG indicator 10.4.1 - Labour income share as a percent of GDP (%)","2020",59.8,
"Southern Africa","ILO - Modelled Estimates","SDG indicator 10.4.1 - Labour income share as a percent of GDP (%)","2019",58.4,
"Southern Africa","ILO - Modelled Estimates","SDG indicator 10.4.1 - Labour income share as a percent of GDP (%)","2018",57.8,
"Southern Africa","ILO - Modelled Estimates","SDG indicator 10.4.1 - Labour income share as a percent of GDP (%)","2017",58.1,
"Southern Africa","ILO - Modelled Estimates","SDG indicator 10.4.1 - Labour income share as a percent of GDP (%)","2016",57.9,
"Southern Africa","ILO - Modelled Estimates","SDG indicator 10.4.1 - Labour income share as a percent of GDP (%)","2015",57.5,
"Southern Africa","ILO - Modelled Estimates","SDG indicator 10.4.1 - Labour income share as a percent of GDP (%)","2014",56.4,
"Southern Africa","ILO - Modelled Estimates","SDG indicator 10.4.1 - Labour income share as a percent of GDP (%)","2013",56.5,
"Southern Africa","ILO - Modelled Estimates","SDG indicator 10.4.1 - Labour income share as a percent of GDP (%)","2012",56.3,
"Southern Africa","ILO - Modelled Estimates","SDG indicator 10.4.1 - Labour income share as a percent of GDP (%)","2011",55.8,
"Southern Africa","ILO - Modelled Estimates","SDG indicator 10.4.1 - Labour income share as a percent of GDP (%)","2010",55.1,
"Southern Africa","ILO - Modelled Estimates","SDG indicator 10.4.1 - Labour income share as a percent of GDP (%)","2009",53.3,
"Southern Africa","ILO - Modelled Estimates","SDG indicator 10.4.1 - Labour income share as a percent of GDP (%)","2008",52.4,
"Southern Africa","ILO - Modelled Estimates","SDG indicator 10.4.1 - Labour income share as a percent of GDP (%)","2007",51.3,
"Southern Africa","ILO - Modelled Estimates","SDG indicator 10.4.1 - Labour income share as a percent of GDP (%)","2006",52.7,
"Southern Africa","ILO - Modelled Estimates","SDG indicator 10.4.1 - Labour income share as a percent of GDP (%)","2005",52.5,
"Southern Africa","ILO - Modelled Estimates","SDG indicator 10.4.1 - Labour income share as a percent of GDP (%)","2004",52.9,
"Western Africa","ILO - Modelled Estimates","SDG indicator 10.4.1 - Labour income share as a percent of GDP (%)","2024",59.6,
"Western Africa","ILO - Modelled Estimates","SDG indicator 10.4.1 - Labour income share as a percent of GDP (%)","2023",60,
"Western Africa","ILO - Modelled Estimates","SDG indicator 10.4.1 - Labour income share as a percent of GDP (%)","2022",60,
"Western Africa","ILO - Modelled Estimates","SDG indicator 10.4.1 - Labour income share as a percent of GDP (%)","2021",61.1,
"Western Africa","ILO - Modelled Estimates","SDG indicator 10.4.1 - Labour income share as a percent of GDP (%)","2020",60.5,
"Western Africa","ILO - Modelled Estimates","SDG indicator 10.4.1 - Labour income share as a percent of GDP (%)","2019",61.2,
"Western Africa","ILO - Modelled Estimates","SDG indicator 10.4.1 - Labour income share as a percent of GDP (%)","2018",59.8,
"Western Africa","ILO - Modelled Estimates","SDG indicator 10.4.1 - Labour income share as a percent of GDP (%)","2017",59,
"Western Africa","ILO - Modelled Estimates","SDG indicator 10.4.1 - Labour income share as a percent of GDP (%)","2016",56.3,
"Western Africa","ILO - Modelled Estimates","SDG indicator 10.4.1 - Labour income share as a percent of GDP (%)","2015",57.8,
"Western Africa","ILO - Modelled Estimates","SDG indicator 10.4.1 - Labour income share as a percent of GDP (%)","2014",59.4,
"Western Africa","ILO - Modelled Estimates","SDG indicator 10.4.1 - Labour income share as a percent of GDP (%)","2013",58.8,
"Western Africa","ILO - Modelled Estimates","SDG indicator 10.4.1 - Labour income share as a percent of GDP (%)","2012",58,
"Western Africa","ILO - Modelled Estimates","SDG indicator 10.4.1 - Labour income share as a percent of GDP (%)","2011",56.5,
"Western Africa","ILO - Modelled Estimates","SDG indicator 10.4.1 - Labour income share as a percent of GDP (%)","2010",56,
"Western Africa","ILO - Modelled Estimates","SDG indicator 10.4.1 - Labour income share as a percent of GDP (%)","2009",56.3,
"Western Africa","ILO - Modelled Estimates","SDG indicator 10.4.1 - Labour income share as a percent of GDP (%)","2008",56.2,
"Western Africa","ILO - Modelled Estimates","SDG indicator 10.4.1 - Labour income share as a percent of GDP (%)","2007",56.7,
"Western Africa","ILO - Modelled Estimates","SDG indicator 10.4.1 - Labour income share as a percent of GDP (%)","2006",56.3,
"Western Africa","ILO - Modelled Estimates","SDG indicator 10.4.1 - Labour income share as a percent of GDP (%)","2005",56.4,
"Western Africa","ILO - Modelled Estimates","SDG indicator 10.4.1 - Labour income share as a percent of GDP (%)","2004",55.7,
"Americas","ILO - Modelled Estimates","SDG indicator 10.4.1 - Labour income share as a percent of GDP (%)","2024",54.7,
"Americas","ILO - Modelled Estimates","SDG indicator 10.4.1 - Labour income share as a percent of GDP (%)","2023",54.9,
"Americas","ILO - Modelled Estimates","SDG indicator 10.4.1 - Labour income share as a percent of GDP (%)","2022",55.1,
"Americas","ILO - Modelled Estimates","SDG indicator 10.4.1 - Labour income share as a percent of GDP (%)","2021",55.4,
"Americas","ILO - Modelled Estimates","SDG indicator 10.4.1 - Labour income share as a percent of GDP (%)","2020",56.7,
"Americas","ILO - Modelled Estimates","SDG indicator 10.4.1 - Labour income share as a percent of GDP (%)","2019",55.5,
"Americas","ILO - Modelled Estimates","SDG indicator 10.4.1 - Labour income share as a percent of GDP (%)","2018",55.4,
"Americas","ILO - Modelled Estimates","SDG indicator 10.4.1 - Labour income share as a percent of GDP (%)","2017",55.5,
"Americas","ILO - Modelled Estimates","SDG indicator 10.4.1 - Labour income share as a percent of GDP (%)","2016",55.6,
"Americas","ILO - Modelled Estimates","SDG indicator 10.4.1 - Labour income share as a percent of GDP (%)","2015",55.7,
"Americas","ILO - Modelled Estimates","SDG indicator 10.4.1 - Labour income share as a percent of GDP (%)","2014",55.5,
"Americas","ILO - Modelled Estimates","SDG indicator 10.4.1 - Labour income share as a percent of GDP (%)","2013",55.2,
"Americas","ILO - Modelled Estimates","SDG indicator 10.4.1 - Labour income share as a percent of GDP (%)","2012",55.2,
"Americas","ILO - Modelled Estimates","SDG indicator 10.4.1 - Labour income share as a percent of GDP (%)","2011",55.1,
"Americas","ILO - Modelled Estimates","SDG indicator 10.4.1 - Labour income share as a percent of GDP (%)","2010",55.2,
"Americas","ILO - Modelled Estimates","SDG indicator 10.4.1 - Labour income share as a percent of GDP (%)","2009",56.5,
"Americas","ILO - Modelled Estimates","SDG indicator 10.4.1 - Labour income share as a percent of GDP (%)","2008",56.1,
"Americas","ILO - Modelled Estimates","SDG indicator 10.4.1 - Labour income share as a percent of GDP (%)","2007",56,
"Americas","ILO - Modelled Estimates","SDG indicator 10.4.1 - Labour income share as a percent of GDP (%)","2006",56.2,
"Americas","ILO - Modelled Estimates","SDG indicator 10.4.1 - Labour income share as a percent of GDP (%)","2005",56.4,
"Americas","ILO - Modelled Estimates","SDG indicator 10.4.1 - Labour income share as a percent of GDP (%)","2004",57.1,
"Americas: Lower-middle income","ILO - Modelled Estimates","SDG indicator 10.4.1 - Labour income share as a percent of GDP (%)","2024",54,
"Americas: Lower-middle income","ILO - Modelled Estimates","SDG indicator 10.4.1 - Labour income share as a percent of GDP (%)","2023",53.9,
"Americas: Lower-middle income","ILO - Modelled Estimates","SDG indicator 10.4.1 - Labour income share as a percent of GDP (%)","2022",53.7,
"Americas: Lower-middle income","ILO - Modelled Estimates","SDG indicator 10.4.1 - Labour income share as a percent of GDP (%)","2021",53.7,
"Americas: Lower-middle income","ILO - Modelled Estimates","SDG indicator 10.4.1 - Labour income share as a percent of GDP (%)","2020",54.3,
"Americas: Lower-middle income","ILO - Modelled Estimates","SDG indicator 10.4.1 - Labour income share as a percent of GDP (%)","2019",55,
"Americas: Lower-middle income","ILO - Modelled Estimates","SDG indicator 10.4.1 - Labour income share as a percent of GDP (%)","2018",55,
"Americas: Lower-middle income","ILO - Modelled Estimates","SDG indicator 10.4.1 - Labour income share as a percent of GDP (%)","2017",54.4,
"Americas: Lower-middle income","ILO - Modelled Estimates","SDG indicator 10.4.1 - Labour income share as a percent of GDP (%)","2016",54.6,
"Americas: Lower-middle income","ILO - Modelled Estimates","SDG indicator 10.4.1 - Labour income share as a percent of GDP (%)","2015",54.2,
"Americas: Lower-middle income","ILO - Modelled Estimates","SDG indicator 10.4.1 - Labour income share as a percent of GDP (%)","2014",53.9,
"Americas: Lower-middle income","ILO - Modelled Estimates","SDG indicator 10.4.1 - Labour income share as a percent of GDP (%)","2013",53,
"Americas: Lower-middle income","ILO - Modelled Estimates","SDG indicator 10.4.1 - Labour income share as a percent of GDP (%)","2012",53,
"Americas: Lower-middle income","ILO - Modelled Estimates","SDG indicator 10.4.1 - Labour income share as a percent of GDP (%)","2011",53.6,
"Americas: Lower-middle income","ILO - Modelled Estimates","SDG indicator 10.4.1 - Labour income share as a percent of GDP (%)","2010",55.3,
"Americas: Lower-middle income","ILO - Modelled Estimates","SDG indicator 10.4.1 - Labour income share as a percent of GDP (%)","2009",55,
"Americas: Lower-middle income","ILO - Modelled Estimates","SDG indicator 10.4.1 - Labour income share as a percent of GDP (%)","2008",52.9,
"Americas: Lower-middle income","ILO - Modelled Estimates","SDG indicator 10.4.1 - Labour income share as a percent of GDP (%)","2007",54.1,
"Americas: Lower-middle income","ILO - Modelled Estimates","SDG indicator 10.4.1 - Labour income share as a percent of GDP (%)","2006",54.2,
"Americas: Lower-middle income","ILO - Modelled Estimates","SDG indicator 10.4.1 - Labour income share as a percent of GDP (%)","2005",57.5,
"Americas: Lower-middle income","ILO - Modelled Estimates","SDG indicator 10.4.1 - Labour income share as a percent of GDP (%)","2004",58.5,
"Americas: Upper-middle income","ILO - Modelled Estimates","SDG indicator 10.4.1 - Labour income share as a percent of GDP (%)","2024",47.7,
"Americas: Upper-middle income","ILO - Modelled Estimates","SDG indicator 10.4.1 - Labour income share as a percent of GDP (%)","2023",47.6,
"Americas: Upper-middle income","ILO - Modelled Estimates","SDG indicator 10.4.1 - Labour income share as a percent of GDP (%)","2022",47.4,
"Americas: Upper-middle income","ILO - Modelled Estimates","SDG indicator 10.4.1 - Labour income share as a percent of GDP (%)","2021",47.5,
"Americas: Upper-middle income","ILO - Modelled Estimates","SDG indicator 10.4.1 - Labour income share as a percent of GDP (%)","2020",48.6,
"Americas: Upper-middle income","ILO - Modelled Estimates","SDG indicator 10.4.1 - Labour income share as a percent of GDP (%)","2019",48.2,
"Americas: Upper-middle income","ILO - Modelled Estimates","SDG indicator 10.4.1 - Labour income share as a percent of GDP (%)","2018",48.1,
"Americas: Upper-middle income","ILO - Modelled Estimates","SDG indicator 10.4.1 - Labour income share as a percent of GDP (%)","2017",48.5,
"Americas: Upper-middle income","ILO - Modelled Estimates","SDG indicator 10.4.1 - Labour income share as a percent of GDP (%)","2016",49.1,
"Americas: Upper-middle income","ILO - Modelled Estimates","SDG indicator 10.4.1 - Labour income share as a percent of GDP (%)","2015",49.3,
"Americas: Upper-middle income","ILO - Modelled Estimates","SDG indicator 10.4.1 - Labour income share as a percent of GDP (%)","2014",50.4,
"Americas: Upper-middle income","ILO - Modelled Estimates","SDG indicator 10.4.1 - Labour income share as a percent of GDP (%)","2013",49.8,
"Americas: Upper-middle income","ILO - Modelled Estimates","SDG indicator 10.4.1 - Labour income share as a percent of GDP (%)","2012",48.9,
"Americas: Upper-middle income","ILO - Modelled Estimates","SDG indicator 10.4.1 - Labour income share as a percent of GDP (%)","2011",48.3,
"Americas: Upper-middle income","ILO - Modelled Estimates","SDG indicator 10.4.1 - Labour income share as a percent of GDP (%)","2010",48.1,
"Americas: Upper-middle income","ILO - Modelled Estimates","SDG indicator 10.4.1 - Labour income share as a percent of GDP (%)","2009",49.7,
"Americas: Upper-middle income","ILO - Modelled Estimates","SDG indicator 10.4.1 - Labour income share as a percent of GDP (%)","2008",46.9,
"Americas: Upper-middle income","ILO - Modelled Estimates","SDG indicator 10.4.1 - Labour income share as a percent of GDP (%)","2007",46.1,
"Americas: Upper-middle income","ILO - Modelled Estimates","SDG indicator 10.4.1 - Labour income share as a percent of GDP (%)","2006",46.6,
"Americas: Upper-middle income","ILO - Modelled Estimates","SDG indicator 10.4.1 - Labour income share as a percent of GDP (%)","2005",46.3,
"Americas: Upper-middle income","ILO - Modelled Estimates","SDG indicator 10.4.1 - Labour income share as a percent of GDP (%)","2004",46.2,
"Americas: High income","ILO - Modelled Estimates","SDG indicator 10.4.1 - Labour income share as a percent of GDP (%)","2024",57.4,
"Americas: High income","ILO - Modelled Estimates","SDG indicator 10.4.1 - Labour income share as a percent of GDP (%)","2023",57.7,
"Americas: High income","ILO - Modelled Estimates","SDG indicator 10.4.1 - Labour income share as a percent of GDP (%)","2022",58,
"Americas: High income","ILO - Modelled Estimates","SDG indicator 10.4.1 - Labour income share as a percent of GDP (%)","2021",58.5,
"Americas: High income","ILO - Modelled Estimates","SDG indicator 10.4.1 - Labour income share as a percent of GDP (%)","2020",59.8,
"Americas: High income","ILO - Modelled Estimates","SDG indicator 10.4.1 - Labour income share as a percent of GDP (%)","2019",58.3,
"Americas: High income","ILO - Modelled Estimates","SDG indicator 10.4.1 - Labour income share as a percent of GDP (%)","2018",58.4,
"Americas: High income","ILO - Modelled Estimates","SDG indicator 10.4.1 - Labour income share as a percent of GDP (%)","2017",58.4,
"Americas: High income","ILO - Modelled Estimates","SDG indicator 10.4.1 - Labour income share as a percent of GDP (%)","2016",58.3,
"Americas: High income","ILO - Modelled Estimates","SDG indicator 10.4.1 - Labour income share as a percent of GDP (%)","2015",58.5,
"Americas: High income","ILO - Modelled Estimates","SDG indicator 10.4.1 - Labour income share as a percent of GDP (%)","2014",57.8,
"Americas: High income","ILO - Modelled Estimates","SDG indicator 10.4.1 - Labour income share as a percent of GDP (%)","2013",57.7,
"Americas: High income","ILO - Modelled Estimates","SDG indicator 10.4.1 - Labour income share as a percent of GDP (%)","2012",58.1,
"Americas: High income","ILO - Modelled Estimates","SDG indicator 10.4.1 - Labour income share as a percent of GDP (%)","2011",58.2,
"Americas: High income","ILO - Modelled Estimates","SDG indicator 10.4.1 - Labour income share as a percent of GDP (%)","2010",58.3,
"Americas: High income","ILO - Modelled Estimates","SDG indicator 10.4.1 - Labour income share as a percent of GDP (%)","2009",59.4,
"Americas: High income","ILO - Modelled Estimates","SDG indicator 10.4.1 - Labour income share as a percent of GDP (%)","2008",60.1,
"Americas: High income","ILO - Modelled Estimates","SDG indicator 10.4.1 - Labour income share as a percent of GDP (%)","2007",60.1,
"Americas: High income","ILO - Modelled Estimates","SDG indicator 10.4.1 - Labour income share as a percent of GDP (%)","2006",60.1,
"Americas: High income","ILO - Modelled Estimates","SDG indicator 10.4.1 - Labour income share as a percent of GDP (%)","2005",60.3,
"Americas: High income","ILO - Modelled Estimates","SDG indicator 10.4.1 - Labour income share as a percent of GDP (%)","2004",61.2,
"Latin America and the Caribbean","ILO - Modelled Estimates","SDG indicator 10.4.1 - Labour income share as a percent of GDP (%)","2024",48.1,
"Latin America and the Caribbean","ILO - Modelled Estimates","SDG indicator 10.4.1 - Labour income share as a percent of GDP (%)","2023",48.1,
"Latin America and the Caribbean","ILO - Modelled Estimates","SDG indicator 10.4.1 - Labour income share as a percent of GDP (%)","2022",47.8,
"Latin America and the Caribbean","ILO - Modelled Estimates","SDG indicator 10.4.1 - Labour income share as a percent of GDP (%)","2021",47.8,
"Latin America and the Caribbean","ILO - Modelled Estimates","SDG indicator 10.4.1 - Labour income share as a percent of GDP (%)","2020",48.9,
"Latin America and the Caribbean","ILO - Modelled Estimates","SDG indicator 10.4.1 - Labour income share as a percent of GDP (%)","2019",48.7,
"Latin America and the Caribbean","ILO - Modelled Estimates","SDG indicator 10.4.1 - Labour income share as a percent of GDP (%)","2018",48.6,
"Latin America and the Caribbean","ILO - Modelled Estimates","SDG indicator 10.4.1 - Labour income share as a percent of GDP (%)","2017",48.8,
"Latin America and the Caribbean","ILO - Modelled Estimates","SDG indicator 10.4.1 - Labour income share as a percent of GDP (%)","2016",49.3,
"Latin America and the Caribbean","ILO - Modelled Estimates","SDG indicator 10.4.1 - Labour income share as a percent of GDP (%)","2015",49.4,
"Latin America and the Caribbean","ILO - Modelled Estimates","SDG indicator 10.4.1 - Labour income share as a percent of GDP (%)","2014",50.4,
"Latin America and the Caribbean","ILO - Modelled Estimates","SDG indicator 10.4.1 - Labour income share as a percent of GDP (%)","2013",49.8,
"Latin America and the Caribbean","ILO - Modelled Estimates","SDG indicator 10.4.1 - Labour income share as a percent of GDP (%)","2012",49,
"Latin America and the Caribbean","ILO - Modelled Estimates","SDG indicator 10.4.1 - Labour income share as a percent of GDP (%)","2011",48.5,
"Latin America and the Caribbean","ILO - Modelled Estimates","SDG indicator 10.4.1 - Labour income share as a percent of GDP (%)","2010",48.3,
"Latin America and the Caribbean","ILO - Modelled Estimates","SDG indicator 10.4.1 - Labour income share as a percent of GDP (%)","2009",49.8,
"Latin America and the Caribbean","ILO - Modelled Estimates","SDG indicator 10.4.1 - Labour income share as a percent of GDP (%)","2008",47.2,
"Latin America and the Caribbean","ILO - Modelled Estimates","SDG indicator 10.4.1 - Labour income share as a percent of GDP (%)","2007",46.4,
"Latin America and the Caribbean","ILO - Modelled Estimates","SDG indicator 10.4.1 - Labour income share as a percent of GDP (%)","2006",46.8,
"Latin America and the Caribbean","ILO - Modelled Estimates","SDG indicator 10.4.1 - Labour income share as a percent of GDP (%)","2005",46.9,
"Latin America and the Caribbean","ILO - Modelled Estimates","SDG indicator 10.4.1 - Labour income share as a percent of GDP (%)","2004",46.8,
"Latin America and the Caribbean: Lower-middle income","ILO - Modelled Estimates","SDG indicator 10.4.1 - Labour income share as a percent of GDP (%)","2024",54,
"Latin America and the Caribbean: Lower-middle income","ILO - Modelled Estimates","SDG indicator 10.4.1 - Labour income share as a percent of GDP (%)","2023",53.9,
"Latin America and the Caribbean: Lower-middle income","ILO - Modelled Estimates","SDG indicator 10.4.1 - Labour income share as a percent of GDP (%)","2022",53.7,
"Latin America and the Caribbean: Lower-middle income","ILO - Modelled Estimates","SDG indicator 10.4.1 - Labour income share as a percent of GDP (%)","2021",53.7,
"Latin America and the Caribbean: Lower-middle income","ILO - Modelled Estimates","SDG indicator 10.4.1 - Labour income share as a percent of GDP (%)","2020",54.3,
"Latin America and the Caribbean: Lower-middle income","ILO - Modelled Estimates","SDG indicator 10.4.1 - Labour income share as a percent of GDP (%)","2019",55,
"Latin America and the Caribbean: Lower-middle income","ILO - Modelled Estimates","SDG indicator 10.4.1 - Labour income share as a percent of GDP (%)","2018",55,
"Latin America and the Caribbean: Lower-middle income","ILO - Modelled Estimates","SDG indicator 10.4.1 - Labour income share as a percent of GDP (%)","2017",54.4,
"Latin America and the Caribbean: Lower-middle income","ILO - Modelled Estimates","SDG indicator 10.4.1 - Labour income share as a percent of GDP (%)","2016",54.6,
"Latin America and the Caribbean: Lower-middle income","ILO - Modelled Estimates","SDG indicator 10.4.1 - Labour income share as a percent of GDP (%)","2015",54.2,
"Latin America and the Caribbean: Lower-middle income","ILO - Modelled Estimates","SDG indicator 10.4.1 - Labour income share as a percent of GDP (%)","2014",53.9,
"Latin America and the Caribbean: Lower-middle income","ILO - Modelled Estimates","SDG indicator 10.4.1 - Labour income share as a percent of GDP (%)","2013",53,
"Latin America and the Caribbean: Lower-middle income","ILO - Modelled Estimates","SDG indicator 10.4.1 - Labour income share as a percent of GDP (%)","2012",53,
"Latin America and the Caribbean: Lower-middle income","ILO - Modelled Estimates","SDG indicator 10.4.1 - Labour income share as a percent of GDP (%)","2011",53.6,
"Latin America and the Caribbean: Lower-middle income","ILO - Modelled Estimates","SDG indicator 10.4.1 - Labour income share as a percent of GDP (%)","2010",55.3,
"Latin America and the Caribbean: Lower-middle income","ILO - Modelled Estimates","SDG indicator 10.4.1 - Labour income share as a percent of GDP (%)","2009",55,
"Latin America and the Caribbean: Lower-middle income","ILO - Modelled Estimates","SDG indicator 10.4.1 - Labour income share as a percent of GDP (%)","2008",52.9,
"Latin America and the Caribbean: Lower-middle income","ILO - Modelled Estimates","SDG indicator 10.4.1 - Labour income share as a percent of GDP (%)","2007",54.1,
"Latin America and the Caribbean: Lower-middle income","ILO - Modelled Estimates","SDG indicator 10.4.1 - Labour income share as a percent of GDP (%)","2006",54.2,
"Latin America and the Caribbean: Lower-middle income","ILO - Modelled Estimates","SDG indicator 10.4.1 - Labour income share as a percent of GDP (%)","2005",57.5,
"Latin America and the Caribbean: Lower-middle income","ILO - Modelled Estimates","SDG indicator 10.4.1 - Labour income share as a percent of GDP (%)","2004",58.5,
"Latin America and the Caribbean: Upper-middle income","ILO - Modelled Estimates","SDG indicator 10.4.1 - Labour income share as a percent of GDP (%)","2024",47.7,
"Latin America and the Caribbean: Upper-middle income","ILO - Modelled Estimates","SDG indicator 10.4.1 - Labour income share as a percent of GDP (%)","2023",47.6,
"Latin America and the Caribbean: Upper-middle income","ILO - Modelled Estimates","SDG indicator 10.4.1 - Labour income share as a percent of GDP (%)","2022",47.4,
"Latin America and the Caribbean: Upper-middle income","ILO - Modelled Estimates","SDG indicator 10.4.1 - Labour income share as a percent of GDP (%)","2021",47.5,
"Latin America and the Caribbean: Upper-middle income","ILO - Modelled Estimates","SDG indicator 10.4.1 - Labour income share as a percent of GDP (%)","2020",48.6,
"Latin America and the Caribbean: Upper-middle income","ILO - Modelled Estimates","SDG indicator 10.4.1 - Labour income share as a percent of GDP (%)","2019",48.2,
"Latin America and the Caribbean: Upper-middle income","ILO - Modelled Estimates","SDG indicator 10.4.1 - Labour income share as a percent of GDP (%)","2018",48.1,
"Latin America and the Caribbean: Upper-middle income","ILO - Modelled Estimates","SDG indicator 10.4.1 - Labour income share as a percent of GDP (%)","2017",48.5,
"Latin America and the Caribbean: Upper-middle income","ILO - Modelled Estimates","SDG indicator 10.4.1 - Labour income share as a percent of GDP (%)","2016",49.1,
"Latin America and the Caribbean: Upper-middle income","ILO - Modelled Estimates","SDG indicator 10.4.1 - Labour income share as a percent of GDP (%)","2015",49.3,
"Latin America and the Caribbean: Upper-middle income","ILO - Modelled Estimates","SDG indicator 10.4.1 - Labour income share as a percent of GDP (%)","2014",50.4,
"Latin America and the Caribbean: Upper-middle income","ILO - Modelled Estimates","SDG indicator 10.4.1 - Labour income share as a percent of GDP (%)","2013",49.8,
"Latin America and the Caribbean: Upper-middle income","ILO - Modelled Estimates","SDG indicator 10.4.1 - Labour income share as a percent of GDP (%)","2012",48.9,
"Latin America and the Caribbean: Upper-middle income","ILO - Modelled Estimates","SDG indicator 10.4.1 - Labour income share as a percent of GDP (%)","2011",48.3,
"Latin America and the Caribbean: Upper-middle income","ILO - Modelled Estimates","SDG indicator 10.4.1 - Labour income share as a percent of GDP (%)","2010",48.1,
"Latin America and the Caribbean: Upper-middle income","ILO - Modelled Estimates","SDG indicator 10.4.1 - Labour income share as a percent of GDP (%)","2009",49.7,
"Latin America and the Caribbean: Upper-middle income","ILO - Modelled Estimates","SDG indicator 10.4.1 - Labour income share as a percent of GDP (%)","2008",46.9,
"Latin America and the Caribbean: Upper-middle income","ILO - Modelled Estimates","SDG indicator 10.4.1 - Labour income share as a percent of GDP (%)","2007",46.1,
"Latin America and the Caribbean: Upper-middle income","ILO - Modelled Estimates","SDG indicator 10.4.1 - Labour income share as a percent of GDP (%)","2006",46.6,
"Latin America and the Caribbean: Upper-middle income","ILO - Modelled Estimates","SDG indicator 10.4.1 - Labour income share as a percent of GDP (%)","2005",46.3,
"Latin America and the Caribbean: Upper-middle income","ILO - Modelled Estimates","SDG indicator 10.4.1 - Labour income share as a percent of GDP (%)","2004",46.2,
"Latin America and the Caribbean: High income","ILO - Modelled Estimates","SDG indicator 10.4.1 - Labour income share as a percent of GDP (%)","2024",50.6,
"Latin America and the Caribbean: High income","ILO - Modelled Estimates","SDG indicator 10.4.1 - Labour income share as a percent of GDP (%)","2023",50.8,
"Latin America and the Caribbean: High income","ILO - Modelled Estimates","SDG indicator 10.4.1 - Labour income share as a percent of GDP (%)","2022",50.4,
"Latin America and the Caribbean: High income","ILO - Modelled Estimates","SDG indicator 10.4.1 - Labour income share as a percent of GDP (%)","2021",49,
"Latin America and the Caribbean: High income","ILO - Modelled Estimates","SDG indicator 10.4.1 - Labour income share as a percent of GDP (%)","2020",50.8,
"Latin America and the Caribbean: High income","ILO - Modelled Estimates","SDG indicator 10.4.1 - Labour income share as a percent of GDP (%)","2019",52.6,
"Latin America and the Caribbean: High income","ILO - Modelled Estimates","SDG indicator 10.4.1 - Labour income share as a percent of GDP (%)","2018",52.4,
"Latin America and the Caribbean: High income","ILO - Modelled Estimates","SDG indicator 10.4.1 - Labour income share as a percent of GDP (%)","2017",50.2,
"Latin America and the Caribbean: High income","ILO - Modelled Estimates","SDG indicator 10.4.1 - Labour income share as a percent of GDP (%)","2016",50.2,
"Latin America and the Caribbean: High income","ILO - Modelled Estimates","SDG indicator 10.4.1 - Labour income share as a percent of GDP (%)","2015",49.6,
"Latin America and the Caribbean: High income","ILO - Modelled Estimates","SDG indicator 10.4.1 - Labour income share as a percent of GDP (%)","2014",49.4,
"Latin America and the Caribbean: High income","ILO - Modelled Estimates","SDG indicator 10.4.1 - Labour income share as a percent of GDP (%)","2013",49.1,
"Latin America and the Caribbean: High income","ILO - Modelled Estimates","SDG indicator 10.4.1 - Labour income share as a percent of GDP (%)","2012",49.3,
"Latin America and the Caribbean: High income","ILO - Modelled Estimates","SDG indicator 10.4.1 - Labour income share as a percent of GDP (%)","2011",49.3,
"Latin America and the Caribbean: High income","ILO - Modelled Estimates","SDG indicator 10.4.1 - Labour income share as a percent of GDP (%)","2010",49,
"Latin America and the Caribbean: High income","ILO - Modelled Estimates","SDG indicator 10.4.1 - Labour income share as a percent of GDP (%)","2009",50.2,
"Latin America and the Caribbean: High income","ILO - Modelled Estimates","SDG indicator 10.4.1 - Labour income share as a percent of GDP (%)","2008",49.8,
"Latin America and the Caribbean: High income","ILO - Modelled Estimates","SDG indicator 10.4.1 - Labour income share as a percent of GDP (%)","2007",47.9,
"Latin America and the Caribbean: High income","ILO - Modelled Estimates","SDG indicator 10.4.1 - Labour income share as a percent of GDP (%)","2006",48.2,
"Latin America and the Caribbean: High income","ILO - Modelled Estimates","SDG indicator 10.4.1 - Labour income share as a percent of GDP (%)","2005",51.1,
"Latin America and the Caribbean: High income","ILO - Modelled Estimates","SDG indicator 10.4.1 - Labour income share as a percent of GDP (%)","2004",52.1,
"Caribbean","ILO - Modelled Estimates","SDG indicator 10.4.1 - Labour income share as a percent of GDP (%)","2024",47.5,
"Caribbean","ILO - Modelled Estimates","SDG indicator 10.4.1 - Labour income share as a percent of GDP (%)","2023",47.8,
"Caribbean","ILO - Modelled Estimates","SDG indicator 10.4.1 - Labour income share as a percent of GDP (%)","2022",47.4,
"Caribbean","ILO - Modelled Estimates","SDG indicator 10.4.1 - Labour income share as a percent of GDP (%)","2021",47.7,
"Caribbean","ILO - Modelled Estimates","SDG indicator 10.4.1 - Labour income share as a percent of GDP (%)","2020",48.8,
"Caribbean","ILO - Modelled Estimates","SDG indicator 10.4.1 - Labour income share as a percent of GDP (%)","2019",47.5,
"Caribbean","ILO - Modelled Estimates","SDG indicator 10.4.1 - Labour income share as a percent of GDP (%)","2018",47.3,
"Caribbean","ILO - Modelled Estimates","SDG indicator 10.4.1 - Labour income share as a percent of GDP (%)","2017",47.6,
"Caribbean","ILO - Modelled Estimates","SDG indicator 10.4.1 - Labour income share as a percent of GDP (%)","2016",47.7,
"Caribbean","ILO - Modelled Estimates","SDG indicator 10.4.1 - Labour income share as a percent of GDP (%)","2015",47.7,
"Caribbean","ILO - Modelled Estimates","SDG indicator 10.4.1 - Labour income share as a percent of GDP (%)","2014",48.6,
"Caribbean","ILO - Modelled Estimates","SDG indicator 10.4.1 - Labour income share as a percent of GDP (%)","2013",48.7,
"Caribbean","ILO - Modelled Estimates","SDG indicator 10.4.1 - Labour income share as a percent of GDP (%)","2012",48.5,
"Caribbean","ILO - Modelled Estimates","SDG indicator 10.4.1 - Labour income share as a percent of GDP (%)","2011",49.6,
"Caribbean","ILO - Modelled Estimates","SDG indicator 10.4.1 - Labour income share as a percent of GDP (%)","2010",49.7,
"Caribbean","ILO - Modelled Estimates","SDG indicator 10.4.1 - Labour income share as a percent of GDP (%)","2009",50,
"Caribbean","ILO - Modelled Estimates","SDG indicator 10.4.1 - Labour income share as a percent of GDP (%)","2008",48.9,
"Caribbean","ILO - Modelled Estimates","SDG indicator 10.4.1 - Labour income share as a percent of GDP (%)","2007",48.1,
"Caribbean","ILO - Modelled Estimates","SDG indicator 10.4.1 - Labour income share as a percent of GDP (%)","2006",48.2,
"Caribbean","ILO - Modelled Estimates","SDG indicator 10.4.1 - Labour income share as a percent of GDP (%)","2005",48.8,
"Caribbean","ILO - Modelled Estimates","SDG indicator 10.4.1 - Labour income share as a percent of GDP (%)","2004",47.4,
"Central America","ILO - Modelled Estimates","SDG indicator 10.4.1 - Labour income share as a percent of GDP (%)","2024",37.3,
"Central America","ILO - Modelled Estimates","SDG indicator 10.4.1 - Labour income share as a percent of GDP (%)","2023",37.1,
"Central America","ILO - Modelled Estimates","SDG indicator 10.4.1 - Labour income share as a percent of GDP (%)","2022",36.9,
"Central America","ILO - Modelled Estimates","SDG indicator 10.4.1 - Labour income share as a percent of GDP (%)","2021",37.7,
"Central America","ILO - Modelled Estimates","SDG indicator 10.4.1 - Labour income share as a percent of GDP (%)","2020",37.5,
"Central America","ILO - Modelled Estimates","SDG indicator 10.4.1 - Labour income share as a percent of GDP (%)","2019",36.7,
"Central America","ILO - Modelled Estimates","SDG indicator 10.4.1 - Labour income share as a percent of GDP (%)","2018",36,
"Central America","ILO - Modelled Estimates","SDG indicator 10.4.1 - Labour income share as a percent of GDP (%)","2017",35.5,
"Central America","ILO - Modelled Estimates","SDG indicator 10.4.1 - Labour income share as a percent of GDP (%)","2016",36.1,
"Central America","ILO - Modelled Estimates","SDG indicator 10.4.1 - Labour income share as a percent of GDP (%)","2015",36.9,
"Central America","ILO - Modelled Estimates","SDG indicator 10.4.1 - Labour income share as a percent of GDP (%)","2014",37,
"Central America","ILO - Modelled Estimates","SDG indicator 10.4.1 - Labour income share as a percent of GDP (%)","2013",38,
"Central America","ILO - Modelled Estimates","SDG indicator 10.4.1 - Labour income share as a percent of GDP (%)","2012",36.9,
"Central America","ILO - Modelled Estimates","SDG indicator 10.4.1 - Labour income share as a percent of GDP (%)","2011",37.3,
"Central America","ILO - Modelled Estimates","SDG indicator 10.4.1 - Labour income share as a percent of GDP (%)","2010",37.9,
"Central America","ILO - Modelled Estimates","SDG indicator 10.4.1 - Labour income share as a percent of GDP (%)","2009",39.5,
"Central America","ILO - Modelled Estimates","SDG indicator 10.4.1 - Labour income share as a percent of GDP (%)","2008",37.8,
"Central America","ILO - Modelled Estimates","SDG indicator 10.4.1 - Labour income share as a percent of GDP (%)","2007",37.9,
"Central America","ILO - Modelled Estimates","SDG indicator 10.4.1 - Labour income share as a percent of GDP (%)","2006",38.3,
"Central America","ILO - Modelled Estimates","SDG indicator 10.4.1 - Labour income share as a percent of GDP (%)","2005",39.4,
"Central America","ILO - Modelled Estimates","SDG indicator 10.4.1 - Labour income share as a percent of GDP (%)","2004",40.2,
"South America","ILO - Modelled Estimates","SDG indicator 10.4.1 - Labour income share as a percent of GDP (%)","2024",53.3,
"South America","ILO - Modelled Estimates","SDG indicator 10.4.1 - Labour income share as a percent of GDP (%)","2023",53.3,
"South America","ILO - Modelled Estimates","SDG indicator 10.4.1 - Labour income share as a percent of GDP (%)","2022",52.9,
"South America","ILO - Modelled Estimates","SDG indicator 10.4.1 - Labour income share as a percent of GDP (%)","2021",52.5,
"South America","ILO - Modelled Estimates","SDG indicator 10.4.1 - Labour income share as a percent of GDP (%)","2020",54.3,
"South America","ILO - Modelled Estimates","SDG indicator 10.4.1 - Labour income share as a percent of GDP (%)","2019",54.6,
"South America","ILO - Modelled Estimates","SDG indicator 10.4.1 - Labour income share as a percent of GDP (%)","2018",54.7,
"South America","ILO - Modelled Estimates","SDG indicator 10.4.1 - Labour income share as a percent of GDP (%)","2017",55,
"South America","ILO - Modelled Estimates","SDG indicator 10.4.1 - Labour income share as a percent of GDP (%)","2016",55.4,
"South America","ILO - Modelled Estimates","SDG indicator 10.4.1 - Labour income share as a percent of GDP (%)","2015",54.9,
"South America","ILO - Modelled Estimates","SDG indicator 10.4.1 - Labour income share as a percent of GDP (%)","2014",56,
"South America","ILO - Modelled Estimates","SDG indicator 10.4.1 - Labour income share as a percent of GDP (%)","2013",54.7,
"South America","ILO - Modelled Estimates","SDG indicator 10.4.1 - Labour income share as a percent of GDP (%)","2012",53.9,
"South America","ILO - Modelled Estimates","SDG indicator 10.4.1 - Labour income share as a percent of GDP (%)","2011",52.9,
"South America","ILO - Modelled Estimates","SDG indicator 10.4.1 - Labour income share as a percent of GDP (%)","2010",52.4,
"South America","ILO - Modelled Estimates","SDG indicator 10.4.1 - Labour income share as a percent of GDP (%)","2009",54.1,
"South America","ILO - Modelled Estimates","SDG indicator 10.4.1 - Labour income share as a percent of GDP (%)","2008",51,
"South America","ILO - Modelled Estimates","SDG indicator 10.4.1 - Labour income share as a percent of GDP (%)","2007",50,
"South America","ILO - Modelled Estimates","SDG indicator 10.4.1 - Labour income share as a percent of GDP (%)","2006",50.7,
"South America","ILO - Modelled Estimates","SDG indicator 10.4.1 - Labour income share as a percent of GDP (%)","2005",50.2,
"South America","ILO - Modelled Estimates","SDG indicator 10.4.1 - Labour income share as a percent of GDP (%)","2004",49.9,
"Northern America","ILO - Modelled Estimates","SDG indicator 10.4.1 - Labour income share as a percent of GDP (%)","2024",57.7,
"Northern America","ILO - Modelled Estimates","SDG indicator 10.4.1 - Labour income share as a percent of GDP (%)","2023",57.9,
"Northern America","ILO - Modelled Estimates","SDG indicator 10.4.1 - Labour income share as a percent of GDP (%)","2022",58.3,
"Northern America","ILO - Modelled Estimates","SDG indicator 10.4.1 - Labour income share as a percent of GDP (%)","2021",58.8,
"Northern America","ILO - Modelled Estimates","SDG indicator 10.4.1 - Labour income share as a percent of GDP (%)","2020",60.1,
"Northern America","ILO - Modelled Estimates","SDG indicator 10.4.1 - Labour income share as a percent of GDP (%)","2019",58.5,
"Northern America","ILO - Modelled Estimates","SDG indicator 10.4.1 - Labour income share as a percent of GDP (%)","2018",58.6,
"Northern America","ILO - Modelled Estimates","SDG indicator 10.4.1 - Labour income share as a percent of GDP (%)","2017",58.7,
"Northern America","ILO - Modelled Estimates","SDG indicator 10.4.1 - Labour income share as a percent of GDP (%)","2016",58.7,
"Northern America","ILO - Modelled Estimates","SDG indicator 10.4.1 - Labour income share as a percent of GDP (%)","2015",58.9,
"Northern America","ILO - Modelled Estimates","SDG indicator 10.4.1 - Labour income share as a percent of GDP (%)","2014",58.2,
"Northern America","ILO - Modelled Estimates","SDG indicator 10.4.1 - Labour income share as a percent of GDP (%)","2013",58,
"Northern America","ILO - Modelled Estimates","SDG indicator 10.4.1 - Labour income share as a percent of GDP (%)","2012",58.5,
"Northern America","ILO - Modelled Estimates","SDG indicator 10.4.1 - Labour income share as a percent of GDP (%)","2011",58.5,
"Northern America","ILO - Modelled Estimates","SDG indicator 10.4.1 - Labour income share as a percent of GDP (%)","2010",58.7,
"Northern America","ILO - Modelled Estimates","SDG indicator 10.4.1 - Labour income share as a percent of GDP (%)","2009",59.8,
"Northern America","ILO - Modelled Estimates","SDG indicator 10.4.1 - Labour income share as a percent of GDP (%)","2008",60.5,
"Northern America","ILO - Modelled Estimates","SDG indicator 10.4.1 - Labour income share as a percent of GDP (%)","2007",60.6,
"Northern America","ILO - Modelled Estimates","SDG indicator 10.4.1 - Labour income share as a percent of GDP (%)","2006",60.5,
"Northern America","ILO - Modelled Estimates","SDG indicator 10.4.1 - Labour income share as a percent of GDP (%)","2005",60.6,
"Northern America","ILO - Modelled Estimates","SDG indicator 10.4.1 - Labour income share as a percent of GDP (%)","2004",61.6,
"Northern America: High income","ILO - Modelled Estimates","SDG indicator 10.4.1 - Labour income share as a percent of GDP (%)","2024",57.7,
"Northern America: High income","ILO - Modelled Estimates","SDG indicator 10.4.1 - Labour income share as a percent of GDP (%)","2023",57.9,
"Northern America: High income","ILO - Modelled Estimates","SDG indicator 10.4.1 - Labour income share as a percent of GDP (%)","2022",58.3,
"Northern America: High income","ILO - Modelled Estimates","SDG indicator 10.4.1 - Labour income share as a percent of GDP (%)","2021",58.8,
"Northern America: High income","ILO - Modelled Estimates","SDG indicator 10.4.1 - Labour income share as a percent of GDP (%)","2020",60.1,
"Northern America: High income","ILO - Modelled Estimates","SDG indicator 10.4.1 - Labour income share as a percent of GDP (%)","2019",58.5,
"Northern America: High income","ILO - Modelled Estimates","SDG indicator 10.4.1 - Labour income share as a percent of GDP (%)","2018",58.6,
"Northern America: High income","ILO - Modelled Estimates","SDG indicator 10.4.1 - Labour income share as a percent of GDP (%)","2017",58.7,
"Northern America: High income","ILO - Modelled Estimates","SDG indicator 10.4.1 - Labour income share as a percent of GDP (%)","2016",58.7,
"Northern America: High income","ILO - Modelled Estimates","SDG indicator 10.4.1 - Labour income share as a percent of GDP (%)","2015",58.9,
"Northern America: High income","ILO - Modelled Estimates","SDG indicator 10.4.1 - Labour income share as a percent of GDP (%)","2014",58.2,
"Northern America: High income","ILO - Modelled Estimates","SDG indicator 10.4.1 - Labour income share as a percent of GDP (%)","2013",58,
"Northern America: High income","ILO - Modelled Estimates","SDG indicator 10.4.1 - Labour income share as a percent of GDP (%)","2012",58.5,
"Northern America: High income","ILO - Modelled Estimates","SDG indicator 10.4.1 - Labour income share as a percent of GDP (%)","2011",58.5,
"Northern America: High income","ILO - Modelled Estimates","SDG indicator 10.4.1 - Labour income share as a percent of GDP (%)","2010",58.7,
"Northern America: High income","ILO - Modelled Estimates","SDG indicator 10.4.1 - Labour income share as a percent of GDP (%)","2009",59.8,
"Northern America: High income","ILO - Modelled Estimates","SDG indicator 10.4.1 - Labour income share as a percent of GDP (%)","2008",60.5,
"Northern America: High income","ILO - Modelled Estimates","SDG indicator 10.4.1 - Labour income share as a percent of GDP (%)","2007",60.6,
"Northern America: High income","ILO - Modelled Estimates","SDG indicator 10.4.1 - Labour income share as a percent of GDP (%)","2006",60.5,
"Northern America: High income","ILO - Modelled Estimates","SDG indicator 10.4.1 - Labour income share as a percent of GDP (%)","2005",60.6,
"Northern America: High income","ILO - Modelled Estimates","SDG indicator 10.4.1 - Labour income share as a percent of GDP (%)","2004",61.6,
"Arab States","ILO - Modelled Estimates","SDG indicator 10.4.1 - Labour income share as a percent of GDP (%)","2024",33,
"Arab States","ILO - Modelled Estimates","SDG indicator 10.4.1 - Labour income share as a percent of GDP (%)","2023",33.4,
"Arab States","ILO - Modelled Estimates","SDG indicator 10.4.1 - Labour income share as a percent of GDP (%)","2022",32.1,
"Arab States","ILO - Modelled Estimates","SDG indicator 10.4.1 - Labour income share as a percent of GDP (%)","2021",34,
"Arab States","ILO - Modelled Estimates","SDG indicator 10.4.1 - Labour income share as a percent of GDP (%)","2020",37.1,
"Arab States","ILO - Modelled Estimates","SDG indicator 10.4.1 - Labour income share as a percent of GDP (%)","2019",34.2,
"Arab States","ILO - Modelled Estimates","SDG indicator 10.4.1 - Labour income share as a percent of GDP (%)","2018",32.8,
"Arab States","ILO - Modelled Estimates","SDG indicator 10.4.1 - Labour income share as a percent of GDP (%)","2017",34.6,
"Arab States","ILO - Modelled Estimates","SDG indicator 10.4.1 - Labour income share as a percent of GDP (%)","2016",35.1,
"Arab States","ILO - Modelled Estimates","SDG indicator 10.4.1 - Labour income share as a percent of GDP (%)","2015",33.5,
"Arab States","ILO - Modelled Estimates","SDG indicator 10.4.1 - Labour income share as a percent of GDP (%)","2014",27.3,
"Arab States","ILO - Modelled Estimates","SDG indicator 10.4.1 - Labour income share as a percent of GDP (%)","2013",26.2,
"Arab States","ILO - Modelled Estimates","SDG indicator 10.4.1 - Labour income share as a percent of GDP (%)","2012",25.4,
"Arab States","ILO - Modelled Estimates","SDG indicator 10.4.1 - Labour income share as a percent of GDP (%)","2011",25.1,
"Arab States","ILO - Modelled Estimates","SDG indicator 10.4.1 - Labour income share as a percent of GDP (%)","2010",28.4,
"Arab States","ILO - Modelled Estimates","SDG indicator 10.4.1 - Labour income share as a percent of GDP (%)","2009",30.8,
"Arab States","ILO - Modelled Estimates","SDG indicator 10.4.1 - Labour income share as a percent of GDP (%)","2008",24.6,
"Arab States","ILO - Modelled Estimates","SDG indicator 10.4.1 - Labour income share as a percent of GDP (%)","2007",26.1,
"Arab States","ILO - Modelled Estimates","SDG indicator 10.4.1 - Labour income share as a percent of GDP (%)","2006",25.8,
"Arab States","ILO - Modelled Estimates","SDG indicator 10.4.1 - Labour income share as a percent of GDP (%)","2005",26.8,
"Arab States","ILO - Modelled Estimates","SDG indicator 10.4.1 - Labour income share as a percent of GDP (%)","2004",29.4,
"Arab States: Lower-middle income","ILO - Modelled Estimates","SDG indicator 10.4.1 - Labour income share as a percent of GDP (%)","2024",43.9,
"Arab States: Lower-middle income","ILO - Modelled Estimates","SDG indicator 10.4.1 - Labour income share as a percent of GDP (%)","2023",43.9,
"Arab States: Lower-middle income","ILO - Modelled Estimates","SDG indicator 10.4.1 - Labour income share as a percent of GDP (%)","2022",44,
"Arab States: Lower-middle income","ILO - Modelled Estimates","SDG indicator 10.4.1 - Labour income share as a percent of GDP (%)","2021",43.8,
"Arab States: Lower-middle income","ILO - Modelled Estimates","SDG indicator 10.4.1 - Labour income share as a percent of GDP (%)","2020",45.5,
"Arab States: Lower-middle income","ILO - Modelled Estimates","SDG indicator 10.4.1 - Labour income share as a percent of GDP (%)","2019",44,
"Arab States: Lower-middle income","ILO - Modelled Estimates","SDG indicator 10.4.1 - Labour income share as a percent of GDP (%)","2018",43.5,
"Arab States: Lower-middle income","ILO - Modelled Estimates","SDG indicator 10.4.1 - Labour income share as a percent of GDP (%)","2017",43.3,
"Arab States: Lower-middle income","ILO - Modelled Estimates","SDG indicator 10.4.1 - Labour income share as a percent of GDP (%)","2016",42.8,
"Arab States: Lower-middle income","ILO - Modelled Estimates","SDG indicator 10.4.1 - Labour income share as a percent of GDP (%)","2015",42.4,
"Arab States: Lower-middle income","ILO - Modelled Estimates","SDG indicator 10.4.1 - Labour income share as a percent of GDP (%)","2014",42,
"Arab States: Lower-middle income","ILO - Modelled Estimates","SDG indicator 10.4.1 - Labour income share as a percent of GDP (%)","2013",42.2,
"Arab States: Lower-middle income","ILO - Modelled Estimates","SDG indicator 10.4.1 - Labour income share as a percent of GDP (%)","2012",42.5,
"Arab States: Lower-middle income","ILO - Modelled Estimates","SDG indicator 10.4.1 - Labour income share as a percent of GDP (%)","2011",42.4,
"Arab States: Lower-middle income","ILO - Modelled Estimates","SDG indicator 10.4.1 - Labour income share as a percent of GDP (%)","2010",41.8,
"Arab States: Lower-middle income","ILO - Modelled Estimates","SDG indicator 10.4.1 - Labour income share as a percent of GDP (%)","2009",42.9,
"Arab States: Lower-middle income","ILO - Modelled Estimates","SDG indicator 10.4.1 - Labour income share as a percent of GDP (%)","2008",41.9,
"Arab States: Lower-middle income","ILO - Modelled Estimates","SDG indicator 10.4.1 - Labour income share as a percent of GDP (%)","2007",42.8,
"Arab States: Lower-middle income","ILO - Modelled Estimates","SDG indicator 10.4.1 - Labour income share as a percent of GDP (%)","2006",42.6,
"Arab States: Lower-middle income","ILO - Modelled Estimates","SDG indicator 10.4.1 - Labour income share as a percent of GDP (%)","2005",42.7,
"Arab States: Lower-middle income","ILO - Modelled Estimates","SDG indicator 10.4.1 - Labour income share as a percent of GDP (%)","2004",42.8,
"Arab States: High income","ILO - Modelled Estimates","SDG indicator 10.4.1 - Labour income share as a percent of GDP (%)","2024",31.5,
"Arab States: High income","ILO - Modelled Estimates","SDG indicator 10.4.1 - Labour income share as a percent of GDP (%)","2023",31.9,
"Arab States: High income","ILO - Modelled Estimates","SDG indicator 10.4.1 - Labour income share as a percent of GDP (%)","2022",30.4,
"Arab States: High income","ILO - Modelled Estimates","SDG indicator 10.4.1 - Labour income share as a percent of GDP (%)","2021",32.6,
"Arab States: High income","ILO - Modelled Estimates","SDG indicator 10.4.1 - Labour income share as a percent of GDP (%)","2020",35.1,
"Arab States: High income","ILO - Modelled Estimates","SDG indicator 10.4.1 - Labour income share as a percent of GDP (%)","2019",32.7,
"Arab States: High income","ILO - Modelled Estimates","SDG indicator 10.4.1 - Labour income share as a percent of GDP (%)","2018",31.4,
"Arab States: High income","ILO - Modelled Estimates","SDG indicator 10.4.1 - Labour income share as a percent of GDP (%)","2017",33,
"Arab States: High income","ILO - Modelled Estimates","SDG indicator 10.4.1 - Labour income share as a percent of GDP (%)","2016",33.1,
"Arab States: High income","ILO - Modelled Estimates","SDG indicator 10.4.1 - Labour income share as a percent of GDP (%)","2015",31.2,
"Arab States: High income","ILO - Modelled Estimates","SDG indicator 10.4.1 - Labour income share as a percent of GDP (%)","2014",24,
"Arab States: High income","ILO - Modelled Estimates","SDG indicator 10.4.1 - Labour income share as a percent of GDP (%)","2013",22.9,
"Arab States: High income","ILO - Modelled Estimates","SDG indicator 10.4.1 - Labour income share as a percent of GDP (%)","2012",22,
"Arab States: High income","ILO - Modelled Estimates","SDG indicator 10.4.1 - Labour income share as a percent of GDP (%)","2011",21.9,
"Arab States: High income","ILO - Modelled Estimates","SDG indicator 10.4.1 - Labour income share as a percent of GDP (%)","2010",25.3,
"Arab States: High income","ILO - Modelled Estimates","SDG indicator 10.4.1 - Labour income share as a percent of GDP (%)","2009",28.1,
"Arab States: High income","ILO - Modelled Estimates","SDG indicator 10.4.1 - Labour income share as a percent of GDP (%)","2008",21.1,
"Arab States: High income","ILO - Modelled Estimates","SDG indicator 10.4.1 - Labour income share as a percent of GDP (%)","2007",23.5,
"Arab States: High income","ILO - Modelled Estimates","SDG indicator 10.4.1 - Labour income share as a percent of GDP (%)","2006",23.4,
"Arab States: High income","ILO - Modelled Estimates","SDG indicator 10.4.1 - Labour income share as a percent of GDP (%)","2005",24.9,
"Arab States: High income","ILO - Modelled Estimates","SDG indicator 10.4.1 - Labour income share as a percent of GDP (%)","2004",28.1,
"Asia and the Pacific","ILO - Modelled Estimates","SDG indicator 10.4.1 - Labour income share as a percent of GDP (%)","2024",51.9,
"Asia and the Pacific","ILO - Modelled Estimates","SDG indicator 10.4.1 - Labour income share as a percent of GDP (%)","2023",51.9,
"Asia and the Pacific","ILO - Modelled Estimates","SDG indicator 10.4.1 - Labour income share as a percent of GDP (%)","2022",52.1,
"Asia and the Pacific","ILO - Modelled Estimates","SDG indicator 10.4.1 - Labour income share as a percent of GDP (%)","2021",52.4,
"Asia and the Pacific","ILO - Modelled Estimates","SDG indicator 10.4.1 - Labour income share as a percent of GDP (%)","2020",52.8,
"Asia and the Pacific","ILO - Modelled Estimates","SDG indicator 10.4.1 - Labour income share as a percent of GDP (%)","2019",52.1,
"Asia and the Pacific","ILO - Modelled Estimates","SDG indicator 10.4.1 - Labour income share as a percent of GDP (%)","2018",51.8,
"Asia and the Pacific","ILO - Modelled Estimates","SDG indicator 10.4.1 - Labour income share as a percent of GDP (%)","2017",51.9,
"Asia and the Pacific","ILO - Modelled Estimates","SDG indicator 10.4.1 - Labour income share as a percent of GDP (%)","2016",51.8,
"Asia and the Pacific","ILO - Modelled Estimates","SDG indicator 10.4.1 - Labour income share as a percent of GDP (%)","2015",52,
"Asia and the Pacific","ILO - Modelled Estimates","SDG indicator 10.4.1 - Labour income share as a percent of GDP (%)","2014",52.3,
"Asia and the Pacific","ILO - Modelled Estimates","SDG indicator 10.4.1 - Labour income share as a percent of GDP (%)","2013",52.1,
"Asia and the Pacific","ILO - Modelled Estimates","SDG indicator 10.4.1 - Labour income share as a percent of GDP (%)","2012",52.3,
"Asia and the Pacific","ILO - Modelled Estimates","SDG indicator 10.4.1 - Labour income share as a percent of GDP (%)","2011",52.2,
"Asia and the Pacific","ILO - Modelled Estimates","SDG indicator 10.4.1 - Labour income share as a percent of GDP (%)","2010",52,
"Asia and the Pacific","ILO - Modelled Estimates","SDG indicator 10.4.1 - Labour income share as a percent of GDP (%)","2009",53.1,
"Asia and the Pacific","ILO - Modelled Estimates","SDG indicator 10.4.1 - Labour income share as a percent of GDP (%)","2008",52.6,
"Asia and the Pacific","ILO - Modelled Estimates","SDG indicator 10.4.1 - Labour income share as a percent of GDP (%)","2007",51.1,
"Asia and the Pacific","ILO - Modelled Estimates","SDG indicator 10.4.1 - Labour income share as a percent of GDP (%)","2006",51.6,
"Asia and the Pacific","ILO - Modelled Estimates","SDG indicator 10.4.1 - Labour income share as a percent of GDP (%)","2005",52,
"Asia and the Pacific","ILO - Modelled Estimates","SDG indicator 10.4.1 - Labour income share as a percent of GDP (%)","2004",52.3,
"Asia and the Pacific: Low income","ILO - Modelled Estimates","SDG indicator 10.4.1 - Labour income share as a percent of GDP (%)","2024",38.4,
"Asia and the Pacific: Low income","ILO - Modelled Estimates","SDG indicator 10.4.1 - Labour income share as a percent of GDP (%)","2023",38.4,
"Asia and the Pacific: Low income","ILO - Modelled Estimates","SDG indicator 10.4.1 - Labour income share as a percent of GDP (%)","2022",39.2,
"Asia and the Pacific: Low income","ILO - Modelled Estimates","SDG indicator 10.4.1 - Labour income share as a percent of GDP (%)","2021",39,
"Asia and the Pacific: Low income","ILO - Modelled Estimates","SDG indicator 10.4.1 - Labour income share as a percent of GDP (%)","2020",38.6,
"Asia and the Pacific: Low income","ILO - Modelled Estimates","SDG indicator 10.4.1 - Labour income share as a percent of GDP (%)","2019",38.7,
"Asia and the Pacific: Low income","ILO - Modelled Estimates","SDG indicator 10.4.1 - Labour income share as a percent of GDP (%)","2018",39.4,
"Asia and the Pacific: Low income","ILO - Modelled Estimates","SDG indicator 10.4.1 - Labour income share as a percent of GDP (%)","2017",39.4,
"Asia and the Pacific: Low income","ILO - Modelled Estimates","SDG indicator 10.4.1 - Labour income share as a percent of GDP (%)","2016",38.7,
"Asia and the Pacific: Low income","ILO - Modelled Estimates","SDG indicator 10.4.1 - Labour income share as a percent of GDP (%)","2015",39.4,
"Asia and the Pacific: Low income","ILO - Modelled Estimates","SDG indicator 10.4.1 - Labour income share as a percent of GDP (%)","2014",39.1,
"Asia and the Pacific: Low income","ILO - Modelled Estimates","SDG indicator 10.4.1 - Labour income share as a percent of GDP (%)","2013",39.1,
"Asia and the Pacific: Low income","ILO - Modelled Estimates","SDG indicator 10.4.1 - Labour income share as a percent of GDP (%)","2012",38.7,
"Asia and the Pacific: Low income","ILO - Modelled Estimates","SDG indicator 10.4.1 - Labour income share as a percent of GDP (%)","2011",39.5,
"Asia and the Pacific: Low income","ILO - Modelled Estimates","SDG indicator 10.4.1 - Labour income share as a percent of GDP (%)","2010",39,
"Asia and the Pacific: Low income","ILO - Modelled Estimates","SDG indicator 10.4.1 - Labour income share as a percent of GDP (%)","2009",38.8,
"Asia and the Pacific: Low income","ILO - Modelled Estimates","SDG indicator 10.4.1 - Labour income share as a percent of GDP (%)","2008",39.1,
"Asia and the Pacific: Low income","ILO - Modelled Estimates","SDG indicator 10.4.1 - Labour income share as a percent of GDP (%)","2007",39.4,
"Asia and the Pacific: Low income","ILO - Modelled Estimates","SDG indicator 10.4.1 - Labour income share as a percent of GDP (%)","2006",39.7,
"Asia and the Pacific: Low income","ILO - Modelled Estimates","SDG indicator 10.4.1 - Labour income share as a percent of GDP (%)","2005",38.7,
"Asia and the Pacific: Low income","ILO - Modelled Estimates","SDG indicator 10.4.1 - Labour income share as a percent of GDP (%)","2004",39.4,
"Asia and the Pacific: Lower-middle income","ILO - Modelled Estimates","SDG indicator 10.4.1 - Labour income share as a percent of GDP (%)","2024",51.1,
"Asia and the Pacific: Lower-middle income","ILO - Modelled Estimates","SDG indicator 10.4.1 - Labour income share as a percent of GDP (%)","2023",51,
"Asia and the Pacific: Lower-middle income","ILO - Modelled Estimates","SDG indicator 10.4.1 - Labour income share as a percent of GDP (%)","2022",50.7,
"Asia and the Pacific: Lower-middle income","ILO - Modelled Estimates","SDG indicator 10.4.1 - Labour income share as a percent of GDP (%)","2021",51.4,
"Asia and the Pacific: Lower-middle income","ILO - Modelled Estimates","SDG indicator 10.4.1 - Labour income share as a percent of GDP (%)","2020",51.3,
"Asia and the Pacific: Lower-middle income","ILO - Modelled Estimates","SDG indicator 10.4.1 - Labour income share as a percent of GDP (%)","2019",50.5,
"Asia and the Pacific: Lower-middle income","ILO - Modelled Estimates","SDG indicator 10.4.1 - Labour income share as a percent of GDP (%)","2018",50.2,
"Asia and the Pacific: Lower-middle income","ILO - Modelled Estimates","SDG indicator 10.4.1 - Labour income share as a percent of GDP (%)","2017",50.9,
"Asia and the Pacific: Lower-middle income","ILO - Modelled Estimates","SDG indicator 10.4.1 - Labour income share as a percent of GDP (%)","2016",49.8,
"Asia and the Pacific: Lower-middle income","ILO - Modelled Estimates","SDG indicator 10.4.1 - Labour income share as a percent of GDP (%)","2015",50,
"Asia and the Pacific: Lower-middle income","ILO - Modelled Estimates","SDG indicator 10.4.1 - Labour income share as a percent of GDP (%)","2014",50.6,
"Asia and the Pacific: Lower-middle income","ILO - Modelled Estimates","SDG indicator 10.4.1 - Labour income share as a percent of GDP (%)","2013",50.2,
"Asia and the Pacific: Lower-middle income","ILO - Modelled Estimates","SDG indicator 10.4.1 - Labour income share as a percent of GDP (%)","2012",50.7,
"Asia and the Pacific: Lower-middle income","ILO - Modelled Estimates","SDG indicator 10.4.1 - Labour income share as a percent of GDP (%)","2011",50.9,
"Asia and the Pacific: Lower-middle income","ILO - Modelled Estimates","SDG indicator 10.4.1 - Labour income share as a percent of GDP (%)","2010",51.4,
"Asia and the Pacific: Lower-middle income","ILO - Modelled Estimates","SDG indicator 10.4.1 - Labour income share as a percent of GDP (%)","2009",52.2,
"Asia and the Pacific: Lower-middle income","ILO - Modelled Estimates","SDG indicator 10.4.1 - Labour income share as a percent of GDP (%)","2008",50.9,
"Asia and the Pacific: Lower-middle income","ILO - Modelled Estimates","SDG indicator 10.4.1 - Labour income share as a percent of GDP (%)","2007",47.6,
"Asia and the Pacific: Lower-middle income","ILO - Modelled Estimates","SDG indicator 10.4.1 - Labour income share as a percent of GDP (%)","2006",48.2,
"Asia and the Pacific: Lower-middle income","ILO - Modelled Estimates","SDG indicator 10.4.1 - Labour income share as a percent of GDP (%)","2005",49.5,
"Asia and the Pacific: Lower-middle income","ILO - Modelled Estimates","SDG indicator 10.4.1 - Labour income share as a percent of GDP (%)","2004",50.4,
"Asia and the Pacific: Upper-middle income","ILO - Modelled Estimates","SDG indicator 10.4.1 - Labour income share as a percent of GDP (%)","2024",51.7,
"Asia and the Pacific: Upper-middle income","ILO - Modelled Estimates","SDG indicator 10.4.1 - Labour income share as a percent of GDP (%)","2023",51.6,
"Asia and the Pacific: Upper-middle income","ILO - Modelled Estimates","SDG indicator 10.4.1 - Labour income share as a percent of GDP (%)","2022",51.9,
"Asia and the Pacific: Upper-middle income","ILO - Modelled Estimates","SDG indicator 10.4.1 - Labour income share as a percent of GDP (%)","2021",52,
"Asia and the Pacific: Upper-middle income","ILO - Modelled Estimates","SDG indicator 10.4.1 - Labour income share as a percent of GDP (%)","2020",52.4,
"Asia and the Pacific: Upper-middle income","ILO - Modelled Estimates","SDG indicator 10.4.1 - Labour income share as a percent of GDP (%)","2019",51.7,
"Asia and the Pacific: Upper-middle income","ILO - Modelled Estimates","SDG indicator 10.4.1 - Labour income share as a percent of GDP (%)","2018",51.8,
"Asia and the Pacific: Upper-middle income","ILO - Modelled Estimates","SDG indicator 10.4.1 - Labour income share as a percent of GDP (%)","2017",51.9,
"Asia and the Pacific: Upper-middle income","ILO - Modelled Estimates","SDG indicator 10.4.1 - Labour income share as a percent of GDP (%)","2016",52.2,
"Asia and the Pacific: Upper-middle income","ILO - Modelled Estimates","SDG indicator 10.4.1 - Labour income share as a percent of GDP (%)","2015",52.3,
"Asia and the Pacific: Upper-middle income","ILO - Modelled Estimates","SDG indicator 10.4.1 - Labour income share as a percent of GDP (%)","2014",52.4,
"Asia and the Pacific: Upper-middle income","ILO - Modelled Estimates","SDG indicator 10.4.1 - Labour income share as a percent of GDP (%)","2013",52.3,
"Asia and the Pacific: Upper-middle income","ILO - Modelled Estimates","SDG indicator 10.4.1 - Labour income share as a percent of GDP (%)","2012",52.2,
"Asia and the Pacific: Upper-middle income","ILO - Modelled Estimates","SDG indicator 10.4.1 - Labour income share as a percent of GDP (%)","2011",51.8,
"Asia and the Pacific: Upper-middle income","ILO - Modelled Estimates","SDG indicator 10.4.1 - Labour income share as a percent of GDP (%)","2010",51.6,
"Asia and the Pacific: Upper-middle income","ILO - Modelled Estimates","SDG indicator 10.4.1 - Labour income share as a percent of GDP (%)","2009",52.2,
"Asia and the Pacific: Upper-middle income","ILO - Modelled Estimates","SDG indicator 10.4.1 - Labour income share as a percent of GDP (%)","2008",51.9,
"Asia and the Pacific: Upper-middle income","ILO - Modelled Estimates","SDG indicator 10.4.1 - Labour income share as a percent of GDP (%)","2007",51,
"Asia and the Pacific: Upper-middle income","ILO - Modelled Estimates","SDG indicator 10.4.1 - Labour income share as a percent of GDP (%)","2006",51.2,
"Asia and the Pacific: Upper-middle income","ILO - Modelled Estimates","SDG indicator 10.4.1 - Labour income share as a percent of GDP (%)","2005",51.5,
"Asia and the Pacific: Upper-middle income","ILO - Modelled Estimates","SDG indicator 10.4.1 - Labour income share as a percent of GDP (%)","2004",51.8,
"Asia and the Pacific: High income","ILO - Modelled Estimates","SDG indicator 10.4.1 - Labour income share as a percent of GDP (%)","2024",54,
"Asia and the Pacific: High income","ILO - Modelled Estimates","SDG indicator 10.4.1 - Labour income share as a percent of GDP (%)","2023",54.1,
"Asia and the Pacific: High income","ILO - Modelled Estimates","SDG indicator 10.4.1 - Labour income share as a percent of GDP (%)","2022",54.8,
"Asia and the Pacific: High income","ILO - Modelled Estimates","SDG indicator 10.4.1 - Labour income share as a percent of GDP (%)","2021",55.1,
"Asia and the Pacific: High income","ILO - Modelled Estimates","SDG indicator 10.4.1 - Labour income share as a percent of GDP (%)","2020",56.2,
"Asia and the Pacific: High income","ILO - Modelled Estimates","SDG indicator 10.4.1 - Labour income share as a percent of GDP (%)","2019",55.2,
"Asia and the Pacific: High income","ILO - Modelled Estimates","SDG indicator 10.4.1 - Labour income share as a percent of GDP (%)","2018",54.1,
"Asia and the Pacific: High income","ILO - Modelled Estimates","SDG indicator 10.4.1 - Labour income share as a percent of GDP (%)","2017",53.4,
"Asia and the Pacific: High income","ILO - Modelled Estimates","SDG indicator 10.4.1 - Labour income share as a percent of GDP (%)","2016",53.7,
"Asia and the Pacific: High income","ILO - Modelled Estimates","SDG indicator 10.4.1 - Labour income share as a percent of GDP (%)","2015",53.6,
"Asia and the Pacific: High income","ILO - Modelled Estimates","SDG indicator 10.4.1 - Labour income share as a percent of GDP (%)","2014",54.1,
"Asia and the Pacific: High income","ILO - Modelled Estimates","SDG indicator 10.4.1 - Labour income share as a percent of GDP (%)","2013",53.9,
"Asia and the Pacific: High income","ILO - Modelled Estimates","SDG indicator 10.4.1 - Labour income share as a percent of GDP (%)","2012",54.3,
"Asia and the Pacific: High income","ILO - Modelled Estimates","SDG indicator 10.4.1 - Labour income share as a percent of GDP (%)","2011",54.4,
"Asia and the Pacific: High income","ILO - Modelled Estimates","SDG indicator 10.4.1 - Labour income share as a percent of GDP (%)","2010",53.6,
"Asia and the Pacific: High income","ILO - Modelled Estimates","SDG indicator 10.4.1 - Labour income share as a percent of GDP (%)","2009",55.4,
"Asia and the Pacific: High income","ILO - Modelled Estimates","SDG indicator 10.4.1 - Labour income share as a percent of GDP (%)","2008",55,
"Asia and the Pacific: High income","ILO - Modelled Estimates","SDG indicator 10.4.1 - Labour income share as a percent of GDP (%)","2007",54.4,
"Asia and the Pacific: High income","ILO - Modelled Estimates","SDG indicator 10.4.1 - Labour income share as a percent of GDP (%)","2006",54.9,
"Asia and the Pacific: High income","ILO - Modelled Estimates","SDG indicator 10.4.1 - Labour income share as a percent of GDP (%)","2005",54.6,
"Asia and the Pacific: High income","ILO - Modelled Estimates","SDG indicator 10.4.1 - Labour income share as a percent of GDP (%)","2004",54.4,
"Eastern Asia","ILO - Modelled Estimates","SDG indicator 10.4.1 - Labour income share as a percent of GDP (%)","2024",52.2,
"Eastern Asia","ILO - Modelled Estimates","SDG indicator 10.4.1 - Labour income share as a percent of GDP (%)","2023",52.2,
"Eastern Asia","ILO - Modelled Estimates","SDG indicator 10.4.1 - Labour income share as a percent of GDP (%)","2022",52.9,
"Eastern Asia","ILO - Modelled Estimates","SDG indicator 10.4.1 - Labour income share as a percent of GDP (%)","2021",52.9,
"Eastern Asia","ILO - Modelled Estimates","SDG indicator 10.4.1 - Labour income share as a percent of GDP (%)","2020",53.3,
"Eastern Asia","ILO - Modelled Estimates","SDG indicator 10.4.1 - Labour income share as a percent of GDP (%)","2019",52.6,
"Eastern Asia","ILO - Modelled Estimates","SDG indicator 10.4.1 - Labour income share as a percent of GDP (%)","2018",52.2,
"Eastern Asia","ILO - Modelled Estimates","SDG indicator 10.4.1 - Labour income share as a percent of GDP (%)","2017",52,
"Eastern Asia","ILO - Modelled Estimates","SDG indicator 10.4.1 - Labour income share as a percent of GDP (%)","2016",52.2,
"Eastern Asia","ILO - Modelled Estimates","SDG indicator 10.4.1 - Labour income share as a percent of GDP (%)","2015",52.2,
"Eastern Asia","ILO - Modelled Estimates","SDG indicator 10.4.1 - Labour income share as a percent of GDP (%)","2014",52.5,
"Eastern Asia","ILO - Modelled Estimates","SDG indicator 10.4.1 - Labour income share as a percent of GDP (%)","2013",52.6,
"Eastern Asia","ILO - Modelled Estimates","SDG indicator 10.4.1 - Labour income share as a percent of GDP (%)","2012",52.7,
"Eastern Asia","ILO - Modelled Estimates","SDG indicator 10.4.1 - Labour income share as a percent of GDP (%)","2011",52.6,
"Eastern Asia","ILO - Modelled Estimates","SDG indicator 10.4.1 - Labour income share as a percent of GDP (%)","2010",52.2,
"Eastern Asia","ILO - Modelled Estimates","SDG indicator 10.4.1 - Labour income share as a percent of GDP (%)","2009",53.2,
"Eastern Asia","ILO - Modelled Estimates","SDG indicator 10.4.1 - Labour income share as a percent of GDP (%)","2008",53.1,
"Eastern Asia","ILO - Modelled Estimates","SDG indicator 10.4.1 - Labour income share as a percent of GDP (%)","2007",52.3,
"Eastern Asia","ILO - Modelled Estimates","SDG indicator 10.4.1 - Labour income share as a percent of GDP (%)","2006",52.8,
"Eastern Asia","ILO - Modelled Estimates","SDG indicator 10.4.1 - Labour income share as a percent of GDP (%)","2005",52.9,
"Eastern Asia","ILO - Modelled Estimates","SDG indicator 10.4.1 - Labour income share as a percent of GDP (%)","2004",52.9,
"Eastern Asia: High income","ILO - Modelled Estimates","SDG indicator 10.4.1 - Labour income share as a percent of GDP (%)","2024",54.7,
"Eastern Asia: High income","ILO - Modelled Estimates","SDG indicator 10.4.1 - Labour income share as a percent of GDP (%)","2023",55,
"Eastern Asia: High income","ILO - Modelled Estimates","SDG indicator 10.4.1 - Labour income share as a percent of GDP (%)","2022",55.9,
"Eastern Asia: High income","ILO - Modelled Estimates","SDG indicator 10.4.1 - Labour income share as a percent of GDP (%)","2021",56.2,
"Eastern Asia: High income","ILO - Modelled Estimates","SDG indicator 10.4.1 - Labour income share as a percent of GDP (%)","2020",56.8,
"Eastern Asia: High income","ILO - Modelled Estimates","SDG indicator 10.4.1 - Labour income share as a percent of GDP (%)","2019",55.6,
"Eastern Asia: High income","ILO - Modelled Estimates","SDG indicator 10.4.1 - Labour income share as a percent of GDP (%)","2018",54.7,
"Eastern Asia: High income","ILO - Modelled Estimates","SDG indicator 10.4.1 - Labour income share as a percent of GDP (%)","2017",53.7,
"Eastern Asia: High income","ILO - Modelled Estimates","SDG indicator 10.4.1 - Labour income share as a percent of GDP (%)","2016",53.8,
"Eastern Asia: High income","ILO - Modelled Estimates","SDG indicator 10.4.1 - Labour income share as a percent of GDP (%)","2015",53.5,
"Eastern Asia: High income","ILO - Modelled Estimates","SDG indicator 10.4.1 - Labour income share as a percent of GDP (%)","2014",54.1,
"Eastern Asia: High income","ILO - Modelled Estimates","SDG indicator 10.4.1 - Labour income share as a percent of GDP (%)","2013",54.2,
"Eastern Asia: High income","ILO - Modelled Estimates","SDG indicator 10.4.1 - Labour income share as a percent of GDP (%)","2012",54.6,
"Eastern Asia: High income","ILO - Modelled Estimates","SDG indicator 10.4.1 - Labour income share as a percent of GDP (%)","2011",54.7,
"Eastern Asia: High income","ILO - Modelled Estimates","SDG indicator 10.4.1 - Labour income share as a percent of GDP (%)","2010",53.9,
"Eastern Asia: High income","ILO - Modelled Estimates","SDG indicator 10.4.1 - Labour income share as a percent of GDP (%)","2009",55.9,
"Eastern Asia: High income","ILO - Modelled Estimates","SDG indicator 10.4.1 - Labour income share as a percent of GDP (%)","2008",55.4,
"Eastern Asia: High income","ILO - Modelled Estimates","SDG indicator 10.4.1 - Labour income share as a percent of GDP (%)","2007",54.6,
"Eastern Asia: High income","ILO - Modelled Estimates","SDG indicator 10.4.1 - Labour income share as a percent of GDP (%)","2006",55.1,
"Eastern Asia: High income","ILO - Modelled Estimates","SDG indicator 10.4.1 - Labour income share as a percent of GDP (%)","2005",54.7,
"Eastern Asia: High income","ILO - Modelled Estimates","SDG indicator 10.4.1 - Labour income share as a percent of GDP (%)","2004",54.3,
"South-Eastern Asia and the Pacific","ILO - Modelled Estimates","SDG indicator 10.4.1 - Labour income share as a percent of GDP (%)","2024",50.4,
"South-Eastern Asia and the Pacific","ILO - Modelled Estimates","SDG indicator 10.4.1 - Labour income share as a percent of GDP (%)","2023",50.3,
"South-Eastern Asia and the Pacific","ILO - Modelled Estimates","SDG indicator 10.4.1 - Labour income share as a percent of GDP (%)","2022",49.9,
"South-Eastern Asia and the Pacific","ILO - Modelled Estimates","SDG indicator 10.4.1 - Labour income share as a percent of GDP (%)","2021",50.5,
"South-Eastern Asia and the Pacific","ILO - Modelled Estimates","SDG indicator 10.4.1 - Labour income share as a percent of GDP (%)","2020",51.2,
"South-Eastern Asia and the Pacific","ILO - Modelled Estimates","SDG indicator 10.4.1 - Labour income share as a percent of GDP (%)","2019",50.4,
"South-Eastern Asia and the Pacific","ILO - Modelled Estimates","SDG indicator 10.4.1 - Labour income share as a percent of GDP (%)","2018",50.8,
"South-Eastern Asia and the Pacific","ILO - Modelled Estimates","SDG indicator 10.4.1 - Labour income share as a percent of GDP (%)","2017",51.2,
"South-Eastern Asia and the Pacific","ILO - Modelled Estimates","SDG indicator 10.4.1 - Labour income share as a percent of GDP (%)","2016",51.6,
"South-Eastern Asia and the Pacific","ILO - Modelled Estimates","SDG indicator 10.4.1 - Labour income share as a percent of GDP (%)","2015",52,
"South-Eastern Asia and the Pacific","ILO - Modelled Estimates","SDG indicator 10.4.1 - Labour income share as a percent of GDP (%)","2014",52.1,
"South-Eastern Asia and the Pacific","ILO - Modelled Estimates","SDG indicator 10.4.1 - Labour income share as a percent of GDP (%)","2013",51.6,
"South-Eastern Asia and the Pacific","ILO - Modelled Estimates","SDG indicator 10.4.1 - Labour income share as a percent of GDP (%)","2012",51.4,
"South-Eastern Asia and the Pacific","ILO - Modelled Estimates","SDG indicator 10.4.1 - Labour income share as a percent of GDP (%)","2011",51.3,
"South-Eastern Asia and the Pacific","ILO - Modelled Estimates","SDG indicator 10.4.1 - Labour income share as a percent of GDP (%)","2010",51,
"South-Eastern Asia and the Pacific","ILO - Modelled Estimates","SDG indicator 10.4.1 - Labour income share as a percent of GDP (%)","2009",51.5,
"South-Eastern Asia and the Pacific","ILO - Modelled Estimates","SDG indicator 10.4.1 - Labour income share as a percent of GDP (%)","2008",51,
"South-Eastern Asia and the Pacific","ILO - Modelled Estimates","SDG indicator 10.4.1 - Labour income share as a percent of GDP (%)","2007",50.9,
"South-Eastern Asia and the Pacific","ILO - Modelled Estimates","SDG indicator 10.4.1 - Labour income share as a percent of GDP (%)","2006",50.8,
"South-Eastern Asia and the Pacific","ILO - Modelled Estimates","SDG indicator 10.4.1 - Labour income share as a percent of GDP (%)","2005",51,
"South-Eastern Asia and the Pacific","ILO - Modelled Estimates","SDG indicator 10.4.1 - Labour income share as a percent of GDP (%)","2004",51.3,
"South-Eastern Asia and the Pacific: Lower-middle income","ILO - Modelled Estimates","SDG indicator 10.4.1 - Labour income share as a percent of GDP (%)","2024",43.7,
"South-Eastern Asia and the Pacific: Lower-middle income","ILO - Modelled Estimates","SDG indicator 10.4.1 - Labour income share as a percent of GDP (%)","2023",44,
"South-Eastern Asia and the Pacific: Lower-middle income","ILO - Modelled Estimates","SDG indicator 10.4.1 - Labour income share as a percent of GDP (%)","2022",43.2,
"South-Eastern Asia and the Pacific: Lower-middle income","ILO - Modelled Estimates","SDG indicator 10.4.1 - Labour income share as a percent of GDP (%)","2021",43.8,
"South-Eastern Asia and the Pacific: Lower-middle income","ILO - Modelled Estimates","SDG indicator 10.4.1 - Labour income share as a percent of GDP (%)","2020",42.6,
"South-Eastern Asia and the Pacific: Lower-middle income","ILO - Modelled Estimates","SDG indicator 10.4.1 - Labour income share as a percent of GDP (%)","2019",42.3,
"South-Eastern Asia and the Pacific: Lower-middle income","ILO - Modelled Estimates","SDG indicator 10.4.1 - Labour income share as a percent of GDP (%)","2018",42.7,
"South-Eastern Asia and the Pacific: Lower-middle income","ILO - Modelled Estimates","SDG indicator 10.4.1 - Labour income share as a percent of GDP (%)","2017",42.6,
"South-Eastern Asia and the Pacific: Lower-middle income","ILO - Modelled Estimates","SDG indicator 10.4.1 - Labour income share as a percent of GDP (%)","2016",42.5,
"South-Eastern Asia and the Pacific: Lower-middle income","ILO - Modelled Estimates","SDG indicator 10.4.1 - Labour income share as a percent of GDP (%)","2015",42.1,
"South-Eastern Asia and the Pacific: Lower-middle income","ILO - Modelled Estimates","SDG indicator 10.4.1 - Labour income share as a percent of GDP (%)","2014",42.8,
"South-Eastern Asia and the Pacific: Lower-middle income","ILO - Modelled Estimates","SDG indicator 10.4.1 - Labour income share as a percent of GDP (%)","2013",43.2,
"South-Eastern Asia and the Pacific: Lower-middle income","ILO - Modelled Estimates","SDG indicator 10.4.1 - Labour income share as a percent of GDP (%)","2012",43.9,
"South-Eastern Asia and the Pacific: Lower-middle income","ILO - Modelled Estimates","SDG indicator 10.4.1 - Labour income share as a percent of GDP (%)","2011",44.2,
"South-Eastern Asia and the Pacific: Lower-middle income","ILO - Modelled Estimates","SDG indicator 10.4.1 - Labour income share as a percent of GDP (%)","2010",43.9,
"South-Eastern Asia and the Pacific: Lower-middle income","ILO - Modelled Estimates","SDG indicator 10.4.1 - Labour income share as a percent of GDP (%)","2009",41,
"South-Eastern Asia and the Pacific: Lower-middle income","ILO - Modelled Estimates","SDG indicator 10.4.1 - Labour income share as a percent of GDP (%)","2008",42.1,
"South-Eastern Asia and the Pacific: Lower-middle income","ILO - Modelled Estimates","SDG indicator 10.4.1 - Labour income share as a percent of GDP (%)","2007",41.9,
"South-Eastern Asia and the Pacific: Lower-middle income","ILO - Modelled Estimates","SDG indicator 10.4.1 - Labour income share as a percent of GDP (%)","2006",42.1,
"South-Eastern Asia and the Pacific: Lower-middle income","ILO - Modelled Estimates","SDG indicator 10.4.1 - Labour income share as a percent of GDP (%)","2005",42.3,
"South-Eastern Asia and the Pacific: Lower-middle income","ILO - Modelled Estimates","SDG indicator 10.4.1 - Labour income share as a percent of GDP (%)","2004",42.1,
"South-Eastern Asia and the Pacific: Upper-middle income","ILO - Modelled Estimates","SDG indicator 10.4.1 - Labour income share as a percent of GDP (%)","2024",53,
"South-Eastern Asia and the Pacific: Upper-middle income","ILO - Modelled Estimates","SDG indicator 10.4.1 - Labour income share as a percent of GDP (%)","2023",53,
"South-Eastern Asia and the Pacific: Upper-middle income","ILO - Modelled Estimates","SDG indicator 10.4.1 - Labour income share as a percent of GDP (%)","2022",52.7,
"South-Eastern Asia and the Pacific: Upper-middle income","ILO - Modelled Estimates","SDG indicator 10.4.1 - Labour income share as a percent of GDP (%)","2021",53.5,
"South-Eastern Asia and the Pacific: Upper-middle income","ILO - Modelled Estimates","SDG indicator 10.4.1 - Labour income share as a percent of GDP (%)","2020",54,
"South-Eastern Asia and the Pacific: Upper-middle income","ILO - Modelled Estimates","SDG indicator 10.4.1 - Labour income share as a percent of GDP (%)","2019",52.9,
"South-Eastern Asia and the Pacific: Upper-middle income","ILO - Modelled Estimates","SDG indicator 10.4.1 - Labour income share as a percent of GDP (%)","2018",53.9,
"South-Eastern Asia and the Pacific: Upper-middle income","ILO - Modelled Estimates","SDG indicator 10.4.1 - Labour income share as a percent of GDP (%)","2017",54.4,
"South-Eastern Asia and the Pacific: Upper-middle income","ILO - Modelled Estimates","SDG indicator 10.4.1 - Labour income share as a percent of GDP (%)","2016",54.8,
"South-Eastern Asia and the Pacific: Upper-middle income","ILO - Modelled Estimates","SDG indicator 10.4.1 - Labour income share as a percent of GDP (%)","2015",55.1,
"South-Eastern Asia and the Pacific: Upper-middle income","ILO - Modelled Estimates","SDG indicator 10.4.1 - Labour income share as a percent of GDP (%)","2014",55,
"South-Eastern Asia and the Pacific: Upper-middle income","ILO - Modelled Estimates","SDG indicator 10.4.1 - Labour income share as a percent of GDP (%)","2013",54.3,
"South-Eastern Asia and the Pacific: Upper-middle income","ILO - Modelled Estimates","SDG indicator 10.4.1 - Labour income share as a percent of GDP (%)","2012",53.6,
"South-Eastern Asia and the Pacific: Upper-middle income","ILO - Modelled Estimates","SDG indicator 10.4.1 - Labour income share as a percent of GDP (%)","2011",53.3,
"South-Eastern Asia and the Pacific: Upper-middle income","ILO - Modelled Estimates","SDG indicator 10.4.1 - Labour income share as a percent of GDP (%)","2010",53.1,
"South-Eastern Asia and the Pacific: Upper-middle income","ILO - Modelled Estimates","SDG indicator 10.4.1 - Labour income share as a percent of GDP (%)","2009",54.7,
"South-Eastern Asia and the Pacific: Upper-middle income","ILO - Modelled Estimates","SDG indicator 10.4.1 - Labour income share as a percent of GDP (%)","2008",53.4,
"South-Eastern Asia and the Pacific: Upper-middle income","ILO - Modelled Estimates","SDG indicator 10.4.1 - Labour income share as a percent of GDP (%)","2007",53,
"South-Eastern Asia and the Pacific: Upper-middle income","ILO - Modelled Estimates","SDG indicator 10.4.1 - Labour income share as a percent of GDP (%)","2006",52.4,
"South-Eastern Asia and the Pacific: Upper-middle income","ILO - Modelled Estimates","SDG indicator 10.4.1 - Labour income share as a percent of GDP (%)","2005",52.5,
"South-Eastern Asia and the Pacific: Upper-middle income","ILO - Modelled Estimates","SDG indicator 10.4.1 - Labour income share as a percent of GDP (%)","2004",52.8,
"South-Eastern Asia and the Pacific: High income","ILO - Modelled Estimates","SDG indicator 10.4.1 - Labour income share as a percent of GDP (%)","2024",51.3,
"South-Eastern Asia and the Pacific: High income","ILO - Modelled Estimates","SDG indicator 10.4.1 - Labour income share as a percent of GDP (%)","2023",50.4,
"South-Eastern Asia and the Pacific: High income","ILO - Modelled Estimates","SDG indicator 10.4.1 - Labour income share as a percent of GDP (%)","2022",50.3,
"South-Eastern Asia and the Pacific: High income","ILO - Modelled Estimates","SDG indicator 10.4.1 - Labour income share as a percent of GDP (%)","2021",50.4,
"South-Eastern Asia and the Pacific: High income","ILO - Modelled Estimates","SDG indicator 10.4.1 - Labour income share as a percent of GDP (%)","2020",53.6,
"South-Eastern Asia and the Pacific: High income","ILO - Modelled Estimates","SDG indicator 10.4.1 - Labour income share as a percent of GDP (%)","2019",53.1,
"South-Eastern Asia and the Pacific: High income","ILO - Modelled Estimates","SDG indicator 10.4.1 - Labour income share as a percent of GDP (%)","2018",51.7,
"South-Eastern Asia and the Pacific: High income","ILO - Modelled Estimates","SDG indicator 10.4.1 - Labour income share as a percent of GDP (%)","2017",52.5,
"South-Eastern Asia and the Pacific: High income","ILO - Modelled Estimates","SDG indicator 10.4.1 - Labour income share as a percent of GDP (%)","2016",53.3,
"South-Eastern Asia and the Pacific: High income","ILO - Modelled Estimates","SDG indicator 10.4.1 - Labour income share as a percent of GDP (%)","2015",54.1,
"South-Eastern Asia and the Pacific: High income","ILO - Modelled Estimates","SDG indicator 10.4.1 - Labour income share as a percent of GDP (%)","2014",54,
"South-Eastern Asia and the Pacific: High income","ILO - Modelled Estimates","SDG indicator 10.4.1 - Labour income share as a percent of GDP (%)","2013",52.9,
"South-Eastern Asia and the Pacific: High income","ILO - Modelled Estimates","SDG indicator 10.4.1 - Labour income share as a percent of GDP (%)","2012",52.9,
"South-Eastern Asia and the Pacific: High income","ILO - Modelled Estimates","SDG indicator 10.4.1 - Labour income share as a percent of GDP (%)","2011",53,
"South-Eastern Asia and the Pacific: High income","ILO - Modelled Estimates","SDG indicator 10.4.1 - Labour income share as a percent of GDP (%)","2010",52.3,
"South-Eastern Asia and the Pacific: High income","ILO - Modelled Estimates","SDG indicator 10.4.1 - Labour income share as a percent of GDP (%)","2009",53,
"South-Eastern Asia and the Pacific: High income","ILO - Modelled Estimates","SDG indicator 10.4.1 - Labour income share as a percent of GDP (%)","2008",52.8,
"South-Eastern Asia and the Pacific: High income","ILO - Modelled Estimates","SDG indicator 10.4.1 - Labour income share as a percent of GDP (%)","2007",53.4,
"South-Eastern Asia and the Pacific: High income","ILO - Modelled Estimates","SDG indicator 10.4.1 - Labour income share as a percent of GDP (%)","2006",54.1,
"South-Eastern Asia and the Pacific: High income","ILO - Modelled Estimates","SDG indicator 10.4.1 - Labour income share as a percent of GDP (%)","2005",54.5,
"South-Eastern Asia and the Pacific: High income","ILO - Modelled Estimates","SDG indicator 10.4.1 - Labour income share as a percent of GDP (%)","2004",55,
"South-Eastern Asia","ILO - Modelled Estimates","SDG indicator 10.4.1 - Labour income share as a percent of GDP (%)","2024",49.7,
"South-Eastern Asia","ILO - Modelled Estimates","SDG indicator 10.4.1 - Labour income share as a percent of GDP (%)","2023",49.8,
"South-Eastern Asia","ILO - Modelled Estimates","SDG indicator 10.4.1 - Labour income share as a percent of GDP (%)","2022",49.3,
"South-Eastern Asia","ILO - Modelled Estimates","SDG indicator 10.4.1 - Labour income share as a percent of GDP (%)","2021",50.1,
"South-Eastern Asia","ILO - Modelled Estimates","SDG indicator 10.4.1 - Labour income share as a percent of GDP (%)","2020",50.5,
"South-Eastern Asia","ILO - Modelled Estimates","SDG indicator 10.4.1 - Labour income share as a percent of GDP (%)","2019",49.4,
"South-Eastern Asia","ILO - Modelled Estimates","SDG indicator 10.4.1 - Labour income share as a percent of GDP (%)","2018",50.2,
"South-Eastern Asia","ILO - Modelled Estimates","SDG indicator 10.4.1 - Labour income share as a percent of GDP (%)","2017",50.6,
"South-Eastern Asia","ILO - Modelled Estimates","SDG indicator 10.4.1 - Labour income share as a percent of GDP (%)","2016",51.1,
"South-Eastern Asia","ILO - Modelled Estimates","SDG indicator 10.4.1 - Labour income share as a percent of GDP (%)","2015",51.2,
"South-Eastern Asia","ILO - Modelled Estimates","SDG indicator 10.4.1 - Labour income share as a percent of GDP (%)","2014",51.4,
"South-Eastern Asia","ILO - Modelled Estimates","SDG indicator 10.4.1 - Labour income share as a percent of GDP (%)","2013",50.9,
"South-Eastern Asia","ILO - Modelled Estimates","SDG indicator 10.4.1 - Labour income share as a percent of GDP (%)","2012",50.6,
"South-Eastern Asia","ILO - Modelled Estimates","SDG indicator 10.4.1 - Labour income share as a percent of GDP (%)","2011",50.3,
"South-Eastern Asia","ILO - Modelled Estimates","SDG indicator 10.4.1 - Labour income share as a percent of GDP (%)","2010",50.1,
"South-Eastern Asia","ILO - Modelled Estimates","SDG indicator 10.4.1 - Labour income share as a percent of GDP (%)","2009",50.7,
"South-Eastern Asia","ILO - Modelled Estimates","SDG indicator 10.4.1 - Labour income share as a percent of GDP (%)","2008",50.2,
"South-Eastern Asia","ILO - Modelled Estimates","SDG indicator 10.4.1 - Labour income share as a percent of GDP (%)","2007",49.6,
"South-Eastern Asia","ILO - Modelled Estimates","SDG indicator 10.4.1 - Labour income share as a percent of GDP (%)","2006",49.3,
"South-Eastern Asia","ILO - Modelled Estimates","SDG indicator 10.4.1 - Labour income share as a percent of GDP (%)","2005",49.4,
"South-Eastern Asia","ILO - Modelled Estimates","SDG indicator 10.4.1 - Labour income share as a percent of GDP (%)","2004",49.6,
"Pacific Islands","ILO - Modelled Estimates","SDG indicator 10.4.1 - Labour income share as a percent of GDP (%)","2024",54.3,
"Pacific Islands","ILO - Modelled Estimates","SDG indicator 10.4.1 - Labour income share as a percent of GDP (%)","2023",53,
"Pacific Islands","ILO - Modelled Estimates","SDG indicator 10.4.1 - Labour income share as a percent of GDP (%)","2022",53.1,
"Pacific Islands","ILO - Modelled Estimates","SDG indicator 10.4.1 - Labour income share as a percent of GDP (%)","2021",52.6,
"Pacific Islands","ILO - Modelled Estimates","SDG indicator 10.4.1 - Labour income share as a percent of GDP (%)","2020",54.8,
"Pacific Islands","ILO - Modelled Estimates","SDG indicator 10.4.1 - Labour income share as a percent of GDP (%)","2019",55.4,
"Pacific Islands","ILO - Modelled Estimates","SDG indicator 10.4.1 - Labour income share as a percent of GDP (%)","2018",53.9,
"Pacific Islands","ILO - Modelled Estimates","SDG indicator 10.4.1 - Labour income share as a percent of GDP (%)","2017",54.3,
"Pacific Islands","ILO - Modelled Estimates","SDG indicator 10.4.1 - Labour income share as a percent of GDP (%)","2016",54.5,
"Pacific Islands","ILO - Modelled Estimates","SDG indicator 10.4.1 - Labour income share as a percent of GDP (%)","2015",55.7,
"Pacific Islands","ILO - Modelled Estimates","SDG indicator 10.4.1 - Labour income share as a percent of GDP (%)","2014",55.5,
"Pacific Islands","ILO - Modelled Estimates","SDG indicator 10.4.1 - Labour income share as a percent of GDP (%)","2013",54.6,
"Pacific Islands","ILO - Modelled Estimates","SDG indicator 10.4.1 - Labour income share as a percent of GDP (%)","2012",55.2,
"Pacific Islands","ILO - Modelled Estimates","SDG indicator 10.4.1 - Labour income share as a percent of GDP (%)","2011",55.6,
"Pacific Islands","ILO - Modelled Estimates","SDG indicator 10.4.1 - Labour income share as a percent of GDP (%)","2010",54.6,
"Pacific Islands","ILO - Modelled Estimates","SDG indicator 10.4.1 - Labour income share as a percent of GDP (%)","2009",54.5,
"Pacific Islands","ILO - Modelled Estimates","SDG indicator 10.4.1 - Labour income share as a percent of GDP (%)","2008",54.4,
"Pacific Islands","ILO - Modelled Estimates","SDG indicator 10.4.1 - Labour income share as a percent of GDP (%)","2007",55.8,
"Pacific Islands","ILO - Modelled Estimates","SDG indicator 10.4.1 - Labour income share as a percent of GDP (%)","2006",56.7,
"Pacific Islands","ILO - Modelled Estimates","SDG indicator 10.4.1 - Labour income share as a percent of GDP (%)","2005",56.9,
"Pacific Islands","ILO - Modelled Estimates","SDG indicator 10.4.1 - Labour income share as a percent of GDP (%)","2004",57.5,
"Southern Asia","ILO - Modelled Estimates","SDG indicator 10.4.1 - Labour income share as a percent of GDP (%)","2024",52.4,
"Southern Asia","ILO - Modelled Estimates","SDG indicator 10.4.1 - Labour income share as a percent of GDP (%)","2023",52.2,
"Southern Asia","ILO - Modelled Estimates","SDG indicator 10.4.1 - Labour income share as a percent of GDP (%)","2022",52,
"Southern Asia","ILO - Modelled Estimates","SDG indicator 10.4.1 - Labour income share as a percent of GDP (%)","2021",52.7,
"Southern Asia","ILO - Modelled Estimates","SDG indicator 10.4.1 - Labour income share as a percent of GDP (%)","2020",52.9,
"Southern Asia","ILO - Modelled Estimates","SDG indicator 10.4.1 - Labour income share as a percent of GDP (%)","2019",52.1,
"Southern Asia","ILO - Modelled Estimates","SDG indicator 10.4.1 - Labour income share as a percent of GDP (%)","2018",51.5,
"Southern Asia","ILO - Modelled Estimates","SDG indicator 10.4.1 - Labour income share as a percent of GDP (%)","2017",52.3,
"Southern Asia","ILO - Modelled Estimates","SDG indicator 10.4.1 - Labour income share as a percent of GDP (%)","2016",51.1,
"Southern Asia","ILO - Modelled Estimates","SDG indicator 10.4.1 - Labour income share as a percent of GDP (%)","2015",51.3,
"Southern Asia","ILO - Modelled Estimates","SDG indicator 10.4.1 - Labour income share as a percent of GDP (%)","2014",52,
"Southern Asia","ILO - Modelled Estimates","SDG indicator 10.4.1 - Labour income share as a percent of GDP (%)","2013",51.4,
"Southern Asia","ILO - Modelled Estimates","SDG indicator 10.4.1 - Labour income share as a percent of GDP (%)","2012",51.8,
"Southern Asia","ILO - Modelled Estimates","SDG indicator 10.4.1 - Labour income share as a percent of GDP (%)","2011",52,
"Southern Asia","ILO - Modelled Estimates","SDG indicator 10.4.1 - Labour income share as a percent of GDP (%)","2010",52.6,
"Southern Asia","ILO - Modelled Estimates","SDG indicator 10.4.1 - Labour income share as a percent of GDP (%)","2009",54,
"Southern Asia","ILO - Modelled Estimates","SDG indicator 10.4.1 - Labour income share as a percent of GDP (%)","2008",52.4,
"Southern Asia","ILO - Modelled Estimates","SDG indicator 10.4.1 - Labour income share as a percent of GDP (%)","2007",48.6,
"Southern Asia","ILO - Modelled Estimates","SDG indicator 10.4.1 - Labour income share as a percent of GDP (%)","2006",49.3,
"Southern Asia","ILO - Modelled Estimates","SDG indicator 10.4.1 - Labour income share as a percent of GDP (%)","2005",50.7,
"Southern Asia","ILO - Modelled Estimates","SDG indicator 10.4.1 - Labour income share as a percent of GDP (%)","2004",51.8,
"Southern Asia: Lower-middle income","ILO - Modelled Estimates","SDG indicator 10.4.1 - Labour income share as a percent of GDP (%)","2024",52.5,
"Southern Asia: Lower-middle income","ILO - Modelled Estimates","SDG indicator 10.4.1 - Labour income share as a percent of GDP (%)","2023",52.3,
"Southern Asia: Lower-middle income","ILO - Modelled Estimates","SDG indicator 10.4.1 - Labour income share as a percent of GDP (%)","2022",52.1,
"Southern Asia: Lower-middle income","ILO - Modelled Estimates","SDG indicator 10.4.1 - Labour income share as a percent of GDP (%)","2021",52.8,
"Southern Asia: Lower-middle income","ILO - Modelled Estimates","SDG indicator 10.4.1 - Labour income share as a percent of GDP (%)","2020",53,
"Southern Asia: Lower-middle income","ILO - Modelled Estimates","SDG indicator 10.4.1 - Labour income share as a percent of GDP (%)","2019",52.1,
"Southern Asia: Lower-middle income","ILO - Modelled Estimates","SDG indicator 10.4.1 - Labour income share as a percent of GDP (%)","2018",51.6,
"Southern Asia: Lower-middle income","ILO - Modelled Estimates","SDG indicator 10.4.1 - Labour income share as a percent of GDP (%)","2017",52.4,
"Southern Asia: Lower-middle income","ILO - Modelled Estimates","SDG indicator 10.4.1 - Labour income share as a percent of GDP (%)","2016",51.2,
"Southern Asia: Lower-middle income","ILO - Modelled Estimates","SDG indicator 10.4.1 - Labour income share as a percent of GDP (%)","2015",51.4,
"Southern Asia: Lower-middle income","ILO - Modelled Estimates","SDG indicator 10.4.1 - Labour income share as a percent of GDP (%)","2014",52.1,
"Southern Asia: Lower-middle income","ILO - Modelled Estimates","SDG indicator 10.4.1 - Labour income share as a percent of GDP (%)","2013",51.5,
"Southern Asia: Lower-middle income","ILO - Modelled Estimates","SDG indicator 10.4.1 - Labour income share as a percent of GDP (%)","2012",51.9,
"Southern Asia: Lower-middle income","ILO - Modelled Estimates","SDG indicator 10.4.1 - Labour income share as a percent of GDP (%)","2011",52.1,
"Southern Asia: Lower-middle income","ILO - Modelled Estimates","SDG indicator 10.4.1 - Labour income share as a percent of GDP (%)","2010",52.7,
"Southern Asia: Lower-middle income","ILO - Modelled Estimates","SDG indicator 10.4.1 - Labour income share as a percent of GDP (%)","2009",54.1,
"Southern Asia: Lower-middle income","ILO - Modelled Estimates","SDG indicator 10.4.1 - Labour income share as a percent of GDP (%)","2008",52.5,
"Southern Asia: Lower-middle income","ILO - Modelled Estimates","SDG indicator 10.4.1 - Labour income share as a percent of GDP (%)","2007",48.6,
"Southern Asia: Lower-middle income","ILO - Modelled Estimates","SDG indicator 10.4.1 - Labour income share as a percent of GDP (%)","2006",49.3,
"Southern Asia: Lower-middle income","ILO - Modelled Estimates","SDG indicator 10.4.1 - Labour income share as a percent of GDP (%)","2005",50.7,
"Southern Asia: Lower-middle income","ILO - Modelled Estimates","SDG indicator 10.4.1 - Labour income share as a percent of GDP (%)","2004",51.9,
"Europe and Central Asia","ILO - Modelled Estimates","SDG indicator 10.4.1 - Labour income share as a percent of GDP (%)","2024",54,
"Europe and Central Asia","ILO - Modelled Estimates","SDG indicator 10.4.1 - Labour income share as a percent of GDP (%)","2023",53.5,
"Europe and Central Asia","ILO - Modelled Estimates","SDG indicator 10.4.1 - Labour income share as a percent of GDP (%)","2022",53.2,
"Europe and Central Asia","ILO - Modelled Estimates","SDG indicator 10.4.1 - Labour income share as a percent of GDP (%)","2021",53.8,
"Europe and Central Asia","ILO - Modelled Estimates","SDG indicator 10.4.1 - Labour income share as a percent of GDP (%)","2020",55.7,
"Europe and Central Asia","ILO - Modelled Estimates","SDG indicator 10.4.1 - Labour income share as a percent of GDP (%)","2019",55,
"Europe and Central Asia","ILO - Modelled Estimates","SDG indicator 10.4.1 - Labour income share as a percent of GDP (%)","2018",54.7,
"Europe and Central Asia","ILO - Modelled Estimates","SDG indicator 10.4.1 - Labour income share as a percent of GDP (%)","2017",54.6,
"Europe and Central Asia","ILO - Modelled Estimates","SDG indicator 10.4.1 - Labour income share as a percent of GDP (%)","2016",55.2,
"Europe and Central Asia","ILO - Modelled Estimates","SDG indicator 10.4.1 - Labour income share as a percent of GDP (%)","2015",54.7,
"Europe and Central Asia","ILO - Modelled Estimates","SDG indicator 10.4.1 - Labour income share as a percent of GDP (%)","2014",55.2,
"Europe and Central Asia","ILO - Modelled Estimates","SDG indicator 10.4.1 - Labour income share as a percent of GDP (%)","2013",55.2,
"Europe and Central Asia","ILO - Modelled Estimates","SDG indicator 10.4.1 - Labour income share as a percent of GDP (%)","2012",55.3,
"Europe and Central Asia","ILO - Modelled Estimates","SDG indicator 10.4.1 - Labour income share as a percent of GDP (%)","2011",55.2,
"Europe and Central Asia","ILO - Modelled Estimates","SDG indicator 10.4.1 - Labour income share as a percent of GDP (%)","2010",56.8,
"Europe and Central Asia","ILO - Modelled Estimates","SDG indicator 10.4.1 - Labour income share as a percent of GDP (%)","2009",57.7,
"Europe and Central Asia","ILO - Modelled Estimates","SDG indicator 10.4.1 - Labour income share as a percent of GDP (%)","2008",55.9,
"Europe and Central Asia","ILO - Modelled Estimates","SDG indicator 10.4.1 - Labour income share as a percent of GDP (%)","2007",55.5,
"Europe and Central Asia","ILO - Modelled Estimates","SDG indicator 10.4.1 - Labour income share as a percent of GDP (%)","2006",55.3,
"Europe and Central Asia","ILO - Modelled Estimates","SDG indicator 10.4.1 - Labour income share as a percent of GDP (%)","2005",55.8,
"Europe and Central Asia","ILO - Modelled Estimates","SDG indicator 10.4.1 - Labour income share as a percent of GDP (%)","2004",56.1,
"Europe and Central Asia: Lower-middle income","ILO - Modelled Estimates","SDG indicator 10.4.1 - Labour income share as a percent of GDP (%)","2024",49.3,
"Europe and Central Asia: Lower-middle income","ILO - Modelled Estimates","SDG indicator 10.4.1 - Labour income share as a percent of GDP (%)","2023",49.2,
"Europe and Central Asia: Lower-middle income","ILO - Modelled Estimates","SDG indicator 10.4.1 - Labour income share as a percent of GDP (%)","2022",50.6,
"Europe and Central Asia: Lower-middle income","ILO - Modelled Estimates","SDG indicator 10.4.1 - Labour income share as a percent of GDP (%)","2021",46.1,
"Europe and Central Asia: Lower-middle income","ILO - Modelled Estimates","SDG indicator 10.4.1 - Labour income share as a percent of GDP (%)","2020",48,
"Europe and Central Asia: Lower-middle income","ILO - Modelled Estimates","SDG indicator 10.4.1 - Labour income share as a percent of GDP (%)","2019",47.9,
"Europe and Central Asia: Lower-middle income","ILO - Modelled Estimates","SDG indicator 10.4.1 - Labour income share as a percent of GDP (%)","2018",45,
"Europe and Central Asia: Lower-middle income","ILO - Modelled Estimates","SDG indicator 10.4.1 - Labour income share as a percent of GDP (%)","2017",43.5,
"Europe and Central Asia: Lower-middle income","ILO - Modelled Estimates","SDG indicator 10.4.1 - Labour income share as a percent of GDP (%)","2016",43.1,
"Europe and Central Asia: Lower-middle income","ILO - Modelled Estimates","SDG indicator 10.4.1 - Labour income share as a percent of GDP (%)","2015",45.1,
"Europe and Central Asia: Lower-middle income","ILO - Modelled Estimates","SDG indicator 10.4.1 - Labour income share as a percent of GDP (%)","2014",51.2,
"Europe and Central Asia: Lower-middle income","ILO - Modelled Estimates","SDG indicator 10.4.1 - Labour income share as a percent of GDP (%)","2013",56.8,
"Europe and Central Asia: Lower-middle income","ILO - Modelled Estimates","SDG indicator 10.4.1 - Labour income share as a percent of GDP (%)","2012",56.9,
"Europe and Central Asia: Lower-middle income","ILO - Modelled Estimates","SDG indicator 10.4.1 - Labour income share as a percent of GDP (%)","2011",55.1,
"Europe and Central Asia: Lower-middle income","ILO - Modelled Estimates","SDG indicator 10.4.1 - Labour income share as a percent of GDP (%)","2010",55.9,
"Europe and Central Asia: Lower-middle income","ILO - Modelled Estimates","SDG indicator 10.4.1 - Labour income share as a percent of GDP (%)","2009",55.2,
"Europe and Central Asia: Lower-middle income","ILO - Modelled Estimates","SDG indicator 10.4.1 - Labour income share as a percent of GDP (%)","2008",55.6,
"Europe and Central Asia: Lower-middle income","ILO - Modelled Estimates","SDG indicator 10.4.1 - Labour income share as a percent of GDP (%)","2007",55.3,
"Europe and Central Asia: Lower-middle income","ILO - Modelled Estimates","SDG indicator 10.4.1 - Labour income share as a percent of GDP (%)","2006",56.2,
"Europe and Central Asia: Lower-middle income","ILO - Modelled Estimates","SDG indicator 10.4.1 - Labour income share as a percent of GDP (%)","2005",55.4,
"Europe and Central Asia: Lower-middle income","ILO - Modelled Estimates","SDG indicator 10.4.1 - Labour income share as a percent of GDP (%)","2004",51.2,
"Europe and Central Asia: Upper-middle income","ILO - Modelled Estimates","SDG indicator 10.4.1 - Labour income share as a percent of GDP (%)","2024",45.6,
"Europe and Central Asia: Upper-middle income","ILO - Modelled Estimates","SDG indicator 10.4.1 - Labour income share as a percent of GDP (%)","2023",45,
"Europe and Central Asia: Upper-middle income","ILO - Modelled Estimates","SDG indicator 10.4.1 - Labour income share as a percent of GDP (%)","2022",43.7,
"Europe and Central Asia: Upper-middle income","ILO - Modelled Estimates","SDG indicator 10.4.1 - Labour income share as a percent of GDP (%)","2021",44.4,
"Europe and Central Asia: Upper-middle income","ILO - Modelled Estimates","SDG indicator 10.4.1 - Labour income share as a percent of GDP (%)","2020",47.2,
"Europe and Central Asia: Upper-middle income","ILO - Modelled Estimates","SDG indicator 10.4.1 - Labour income share as a percent of GDP (%)","2019",47.2,
"Europe and Central Asia: Upper-middle income","ILO - Modelled Estimates","SDG indicator 10.4.1 - Labour income share as a percent of GDP (%)","2018",46.6,
"Europe and Central Asia: Upper-middle income","ILO - Modelled Estimates","SDG indicator 10.4.1 - Labour income share as a percent of GDP (%)","2017",46.8,
"Europe and Central Asia: Upper-middle income","ILO - Modelled Estimates","SDG indicator 10.4.1 - Labour income share as a percent of GDP (%)","2016",47.7,
"Europe and Central Asia: Upper-middle income","ILO - Modelled Estimates","SDG indicator 10.4.1 - Labour income share as a percent of GDP (%)","2015",46.2,
"Europe and Central Asia: Upper-middle income","ILO - Modelled Estimates","SDG indicator 10.4.1 - Labour income share as a percent of GDP (%)","2014",46.3,
"Europe and Central Asia: Upper-middle income","ILO - Modelled Estimates","SDG indicator 10.4.1 - Labour income share as a percent of GDP (%)","2013",45.5,
"Europe and Central Asia: Upper-middle income","ILO - Modelled Estimates","SDG indicator 10.4.1 - Labour income share as a percent of GDP (%)","2012",44.3,
"Europe and Central Asia: Upper-middle income","ILO - Modelled Estimates","SDG indicator 10.4.1 - Labour income share as a percent of GDP (%)","2011",43.7,
"Europe and Central Asia: Upper-middle income","ILO - Modelled Estimates","SDG indicator 10.4.1 - Labour income share as a percent of GDP (%)","2010",48,
"Europe and Central Asia: Upper-middle income","ILO - Modelled Estimates","SDG indicator 10.4.1 - Labour income share as a percent of GDP (%)","2009",50,
"Europe and Central Asia: Upper-middle income","ILO - Modelled Estimates","SDG indicator 10.4.1 - Labour income share as a percent of GDP (%)","2008",45.8,
"Europe and Central Asia: Upper-middle income","ILO - Modelled Estimates","SDG indicator 10.4.1 - Labour income share as a percent of GDP (%)","2007",44.9,
"Europe and Central Asia: Upper-middle income","ILO - Modelled Estimates","SDG indicator 10.4.1 - Labour income share as a percent of GDP (%)","2006",43.6,
"Europe and Central Asia: Upper-middle income","ILO - Modelled Estimates","SDG indicator 10.4.1 - Labour income share as a percent of GDP (%)","2005",43.5,
"Europe and Central Asia: Upper-middle income","ILO - Modelled Estimates","SDG indicator 10.4.1 - Labour income share as a percent of GDP (%)","2004",45.1,
"Europe and Central Asia: High income","ILO - Modelled Estimates","SDG indicator 10.4.1 - Labour income share as a percent of GDP (%)","2024",57.1,
"Europe and Central Asia: High income","ILO - Modelled Estimates","SDG indicator 10.4.1 - Labour income share as a percent of GDP (%)","2023",56.6,
"Europe and Central Asia: High income","ILO - Modelled Estimates","SDG indicator 10.4.1 - Labour income share as a percent of GDP (%)","2022",56.5,
"Europe and Central Asia: High income","ILO - Modelled Estimates","SDG indicator 10.4.1 - Labour income share as a percent of GDP (%)","2021",57.3,
"Europe and Central Asia: High income","ILO - Modelled Estimates","SDG indicator 10.4.1 - Labour income share as a percent of GDP (%)","2020",58.8,
"Europe and Central Asia: High income","ILO - Modelled Estimates","SDG indicator 10.4.1 - Labour income share as a percent of GDP (%)","2019",57.7,
"Europe and Central Asia: High income","ILO - Modelled Estimates","SDG indicator 10.4.1 - Labour income share as a percent of GDP (%)","2018",57.6,
"Europe and Central Asia: High income","ILO - Modelled Estimates","SDG indicator 10.4.1 - Labour income share as a percent of GDP (%)","2017",57.5,
"Europe and Central Asia: High income","ILO - Modelled Estimates","SDG indicator 10.4.1 - Labour income share as a percent of GDP (%)","2016",58,
"Europe and Central Asia: High income","ILO - Modelled Estimates","SDG indicator 10.4.1 - Labour income share as a percent of GDP (%)","2015",57.7,
"Europe and Central Asia: High income","ILO - Modelled Estimates","SDG indicator 10.4.1 - Labour income share as a percent of GDP (%)","2014",58.3,
"Europe and Central Asia: High income","ILO - Modelled Estimates","SDG indicator 10.4.1 - Labour income share as a percent of GDP (%)","2013",58.3,
"Europe and Central Asia: High income","ILO - Modelled Estimates","SDG indicator 10.4.1 - Labour income share as a percent of GDP (%)","2012",58.6,
"Europe and Central Asia: High income","ILO - Modelled Estimates","SDG indicator 10.4.1 - Labour income share as a percent of GDP (%)","2011",58.6,
"Europe and Central Asia: High income","ILO - Modelled Estimates","SDG indicator 10.4.1 - Labour income share as a percent of GDP (%)","2010",59.4,
"Europe and Central Asia: High income","ILO - Modelled Estimates","SDG indicator 10.4.1 - Labour income share as a percent of GDP (%)","2009",60,
"Europe and Central Asia: High income","ILO - Modelled Estimates","SDG indicator 10.4.1 - Labour income share as a percent of GDP (%)","2008",58.7,
"Europe and Central Asia: High income","ILO - Modelled Estimates","SDG indicator 10.4.1 - Labour income share as a percent of GDP (%)","2007",58.4,
"Europe and Central Asia: High income","ILO - Modelled Estimates","SDG indicator 10.4.1 - Labour income share as a percent of GDP (%)","2006",58.3,
"Europe and Central Asia: High income","ILO - Modelled Estimates","SDG indicator 10.4.1 - Labour income share as a percent of GDP (%)","2005",58.9,
"Europe and Central Asia: High income","ILO - Modelled Estimates","SDG indicator 10.4.1 - Labour income share as a percent of GDP (%)","2004",58.9,
"Northern, Southern and Western Europe","ILO - Modelled Estimates","SDG indicator 10.4.1 - Labour income share as a percent of GDP (%)","2024",58.3,
"Northern, Southern and Western Europe","ILO - Modelled Estimates","SDG indicator 10.4.1 - Labour income share as a percent of GDP (%)","2023",58,
"Northern, Southern and Western Europe","ILO - Modelled Estimates","SDG indicator 10.4.1 - Labour income share as a percent of GDP (%)","2022",57.9,
"Northern, Southern and Western Europe","ILO - Modelled Estimates","SDG indicator 10.4.1 - Labour income share as a percent of GDP (%)","2021",58.7,
"Northern, Southern and Western Europe","ILO - Modelled Estimates","SDG indicator 10.4.1 - Labour income share as a percent of GDP (%)","2020",60,
"Northern, Southern and Western Europe","ILO - Modelled Estimates","SDG indicator 10.4.1 - Labour income share as a percent of GDP (%)","2019",58.8,
"Northern, Southern and Western Europe","ILO - Modelled Estimates","SDG indicator 10.4.1 - Labour income share as a percent of GDP (%)","2018",58.6,
"Northern, Southern and Western Europe","ILO - Modelled Estimates","SDG indicator 10.4.1 - Labour income share as a percent of GDP (%)","2017",58.6,
"Northern, Southern and Western Europe","ILO - Modelled Estimates","SDG indicator 10.4.1 - Labour income share as a percent of GDP (%)","2016",59.1,
"Northern, Southern and Western Europe","ILO - Modelled Estimates","SDG indicator 10.4.1 - Labour income share as a percent of GDP (%)","2015",59,
"Northern, Southern and Western Europe","ILO - Modelled Estimates","SDG indicator 10.4.1 - Labour income share as a percent of GDP (%)","2014",59.6,
"Northern, Southern and Western Europe","ILO - Modelled Estimates","SDG indicator 10.4.1 - Labour income share as a percent of GDP (%)","2013",59.6,
"Northern, Southern and Western Europe","ILO - Modelled Estimates","SDG indicator 10.4.1 - Labour income share as a percent of GDP (%)","2012",59.9,
"Northern, Southern and Western Europe","ILO - Modelled Estimates","SDG indicator 10.4.1 - Labour income share as a percent of GDP (%)","2011",59.9,
"Northern, Southern and Western Europe","ILO - Modelled Estimates","SDG indicator 10.4.1 - Labour income share as a percent of GDP (%)","2010",60.6,
"Northern, Southern and Western Europe","ILO - Modelled Estimates","SDG indicator 10.4.1 - Labour income share as a percent of GDP (%)","2009",61.4,
"Northern, Southern and Western Europe","ILO - Modelled Estimates","SDG indicator 10.4.1 - Labour income share as a percent of GDP (%)","2008",59.8,
"Northern, Southern and Western Europe","ILO - Modelled Estimates","SDG indicator 10.4.1 - Labour income share as a percent of GDP (%)","2007",59.5,
"Northern, Southern and Western Europe","ILO - Modelled Estimates","SDG indicator 10.4.1 - Labour income share as a percent of GDP (%)","2006",59.3,
"Northern, Southern and Western Europe","ILO - Modelled Estimates","SDG indicator 10.4.1 - Labour income share as a percent of GDP (%)","2005",59.9,
"Northern, Southern and Western Europe","ILO - Modelled Estimates","SDG indicator 10.4.1 - Labour income share as a percent of GDP (%)","2004",59.9,
"Northern, Southern and Western Europe: Upper-middle income","ILO - Modelled Estimates","SDG indicator 10.4.1 - Labour income share as a percent of GDP (%)","2024",49.9,
"Northern, Southern and Western Europe: Upper-middle income","ILO - Modelled Estimates","SDG indicator 10.4.1 - Labour income share as a percent of GDP (%)","2023",50.1,
"Northern, Southern and Western Europe: Upper-middle income","ILO - Modelled Estimates","SDG indicator 10.4.1 - Labour income share as a percent of GDP (%)","2022",49.9,
"Northern, Southern and Western Europe: Upper-middle income","ILO - Modelled Estimates","SDG indicator 10.4.1 - Labour income share as a percent of GDP (%)","2021",50.6,
"Northern, Southern and Western Europe: Upper-middle income","ILO - Modelled Estimates","SDG indicator 10.4.1 - Labour income share as a percent of GDP (%)","2020",53.5,
"Northern, Southern and Western Europe: Upper-middle income","ILO - Modelled Estimates","SDG indicator 10.4.1 - Labour income share as a percent of GDP (%)","2019",50.2,
"Northern, Southern and Western Europe: Upper-middle income","ILO - Modelled Estimates","SDG indicator 10.4.1 - Labour income share as a percent of GDP (%)","2018",47.9,
"Northern, Southern and Western Europe: Upper-middle income","ILO - Modelled Estimates","SDG indicator 10.4.1 - Labour income share as a percent of GDP (%)","2017",48.2,
"Northern, Southern and Western Europe: Upper-middle income","ILO - Modelled Estimates","SDG indicator 10.4.1 - Labour income share as a percent of GDP (%)","2016",48.6,
"Northern, Southern and Western Europe: Upper-middle income","ILO - Modelled Estimates","SDG indicator 10.4.1 - Labour income share as a percent of GDP (%)","2015",49.1,
"Northern, Southern and Western Europe: Upper-middle income","ILO - Modelled Estimates","SDG indicator 10.4.1 - Labour income share as a percent of GDP (%)","2014",49,
"Northern, Southern and Western Europe: Upper-middle income","ILO - Modelled Estimates","SDG indicator 10.4.1 - Labour income share as a percent of GDP (%)","2013",48.7,
"Northern, Southern and Western Europe: Upper-middle income","ILO - Modelled Estimates","SDG indicator 10.4.1 - Labour income share as a percent of GDP (%)","2012",49,
"Northern, Southern and Western Europe: Upper-middle income","ILO - Modelled Estimates","SDG indicator 10.4.1 - Labour income share as a percent of GDP (%)","2011",48,
"Northern, Southern and Western Europe: Upper-middle income","ILO - Modelled Estimates","SDG indicator 10.4.1 - Labour income share as a percent of GDP (%)","2010",49.7,
"Northern, Southern and Western Europe: Upper-middle income","ILO - Modelled Estimates","SDG indicator 10.4.1 - Labour income share as a percent of GDP (%)","2009",52,
"Northern, Southern and Western Europe: Upper-middle income","ILO - Modelled Estimates","SDG indicator 10.4.1 - Labour income share as a percent of GDP (%)","2008",52.1,
"Northern, Southern and Western Europe: Upper-middle income","ILO - Modelled Estimates","SDG indicator 10.4.1 - Labour income share as a percent of GDP (%)","2007",51.9,
"Northern, Southern and Western Europe: Upper-middle income","ILO - Modelled Estimates","SDG indicator 10.4.1 - Labour income share as a percent of GDP (%)","2006",52.5,
"Northern, Southern and Western Europe: Upper-middle income","ILO - Modelled Estimates","SDG indicator 10.4.1 - Labour income share as a percent of GDP (%)","2005",53.4,
"Northern, Southern and Western Europe: Upper-middle income","ILO - Modelled Estimates","SDG indicator 10.4.1 - Labour income share as a percent of GDP (%)","2004",54.9,
"Northern, Southern and Western Europe: High income","ILO - Modelled Estimates","SDG indicator 10.4.1 - Labour income share as a percent of GDP (%)","2024",58.4,
"Northern, Southern and Western Europe: High income","ILO - Modelled Estimates","SDG indicator 10.4.1 - Labour income share as a percent of GDP (%)","2023",58.1,
"Northern, Southern and Western Europe: High income","ILO - Modelled Estimates","SDG indicator 10.4.1 - Labour income share as a percent of GDP (%)","2022",58,
"Northern, Southern and Western Europe: High income","ILO - Modelled Estimates","SDG indicator 10.4.1 - Labour income share as a percent of GDP (%)","2021",58.8,
"Northern, Southern and Western Europe: High income","ILO - Modelled Estimates","SDG indicator 10.4.1 - Labour income share as a percent of GDP (%)","2020",60.1,
"Northern, Southern and Western Europe: High income","ILO - Modelled Estimates","SDG indicator 10.4.1 - Labour income share as a percent of GDP (%)","2019",58.9,
"Northern, Southern and Western Europe: High income","ILO - Modelled Estimates","SDG indicator 10.4.1 - Labour income share as a percent of GDP (%)","2018",58.8,
"Northern, Southern and Western Europe: High income","ILO - Modelled Estimates","SDG indicator 10.4.1 - Labour income share as a percent of GDP (%)","2017",58.7,
"Northern, Southern and Western Europe: High income","ILO - Modelled Estimates","SDG indicator 10.4.1 - Labour income share as a percent of GDP (%)","2016",59.2,
"Northern, Southern and Western Europe: High income","ILO - Modelled Estimates","SDG indicator 10.4.1 - Labour income share as a percent of GDP (%)","2015",59.2,
"Northern, Southern and Western Europe: High income","ILO - Modelled Estimates","SDG indicator 10.4.1 - Labour income share as a percent of GDP (%)","2014",59.7,
"Northern, Southern and Western Europe: High income","ILO - Modelled Estimates","SDG indicator 10.4.1 - Labour income share as a percent of GDP (%)","2013",59.7,
"Northern, Southern and Western Europe: High income","ILO - Modelled Estimates","SDG indicator 10.4.1 - Labour income share as a percent of GDP (%)","2012",60,
"Northern, Southern and Western Europe: High income","ILO - Modelled Estimates","SDG indicator 10.4.1 - Labour income share as a percent of GDP (%)","2011",60,
"Northern, Southern and Western Europe: High income","ILO - Modelled Estimates","SDG indicator 10.4.1 - Labour income share as a percent of GDP (%)","2010",60.7,
"Northern, Southern and Western Europe: High income","ILO - Modelled Estimates","SDG indicator 10.4.1 - Labour income share as a percent of GDP (%)","2009",61.5,
"Northern, Southern and Western Europe: High income","ILO - Modelled Estimates","SDG indicator 10.4.1 - Labour income share as a percent of GDP (%)","2008",59.8,
"Northern, Southern and Western Europe: High income","ILO - Modelled Estimates","SDG indicator 10.4.1 - Labour income share as a percent of GDP (%)","2007",59.6,
"Northern, Southern and Western Europe: High income","ILO - Modelled Estimates","SDG indicator 10.4.1 - Labour income share as a percent of GDP (%)","2006",59.3,
"Northern, Southern and Western Europe: High income","ILO - Modelled Estimates","SDG indicator 10.4.1 - Labour income share as a percent of GDP (%)","2005",59.9,
"Northern, Southern and Western Europe: High income","ILO - Modelled Estimates","SDG indicator 10.4.1 - Labour income share as a percent of GDP (%)","2004",59.9,
"Northern Europe","ILO - Modelled Estimates","SDG indicator 10.4.1 - Labour income share as a percent of GDP (%)","2024",53.9,
"Northern Europe","ILO - Modelled Estimates","SDG indicator 10.4.1 - Labour income share as a percent of GDP (%)","2023",53.8,
"Northern Europe","ILO - Modelled Estimates","SDG indicator 10.4.1 - Labour income share as a percent of GDP (%)","2022",52.8,
"Northern Europe","ILO - Modelled Estimates","SDG indicator 10.4.1 - Labour income share as a percent of GDP (%)","2021",54.4,
"Northern Europe","ILO - Modelled Estimates","SDG indicator 10.4.1 - Labour income share as a percent of GDP (%)","2020",56.1,
"Northern Europe","ILO - Modelled Estimates","SDG indicator 10.4.1 - Labour income share as a percent of GDP (%)","2019",54,
"Northern Europe","ILO - Modelled Estimates","SDG indicator 10.4.1 - Labour income share as a percent of GDP (%)","2018",53.5,
"Northern Europe","ILO - Modelled Estimates","SDG indicator 10.4.1 - Labour income share as a percent of GDP (%)","2017",53.6,
"Northern Europe","ILO - Modelled Estimates","SDG indicator 10.4.1 - Labour income share as a percent of GDP (%)","2016",54.3,
"Northern Europe","ILO - Modelled Estimates","SDG indicator 10.4.1 - Labour income share as a percent of GDP (%)","2015",54.2,
"Northern Europe","ILO - Modelled Estimates","SDG indicator 10.4.1 - Labour income share as a percent of GDP (%)","2014",55.5,
"Northern Europe","ILO - Modelled Estimates","SDG indicator 10.4.1 - Labour income share as a percent of GDP (%)","2013",55.9,
"Northern Europe","ILO - Modelled Estimates","SDG indicator 10.4.1 - Labour income share as a percent of GDP (%)","2012",55.9,
"Northern Europe","ILO - Modelled Estimates","SDG indicator 10.4.1 - Labour income share as a percent of GDP (%)","2011",55.8,
"Northern Europe","ILO - Modelled Estimates","SDG indicator 10.4.1 - Labour income share as a percent of GDP (%)","2010",56.9,
"Northern Europe","ILO - Modelled Estimates","SDG indicator 10.4.1 - Labour income share as a percent of GDP (%)","2009",58.1,
"Northern Europe","ILO - Modelled Estimates","SDG indicator 10.4.1 - Labour income share as a percent of GDP (%)","2008",57.4,
"Northern Europe","ILO - Modelled Estimates","SDG indicator 10.4.1 - Labour income share as a percent of GDP (%)","2007",57.4,
"Northern Europe","ILO - Modelled Estimates","SDG indicator 10.4.1 - Labour income share as a percent of GDP (%)","2006",56.6,
"Northern Europe","ILO - Modelled Estimates","SDG indicator 10.4.1 - Labour income share as a percent of GDP (%)","2005",56.6,
"Northern Europe","ILO - Modelled Estimates","SDG indicator 10.4.1 - Labour income share as a percent of GDP (%)","2004",56.8,
"Southern Europe","ILO - Modelled Estimates","SDG indicator 10.4.1 - Labour income share as a percent of GDP (%)","2024",56.7,
"Southern Europe","ILO - Modelled Estimates","SDG indicator 10.4.1 - Labour income share as a percent of GDP (%)","2023",56.2,
"Southern Europe","ILO - Modelled Estimates","SDG indicator 10.4.1 - Labour income share as a percent of GDP (%)","2022",56.5,
"Southern Europe","ILO - Modelled Estimates","SDG indicator 10.4.1 - Labour income share as a percent of GDP (%)","2021",57.9,
"Southern Europe","ILO - Modelled Estimates","SDG indicator 10.4.1 - Labour income share as a percent of GDP (%)","2020",59,
"Southern Europe","ILO - Modelled Estimates","SDG indicator 10.4.1 - Labour income share as a percent of GDP (%)","2019",58.3,
"Southern Europe","ILO - Modelled Estimates","SDG indicator 10.4.1 - Labour income share as a percent of GDP (%)","2018",58.3,
"Southern Europe","ILO - Modelled Estimates","SDG indicator 10.4.1 - Labour income share as a percent of GDP (%)","2017",58.2,
"Southern Europe","ILO - Modelled Estimates","SDG indicator 10.4.1 - Labour income share as a percent of GDP (%)","2016",58,
"Southern Europe","ILO - Modelled Estimates","SDG indicator 10.4.1 - Labour income share as a percent of GDP (%)","2015",57.5,
"Southern Europe","ILO - Modelled Estimates","SDG indicator 10.4.1 - Labour income share as a percent of GDP (%)","2014",57.1,
"Southern Europe","ILO - Modelled Estimates","SDG indicator 10.4.1 - Labour income share as a percent of GDP (%)","2013",57.5,
"Southern Europe","ILO - Modelled Estimates","SDG indicator 10.4.1 - Labour income share as a percent of GDP (%)","2012",58.7,
"Southern Europe","ILO - Modelled Estimates","SDG indicator 10.4.1 - Labour income share as a percent of GDP (%)","2011",59.1,
"Southern Europe","ILO - Modelled Estimates","SDG indicator 10.4.1 - Labour income share as a percent of GDP (%)","2010",60.1,
"Southern Europe","ILO - Modelled Estimates","SDG indicator 10.4.1 - Labour income share as a percent of GDP (%)","2009",60.7,
"Southern Europe","ILO - Modelled Estimates","SDG indicator 10.4.1 - Labour income share as a percent of GDP (%)","2008",59.7,
"Southern Europe","ILO - Modelled Estimates","SDG indicator 10.4.1 - Labour income share as a percent of GDP (%)","2007",58.5,
"Southern Europe","ILO - Modelled Estimates","SDG indicator 10.4.1 - Labour income share as a percent of GDP (%)","2006",58.7,
"Southern Europe","ILO - Modelled Estimates","SDG indicator 10.4.1 - Labour income share as a percent of GDP (%)","2005",59,
"Southern Europe","ILO - Modelled Estimates","SDG indicator 10.4.1 - Labour income share as a percent of GDP (%)","2004",59.2,
"Western Europe","ILO - Modelled Estimates","SDG indicator 10.4.1 - Labour income share as a percent of GDP (%)","2024",61.6,
"Western Europe","ILO - Modelled Estimates","SDG indicator 10.4.1 - Labour income share as a percent of GDP (%)","2023",61.2,
"Western Europe","ILO - Modelled Estimates","SDG indicator 10.4.1 - Labour income share as a percent of GDP (%)","2022",61.4,
"Western Europe","ILO - Modelled Estimates","SDG indicator 10.4.1 - Labour income share as a percent of GDP (%)","2021",61.3,
"Western Europe","ILO - Modelled Estimates","SDG indicator 10.4.1 - Labour income share as a percent of GDP (%)","2020",62.5,
"Western Europe","ILO - Modelled Estimates","SDG indicator 10.4.1 - Labour income share as a percent of GDP (%)","2019",61.5,
"Western Europe","ILO - Modelled Estimates","SDG indicator 10.4.1 - Labour income share as a percent of GDP (%)","2018",61.4,
"Western Europe","ILO - Modelled Estimates","SDG indicator 10.4.1 - Labour income share as a percent of GDP (%)","2017",61.4,
"Western Europe","ILO - Modelled Estimates","SDG indicator 10.4.1 - Labour income share as a percent of GDP (%)","2016",62.1,
"Western Europe","ILO - Modelled Estimates","SDG indicator 10.4.1 - Labour income share as a percent of GDP (%)","2015",62.3,
"Western Europe","ILO - Modelled Estimates","SDG indicator 10.4.1 - Labour income share as a percent of GDP (%)","2014",62.9,
"Western Europe","ILO - Modelled Estimates","SDG indicator 10.4.1 - Labour income share as a percent of GDP (%)","2013",62.4,
"Western Europe","ILO - Modelled Estimates","SDG indicator 10.4.1 - Labour income share as a percent of GDP (%)","2012",62.5,
"Western Europe","ILO - Modelled Estimates","SDG indicator 10.4.1 - Labour income share as a percent of GDP (%)","2011",62.3,
"Western Europe","ILO - Modelled Estimates","SDG indicator 10.4.1 - Labour income share as a percent of GDP (%)","2010",62.6,
"Western Europe","ILO - Modelled Estimates","SDG indicator 10.4.1 - Labour income share as a percent of GDP (%)","2009",63.3,
"Western Europe","ILO - Modelled Estimates","SDG indicator 10.4.1 - Labour income share as a percent of GDP (%)","2008",60.9,
"Western Europe","ILO - Modelled Estimates","SDG indicator 10.4.1 - Labour income share as a percent of GDP (%)","2007",61.1,
"Western Europe","ILO - Modelled Estimates","SDG indicator 10.4.1 - Labour income share as a percent of GDP (%)","2006",60.9,
"Western Europe","ILO - Modelled Estimates","SDG indicator 10.4.1 - Labour income share as a percent of GDP (%)","2005",62,
"Western Europe","ILO - Modelled Estimates","SDG indicator 10.4.1 - Labour income share as a percent of GDP (%)","2004",61.9,
"Eastern Europe","ILO - Modelled Estimates","SDG indicator 10.4.1 - Labour income share as a percent of GDP (%)","2024",50.9,
"Eastern Europe","ILO - Modelled Estimates","SDG indicator 10.4.1 - Labour income share as a percent of GDP (%)","2023",50.1,
"Eastern Europe","ILO - Modelled Estimates","SDG indicator 10.4.1 - Labour income share as a percent of GDP (%)","2022",50.6,
"Eastern Europe","ILO - Modelled Estimates","SDG indicator 10.4.1 - Labour income share as a percent of GDP (%)","2021",49.8,
"Eastern Europe","ILO - Modelled Estimates","SDG indicator 10.4.1 - Labour income share as a percent of GDP (%)","2020",52.6,
"Eastern Europe","ILO - Modelled Estimates","SDG indicator 10.4.1 - Labour income share as a percent of GDP (%)","2019",51.2,
"Eastern Europe","ILO - Modelled Estimates","SDG indicator 10.4.1 - Labour income share as a percent of GDP (%)","2018",50.8,
"Eastern Europe","ILO - Modelled Estimates","SDG indicator 10.4.1 - Labour income share as a percent of GDP (%)","2017",50.4,
"Eastern Europe","ILO - Modelled Estimates","SDG indicator 10.4.1 - Labour income share as a percent of GDP (%)","2016",50.3,
"Eastern Europe","ILO - Modelled Estimates","SDG indicator 10.4.1 - Labour income share as a percent of GDP (%)","2015",49.1,
"Eastern Europe","ILO - Modelled Estimates","SDG indicator 10.4.1 - Labour income share as a percent of GDP (%)","2014",50.1,
"Eastern Europe","ILO - Modelled Estimates","SDG indicator 10.4.1 - Labour income share as a percent of GDP (%)","2013",50.1,
"Eastern Europe","ILO - Modelled Estimates","SDG indicator 10.4.1 - Labour income share as a percent of GDP (%)","2012",48.8,
"Eastern Europe","ILO - Modelled Estimates","SDG indicator 10.4.1 - Labour income share as a percent of GDP (%)","2011",48.2,
"Eastern Europe","ILO - Modelled Estimates","SDG indicator 10.4.1 - Labour income share as a percent of GDP (%)","2010",52.3,
"Eastern Europe","ILO - Modelled Estimates","SDG indicator 10.4.1 - Labour income share as a percent of GDP (%)","2009",53.4,
"Eastern Europe","ILO - Modelled Estimates","SDG indicator 10.4.1 - Labour income share as a percent of GDP (%)","2008",50.7,
"Eastern Europe","ILO - Modelled Estimates","SDG indicator 10.4.1 - Labour income share as a percent of GDP (%)","2007",49.4,
"Eastern Europe","ILO - Modelled Estimates","SDG indicator 10.4.1 - Labour income share as a percent of GDP (%)","2006",49,
"Eastern Europe","ILO - Modelled Estimates","SDG indicator 10.4.1 - Labour income share as a percent of GDP (%)","2005",48.6,
"Eastern Europe","ILO - Modelled Estimates","SDG indicator 10.4.1 - Labour income share as a percent of GDP (%)","2004",49.2,
"Eastern Europe: Upper-middle income","ILO - Modelled Estimates","SDG indicator 10.4.1 - Labour income share as a percent of GDP (%)","2024",51.9,
"Eastern Europe: Upper-middle income","ILO - Modelled Estimates","SDG indicator 10.4.1 - Labour income share as a percent of GDP (%)","2023",51.8,
"Eastern Europe: Upper-middle income","ILO - Modelled Estimates","SDG indicator 10.4.1 - Labour income share as a percent of GDP (%)","2022",52.7,
"Eastern Europe: Upper-middle income","ILO - Modelled Estimates","SDG indicator 10.4.1 - Labour income share as a percent of GDP (%)","2021",51.3,
"Eastern Europe: Upper-middle income","ILO - Modelled Estimates","SDG indicator 10.4.1 - Labour income share as a percent of GDP (%)","2020",53.8,
"Eastern Europe: Upper-middle income","ILO - Modelled Estimates","SDG indicator 10.4.1 - Labour income share as a percent of GDP (%)","2019",52,
"Eastern Europe: Upper-middle income","ILO - Modelled Estimates","SDG indicator 10.4.1 - Labour income share as a percent of GDP (%)","2018",51.8,
"Eastern Europe: Upper-middle income","ILO - Modelled Estimates","SDG indicator 10.4.1 - Labour income share as a percent of GDP (%)","2017",52,
"Eastern Europe: Upper-middle income","ILO - Modelled Estimates","SDG indicator 10.4.1 - Labour income share as a percent of GDP (%)","2016",51.9,
"Eastern Europe: Upper-middle income","ILO - Modelled Estimates","SDG indicator 10.4.1 - Labour income share as a percent of GDP (%)","2015",50.8,
"Eastern Europe: Upper-middle income","ILO - Modelled Estimates","SDG indicator 10.4.1 - Labour income share as a percent of GDP (%)","2014",51.1,
"Eastern Europe: Upper-middle income","ILO - Modelled Estimates","SDG indicator 10.4.1 - Labour income share as a percent of GDP (%)","2013",50.2,
"Eastern Europe: Upper-middle income","ILO - Modelled Estimates","SDG indicator 10.4.1 - Labour income share as a percent of GDP (%)","2012",47.6,
"Eastern Europe: Upper-middle income","ILO - Modelled Estimates","SDG indicator 10.4.1 - Labour income share as a percent of GDP (%)","2011",47,
"Eastern Europe: Upper-middle income","ILO - Modelled Estimates","SDG indicator 10.4.1 - Labour income share as a percent of GDP (%)","2010",53,
"Eastern Europe: Upper-middle income","ILO - Modelled Estimates","SDG indicator 10.4.1 - Labour income share as a percent of GDP (%)","2009",55.7,
"Eastern Europe: Upper-middle income","ILO - Modelled Estimates","SDG indicator 10.4.1 - Labour income share as a percent of GDP (%)","2008",50.1,
"Eastern Europe: Upper-middle income","ILO - Modelled Estimates","SDG indicator 10.4.1 - Labour income share as a percent of GDP (%)","2007",48.6,
"Eastern Europe: Upper-middle income","ILO - Modelled Estimates","SDG indicator 10.4.1 - Labour income share as a percent of GDP (%)","2006",47.2,
"Eastern Europe: Upper-middle income","ILO - Modelled Estimates","SDG indicator 10.4.1 - Labour income share as a percent of GDP (%)","2005",46.3,
"Eastern Europe: Upper-middle income","ILO - Modelled Estimates","SDG indicator 10.4.1 - Labour income share as a percent of GDP (%)","2004",48.4,
"Eastern Europe: High income","ILO - Modelled Estimates","SDG indicator 10.4.1 - Labour income share as a percent of GDP (%)","2024",48.4,
"Eastern Europe: High income","ILO - Modelled Estimates","SDG indicator 10.4.1 - Labour income share as a percent of GDP (%)","2023",46.6,
"Eastern Europe: High income","ILO - Modelled Estimates","SDG indicator 10.4.1 - Labour income share as a percent of GDP (%)","2022",46.4,
"Eastern Europe: High income","ILO - Modelled Estimates","SDG indicator 10.4.1 - Labour income share as a percent of GDP (%)","2021",47.8,
"Eastern Europe: High income","ILO - Modelled Estimates","SDG indicator 10.4.1 - Labour income share as a percent of GDP (%)","2020",50.8,
"Eastern Europe: High income","ILO - Modelled Estimates","SDG indicator 10.4.1 - Labour income share as a percent of GDP (%)","2019",49.9,
"Eastern Europe: High income","ILO - Modelled Estimates","SDG indicator 10.4.1 - Labour income share as a percent of GDP (%)","2018",49.5,
"Eastern Europe: High income","ILO - Modelled Estimates","SDG indicator 10.4.1 - Labour income share as a percent of GDP (%)","2017",48.7,
"Eastern Europe: High income","ILO - Modelled Estimates","SDG indicator 10.4.1 - Labour income share as a percent of GDP (%)","2016",49.1,
"Eastern Europe: High income","ILO - Modelled Estimates","SDG indicator 10.4.1 - Labour income share as a percent of GDP (%)","2015",46.8,
"Eastern Europe: High income","ILO - Modelled Estimates","SDG indicator 10.4.1 - Labour income share as a percent of GDP (%)","2014",47.4,
"Eastern Europe: High income","ILO - Modelled Estimates","SDG indicator 10.4.1 - Labour income share as a percent of GDP (%)","2013",47.2,
"Eastern Europe: High income","ILO - Modelled Estimates","SDG indicator 10.4.1 - Labour income share as a percent of GDP (%)","2012",47.7,
"Eastern Europe: High income","ILO - Modelled Estimates","SDG indicator 10.4.1 - Labour income share as a percent of GDP (%)","2011",47.3,
"Eastern Europe: High income","ILO - Modelled Estimates","SDG indicator 10.4.1 - Labour income share as a percent of GDP (%)","2010",48.8,
"Eastern Europe: High income","ILO - Modelled Estimates","SDG indicator 10.4.1 - Labour income share as a percent of GDP (%)","2009",48,
"Eastern Europe: High income","ILO - Modelled Estimates","SDG indicator 10.4.1 - Labour income share as a percent of GDP (%)","2008",49,
"Eastern Europe: High income","ILO - Modelled Estimates","SDG indicator 10.4.1 - Labour income share as a percent of GDP (%)","2007",47.9,
"Eastern Europe: High income","ILO - Modelled Estimates","SDG indicator 10.4.1 - Labour income share as a percent of GDP (%)","2006",49.2,
"Eastern Europe: High income","ILO - Modelled Estimates","SDG indicator 10.4.1 - Labour income share as a percent of GDP (%)","2005",49.7,
"Eastern Europe: High income","ILO - Modelled Estimates","SDG indicator 10.4.1 - Labour income share as a percent of GDP (%)","2004",49.4,
"Central Asia","ILO - Modelled Estimates","SDG indicator 10.4.1 - Labour income share as a percent of GDP (%)","2024",41.8,
"Central Asia","ILO - Modelled Estimates","SDG indicator 10.4.1 - Labour income share as a percent of GDP (%)","2023",41.5,
"Central Asia","ILO - Modelled Estimates","SDG indicator 10.4.1 - Labour income share as a percent of GDP (%)","2022",41.7,
"Central Asia","ILO - Modelled Estimates","SDG indicator 10.4.1 - Labour income share as a percent of GDP (%)","2021",42.3,
"Central Asia","ILO - Modelled Estimates","SDG indicator 10.4.1 - Labour income share as a percent of GDP (%)","2020",42.2,
"Central Asia","ILO - Modelled Estimates","SDG indicator 10.4.1 - Labour income share as a percent of GDP (%)","2019",41.5,
"Central Asia","ILO - Modelled Estimates","SDG indicator 10.4.1 - Labour income share as a percent of GDP (%)","2018",40.5,
"Central Asia","ILO - Modelled Estimates","SDG indicator 10.4.1 - Labour income share as a percent of GDP (%)","2017",40.9,
"Central Asia","ILO - Modelled Estimates","SDG indicator 10.4.1 - Labour income share as a percent of GDP (%)","2016",42.5,
"Central Asia","ILO - Modelled Estimates","SDG indicator 10.4.1 - Labour income share as a percent of GDP (%)","2015",43.9,
"Central Asia","ILO - Modelled Estimates","SDG indicator 10.4.1 - Labour income share as a percent of GDP (%)","2014",44.1,
"Central Asia","ILO - Modelled Estimates","SDG indicator 10.4.1 - Labour income share as a percent of GDP (%)","2013",44.9,
"Central Asia","ILO - Modelled Estimates","SDG indicator 10.4.1 - Labour income share as a percent of GDP (%)","2012",46.7,
"Central Asia","ILO - Modelled Estimates","SDG indicator 10.4.1 - Labour income share as a percent of GDP (%)","2011",45.9,
"Central Asia","ILO - Modelled Estimates","SDG indicator 10.4.1 - Labour income share as a percent of GDP (%)","2010",47.6,
"Central Asia","ILO - Modelled Estimates","SDG indicator 10.4.1 - Labour income share as a percent of GDP (%)","2009",47.3,
"Central Asia","ILO - Modelled Estimates","SDG indicator 10.4.1 - Labour income share as a percent of GDP (%)","2008",45.7,
"Central Asia","ILO - Modelled Estimates","SDG indicator 10.4.1 - Labour income share as a percent of GDP (%)","2007",47.8,
"Central Asia","ILO - Modelled Estimates","SDG indicator 10.4.1 - Labour income share as a percent of GDP (%)","2006",45.6,
"Central Asia","ILO - Modelled Estimates","SDG indicator 10.4.1 - Labour income share as a percent of GDP (%)","2005",46.9,
"Central Asia","ILO - Modelled Estimates","SDG indicator 10.4.1 - Labour income share as a percent of GDP (%)","2004",47.5,
"Central and Western Asia: Lower-middle income","ILO - Modelled Estimates","SDG indicator 10.4.1 - Labour income share as a percent of GDP (%)","2024",41.4,
"Central and Western Asia: Lower-middle income","ILO - Modelled Estimates","SDG indicator 10.4.1 - Labour income share as a percent of GDP (%)","2023",41,
"Central and Western Asia: Lower-middle income","ILO - Modelled Estimates","SDG indicator 10.4.1 - Labour income share as a percent of GDP (%)","2022",41.2,
"Central and Western Asia: Lower-middle income","ILO - Modelled Estimates","SDG indicator 10.4.1 - Labour income share as a percent of GDP (%)","2021",42,
"Central and Western Asia: Lower-middle income","ILO - Modelled Estimates","SDG indicator 10.4.1 - Labour income share as a percent of GDP (%)","2020",41.6,
"Central and Western Asia: Lower-middle income","ILO - Modelled Estimates","SDG indicator 10.4.1 - Labour income share as a percent of GDP (%)","2019",41.2,
"Central and Western Asia: Lower-middle income","ILO - Modelled Estimates","SDG indicator 10.4.1 - Labour income share as a percent of GDP (%)","2018",38.4,
"Central and Western Asia: Lower-middle income","ILO - Modelled Estimates","SDG indicator 10.4.1 - Labour income share as a percent of GDP (%)","2017",39,
"Central and Western Asia: Lower-middle income","ILO - Modelled Estimates","SDG indicator 10.4.1 - Labour income share as a percent of GDP (%)","2016",43.9,
"Central and Western Asia: Lower-middle income","ILO - Modelled Estimates","SDG indicator 10.4.1 - Labour income share as a percent of GDP (%)","2015",43.9,
"Central and Western Asia: Lower-middle income","ILO - Modelled Estimates","SDG indicator 10.4.1 - Labour income share as a percent of GDP (%)","2014",44.7,
"Central and Western Asia: Lower-middle income","ILO - Modelled Estimates","SDG indicator 10.4.1 - Labour income share as a percent of GDP (%)","2013",47.2,
"Central and Western Asia: Lower-middle income","ILO - Modelled Estimates","SDG indicator 10.4.1 - Labour income share as a percent of GDP (%)","2012",46.4,
"Central and Western Asia: Lower-middle income","ILO - Modelled Estimates","SDG indicator 10.4.1 - Labour income share as a percent of GDP (%)","2011",43.3,
"Central and Western Asia: Lower-middle income","ILO - Modelled Estimates","SDG indicator 10.4.1 - Labour income share as a percent of GDP (%)","2010",43.3,
"Central and Western Asia: Lower-middle income","ILO - Modelled Estimates","SDG indicator 10.4.1 - Labour income share as a percent of GDP (%)","2009",42.9,
"Central and Western Asia: Lower-middle income","ILO - Modelled Estimates","SDG indicator 10.4.1 - Labour income share as a percent of GDP (%)","2008",41.8,
"Central and Western Asia: Lower-middle income","ILO - Modelled Estimates","SDG indicator 10.4.1 - Labour income share as a percent of GDP (%)","2007",42.1,
"Central and Western Asia: Lower-middle income","ILO - Modelled Estimates","SDG indicator 10.4.1 - Labour income share as a percent of GDP (%)","2006",43.2,
"Central and Western Asia: Lower-middle income","ILO - Modelled Estimates","SDG indicator 10.4.1 - Labour income share as a percent of GDP (%)","2005",43,
"Central and Western Asia: Lower-middle income","ILO - Modelled Estimates","SDG indicator 10.4.1 - Labour income share as a percent of GDP (%)","2004",42.7,
"Central and Western Asia: Upper-middle income","ILO - Modelled Estimates","SDG indicator 10.4.1 - Labour income share as a percent of GDP (%)","2024",37.7,
"Central and Western Asia: Upper-middle income","ILO - Modelled Estimates","SDG indicator 10.4.1 - Labour income share as a percent of GDP (%)","2023",36.6,
"Central and Western Asia: Upper-middle income","ILO - Modelled Estimates","SDG indicator 10.4.1 - Labour income share as a percent of GDP (%)","2022",32.4,
"Central and Western Asia: Upper-middle income","ILO - Modelled Estimates","SDG indicator 10.4.1 - Labour income share as a percent of GDP (%)","2021",35.1,
"Central and Western Asia: Upper-middle income","ILO - Modelled Estimates","SDG indicator 10.4.1 - Labour income share as a percent of GDP (%)","2020",37.8,
"Central and Western Asia: Upper-middle income","ILO - Modelled Estimates","SDG indicator 10.4.1 - Labour income share as a percent of GDP (%)","2019",40.4,
"Central and Western Asia: Upper-middle income","ILO - Modelled Estimates","SDG indicator 10.4.1 - Labour income share as a percent of GDP (%)","2018",39.4,
"Central and Western Asia: Upper-middle income","ILO - Modelled Estimates","SDG indicator 10.4.1 - Labour income share as a percent of GDP (%)","2017",39.6,
"Central and Western Asia: Upper-middle income","ILO - Modelled Estimates","SDG indicator 10.4.1 - Labour income share as a percent of GDP (%)","2016",41.5,
"Central and Western Asia: Upper-middle income","ILO - Modelled Estimates","SDG indicator 10.4.1 - Labour income share as a percent of GDP (%)","2015",39.1,
"Central and Western Asia: Upper-middle income","ILO - Modelled Estimates","SDG indicator 10.4.1 - Labour income share as a percent of GDP (%)","2014",38.4,
"Central and Western Asia: Upper-middle income","ILO - Modelled Estimates","SDG indicator 10.4.1 - Labour income share as a percent of GDP (%)","2013",37.5,
"Central and Western Asia: Upper-middle income","ILO - Modelled Estimates","SDG indicator 10.4.1 - Labour income share as a percent of GDP (%)","2012",38.2,
"Central and Western Asia: Upper-middle income","ILO - Modelled Estimates","SDG indicator 10.4.1 - Labour income share as a percent of GDP (%)","2011",37.5,
"Central and Western Asia: Upper-middle income","ILO - Modelled Estimates","SDG indicator 10.4.1 - Labour income share as a percent of GDP (%)","2010",38.6,
"Central and Western Asia: Upper-middle income","ILO - Modelled Estimates","SDG indicator 10.4.1 - Labour income share as a percent of GDP (%)","2009",38.9,
"Central and Western Asia: Upper-middle income","ILO - Modelled Estimates","SDG indicator 10.4.1 - Labour income share as a percent of GDP (%)","2008",36.5,
"Central and Western Asia: Upper-middle income","ILO - Modelled Estimates","SDG indicator 10.4.1 - Labour income share as a percent of GDP (%)","2007",36.9,
"Central and Western Asia: Upper-middle income","ILO - Modelled Estimates","SDG indicator 10.4.1 - Labour income share as a percent of GDP (%)","2006",35.8,
"Central and Western Asia: Upper-middle income","ILO - Modelled Estimates","SDG indicator 10.4.1 - Labour income share as a percent of GDP (%)","2005",36.9,
"Central and Western Asia: Upper-middle income","ILO - Modelled Estimates","SDG indicator 10.4.1 - Labour income share as a percent of GDP (%)","2004",37.4,
"Central and Western Asia: High income","ILO - Modelled Estimates","SDG indicator 10.4.1 - Labour income share as a percent of GDP (%)","2024",51.5,
"Central and Western Asia: High income","ILO - Modelled Estimates","SDG indicator 10.4.1 - Labour income share as a percent of GDP (%)","2023",51.4,
"Central and Western Asia: High income","ILO - Modelled Estimates","SDG indicator 10.4.1 - Labour income share as a percent of GDP (%)","2022",50.2,
"Central and Western Asia: High income","ILO - Modelled Estimates","SDG indicator 10.4.1 - Labour income share as a percent of GDP (%)","2021",50,
"Central and Western Asia: High income","ILO - Modelled Estimates","SDG indicator 10.4.1 - Labour income share as a percent of GDP (%)","2020",51.4,
"Central and Western Asia: High income","ILO - Modelled Estimates","SDG indicator 10.4.1 - Labour income share as a percent of GDP (%)","2019",51.2,
"Central and Western Asia: High income","ILO - Modelled Estimates","SDG indicator 10.4.1 - Labour income share as a percent of GDP (%)","2018",51.8,
"Central and Western Asia: High income","ILO - Modelled Estimates","SDG indicator 10.4.1 - Labour income share as a percent of GDP (%)","2017",51.4,
"Central and Western Asia: High income","ILO - Modelled Estimates","SDG indicator 10.4.1 - Labour income share as a percent of GDP (%)","2016",50.6,
"Central and Western Asia: High income","ILO - Modelled Estimates","SDG indicator 10.4.1 - Labour income share as a percent of GDP (%)","2015",50,
"Central and Western Asia: High income","ILO - Modelled Estimates","SDG indicator 10.4.1 - Labour income share as a percent of GDP (%)","2014",49.8,
"Central and Western Asia: High income","ILO - Modelled Estimates","SDG indicator 10.4.1 - Labour income share as a percent of GDP (%)","2013",49.9,
"Central and Western Asia: High income","ILO - Modelled Estimates","SDG indicator 10.4.1 - Labour income share as a percent of GDP (%)","2012",50.6,
"Central and Western Asia: High income","ILO - Modelled Estimates","SDG indicator 10.4.1 - Labour income share as a percent of GDP (%)","2011",50.8,
"Central and Western Asia: High income","ILO - Modelled Estimates","SDG indicator 10.4.1 - Labour income share as a percent of GDP (%)","2010",50.8,
"Central and Western Asia: High income","ILO - Modelled Estimates","SDG indicator 10.4.1 - Labour income share as a percent of GDP (%)","2009",51.6,
"Central and Western Asia: High income","ILO - Modelled Estimates","SDG indicator 10.4.1 - Labour income share as a percent of GDP (%)","2008",53,
"Central and Western Asia: High income","ILO - Modelled Estimates","SDG indicator 10.4.1 - Labour income share as a percent of GDP (%)","2007",52.4,
"Central and Western Asia: High income","ILO - Modelled Estimates","SDG indicator 10.4.1 - Labour income share as a percent of GDP (%)","2006",52.3,
"Central and Western Asia: High income","ILO - Modelled Estimates","SDG indicator 10.4.1 - Labour income share as a percent of GDP (%)","2005",52,
"Central and Western Asia: High income","ILO - Modelled Estimates","SDG indicator 10.4.1 - Labour income share as a percent of GDP (%)","2004",51.6,
"Central and Western Asia","ILO - Modelled Estimates","SDG indicator 10.4.1 - Labour income share as a percent of GDP (%)","2024",39.4,
"Central and Western Asia","ILO - Modelled Estimates","SDG indicator 10.4.1 - Labour income share as a percent of GDP (%)","2023",38.4,
"Central and Western Asia","ILO - Modelled Estimates","SDG indicator 10.4.1 - Labour income share as a percent of GDP (%)","2022",34.9,
"Central and Western Asia","ILO - Modelled Estimates","SDG indicator 10.4.1 - Labour income share as a percent of GDP (%)","2021",37.1,
"Central and Western Asia","ILO - Modelled Estimates","SDG indicator 10.4.1 - Labour income share as a percent of GDP (%)","2020",39.5,
"Central and Western Asia","ILO - Modelled Estimates","SDG indicator 10.4.1 - Labour income share as a percent of GDP (%)","2019",41.6,
"Central and Western Asia","ILO - Modelled Estimates","SDG indicator 10.4.1 - Labour income share as a percent of GDP (%)","2018",40.6,
"Central and Western Asia","ILO - Modelled Estimates","SDG indicator 10.4.1 - Labour income share as a percent of GDP (%)","2017",40.8,
"Central and Western Asia","ILO - Modelled Estimates","SDG indicator 10.4.1 - Labour income share as a percent of GDP (%)","2016",42.6,
"Central and Western Asia","ILO - Modelled Estimates","SDG indicator 10.4.1 - Labour income share as a percent of GDP (%)","2015",40.6,
"Central and Western Asia","ILO - Modelled Estimates","SDG indicator 10.4.1 - Labour income share as a percent of GDP (%)","2014",40.1,
"Central and Western Asia","ILO - Modelled Estimates","SDG indicator 10.4.1 - Labour income share as a percent of GDP (%)","2013",39.5,
"Central and Western Asia","ILO - Modelled Estimates","SDG indicator 10.4.1 - Labour income share as a percent of GDP (%)","2012",40.2,
"Central and Western Asia","ILO - Modelled Estimates","SDG indicator 10.4.1 - Labour income share as a percent of GDP (%)","2011",39.4,
"Central and Western Asia","ILO - Modelled Estimates","SDG indicator 10.4.1 - Labour income share as a percent of GDP (%)","2010",40.4,
"Central and Western Asia","ILO - Modelled Estimates","SDG indicator 10.4.1 - Labour income share as a percent of GDP (%)","2009",40.7,
"Central and Western Asia","ILO - Modelled Estimates","SDG indicator 10.4.1 - Labour income share as a percent of GDP (%)","2008",38.8,
"Central and Western Asia","ILO - Modelled Estimates","SDG indicator 10.4.1 - Labour income share as a percent of GDP (%)","2007",39,
"Central and Western Asia","ILO - Modelled Estimates","SDG indicator 10.4.1 - Labour income share as a percent of GDP (%)","2006",38.2,
"Central and Western Asia","ILO - Modelled Estimates","SDG indicator 10.4.1 - Labour income share as a percent of GDP (%)","2005",39.1,
"Central and Western Asia","ILO - Modelled Estimates","SDG indicator 10.4.1 - Labour income share as a percent of GDP (%)","2004",39.5,
"Western Asia","ILO - Modelled Estimates","SDG indicator 10.4.1 - Labour income share as a percent of GDP (%)","2024",38.7,
"Western Asia","ILO - Modelled Estimates","SDG indicator 10.4.1 - Labour income share as a percent of GDP (%)","2023",37.6,
"Western Asia","ILO - Modelled Estimates","SDG indicator 10.4.1 - Labour income share as a percent of GDP (%)","2022",33.1,
"Western Asia","ILO - Modelled Estimates","SDG indicator 10.4.1 - Labour income share as a percent of GDP (%)","2021",35.7,
"Western Asia","ILO - Modelled Estimates","SDG indicator 10.4.1 - Labour income share as a percent of GDP (%)","2020",38.7,
"Western Asia","ILO - Modelled Estimates","SDG indicator 10.4.1 - Labour income share as a percent of GDP (%)","2019",41.7,
"Western Asia","ILO - Modelled Estimates","SDG indicator 10.4.1 - Labour income share as a percent of GDP (%)","2018",40.6,
"Western Asia","ILO - Modelled Estimates","SDG indicator 10.4.1 - Labour income share as a percent of GDP (%)","2017",40.7,
"Western Asia","ILO - Modelled Estimates","SDG indicator 10.4.1 - Labour income share as a percent of GDP (%)","2016",42.6,
"Western Asia","ILO - Modelled Estimates","SDG indicator 10.4.1 - Labour income share as a percent of GDP (%)","2015",39.6,
"Western Asia","ILO - Modelled Estimates","SDG indicator 10.4.1 - Labour income share as a percent of GDP (%)","2014",38.9,
"Western Asia","ILO - Modelled Estimates","SDG indicator 10.4.1 - Labour income share as a percent of GDP (%)","2013",37.9,
"Western Asia","ILO - Modelled Estimates","SDG indicator 10.4.1 - Labour income share as a percent of GDP (%)","2012",38.3,
"Western Asia","ILO - Modelled Estimates","SDG indicator 10.4.1 - Labour income share as a percent of GDP (%)","2011",37.6,
"Western Asia","ILO - Modelled Estimates","SDG indicator 10.4.1 - Labour income share as a percent of GDP (%)","2010",38.3,
"Western Asia","ILO - Modelled Estimates","SDG indicator 10.4.1 - Labour income share as a percent of GDP (%)","2009",38.8,
"Western Asia","ILO - Modelled Estimates","SDG indicator 10.4.1 - Labour income share as a percent of GDP (%)","2008",36.9,
"Western Asia","ILO - Modelled Estimates","SDG indicator 10.4.1 - Labour income share as a percent of GDP (%)","2007",36.7,
"Western Asia","ILO - Modelled Estimates","SDG indicator 10.4.1 - Labour income share as a percent of GDP (%)","2006",36.3,
"Western Asia","ILO - Modelled Estimates","SDG indicator 10.4.1 - Labour income share as a percent of GDP (%)","2005",37.1,
"Western Asia","ILO - Modelled Estimates","SDG indicator 10.4.1 - Labour income share as a percent of GDP (%)","2004",37.5,
"European Union 28","ILO - Modelled Estimates","SDG indicator 10.4.1 - Labour income share as a percent of GDP (%)","2024",56.9,
"European Union 28","ILO - Modelled Estimates","SDG indicator 10.4.1 - Labour income share as a percent of GDP (%)","2023",56.4,
"European Union 28","ILO - Modelled Estimates","SDG indicator 10.4.1 - Labour income share as a percent of GDP (%)","2022",56.5,
"European Union 28","ILO - Modelled Estimates","SDG indicator 10.4.1 - Labour income share as a percent of GDP (%)","2021",57.2,
"European Union 28","ILO - Modelled Estimates","SDG indicator 10.4.1 - Labour income share as a percent of GDP (%)","2020",58.7,
"European Union 28","ILO - Modelled Estimates","SDG indicator 10.4.1 - Labour income share as a percent of GDP (%)","2019",57.6,
"European Union 28","ILO - Modelled Estimates","SDG indicator 10.4.1 - Labour income share as a percent of GDP (%)","2018",57.5,
"European Union 28","ILO - Modelled Estimates","SDG indicator 10.4.1 - Labour income share as a percent of GDP (%)","2017",57.4,
"European Union 28","ILO - Modelled Estimates","SDG indicator 10.4.1 - Labour income share as a percent of GDP (%)","2016",57.9,
"European Union 28","ILO - Modelled Estimates","SDG indicator 10.4.1 - Labour income share as a percent of GDP (%)","2015",57.6,
"European Union 28","ILO - Modelled Estimates","SDG indicator 10.4.1 - Labour income share as a percent of GDP (%)","2014",58.2,
"European Union 28","ILO - Modelled Estimates","SDG indicator 10.4.1 - Labour income share as a percent of GDP (%)","2013",58.2,
"European Union 28","ILO - Modelled Estimates","SDG indicator 10.4.1 - Labour income share as a percent of GDP (%)","2012",58.6,
"European Union 28","ILO - Modelled Estimates","SDG indicator 10.4.1 - Labour income share as a percent of GDP (%)","2011",58.6,
"European Union 28","ILO - Modelled Estimates","SDG indicator 10.4.1 - Labour income share as a percent of GDP (%)","2010",59.4,
"European Union 28","ILO - Modelled Estimates","SDG indicator 10.4.1 - Labour income share as a percent of GDP (%)","2009",59.9,
"European Union 28","ILO - Modelled Estimates","SDG indicator 10.4.1 - Labour income share as a percent of GDP (%)","2008",58.6,
"European Union 28","ILO - Modelled Estimates","SDG indicator 10.4.1 - Labour income share as a percent of GDP (%)","2007",58.3,
"European Union 28","ILO - Modelled Estimates","SDG indicator 10.4.1 - Labour income share as a percent of GDP (%)","2006",58.3,
"European Union 28","ILO - Modelled Estimates","SDG indicator 10.4.1 - Labour income share as a percent of GDP (%)","2005",58.9,
"European Union 28","ILO - Modelled Estimates","SDG indicator 10.4.1 - Labour income share as a percent of GDP (%)","2004",58.8,
"G20","ILO - Modelled Estimates","SDG indicator 10.4.1 - Labour income share as a percent of GDP (%)","2024",54.1,
"G20","ILO - Modelled Estimates","SDG indicator 10.4.1 - Labour income share as a percent of GDP (%)","2023",54,
"G20","ILO - Modelled Estimates","SDG indicator 10.4.1 - Labour income share as a percent of GDP (%)","2022",54.1,
"G20","ILO - Modelled Estimates","SDG indicator 10.4.1 - Labour income share as a percent of GDP (%)","2021",54.5,
"G20","ILO - Modelled Estimates","SDG indicator 10.4.1 - Labour income share as a percent of GDP (%)","2020",55.5,
"G20","ILO - Modelled Estimates","SDG indicator 10.4.1 - Labour income share as a percent of GDP (%)","2019",54.7,
"G20","ILO - Modelled Estimates","SDG indicator 10.4.1 - Labour income share as a percent of GDP (%)","2018",54.5,
"G20","ILO - Modelled Estimates","SDG indicator 10.4.1 - Labour income share as a percent of GDP (%)","2017",54.7,
"G20","ILO - Modelled Estimates","SDG indicator 10.4.1 - Labour income share as a percent of GDP (%)","2016",54.8,
"G20","ILO - Modelled Estimates","SDG indicator 10.4.1 - Labour income share as a percent of GDP (%)","2015",54.7,
"G20","ILO - Modelled Estimates","SDG indicator 10.4.1 - Labour income share as a percent of GDP (%)","2014",54.8,
"G20","ILO - Modelled Estimates","SDG indicator 10.4.1 - Labour income share as a percent of GDP (%)","2013",54.6,
"G20","ILO - Modelled Estimates","SDG indicator 10.4.1 - Labour income share as a percent of GDP (%)","2012",54.8,
"G20","ILO - Modelled Estimates","SDG indicator 10.4.1 - Labour income share as a percent of GDP (%)","2011",54.8,
"G20","ILO - Modelled Estimates","SDG indicator 10.4.1 - Labour income share as a percent of GDP (%)","2010",55.5,
"G20","ILO - Modelled Estimates","SDG indicator 10.4.1 - Labour income share as a percent of GDP (%)","2009",56.6,
"G20","ILO - Modelled Estimates","SDG indicator 10.4.1 - Labour income share as a percent of GDP (%)","2008",55.7,
"G20","ILO - Modelled Estimates","SDG indicator 10.4.1 - Labour income share as a percent of GDP (%)","2007",55.1,
"G20","ILO - Modelled Estimates","SDG indicator 10.4.1 - Labour income share as a percent of GDP (%)","2006",55.3,
"G20","ILO - Modelled Estimates","SDG indicator 10.4.1 - Labour income share as a percent of GDP (%)","2005",55.7,
"G20","ILO - Modelled Estimates","SDG indicator 10.4.1 - Labour income share as a percent of GDP (%)","2004",56.2,
"ASEAN","ILO - Modelled Estimates","SDG indicator 10.4.1 - Labour income share as a percent of GDP (%)","2024",49.7,
"ASEAN","ILO - Modelled Estimates","SDG indicator 10.4.1 - Labour income share as a percent of GDP (%)","2023",49.8,
"ASEAN","ILO - Modelled Estimates","SDG indicator 10.4.1 - Labour income share as a percent of GDP (%)","2022",49.3,
"ASEAN","ILO - Modelled Estimates","SDG indicator 10.4.1 - Labour income share as a percent of GDP (%)","2021",50.1,
"ASEAN","ILO - Modelled Estimates","SDG indicator 10.4.1 - Labour income share as a percent of GDP (%)","2020",50.5,
"ASEAN","ILO - Modelled Estimates","SDG indicator 10.4.1 - Labour income share as a percent of GDP (%)","2019",49.5,
"ASEAN","ILO - Modelled Estimates","SDG indicator 10.4.1 - Labour income share as a percent of GDP (%)","2018",50.2,
"ASEAN","ILO - Modelled Estimates","SDG indicator 10.4.1 - Labour income share as a percent of GDP (%)","2017",50.6,
"ASEAN","ILO - Modelled Estimates","SDG indicator 10.4.1 - Labour income share as a percent of GDP (%)","2016",51.1,
"ASEAN","ILO - Modelled Estimates","SDG indicator 10.4.1 - Labour income share as a percent of GDP (%)","2015",51.2,
"ASEAN","ILO - Modelled Estimates","SDG indicator 10.4.1 - Labour income share as a percent of GDP (%)","2014",51.4,
"ASEAN","ILO - Modelled Estimates","SDG indicator 10.4.1 - Labour income share as a percent of GDP (%)","2013",50.9,
"ASEAN","ILO - Modelled Estimates","SDG indicator 10.4.1 - Labour income share as a percent of GDP (%)","2012",50.6,
"ASEAN","ILO - Modelled Estimates","SDG indicator 10.4.1 - Labour income share as a percent of GDP (%)","2011",50.3,
"ASEAN","ILO - Modelled Estimates","SDG indicator 10.4.1 - Labour income share as a percent of GDP (%)","2010",50.2,
"ASEAN","ILO - Modelled Estimates","SDG indicator 10.4.1 - Labour income share as a percent of GDP (%)","2009",50.7,
"ASEAN","ILO - Modelled Estimates","SDG indicator 10.4.1 - Labour income share as a percent of GDP (%)","2008",50.2,
"ASEAN","ILO - Modelled Estimates","SDG indicator 10.4.1 - Labour income share as a percent of GDP (%)","2007",49.6,
"ASEAN","ILO - Modelled Estimates","SDG indicator 10.4.1 - Labour income share as a percent of GDP (%)","2006",49.3,
"ASEAN","ILO - Modelled Estimates","SDG indicator 10.4.1 - Labour income share as a percent of GDP (%)","2005",49.5,
"ASEAN","ILO - Modelled Estimates","SDG indicator 10.4.1 - Labour income share as a percent of GDP (%)","2004",49.7,
"BRICS","ILO - Modelled Estimates","SDG indicator 10.4.1 - Labour income share as a percent of GDP (%)","2024",53.4,
"BRICS","ILO - Modelled Estimates","SDG indicator 10.4.1 - Labour income share as a percent of GDP (%)","2023",53.3,
"BRICS","ILO - Modelled Estimates","SDG indicator 10.4.1 - Labour income share as a percent of GDP (%)","2022",53.7,
"BRICS","ILO - Modelled Estimates","SDG indicator 10.4.1 - Labour income share as a percent of GDP (%)","2021",53.5,
"BRICS","ILO - Modelled Estimates","SDG indicator 10.4.1 - Labour income share as a percent of GDP (%)","2020",54.1,
"BRICS","ILO - Modelled Estimates","SDG indicator 10.4.1 - Labour income share as a percent of GDP (%)","2019",53.5,
"BRICS","ILO - Modelled Estimates","SDG indicator 10.4.1 - Labour income share as a percent of GDP (%)","2018",53.3,
"BRICS","ILO - Modelled Estimates","SDG indicator 10.4.1 - Labour income share as a percent of GDP (%)","2017",53.7,
"BRICS","ILO - Modelled Estimates","SDG indicator 10.4.1 - Labour income share as a percent of GDP (%)","2016",53.5,
"BRICS","ILO - Modelled Estimates","SDG indicator 10.4.1 - Labour income share as a percent of GDP (%)","2015",53.4,
"BRICS","ILO - Modelled Estimates","SDG indicator 10.4.1 - Labour income share as a percent of GDP (%)","2014",53.7,
"BRICS","ILO - Modelled Estimates","SDG indicator 10.4.1 - Labour income share as a percent of GDP (%)","2013",53.5,
"BRICS","ILO - Modelled Estimates","SDG indicator 10.4.1 - Labour income share as a percent of GDP (%)","2012",53.2,
"BRICS","ILO - Modelled Estimates","SDG indicator 10.4.1 - Labour income share as a percent of GDP (%)","2011",53.2,
"BRICS","ILO - Modelled Estimates","SDG indicator 10.4.1 - Labour income share as a percent of GDP (%)","2010",54.2,
"BRICS","ILO - Modelled Estimates","SDG indicator 10.4.1 - Labour income share as a percent of GDP (%)","2009",55.5,
"BRICS","ILO - Modelled Estimates","SDG indicator 10.4.1 - Labour income share as a percent of GDP (%)","2008",54,
"BRICS","ILO - Modelled Estimates","SDG indicator 10.4.1 - Labour income share as a percent of GDP (%)","2007",52,
"BRICS","ILO - Modelled Estimates","SDG indicator 10.4.1 - Labour income share as a percent of GDP (%)","2006",52.2,
"BRICS","ILO - Modelled Estimates","SDG indicator 10.4.1 - Labour income share as a percent of GDP (%)","2005",52.6,
"BRICS","ILO - Modelled Estimates","SDG indicator 10.4.1 - Labour income share as a percent of GDP (%)","2004",53.5,
"World excluding BRICS","ILO - Modelled Estimates","SDG indicator 10.4.1 - Labour income share as a percent of GDP (%)","2024",51.8,
"World excluding BRICS","ILO - Modelled Estimates","SDG indicator 10.4.1 - Labour income share as a percent of GDP (%)","2023",51.8,
"World excluding BRICS","ILO - Modelled Estimates","SDG indicator 10.4.1 - Labour income share as a percent of GDP (%)","2022",51.7,
"World excluding BRICS","ILO - Modelled Estimates","SDG indicator 10.4.1 - Labour income share as a percent of GDP (%)","2021",52.5,
"World excluding BRICS","ILO - Modelled Estimates","SDG indicator 10.4.1 - Labour income share as a percent of GDP (%)","2020",53.8,
"World excluding BRICS","ILO - Modelled Estimates","SDG indicator 10.4.1 - Labour income share as a percent of GDP (%)","2019",52.7,
"World excluding BRICS","ILO - Modelled Estimates","SDG indicator 10.4.1 - Labour income share as a percent of GDP (%)","2018",52.4,
"World excluding BRICS","ILO - Modelled Estimates","SDG indicator 10.4.1 - Labour income share as a percent of GDP (%)","2017",52.5,
"World excluding BRICS","ILO - Modelled Estimates","SDG indicator 10.4.1 - Labour income share as a percent of GDP (%)","2016",52.7,
"World excluding BRICS","ILO - Modelled Estimates","SDG indicator 10.4.1 - Labour income share as a percent of GDP (%)","2015",52.7,
"World excluding BRICS","ILO - Modelled Estimates","SDG indicator 10.4.1 - Labour income share as a percent of GDP (%)","2014",52.7,
"World excluding BRICS","ILO - Modelled Estimates","SDG indicator 10.4.1 - Labour income share as a percent of GDP (%)","2013",52.4,
"World excluding BRICS","ILO - Modelled Estimates","SDG indicator 10.4.1 - Labour income share as a percent of GDP (%)","2012",52.6,
"World excluding BRICS","ILO - Modelled Estimates","SDG indicator 10.4.1 - Labour income share as a percent of GDP (%)","2011",52.5,
"World excluding BRICS","ILO - Modelled Estimates","SDG indicator 10.4.1 - Labour income share as a percent of GDP (%)","2010",52.8,
"World excluding BRICS","ILO - Modelled Estimates","SDG indicator 10.4.1 - Labour income share as a percent of GDP (%)","2009",53.9,
"World excluding BRICS","ILO - Modelled Estimates","SDG indicator 10.4.1 - Labour income share as a percent of GDP (%)","2008",53,
"World excluding BRICS","ILO - Modelled Estimates","SDG indicator 10.4.1 - Labour income share as a percent of GDP (%)","2007",53,
"World excluding BRICS","ILO - Modelled Estimates","SDG indicator 10.4.1 - Labour income share as a percent of GDP (%)","2006",53.2,
"World excluding BRICS","ILO - Modelled Estimates","SDG indicator 10.4.1 - Labour income share as a percent of GDP (%)","2005",53.6,
"World excluding BRICS","ILO - Modelled Estimates","SDG indicator 10.4.1 - Labour income share as a percent of GDP (%)","2004",54,
"G7","ILO - Modelled Estimates","SDG indicator 10.4.1 - Labour income share as a percent of GDP (%)","2024",57.7,
"G7","ILO - Modelled Estimates","SDG indicator 10.4.1 - Labour income share as a percent of GDP (%)","2023",57.8,
"G7","ILO - Modelled Estimates","SDG indicator 10.4.1 - Labour income share as a percent of GDP (%)","2022",58.3,
"G7","ILO - Modelled Estimates","SDG indicator 10.4.1 - Labour income share as a percent of GDP (%)","2021",58.8,
"G7","ILO - Modelled Estimates","SDG indicator 10.4.1 - Labour income share as a percent of GDP (%)","2020",59.8,
"G7","ILO - Modelled Estimates","SDG indicator 10.4.1 - Labour income share as a percent of GDP (%)","2019",58.5,
"G7","ILO - Modelled Estimates","SDG indicator 10.4.1 - Labour income share as a percent of GDP (%)","2018",58.5,
"G7","ILO - Modelled Estimates","SDG indicator 10.4.1 - Labour income share as a percent of GDP (%)","2017",58.3,
"G7","ILO - Modelled Estimates","SDG indicator 10.4.1 - Labour income share as a percent of GDP (%)","2016",58.3,
"G7","ILO - Modelled Estimates","SDG indicator 10.4.1 - Labour income share as a percent of GDP (%)","2015",58.3,
"G7","ILO - Modelled Estimates","SDG indicator 10.4.1 - Labour income share as a percent of GDP (%)","2014",58.2,
"G7","ILO - Modelled Estimates","SDG indicator 10.4.1 - Labour income share as a percent of GDP (%)","2013",58.1,
"G7","ILO - Modelled Estimates","SDG indicator 10.4.1 - Labour income share as a percent of GDP (%)","2012",58.5,
"G7","ILO - Modelled Estimates","SDG indicator 10.4.1 - Labour income share as a percent of GDP (%)","2011",58.6,
"G7","ILO - Modelled Estimates","SDG indicator 10.4.1 - Labour income share as a percent of GDP (%)","2010",58.7,
"G7","ILO - Modelled Estimates","SDG indicator 10.4.1 - Labour income share as a percent of GDP (%)","2009",59.7,
"G7","ILO - Modelled Estimates","SDG indicator 10.4.1 - Labour income share as a percent of GDP (%)","2008",59.4,
"G7","ILO - Modelled Estimates","SDG indicator 10.4.1 - Labour income share as a percent of GDP (%)","2007",59.3,
"G7","ILO - Modelled Estimates","SDG indicator 10.4.1 - Labour income share as a percent of GDP (%)","2006",59.3,
"G7","ILO - Modelled Estimates","SDG indicator 10.4.1 - Labour income share as a percent of GDP (%)","2005",59.4,
"G7","ILO - Modelled Estimates","SDG indicator 10.4.1 - Labour income share as a percent of GDP (%)","2004",59.8,
"MENA","ILO - Modelled Estimates","SDG indicator 10.4.1 - Labour income share as a percent of GDP (%)","2024",36.2,
"MENA","ILO - Modelled Estimates","SDG indicator 10.4.1 - Labour income share as a percent of GDP (%)","2023",36.3,
"MENA","ILO - Modelled Estimates","SDG indicator 10.4.1 - Labour income share as a percent of GDP (%)","2022",35.4,
"MENA","ILO - Modelled Estimates","SDG indicator 10.4.1 - Labour income share as a percent of GDP (%)","2021",37.1,
"MENA","ILO - Modelled Estimates","SDG indicator 10.4.1 - Labour income share as a percent of GDP (%)","2020",39.4,
"MENA","ILO - Modelled Estimates","SDG indicator 10.4.1 - Labour income share as a percent of GDP (%)","2019",37.2,
"MENA","ILO - Modelled Estimates","SDG indicator 10.4.1 - Labour income share as a percent of GDP (%)","2018",36.3,
"MENA","ILO - Modelled Estimates","SDG indicator 10.4.1 - Labour income share as a percent of GDP (%)","2017",38,
"MENA","ILO - Modelled Estimates","SDG indicator 10.4.1 - Labour income share as a percent of GDP (%)","2016",38.3,
"MENA","ILO - Modelled Estimates","SDG indicator 10.4.1 - Labour income share as a percent of GDP (%)","2015",37.8,
"MENA","ILO - Modelled Estimates","SDG indicator 10.4.1 - Labour income share as a percent of GDP (%)","2014",33.7,
"MENA","ILO - Modelled Estimates","SDG indicator 10.4.1 - Labour income share as a percent of GDP (%)","2013",32.2,
"MENA","ILO - Modelled Estimates","SDG indicator 10.4.1 - Labour income share as a percent of GDP (%)","2012",31.3,
"MENA","ILO - Modelled Estimates","SDG indicator 10.4.1 - Labour income share as a percent of GDP (%)","2011",31.6,
"MENA","ILO - Modelled Estimates","SDG indicator 10.4.1 - Labour income share as a percent of GDP (%)","2010",31.7,
"MENA","ILO - Modelled Estimates","SDG indicator 10.4.1 - Labour income share as a percent of GDP (%)","2009",32.9,
"MENA","ILO - Modelled Estimates","SDG indicator 10.4.1 - Labour income share as a percent of GDP (%)","2008",28.7,
"MENA","ILO - Modelled Estimates","SDG indicator 10.4.1 - Labour income share as a percent of GDP (%)","2007",29.5,
"MENA","ILO - Modelled Estimates","SDG indicator 10.4.1 - Labour income share as a percent of GDP (%)","2006",29.8,
"MENA","ILO - Modelled Estimates","SDG indicator 10.4.1 - Labour income share as a percent of GDP (%)","2005",30.6,
"MENA","ILO - Modelled Estimates","SDG indicator 10.4.1 - Labour income share as a percent of GDP (%)","2004",32.5,
"Arab League","ILO - Modelled Estimates","SDG indicator 10.4.1 - Labour income share as a percent of GDP (%)","2024",36.1,
"Arab League","ILO - Modelled Estimates","SDG indicator 10.4.1 - Labour income share as a percent of GDP (%)","2023",36.3,
"Arab League","ILO - Modelled Estimates","SDG indicator 10.4.1 - Labour income share as a percent of GDP (%)","2022",35.2,
"Arab League","ILO - Modelled Estimates","SDG indicator 10.4.1 - Labour income share as a percent of GDP (%)","2021",36.7,
"Arab League","ILO - Modelled Estimates","SDG indicator 10.4.1 - Labour income share as a percent of GDP (%)","2020",39.4,
"Arab League","ILO - Modelled Estimates","SDG indicator 10.4.1 - Labour income share as a percent of GDP (%)","2019",36.9,
"Arab League","ILO - Modelled Estimates","SDG indicator 10.4.1 - Labour income share as a percent of GDP (%)","2018",35.9,
"Arab League","ILO - Modelled Estimates","SDG indicator 10.4.1 - Labour income share as a percent of GDP (%)","2017",37.4,
"Arab League","ILO - Modelled Estimates","SDG indicator 10.4.1 - Labour income share as a percent of GDP (%)","2016",37.9,
"Arab League","ILO - Modelled Estimates","SDG indicator 10.4.1 - Labour income share as a percent of GDP (%)","2015",37,
"Arab League","ILO - Modelled Estimates","SDG indicator 10.4.1 - Labour income share as a percent of GDP (%)","2014",32.9,
"Arab League","ILO - Modelled Estimates","SDG indicator 10.4.1 - Labour income share as a percent of GDP (%)","2013",31.4,
"Arab League","ILO - Modelled Estimates","SDG indicator 10.4.1 - Labour income share as a percent of GDP (%)","2012",30,
"Arab League","ILO - Modelled Estimates","SDG indicator 10.4.1 - Labour income share as a percent of GDP (%)","2011",30.5,
"Arab League","ILO - Modelled Estimates","SDG indicator 10.4.1 - Labour income share as a percent of GDP (%)","2010",31,
"Arab League","ILO - Modelled Estimates","SDG indicator 10.4.1 - Labour income share as a percent of GDP (%)","2009",32.4,
"Arab League","ILO - Modelled Estimates","SDG indicator 10.4.1 - Labour income share as a percent of GDP (%)","2008",27.9,
"Arab League","ILO - Modelled Estimates","SDG indicator 10.4.1 - Labour income share as a percent of GDP (%)","2007",29.1,
"Arab League","ILO - Modelled Estimates","SDG indicator 10.4.1 - Labour income share as a percent of GDP (%)","2006",28.6,
"Arab League","ILO - Modelled Estimates","SDG indicator 10.4.1 - Labour income share as a percent of GDP (%)","2005",29.6,
"Arab League","ILO - Modelled Estimates","SDG indicator 10.4.1 - Labour income share as a percent of GDP (%)","2004",31.8,
"CARICOM","ILO - Modelled Estimates","SDG indicator 10.4.1 - Labour income share as a percent of GDP (%)","2024",50.3,
"CARICOM","ILO - Modelled Estimates","SDG indicator 10.4.1 - Labour income share as a percent of GDP (%)","2023",49.9,
"CARICOM","ILO - Modelled Estimates","SDG indicator 10.4.1 - Labour income share as a percent of GDP (%)","2022",49.1,
"CARICOM","ILO - Modelled Estimates","SDG indicator 10.4.1 - Labour income share as a percent of GDP (%)","2021",49.8,
"CARICOM","ILO - Modelled Estimates","SDG indicator 10.4.1 - Labour income share as a percent of GDP (%)","2020",50.5,
"CARICOM","ILO - Modelled Estimates","SDG indicator 10.4.1 - Labour income share as a percent of GDP (%)","2019",48.6,
"CARICOM","ILO - Modelled Estimates","SDG indicator 10.4.1 - Labour income share as a percent of GDP (%)","2018",48.2,
"CARICOM","ILO - Modelled Estimates","SDG indicator 10.4.1 - Labour income share as a percent of GDP (%)","2017",48.6,
"CARICOM","ILO - Modelled Estimates","SDG indicator 10.4.1 - Labour income share as a percent of GDP (%)","2016",49.2,
"CARICOM","ILO - Modelled Estimates","SDG indicator 10.4.1 - Labour income share as a percent of GDP (%)","2015",49.1,
"CARICOM","ILO - Modelled Estimates","SDG indicator 10.4.1 - Labour income share as a percent of GDP (%)","2014",48.8,
"CARICOM","ILO - Modelled Estimates","SDG indicator 10.4.1 - Labour income share as a percent of GDP (%)","2013",48.7,
"CARICOM","ILO - Modelled Estimates","SDG indicator 10.4.1 - Labour income share as a percent of GDP (%)","2012",48.9,
"CARICOM","ILO - Modelled Estimates","SDG indicator 10.4.1 - Labour income share as a percent of GDP (%)","2011",48.3,
"CARICOM","ILO - Modelled Estimates","SDG indicator 10.4.1 - Labour income share as a percent of GDP (%)","2010",48.7,
"CARICOM","ILO - Modelled Estimates","SDG indicator 10.4.1 - Labour income share as a percent of GDP (%)","2009",48.7,
"CARICOM","ILO - Modelled Estimates","SDG indicator 10.4.1 - Labour income share as a percent of GDP (%)","2008",48.2,
"CARICOM","ILO - Modelled Estimates","SDG indicator 10.4.1 - Labour income share as a percent of GDP (%)","2007",48,
"CARICOM","ILO - Modelled Estimates","SDG indicator 10.4.1 - Labour income share as a percent of GDP (%)","2006",47.7,
"CARICOM","ILO - Modelled Estimates","SDG indicator 10.4.1 - Labour income share as a percent of GDP (%)","2005",47.8,
"CARICOM","ILO - Modelled Estimates","SDG indicator 10.4.1 - Labour income share as a percent of GDP (%)","2004",48.3,
"European Union 27","ILO - Modelled Estimates","SDG indicator 10.4.1 - Labour income share as a percent of GDP (%)","2024",56.7,
"European Union 27","ILO - Modelled Estimates","SDG indicator 10.4.1 - Labour income share as a percent of GDP (%)","2023",56.2,
"European Union 27","ILO - Modelled Estimates","SDG indicator 10.4.1 - Labour income share as a percent of GDP (%)","2022",56.2,
"European Union 27","ILO - Modelled Estimates","SDG indicator 10.4.1 - Labour income share as a percent of GDP (%)","2021",56.9,
"European Union 27","ILO - Modelled Estimates","SDG indicator 10.4.1 - Labour income share as a percent of GDP (%)","2020",58.5,
"European Union 27","ILO - Modelled Estimates","SDG indicator 10.4.1 - Labour income share as a percent of GDP (%)","2019",57.8,
"European Union 27","ILO - Modelled Estimates","SDG indicator 10.4.1 - Labour income share as a percent of GDP (%)","2018",57.8,
"European Union 27","ILO - Modelled Estimates","SDG indicator 10.4.1 - Labour income share as a percent of GDP (%)","2017",57.7,
"European Union 27","ILO - Modelled Estimates","SDG indicator 10.4.1 - Labour income share as a percent of GDP (%)","2016",58.2,
"European Union 27","ILO - Modelled Estimates","SDG indicator 10.4.1 - Labour income share as a percent of GDP (%)","2015",57.8,
"European Union 27","ILO - Modelled Estimates","SDG indicator 10.4.1 - Labour income share as a percent of GDP (%)","2014",58.4,
"European Union 27","ILO - Modelled Estimates","SDG indicator 10.4.1 - Labour income share as a percent of GDP (%)","2013",58.4,
"European Union 27","ILO - Modelled Estimates","SDG indicator 10.4.1 - Labour income share as a percent of GDP (%)","2012",58.8,
"European Union 27","ILO - Modelled Estimates","SDG indicator 10.4.1 - Labour income share as a percent of GDP (%)","2011",58.8,
"European Union 27","ILO - Modelled Estimates","SDG indicator 10.4.1 - Labour income share as a percent of GDP (%)","2010",59.5,
"European Union 27","ILO - Modelled Estimates","SDG indicator 10.4.1 - Labour income share as a percent of GDP (%)","2009",60,
"European Union 27","ILO - Modelled Estimates","SDG indicator 10.4.1 - Labour income share as a percent of GDP (%)","2008",58.6,
"European Union 27","ILO - Modelled Estimates","SDG indicator 10.4.1 - Labour income share as a percent of GDP (%)","2007",58.1,
"European Union 27","ILO - Modelled Estimates","SDG indicator 10.4.1 - Labour income share as a percent of GDP (%)","2006",58.2,
"European Union 27","ILO - Modelled Estimates","SDG indicator 10.4.1 - Labour income share as a percent of GDP (%)","2005",58.9,
"European Union 27","ILO - Modelled Estimates","SDG indicator 10.4.1 - Labour income share as a percent of GDP (%)","2004",58.9,
"Arab States: Low income","ILO - Modelled Estimates","SDG indicator 10.4.1 - Labour income share as a percent of GDP (%)","2024",34.7,
"Arab States: Low income","ILO - Modelled Estimates","SDG indicator 10.4.1 - Labour income share as a percent of GDP (%)","2023",34.8,
"Arab States: Low income","ILO - Modelled Estimates","SDG indicator 10.4.1 - Labour income share as a percent of GDP (%)","2022",34.6,
"Arab States: Low income","ILO - Modelled Estimates","SDG indicator 10.4.1 - Labour income share as a percent of GDP (%)","2021",34.6,
"Arab States: Low income","ILO - Modelled Estimates","SDG indicator 10.4.1 - Labour income share as a percent of GDP (%)","2020",35.8,
"Arab States: Low income","ILO - Modelled Estimates","SDG indicator 10.4.1 - Labour income share as a percent of GDP (%)","2019",34.7,
"Arab States: Low income","ILO - Modelled Estimates","SDG indicator 10.4.1 - Labour income share as a percent of GDP (%)","2018",34.7,
"Arab States: Low income","ILO - Modelled Estimates","SDG indicator 10.4.1 - Labour income share as a percent of GDP (%)","2017",35.1,
"Arab States: Low income","ILO - Modelled Estimates","SDG indicator 10.4.1 - Labour income share as a percent of GDP (%)","2016",35.4,
"Arab States: Low income","ILO - Modelled Estimates","SDG indicator 10.4.1 - Labour income share as a percent of GDP (%)","2015",36.4,
"Arab States: Low income","ILO - Modelled Estimates","SDG indicator 10.4.1 - Labour income share as a percent of GDP (%)","2014",34.8,
"Arab States: Low income","ILO - Modelled Estimates","SDG indicator 10.4.1 - Labour income share as a percent of GDP (%)","2013",34.7,
"Arab States: Low income","ILO - Modelled Estimates","SDG indicator 10.4.1 - Labour income share as a percent of GDP (%)","2012",34.9,
"Arab States: Low income","ILO - Modelled Estimates","SDG indicator 10.4.1 - Labour income share as a percent of GDP (%)","2011",34.9,
"Arab States: Low income","ILO - Modelled Estimates","SDG indicator 10.4.1 - Labour income share as a percent of GDP (%)","2010",33.7,
"Arab States: Low income","ILO - Modelled Estimates","SDG indicator 10.4.1 - Labour income share as a percent of GDP (%)","2009",34,
"Arab States: Low income","ILO - Modelled Estimates","SDG indicator 10.4.1 - Labour income share as a percent of GDP (%)","2008",34,
"Arab States: Low income","ILO - Modelled Estimates","SDG indicator 10.4.1 - Labour income share as a percent of GDP (%)","2007",34.1,
"Arab States: Low income","ILO - Modelled Estimates","SDG indicator 10.4.1 - Labour income share as a percent of GDP (%)","2006",34.1,
"Arab States: Low income","ILO - Modelled Estimates","SDG indicator 10.4.1 - Labour income share as a percent of GDP (%)","2005",34,
"Arab States: Low income","ILO - Modelled Estimates","SDG indicator 10.4.1 - Labour income share as a percent of GDP (%)","2004",34.1,
"APEC","ILO - Modelled Estimates","SDG indicator 10.4.1 - Labour income share as a percent of GDP (%)","2024",53.1,
"APEC","ILO - Modelled Estimates","SDG indicator 10.4.1 - Labour income share as a percent of GDP (%)","2023",53.1,
"APEC","ILO - Modelled Estimates","SDG indicator 10.4.1 - Labour income share as a percent of GDP (%)","2022",53.6,
"APEC","ILO - Modelled Estimates","SDG indicator 10.4.1 - Labour income share as a percent of GDP (%)","2021",53.7,
"APEC","ILO - Modelled Estimates","SDG indicator 10.4.1 - Labour income share as a percent of GDP (%)","2020",54.6,
"APEC","ILO - Modelled Estimates","SDG indicator 10.4.1 - Labour income share as a percent of GDP (%)","2019",53.5,
"APEC","ILO - Modelled Estimates","SDG indicator 10.4.1 - Labour income share as a percent of GDP (%)","2018",53.4,
"APEC","ILO - Modelled Estimates","SDG indicator 10.4.1 - Labour income share as a percent of GDP (%)","2017",53.4,
"APEC","ILO - Modelled Estimates","SDG indicator 10.4.1 - Labour income share as a percent of GDP (%)","2016",53.6,
"APEC","ILO - Modelled Estimates","SDG indicator 10.4.1 - Labour income share as a percent of GDP (%)","2015",53.7,
"APEC","ILO - Modelled Estimates","SDG indicator 10.4.1 - Labour income share as a percent of GDP (%)","2014",53.6,
"APEC","ILO - Modelled Estimates","SDG indicator 10.4.1 - Labour income share as a percent of GDP (%)","2013",53.5,
"APEC","ILO - Modelled Estimates","SDG indicator 10.4.1 - Labour income share as a percent of GDP (%)","2012",53.5,
"APEC","ILO - Modelled Estimates","SDG indicator 10.4.1 - Labour income share as a percent of GDP (%)","2011",53.5,
"APEC","ILO - Modelled Estimates","SDG indicator 10.4.1 - Labour income share as a percent of GDP (%)","2010",53.8,
"APEC","ILO - Modelled Estimates","SDG indicator 10.4.1 - Labour income share as a percent of GDP (%)","2009",55,
"APEC","ILO - Modelled Estimates","SDG indicator 10.4.1 - Labour income share as a percent of GDP (%)","2008",54.8,
"APEC","ILO - Modelled Estimates","SDG indicator 10.4.1 - Labour income share as a percent of GDP (%)","2007",54.4,
"APEC","ILO - Modelled Estimates","SDG indicator 10.4.1 - Labour income share as a percent of GDP (%)","2006",54.5,
"APEC","ILO - Modelled Estimates","SDG indicator 10.4.1 - Labour income share as a percent of GDP (%)","2005",54.7,
"APEC","ILO - Modelled Estimates","SDG indicator 10.4.1 - Labour income share as a percent of GDP (%)","2004",55.4,
"World excluding India and China","ILO - Modelled Estimates","SDG indicator 10.4.1 - Labour income share as a percent of GDP (%)","2024",52.1,
"World excluding India and China","ILO - Modelled Estimates","SDG indicator 10.4.1 - Labour income share as a percent of GDP (%)","2023",52.1,
"World excluding India and China","ILO - Modelled Estimates","SDG indicator 10.4.1 - Labour income share as a percent of GDP (%)","2022",52,
"World excluding India and China","ILO - Modelled Estimates","SDG indicator 10.4.1 - Labour income share as a percent of GDP (%)","2021",52.6,
"World excluding India and China","ILO - Modelled Estimates","SDG indicator 10.4.1 - Labour income share as a percent of GDP (%)","2020",54,
"World excluding India and China","ILO - Modelled Estimates","SDG indicator 10.4.1 - Labour income share as a percent of GDP (%)","2019",53,
"World excluding India and China","ILO - Modelled Estimates","SDG indicator 10.4.1 - Labour income share as a percent of GDP (%)","2018",52.7,
"World excluding India and China","ILO - Modelled Estimates","SDG indicator 10.4.1 - Labour income share as a percent of GDP (%)","2017",52.8,
"World excluding India and China","ILO - Modelled Estimates","SDG indicator 10.4.1 - Labour income share as a percent of GDP (%)","2016",53,
"World excluding India and China","ILO - Modelled Estimates","SDG indicator 10.4.1 - Labour income share as a percent of GDP (%)","2015",53,
"World excluding India and China","ILO - Modelled Estimates","SDG indicator 10.4.1 - Labour income share as a percent of GDP (%)","2014",52.9,
"World excluding India and China","ILO - Modelled Estimates","SDG indicator 10.4.1 - Labour income share as a percent of GDP (%)","2013",52.6,
"World excluding India and China","ILO - Modelled Estimates","SDG indicator 10.4.1 - Labour income share as a percent of GDP (%)","2012",52.6,
"World excluding India and China","ILO - Modelled Estimates","SDG indicator 10.4.1 - Labour income share as a percent of GDP (%)","2011",52.6,
"World excluding India and China","ILO - Modelled Estimates","SDG indicator 10.4.1 - Labour income share as a percent of GDP (%)","2010",53.1,
"World excluding India and China","ILO - Modelled Estimates","SDG indicator 10.4.1 - Labour income share as a percent of GDP (%)","2009",54.2,
"World excluding India and China","ILO - Modelled Estimates","SDG indicator 10.4.1 - Labour income share as a percent of GDP (%)","2008",53.1,
"World excluding India and China","ILO - Modelled Estimates","SDG indicator 10.4.1 - Labour income share as a percent of GDP (%)","2007",53,
"World excluding India and China","ILO - Modelled Estimates","SDG indicator 10.4.1 - Labour income share as a percent of GDP (%)","2006",53.1,
"World excluding India and China","ILO - Modelled Estimates","SDG indicator 10.4.1 - Labour income share as a percent of GDP (%)","2005",53.4,
"World excluding India and China","ILO - Modelled Estimates","SDG indicator 10.4.1 - Labour income share as a percent of GDP (%)","2004",53.9,
"World: Lower-middle income excluding India","ILO - Modelled Estimates","SDG indicator 10.4.1 - Labour income share as a percent of GDP (%)","2024",45,
"World: Lower-middle income excluding India","ILO - Modelled Estimates","SDG indicator 10.4.1 - Labour income share as a percent of GDP (%)","2023",45.1,
"World: Lower-middle income excluding India","ILO - Modelled Estimates","SDG indicator 10.4.1 - Labour income share as a percent of GDP (%)","2022",44.7,
"World: Lower-middle income excluding India","ILO - Modelled Estimates","SDG indicator 10.4.1 - Labour income share as a percent of GDP (%)","2021",45.4,
"World: Lower-middle income excluding India","ILO - Modelled Estimates","SDG indicator 10.4.1 - Labour income share as a percent of GDP (%)","2020",45.8,
"World: Lower-middle income excluding India","ILO - Modelled Estimates","SDG indicator 10.4.1 - Labour income share as a percent of GDP (%)","2019",45.3,
"World: Lower-middle income excluding India","ILO - Modelled Estimates","SDG indicator 10.4.1 - Labour income share as a percent of GDP (%)","2018",44.8,
"World: Lower-middle income excluding India","ILO - Modelled Estimates","SDG indicator 10.4.1 - Labour income share as a percent of GDP (%)","2017",44.9,
"World: Lower-middle income excluding India","ILO - Modelled Estimates","SDG indicator 10.4.1 - Labour income share as a percent of GDP (%)","2016",44.5,
"World: Lower-middle income excluding India","ILO - Modelled Estimates","SDG indicator 10.4.1 - Labour income share as a percent of GDP (%)","2015",45.4,
"World: Lower-middle income excluding India","ILO - Modelled Estimates","SDG indicator 10.4.1 - Labour income share as a percent of GDP (%)","2014",45.6,
"World: Lower-middle income excluding India","ILO - Modelled Estimates","SDG indicator 10.4.1 - Labour income share as a percent of GDP (%)","2013",45.6,
"World: Lower-middle income excluding India","ILO - Modelled Estimates","SDG indicator 10.4.1 - Labour income share as a percent of GDP (%)","2012",45.3,
"World: Lower-middle income excluding India","ILO - Modelled Estimates","SDG indicator 10.4.1 - Labour income share as a percent of GDP (%)","2011",44.8,
"World: Lower-middle income excluding India","ILO - Modelled Estimates","SDG indicator 10.4.1 - Labour income share as a percent of GDP (%)","2010",44.2,
"World: Lower-middle income excluding India","ILO - Modelled Estimates","SDG indicator 10.4.1 - Labour income share as a percent of GDP (%)","2009",43.9,
"World: Lower-middle income excluding India","ILO - Modelled Estimates","SDG indicator 10.4.1 - Labour income share as a percent of GDP (%)","2008",43.1,
"World: Lower-middle income excluding India","ILO - Modelled Estimates","SDG indicator 10.4.1 - Labour income share as a percent of GDP (%)","2007",43,
"World: Lower-middle income excluding India","ILO - Modelled Estimates","SDG indicator 10.4.1 - Labour income share as a percent of GDP (%)","2006",43.6,
"World: Lower-middle income excluding India","ILO - Modelled Estimates","SDG indicator 10.4.1 - Labour income share as a percent of GDP (%)","2005",43.8,
"World: Lower-middle income excluding India","ILO - Modelled Estimates","SDG indicator 10.4.1 - Labour income share as a percent of GDP (%)","2004",43.9,
"World: Upper-middle income excluding China","ILO - Modelled Estimates","SDG indicator 10.4.1 - Labour income share as a percent of GDP (%)","2024",48.3,
"World: Upper-middle income excluding China","ILO - Modelled Estimates","SDG indicator 10.4.1 - Labour income share as a percent of GDP (%)","2023",48,
"World: Upper-middle income excluding China","ILO - Modelled Estimates","SDG indicator 10.4.1 - Labour income share as a percent of GDP (%)","2022",47.4,
"World: Upper-middle income excluding China","ILO - Modelled Estimates","SDG indicator 10.4.1 - Labour income share as a percent of GDP (%)","2021",47.9,
"World: Upper-middle income excluding China","ILO - Modelled Estimates","SDG indicator 10.4.1 - Labour income share as a percent of GDP (%)","2020",49.7,
"World: Upper-middle income excluding China","ILO - Modelled Estimates","SDG indicator 10.4.1 - Labour income share as a percent of GDP (%)","2019",49.1,
"World: Upper-middle income excluding China","ILO - Modelled Estimates","SDG indicator 10.4.1 - Labour income share as a percent of GDP (%)","2018",49,
"World: Upper-middle income excluding China","ILO - Modelled Estimates","SDG indicator 10.4.1 - Labour income share as a percent of GDP (%)","2017",49.4,
"World: Upper-middle income excluding China","ILO - Modelled Estimates","SDG indicator 10.4.1 - Labour income share as a percent of GDP (%)","2016",50.1,
"World: Upper-middle income excluding China","ILO - Modelled Estimates","SDG indicator 10.4.1 - Labour income share as a percent of GDP (%)","2015",49.7,
"World: Upper-middle income excluding China","ILO - Modelled Estimates","SDG indicator 10.4.1 - Labour income share as a percent of GDP (%)","2014",50,
"World: Upper-middle income excluding China","ILO - Modelled Estimates","SDG indicator 10.4.1 - Labour income share as a percent of GDP (%)","2013",49.2,
"World: Upper-middle income excluding China","ILO - Modelled Estimates","SDG indicator 10.4.1 - Labour income share as a percent of GDP (%)","2012",48.1,
"World: Upper-middle income excluding China","ILO - Modelled Estimates","SDG indicator 10.4.1 - Labour income share as a percent of GDP (%)","2011",47.8,
"World: Upper-middle income excluding China","ILO - Modelled Estimates","SDG indicator 10.4.1 - Labour income share as a percent of GDP (%)","2010",48.8,
"World: Upper-middle income excluding China","ILO - Modelled Estimates","SDG indicator 10.4.1 - Labour income share as a percent of GDP (%)","2009",50.4,
"World: Upper-middle income excluding China","ILO - Modelled Estimates","SDG indicator 10.4.1 - Labour income share as a percent of GDP (%)","2008",47.3,
"World: Upper-middle income excluding China","ILO - Modelled Estimates","SDG indicator 10.4.1 - Labour income share as a percent of GDP (%)","2007",46.5,
"World: Upper-middle income excluding China","ILO - Modelled Estimates","SDG indicator 10.4.1 - Labour income share as a percent of GDP (%)","2006",46.2,
"World: Upper-middle income excluding China","ILO - Modelled Estimates","SDG indicator 10.4.1 - Labour income share as a percent of GDP (%)","2005",46.1,
"World: Upper-middle income excluding China","ILO - Modelled Estimates","SDG indicator 10.4.1 - Labour income share as a percent of GDP (%)","2004",46.6,
"Yemen","ILO - Modelled Estimates","SDG indicator 10.4.1 - Labour income share as a percent of GDP (%)","2024",34.982,"Imputation"
"Yemen","ILO - Modelled Estimates","SDG indicator 10.4.1 - Labour income share as a percent of GDP (%)","2023",35.067,"Imputation"
"Yemen","ILO - Modelled Estimates","SDG indicator 10.4.1 - Labour income share as a percent of GDP (%)","2022",34.768,"Imputation"
"Yemen","ILO - Modelled Estimates","SDG indicator 10.4.1 - Labour income share as a percent of GDP (%)","2021",34.612,"Imputation"
"Yemen","ILO - Modelled Estimates","SDG indicator 10.4.1 - Labour income share as a percent of GDP (%)","2020",35.772,"Imputation"
"Yemen","ILO - Modelled Estimates","SDG indicator 10.4.1 - Labour income share as a percent of GDP (%)","2019",34.808,"Imputation"
"Yemen","ILO - Modelled Estimates","SDG indicator 10.4.1 - Labour income share as a percent of GDP (%)","2018",34.881,"Imputation"
"Yemen","ILO - Modelled Estimates","SDG indicator 10.4.1 - Labour income share as a percent of GDP (%)","2017",35.291,"Imputation"
"Yemen","ILO - Modelled Estimates","SDG indicator 10.4.1 - Labour income share as a percent of GDP (%)","2016",35.554,"Imputation"
"Yemen","ILO - Modelled Estimates","SDG indicator 10.4.1 - Labour income share as a percent of GDP (%)","2015",36.99,"Imputation"
"Yemen","ILO - Modelled Estimates","SDG indicator 10.4.1 - Labour income share as a percent of GDP (%)","2014",34.618,"Imputation"
"Yemen","ILO - Modelled Estimates","SDG indicator 10.4.1 - Labour income share as a percent of GDP (%)","2013",34.111,"Imputation"
"Yemen","ILO - Modelled Estimates","SDG indicator 10.4.1 - Labour income share as a percent of GDP (%)","2012",34.2,"Imputation"
"Yemen","ILO - Modelled Estimates","SDG indicator 10.4.1 - Labour income share as a percent of GDP (%)","2011",35.297,"Imputation"
"Yemen","ILO - Modelled Estimates","SDG indicator 10.4.1 - Labour income share as a percent of GDP (%)","2010",33.493,"Imputation"
"Yemen","ILO - Modelled Estimates","SDG indicator 10.4.1 - Labour income share as a percent of GDP (%)","2009",33.82,"Imputation"
"Yemen","ILO - Modelled Estimates","SDG indicator 10.4.1 - Labour income share as a percent of GDP (%)","2008",33.833,"Imputation"
"Yemen","ILO - Modelled Estimates","SDG indicator 10.4.1 - Labour income share as a percent of GDP (%)","2007",33.861,"Imputation"
"Yemen","ILO - Modelled Estimates","SDG indicator 10.4.1 - Labour income share as a percent of GDP (%)","2006",33.872,"Imputation"
"Yemen","ILO - Modelled Estimates","SDG indicator 10.4.1 - Labour income share as a percent of GDP (%)","2005",33.678,"Imputation"
"Yemen","ILO - Modelled Estimates","SDG indicator 10.4.1 - Labour income share as a percent of GDP (%)","2004",33.823,"Imputation"
"South Africa","ILO - Modelled Estimates","SDG indicator 10.4.1 - Labour income share as a percent of GDP (%)","2024",56.392,"Imputation"
"South Africa","ILO - Modelled Estimates","SDG indicator 10.4.1 - Labour income share as a percent of GDP (%)","2023",56.464,"Imputation"
"South Africa","ILO - Modelled Estimates","SDG indicator 10.4.1 - Labour income share as a percent of GDP (%)","2022",56.296,"Imputation"
"South Africa","ILO - Modelled Estimates","SDG indicator 10.4.1 - Labour income share as a percent of GDP (%)","2021",58.298,"Imputation"
"South Africa","ILO - Modelled Estimates","SDG indicator 10.4.1 - Labour income share as a percent of GDP (%)","2020",60.851,"Imputation"
"South Africa","ILO - Modelled Estimates","SDG indicator 10.4.1 - Labour income share as a percent of GDP (%)","2019",59.632,"Imputation"
"South Africa","ILO - Modelled Estimates","SDG indicator 10.4.1 - Labour income share as a percent of GDP (%)","2018",59.092,"Imputation"
"South Africa","ILO - Modelled Estimates","SDG indicator 10.4.1 - Labour income share as a percent of GDP (%)","2017",59.399,"Imputation"
"South Africa","ILO - Modelled Estimates","SDG indicator 10.4.1 - Labour income share as a percent of GDP (%)","2016",59.227,"Imputation"
"South Africa","ILO - Modelled Estimates","SDG indicator 10.4.1 - Labour income share as a percent of GDP (%)","2015",58.597,"Imputation"
"South Africa","ILO - Modelled Estimates","SDG indicator 10.4.1 - Labour income share as a percent of GDP (%)","2014",57.635,"Imputation"
"South Africa","ILO - Modelled Estimates","SDG indicator 10.4.1 - Labour income share as a percent of GDP (%)","2013",57.533,"Imputation"
"South Africa","ILO - Modelled Estimates","SDG indicator 10.4.1 - Labour income share as a percent of GDP (%)","2012",57.191,"Imputation"
"South Africa","ILO - Modelled Estimates","SDG indicator 10.4.1 - Labour income share as a percent of GDP (%)","2011",56.859,"Imputation"
"South Africa","ILO - Modelled Estimates","SDG indicator 10.4.1 - Labour income share as a percent of GDP (%)","2010",56.021,"Imputation"
"South Africa","ILO - Modelled Estimates","SDG indicator 10.4.1 - Labour income share as a percent of GDP (%)","2009",54.324,"Imputation"
"South Africa","ILO - Modelled Estimates","SDG indicator 10.4.1 - Labour income share as a percent of GDP (%)","2008",53.678,"Imputation"
"South Africa","ILO - Modelled Estimates","SDG indicator 10.4.1 - Labour income share as a percent of GDP (%)","2007",52.538,"Imputation"
"South Africa","ILO - Modelled Estimates","SDG indicator 10.4.1 - Labour income share as a percent of GDP (%)","2006",53.997,"Imputation"
"South Africa","ILO - Modelled Estimates","SDG indicator 10.4.1 - Labour income share as a percent of GDP (%)","2005",53.538,"Imputation"
"South Africa","ILO - Modelled Estimates","SDG indicator 10.4.1 - Labour income share as a percent of GDP (%)","2004",53.788,"Imputation"
"Zambia","ILO - Modelled Estimates","SDG indicator 10.4.1 - Labour income share as a percent of GDP (%)","2024",37.123,"Model-based extrapolation"
"Zambia","ILO - Modelled Estimates","SDG indicator 10.4.1 - Labour income share as a percent of GDP (%)","2023",37.197,"Model-based extrapolation"
"Zambia","ILO - Modelled Estimates","SDG indicator 10.4.1 - Labour income share as a percent of GDP (%)","2022",37.021,"Model-based extrapolation"
"Zambia","ILO - Modelled Estimates","SDG indicator 10.4.1 - Labour income share as a percent of GDP (%)","2021",31.641,
"Zambia","ILO - Modelled Estimates","SDG indicator 10.4.1 - Labour income share as a percent of GDP (%)","2020",32.285,
"Zambia","ILO - Modelled Estimates","SDG indicator 10.4.1 - Labour income share as a percent of GDP (%)","2019",39.512,
"Zambia","ILO - Modelled Estimates","SDG indicator 10.4.1 - Labour income share as a percent of GDP (%)","2018",36.372,
"Zambia","ILO - Modelled Estimates","SDG indicator 10.4.1 - Labour income share as a percent of GDP (%)","2017",32.549,
"Zambia","ILO - Modelled Estimates","SDG indicator 10.4.1 - Labour income share as a percent of GDP (%)","2016",38.996,
"Zambia","ILO - Modelled Estimates","SDG indicator 10.4.1 - Labour income share as a percent of GDP (%)","2015",41.443,
"Zambia","ILO - Modelled Estimates","SDG indicator 10.4.1 - Labour income share as a percent of GDP (%)","2014",45.266,
"Zambia","ILO - Modelled Estimates","SDG indicator 10.4.1 - Labour income share as a percent of GDP (%)","2013",45.722,
"Zambia","ILO - Modelled Estimates","SDG indicator 10.4.1 - Labour income share as a percent of GDP (%)","2012",52.297,
"Zambia","ILO - Modelled Estimates","SDG indicator 10.4.1 - Labour income share as a percent of GDP (%)","2011",45.517,
"Zambia","ILO - Modelled Estimates","SDG indicator 10.4.1 - Labour income share as a percent of GDP (%)","2010",49.733,
"Zambia","ILO - Modelled Estimates","SDG indicator 10.4.1 - Labour income share as a percent of GDP (%)","2009",50.726,"Model-based extrapolation"
"Zambia","ILO - Modelled Estimates","SDG indicator 10.4.1 - Labour income share as a percent of GDP (%)","2008",51.846,"Model-based extrapolation"
"Zambia","ILO - Modelled Estimates","SDG indicator 10.4.1 - Labour income share as a percent of GDP (%)","2007",51.779,"Model-based extrapolation"
"Zambia","ILO - Modelled Estimates","SDG indicator 10.4.1 - Labour income share as a percent of GDP (%)","2006",52.078,"Model-based extrapolation"
"Zambia","ILO - Modelled Estimates","SDG indicator 10.4.1 - Labour income share as a percent of GDP (%)","2005",52.461,"Model-based extrapolation"
"Zambia","ILO - Modelled Estimates","SDG indicator 10.4.1 - Labour income share as a percent of GDP (%)","2004",52.445,"Model-based extrapolation"
"Zimbabwe","ILO - Modelled Estimates","SDG indicator 10.4.1 - Labour income share as a percent of GDP (%)","2024",51.632,"Model-based extrapolation"
"Zimbabwe","ILO - Modelled Estimates","SDG indicator 10.4.1 - Labour income share as a percent of GDP (%)","2023",51.474,"Model-based extrapolation"
"Zimbabwe","ILO - Modelled Estimates","SDG indicator 10.4.1 - Labour income share as a percent of GDP (%)","2022",51.401,"Model-based extrapolation"
"Zimbabwe","ILO - Modelled Estimates","SDG indicator 10.4.1 - Labour income share as a percent of GDP (%)","2021",51.059,"Model-based extrapolation"
"Zimbabwe","ILO - Modelled Estimates","SDG indicator 10.4.1 - Labour income share as a percent of GDP (%)","2020",51.652,"Model-based extrapolation"
"Zimbabwe","ILO - Modelled Estimates","SDG indicator 10.4.1 - Labour income share as a percent of GDP (%)","2019",51.272,"Model-based extrapolation"
"Zimbabwe","ILO - Modelled Estimates","SDG indicator 10.4.1 - Labour income share as a percent of GDP (%)","2018",50.523,
"Zimbabwe","ILO - Modelled Estimates","SDG indicator 10.4.1 - Labour income share as a percent of GDP (%)","2017",54.998,
"Zimbabwe","ILO - Modelled Estimates","SDG indicator 10.4.1 - Labour income share as a percent of GDP (%)","2016",54.782,
"Zimbabwe","ILO - Modelled Estimates","SDG indicator 10.4.1 - Labour income share as a percent of GDP (%)","2015",53.71,
"Zimbabwe","ILO - Modelled Estimates","SDG indicator 10.4.1 - Labour income share as a percent of GDP (%)","2014",53.376,
"Zimbabwe","ILO - Modelled Estimates","SDG indicator 10.4.1 - Labour income share as a percent of GDP (%)","2013",54.498,
"Zimbabwe","ILO - Modelled Estimates","SDG indicator 10.4.1 - Labour income share as a percent of GDP (%)","2012",54.6,
"Zimbabwe","ILO - Modelled Estimates","SDG indicator 10.4.1 - Labour income share as a percent of GDP (%)","2011",54.01,
"Zimbabwe","ILO - Modelled Estimates","SDG indicator 10.4.1 - Labour income share as a percent of GDP (%)","2010",50.769,
"Zimbabwe","ILO - Modelled Estimates","SDG indicator 10.4.1 - Labour income share as a percent of GDP (%)","2009",50.535,
"Zimbabwe","ILO - Modelled Estimates","SDG indicator 10.4.1 - Labour income share as a percent of GDP (%)","2008",53.104,"Model-based extrapolation"
"Zimbabwe","ILO - Modelled Estimates","SDG indicator 10.4.1 - Labour income share as a percent of GDP (%)","2007",51.57,"Model-based extrapolation"
"Zimbabwe","ILO - Modelled Estimates","SDG indicator 10.4.1 - Labour income share as a percent of GDP (%)","2006",51.329,"Model-based extrapolation"
"Zimbabwe","ILO - Modelled Estimates","SDG indicator 10.4.1 - Labour income share as a percent of GDP (%)","2005",51.735,"Model-based extrapolation"
"Zimbabwe","ILO - Modelled Estimates","SDG indicator 10.4.1 - Labour income share as a percent of GDP (%)","2004",51.671,"Model-based extrapolation"
