"ref_area.label","source.label","indicator.label","sex.label","classif1.label","time","obs_value","note_indicator.label","note_source.label"
"Argentina","ADM - Register of Work Accidents and Occupational Injuries","SDG indicator 8.8.1 - Non-fatal occupational injuries per 100'000 workers","Sex: Total","Migrant status: Total","2023",3608.708,"Coverage of occupational injuries: Reported injuries | Type of cases of occupational injuries: Including cases of occupational disease","Reference group coverage: Insured persons"
"Argentina","ADM - Register of Work Accidents and Occupational Injuries","SDG indicator 8.8.1 - Non-fatal occupational injuries per 100'000 workers","Sex: Total","Migrant status: Migrants","2023",3450.859,"Coverage of occupational injuries: Reported injuries | Type of cases of occupational injuries: Including cases of occupational disease","Reference group coverage: Insured persons"
"Argentina","ADM - Register of Work Accidents and Occupational Injuries","SDG indicator 8.8.1 - Non-fatal occupational injuries per 100'000 workers","Sex: Total","Migrant status: Non migrants","2023",3524.002,"Coverage of occupational injuries: Reported injuries | Type of cases of occupational injuries: Including cases of occupational disease","Reference group coverage: Insured persons"
"Argentina","ADM - Register of Work Accidents and Occupational Injuries","SDG indicator 8.8.1 - Non-fatal occupational injuries per 100'000 workers","Sex: Male","Migrant status: Total","2023",4695.171,"Coverage of occupational injuries: Reported injuries | Type of cases of occupational injuries: Including cases of occupational disease","Reference group coverage: Insured persons"
"Argentina","ADM - Register of Work Accidents and Occupational Injuries","SDG indicator 8.8.1 - Non-fatal occupational injuries per 100'000 workers","Sex: Male","Migrant status: Migrants","2023",5031.262,"Coverage of occupational injuries: Reported injuries | Type of cases of occupational injuries: Including cases of occupational disease","Reference group coverage: Insured persons"
"Argentina","ADM - Register of Work Accidents and Occupational Injuries","SDG indicator 8.8.1 - Non-fatal occupational injuries per 100'000 workers","Sex: Male","Migrant status: Non migrants","2023",4682.566,"Coverage of occupational injuries: Reported injuries | Type of cases of occupational injuries: Including cases of occupational disease","Reference group coverage: Insured persons"
"Argentina","ADM - Register of Work Accidents and Occupational Injuries","SDG indicator 8.8.1 - Non-fatal occupational injuries per 100'000 workers","Sex: Female","Migrant status: Total","2023",1958.468,"Coverage of occupational injuries: Reported injuries | Type of cases of occupational injuries: Including cases of occupational disease","Reference group coverage: Insured persons"
"Argentina","ADM - Register of Work Accidents and Occupational Injuries","SDG indicator 8.8.1 - Non-fatal occupational injuries per 100'000 workers","Sex: Female","Migrant status: Migrants","2023",1806.828,"Coverage of occupational injuries: Reported injuries | Type of cases of occupational injuries: Including cases of occupational disease","Reference group coverage: Insured persons"
"Argentina","ADM - Register of Work Accidents and Occupational Injuries","SDG indicator 8.8.1 - Non-fatal occupational injuries per 100'000 workers","Sex: Female","Migrant status: Non migrants","2023",1965.88,"Coverage of occupational injuries: Reported injuries | Type of cases of occupational injuries: Including cases of occupational disease","Reference group coverage: Insured persons"
"Argentina","ADM - Register of Work Accidents and Occupational Injuries","SDG indicator 8.8.1 - Non-fatal occupational injuries per 100'000 workers","Sex: Total","Migrant status: Total","2022",3586.893,"Coverage of occupational injuries: Reported injuries | Type of cases of occupational injuries: Including cases of occupational disease","Reference group coverage: Insured persons"
"Argentina","ADM - Register of Work Accidents and Occupational Injuries","SDG indicator 8.8.1 - Non-fatal occupational injuries per 100'000 workers","Sex: Total","Migrant status: Migrants","2022",3420.376,"Coverage of occupational injuries: Reported injuries | Type of cases of occupational injuries: Including cases of occupational disease","Reference group coverage: Insured persons"
"Argentina","ADM - Register of Work Accidents and Occupational Injuries","SDG indicator 8.8.1 - Non-fatal occupational injuries per 100'000 workers","Sex: Total","Migrant status: Non migrants","2022",3506.946,"Coverage of occupational injuries: Reported injuries | Type of cases of occupational injuries: Including cases of occupational disease","Reference group coverage: Insured persons"
"Argentina","ADM - Register of Work Accidents and Occupational Injuries","SDG indicator 8.8.1 - Non-fatal occupational injuries per 100'000 workers","Sex: Male","Migrant status: Total","2022",4694.804,"Coverage of occupational injuries: Reported injuries | Type of cases of occupational injuries: Including cases of occupational disease","Reference group coverage: Insured persons"
"Argentina","ADM - Register of Work Accidents and Occupational Injuries","SDG indicator 8.8.1 - Non-fatal occupational injuries per 100'000 workers","Sex: Male","Migrant status: Migrants","2022",5033.496,"Coverage of occupational injuries: Reported injuries | Type of cases of occupational injuries: Including cases of occupational disease","Reference group coverage: Insured persons"
"Argentina","ADM - Register of Work Accidents and Occupational Injuries","SDG indicator 8.8.1 - Non-fatal occupational injuries per 100'000 workers","Sex: Male","Migrant status: Non migrants","2022",4681.183,"Coverage of occupational injuries: Reported injuries | Type of cases of occupational injuries: Including cases of occupational disease","Reference group coverage: Insured persons"
"Argentina","ADM - Register of Work Accidents and Occupational Injuries","SDG indicator 8.8.1 - Non-fatal occupational injuries per 100'000 workers","Sex: Female","Migrant status: Total","2022",1894.156,"Coverage of occupational injuries: Reported injuries | Type of cases of occupational injuries: Including cases of occupational disease","Reference group coverage: Insured persons"
"Argentina","ADM - Register of Work Accidents and Occupational Injuries","SDG indicator 8.8.1 - Non-fatal occupational injuries per 100'000 workers","Sex: Female","Migrant status: Migrants","2022",1763.292,"Coverage of occupational injuries: Reported injuries | Type of cases of occupational injuries: Including cases of occupational disease","Reference group coverage: Insured persons"
"Argentina","ADM - Register of Work Accidents and Occupational Injuries","SDG indicator 8.8.1 - Non-fatal occupational injuries per 100'000 workers","Sex: Female","Migrant status: Non migrants","2022",1901.219,"Coverage of occupational injuries: Reported injuries | Type of cases of occupational injuries: Including cases of occupational disease","Reference group coverage: Insured persons"
"Argentina","ADM - Register of Work Accidents and Occupational Injuries","SDG indicator 8.8.1 - Non-fatal occupational injuries per 100'000 workers","Sex: Total","Migrant status: Total","2021",3310.227,"Coverage of occupational injuries: Reported injuries | Type of cases of occupational injuries: Including cases of occupational disease","Reference group coverage: Insured persons"
"Argentina","ADM - Register of Work Accidents and Occupational Injuries","SDG indicator 8.8.1 - Non-fatal occupational injuries per 100'000 workers","Sex: Total","Migrant status: Migrants","2021",2414.421,"Coverage of occupational injuries: Reported injuries | Type of cases of occupational injuries: Including cases of occupational disease","Reference group coverage: Insured persons"
"Argentina","ADM - Register of Work Accidents and Occupational Injuries","SDG indicator 8.8.1 - Non-fatal occupational injuries per 100'000 workers","Sex: Total","Migrant status: Non migrants","2021",3236.33,"Coverage of occupational injuries: Reported injuries | Type of cases of occupational injuries: Including cases of occupational disease","Reference group coverage: Insured persons"
"Argentina","ADM - Register of Work Accidents and Occupational Injuries","SDG indicator 8.8.1 - Non-fatal occupational injuries per 100'000 workers","Sex: Male","Migrant status: Total","2021",4506.224,"Coverage of occupational injuries: Reported injuries | Type of cases of occupational injuries: Including cases of occupational disease","Reference group coverage: Insured persons"
"Argentina","ADM - Register of Work Accidents and Occupational Injuries","SDG indicator 8.8.1 - Non-fatal occupational injuries per 100'000 workers","Sex: Male","Migrant status: Migrants","2021",5110.743,"Coverage of occupational injuries: Reported injuries | Type of cases of occupational injuries: Including cases of occupational disease","Reference group coverage: Insured persons"
"Argentina","ADM - Register of Work Accidents and Occupational Injuries","SDG indicator 8.8.1 - Non-fatal occupational injuries per 100'000 workers","Sex: Male","Migrant status: Non migrants","2021",4480.655,"Coverage of occupational injuries: Reported injuries | Type of cases of occupational injuries: Including cases of occupational disease","Reference group coverage: Insured persons"
"Argentina","ADM - Register of Work Accidents and Occupational Injuries","SDG indicator 8.8.1 - Non-fatal occupational injuries per 100'000 workers","Sex: Female","Migrant status: Total","2021",1465.992,"Coverage of occupational injuries: Reported injuries | Type of cases of occupational injuries: Including cases of occupational disease","Reference group coverage: Insured persons"
"Argentina","ADM - Register of Work Accidents and Occupational Injuries","SDG indicator 8.8.1 - Non-fatal occupational injuries per 100'000 workers","Sex: Female","Migrant status: Migrants","2021",912.212,"Coverage of occupational injuries: Reported injuries | Type of cases of occupational injuries: Including cases of occupational disease","Reference group coverage: Insured persons"
"Argentina","ADM - Register of Work Accidents and Occupational Injuries","SDG indicator 8.8.1 - Non-fatal occupational injuries per 100'000 workers","Sex: Female","Migrant status: Non migrants","2021",1523.597,"Coverage of occupational injuries: Reported injuries | Type of cases of occupational injuries: Including cases of occupational disease","Reference group coverage: Insured persons"
"Argentina","ADM - Register of Work Accidents and Occupational Injuries","SDG indicator 8.8.1 - Non-fatal occupational injuries per 100'000 workers","Sex: Total","Migrant status: Total","2020",2500.901,"Coverage of occupational injuries: Reported injuries | Type of cases of occupational injuries: Including cases of occupational disease","Reference group coverage: Insured persons"
"Argentina","ADM - Register of Work Accidents and Occupational Injuries","SDG indicator 8.8.1 - Non-fatal occupational injuries per 100'000 workers","Sex: Total","Migrant status: Migrants","2020",1225.015,"Coverage of occupational injuries: Reported injuries | Type of cases of occupational injuries: Including cases of occupational disease","Reference group coverage: Insured persons"
"Argentina","ADM - Register of Work Accidents and Occupational Injuries","SDG indicator 8.8.1 - Non-fatal occupational injuries per 100'000 workers","Sex: Total","Migrant status: Non migrants","2020",2534.725,"Coverage of occupational injuries: Reported injuries | Type of cases of occupational injuries: Including cases of occupational disease","Reference group coverage: Insured persons"
"Argentina","ADM - Register of Work Accidents and Occupational Injuries","SDG indicator 8.8.1 - Non-fatal occupational injuries per 100'000 workers","Sex: Male","Migrant status: Total","2020",3551.039,"Coverage of occupational injuries: Reported injuries | Type of cases of occupational injuries: Including cases of occupational disease","Reference group coverage: Insured persons"
"Argentina","ADM - Register of Work Accidents and Occupational Injuries","SDG indicator 8.8.1 - Non-fatal occupational injuries per 100'000 workers","Sex: Male","Migrant status: Migrants","2020",1248.288,"Coverage of occupational injuries: Reported injuries | Type of cases of occupational injuries: Including cases of occupational disease","Reference group coverage: Insured persons"
"Argentina","ADM - Register of Work Accidents and Occupational Injuries","SDG indicator 8.8.1 - Non-fatal occupational injuries per 100'000 workers","Sex: Male","Migrant status: Non migrants","2020",3875.756,"Coverage of occupational injuries: Reported injuries | Type of cases of occupational injuries: Including cases of occupational disease","Reference group coverage: Insured persons"
"Argentina","ADM - Register of Work Accidents and Occupational Injuries","SDG indicator 8.8.1 - Non-fatal occupational injuries per 100'000 workers","Sex: Female","Migrant status: Total","2020",970.397,"Coverage of occupational injuries: Reported injuries | Type of cases of occupational injuries: Including cases of occupational disease","Reference group coverage: Insured persons"
"Argentina","ADM - Register of Work Accidents and Occupational Injuries","SDG indicator 8.8.1 - Non-fatal occupational injuries per 100'000 workers","Sex: Female","Migrant status: Migrants","2020",1154.395,"Coverage of occupational injuries: Reported injuries | Type of cases of occupational injuries: Including cases of occupational disease","Reference group coverage: Insured persons"
"Argentina","ADM - Register of Work Accidents and Occupational Injuries","SDG indicator 8.8.1 - Non-fatal occupational injuries per 100'000 workers","Sex: Female","Migrant status: Non migrants","2020",960.376,"Coverage of occupational injuries: Reported injuries | Type of cases of occupational injuries: Including cases of occupational disease","Reference group coverage: Insured persons"
"Argentina","ADM - Register of Work Accidents and Occupational Injuries","SDG indicator 8.8.1 - Non-fatal occupational injuries per 100'000 workers","Sex: Total","Migrant status: Total","2019",3738.45,"Coverage of occupational injuries: Reported injuries | Type of cases of occupational injuries: Including cases of occupational disease","Reference group coverage: Insured persons"
"Argentina","ADM - Register of Work Accidents and Occupational Injuries","SDG indicator 8.8.1 - Non-fatal occupational injuries per 100'000 workers","Sex: Total","Migrant status: Migrants","2019",3767.395,"Coverage of occupational injuries: Reported injuries | Type of cases of occupational injuries: Including cases of occupational disease","Reference group coverage: Insured persons"
"Argentina","ADM - Register of Work Accidents and Occupational Injuries","SDG indicator 8.8.1 - Non-fatal occupational injuries per 100'000 workers","Sex: Total","Migrant status: Non migrants","2019",3580.054,"Coverage of occupational injuries: Reported injuries | Type of cases of occupational injuries: Including cases of occupational disease","Reference group coverage: Insured persons"
"Argentina","ADM - Register of Work Accidents and Occupational Injuries","SDG indicator 8.8.1 - Non-fatal occupational injuries per 100'000 workers","Sex: Male","Migrant status: Total","2019",4792.087,"Coverage of occupational injuries: Reported injuries | Type of cases of occupational injuries: Including cases of occupational disease","Reference group coverage: Insured persons"
"Argentina","ADM - Register of Work Accidents and Occupational Injuries","SDG indicator 8.8.1 - Non-fatal occupational injuries per 100'000 workers","Sex: Male","Migrant status: Migrants","2019",5519.425,"Coverage of occupational injuries: Reported injuries | Type of cases of occupational injuries: Including cases of occupational disease","Reference group coverage: Insured persons"
"Argentina","ADM - Register of Work Accidents and Occupational Injuries","SDG indicator 8.8.1 - Non-fatal occupational injuries per 100'000 workers","Sex: Male","Migrant status: Non migrants","2019",4757.632,"Coverage of occupational injuries: Reported injuries | Type of cases of occupational injuries: Including cases of occupational disease","Reference group coverage: Insured persons"
"Argentina","ADM - Register of Work Accidents and Occupational Injuries","SDG indicator 8.8.1 - Non-fatal occupational injuries per 100'000 workers","Sex: Female","Migrant status: Total","2019",1942.574,"Coverage of occupational injuries: Reported injuries | Type of cases of occupational injuries: Including cases of occupational disease","Reference group coverage: Insured persons"
"Argentina","ADM - Register of Work Accidents and Occupational Injuries","SDG indicator 8.8.1 - Non-fatal occupational injuries per 100'000 workers","Sex: Female","Migrant status: Migrants","2019",1758.514,"Coverage of occupational injuries: Reported injuries | Type of cases of occupational injuries: Including cases of occupational disease","Reference group coverage: Insured persons"
"Argentina","ADM - Register of Work Accidents and Occupational Injuries","SDG indicator 8.8.1 - Non-fatal occupational injuries per 100'000 workers","Sex: Female","Migrant status: Non migrants","2019",1953.096,"Coverage of occupational injuries: Reported injuries | Type of cases of occupational injuries: Including cases of occupational disease","Reference group coverage: Insured persons"
"Argentina","ADM - Register of Work Accidents and Occupational Injuries","SDG indicator 8.8.1 - Non-fatal occupational injuries per 100'000 workers","Sex: Total","Migrant status: Total","2018",3771.175,"Coverage of occupational injuries: Reported injuries | Type of cases of occupational injuries: Including cases of occupational disease | Minimum period of absence from work: Incapacities lasting 1 day or more | Time unit for measuring time lost: Calendar days","Reference group coverage: Insured persons"
"Argentina","ADM - Register of Work Accidents and Occupational Injuries","SDG indicator 8.8.1 - Non-fatal occupational injuries per 100'000 workers","Sex: Total","Migrant status: Migrants","2018",4799.669,"Coverage of occupational injuries: Reported injuries | Type of cases of occupational injuries: Including cases of occupational disease | Minimum period of absence from work: Incapacities lasting 1 day or more | Time unit for measuring time lost: Calendar days","Reference group coverage: Insured persons"
"Argentina","ADM - Register of Work Accidents and Occupational Injuries","SDG indicator 8.8.1 - Non-fatal occupational injuries per 100'000 workers","Sex: Total","Migrant status: Non migrants","2018",3668.871,"Coverage of occupational injuries: Reported injuries | Type of cases of occupational injuries: Including cases of occupational disease | Minimum period of absence from work: Incapacities lasting 1 day or more | Time unit for measuring time lost: Calendar days","Reference group coverage: Insured persons"
"Argentina","ADM - Register of Work Accidents and Occupational Injuries","SDG indicator 8.8.1 - Non-fatal occupational injuries per 100'000 workers","Sex: Male","Migrant status: Total","2018",4796.7,"Coverage of occupational injuries: Reported injuries | Type of cases of occupational injuries: Including cases of occupational disease | Minimum period of absence from work: Incapacities lasting 1 day or more | Time unit for measuring time lost: Calendar days","Reference group coverage: Insured persons"
"Argentina","ADM - Register of Work Accidents and Occupational Injuries","SDG indicator 8.8.1 - Non-fatal occupational injuries per 100'000 workers","Sex: Male","Migrant status: Migrants","2018",5697.288,"Coverage of occupational injuries: Reported injuries | Type of cases of occupational injuries: Including cases of occupational disease | Minimum period of absence from work: Incapacities lasting 1 day or more | Time unit for measuring time lost: Calendar days","Reference group coverage: Insured persons"
"Argentina","ADM - Register of Work Accidents and Occupational Injuries","SDG indicator 8.8.1 - Non-fatal occupational injuries per 100'000 workers","Sex: Male","Migrant status: Non migrants","2018",4755.016,"Coverage of occupational injuries: Reported injuries | Type of cases of occupational injuries: Including cases of occupational disease | Minimum period of absence from work: Incapacities lasting 1 day or more | Time unit for measuring time lost: Calendar days","Reference group coverage: Insured persons"
"Argentina","ADM - Register of Work Accidents and Occupational Injuries","SDG indicator 8.8.1 - Non-fatal occupational injuries per 100'000 workers","Sex: Female","Migrant status: Total","2018",1990.04,"Coverage of occupational injuries: Reported injuries | Type of cases of occupational injuries: Including cases of occupational disease | Minimum period of absence from work: Incapacities lasting 1 day or more | Time unit for measuring time lost: Calendar days","Reference group coverage: Insured persons"
"Argentina","ADM - Register of Work Accidents and Occupational Injuries","SDG indicator 8.8.1 - Non-fatal occupational injuries per 100'000 workers","Sex: Female","Migrant status: Migrants","2018",2783.718,"Coverage of occupational injuries: Reported injuries | Type of cases of occupational injuries: Including cases of occupational disease | Minimum period of absence from work: Incapacities lasting 1 day or more | Time unit for measuring time lost: Calendar days","Reference group coverage: Insured persons"
"Argentina","ADM - Register of Work Accidents and Occupational Injuries","SDG indicator 8.8.1 - Non-fatal occupational injuries per 100'000 workers","Sex: Female","Migrant status: Non migrants","2018",1964.266,"Coverage of occupational injuries: Reported injuries | Type of cases of occupational injuries: Including cases of occupational disease | Minimum period of absence from work: Incapacities lasting 1 day or more | Time unit for measuring time lost: Calendar days","Reference group coverage: Insured persons"
"Argentina","ADM - Register of Work Accidents and Occupational Injuries","SDG indicator 8.8.1 - Non-fatal occupational injuries per 100'000 workers","Sex: Total","Migrant status: Total","2017",3918.53,"Coverage of occupational injuries: Reported injuries | Type of cases of occupational injuries: Including cases of occupational disease","Reference group coverage: Insured persons"
"Argentina","ADM - Register of Work Accidents and Occupational Injuries","SDG indicator 8.8.1 - Non-fatal occupational injuries per 100'000 workers","Sex: Total","Migrant status: Migrants","2017",5145.925,"Coverage of occupational injuries: Reported injuries | Type of cases of occupational injuries: Including cases of occupational disease","Reference group coverage: Insured persons"
"Argentina","ADM - Register of Work Accidents and Occupational Injuries","SDG indicator 8.8.1 - Non-fatal occupational injuries per 100'000 workers","Sex: Total","Migrant status: Non migrants","2017",3871.745,"Coverage of occupational injuries: Reported injuries | Type of cases of occupational injuries: Including cases of occupational disease","Reference group coverage: Insured persons"
"Argentina","ADM - Register of Work Accidents and Occupational Injuries","SDG indicator 8.8.1 - Non-fatal occupational injuries per 100'000 workers","Sex: Male","Migrant status: Total","2017",5043.639,"Coverage of occupational injuries: Reported injuries | Type of cases of occupational injuries: Including cases of occupational disease","Reference group coverage: Insured persons"
"Argentina","ADM - Register of Work Accidents and Occupational Injuries","SDG indicator 8.8.1 - Non-fatal occupational injuries per 100'000 workers","Sex: Male","Migrant status: Migrants","2017",6051.883,"Coverage of occupational injuries: Reported injuries | Type of cases of occupational injuries: Including cases of occupational disease","Reference group coverage: Insured persons"
"Argentina","ADM - Register of Work Accidents and Occupational Injuries","SDG indicator 8.8.1 - Non-fatal occupational injuries per 100'000 workers","Sex: Male","Migrant status: Non migrants","2017",4999.913,"Coverage of occupational injuries: Reported injuries | Type of cases of occupational injuries: Including cases of occupational disease","Reference group coverage: Insured persons"
"Argentina","ADM - Register of Work Accidents and Occupational Injuries","SDG indicator 8.8.1 - Non-fatal occupational injuries per 100'000 workers","Sex: Female","Migrant status: Total","2017",2110.334,"Coverage of occupational injuries: Reported injuries | Type of cases of occupational injuries: Including cases of occupational disease","Reference group coverage: Insured persons"
"Argentina","ADM - Register of Work Accidents and Occupational Injuries","SDG indicator 8.8.1 - Non-fatal occupational injuries per 100'000 workers","Sex: Female","Migrant status: Migrants","2017",3053.065,"Coverage of occupational injuries: Reported injuries | Type of cases of occupational injuries: Including cases of occupational disease","Reference group coverage: Insured persons"
"Argentina","ADM - Register of Work Accidents and Occupational Injuries","SDG indicator 8.8.1 - Non-fatal occupational injuries per 100'000 workers","Sex: Female","Migrant status: Non migrants","2017",2082.272,"Coverage of occupational injuries: Reported injuries | Type of cases of occupational injuries: Including cases of occupational disease","Reference group coverage: Insured persons"
"Argentina","ADM - Register of Work Accidents and Occupational Injuries","SDG indicator 8.8.1 - Non-fatal occupational injuries per 100'000 workers","Sex: Total","Migrant status: Total","2016",4193.114,"Coverage of occupational injuries: Reported injuries | Type of cases of occupational injuries: Including cases of occupational disease","Reference group coverage: Insured persons"
"Argentina","ADM - Register of Work Accidents and Occupational Injuries","SDG indicator 8.8.1 - Non-fatal occupational injuries per 100'000 workers","Sex: Male","Migrant status: Total","2016",5282.656,"Coverage of occupational injuries: Reported injuries | Type of cases of occupational injuries: Including cases of occupational disease","Reference group coverage: Insured persons"
"Argentina","ADM - Register of Work Accidents and Occupational Injuries","SDG indicator 8.8.1 - Non-fatal occupational injuries per 100'000 workers","Sex: Female","Migrant status: Total","2016",2232.795,"Coverage of occupational injuries: Reported injuries | Type of cases of occupational injuries: Including cases of occupational disease","Reference group coverage: Insured persons"
"Argentina","ADM - Register of Work Accidents and Occupational Injuries","SDG indicator 8.8.1 - Non-fatal occupational injuries per 100'000 workers","Sex: Total","Migrant status: Total","2015",4544.085,"Coverage of occupational injuries: Reported injuries | Type of cases of occupational injuries: Including cases of occupational disease","Reference group coverage: Insured persons"
"Argentina","ADM - Register of Work Accidents and Occupational Injuries","SDG indicator 8.8.1 - Non-fatal occupational injuries per 100'000 workers","Sex: Male","Migrant status: Total","2015",5780.014,"Coverage of occupational injuries: Reported injuries | Type of cases of occupational injuries: Including cases of occupational disease","Reference group coverage: Insured persons"
"Argentina","ADM - Register of Work Accidents and Occupational Injuries","SDG indicator 8.8.1 - Non-fatal occupational injuries per 100'000 workers","Sex: Female","Migrant status: Total","2015",2319.664,"Coverage of occupational injuries: Reported injuries | Type of cases of occupational injuries: Including cases of occupational disease","Reference group coverage: Insured persons"
"Argentina","ADM - Register of Work Accidents and Occupational Injuries","SDG indicator 8.8.1 - Non-fatal occupational injuries per 100'000 workers","Sex: Total","Migrant status: Total","2014",4676.6,"Coverage of occupational injuries: Reported injuries | Type of cases of occupational injuries: Including cases of occupational disease | Minimum period of absence from work: Incapacities lasting 1 day or more","Reference group coverage: Insured persons"
"Argentina","ADM - Register of Work Accidents and Occupational Injuries","SDG indicator 8.8.1 - Non-fatal occupational injuries per 100'000 workers","Sex: Male","Migrant status: Total","2014",6255.68,"Coverage of occupational injuries: Reported injuries | Type of cases of occupational injuries: Including cases of occupational disease | Minimum period of absence from work: Incapacities lasting 1 day or more","Reference group coverage: Insured persons"
"Argentina","ADM - Register of Work Accidents and Occupational Injuries","SDG indicator 8.8.1 - Non-fatal occupational injuries per 100'000 workers","Sex: Female","Migrant status: Total","2014",2321.43,"Coverage of occupational injuries: Reported injuries | Type of cases of occupational injuries: Including cases of occupational disease | Minimum period of absence from work: Incapacities lasting 1 day or more","Reference group coverage: Insured persons"
"Armenia","Other - Statistical Report on Occupational Injuries","SDG indicator 8.8.1 - Non-fatal occupational injuries per 100'000 workers","Sex: Total","Migrant status: Total","2020",29.4,"Coverage of occupational injuries: Reported injuries | Type of cases of occupational injuries: Including cases of occupational disease and cases of injury due to commuting accidents","Employment definition: Excluding own-use production workers | Economic activity coverage: Excluding activities of households as employers and of extraterritorial organizations and bodies | Reference group coverage: Employees | System of national accounts: 2008 SNA"
"Armenia","Other - Statistical Report on Occupational Injuries","SDG indicator 8.8.1 - Non-fatal occupational injuries per 100'000 workers","Sex: Male","Migrant status: Total","2020",45.68,"Coverage of occupational injuries: Reported injuries | Type of cases of occupational injuries: Including cases of occupational disease and cases of injury due to commuting accidents","Employment definition: Excluding own-use production workers | Economic activity coverage: Excluding activities of households as employers and of extraterritorial organizations and bodies | Reference group coverage: Employees | System of national accounts: 2008 SNA"
"Armenia","Other - Statistical Report on Occupational Injuries","SDG indicator 8.8.1 - Non-fatal occupational injuries per 100'000 workers","Sex: Female","Migrant status: Total","2020",0,"Coverage of occupational injuries: Reported injuries | Type of cases of occupational injuries: Including cases of occupational disease and cases of injury due to commuting accidents","Employment definition: Excluding own-use production workers | Economic activity coverage: Excluding activities of households as employers and of extraterritorial organizations and bodies | Reference group coverage: Employees | System of national accounts: 2008 SNA"
"Armenia","Other - Statistical Report on Occupational Injuries","SDG indicator 8.8.1 - Non-fatal occupational injuries per 100'000 workers","Sex: Total","Migrant status: Total","2019",35.06,"Coverage of occupational injuries: Reported injuries | Type of cases of occupational injuries: Including cases of occupational disease and cases of injury due to commuting accidents","Employment definition: Excluding own-use production workers | Economic activity coverage: Excluding activities of households as employers and of extraterritorial organizations and bodies | Reference group coverage: Employees | System of national accounts: 2008 SNA"
"Armenia","Other - Statistical Report on Occupational Injuries","SDG indicator 8.8.1 - Non-fatal occupational injuries per 100'000 workers","Sex: Male","Migrant status: Total","2019",53.28,"Coverage of occupational injuries: Reported injuries | Type of cases of occupational injuries: Including cases of occupational disease and cases of injury due to commuting accidents","Employment definition: Excluding own-use production workers | Economic activity coverage: Excluding activities of households as employers and of extraterritorial organizations and bodies | Reference group coverage: Employees | System of national accounts: 2008 SNA"
"Armenia","Other - Statistical Report on Occupational Injuries","SDG indicator 8.8.1 - Non-fatal occupational injuries per 100'000 workers","Sex: Total","Migrant status: Total","2018",50,"Coverage of occupational injuries: Reported injuries | Type of cases of occupational injuries: Including cases of occupational disease and cases of injury due to commuting accidents","Employment definition: Excluding own-use production workers | Economic activity coverage: Excluding activities of households as employers and of extraterritorial organizations and bodies | Reference group coverage: Employees | System of national accounts: 2008 SNA"
"Armenia","Other - Statistical Report on Occupational Injuries","SDG indicator 8.8.1 - Non-fatal occupational injuries per 100'000 workers","Sex: Male","Migrant status: Total","2018",69.75,"Coverage of occupational injuries: Reported injuries | Type of cases of occupational injuries: Including cases of occupational disease and cases of injury due to commuting accidents","Employment definition: Excluding own-use production workers | Economic activity coverage: Excluding activities of households as employers and of extraterritorial organizations and bodies | Reference group coverage: Employees | System of national accounts: 2008 SNA"
"Armenia","Other - Statistical Report on Occupational Injuries","SDG indicator 8.8.1 - Non-fatal occupational injuries per 100'000 workers","Sex: Female","Migrant status: Total","2018",13.05,"Coverage of occupational injuries: Reported injuries | Type of cases of occupational injuries: Including cases of occupational disease and cases of injury due to commuting accidents","Employment definition: Excluding own-use production workers | Economic activity coverage: Excluding activities of households as employers and of extraterritorial organizations and bodies | Reference group coverage: Employees | System of national accounts: 2008 SNA"
"Armenia","Other - Statistical Report on Occupational Injuries","SDG indicator 8.8.1 - Non-fatal occupational injuries per 100'000 workers","Sex: Total","Migrant status: Total","2013",45.79,"Coverage of occupational injuries: Reported injuries | Type of cases of occupational injuries: Including cases of occupational disease and cases of injury due to commuting accidents | Minimum period of absence from work: Incapacities lasting 1 day or more","Economic activity coverage: Excluding activities of households as employers and of extraterritorial organizations and bodies | Reference group coverage: Employees"
"Armenia","Other - Statistical Report on Occupational Injuries","SDG indicator 8.8.1 - Non-fatal occupational injuries per 100'000 workers","Sex: Male","Migrant status: Total","2013",72.08,"Coverage of occupational injuries: Reported injuries | Type of cases of occupational injuries: Including cases of occupational disease and cases of injury due to commuting accidents | Minimum period of absence from work: Incapacities lasting 1 day or more","Economic activity coverage: Excluding activities of households as employers and of extraterritorial organizations and bodies | Reference group coverage: Employees"
"Armenia","Other - Statistical Report on Occupational Injuries","SDG indicator 8.8.1 - Non-fatal occupational injuries per 100'000 workers","Sex: Female","Migrant status: Total","2013",6.95,"Coverage of occupational injuries: Reported injuries | Type of cases of occupational injuries: Including cases of occupational disease and cases of injury due to commuting accidents | Minimum period of absence from work: Incapacities lasting 1 day or more","Economic activity coverage: Excluding activities of households as employers and of extraterritorial organizations and bodies | Reference group coverage: Employees"
"Australia","ADM-IR - National Data Standards for Injury Surveillance Records","SDG indicator 8.8.1 - Non-fatal occupational injuries per 100'000 workers","Sex: Total","Migrant status: Total","2022",1029.158,"Coverage of occupational injuries: Compensated injuries | Type of cases of occupational injuries: Including cases of occupational disease","Data reference period: Noncalendar year | Reference group coverage: Employees"
"Australia","ADM-IR - National Data Standards for Injury Surveillance Records","SDG indicator 8.8.1 - Non-fatal occupational injuries per 100'000 workers","Sex: Male","Migrant status: Total","2022",1239.082,"Coverage of occupational injuries: Compensated injuries | Type of cases of occupational injuries: Including cases of occupational disease","Data reference period: Noncalendar year | Reference group coverage: Employees"
"Australia","ADM-IR - National Data Standards for Injury Surveillance Records","SDG indicator 8.8.1 - Non-fatal occupational injuries per 100'000 workers","Sex: Female","Migrant status: Total","2022",814.869,"Coverage of occupational injuries: Compensated injuries | Type of cases of occupational injuries: Including cases of occupational disease","Data reference period: Noncalendar year | Reference group coverage: Employees"
"Australia","ADM-IR - National Data Standards for Injury Surveillance Records","SDG indicator 8.8.1 - Non-fatal occupational injuries per 100'000 workers","Sex: Total","Migrant status: Total","2021",1047.273,"Coverage of occupational injuries: Compensated injuries | Type of cases of occupational injuries: Including cases of occupational disease","Data reference period: Noncalendar year | Reference group coverage: Employees"
"Australia","ADM-IR - National Data Standards for Injury Surveillance Records","SDG indicator 8.8.1 - Non-fatal occupational injuries per 100'000 workers","Sex: Male","Migrant status: Total","2021",1237.719,"Coverage of occupational injuries: Compensated injuries | Type of cases of occupational injuries: Including cases of occupational disease","Data reference period: Noncalendar year | Reference group coverage: Employees"
"Australia","ADM-IR - National Data Standards for Injury Surveillance Records","SDG indicator 8.8.1 - Non-fatal occupational injuries per 100'000 workers","Sex: Female","Migrant status: Total","2021",846.073,"Coverage of occupational injuries: Compensated injuries | Type of cases of occupational injuries: Including cases of occupational disease","Data reference period: Noncalendar year | Reference group coverage: Employees"
"Australia","ADM-IR - National Data Standards for Injury Surveillance Records","SDG indicator 8.8.1 - Non-fatal occupational injuries per 100'000 workers","Sex: Total","Migrant status: Total","2020",983.535,"Coverage of occupational injuries: Compensated injuries | Type of cases of occupational injuries: Including cases of occupational disease","Data reference period: Noncalendar year | Reference group coverage: Employees"
"Australia","ADM-IR - National Data Standards for Injury Surveillance Records","SDG indicator 8.8.1 - Non-fatal occupational injuries per 100'000 workers","Sex: Male","Migrant status: Total","2020",1189.111,"Coverage of occupational injuries: Compensated injuries | Type of cases of occupational injuries: Including cases of occupational disease","Data reference period: Noncalendar year | Reference group coverage: Employees"
"Australia","ADM-IR - National Data Standards for Injury Surveillance Records","SDG indicator 8.8.1 - Non-fatal occupational injuries per 100'000 workers","Sex: Female","Migrant status: Total","2020",764.282,"Coverage of occupational injuries: Compensated injuries | Type of cases of occupational injuries: Including cases of occupational disease","Data reference period: Noncalendar year | Reference group coverage: Employees"
"Australia","ADM-IR - National Data Standards for Injury Surveillance Records","SDG indicator 8.8.1 - Non-fatal occupational injuries per 100'000 workers","Sex: Total","Migrant status: Total","2019",944.783,"Coverage of occupational injuries: Compensated injuries | Type of cases of occupational injuries: Including cases of occupational disease","Data reference period: Noncalendar year | Reference group coverage: Employees"
"Australia","ADM-IR - National Data Standards for Injury Surveillance Records","SDG indicator 8.8.1 - Non-fatal occupational injuries per 100'000 workers","Sex: Male","Migrant status: Total","2019",1141.432,"Coverage of occupational injuries: Compensated injuries | Type of cases of occupational injuries: Including cases of occupational disease","Data reference period: Noncalendar year | Reference group coverage: Employees"
"Australia","ADM-IR - National Data Standards for Injury Surveillance Records","SDG indicator 8.8.1 - Non-fatal occupational injuries per 100'000 workers","Sex: Female","Migrant status: Total","2019",735.491,"Coverage of occupational injuries: Compensated injuries | Type of cases of occupational injuries: Including cases of occupational disease","Data reference period: Noncalendar year | Reference group coverage: Employees"
"Australia","ADM-IR - National Data Standards for Injury Surveillance Records","SDG indicator 8.8.1 - Non-fatal occupational injuries per 100'000 workers","Sex: Total","Migrant status: Total","2017",898.72,"Coverage of occupational injuries: Compensated injuries | Type of cases of occupational injuries: Including cases of occupational disease","Employment definition: Other nonstandard definition | Data reference period: Noncalendar year"
"Australia","ADM-IR - National Data Standards for Injury Surveillance Records","SDG indicator 8.8.1 - Non-fatal occupational injuries per 100'000 workers","Sex: Male","Migrant status: Total","2017",1068.4,"Coverage of occupational injuries: Compensated injuries | Type of cases of occupational injuries: Including cases of occupational disease","Employment definition: Other nonstandard definition | Data reference period: Noncalendar year"
"Australia","ADM-IR - National Data Standards for Injury Surveillance Records","SDG indicator 8.8.1 - Non-fatal occupational injuries per 100'000 workers","Sex: Female","Migrant status: Total","2017",708.13,"Coverage of occupational injuries: Compensated injuries | Type of cases of occupational injuries: Including cases of occupational disease","Employment definition: Other nonstandard definition | Data reference period: Noncalendar year"
"Australia","ADM-IR - National Data Standards for Injury Surveillance Records","SDG indicator 8.8.1 - Non-fatal occupational injuries per 100'000 workers","Sex: Total","Migrant status: Total","2016",933.1,"Coverage of occupational injuries: Compensated injuries | Type of cases of occupational injuries: Including cases of occupational disease","Data reference period: Noncalendar year"
"Australia","ADM-IR - National Data Standards for Injury Surveillance Records","SDG indicator 8.8.1 - Non-fatal occupational injuries per 100'000 workers","Sex: Male","Migrant status: Total","2016",1152.5,"Coverage of occupational injuries: Compensated injuries | Type of cases of occupational injuries: Including cases of occupational disease","Data reference period: Noncalendar year"
"Australia","ADM-IR - National Data Standards for Injury Surveillance Records","SDG indicator 8.8.1 - Non-fatal occupational injuries per 100'000 workers","Sex: Female","Migrant status: Total","2016",694.7,"Coverage of occupational injuries: Compensated injuries | Type of cases of occupational injuries: Including cases of occupational disease","Data reference period: Noncalendar year"
"Australia","ADM-IR - National Data Standards for Injury Surveillance Records","SDG indicator 8.8.1 - Non-fatal occupational injuries per 100'000 workers","Sex: Total","Migrant status: Total","2015",1054.5,"Coverage of occupational injuries: Compensated injuries | Type of cases of occupational injuries: Including cases of occupational disease | Type of rate: Incidence rate (per 100'000 employees) | Minimum period of absence from work: Incapacities lasting more than 1 working week","Data reference period: Noncalendar year"
"Australia","ADM-IR - National Data Standards for Injury Surveillance Records","SDG indicator 8.8.1 - Non-fatal occupational injuries per 100'000 workers","Sex: Male","Migrant status: Total","2015",1328.8,"Coverage of occupational injuries: Compensated injuries | Type of cases of occupational injuries: Including cases of occupational disease | Type of rate: Incidence rate (per 100'000 employees) | Minimum period of absence from work: Incapacities lasting more than 1 working week","Data reference period: Noncalendar year"
"Australia","ADM-IR - National Data Standards for Injury Surveillance Records","SDG indicator 8.8.1 - Non-fatal occupational injuries per 100'000 workers","Sex: Female","Migrant status: Total","2015",768.7,"Coverage of occupational injuries: Compensated injuries | Type of cases of occupational injuries: Including cases of occupational disease | Type of rate: Incidence rate (per 100'000 employees) | Minimum period of absence from work: Incapacities lasting more than 1 working week","Data reference period: Noncalendar year"
"Australia","ADM-IR - National Data Standards for Injury Surveillance Records","SDG indicator 8.8.1 - Non-fatal occupational injuries per 100'000 workers","Sex: Total","Migrant status: Total","2014",912.784,"Coverage of occupational injuries: Compensated injuries | Type of cases of occupational injuries: Including cases of occupational disease | Type of rate: Incidence rate (per 100'000 employees) | Minimum period of absence from work: Incapacities lasting more than 1 working week","Data reference period: Noncalendar year"
"Australia","ADM-IR - National Data Standards for Injury Surveillance Records","SDG indicator 8.8.1 - Non-fatal occupational injuries per 100'000 workers","Sex: Male","Migrant status: Total","2014",1121.49,"Coverage of occupational injuries: Compensated injuries | Type of cases of occupational injuries: Including cases of occupational disease | Type of rate: Incidence rate (per 100'000 employees) | Minimum period of absence from work: Incapacities lasting more than 1 working week","Data reference period: Noncalendar year"
"Australia","ADM-IR - National Data Standards for Injury Surveillance Records","SDG indicator 8.8.1 - Non-fatal occupational injuries per 100'000 workers","Sex: Female","Migrant status: Total","2014",682.344,"Coverage of occupational injuries: Compensated injuries | Type of cases of occupational injuries: Including cases of occupational disease | Type of rate: Incidence rate (per 100'000 employees) | Minimum period of absence from work: Incapacities lasting more than 1 working week","Data reference period: Noncalendar year"
"Australia","ADM-IR - National Data Standards for Injury Surveillance Records","SDG indicator 8.8.1 - Non-fatal occupational injuries per 100'000 workers","Sex: Total","Migrant status: Total","2013",1011.471,"Coverage of occupational injuries: Compensated injuries | Type of cases of occupational injuries: Including cases of occupational disease | Type of rate: Incidence rate (per 100'000 employees) | Minimum period of absence from work: Incapacities lasting more than 1 working week","Data reference period: Noncalendar year"
"Australia","ADM-IR - National Data Standards for Injury Surveillance Records","SDG indicator 8.8.1 - Non-fatal occupational injuries per 100'000 workers","Sex: Male","Migrant status: Total","2013",1243.23,"Coverage of occupational injuries: Compensated injuries | Type of cases of occupational injuries: Including cases of occupational disease | Type of rate: Incidence rate (per 100'000 employees) | Minimum period of absence from work: Incapacities lasting more than 1 working week","Data reference period: Noncalendar year"
"Australia","ADM-IR - National Data Standards for Injury Surveillance Records","SDG indicator 8.8.1 - Non-fatal occupational injuries per 100'000 workers","Sex: Female","Migrant status: Total","2013",756.431,"Coverage of occupational injuries: Compensated injuries | Type of cases of occupational injuries: Including cases of occupational disease | Type of rate: Incidence rate (per 100'000 employees) | Minimum period of absence from work: Incapacities lasting more than 1 working week","Data reference period: Noncalendar year"
"Austria","ADM-IR - Database Records from all insurance companies","SDG indicator 8.8.1 - Non-fatal occupational injuries per 100'000 workers","Sex: Total","Migrant status: Total","2022",1441.47,"Coverage of occupational injuries: Reported injuries | Type of cases of occupational injuries: Including cases of injury due to commuting accidents","Repository: ILO calculations based on Eurostat data | Reference group coverage: Insured persons"
"Austria","ADM-IR - Database Records from all insurance companies","SDG indicator 8.8.1 - Non-fatal occupational injuries per 100'000 workers","Sex: Total","Migrant status: Total","2021",1512.72,"Coverage of occupational injuries: Reported injuries | Type of cases of occupational injuries: Including cases of injury due to commuting accidents","Repository: ILO calculations based on Eurostat data | Reference group coverage: Insured persons"
"Austria","ADM-IR - Database Records from all insurance companies","SDG indicator 8.8.1 - Non-fatal occupational injuries per 100'000 workers","Sex: Total","Migrant status: Total","2020",1416.53,"Coverage of occupational injuries: Reported injuries | Type of cases of occupational injuries: Including cases of injury due to commuting accidents","Repository: ILO calculations based on Eurostat data | Reference group coverage: Insured persons"
"Austria","ADM-IR - Database Records from all insurance companies","SDG indicator 8.8.1 - Non-fatal occupational injuries per 100'000 workers","Sex: Total","Migrant status: Total","2019",1433.65,"Coverage of occupational injuries: Reported injuries | Type of cases of occupational injuries: Including cases of injury due to commuting accidents","Repository: ILO calculations based on Eurostat data | Reference group coverage: Insured persons"
"Austria","ADM-IR - Database Records from all insurance companies","SDG indicator 8.8.1 - Non-fatal occupational injuries per 100'000 workers","Sex: Total","Migrant status: Total","2018",1737.05,"Coverage of occupational injuries: Reported injuries | Type of cases of occupational injuries: Including cases of injury due to commuting accidents","Repository: ILO calculations based on Eurostat data | Reference group coverage: Insured persons"
"Austria","ADM-IR - Database Records from all insurance companies","SDG indicator 8.8.1 - Non-fatal occupational injuries per 100'000 workers","Sex: Total","Migrant status: Total","2017",1630.08,"Coverage of occupational injuries: Reported injuries | Type of cases of occupational injuries: Including cases of injury due to commuting accidents","Repository: ILO calculations based on Eurostat data | Reference group coverage: Insured persons"
"Austria","ADM-IR - Database Records from all insurance companies","SDG indicator 8.8.1 - Non-fatal occupational injuries per 100'000 workers","Sex: Total","Migrant status: Total","2016",1952,"Coverage of occupational injuries: Reported injuries | Type of cases of occupational injuries: Cases of occupational injury","Data reference period: End of the year | Reference group coverage: Employees"
"Austria","ADM-IR - Database Records from all insurance companies","SDG indicator 8.8.1 - Non-fatal occupational injuries per 100'000 workers","Sex: Male","Migrant status: Total","2016",2796,"Coverage of occupational injuries: Reported injuries | Type of cases of occupational injuries: Cases of occupational injury","Data reference period: End of the year | Reference group coverage: Employees"
"Austria","ADM-IR - Database Records from all insurance companies","SDG indicator 8.8.1 - Non-fatal occupational injuries per 100'000 workers","Sex: Female","Migrant status: Total","2016",918,"Coverage of occupational injuries: Reported injuries | Type of cases of occupational injuries: Cases of occupational injury","Data reference period: End of the year | Reference group coverage: Employees"
"Austria","ADM-IR - Database Records from all insurance companies","SDG indicator 8.8.1 - Non-fatal occupational injuries per 100'000 workers","Sex: Total","Migrant status: Total","2015",2082.34,"Coverage of occupational injuries: Reported injuries | Type of cases of occupational injuries: Including cases of injury due to commuting accidents","Repository: ILO calculations based on Eurostat data | Reference group coverage: Insured persons"
"Austria","ADM-IR - Database Records from all insurance companies","SDG indicator 8.8.1 - Non-fatal occupational injuries per 100'000 workers","Sex: Male","Migrant status: Total","2015",2964.28,"Coverage of occupational injuries: Reported injuries | Type of cases of occupational injuries: Including cases of injury due to commuting accidents","Repository: ILO calculations based on Eurostat data | Reference group coverage: Insured persons"
"Austria","ADM-IR - Database Records from all insurance companies","SDG indicator 8.8.1 - Non-fatal occupational injuries per 100'000 workers","Sex: Female","Migrant status: Total","2015",1007.51,"Coverage of occupational injuries: Reported injuries | Type of cases of occupational injuries: Including cases of injury due to commuting accidents","Repository: ILO calculations based on Eurostat data | Reference group coverage: Insured persons"
"Austria","ADM-IR - Database Records from all insurance companies","SDG indicator 8.8.1 - Non-fatal occupational injuries per 100'000 workers","Sex: Total","Migrant status: Total","2014",2242.18,"Coverage of occupational injuries: Reported injuries | Type of cases of occupational injuries: Including cases of injury due to commuting accidents","Repository: ILO calculations based on Eurostat data | Reference group coverage: Insured persons"
"Austria","ADM-IR - Database Records from all insurance companies","SDG indicator 8.8.1 - Non-fatal occupational injuries per 100'000 workers","Sex: Male","Migrant status: Total","2014",3205.67,"Coverage of occupational injuries: Reported injuries | Type of cases of occupational injuries: Including cases of injury due to commuting accidents","Repository: ILO calculations based on Eurostat data | Reference group coverage: Insured persons"
"Austria","ADM-IR - Database Records from all insurance companies","SDG indicator 8.8.1 - Non-fatal occupational injuries per 100'000 workers","Sex: Female","Migrant status: Total","2014",1069.09,"Coverage of occupational injuries: Reported injuries | Type of cases of occupational injuries: Including cases of injury due to commuting accidents","Repository: ILO calculations based on Eurostat data | Reference group coverage: Insured persons"
"Austria","ADM-IR - Database Records from all insurance companies","SDG indicator 8.8.1 - Non-fatal occupational injuries per 100'000 workers","Sex: Total","Migrant status: Total","2013",2229.28,"Coverage of occupational injuries: Reported injuries | Type of cases of occupational injuries: Including cases of injury due to commuting accidents","Repository: ILO calculations based on Eurostat data | Reference group coverage: Insured persons"
"Austria","ADM-IR - Database Records from all insurance companies","SDG indicator 8.8.1 - Non-fatal occupational injuries per 100'000 workers","Sex: Male","Migrant status: Total","2013",3223.22,"Coverage of occupational injuries: Reported injuries | Type of cases of occupational injuries: Including cases of injury due to commuting accidents","Repository: ILO calculations based on Eurostat data | Reference group coverage: Insured persons"
"Austria","ADM-IR - Database Records from all insurance companies","SDG indicator 8.8.1 - Non-fatal occupational injuries per 100'000 workers","Sex: Female","Migrant status: Total","2013",1021.42,"Coverage of occupational injuries: Reported injuries | Type of cases of occupational injuries: Including cases of injury due to commuting accidents","Repository: ILO calculations based on Eurostat data | Reference group coverage: Insured persons"
"Azerbaijan","ADM-LIR - Labour Inspectorate Records","SDG indicator 8.8.1 - Non-fatal occupational injuries per 100'000 workers","Sex: Total","Migrant status: Total","2023",22,"Coverage of occupational injuries: Reported injuries | Type of cases of occupational injuries: Cases of occupational injury","Data reference period: End of the year"
"Azerbaijan","ADM-LIR - Labour Inspectorate Records","SDG indicator 8.8.1 - Non-fatal occupational injuries per 100'000 workers","Sex: Male","Migrant status: Total","2023",28,"Coverage of occupational injuries: Reported injuries | Type of cases of occupational injuries: Cases of occupational injury","Data reference period: End of the year"
"Azerbaijan","ADM-LIR - Labour Inspectorate Records","SDG indicator 8.8.1 - Non-fatal occupational injuries per 100'000 workers","Sex: Female","Migrant status: Total","2023",14,"Coverage of occupational injuries: Reported injuries | Type of cases of occupational injuries: Cases of occupational injury","Data reference period: End of the year"
"Azerbaijan","ADM-LIR - Labour Inspectorate Records","SDG indicator 8.8.1 - Non-fatal occupational injuries per 100'000 workers","Sex: Total","Migrant status: Total","2022",14,"Coverage of occupational injuries: Reported injuries | Type of cases of occupational injuries: Cases of occupational injury","Data reference period: End of the year"
"Azerbaijan","ADM-LIR - Labour Inspectorate Records","SDG indicator 8.8.1 - Non-fatal occupational injuries per 100'000 workers","Sex: Total","Migrant status: Total","2021",16,"Coverage of occupational injuries: Reported injuries | Type of cases of occupational injuries: Cases of occupational injury","Data reference period: End of the year"
"Azerbaijan","ADM-LIR - Labour Inspectorate Records","SDG indicator 8.8.1 - Non-fatal occupational injuries per 100'000 workers","Sex: Male","Migrant status: Total","2021",20,"Coverage of occupational injuries: Reported injuries | Type of cases of occupational injuries: Cases of occupational injury","Data reference period: End of the year"
"Azerbaijan","ADM-LIR - Labour Inspectorate Records","SDG indicator 8.8.1 - Non-fatal occupational injuries per 100'000 workers","Sex: Female","Migrant status: Total","2021",10,"Coverage of occupational injuries: Reported injuries | Type of cases of occupational injuries: Cases of occupational injury","Data reference period: End of the year"
"Azerbaijan","ES - Labour-related Establishment Survey","SDG indicator 8.8.1 - Non-fatal occupational injuries per 100'000 workers","Sex: Total","Migrant status: Total","2020",12,"Coverage of occupational injuries: Reported injuries | Type of cases of occupational injuries: Cases of occupational injury","Reference group coverage: Employees"
"Azerbaijan","ADM-LIR - Labour Inspectorate Records","SDG indicator 8.8.1 - Non-fatal occupational injuries per 100'000 workers","Sex: Total","Migrant status: Total","2019",15,"Coverage of occupational injuries: Reported injuries | Type of cases of occupational injuries: Cases of occupational injury","Data reference period: End of the year"
"Azerbaijan","ADM-LIR - Labour Inspectorate Records","SDG indicator 8.8.1 - Non-fatal occupational injuries per 100'000 workers","Sex: Male","Migrant status: Total","2019",21,"Coverage of occupational injuries: Reported injuries | Type of cases of occupational injuries: Cases of occupational injury","Data reference period: End of the year"
"Azerbaijan","ADM-LIR - Labour Inspectorate Records","SDG indicator 8.8.1 - Non-fatal occupational injuries per 100'000 workers","Sex: Female","Migrant status: Total","2019",5,"Coverage of occupational injuries: Reported injuries | Type of cases of occupational injuries: Cases of occupational injury","Data reference period: End of the year"
"Azerbaijan","ADM-LIR - Labour Inspectorate Records","SDG indicator 8.8.1 - Non-fatal occupational injuries per 100'000 workers","Sex: Total","Migrant status: Total","2018",9,"Coverage of occupational injuries: Reported injuries | Type of cases of occupational injuries: Cases of occupational injury","Data reference period: End of the year"
"Azerbaijan","ADM-LIR - Labour Inspectorate Records","SDG indicator 8.8.1 - Non-fatal occupational injuries per 100'000 workers","Sex: Male","Migrant status: Total","2018",15,"Coverage of occupational injuries: Reported injuries | Type of cases of occupational injuries: Cases of occupational injury","Data reference period: End of the year"
"Azerbaijan","ADM-LIR - Labour Inspectorate Records","SDG indicator 8.8.1 - Non-fatal occupational injuries per 100'000 workers","Sex: Female","Migrant status: Total","2018",1,"Coverage of occupational injuries: Reported injuries | Type of cases of occupational injuries: Cases of occupational injury","Data reference period: End of the year"
"Azerbaijan","ADM-LIR - Labour Inspectorate Records","SDG indicator 8.8.1 - Non-fatal occupational injuries per 100'000 workers","Sex: Total","Migrant status: Total","2017",8,"Coverage of occupational injuries: Reported injuries | Type of cases of occupational injuries: Cases of occupational injury","Employment definition: Excluding own-use production workers | Data reference period: End of the year"
"Azerbaijan","ADM-LIR - Labour Inspectorate Records","SDG indicator 8.8.1 - Non-fatal occupational injuries per 100'000 workers","Sex: Male","Migrant status: Total","2017",11,"Coverage of occupational injuries: Reported injuries | Type of cases of occupational injuries: Cases of occupational injury","Employment definition: Excluding own-use production workers | Data reference period: End of the year"
"Azerbaijan","ADM-LIR - Labour Inspectorate Records","SDG indicator 8.8.1 - Non-fatal occupational injuries per 100'000 workers","Sex: Female","Migrant status: Total","2017",3,"Coverage of occupational injuries: Reported injuries | Type of cases of occupational injuries: Cases of occupational injury","Employment definition: Excluding own-use production workers | Data reference period: End of the year"
"Azerbaijan","ADM-LIR - Labour Inspectorate Records","SDG indicator 8.8.1 - Non-fatal occupational injuries per 100'000 workers","Sex: Total","Migrant status: Total","2016",12,"Coverage of occupational injuries: Reported injuries | Type of cases of occupational injuries: Cases of occupational injury","Data reference period: End of the year"
"Azerbaijan","ADM-LIR - Labour Inspectorate Records","SDG indicator 8.8.1 - Non-fatal occupational injuries per 100'000 workers","Sex: Male","Migrant status: Total","2016",19,"Coverage of occupational injuries: Reported injuries | Type of cases of occupational injuries: Cases of occupational injury","Data reference period: End of the year"
"Azerbaijan","ADM-LIR - Labour Inspectorate Records","SDG indicator 8.8.1 - Non-fatal occupational injuries per 100'000 workers","Sex: Female","Migrant status: Total","2016",2,"Coverage of occupational injuries: Reported injuries | Type of cases of occupational injuries: Cases of occupational injury","Data reference period: End of the year"
"Burundi","ADM - Social Security Regulations","SDG indicator 8.8.1 - Non-fatal occupational injuries per 100'000 workers","Sex: Total","Migrant status: Total","2021",707,,
"Burundi","ADM - Social Security Regulations","SDG indicator 8.8.1 - Non-fatal occupational injuries per 100'000 workers","Sex: Male","Migrant status: Total","2021",625.58,,
"Burundi","ADM - Social Security Regulations","SDG indicator 8.8.1 - Non-fatal occupational injuries per 100'000 workers","Sex: Female","Migrant status: Total","2021",81.3,,
"Burundi","ADM - Social Security Regulations","SDG indicator 8.8.1 - Non-fatal occupational injuries per 100'000 workers","Sex: Total","Migrant status: Total","2020",726.98,,
"Burundi","ADM - Social Security Regulations","SDG indicator 8.8.1 - Non-fatal occupational injuries per 100'000 workers","Sex: Male","Migrant status: Total","2020",638.88,,
"Burundi","ADM - Social Security Regulations","SDG indicator 8.8.1 - Non-fatal occupational injuries per 100'000 workers","Sex: Female","Migrant status: Total","2020",88.1,,
"Burundi","ADM - Social Security Regulations","SDG indicator 8.8.1 - Non-fatal occupational injuries per 100'000 workers","Sex: Total","Migrant status: Total","2019",776.49,,
"Burundi","ADM - Social Security Regulations","SDG indicator 8.8.1 - Non-fatal occupational injuries per 100'000 workers","Sex: Male","Migrant status: Total","2019",677.56,,
"Burundi","ADM - Social Security Regulations","SDG indicator 8.8.1 - Non-fatal occupational injuries per 100'000 workers","Sex: Female","Migrant status: Total","2019",98.93,,
"Burundi","ADM - Social Security Regulations","SDG indicator 8.8.1 - Non-fatal occupational injuries per 100'000 workers","Sex: Total","Migrant status: Total","2018",832.78,,
"Burundi","ADM - Social Security Regulations","SDG indicator 8.8.1 - Non-fatal occupational injuries per 100'000 workers","Sex: Male","Migrant status: Total","2018",737,,
"Burundi","ADM - Social Security Regulations","SDG indicator 8.8.1 - Non-fatal occupational injuries per 100'000 workers","Sex: Female","Migrant status: Total","2018",95.78,,
"Belgium","ADM-IR - Insurance Companies records","SDG indicator 8.8.1 - Non-fatal occupational injuries per 100'000 workers","Sex: Total","Migrant status: Total","2022",1444.55,"Coverage of occupational injuries: Reported injuries | Type of cases of occupational injuries: Including cases of injury due to commuting accidents","Repository: ILO calculations based on Eurostat data | Reference group coverage: Insured persons"
"Belgium","ADM-IR - Insurance Companies records","SDG indicator 8.8.1 - Non-fatal occupational injuries per 100'000 workers","Sex: Total","Migrant status: Total","2021",2314,"Coverage of occupational injuries: Compensated injuries | Type of cases of occupational injuries: Cases of occupational injury","Reference group coverage: Insured persons"
"Belgium","ADM-IR - Insurance Companies records","SDG indicator 8.8.1 - Non-fatal occupational injuries per 100'000 workers","Sex: Male","Migrant status: Total","2021",3223,"Coverage of occupational injuries: Compensated injuries | Type of cases of occupational injuries: Cases of occupational injury","Reference group coverage: Insured persons"
"Belgium","ADM-IR - Insurance Companies records","SDG indicator 8.8.1 - Non-fatal occupational injuries per 100'000 workers","Sex: Female","Migrant status: Total","2021",1654,"Coverage of occupational injuries: Compensated injuries | Type of cases of occupational injuries: Cases of occupational injury","Reference group coverage: Insured persons"
"Belgium","ADM-IR - Insurance Companies records","SDG indicator 8.8.1 - Non-fatal occupational injuries per 100'000 workers","Sex: Total","Migrant status: Total","2020",6995.55,"Coverage of occupational injuries: Reported injuries | Type of cases of occupational injuries: Including cases of injury due to commuting accidents","Repository: ILO calculations based on Eurostat data | Reference group coverage: Insured persons"
"Belgium","ADM-IR - Insurance Companies records","SDG indicator 8.8.1 - Non-fatal occupational injuries per 100'000 workers","Sex: Male","Migrant status: Total","2020",11528.73,"Coverage of occupational injuries: Reported injuries | Type of cases of occupational injuries: Including cases of injury due to commuting accidents","Repository: ILO calculations based on Eurostat data | Reference group coverage: Insured persons"
"Belgium","ADM-IR - Insurance Companies records","SDG indicator 8.8.1 - Non-fatal occupational injuries per 100'000 workers","Sex: Female","Migrant status: Total","2020",3634.58,"Coverage of occupational injuries: Reported injuries | Type of cases of occupational injuries: Including cases of injury due to commuting accidents","Repository: ILO calculations based on Eurostat data | Reference group coverage: Insured persons"
"Belgium","ADM-IR - Insurance Companies records","SDG indicator 8.8.1 - Non-fatal occupational injuries per 100'000 workers","Sex: Total","Migrant status: Total","2019",1679.77,"Coverage of occupational injuries: Reported injuries | Type of cases of occupational injuries: Including cases of injury due to commuting accidents","Repository: ILO calculations based on Eurostat data | Reference group coverage: Insured persons"
"Belgium","ADM-IR - Insurance Companies records","SDG indicator 8.8.1 - Non-fatal occupational injuries per 100'000 workers","Sex: Total","Migrant status: Total","2018",1789.5,"Coverage of occupational injuries: Reported injuries | Type of cases of occupational injuries: Including cases of injury due to commuting accidents","Repository: ILO calculations based on Eurostat data | Reference group coverage: Insured persons"
"Belgium","ADM-IR - Insurance Companies records","SDG indicator 8.8.1 - Non-fatal occupational injuries per 100'000 workers","Sex: Total","Migrant status: Total","2017",2015.6,"Coverage of occupational injuries: Reported injuries | Type of cases of occupational injuries: Including cases of injury due to commuting accidents","Repository: ILO calculations based on Eurostat data | Reference group coverage: Insured persons"
"Belgium","ADM-IR - Insurance Companies records","SDG indicator 8.8.1 - Non-fatal occupational injuries per 100'000 workers","Sex: Total","Migrant status: Total","2016",1990.4,"Coverage of occupational injuries: Reported injuries | Type of cases of occupational injuries: Including cases of injury due to commuting accidents","Repository: ILO calculations based on Eurostat data | Reference group coverage: Insured persons"
"Belgium","ADM-IR - Insurance Companies records","SDG indicator 8.8.1 - Non-fatal occupational injuries per 100'000 workers","Sex: Total","Migrant status: Total","2015",1403.08,"Coverage of occupational injuries: Reported injuries | Type of cases of occupational injuries: Including cases of injury due to commuting accidents","Repository: ILO calculations based on Eurostat data | Reference group coverage: Insured persons"
"Belgium","ADM-IR - Insurance Companies records","SDG indicator 8.8.1 - Non-fatal occupational injuries per 100'000 workers","Sex: Total","Migrant status: Total","2014",1616.57,"Coverage of occupational injuries: Reported injuries | Type of cases of occupational injuries: Including cases of injury due to commuting accidents","Repository: ILO calculations based on Eurostat data | Reference group coverage: Insured persons"
"Belgium","ADM-IR - Insurance Companies records","SDG indicator 8.8.1 - Non-fatal occupational injuries per 100'000 workers","Sex: Total","Migrant status: Total","2013",2098.71,"Coverage of occupational injuries: Reported injuries | Type of cases of occupational injuries: Including cases of injury due to commuting accidents","Repository: ILO calculations based on Eurostat data | Institutional sector coverage: Private sector only | Reference group coverage: Insured persons"
"Belgium","ADM-IR - Insurance Companies records","SDG indicator 8.8.1 - Non-fatal occupational injuries per 100'000 workers","Sex: Male","Migrant status: Total","2013",2811.65,"Coverage of occupational injuries: Reported injuries | Type of cases of occupational injuries: Including cases of injury due to commuting accidents","Repository: ILO calculations based on Eurostat data | Institutional sector coverage: Private sector only | Reference group coverage: Insured persons"
"Belgium","ADM-IR - Insurance Companies records","SDG indicator 8.8.1 - Non-fatal occupational injuries per 100'000 workers","Sex: Female","Migrant status: Total","2013",1232.56,"Coverage of occupational injuries: Reported injuries | Type of cases of occupational injuries: Including cases of injury due to commuting accidents","Repository: ILO calculations based on Eurostat data | Institutional sector coverage: Private sector only | Reference group coverage: Insured persons"
"Bulgaria","ADM-IR - Insurance Records","SDG indicator 8.8.1 - Non-fatal occupational injuries per 100'000 workers","Sex: Total","Migrant status: Total","2022",83.621,"Coverage of occupational injuries: Reported injuries | Type of cases of occupational injuries: Including cases of injury due to commuting accidents","Data reference period: End of the year | Reference group coverage: Insured persons"
"Bulgaria","ADM-IR - Insurance Records","SDG indicator 8.8.1 - Non-fatal occupational injuries per 100'000 workers","Sex: Male","Migrant status: Total","2022",109.612,"Coverage of occupational injuries: Reported injuries | Type of cases of occupational injuries: Including cases of injury due to commuting accidents","Data reference period: End of the year | Reference group coverage: Insured persons"
"Bulgaria","ADM-IR - Insurance Records","SDG indicator 8.8.1 - Non-fatal occupational injuries per 100'000 workers","Sex: Female","Migrant status: Total","2022",57.889,"Coverage of occupational injuries: Reported injuries | Type of cases of occupational injuries: Including cases of injury due to commuting accidents","Data reference period: End of the year | Reference group coverage: Insured persons"
"Bulgaria","ADM-IR - Insurance Records","SDG indicator 8.8.1 - Non-fatal occupational injuries per 100'000 workers","Sex: Total","Migrant status: Total","2021",81,"Coverage of occupational injuries: Reported injuries | Type of cases of occupational injuries: Including cases of injury due to commuting accidents","Data reference period: End of the year | Reference group coverage: Insured persons"
"Bulgaria","ADM-IR - Insurance Records","SDG indicator 8.8.1 - Non-fatal occupational injuries per 100'000 workers","Sex: Male","Migrant status: Total","2021",110,"Coverage of occupational injuries: Reported injuries | Type of cases of occupational injuries: Including cases of injury due to commuting accidents","Data reference period: End of the year | Reference group coverage: Insured persons"
"Bulgaria","ADM-IR - Insurance Records","SDG indicator 8.8.1 - Non-fatal occupational injuries per 100'000 workers","Sex: Female","Migrant status: Total","2021",51,"Coverage of occupational injuries: Reported injuries | Type of cases of occupational injuries: Including cases of injury due to commuting accidents","Data reference period: End of the year | Reference group coverage: Insured persons"
"Bulgaria","ADM-IR - Insurance Records","SDG indicator 8.8.1 - Non-fatal occupational injuries per 100'000 workers","Sex: Total","Migrant status: Total","2020",76.962,"Coverage of occupational injuries: Compensated injuries | Type of cases of occupational injuries: Cases of occupational injury","Data reference period: End of the year | Reference group coverage: Insured persons"
"Bulgaria","ADM-IR - Insurance Records","SDG indicator 8.8.1 - Non-fatal occupational injuries per 100'000 workers","Sex: Male","Migrant status: Total","2020",105.853,"Coverage of occupational injuries: Compensated injuries | Type of cases of occupational injuries: Cases of occupational injury","Data reference period: End of the year | Reference group coverage: Insured persons"
"Bulgaria","ADM-IR - Insurance Records","SDG indicator 8.8.1 - Non-fatal occupational injuries per 100'000 workers","Sex: Female","Migrant status: Total","2020",47.613,"Coverage of occupational injuries: Compensated injuries | Type of cases of occupational injuries: Cases of occupational injury","Data reference period: End of the year | Reference group coverage: Insured persons"
"Bulgaria","ADM-IR - Insurance Records","SDG indicator 8.8.1 - Non-fatal occupational injuries per 100'000 workers","Sex: Total","Migrant status: Total","2019",86.424,"Coverage of occupational injuries: Compensated injuries | Type of cases of occupational injuries: Cases of occupational injury","Data reference period: End of the year | Reference group coverage: Insured persons"
"Bulgaria","ADM-IR - Insurance Records","SDG indicator 8.8.1 - Non-fatal occupational injuries per 100'000 workers","Sex: Male","Migrant status: Total","2019",115.088,"Coverage of occupational injuries: Compensated injuries | Type of cases of occupational injuries: Cases of occupational injury","Data reference period: End of the year | Reference group coverage: Insured persons"
"Bulgaria","ADM-IR - Insurance Records","SDG indicator 8.8.1 - Non-fatal occupational injuries per 100'000 workers","Sex: Female","Migrant status: Total","2019",58.21,"Coverage of occupational injuries: Compensated injuries | Type of cases of occupational injuries: Cases of occupational injury","Data reference period: End of the year | Reference group coverage: Insured persons"
"Bulgaria","ADM-IR - Insurance Records","SDG indicator 8.8.1 - Non-fatal occupational injuries per 100'000 workers","Sex: Total","Migrant status: Total","2018",82.542,"Coverage of occupational injuries: Compensated injuries | Type of cases of occupational injuries: Cases of occupational injury","Data reference period: End of the year | Reference group coverage: Insured persons"
"Bulgaria","ADM-IR - Insurance Records","SDG indicator 8.8.1 - Non-fatal occupational injuries per 100'000 workers","Sex: Male","Migrant status: Total","2018",111.478,"Coverage of occupational injuries: Compensated injuries | Type of cases of occupational injuries: Cases of occupational injury","Data reference period: End of the year | Reference group coverage: Insured persons"
"Bulgaria","ADM-IR - Insurance Records","SDG indicator 8.8.1 - Non-fatal occupational injuries per 100'000 workers","Sex: Female","Migrant status: Total","2018",53.224,"Coverage of occupational injuries: Compensated injuries | Type of cases of occupational injuries: Cases of occupational injury","Data reference period: End of the year | Reference group coverage: Insured persons"
"Bulgaria","ADM-IR - Insurance Records","SDG indicator 8.8.1 - Non-fatal occupational injuries per 100'000 workers","Sex: Total","Migrant status: Total","2017",80.738,"Coverage of occupational injuries: Compensated injuries | Type of cases of occupational injuries: Cases of occupational injury","Data reference period: End of the year | Reference group coverage: Insured persons"
"Bulgaria","ADM-IR - Insurance Records","SDG indicator 8.8.1 - Non-fatal occupational injuries per 100'000 workers","Sex: Male","Migrant status: Total","2017",109.464,"Coverage of occupational injuries: Compensated injuries | Type of cases of occupational injuries: Cases of occupational injury","Data reference period: End of the year | Reference group coverage: Insured persons"
"Bulgaria","ADM-IR - Insurance Records","SDG indicator 8.8.1 - Non-fatal occupational injuries per 100'000 workers","Sex: Female","Migrant status: Total","2017",53.05,"Coverage of occupational injuries: Compensated injuries | Type of cases of occupational injuries: Cases of occupational injury","Data reference period: End of the year | Reference group coverage: Insured persons"
"Bulgaria","ADM-IR - Insurance Records","SDG indicator 8.8.1 - Non-fatal occupational injuries per 100'000 workers","Sex: Total","Migrant status: Total","2016",82.702,"Coverage of occupational injuries: Compensated injuries | Type of cases of occupational injuries: Cases of occupational injury","Data reference period: End of the year | Reference group coverage: Insured persons"
"Bulgaria","ADM-IR - Insurance Records","SDG indicator 8.8.1 - Non-fatal occupational injuries per 100'000 workers","Sex: Male","Migrant status: Total","2016",111.88,"Coverage of occupational injuries: Compensated injuries | Type of cases of occupational injuries: Cases of occupational injury","Data reference period: End of the year | Reference group coverage: Insured persons"
"Bulgaria","ADM-IR - Insurance Records","SDG indicator 8.8.1 - Non-fatal occupational injuries per 100'000 workers","Sex: Female","Migrant status: Total","2016",53.487,"Coverage of occupational injuries: Compensated injuries | Type of cases of occupational injuries: Cases of occupational injury","Data reference period: End of the year | Reference group coverage: Insured persons"
"Bulgaria","ADM-IR - Insurance Records","SDG indicator 8.8.1 - Non-fatal occupational injuries per 100'000 workers","Sex: Total","Migrant status: Total","2015",85.94,"Coverage of occupational injuries: Reported injuries | Type of cases of occupational injuries: Including cases of injury due to commuting accidents","Repository: ILO calculations based on Eurostat data | Reference group coverage: Insured persons"
"Bulgaria","ADM-IR - Insurance Records","SDG indicator 8.8.1 - Non-fatal occupational injuries per 100'000 workers","Sex: Male","Migrant status: Total","2015",121.25,"Coverage of occupational injuries: Reported injuries | Type of cases of occupational injuries: Including cases of injury due to commuting accidents","Repository: ILO calculations based on Eurostat data | Reference group coverage: Insured persons"
"Bulgaria","ADM-IR - Insurance Records","SDG indicator 8.8.1 - Non-fatal occupational injuries per 100'000 workers","Sex: Female","Migrant status: Total","2015",50.73,"Coverage of occupational injuries: Reported injuries | Type of cases of occupational injuries: Including cases of injury due to commuting accidents","Repository: ILO calculations based on Eurostat data | Reference group coverage: Insured persons"
"Bulgaria","ADM-IR - Insurance Records","SDG indicator 8.8.1 - Non-fatal occupational injuries per 100'000 workers","Sex: Total","Migrant status: Total","2014",84.95,"Coverage of occupational injuries: Reported injuries | Type of cases of occupational injuries: Including cases of injury due to commuting accidents","Repository: ILO calculations based on Eurostat data | Reference group coverage: Insured persons"
"Bulgaria","ADM-IR - Insurance Records","SDG indicator 8.8.1 - Non-fatal occupational injuries per 100'000 workers","Sex: Male","Migrant status: Total","2014",121.4,"Coverage of occupational injuries: Reported injuries | Type of cases of occupational injuries: Including cases of injury due to commuting accidents","Repository: ILO calculations based on Eurostat data | Reference group coverage: Insured persons"
"Bulgaria","ADM-IR - Insurance Records","SDG indicator 8.8.1 - Non-fatal occupational injuries per 100'000 workers","Sex: Female","Migrant status: Total","2014",48.8,"Coverage of occupational injuries: Reported injuries | Type of cases of occupational injuries: Including cases of injury due to commuting accidents","Repository: ILO calculations based on Eurostat data | Reference group coverage: Insured persons"
"Bulgaria","ADM-IR - Insurance Records","SDG indicator 8.8.1 - Non-fatal occupational injuries per 100'000 workers","Sex: Total","Migrant status: Total","2013",83.1,"Coverage of occupational injuries: Reported injuries | Type of cases of occupational injuries: Including cases of injury due to commuting accidents","Repository: ILO calculations based on Eurostat data | Reference group coverage: Insured persons"
"Bulgaria","ADM-IR - Insurance Records","SDG indicator 8.8.1 - Non-fatal occupational injuries per 100'000 workers","Sex: Male","Migrant status: Total","2013",118.98,"Coverage of occupational injuries: Reported injuries | Type of cases of occupational injuries: Including cases of injury due to commuting accidents","Repository: ILO calculations based on Eurostat data | Reference group coverage: Insured persons"
"Bulgaria","ADM-IR - Insurance Records","SDG indicator 8.8.1 - Non-fatal occupational injuries per 100'000 workers","Sex: Female","Migrant status: Total","2013",47.67,"Coverage of occupational injuries: Reported injuries | Type of cases of occupational injuries: Including cases of injury due to commuting accidents","Repository: ILO calculations based on Eurostat data | Reference group coverage: Insured persons"
"Bahrain","ADM-IR - Insurance Records","SDG indicator 8.8.1 - Non-fatal occupational injuries per 100'000 workers","Sex: Total","Migrant status: Total","2020",109.02,"Coverage of occupational injuries: Reported injuries | Type of cases of occupational injuries: Cases of occupational injury","Institutional sector coverage: Private sector only"
"Bahrain","ADM-IR - Insurance Records","SDG indicator 8.8.1 - Non-fatal occupational injuries per 100'000 workers","Sex: Total","Migrant status: Migrants","2020",58.12,"Coverage of occupational injuries: Reported injuries | Type of cases of occupational injuries: Cases of occupational injury","Institutional sector coverage: Private sector only"
"Bahrain","ADM-IR - Insurance Records","SDG indicator 8.8.1 - Non-fatal occupational injuries per 100'000 workers","Sex: Total","Migrant status: Non migrants","2020",228.19,"Coverage of occupational injuries: Reported injuries | Type of cases of occupational injuries: Cases of occupational injury","Institutional sector coverage: Private sector only"
"Bahrain","ADM-IR - Insurance Records","SDG indicator 8.8.1 - Non-fatal occupational injuries per 100'000 workers","Sex: Male","Migrant status: Total","2020",116.82,"Coverage of occupational injuries: Reported injuries | Type of cases of occupational injuries: Cases of occupational injury","Institutional sector coverage: Private sector only"
"Bahrain","ADM-IR - Insurance Records","SDG indicator 8.8.1 - Non-fatal occupational injuries per 100'000 workers","Sex: Male","Migrant status: Migrants","2020",84.57,"Coverage of occupational injuries: Reported injuries | Type of cases of occupational injuries: Cases of occupational injury","Institutional sector coverage: Private sector only"
"Bahrain","ADM-IR - Insurance Records","SDG indicator 8.8.1 - Non-fatal occupational injuries per 100'000 workers","Sex: Male","Migrant status: Non migrants","2020",320.53,"Coverage of occupational injuries: Reported injuries | Type of cases of occupational injuries: Cases of occupational injury","Institutional sector coverage: Private sector only"
"Bahrain","ADM-IR - Insurance Records","SDG indicator 8.8.1 - Non-fatal occupational injuries per 100'000 workers","Sex: Female","Migrant status: Total","2020",58.09,"Coverage of occupational injuries: Reported injuries | Type of cases of occupational injuries: Cases of occupational injury","Institutional sector coverage: Private sector only"
"Bahrain","ADM-IR - Insurance Records","SDG indicator 8.8.1 - Non-fatal occupational injuries per 100'000 workers","Sex: Female","Migrant status: Migrants","2020",57.85,"Coverage of occupational injuries: Reported injuries | Type of cases of occupational injuries: Cases of occupational injury","Institutional sector coverage: Private sector only"
"Bahrain","ADM-IR - Insurance Records","SDG indicator 8.8.1 - Non-fatal occupational injuries per 100'000 workers","Sex: Female","Migrant status: Non migrants","2020",58.35,"Coverage of occupational injuries: Reported injuries | Type of cases of occupational injuries: Cases of occupational injury","Institutional sector coverage: Private sector only"
"Belarus","ES - Labour-related Establishment Survey","SDG indicator 8.8.1 - Non-fatal occupational injuries per 100'000 workers","Sex: Total","Migrant status: Total","2023",50.964,"Coverage of occupational injuries: Reported injuries | Type of cases of occupational injuries: Cases of occupational injury","Data reference period: End of the year | Reference group coverage: Employees | Establishment size coverage: All establishments with at least 16 employees"
"Belarus","ES - Labour-related Establishment Survey","SDG indicator 8.8.1 - Non-fatal occupational injuries per 100'000 workers","Sex: Male","Migrant status: Total","2023",78.341,"Coverage of occupational injuries: Reported injuries | Type of cases of occupational injuries: Cases of occupational injury","Data reference period: End of the year | Reference group coverage: Employees | Establishment size coverage: All establishments with at least 16 employees"
"Belarus","ES - Labour-related Establishment Survey","SDG indicator 8.8.1 - Non-fatal occupational injuries per 100'000 workers","Sex: Female","Migrant status: Total","2023",27.424,"Coverage of occupational injuries: Reported injuries | Type of cases of occupational injuries: Cases of occupational injury","Data reference period: End of the year | Reference group coverage: Employees | Establishment size coverage: All establishments with at least 16 employees"
"Belarus","ES - Labour-related Establishment Survey","SDG indicator 8.8.1 - Non-fatal occupational injuries per 100'000 workers","Sex: Total","Migrant status: Total","2022",50.005,"Coverage of occupational injuries: Reported injuries | Type of cases of occupational injuries: Cases of occupational injury","Data reference period: End of the year | Reference group coverage: Employees | Establishment size coverage: All establishments with at least 16 employees"
"Belarus","ES - Labour-related Establishment Survey","SDG indicator 8.8.1 - Non-fatal occupational injuries per 100'000 workers","Sex: Male","Migrant status: Total","2022",76.726,"Coverage of occupational injuries: Reported injuries | Type of cases of occupational injuries: Cases of occupational injury","Data reference period: End of the year | Reference group coverage: Employees | Establishment size coverage: All establishments with at least 16 employees"
"Belarus","ES - Labour-related Establishment Survey","SDG indicator 8.8.1 - Non-fatal occupational injuries per 100'000 workers","Sex: Female","Migrant status: Total","2022",26.687,"Coverage of occupational injuries: Reported injuries | Type of cases of occupational injuries: Cases of occupational injury","Data reference period: End of the year | Reference group coverage: Employees | Establishment size coverage: All establishments with at least 16 employees"
"Belarus","ES - Labour-related Establishment Survey","SDG indicator 8.8.1 - Non-fatal occupational injuries per 100'000 workers","Sex: Total","Migrant status: Total","2021",51.575,"Coverage of occupational injuries: Reported injuries | Type of cases of occupational injuries: Cases of occupational injury","Data reference period: End of the year | Reference group coverage: Employees | Establishment size coverage: All establishments with at least 16 employees"
"Belarus","ES - Labour-related Establishment Survey","SDG indicator 8.8.1 - Non-fatal occupational injuries per 100'000 workers","Sex: Male","Migrant status: Total","2021",78.195,"Coverage of occupational injuries: Reported injuries | Type of cases of occupational injuries: Cases of occupational injury","Data reference period: End of the year | Reference group coverage: Employees | Establishment size coverage: All establishments with at least 16 employees"
"Belarus","ES - Labour-related Establishment Survey","SDG indicator 8.8.1 - Non-fatal occupational injuries per 100'000 workers","Sex: Female","Migrant status: Total","2021",27.765,"Coverage of occupational injuries: Reported injuries | Type of cases of occupational injuries: Cases of occupational injury","Data reference period: End of the year | Reference group coverage: Employees | Establishment size coverage: All establishments with at least 16 employees"
"Belarus","ES - Labour-related Establishment Survey","SDG indicator 8.8.1 - Non-fatal occupational injuries per 100'000 workers","Sex: Total","Migrant status: Total","2020",50.247,"Coverage of occupational injuries: Reported injuries | Type of cases of occupational injuries: Cases of occupational injury","Data reference period: End of the year | Reference group coverage: Employees | Establishment size coverage: All establishments with at least 16 employees"
"Belarus","ES - Labour-related Establishment Survey","SDG indicator 8.8.1 - Non-fatal occupational injuries per 100'000 workers","Sex: Male","Migrant status: Total","2020",77.729,"Coverage of occupational injuries: Reported injuries | Type of cases of occupational injuries: Cases of occupational injury","Data reference period: End of the year | Reference group coverage: Employees | Establishment size coverage: All establishments with at least 16 employees"
"Belarus","ES - Labour-related Establishment Survey","SDG indicator 8.8.1 - Non-fatal occupational injuries per 100'000 workers","Sex: Female","Migrant status: Total","2020",25.716,"Coverage of occupational injuries: Reported injuries | Type of cases of occupational injuries: Cases of occupational injury","Data reference period: End of the year | Reference group coverage: Employees | Establishment size coverage: All establishments with at least 16 employees"
"Belarus","ES - Labour-related Establishment Survey","SDG indicator 8.8.1 - Non-fatal occupational injuries per 100'000 workers","Sex: Total","Migrant status: Total","2019",51.275,"Coverage of occupational injuries: Reported injuries | Type of cases of occupational injuries: Cases of occupational injury","Data reference period: End of the year | Reference group coverage: Employees | Establishment size coverage: All establishments with at least 16 employees"
"Belarus","ES - Labour-related Establishment Survey","SDG indicator 8.8.1 - Non-fatal occupational injuries per 100'000 workers","Sex: Male","Migrant status: Total","2019",78.737,"Coverage of occupational injuries: Reported injuries | Type of cases of occupational injuries: Cases of occupational injury","Data reference period: End of the year | Reference group coverage: Employees | Establishment size coverage: All establishments with at least 16 employees"
"Belarus","ES - Labour-related Establishment Survey","SDG indicator 8.8.1 - Non-fatal occupational injuries per 100'000 workers","Sex: Female","Migrant status: Total","2019",26.639,"Coverage of occupational injuries: Reported injuries | Type of cases of occupational injuries: Cases of occupational injury","Data reference period: End of the year | Reference group coverage: Employees | Establishment size coverage: All establishments with at least 16 employees"
"Belarus","ES - Labour-related Establishment Survey","SDG indicator 8.8.1 - Non-fatal occupational injuries per 100'000 workers","Sex: Total","Migrant status: Total","2018",46.744,"Coverage of occupational injuries: Reported injuries | Type of cases of occupational injuries: Cases of occupational injury","Data reference period: End of the year | Reference group coverage: Employees | Establishment size coverage: All establishments with at least 16 employees"
"Belarus","ES - Labour-related Establishment Survey","SDG indicator 8.8.1 - Non-fatal occupational injuries per 100'000 workers","Sex: Male","Migrant status: Total","2018",74.066,"Coverage of occupational injuries: Reported injuries | Type of cases of occupational injuries: Cases of occupational injury","Data reference period: End of the year | Reference group coverage: Employees | Establishment size coverage: All establishments with at least 16 employees"
"Belarus","ES - Labour-related Establishment Survey","SDG indicator 8.8.1 - Non-fatal occupational injuries per 100'000 workers","Sex: Female","Migrant status: Total","2018",22.079,"Coverage of occupational injuries: Reported injuries | Type of cases of occupational injuries: Cases of occupational injury","Data reference period: End of the year | Reference group coverage: Employees | Establishment size coverage: All establishments with at least 16 employees"
"Belarus","ES - Labour-related Establishment Survey","SDG indicator 8.8.1 - Non-fatal occupational injuries per 100'000 workers","Sex: Total","Migrant status: Total","2017",38.84,"Coverage of occupational injuries: Reported injuries | Type of cases of occupational injuries: Cases of occupational injury","Employment definition: Excluding own-use production workers | Data reference period: End of the year | Reference group coverage: Employees | Establishment size coverage: All establishments with at least 16 employees | System of national accounts: 2008 SNA"
"Belarus","ES - Labour-related Establishment Survey","SDG indicator 8.8.1 - Non-fatal occupational injuries per 100'000 workers","Sex: Male","Migrant status: Total","2017",61.054,"Coverage of occupational injuries: Reported injuries | Type of cases of occupational injuries: Cases of occupational injury","Employment definition: Excluding own-use production workers | Data reference period: End of the year | Reference group coverage: Employees | Establishment size coverage: All establishments with at least 16 employees | System of national accounts: 2008 SNA"
"Belarus","ES - Labour-related Establishment Survey","SDG indicator 8.8.1 - Non-fatal occupational injuries per 100'000 workers","Sex: Female","Migrant status: Total","2017",19.095,"Coverage of occupational injuries: Reported injuries | Type of cases of occupational injuries: Cases of occupational injury","Employment definition: Excluding own-use production workers | Data reference period: End of the year | Reference group coverage: Employees | Establishment size coverage: All establishments with at least 16 employees | System of national accounts: 2008 SNA"
"Belarus","ES - Labour-related Establishment Survey","SDG indicator 8.8.1 - Non-fatal occupational injuries per 100'000 workers","Sex: Total","Migrant status: Total","2016",40.64,"Coverage of occupational injuries: Reported injuries | Type of cases of occupational injuries: Cases of occupational injury","Data reference period: End of the year | Reference group coverage: Employees | Establishment size coverage: All establishments with at least 16 employees"
"Belarus","ES - Labour-related Establishment Survey","SDG indicator 8.8.1 - Non-fatal occupational injuries per 100'000 workers","Sex: Male","Migrant status: Total","2016",62.221,"Coverage of occupational injuries: Reported injuries | Type of cases of occupational injuries: Cases of occupational injury","Data reference period: End of the year | Reference group coverage: Employees | Establishment size coverage: All establishments with at least 16 employees"
"Belarus","ES - Labour-related Establishment Survey","SDG indicator 8.8.1 - Non-fatal occupational injuries per 100'000 workers","Sex: Female","Migrant status: Total","2016",21.357,"Coverage of occupational injuries: Reported injuries | Type of cases of occupational injuries: Cases of occupational injury","Data reference period: End of the year | Reference group coverage: Employees | Establishment size coverage: All establishments with at least 16 employees"
"Belarus","ES - Labour-related Establishment Survey","SDG indicator 8.8.1 - Non-fatal occupational injuries per 100'000 workers","Sex: Total","Migrant status: Total","2015",40.9,"Coverage of occupational injuries: Reported injuries | Type of cases of occupational injuries: Cases of occupational injury | Type of rate: Incidence rate (per 100'000 employees) | Minimum period of absence from work: Incapacities lasting 1 day or more","Data reference period: End of the year | Reference group coverage: Employees | Establishment size coverage: All establishments with at least 16 employees"
"Belarus","ES - Labour-related Establishment Survey","SDG indicator 8.8.1 - Non-fatal occupational injuries per 100'000 workers","Sex: Male","Migrant status: Total","2015",62.3,"Coverage of occupational injuries: Reported injuries | Type of cases of occupational injuries: Cases of occupational injury | Type of rate: Incidence rate (per 100'000 employees) | Minimum period of absence from work: Incapacities lasting 1 day or more","Data reference period: End of the year | Reference group coverage: Employees | Establishment size coverage: All establishments with at least 16 employees"
"Belarus","ES - Labour-related Establishment Survey","SDG indicator 8.8.1 - Non-fatal occupational injuries per 100'000 workers","Sex: Female","Migrant status: Total","2015",21.8,"Coverage of occupational injuries: Reported injuries | Type of cases of occupational injuries: Cases of occupational injury | Type of rate: Incidence rate (per 100'000 employees) | Minimum period of absence from work: Incapacities lasting 1 day or more","Data reference period: End of the year | Reference group coverage: Employees | Establishment size coverage: All establishments with at least 16 employees"
"Belarus","ES - Labour-related Establishment Survey","SDG indicator 8.8.1 - Non-fatal occupational injuries per 100'000 workers","Sex: Total","Migrant status: Total","2014",47.7,"Coverage of occupational injuries: Reported injuries | Type of cases of occupational injuries: Cases of occupational injury | Type of rate: Incidence rate (per 100'000 employees) | Minimum period of absence from work: Incapacities lasting 1 day or more","Reference group coverage: Employees | Establishment size coverage: All establishments with at least 16 employees"
"Belarus","ES - Labour-related Establishment Survey","SDG indicator 8.8.1 - Non-fatal occupational injuries per 100'000 workers","Sex: Male","Migrant status: Total","2014",72.6,"Coverage of occupational injuries: Reported injuries | Type of cases of occupational injuries: Cases of occupational injury | Type of rate: Incidence rate (per 100'000 employees) | Minimum period of absence from work: Incapacities lasting 1 day or more","Reference group coverage: Employees | Establishment size coverage: All establishments with at least 16 employees"
"Belarus","ES - Labour-related Establishment Survey","SDG indicator 8.8.1 - Non-fatal occupational injuries per 100'000 workers","Sex: Female","Migrant status: Total","2014",25.3,"Coverage of occupational injuries: Reported injuries | Type of cases of occupational injuries: Cases of occupational injury | Type of rate: Incidence rate (per 100'000 employees) | Minimum period of absence from work: Incapacities lasting 1 day or more","Reference group coverage: Employees | Establishment size coverage: All establishments with at least 16 employees"
"Belarus","ES - Labour-related Establishment Survey","SDG indicator 8.8.1 - Non-fatal occupational injuries per 100'000 workers","Sex: Total","Migrant status: Total","2013",50.5,"Coverage of occupational injuries: Reported injuries | Type of cases of occupational injuries: Cases of occupational injury | Type of rate: Incidence rate (per 100'000 employees) | Minimum period of absence from work: Incapacities lasting 1 day or more","Reference group coverage: Employees | Establishment size coverage: All establishments with at least 16 employees"
"Belarus","ES - Labour-related Establishment Survey","SDG indicator 8.8.1 - Non-fatal occupational injuries per 100'000 workers","Sex: Male","Migrant status: Total","2013",79.6,"Coverage of occupational injuries: Reported injuries | Type of cases of occupational injuries: Cases of occupational injury | Type of rate: Incidence rate (per 100'000 employees) | Minimum period of absence from work: Incapacities lasting 1 day or more","Reference group coverage: Employees | Establishment size coverage: All establishments with at least 16 employees"
"Belarus","ES - Labour-related Establishment Survey","SDG indicator 8.8.1 - Non-fatal occupational injuries per 100'000 workers","Sex: Female","Migrant status: Total","2013",24.4,"Coverage of occupational injuries: Reported injuries | Type of cases of occupational injuries: Cases of occupational injury | Type of rate: Incidence rate (per 100'000 employees) | Minimum period of absence from work: Incapacities lasting 1 day or more","Reference group coverage: Employees | Establishment size coverage: All establishments with at least 16 employees"
"Belize","ADM-EBR - Social Security Board Records","SDG indicator 8.8.1 - Non-fatal occupational injuries per 100'000 workers","Sex: Total","Migrant status: Total","2022",909.523,"Coverage of occupational injuries: Reported injuries | Type of cases of occupational injuries: Including cases of occupational disease and cases of injury due to commuting accidents","Reference group coverage: Insured persons"
"Belize","ADM-EBR - Social Security Board Records","SDG indicator 8.8.1 - Non-fatal occupational injuries per 100'000 workers","Sex: Total","Migrant status: Migrants","2022",1338.854,"Coverage of occupational injuries: Reported injuries | Type of cases of occupational injuries: Including cases of occupational disease and cases of injury due to commuting accidents","Reference group coverage: Insured persons"
"Belize","ADM-EBR - Social Security Board Records","SDG indicator 8.8.1 - Non-fatal occupational injuries per 100'000 workers","Sex: Total","Migrant status: Non migrants","2022",848.036,"Coverage of occupational injuries: Reported injuries | Type of cases of occupational injuries: Including cases of occupational disease and cases of injury due to commuting accidents","Reference group coverage: Insured persons"
"Belize","ADM-EBR - Social Security Board Records","SDG indicator 8.8.1 - Non-fatal occupational injuries per 100'000 workers","Sex: Male","Migrant status: Total","2022",1325.461,"Coverage of occupational injuries: Reported injuries | Type of cases of occupational injuries: Including cases of occupational disease and cases of injury due to commuting accidents","Reference group coverage: Insured persons"
"Belize","ADM-EBR - Social Security Board Records","SDG indicator 8.8.1 - Non-fatal occupational injuries per 100'000 workers","Sex: Male","Migrant status: Migrants","2022",1770.289,"Coverage of occupational injuries: Reported injuries | Type of cases of occupational injuries: Including cases of occupational disease and cases of injury due to commuting accidents","Reference group coverage: Insured persons"
"Belize","ADM-EBR - Social Security Board Records","SDG indicator 8.8.1 - Non-fatal occupational injuries per 100'000 workers","Sex: Male","Migrant status: Non migrants","2022",1254.004,"Coverage of occupational injuries: Reported injuries | Type of cases of occupational injuries: Including cases of occupational disease and cases of injury due to commuting accidents","Reference group coverage: Insured persons"
"Belize","ADM-EBR - Social Security Board Records","SDG indicator 8.8.1 - Non-fatal occupational injuries per 100'000 workers","Sex: Female","Migrant status: Total","2022",321.402,"Coverage of occupational injuries: Reported injuries | Type of cases of occupational injuries: Including cases of occupational disease and cases of injury due to commuting accidents","Reference group coverage: Insured persons"
"Belize","ADM-EBR - Social Security Board Records","SDG indicator 8.8.1 - Non-fatal occupational injuries per 100'000 workers","Sex: Female","Migrant status: Migrants","2022",547.624,"Coverage of occupational injuries: Reported injuries | Type of cases of occupational injuries: Including cases of occupational disease and cases of injury due to commuting accidents","Reference group coverage: Insured persons"
"Belize","ADM-EBR - Social Security Board Records","SDG indicator 8.8.1 - Non-fatal occupational injuries per 100'000 workers","Sex: Female","Migrant status: Non migrants","2022",294.379,"Coverage of occupational injuries: Reported injuries | Type of cases of occupational injuries: Including cases of occupational disease and cases of injury due to commuting accidents","Reference group coverage: Insured persons"
"Belize","ADM-EBR - Social Security Board Records","SDG indicator 8.8.1 - Non-fatal occupational injuries per 100'000 workers","Sex: Total","Migrant status: Total","2021",977.94,"Coverage of occupational injuries: Reported injuries | Type of cases of occupational injuries: Including cases of occupational disease and cases of injury due to commuting accidents","Reference group coverage: Insured persons"
"Belize","ADM-EBR - Social Security Board Records","SDG indicator 8.8.1 - Non-fatal occupational injuries per 100'000 workers","Sex: Total","Migrant status: Migrants","2021",5638.183,"Coverage of occupational injuries: Reported injuries | Type of cases of occupational injuries: Including cases of occupational disease and cases of injury due to commuting accidents","Reference group coverage: Insured persons"
"Belize","ADM-EBR - Social Security Board Records","SDG indicator 8.8.1 - Non-fatal occupational injuries per 100'000 workers","Sex: Total","Migrant status: Non migrants","2021",231.672,"Coverage of occupational injuries: Reported injuries | Type of cases of occupational injuries: Including cases of occupational disease and cases of injury due to commuting accidents","Reference group coverage: Insured persons"
"Belize","ADM-EBR - Social Security Board Records","SDG indicator 8.8.1 - Non-fatal occupational injuries per 100'000 workers","Sex: Male","Migrant status: Total","2021",1415.358,"Coverage of occupational injuries: Reported injuries | Type of cases of occupational injuries: Including cases of occupational disease and cases of injury due to commuting accidents","Reference group coverage: Insured persons"
"Belize","ADM-EBR - Social Security Board Records","SDG indicator 8.8.1 - Non-fatal occupational injuries per 100'000 workers","Sex: Male","Migrant status: Migrants","2021",7331.976,"Coverage of occupational injuries: Reported injuries | Type of cases of occupational injuries: Including cases of occupational disease and cases of injury due to commuting accidents","Reference group coverage: Insured persons"
"Belize","ADM-EBR - Social Security Board Records","SDG indicator 8.8.1 - Non-fatal occupational injuries per 100'000 workers","Sex: Male","Migrant status: Non migrants","2021",351.545,"Coverage of occupational injuries: Reported injuries | Type of cases of occupational injuries: Including cases of occupational disease and cases of injury due to commuting accidents","Reference group coverage: Insured persons"
"Belize","ADM-EBR - Social Security Board Records","SDG indicator 8.8.1 - Non-fatal occupational injuries per 100'000 workers","Sex: Female","Migrant status: Total","2021",318.293,"Coverage of occupational injuries: Reported injuries | Type of cases of occupational injuries: Including cases of occupational disease and cases of injury due to commuting accidents","Reference group coverage: Insured persons"
"Belize","ADM-EBR - Social Security Board Records","SDG indicator 8.8.1 - Non-fatal occupational injuries per 100'000 workers","Sex: Female","Migrant status: Migrants","2021",2278.177,"Coverage of occupational injuries: Reported injuries | Type of cases of occupational injuries: Including cases of occupational disease and cases of injury due to commuting accidents","Reference group coverage: Insured persons"
"Belize","ADM-EBR - Social Security Board Records","SDG indicator 8.8.1 - Non-fatal occupational injuries per 100'000 workers","Sex: Female","Migrant status: Non migrants","2021",58.318,"Coverage of occupational injuries: Reported injuries | Type of cases of occupational injuries: Including cases of occupational disease and cases of injury due to commuting accidents","Reference group coverage: Insured persons"
"Belize","ADM-EBR - Social Security Board Records","SDG indicator 8.8.1 - Non-fatal occupational injuries per 100'000 workers","Sex: Total","Migrant status: Total","2020",929.591,"Coverage of occupational injuries: Reported injuries | Type of cases of occupational injuries: Including cases of occupational disease and cases of injury due to commuting accidents","Reference group coverage: Insured persons"
"Belize","ADM-EBR - Social Security Board Records","SDG indicator 8.8.1 - Non-fatal occupational injuries per 100'000 workers","Sex: Total","Migrant status: Migrants","2020",4803.709,"Coverage of occupational injuries: Reported injuries | Type of cases of occupational injuries: Including cases of occupational disease and cases of injury due to commuting accidents","Reference group coverage: Insured persons"
"Belize","ADM-EBR - Social Security Board Records","SDG indicator 8.8.1 - Non-fatal occupational injuries per 100'000 workers","Sex: Total","Migrant status: Non migrants","2020",224.909,"Coverage of occupational injuries: Reported injuries | Type of cases of occupational injuries: Including cases of occupational disease and cases of injury due to commuting accidents","Reference group coverage: Insured persons"
"Belize","ADM-EBR - Social Security Board Records","SDG indicator 8.8.1 - Non-fatal occupational injuries per 100'000 workers","Sex: Male","Migrant status: Total","2020",1348.12,"Coverage of occupational injuries: Reported injuries | Type of cases of occupational injuries: Including cases of occupational disease and cases of injury due to commuting accidents","Reference group coverage: Insured persons"
"Belize","ADM-EBR - Social Security Board Records","SDG indicator 8.8.1 - Non-fatal occupational injuries per 100'000 workers","Sex: Male","Migrant status: Migrants","2020",6256.363,"Coverage of occupational injuries: Reported injuries | Type of cases of occupational injuries: Including cases of occupational disease and cases of injury due to commuting accidents","Reference group coverage: Insured persons"
"Belize","ADM-EBR - Social Security Board Records","SDG indicator 8.8.1 - Non-fatal occupational injuries per 100'000 workers","Sex: Male","Migrant status: Non migrants","2020",343.03,"Coverage of occupational injuries: Reported injuries | Type of cases of occupational injuries: Including cases of occupational disease and cases of injury due to commuting accidents","Reference group coverage: Insured persons"
"Belize","ADM-EBR - Social Security Board Records","SDG indicator 8.8.1 - Non-fatal occupational injuries per 100'000 workers","Sex: Female","Migrant status: Total","2020",288.948,"Coverage of occupational injuries: Reported injuries | Type of cases of occupational injuries: Including cases of occupational disease and cases of injury due to commuting accidents","Reference group coverage: Insured persons"
"Belize","ADM-EBR - Social Security Board Records","SDG indicator 8.8.1 - Non-fatal occupational injuries per 100'000 workers","Sex: Female","Migrant status: Migrants","2020",1880.119,"Coverage of occupational injuries: Reported injuries | Type of cases of occupational injuries: Including cases of occupational disease and cases of injury due to commuting accidents","Reference group coverage: Insured persons"
"Belize","ADM-EBR - Social Security Board Records","SDG indicator 8.8.1 - Non-fatal occupational injuries per 100'000 workers","Sex: Female","Migrant status: Non migrants","2020",52.547,"Coverage of occupational injuries: Reported injuries | Type of cases of occupational injuries: Including cases of occupational disease and cases of injury due to commuting accidents","Reference group coverage: Insured persons"
"Belize","ADM-EBR - Social Security Board Records","SDG indicator 8.8.1 - Non-fatal occupational injuries per 100'000 workers","Sex: Total","Migrant status: Total","2019",1332.806,"Coverage of occupational injuries: Reported injuries | Type of cases of occupational injuries: Including cases of occupational disease and cases of injury due to commuting accidents","Reference group coverage: Insured persons"
"Belize","ADM-EBR - Social Security Board Records","SDG indicator 8.8.1 - Non-fatal occupational injuries per 100'000 workers","Sex: Total","Migrant status: Migrants","2019",6685.095,"Coverage of occupational injuries: Reported injuries | Type of cases of occupational injuries: Including cases of occupational disease and cases of injury due to commuting accidents","Reference group coverage: Insured persons"
"Belize","ADM-EBR - Social Security Board Records","SDG indicator 8.8.1 - Non-fatal occupational injuries per 100'000 workers","Sex: Total","Migrant status: Non migrants","2019",319.383,"Coverage of occupational injuries: Reported injuries | Type of cases of occupational injuries: Including cases of occupational disease and cases of injury due to commuting accidents","Reference group coverage: Insured persons"
"Belize","ADM-EBR - Social Security Board Records","SDG indicator 8.8.1 - Non-fatal occupational injuries per 100'000 workers","Sex: Male","Migrant status: Total","2019",1932.418,"Coverage of occupational injuries: Reported injuries | Type of cases of occupational injuries: Including cases of occupational disease and cases of injury due to commuting accidents","Reference group coverage: Insured persons"
"Belize","ADM-EBR - Social Security Board Records","SDG indicator 8.8.1 - Non-fatal occupational injuries per 100'000 workers","Sex: Male","Migrant status: Migrants","2019",8692.722,"Coverage of occupational injuries: Reported injuries | Type of cases of occupational injuries: Including cases of occupational disease and cases of injury due to commuting accidents","Reference group coverage: Insured persons"
"Belize","ADM-EBR - Social Security Board Records","SDG indicator 8.8.1 - Non-fatal occupational injuries per 100'000 workers","Sex: Male","Migrant status: Non migrants","2019",479.673,"Coverage of occupational injuries: Reported injuries | Type of cases of occupational injuries: Including cases of occupational disease and cases of injury due to commuting accidents","Reference group coverage: Insured persons"
"Belize","ADM-EBR - Social Security Board Records","SDG indicator 8.8.1 - Non-fatal occupational injuries per 100'000 workers","Sex: Female","Migrant status: Total","2019",422.828,"Coverage of occupational injuries: Reported injuries | Type of cases of occupational injuries: Including cases of occupational disease and cases of injury due to commuting accidents","Reference group coverage: Insured persons"
"Belize","ADM-EBR - Social Security Board Records","SDG indicator 8.8.1 - Non-fatal occupational injuries per 100'000 workers","Sex: Female","Migrant status: Migrants","2019",2613.597,"Coverage of occupational injuries: Reported injuries | Type of cases of occupational injuries: Including cases of occupational disease and cases of injury due to commuting accidents","Reference group coverage: Insured persons"
"Belize","ADM-EBR - Social Security Board Records","SDG indicator 8.8.1 - Non-fatal occupational injuries per 100'000 workers","Sex: Female","Migrant status: Non migrants","2019",88.606,"Coverage of occupational injuries: Reported injuries | Type of cases of occupational injuries: Including cases of occupational disease and cases of injury due to commuting accidents","Reference group coverage: Insured persons"
"Belize","ADM-EBR - Social Security Board Records","SDG indicator 8.8.1 - Non-fatal occupational injuries per 100'000 workers","Sex: Total","Migrant status: Total","2018",1602.626,"Coverage of occupational injuries: Reported injuries | Type of cases of occupational injuries: Including cases of occupational disease and cases of injury due to commuting accidents","Reference group coverage: Insured persons"
"Belize","ADM-EBR - Social Security Board Records","SDG indicator 8.8.1 - Non-fatal occupational injuries per 100'000 workers","Sex: Total","Migrant status: Migrants","2018",7698.311,"Coverage of occupational injuries: Reported injuries | Type of cases of occupational injuries: Including cases of occupational disease and cases of injury due to commuting accidents","Reference group coverage: Insured persons"
"Belize","ADM-EBR - Social Security Board Records","SDG indicator 8.8.1 - Non-fatal occupational injuries per 100'000 workers","Sex: Total","Migrant status: Non migrants","2018",402.712,"Coverage of occupational injuries: Reported injuries | Type of cases of occupational injuries: Including cases of occupational disease and cases of injury due to commuting accidents","Reference group coverage: Insured persons"
"Belize","ADM-EBR - Social Security Board Records","SDG indicator 8.8.1 - Non-fatal occupational injuries per 100'000 workers","Sex: Male","Migrant status: Total","2018",2325.546,"Coverage of occupational injuries: Reported injuries | Type of cases of occupational injuries: Including cases of occupational disease and cases of injury due to commuting accidents","Reference group coverage: Insured persons"
"Belize","ADM-EBR - Social Security Board Records","SDG indicator 8.8.1 - Non-fatal occupational injuries per 100'000 workers","Sex: Male","Migrant status: Migrants","2018",9916.27,"Coverage of occupational injuries: Reported injuries | Type of cases of occupational injuries: Including cases of occupational disease and cases of injury due to commuting accidents","Reference group coverage: Insured persons"
"Belize","ADM-EBR - Social Security Board Records","SDG indicator 8.8.1 - Non-fatal occupational injuries per 100'000 workers","Sex: Male","Migrant status: Non migrants","2018",615.732,"Coverage of occupational injuries: Reported injuries | Type of cases of occupational injuries: Including cases of occupational disease and cases of injury due to commuting accidents","Reference group coverage: Insured persons"
"Belize","ADM-EBR - Social Security Board Records","SDG indicator 8.8.1 - Non-fatal occupational injuries per 100'000 workers","Sex: Female","Migrant status: Total","2018",483.566,"Coverage of occupational injuries: Reported injuries | Type of cases of occupational injuries: Including cases of occupational disease and cases of injury due to commuting accidents","Reference group coverage: Insured persons"
"Belize","ADM-EBR - Social Security Board Records","SDG indicator 8.8.1 - Non-fatal occupational injuries per 100'000 workers","Sex: Female","Migrant status: Migrants","2018",3005.037,"Coverage of occupational injuries: Reported injuries | Type of cases of occupational injuries: Including cases of occupational disease and cases of injury due to commuting accidents","Reference group coverage: Insured persons"
"Belize","ADM-EBR - Social Security Board Records","SDG indicator 8.8.1 - Non-fatal occupational injuries per 100'000 workers","Sex: Female","Migrant status: Non migrants","2018",91.768,"Coverage of occupational injuries: Reported injuries | Type of cases of occupational injuries: Including cases of occupational disease and cases of injury due to commuting accidents","Reference group coverage: Insured persons"
"Belize","ADM-EBR - Social Security Board Records","SDG indicator 8.8.1 - Non-fatal occupational injuries per 100'000 workers","Sex: Total","Migrant status: Total","2017",1684.523,"Coverage of occupational injuries: Reported injuries | Type of cases of occupational injuries: Including cases of occupational disease and cases of injury due to commuting accidents","Reference group coverage: Insured persons"
"Belize","ADM-EBR - Social Security Board Records","SDG indicator 8.8.1 - Non-fatal occupational injuries per 100'000 workers","Sex: Total","Migrant status: Migrants","2017",7746.322,"Coverage of occupational injuries: Reported injuries | Type of cases of occupational injuries: Including cases of occupational disease and cases of injury due to commuting accidents","Reference group coverage: Insured persons"
"Belize","ADM-EBR - Social Security Board Records","SDG indicator 8.8.1 - Non-fatal occupational injuries per 100'000 workers","Sex: Total","Migrant status: Non migrants","2017",447.089,"Coverage of occupational injuries: Reported injuries | Type of cases of occupational injuries: Including cases of occupational disease and cases of injury due to commuting accidents","Reference group coverage: Insured persons"
"Belize","ADM-EBR - Social Security Board Records","SDG indicator 8.8.1 - Non-fatal occupational injuries per 100'000 workers","Sex: Male","Migrant status: Total","2017",2428.351,"Coverage of occupational injuries: Reported injuries | Type of cases of occupational injuries: Including cases of occupational disease and cases of injury due to commuting accidents","Reference group coverage: Insured persons"
"Belize","ADM-EBR - Social Security Board Records","SDG indicator 8.8.1 - Non-fatal occupational injuries per 100'000 workers","Sex: Male","Migrant status: Migrants","2017",9937.888,"Coverage of occupational injuries: Reported injuries | Type of cases of occupational injuries: Including cases of occupational disease and cases of injury due to commuting accidents","Reference group coverage: Insured persons"
"Belize","ADM-EBR - Social Security Board Records","SDG indicator 8.8.1 - Non-fatal occupational injuries per 100'000 workers","Sex: Male","Migrant status: Non migrants","2017",683.579,"Coverage of occupational injuries: Reported injuries | Type of cases of occupational injuries: Including cases of occupational disease and cases of injury due to commuting accidents","Reference group coverage: Insured persons"
"Belize","ADM-EBR - Social Security Board Records","SDG indicator 8.8.1 - Non-fatal occupational injuries per 100'000 workers","Sex: Female","Migrant status: Total","2017",505.544,"Coverage of occupational injuries: Reported injuries | Type of cases of occupational injuries: Including cases of occupational disease and cases of injury due to commuting accidents","Reference group coverage: Insured persons"
"Belize","ADM-EBR - Social Security Board Records","SDG indicator 8.8.1 - Non-fatal occupational injuries per 100'000 workers","Sex: Female","Migrant status: Migrants","2017",3048.353,"Coverage of occupational injuries: Reported injuries | Type of cases of occupational injuries: Including cases of occupational disease and cases of injury due to commuting accidents","Reference group coverage: Insured persons"
"Belize","ADM-EBR - Social Security Board Records","SDG indicator 8.8.1 - Non-fatal occupational injuries per 100'000 workers","Sex: Female","Migrant status: Non migrants","2017",93.649,"Coverage of occupational injuries: Reported injuries | Type of cases of occupational injuries: Including cases of occupational disease and cases of injury due to commuting accidents","Reference group coverage: Insured persons"
"Belize","ADM-EBR - Social Security Board Records","SDG indicator 8.8.1 - Non-fatal occupational injuries per 100'000 workers","Sex: Total","Migrant status: Total","2016",1770.01,"Coverage of occupational injuries: Compensated injuries | Type of cases of occupational injuries: Cases of occupational injury | Minimum period of absence from work: Incapacities lasting 1 day or more","Reference group coverage: Insured persons"
"Belize","ADM-EBR - Social Security Board Records","SDG indicator 8.8.1 - Non-fatal occupational injuries per 100'000 workers","Sex: Total","Migrant status: Migrants","2016",2616.1,"Coverage of occupational injuries: Compensated injuries | Type of cases of occupational injuries: Cases of occupational injury | Minimum period of absence from work: Incapacities lasting 1 day or more","Reference group coverage: Insured persons"
"Belize","ADM-EBR - Social Security Board Records","SDG indicator 8.8.1 - Non-fatal occupational injuries per 100'000 workers","Sex: Total","Migrant status: Non migrants","2016",1598.77,"Coverage of occupational injuries: Compensated injuries | Type of cases of occupational injuries: Cases of occupational injury | Minimum period of absence from work: Incapacities lasting 1 day or more","Reference group coverage: Insured persons"
"Belize","ADM-EBR - Social Security Board Records","SDG indicator 8.8.1 - Non-fatal occupational injuries per 100'000 workers","Sex: Male","Migrant status: Total","2016",2551.78,"Coverage of occupational injuries: Compensated injuries | Type of cases of occupational injuries: Cases of occupational injury | Minimum period of absence from work: Incapacities lasting 1 day or more","Reference group coverage: Insured persons"
"Belize","ADM-EBR - Social Security Board Records","SDG indicator 8.8.1 - Non-fatal occupational injuries per 100'000 workers","Sex: Male","Migrant status: Migrants","2016",3435.91,"Coverage of occupational injuries: Compensated injuries | Type of cases of occupational injuries: Cases of occupational injury | Minimum period of absence from work: Incapacities lasting 1 day or more","Reference group coverage: Insured persons"
"Belize","ADM-EBR - Social Security Board Records","SDG indicator 8.8.1 - Non-fatal occupational injuries per 100'000 workers","Sex: Male","Migrant status: Non migrants","2016",2348.38,"Coverage of occupational injuries: Compensated injuries | Type of cases of occupational injuries: Cases of occupational injury | Minimum period of absence from work: Incapacities lasting 1 day or more","Reference group coverage: Insured persons"
"Belize","ADM-EBR - Social Security Board Records","SDG indicator 8.8.1 - Non-fatal occupational injuries per 100'000 workers","Sex: Female","Migrant status: Total","2016",513.8,"Coverage of occupational injuries: Compensated injuries | Type of cases of occupational injuries: Cases of occupational injury | Minimum period of absence from work: Incapacities lasting 1 day or more","Reference group coverage: Insured persons"
"Belize","ADM-EBR - Social Security Board Records","SDG indicator 8.8.1 - Non-fatal occupational injuries per 100'000 workers","Sex: Female","Migrant status: Migrants","2016",833.94,"Coverage of occupational injuries: Compensated injuries | Type of cases of occupational injuries: Cases of occupational injury | Minimum period of absence from work: Incapacities lasting 1 day or more","Reference group coverage: Insured persons"
"Belize","ADM-EBR - Social Security Board Records","SDG indicator 8.8.1 - Non-fatal occupational injuries per 100'000 workers","Sex: Female","Migrant status: Non migrants","2016",462.44,"Coverage of occupational injuries: Compensated injuries | Type of cases of occupational injuries: Cases of occupational injury | Minimum period of absence from work: Incapacities lasting 1 day or more","Reference group coverage: Insured persons"
"Belize","ADM-EBR - Social Security Board Records","SDG indicator 8.8.1 - Non-fatal occupational injuries per 100'000 workers","Sex: Total","Migrant status: Total","2015",1882.25,"Coverage of occupational injuries: Compensated injuries | Type of cases of occupational injuries: Cases of occupational injury | Minimum period of absence from work: Incapacities lasting 1 day or more","Reference group coverage: Insured persons"
"Belize","ADM-EBR - Social Security Board Records","SDG indicator 8.8.1 - Non-fatal occupational injuries per 100'000 workers","Sex: Total","Migrant status: Migrants","2015",2772.86,"Coverage of occupational injuries: Compensated injuries | Type of cases of occupational injuries: Cases of occupational injury | Minimum period of absence from work: Incapacities lasting 1 day or more","Reference group coverage: Insured persons"
"Belize","ADM-EBR - Social Security Board Records","SDG indicator 8.8.1 - Non-fatal occupational injuries per 100'000 workers","Sex: Total","Migrant status: Non migrants","2015",1697.82,"Coverage of occupational injuries: Compensated injuries | Type of cases of occupational injuries: Cases of occupational injury | Minimum period of absence from work: Incapacities lasting 1 day or more","Reference group coverage: Insured persons"
"Belize","ADM-EBR - Social Security Board Records","SDG indicator 8.8.1 - Non-fatal occupational injuries per 100'000 workers","Sex: Male","Migrant status: Total","2015",2656.3,"Coverage of occupational injuries: Compensated injuries | Type of cases of occupational injuries: Cases of occupational injury | Minimum period of absence from work: Incapacities lasting 1 day or more","Reference group coverage: Insured persons"
"Belize","ADM-EBR - Social Security Board Records","SDG indicator 8.8.1 - Non-fatal occupational injuries per 100'000 workers","Sex: Male","Migrant status: Migrants","2015",3554.93,"Coverage of occupational injuries: Compensated injuries | Type of cases of occupational injuries: Cases of occupational injury | Minimum period of absence from work: Incapacities lasting 1 day or more","Reference group coverage: Insured persons"
"Belize","ADM-EBR - Social Security Board Records","SDG indicator 8.8.1 - Non-fatal occupational injuries per 100'000 workers","Sex: Male","Migrant status: Non migrants","2015",2444.43,"Coverage of occupational injuries: Compensated injuries | Type of cases of occupational injuries: Cases of occupational injury | Minimum period of absence from work: Incapacities lasting 1 day or more","Reference group coverage: Insured persons"
"Belize","ADM-EBR - Social Security Board Records","SDG indicator 8.8.1 - Non-fatal occupational injuries per 100'000 workers","Sex: Female","Migrant status: Total","2015",466.1,"Coverage of occupational injuries: Compensated injuries | Type of cases of occupational injuries: Cases of occupational injury | Minimum period of absence from work: Incapacities lasting 1 day or more","Reference group coverage: Insured persons"
"Belize","ADM-EBR - Social Security Board Records","SDG indicator 8.8.1 - Non-fatal occupational injuries per 100'000 workers","Sex: Female","Migrant status: Migrants","2015",1017.95,"Coverage of occupational injuries: Compensated injuries | Type of cases of occupational injuries: Cases of occupational injury | Minimum period of absence from work: Incapacities lasting 1 day or more","Reference group coverage: Insured persons"
"Belize","ADM-EBR - Social Security Board Records","SDG indicator 8.8.1 - Non-fatal occupational injuries per 100'000 workers","Sex: Female","Migrant status: Non migrants","2015",707.51,"Coverage of occupational injuries: Compensated injuries | Type of cases of occupational injuries: Cases of occupational injury | Minimum period of absence from work: Incapacities lasting 1 day or more","Reference group coverage: Insured persons"
"Brazil","ADM-IR - Insurance Records","SDG indicator 8.8.1 - Non-fatal occupational injuries per 100'000 workers","Sex: Total","Migrant status: Total","2017",1374,"Coverage of occupational injuries: Reported injuries | Type of cases of occupational injuries: Including cases of injury due to commuting accidents | Type of rate: Incidence rate (per 100'000 employees) | Minimum period of absence from work: Incapacities lasting 1 day or more","Reference group coverage: Employees"
"Brazil","ADM-IR - Insurance Records","SDG indicator 8.8.1 - Non-fatal occupational injuries per 100'000 workers","Sex: Total","Migrant status: Total","2016",1426,"Coverage of occupational injuries: Reported injuries | Type of cases of occupational injuries: Including cases of injury due to commuting accidents | Type of rate: Incidence rate (per 100'000 employees) | Minimum period of absence from work: Incapacities lasting 1 day or more","Reference group coverage: Employees"
"Barbados","ADM-LIR - Labour Department","SDG indicator 8.8.1 - Non-fatal occupational injuries per 100'000 workers","Sex: Total","Migrant status: Total","2016",388.26,,
"Canada","ADM-REO - National Work Injuries Statistics Program and Association of Workers' Compensation Boards","SDG indicator 8.8.1 - Non-fatal occupational injuries per 100'000 workers","Sex: Total","Migrant status: Total","2022",1463.5,"Coverage of occupational injuries: Compensated injuries | Type of cases of occupational injuries: Cases of occupational injury","Data reference period: End of the year | Reference group coverage: Insured persons"
"Canada","ADM-REO - National Work Injuries Statistics Program and Association of Workers' Compensation Boards","SDG indicator 8.8.1 - Non-fatal occupational injuries per 100'000 workers","Sex: Total","Migrant status: Total","2020",1407.82,"Coverage of occupational injuries: Compensated injuries | Type of cases of occupational injuries: Cases of occupational injury","Geographical coverage: Total national, excluding some areas"
"Canada","ADM-REO - National Work Injuries Statistics Program and Association of Workers' Compensation Boards","SDG indicator 8.8.1 - Non-fatal occupational injuries per 100'000 workers","Sex: Total","Migrant status: Total","2019",1431.64,"Coverage of occupational injuries: Compensated injuries | Type of cases of occupational injuries: Cases of occupational injury","Geographical coverage: Total national, excluding some areas"
"Canada","ADM-REO - National Work Injuries Statistics Program and Association of Workers' Compensation Boards","SDG indicator 8.8.1 - Non-fatal occupational injuries per 100'000 workers","Sex: Total","Migrant status: Total","2018",1271.27,"Coverage of occupational injuries: Compensated injuries | Type of cases of occupational injuries: Cases of occupational injury","Geographical coverage: Total national, excluding some areas"
"Canada","ADM-REO - National Work Injuries Statistics Program and Association of Workers' Compensation Boards","SDG indicator 8.8.1 - Non-fatal occupational injuries per 100'000 workers","Sex: Total","Migrant status: Total","2017",1206.47,"Coverage of occupational injuries: Compensated injuries | Type of cases of occupational injuries: Cases of occupational injury","Geographical coverage: Total national, excluding some areas"
"Canada","ADM-REO - National Work Injuries Statistics Program and Association of Workers' Compensation Boards","SDG indicator 8.8.1 - Non-fatal occupational injuries per 100'000 workers","Sex: Total","Migrant status: Total","2016",1131.7,"Coverage of occupational injuries: Compensated injuries | Type of cases of occupational injuries: Cases of occupational injury","Geographical coverage: Total national, excluding some areas"
"Canada","ADM-REO - National Work Injuries Statistics Program and Association of Workers' Compensation Boards","SDG indicator 8.8.1 - Non-fatal occupational injuries per 100'000 workers","Sex: Total","Migrant status: Total","2015",1148.47,"Coverage of occupational injuries: Compensated injuries | Type of cases of occupational injuries: Cases of occupational injury","Geographical coverage: Total national, excluding some areas"
"Canada","ADM-REO - National Work Injuries Statistics Program and Association of Workers' Compensation Boards","SDG indicator 8.8.1 - Non-fatal occupational injuries per 100'000 workers","Sex: Total","Migrant status: Total","2014",1188.95,"Coverage of occupational injuries: Compensated injuries | Type of cases of occupational injuries: Cases of occupational injury | Type of rate: Incidence rate (per 100'000 employees) | Minimum period of absence from work: No minimum period of absence","Data reference period: End of the year | Reference group coverage: Insured persons"
"Canada","ADM-REO - National Work Injuries Statistics Program and Association of Workers' Compensation Boards","SDG indicator 8.8.1 - Non-fatal occupational injuries per 100'000 workers","Sex: Male","Migrant status: Total","2014",1414.44,"Coverage of occupational injuries: Compensated injuries | Type of cases of occupational injuries: Cases of occupational injury | Type of rate: Incidence rate (per 100'000 employees) | Minimum period of absence from work: No minimum period of absence","Data reference period: End of the year | Reference group coverage: Insured persons"
"Canada","ADM-REO - National Work Injuries Statistics Program and Association of Workers' Compensation Boards","SDG indicator 8.8.1 - Non-fatal occupational injuries per 100'000 workers","Sex: Female","Migrant status: Total","2014",940.61,"Coverage of occupational injuries: Compensated injuries | Type of cases of occupational injuries: Cases of occupational injury | Type of rate: Incidence rate (per 100'000 employees) | Minimum period of absence from work: No minimum period of absence","Data reference period: End of the year | Reference group coverage: Insured persons"
"Canada","ADM-REO - National Work Injuries Statistics Program and Association of Workers' Compensation Boards","SDG indicator 8.8.1 - Non-fatal occupational injuries per 100'000 workers","Sex: Total","Migrant status: Total","2013",1205,"Coverage of occupational injuries: Compensated injuries | Type of cases of occupational injuries: Cases of occupational injury | Type of rate: Incidence rate (per 100'000 workers employed) | Minimum period of absence from work: Incapacities lasting 1 day or more","Data reference period: End of the year | Reference group coverage: Insured persons"
"Canada","ADM-REO - National Work Injuries Statistics Program and Association of Workers' Compensation Boards","SDG indicator 8.8.1 - Non-fatal occupational injuries per 100'000 workers","Sex: Male","Migrant status: Total","2013",1443,"Coverage of occupational injuries: Compensated injuries | Type of cases of occupational injuries: Cases of occupational injury | Type of rate: Incidence rate (per 100'000 workers employed) | Minimum period of absence from work: Incapacities lasting 1 day or more","Data reference period: End of the year | Reference group coverage: Insured persons"
"Canada","ADM-REO - National Work Injuries Statistics Program and Association of Workers' Compensation Boards","SDG indicator 8.8.1 - Non-fatal occupational injuries per 100'000 workers","Sex: Female","Migrant status: Total","2013",942,"Coverage of occupational injuries: Compensated injuries | Type of cases of occupational injuries: Cases of occupational injury | Type of rate: Incidence rate (per 100'000 workers employed) | Minimum period of absence from work: Incapacities lasting 1 day or more","Data reference period: End of the year | Reference group coverage: Insured persons"
"Switzerland","ADM - Register of the compulsory accident insurance","SDG indicator 8.8.1 - Non-fatal occupational injuries per 100'000 workers","Sex: Total","Migrant status: Total","2022",2293.02,"Coverage of occupational injuries: Reported injuries","Repository: ILO calculations based on Eurostat data | Reference group coverage: Employees"
"Switzerland","ADM - Register of the compulsory accident insurance","SDG indicator 8.8.1 - Non-fatal occupational injuries per 100'000 workers","Sex: Total","Migrant status: Total","2021",2288.31,"Coverage of occupational injuries: Reported injuries","Repository: ILO calculations based on Eurostat data | Reference group coverage: Employees"
"Switzerland","ADM - Register of the compulsory accident insurance","SDG indicator 8.8.1 - Non-fatal occupational injuries per 100'000 workers","Sex: Total","Migrant status: Total","2020",2108.12,"Coverage of occupational injuries: Reported injuries","Repository: ILO calculations based on Eurostat data | Reference group coverage: Employees"
"Switzerland","ADM - Register of the compulsory accident insurance","SDG indicator 8.8.1 - Non-fatal occupational injuries per 100'000 workers","Sex: Total","Migrant status: Total","2019",2294.75,"Coverage of occupational injuries: Reported injuries","Repository: ILO calculations based on Eurostat data | Reference group coverage: Employees"
"Switzerland","ADM - Register of the compulsory accident insurance","SDG indicator 8.8.1 - Non-fatal occupational injuries per 100'000 workers","Sex: Total","Migrant status: Total","2018",2267.3,"Coverage of occupational injuries: Reported injuries","Repository: ILO calculations based on Eurostat data | Reference group coverage: Employees"
"Switzerland","ADM - Register of the compulsory accident insurance","SDG indicator 8.8.1 - Non-fatal occupational injuries per 100'000 workers","Sex: Total","Migrant status: Total","2017",2200.53,"Coverage of occupational injuries: Reported injuries","Repository: ILO calculations based on Eurostat data | Reference group coverage: Employees"
"Switzerland","ADM - Register of the compulsory accident insurance","SDG indicator 8.8.1 - Non-fatal occupational injuries per 100'000 workers","Sex: Total","Migrant status: Total","2016",2178.75,"Coverage of occupational injuries: Reported injuries","Repository: ILO calculations based on Eurostat data | Reference group coverage: Employees"
"Switzerland","ADM - Register of the compulsory accident insurance","SDG indicator 8.8.1 - Non-fatal occupational injuries per 100'000 workers","Sex: Total","Migrant status: Total","2015",2129.82,"Coverage of occupational injuries: Reported injuries","Repository: ILO calculations based on Eurostat data | Reference group coverage: Employees"
"Switzerland","ADM - Register of the compulsory accident insurance","SDG indicator 8.8.1 - Non-fatal occupational injuries per 100'000 workers","Sex: Total","Migrant status: Total","2014",2188.92,"Coverage of occupational injuries: Reported injuries","Repository: ILO calculations based on Eurostat data | Reference group coverage: Employees"
"Switzerland","ADM - Register of the compulsory accident insurance","SDG indicator 8.8.1 - Non-fatal occupational injuries per 100'000 workers","Sex: Total","Migrant status: Total","2013",2217.41,"Coverage of occupational injuries: Reported injuries","Repository: ILO calculations based on Eurostat data | Reference group coverage: Employees"
"Chile","ADM - Social Security Board Records","SDG indicator 8.8.1 - Non-fatal occupational injuries per 100'000 workers","Sex: Total","Migrant status: Total","2018",3141.8,"Coverage of occupational injuries: Compensated injuries | Type of cases of occupational injuries: Cases of occupational injury","Data reference period: End of the year | Reference group coverage: Insured persons"
"Chile","ADM - Social Security Board Records","SDG indicator 8.8.1 - Non-fatal occupational injuries per 100'000 workers","Sex: Male","Migrant status: Total","2018",3473.837,"Coverage of occupational injuries: Compensated injuries | Type of cases of occupational injuries: Cases of occupational injury","Data reference period: End of the year | Reference group coverage: Insured persons"
"Chile","ADM - Social Security Board Records","SDG indicator 8.8.1 - Non-fatal occupational injuries per 100'000 workers","Sex: Female","Migrant status: Total","2018",2613.37,"Coverage of occupational injuries: Compensated injuries | Type of cases of occupational injuries: Cases of occupational injury","Data reference period: End of the year | Reference group coverage: Insured persons"
"Chile","ADM - Social Security Board Records","SDG indicator 8.8.1 - Non-fatal occupational injuries per 100'000 workers","Sex: Total","Migrant status: Total","2017",3367.71,"Coverage of occupational injuries: Compensated injuries | Type of cases of occupational injuries: Cases of occupational injury","Data reference period: End of the year | Reference group coverage: Insured persons"
"Chile","ADM - Social Security Board Records","SDG indicator 8.8.1 - Non-fatal occupational injuries per 100'000 workers","Sex: Male","Migrant status: Total","2017",3726.42,"Coverage of occupational injuries: Compensated injuries | Type of cases of occupational injuries: Cases of occupational injury","Data reference period: End of the year | Reference group coverage: Insured persons"
"Chile","ADM - Social Security Board Records","SDG indicator 8.8.1 - Non-fatal occupational injuries per 100'000 workers","Sex: Female","Migrant status: Total","2017",2794.91,"Coverage of occupational injuries: Compensated injuries | Type of cases of occupational injuries: Cases of occupational injury","Data reference period: End of the year | Reference group coverage: Insured persons"
"Chile","ADM - Social Security Board Records","SDG indicator 8.8.1 - Non-fatal occupational injuries per 100'000 workers","Sex: Total","Migrant status: Total","2013",4287.55,"Coverage of occupational injuries: Compensated injuries | Type of cases of occupational injuries: Cases of occupational injury | Minimum period of absence from work: Incapacities lasting 1 day or more","Data reference period: End of the year | Reference group coverage: Employees"
"Chile","ADM - Social Security Board Records","SDG indicator 8.8.1 - Non-fatal occupational injuries per 100'000 workers","Sex: Male","Migrant status: Total","2013",4659.96,"Coverage of occupational injuries: Compensated injuries | Type of cases of occupational injuries: Cases of occupational injury | Minimum period of absence from work: Incapacities lasting 1 day or more","Data reference period: End of the year | Reference group coverage: Employees"
"Chile","ADM - Social Security Board Records","SDG indicator 8.8.1 - Non-fatal occupational injuries per 100'000 workers","Sex: Female","Migrant status: Total","2013",3612.7,"Coverage of occupational injuries: Compensated injuries | Type of cases of occupational injuries: Cases of occupational injury | Minimum period of absence from work: Incapacities lasting 1 day or more","Data reference period: End of the year | Reference group coverage: Employees"
"Colombia","ADM - Labour Relations Records","SDG indicator 8.8.1 - Non-fatal occupational injuries per 100'000 workers","Sex: Total","Migrant status: Total","2023",4782.889,"Coverage of occupational injuries: Reported injuries | Type of cases of occupational injuries: Including cases of occupational disease and cases of injury due to commuting accidents","Reference group coverage: Employees"
"Colombia","ADM - Labour Relations Records","SDG indicator 8.8.1 - Non-fatal occupational injuries per 100'000 workers","Sex: Total","Migrant status: Total","2022",4720.774,"Coverage of occupational injuries: Reported injuries | Type of cases of occupational injuries: Including cases of occupational disease and cases of injury due to commuting accidents | Type of rate: Incidence rate (per 100'000 persons insured) | Minimum period of absence from work: No minimum period of absence","Reference group coverage: Employees"
"Colombia","ADM - Labour Relations Records","SDG indicator 8.8.1 - Non-fatal occupational injuries per 100'000 workers","Sex: Total","Migrant status: Total","2021",4395.203,"Coverage of occupational injuries: Reported injuries | Type of cases of occupational injuries: Including cases of occupational disease and cases of injury due to commuting accidents | Type of rate: Incidence rate (per 100'000 persons insured) | Minimum period of absence from work: No minimum period of absence","Reference group coverage: Employees"
"Colombia","ADM - Labour Relations Records","SDG indicator 8.8.1 - Non-fatal occupational injuries per 100'000 workers","Sex: Total","Migrant status: Total","2020",4389.582,"Coverage of occupational injuries: Reported injuries | Type of cases of occupational injuries: Including cases of occupational disease and cases of injury due to commuting accidents | Type of rate: Incidence rate (per 100'000 persons insured) | Minimum period of absence from work: No minimum period of absence","Reference group coverage: Employees"
"Colombia","ADM - Labour Relations Records","SDG indicator 8.8.1 - Non-fatal occupational injuries per 100'000 workers","Sex: Total","Migrant status: Total","2019",5955.33,"Coverage of occupational injuries: Reported injuries | Type of cases of occupational injuries: Including cases of occupational disease and cases of injury due to commuting accidents | Type of rate: Incidence rate (per 100'000 persons insured) | Minimum period of absence from work: No minimum period of absence","Reference group coverage: Employees"
"Colombia","ADM - Labour Relations Records","SDG indicator 8.8.1 - Non-fatal occupational injuries per 100'000 workers","Sex: Total","Migrant status: Total","2017",3.71,"Coverage of occupational injuries: Reported injuries | Type of cases of occupational injuries: Including cases of occupational disease and cases of injury due to commuting accidents | Minimum period of absence from work: No minimum period of absence","Reference group coverage: Employees"
"Colombia","ADM - Labour Relations Records","SDG indicator 8.8.1 - Non-fatal occupational injuries per 100'000 workers","Sex: Total","Migrant status: Total","2015",7495.587,"Coverage of occupational injuries: Reported injuries | Type of cases of occupational injuries: Including cases of occupational disease and cases of injury due to commuting accidents | Type of rate: Incidence rate (per 100'000 persons insured) | Minimum period of absence from work: No minimum period of absence","Reference group coverage: Employees"
"Colombia","ADM - Ministry of Health and Social Protection","SDG indicator 8.8.1 - Non-fatal occupational injuries per 100'000 workers","Sex: Total","Migrant status: Total","2014",3369,"Coverage of occupational injuries: Reported injuries | Type of cases of occupational injuries: Including cases of occupational disease and cases of injury due to commuting accidents | Type of rate: Incidence rate (per 100'000 persons insured) | Minimum period of absence from work: No minimum period of absence","Reference group coverage: Employees"
"Colombia","ADM - Labour Relations Records","SDG indicator 8.8.1 - Non-fatal occupational injuries per 100'000 workers","Sex: Total","Migrant status: Total","2013",6310,"Coverage of occupational injuries: Reported injuries | Type of cases of occupational injuries: Including cases of occupational disease and cases of injury due to commuting accidents","Reference group coverage: Employees"
"Costa Rica","ADM-IR - Records of Social Security Fund","SDG indicator 8.8.1 - Non-fatal occupational injuries per 100'000 workers","Sex: Total","Migrant status: Total","2016",9421.38,"Coverage of occupational injuries: Reported injuries | Type of cases of occupational injuries: Cases of occupational injury","Reference group coverage: Employees"
"Costa Rica","ADM-IR - Records of Social Security Fund","SDG indicator 8.8.1 - Non-fatal occupational injuries per 100'000 workers","Sex: Total","Migrant status: Total","2015",8916.3,"Coverage of occupational injuries: Compensated injuries | Type of cases of occupational injuries: Including fatal injuries | Minimum period of absence from work: Incapacities lasting 1 day or more | Time unit for measuring time lost: Calendar days","Reference group coverage: Insured persons"
"Costa Rica","ADM-IR - Records of Social Security Fund","SDG indicator 8.8.1 - Non-fatal occupational injuries per 100'000 workers","Sex: Total","Migrant status: Total","2014",8866.903,"Coverage of occupational injuries: Reported injuries | Type of cases of occupational injuries: Cases of occupational injury","Reference group coverage: Employees"
"Costa Rica","ADM-IR - Records of Social Security Fund","SDG indicator 8.8.1 - Non-fatal occupational injuries per 100'000 workers","Sex: Total","Migrant status: Total","2013",10299.262,"Coverage of occupational injuries: Reported injuries | Type of cases of occupational injuries: Cases of occupational injury","Reference group coverage: Employees"
"Cyprus","ADM-LIR - Department of Labour Inspection","SDG indicator 8.8.1 - Non-fatal occupational injuries per 100'000 workers","Sex: Total","Migrant status: Total","2022",327.86,"Coverage of occupational injuries: Reported injuries","Repository: ILO calculations based on Eurostat data | Reference group coverage: Employees"
"Cyprus","ADM-LIR - Department of Labour Inspection","SDG indicator 8.8.1 - Non-fatal occupational injuries per 100'000 workers","Sex: Total","Migrant status: Total","2021",371.62,"Coverage of occupational injuries: Reported injuries","Repository: ILO calculations based on Eurostat data | Reference group coverage: Employees"
"Cyprus","ADM-LIR - Department of Labour Inspection","SDG indicator 8.8.1 - Non-fatal occupational injuries per 100'000 workers","Sex: Total","Migrant status: Total","2020",190.75,"Coverage of occupational injuries: Reported injuries","Repository: ILO calculations based on Eurostat data | Reference group coverage: Employees"
"Cyprus","ADM-LIR - Department of Labour Inspection","SDG indicator 8.8.1 - Non-fatal occupational injuries per 100'000 workers","Sex: Total","Migrant status: Migrants","2020",45.84,"Coverage of occupational injuries: Reported injuries","Repository: ILO calculations based on Eurostat data | Reference group coverage: Employees"
"Cyprus","ADM-LIR - Department of Labour Inspection","SDG indicator 8.8.1 - Non-fatal occupational injuries per 100'000 workers","Sex: Total","Migrant status: Non migrants","2020",144.76,"Coverage of occupational injuries: Reported injuries","Repository: ILO calculations based on Eurostat data | Reference group coverage: Employees"
"Cyprus","ADM-LIR - Department of Labour Inspection","SDG indicator 8.8.1 - Non-fatal occupational injuries per 100'000 workers","Sex: Male","Migrant status: Total","2020",334.05,"Coverage of occupational injuries: Reported injuries","Repository: ILO calculations based on Eurostat data | Reference group coverage: Employees"
"Cyprus","ADM-LIR - Department of Labour Inspection","SDG indicator 8.8.1 - Non-fatal occupational injuries per 100'000 workers","Sex: Male","Migrant status: Migrants","2020",104.74,"Coverage of occupational injuries: Reported injuries","Repository: ILO calculations based on Eurostat data | Reference group coverage: Employees"
"Cyprus","ADM-LIR - Department of Labour Inspection","SDG indicator 8.8.1 - Non-fatal occupational injuries per 100'000 workers","Sex: Male","Migrant status: Non migrants","2020",223.24,"Coverage of occupational injuries: Reported injuries","Repository: ILO calculations based on Eurostat data | Reference group coverage: Employees"
"Cyprus","ADM-LIR - Department of Labour Inspection","SDG indicator 8.8.1 - Non-fatal occupational injuries per 100'000 workers","Sex: Total","Migrant status: Total","2019",594.58,"Coverage of occupational injuries: Reported injuries","Repository: ILO calculations based on Eurostat data | Reference group coverage: Employees"
"Cyprus","ADM-LIR - Department of Labour Inspection","SDG indicator 8.8.1 - Non-fatal occupational injuries per 100'000 workers","Sex: Total","Migrant status: Total","2018",612.85,"Coverage of occupational injuries: Reported injuries","Repository: ILO calculations based on Eurostat data | Reference group coverage: Employees"
"Cyprus","ADM-LIR - Department of Labour Inspection","SDG indicator 8.8.1 - Non-fatal occupational injuries per 100'000 workers","Sex: Total","Migrant status: Total","2017",553.94,"Coverage of occupational injuries: Reported injuries","Repository: ILO calculations based on Eurostat data | Reference group coverage: Employees"
"Cyprus","ADM-LIR - Department of Labour Inspection","SDG indicator 8.8.1 - Non-fatal occupational injuries per 100'000 workers","Sex: Total","Migrant status: Total","2016",531.24,"Coverage of occupational injuries: Reported injuries","Repository: ILO calculations based on Eurostat data | Reference group coverage: Employees"
"Cyprus","ADM-LIR - Department of Labour Inspection","SDG indicator 8.8.1 - Non-fatal occupational injuries per 100'000 workers","Sex: Total","Migrant status: Total","2015",514.53,"Coverage of occupational injuries: Reported injuries","Repository: ILO calculations based on Eurostat data | Reference group coverage: Employees"
"Cyprus","ADM-LIR - Department of Labour Inspection","SDG indicator 8.8.1 - Non-fatal occupational injuries per 100'000 workers","Sex: Total","Migrant status: Total","2014",560.07,"Coverage of occupational injuries: Reported injuries","Repository: ILO calculations based on Eurostat data | Reference group coverage: Employees"
"Cyprus","ADM-LIR - Department of Labour Inspection","SDG indicator 8.8.1 - Non-fatal occupational injuries per 100'000 workers","Sex: Total","Migrant status: Total","2013",418.81,"Coverage of occupational injuries: Reported injuries","Repository: ILO calculations based on Eurostat data | Reference group coverage: Employees"
"Czechia","ADM - Administrative data from Social Security Administration","SDG indicator 8.8.1 - Non-fatal occupational injuries per 100'000 workers","Sex: Total","Migrant status: Total","2022",758.49,"Coverage of occupational injuries: Reported injuries","Repository: ILO calculations based on Eurostat data | Reference group coverage: Insured persons"
"Czechia","ADM - Administrative data from Social Security Administration","SDG indicator 8.8.1 - Non-fatal occupational injuries per 100'000 workers","Sex: Total","Migrant status: Total","2021",778.96,"Coverage of occupational injuries: Reported injuries","Repository: ILO calculations based on Eurostat data | Reference group coverage: Insured persons"
"Czechia","ADM - Administrative data from Social Security Administration","SDG indicator 8.8.1 - Non-fatal occupational injuries per 100'000 workers","Sex: Total","Migrant status: Total","2020",744.63,"Coverage of occupational injuries: Reported injuries","Repository: ILO calculations based on Eurostat data | Reference group coverage: Insured persons"
"Czechia","ADM - Administrative data from Social Security Administration","SDG indicator 8.8.1 - Non-fatal occupational injuries per 100'000 workers","Sex: Total","Migrant status: Total","2019",893.69,"Coverage of occupational injuries: Reported injuries","Repository: ILO calculations based on Eurostat data | Reference group coverage: Insured persons"
"Czechia","ADM - Administrative data from Social Security Administration","SDG indicator 8.8.1 - Non-fatal occupational injuries per 100'000 workers","Sex: Total","Migrant status: Total","2018",932.01,"Coverage of occupational injuries: Reported injuries","Repository: ILO calculations based on Eurostat data | Reference group coverage: Insured persons"
"Czechia","ADM - Administrative data from Social Security Administration","SDG indicator 8.8.1 - Non-fatal occupational injuries per 100'000 workers","Sex: Total","Migrant status: Total","2017",862.15,"Coverage of occupational injuries: Reported injuries","Repository: ILO calculations based on Eurostat data | Reference group coverage: Insured persons"
"Czechia","ADM - Administrative data from Social Security Administration","SDG indicator 8.8.1 - Non-fatal occupational injuries per 100'000 workers","Sex: Total","Migrant status: Total","2016",885.75,"Coverage of occupational injuries: Reported injuries","Repository: ILO calculations based on Eurostat data | Reference group coverage: Insured persons"
"Czechia","ADM - Administrative data from Social Security Administration","SDG indicator 8.8.1 - Non-fatal occupational injuries per 100'000 workers","Sex: Total","Migrant status: Total","2015",945.84,"Coverage of occupational injuries: Reported injuries","Repository: ILO calculations based on Eurostat data | Reference group coverage: Insured persons"
"Czechia","ADM - Administrative data from Social Security Administration","SDG indicator 8.8.1 - Non-fatal occupational injuries per 100'000 workers","Sex: Male","Migrant status: Total","2015",1290.41,"Coverage of occupational injuries: Reported injuries","Repository: ILO calculations based on Eurostat data | Reference group coverage: Insured persons"
"Czechia","ADM - Administrative data from Social Security Administration","SDG indicator 8.8.1 - Non-fatal occupational injuries per 100'000 workers","Sex: Female","Migrant status: Total","2015",586.34,"Coverage of occupational injuries: Reported injuries","Repository: ILO calculations based on Eurostat data | Reference group coverage: Insured persons"
"Czechia","ADM - Administrative data from Social Security Administration","SDG indicator 8.8.1 - Non-fatal occupational injuries per 100'000 workers","Sex: Total","Migrant status: Total","2014",947.75,"Coverage of occupational injuries: Reported injuries","Repository: ILO calculations based on Eurostat data | Reference group coverage: Insured persons"
"Czechia","ADM - Administrative data from Social Security Administration","SDG indicator 8.8.1 - Non-fatal occupational injuries per 100'000 workers","Sex: Male","Migrant status: Total","2014",1311.02,"Coverage of occupational injuries: Reported injuries","Repository: ILO calculations based on Eurostat data | Reference group coverage: Insured persons"
"Czechia","ADM - Administrative data from Social Security Administration","SDG indicator 8.8.1 - Non-fatal occupational injuries per 100'000 workers","Sex: Female","Migrant status: Total","2014",570.93,"Coverage of occupational injuries: Reported injuries","Repository: ILO calculations based on Eurostat data | Reference group coverage: Insured persons"
"Czechia","ADM - Administrative data from Social Security Administration","SDG indicator 8.8.1 - Non-fatal occupational injuries per 100'000 workers","Sex: Total","Migrant status: Total","2013",918.58,"Coverage of occupational injuries: Reported injuries","Repository: ILO calculations based on Eurostat data | Reference group coverage: Insured persons"
"Czechia","ADM - Administrative data from Social Security Administration","SDG indicator 8.8.1 - Non-fatal occupational injuries per 100'000 workers","Sex: Male","Migrant status: Total","2013",1272.67,"Coverage of occupational injuries: Reported injuries","Repository: ILO calculations based on Eurostat data | Reference group coverage: Insured persons"
"Czechia","ADM - Administrative data from Social Security Administration","SDG indicator 8.8.1 - Non-fatal occupational injuries per 100'000 workers","Sex: Female","Migrant status: Total","2013",551.33,"Coverage of occupational injuries: Reported injuries","Repository: ILO calculations based on Eurostat data | Reference group coverage: Insured persons"
"Germany","ADM-IR - Insurance Records","SDG indicator 8.8.1 - Non-fatal occupational injuries per 100'000 workers","Sex: Total","Migrant status: Total","2022",1496,"Coverage of occupational injuries: Reported injuries | Type of cases of occupational injuries: Cases of occupational injury","Reference group coverage: Insured persons"
"Germany","ADM-IR - Insurance Records","SDG indicator 8.8.1 - Non-fatal occupational injuries per 100'000 workers","Sex: Male","Migrant status: Total","2022",2139,"Coverage of occupational injuries: Reported injuries | Type of cases of occupational injuries: Cases of occupational injury","Reference group coverage: Insured persons"
"Germany","ADM-IR - Insurance Records","SDG indicator 8.8.1 - Non-fatal occupational injuries per 100'000 workers","Sex: Female","Migrant status: Total","2022",818,"Coverage of occupational injuries: Reported injuries | Type of cases of occupational injuries: Cases of occupational injury","Reference group coverage: Insured persons"
"Germany","ADM-IR - Insurance Records","SDG indicator 8.8.1 - Non-fatal occupational injuries per 100'000 workers","Sex: Total","Migrant status: Total","2021",1869.04,"Coverage of occupational injuries: Reported injuries","Repository: ILO calculations based on Eurostat data | Institutional sector coverage: Private sector only | Reference group coverage: Insured persons"
"Germany","ADM-IR - Insurance Records","SDG indicator 8.8.1 - Non-fatal occupational injuries per 100'000 workers","Sex: Total","Migrant status: Migrants","2021",810.07,"Coverage of occupational injuries: Reported injuries","Repository: ILO calculations based on Eurostat data | Institutional sector coverage: Private sector only | Reference group coverage: Insured persons"
"Germany","ADM-IR - Insurance Records","SDG indicator 8.8.1 - Non-fatal occupational injuries per 100'000 workers","Sex: Total","Migrant status: Non migrants","2021",1994.98,"Coverage of occupational injuries: Reported injuries","Repository: ILO calculations based on Eurostat data | Institutional sector coverage: Private sector only | Reference group coverage: Insured persons"
"Germany","ADM-IR - Insurance Records","SDG indicator 8.8.1 - Non-fatal occupational injuries per 100'000 workers","Sex: Male","Migrant status: Total","2021",2614.61,"Coverage of occupational injuries: Reported injuries","Repository: ILO calculations based on Eurostat data | Institutional sector coverage: Private sector only | Reference group coverage: Insured persons"
"Germany","ADM-IR - Insurance Records","SDG indicator 8.8.1 - Non-fatal occupational injuries per 100'000 workers","Sex: Male","Migrant status: Migrants","2021",1148.82,"Coverage of occupational injuries: Reported injuries","Repository: ILO calculations based on Eurostat data | Institutional sector coverage: Private sector only | Reference group coverage: Insured persons"
"Germany","ADM-IR - Insurance Records","SDG indicator 8.8.1 - Non-fatal occupational injuries per 100'000 workers","Sex: Male","Migrant status: Non migrants","2021",2812.69,"Coverage of occupational injuries: Reported injuries","Repository: ILO calculations based on Eurostat data | Institutional sector coverage: Private sector only | Reference group coverage: Insured persons"
"Germany","ADM-IR - Insurance Records","SDG indicator 8.8.1 - Non-fatal occupational injuries per 100'000 workers","Sex: Female","Migrant status: Total","2021",1018.45,"Coverage of occupational injuries: Reported injuries","Repository: ILO calculations based on Eurostat data | Institutional sector coverage: Private sector only | Reference group coverage: Insured persons"
"Germany","ADM-IR - Insurance Records","SDG indicator 8.8.1 - Non-fatal occupational injuries per 100'000 workers","Sex: Female","Migrant status: Migrants","2021",295.91,"Coverage of occupational injuries: Reported injuries","Repository: ILO calculations based on Eurostat data | Institutional sector coverage: Private sector only | Reference group coverage: Insured persons"
"Germany","ADM-IR - Insurance Records","SDG indicator 8.8.1 - Non-fatal occupational injuries per 100'000 workers","Sex: Female","Migrant status: Non migrants","2021",1100.02,"Coverage of occupational injuries: Reported injuries","Repository: ILO calculations based on Eurostat data | Institutional sector coverage: Private sector only | Reference group coverage: Insured persons"
"Germany","ADM-IR - Insurance Records","SDG indicator 8.8.1 - Non-fatal occupational injuries per 100'000 workers","Sex: Total","Migrant status: Total","2020",1504.74,"Coverage of occupational injuries: Reported injuries","Repository: ILO calculations based on Eurostat data | Institutional sector coverage: Private sector only | Reference group coverage: Insured persons"
"Germany","ADM-IR - Insurance Records","SDG indicator 8.8.1 - Non-fatal occupational injuries per 100'000 workers","Sex: Total","Migrant status: Total","2019",1650.78,"Coverage of occupational injuries: Reported injuries","Repository: ILO calculations based on Eurostat data | Institutional sector coverage: Private sector only | Reference group coverage: Insured persons"
"Germany","ADM-IR - Insurance Records","SDG indicator 8.8.1 - Non-fatal occupational injuries per 100'000 workers","Sex: Total","Migrant status: Total","2018",1721.56,"Coverage of occupational injuries: Reported injuries","Repository: ILO calculations based on Eurostat data | Institutional sector coverage: Private sector only | Reference group coverage: Insured persons"
"Germany","ADM-IR - Insurance Records","SDG indicator 8.8.1 - Non-fatal occupational injuries per 100'000 workers","Sex: Total","Migrant status: Total","2017",1819.55,"Coverage of occupational injuries: Reported injuries","Repository: ILO calculations based on Eurostat data | Institutional sector coverage: Private sector only | Reference group coverage: Insured persons"
"Germany","ADM-IR - Insurance Records","SDG indicator 8.8.1 - Non-fatal occupational injuries per 100'000 workers","Sex: Total","Migrant status: Total","2016",1950.91,"Coverage of occupational injuries: Reported injuries","Repository: ILO calculations based on Eurostat data | Institutional sector coverage: Private sector only | Reference group coverage: Insured persons"
"Germany","ADM-IR - Insurance Records","SDG indicator 8.8.1 - Non-fatal occupational injuries per 100'000 workers","Sex: Total","Migrant status: Total","2015",1930.57,"Coverage of occupational injuries: Reported injuries","Repository: ILO calculations based on Eurostat data | Institutional sector coverage: Private sector only | Reference group coverage: Insured persons"
"Germany","ADM-IR - Insurance Records","SDG indicator 8.8.1 - Non-fatal occupational injuries per 100'000 workers","Sex: Total","Migrant status: Total","2014",2103.37,"Coverage of occupational injuries: Reported injuries","Repository: ILO calculations based on Eurostat data | Institutional sector coverage: Private sector only | Reference group coverage: Insured persons"
"Germany","ADM-IR - Insurance Records","SDG indicator 8.8.1 - Non-fatal occupational injuries per 100'000 workers","Sex: Total","Migrant status: Total","2013",1900.01,"Coverage of occupational injuries: Reported injuries","Repository: ILO calculations based on Eurostat data | Institutional sector coverage: Private sector only | Reference group coverage: Insured persons"
"Denmark","ADM - Register of reported Accidents at Work","SDG indicator 8.8.1 - Non-fatal occupational injuries per 100'000 workers","Sex: Total","Migrant status: Total","2022",3581.25,"Coverage of occupational injuries: Reported injuries","Repository: ILO calculations based on Eurostat data"
"Denmark","ADM - Register of reported Accidents at Work","SDG indicator 8.8.1 - Non-fatal occupational injuries per 100'000 workers","Sex: Total","Migrant status: Total","2021",2814.35,"Coverage of occupational injuries: Reported injuries","Repository: ILO calculations based on Eurostat data"
"Denmark","ADM - Register of reported Accidents at Work","SDG indicator 8.8.1 - Non-fatal occupational injuries per 100'000 workers","Sex: Total","Migrant status: Total","2020",2565.19,"Coverage of occupational injuries: Reported injuries","Repository: ILO calculations based on Eurostat data"
"Denmark","ADM - Register of reported Accidents at Work","SDG indicator 8.8.1 - Non-fatal occupational injuries per 100'000 workers","Sex: Total","Migrant status: Total","2019",1716.02,"Coverage of occupational injuries: Reported injuries","Repository: ILO calculations based on Eurostat data"
"Denmark","ADM - Register of reported Accidents at Work","SDG indicator 8.8.1 - Non-fatal occupational injuries per 100'000 workers","Sex: Total","Migrant status: Total","2018",1732.93,"Coverage of occupational injuries: Reported injuries","Repository: ILO calculations based on Eurostat data"
"Denmark","ADM - Register of reported Accidents at Work","SDG indicator 8.8.1 - Non-fatal occupational injuries per 100'000 workers","Sex: Total","Migrant status: Total","2017",1608.2,"Coverage of occupational injuries: Reported injuries","Repository: ILO calculations based on Eurostat data"
"Denmark","ADM - Register of reported Accidents at Work","SDG indicator 8.8.1 - Non-fatal occupational injuries per 100'000 workers","Sex: Total","Migrant status: Total","2016",1782.44,"Coverage of occupational injuries: Reported injuries","Repository: ILO calculations based on Eurostat data"
"Denmark","ADM - Register of reported Accidents at Work","SDG indicator 8.8.1 - Non-fatal occupational injuries per 100'000 workers","Sex: Total","Migrant status: Total","2015",1827.08,"Coverage of occupational injuries: Reported injuries","Repository: ILO calculations based on Eurostat data"
"Denmark","ADM - Register of reported Accidents at Work","SDG indicator 8.8.1 - Non-fatal occupational injuries per 100'000 workers","Sex: Total","Migrant status: Total","2014",1995.4,"Coverage of occupational injuries: Reported injuries","Repository: ILO calculations based on Eurostat data"
"Denmark","ADM - Register of reported Accidents at Work","SDG indicator 8.8.1 - Non-fatal occupational injuries per 100'000 workers","Sex: Total","Migrant status: Total","2013",2081.07,"Coverage of occupational injuries: Reported injuries","Repository: ILO calculations based on Eurostat data"
"Ecuador","ADM - Administrative records of the Ministry of Labour","SDG indicator 8.8.1 - Non-fatal occupational injuries per 100'000 workers","Sex: Total","Migrant status: Total","2023",9,"Coverage of occupational injuries: Reported injuries | Type of cases of occupational injuries: Cases of occupational injury","Institutional sector coverage: Private sector only | Economic activity coverage: Excluding public administration"
"Ecuador","ADM - Administrative records of the Ministry of Labour","SDG indicator 8.8.1 - Non-fatal occupational injuries per 100'000 workers","Sex: Total","Migrant status: Migrants","2023",2,"Coverage of occupational injuries: Reported injuries | Type of cases of occupational injuries: Cases of occupational injury","Institutional sector coverage: Private sector only | Economic activity coverage: Excluding public administration"
"Ecuador","ADM - Administrative records of the Ministry of Labour","SDG indicator 8.8.1 - Non-fatal occupational injuries per 100'000 workers","Sex: Total","Migrant status: Non migrants","2023",7,"Coverage of occupational injuries: Reported injuries | Type of cases of occupational injuries: Cases of occupational injury","Institutional sector coverage: Private sector only | Economic activity coverage: Excluding public administration"
"Ecuador","ADM - Administrative records of the Ministry of Labour","SDG indicator 8.8.1 - Non-fatal occupational injuries per 100'000 workers","Sex: Male","Migrant status: Total","2023",8,"Coverage of occupational injuries: Reported injuries | Type of cases of occupational injuries: Cases of occupational injury","Institutional sector coverage: Private sector only | Economic activity coverage: Excluding public administration"
"Ecuador","ADM - Administrative records of the Ministry of Labour","SDG indicator 8.8.1 - Non-fatal occupational injuries per 100'000 workers","Sex: Male","Migrant status: Migrants","2023",2,"Coverage of occupational injuries: Reported injuries | Type of cases of occupational injuries: Cases of occupational injury","Institutional sector coverage: Private sector only | Economic activity coverage: Excluding public administration"
"Ecuador","ADM - Administrative records of the Ministry of Labour","SDG indicator 8.8.1 - Non-fatal occupational injuries per 100'000 workers","Sex: Male","Migrant status: Non migrants","2023",6,"Coverage of occupational injuries: Reported injuries | Type of cases of occupational injuries: Cases of occupational injury","Institutional sector coverage: Private sector only | Economic activity coverage: Excluding public administration"
"Ecuador","ADM - Administrative records of the Ministry of Labour","SDG indicator 8.8.1 - Non-fatal occupational injuries per 100'000 workers","Sex: Female","Migrant status: Total","2023",1,"Coverage of occupational injuries: Reported injuries | Type of cases of occupational injuries: Cases of occupational injury","Institutional sector coverage: Private sector only | Economic activity coverage: Excluding public administration"
"Ecuador","ADM - Administrative records of the Ministry of Labour","SDG indicator 8.8.1 - Non-fatal occupational injuries per 100'000 workers","Sex: Female","Migrant status: Migrants","2023",0,"Coverage of occupational injuries: Reported injuries | Type of cases of occupational injuries: Cases of occupational injury","Institutional sector coverage: Private sector only | Economic activity coverage: Excluding public administration"
"Ecuador","ADM - Administrative records of the Ministry of Labour","SDG indicator 8.8.1 - Non-fatal occupational injuries per 100'000 workers","Sex: Female","Migrant status: Non migrants","2023",1,"Coverage of occupational injuries: Reported injuries | Type of cases of occupational injuries: Cases of occupational injury","Institutional sector coverage: Private sector only | Economic activity coverage: Excluding public administration"
"Egypt","ES - Establishment Survey","SDG indicator 8.8.1 - Non-fatal occupational injuries per 100'000 workers","Sex: Total","Migrant status: Total","2022",371,"Coverage of occupational injuries: Reported injuries | Type of cases of occupational injuries: Cases of occupational injury","Data reference period: July | Economic activity coverage: Excluding activities of households as employers and of extraterritorial organizations and bodies | Reference group coverage: Employees | Establishment size coverage: All establishments with at least 10 employees"
"Egypt","ES - Establishment Survey","SDG indicator 8.8.1 - Non-fatal occupational injuries per 100'000 workers","Sex: Total","Migrant status: Total","2021",343,"Coverage of occupational injuries: Reported injuries | Type of cases of occupational injuries: Cases of occupational injury","Data reference period: July | Economic activity coverage: Excluding activities of households as employers and of extraterritorial organizations and bodies | Reference group coverage: Employees | Establishment size coverage: All establishments with at least 10 employees"
"Egypt","ES - Establishment Survey","SDG indicator 8.8.1 - Non-fatal occupational injuries per 100'000 workers","Sex: Total","Migrant status: Total","2020",399.1,"Coverage of occupational injuries: Reported injuries | Type of cases of occupational injuries: Cases of occupational injury","Data reference period: July | Economic activity coverage: Excluding activities of households as employers and of extraterritorial organizations and bodies | Reference group coverage: Employees | Establishment size coverage: All establishments with at least 10 employees"
"Egypt","ES - Establishment Survey","SDG indicator 8.8.1 - Non-fatal occupational injuries per 100'000 workers","Sex: Total","Migrant status: Total","2019",387,"Coverage of occupational injuries: Reported injuries | Type of cases of occupational injuries: Cases of occupational injury","Data reference period: July | Economic activity coverage: Excluding activities of households as employers and of extraterritorial organizations and bodies | Reference group coverage: Employees | Establishment size coverage: All establishments with at least 10 employees"
"Egypt","ADM-LIR - Labour Inspectorate Records","SDG indicator 8.8.1 - Non-fatal occupational injuries per 100'000 workers","Sex: Total","Migrant status: Total","2016",669.5,"Coverage of occupational injuries: Reported injuries","Establishment size coverage: All establishments with at least 50 employees"
"Egypt","ES - Establishment Survey","SDG indicator 8.8.1 - Non-fatal occupational injuries per 100'000 workers","Sex: Total","Migrant status: Total","2015",862.57,"Coverage of occupational injuries: Reported injuries | Type of cases of occupational injuries: Cases of occupational injury","Data reference period: July | Economic activity coverage: Excluding public administration | Reference group coverage: Employees | Establishment size coverage: All establishments with at least 10 employees"
"Egypt","ES - Establishment Survey","SDG indicator 8.8.1 - Non-fatal occupational injuries per 100'000 workers","Sex: Total","Migrant status: Total","2014",889.45,"Coverage of occupational injuries: Reported injuries | Type of cases of occupational injuries: Cases of occupational injury | Minimum period of absence from work: Incapacities lasting 1 day or more","Data reference period: July | Economic activity coverage: Excluding activities of households as employers and of extraterritorial organizations and bodies | Reference group coverage: Employees | Establishment size coverage: All establishments with at least 10 employees"
"Egypt","ES - Establishment Survey","SDG indicator 8.8.1 - Non-fatal occupational injuries per 100'000 workers","Sex: Male","Migrant status: Total","2014",1036.42,"Coverage of occupational injuries: Reported injuries | Type of cases of occupational injuries: Cases of occupational injury | Minimum period of absence from work: Incapacities lasting 1 day or more","Data reference period: July | Economic activity coverage: Excluding activities of households as employers and of extraterritorial organizations and bodies | Reference group coverage: Employees | Establishment size coverage: All establishments with at least 10 employees"
"Egypt","ES - Establishment Survey","SDG indicator 8.8.1 - Non-fatal occupational injuries per 100'000 workers","Sex: Female","Migrant status: Total","2014",403.59,"Coverage of occupational injuries: Reported injuries | Type of cases of occupational injuries: Cases of occupational injury | Minimum period of absence from work: Incapacities lasting 1 day or more","Data reference period: July | Economic activity coverage: Excluding activities of households as employers and of extraterritorial organizations and bodies | Reference group coverage: Employees | Establishment size coverage: All establishments with at least 10 employees"
"Spain","ADM-IR - Insurance Records","SDG indicator 8.8.1 - Non-fatal occupational injuries per 100'000 workers","Sex: Total","Migrant status: Total","2022",2555.491,"Coverage of occupational injuries: Reported injuries | Type of cases of occupational injuries: Cases of occupational injury",
"Spain","ADM-IR - Insurance Records","SDG indicator 8.8.1 - Non-fatal occupational injuries per 100'000 workers","Sex: Total","Migrant status: Migrants","2022",2813.013,"Coverage of occupational injuries: Reported injuries | Type of cases of occupational injuries: Cases of occupational injury",
"Spain","ADM-IR - Insurance Records","SDG indicator 8.8.1 - Non-fatal occupational injuries per 100'000 workers","Sex: Total","Migrant status: Non migrants","2022",2520.273,"Coverage of occupational injuries: Reported injuries | Type of cases of occupational injuries: Cases of occupational injury",
"Spain","ADM-IR - Insurance Records","SDG indicator 8.8.1 - Non-fatal occupational injuries per 100'000 workers","Sex: Male","Migrant status: Total","2022",3247.007,"Coverage of occupational injuries: Reported injuries | Type of cases of occupational injuries: Cases of occupational injury",
"Spain","ADM-IR - Insurance Records","SDG indicator 8.8.1 - Non-fatal occupational injuries per 100'000 workers","Sex: Male","Migrant status: Migrants","2022",3715.325,"Coverage of occupational injuries: Reported injuries | Type of cases of occupational injuries: Cases of occupational injury",
"Spain","ADM-IR - Insurance Records","SDG indicator 8.8.1 - Non-fatal occupational injuries per 100'000 workers","Sex: Male","Migrant status: Non migrants","2022",3179.798,"Coverage of occupational injuries: Reported injuries | Type of cases of occupational injuries: Cases of occupational injury",
"Spain","ADM-IR - Insurance Records","SDG indicator 8.8.1 - Non-fatal occupational injuries per 100'000 workers","Sex: Female","Migrant status: Total","2022",1750.042,"Coverage of occupational injuries: Reported injuries | Type of cases of occupational injuries: Cases of occupational injury",
"Spain","ADM-IR - Insurance Records","SDG indicator 8.8.1 - Non-fatal occupational injuries per 100'000 workers","Sex: Female","Migrant status: Migrants","2022",1658.335,"Coverage of occupational injuries: Reported injuries | Type of cases of occupational injuries: Cases of occupational injury",
"Spain","ADM-IR - Insurance Records","SDG indicator 8.8.1 - Non-fatal occupational injuries per 100'000 workers","Sex: Female","Migrant status: Non migrants","2022",1761.867,"Coverage of occupational injuries: Reported injuries | Type of cases of occupational injuries: Cases of occupational injury",
"Spain","ADM-IR - Insurance Records","SDG indicator 8.8.1 - Non-fatal occupational injuries per 100'000 workers","Sex: Total","Migrant status: Total","2021",2347.24,"Coverage of occupational injuries: Reported injuries | Type of cases of occupational injuries: Cases of occupational injury",
"Spain","ADM-IR - Insurance Records","SDG indicator 8.8.1 - Non-fatal occupational injuries per 100'000 workers","Sex: Total","Migrant status: Migrants","2021",2654.655,"Coverage of occupational injuries: Reported injuries | Type of cases of occupational injuries: Cases of occupational injury",
"Spain","ADM-IR - Insurance Records","SDG indicator 8.8.1 - Non-fatal occupational injuries per 100'000 workers","Sex: Total","Migrant status: Non migrants","2021",2309.577,"Coverage of occupational injuries: Reported injuries | Type of cases of occupational injuries: Cases of occupational injury",
"Spain","ADM-IR - Insurance Records","SDG indicator 8.8.1 - Non-fatal occupational injuries per 100'000 workers","Sex: Male","Migrant status: Total","2021",3075.291,"Coverage of occupational injuries: Reported injuries | Type of cases of occupational injuries: Cases of occupational injury",
"Spain","ADM-IR - Insurance Records","SDG indicator 8.8.1 - Non-fatal occupational injuries per 100'000 workers","Sex: Male","Migrant status: Migrants","2021",3584.641,"Coverage of occupational injuries: Reported injuries | Type of cases of occupational injuries: Cases of occupational injury",
"Spain","ADM-IR - Insurance Records","SDG indicator 8.8.1 - Non-fatal occupational injuries per 100'000 workers","Sex: Male","Migrant status: Non migrants","2021",3008.973,"Coverage of occupational injuries: Reported injuries | Type of cases of occupational injuries: Cases of occupational injury",
"Spain","ADM-IR - Insurance Records","SDG indicator 8.8.1 - Non-fatal occupational injuries per 100'000 workers","Sex: Female","Migrant status: Total","2021",1499.265,"Coverage of occupational injuries: Reported injuries | Type of cases of occupational injuries: Cases of occupational injury",
"Spain","ADM-IR - Insurance Records","SDG indicator 8.8.1 - Non-fatal occupational injuries per 100'000 workers","Sex: Female","Migrant status: Migrants","2021",1432.066,"Coverage of occupational injuries: Reported injuries | Type of cases of occupational injuries: Cases of occupational injury",
"Spain","ADM-IR - Insurance Records","SDG indicator 8.8.1 - Non-fatal occupational injuries per 100'000 workers","Sex: Female","Migrant status: Non migrants","2021",1506.903,"Coverage of occupational injuries: Reported injuries | Type of cases of occupational injuries: Cases of occupational injury",
"Spain","ADM-IR - Insurance Records","SDG indicator 8.8.1 - Non-fatal occupational injuries per 100'000 workers","Sex: Total","Migrant status: Total","2020",2042.508,"Coverage of occupational injuries: Reported injuries | Type of cases of occupational injuries: Cases of occupational injury",
"Spain","ADM-IR - Insurance Records","SDG indicator 8.8.1 - Non-fatal occupational injuries per 100'000 workers","Sex: Total","Migrant status: Migrants","2020",2269.833,"Coverage of occupational injuries: Reported injuries | Type of cases of occupational injuries: Cases of occupational injury",
"Spain","ADM-IR - Insurance Records","SDG indicator 8.8.1 - Non-fatal occupational injuries per 100'000 workers","Sex: Total","Migrant status: Non migrants","2020",2015.734,"Coverage of occupational injuries: Reported injuries | Type of cases of occupational injuries: Cases of occupational injury",
"Spain","ADM-IR - Insurance Records","SDG indicator 8.8.1 - Non-fatal occupational injuries per 100'000 workers","Sex: Male","Migrant status: Total","2020",2714.683,"Coverage of occupational injuries: Reported injuries | Type of cases of occupational injuries: Cases of occupational injury",
"Spain","ADM-IR - Insurance Records","SDG indicator 8.8.1 - Non-fatal occupational injuries per 100'000 workers","Sex: Male","Migrant status: Migrants","2020",3137.867,"Coverage of occupational injuries: Reported injuries | Type of cases of occupational injuries: Cases of occupational injury",
"Spain","ADM-IR - Insurance Records","SDG indicator 8.8.1 - Non-fatal occupational injuries per 100'000 workers","Sex: Male","Migrant status: Non migrants","2020",2661.94,"Coverage of occupational injuries: Reported injuries | Type of cases of occupational injuries: Cases of occupational injury",
"Spain","ADM-IR - Insurance Records","SDG indicator 8.8.1 - Non-fatal occupational injuries per 100'000 workers","Sex: Female","Migrant status: Total","2020",1257.688,"Coverage of occupational injuries: Reported injuries | Type of cases of occupational injuries: Cases of occupational injury",
"Spain","ADM-IR - Insurance Records","SDG indicator 8.8.1 - Non-fatal occupational injuries per 100'000 workers","Sex: Female","Migrant status: Migrants","2020",1135.418,"Coverage of occupational injuries: Reported injuries | Type of cases of occupational injuries: Cases of occupational injury",
"Spain","ADM-IR - Insurance Records","SDG indicator 8.8.1 - Non-fatal occupational injuries per 100'000 workers","Sex: Female","Migrant status: Non migrants","2020",1271.136,"Coverage of occupational injuries: Reported injuries | Type of cases of occupational injuries: Cases of occupational injury",
"Spain","ADM-IR - Insurance Records","SDG indicator 8.8.1 - Non-fatal occupational injuries per 100'000 workers","Sex: Total","Migrant status: Total","2019",2513.203,"Coverage of occupational injuries: Reported injuries | Type of cases of occupational injuries: Cases of occupational injury",
"Spain","ADM-IR - Insurance Records","SDG indicator 8.8.1 - Non-fatal occupational injuries per 100'000 workers","Sex: Total","Migrant status: Migrants","2019",2851.346,"Coverage of occupational injuries: Reported injuries | Type of cases of occupational injuries: Cases of occupational injury",
"Spain","ADM-IR - Insurance Records","SDG indicator 8.8.1 - Non-fatal occupational injuries per 100'000 workers","Sex: Total","Migrant status: Non migrants","2019",2473.352,"Coverage of occupational injuries: Reported injuries | Type of cases of occupational injuries: Cases of occupational injury",
"Spain","ADM-IR - Insurance Records","SDG indicator 8.8.1 - Non-fatal occupational injuries per 100'000 workers","Sex: Male","Migrant status: Total","2019",3334.151,"Coverage of occupational injuries: Reported injuries | Type of cases of occupational injuries: Cases of occupational injury",
"Spain","ADM-IR - Insurance Records","SDG indicator 8.8.1 - Non-fatal occupational injuries per 100'000 workers","Sex: Male","Migrant status: Migrants","2019",3861.935,"Coverage of occupational injuries: Reported injuries | Type of cases of occupational injuries: Cases of occupational injury",
"Spain","ADM-IR - Insurance Records","SDG indicator 8.8.1 - Non-fatal occupational injuries per 100'000 workers","Sex: Male","Migrant status: Non migrants","2019",3269.131,"Coverage of occupational injuries: Reported injuries | Type of cases of occupational injuries: Cases of occupational injury",
"Spain","ADM-IR - Insurance Records","SDG indicator 8.8.1 - Non-fatal occupational injuries per 100'000 workers","Sex: Female","Migrant status: Total","2019",1552.514,"Coverage of occupational injuries: Reported injuries | Type of cases of occupational injuries: Cases of occupational injury",
"Spain","ADM-IR - Insurance Records","SDG indicator 8.8.1 - Non-fatal occupational injuries per 100'000 workers","Sex: Female","Migrant status: Migrants","2019",1560.05,"Coverage of occupational injuries: Reported injuries | Type of cases of occupational injuries: Cases of occupational injury",
"Spain","ADM-IR - Insurance Records","SDG indicator 8.8.1 - Non-fatal occupational injuries per 100'000 workers","Sex: Female","Migrant status: Non migrants","2019",1551.673,"Coverage of occupational injuries: Reported injuries | Type of cases of occupational injuries: Cases of occupational injury",
"Spain","ADM-IR - Insurance Records","SDG indicator 8.8.1 - Non-fatal occupational injuries per 100'000 workers","Sex: Total","Migrant status: Total","2018",2823.921,"Coverage of occupational injuries: Reported injuries | Type of cases of occupational injuries: Cases of occupational injury",
"Spain","ADM-IR - Insurance Records","SDG indicator 8.8.1 - Non-fatal occupational injuries per 100'000 workers","Sex: Total","Migrant status: Migrants","2018",3158.334,"Coverage of occupational injuries: Reported injuries | Type of cases of occupational injuries: Cases of occupational injury",
"Spain","ADM-IR - Insurance Records","SDG indicator 8.8.1 - Non-fatal occupational injuries per 100'000 workers","Sex: Total","Migrant status: Non migrants","2018",2786.841,"Coverage of occupational injuries: Reported injuries | Type of cases of occupational injuries: Cases of occupational injury",
"Spain","ADM-IR - Insurance Records","SDG indicator 8.8.1 - Non-fatal occupational injuries per 100'000 workers","Sex: Male","Migrant status: Total","2018",3782.893,"Coverage of occupational injuries: Reported injuries | Type of cases of occupational injuries: Cases of occupational injury",
"Spain","ADM-IR - Insurance Records","SDG indicator 8.8.1 - Non-fatal occupational injuries per 100'000 workers","Sex: Male","Migrant status: Migrants","2018",4333.88,"Coverage of occupational injuries: Reported injuries | Type of cases of occupational injuries: Cases of occupational injury",
"Spain","ADM-IR - Insurance Records","SDG indicator 8.8.1 - Non-fatal occupational injuries per 100'000 workers","Sex: Male","Migrant status: Non migrants","2018",3718.839,"Coverage of occupational injuries: Reported injuries | Type of cases of occupational injuries: Cases of occupational injury",
"Spain","ADM-IR - Insurance Records","SDG indicator 8.8.1 - Non-fatal occupational injuries per 100'000 workers","Sex: Female","Migrant status: Total","2018",1762.652,"Coverage of occupational injuries: Reported injuries | Type of cases of occupational injuries: Cases of occupational injury",
"Spain","ADM-IR - Insurance Records","SDG indicator 8.8.1 - Non-fatal occupational injuries per 100'000 workers","Sex: Female","Migrant status: Migrants","2018",1732.485,"Coverage of occupational injuries: Reported injuries | Type of cases of occupational injuries: Cases of occupational injury",
"Spain","ADM-IR - Insurance Records","SDG indicator 8.8.1 - Non-fatal occupational injuries per 100'000 workers","Sex: Female","Migrant status: Non migrants","2018",1765.82,"Coverage of occupational injuries: Reported injuries | Type of cases of occupational injuries: Cases of occupational injury",
"Spain","ADM-IR - Insurance Records","SDG indicator 8.8.1 - Non-fatal occupational injuries per 100'000 workers","Sex: Total","Migrant status: Total","2017",2842.412,"Coverage of occupational injuries: Reported injuries | Type of cases of occupational injuries: Cases of occupational injury",
"Spain","ADM-IR - Insurance Records","SDG indicator 8.8.1 - Non-fatal occupational injuries per 100'000 workers","Sex: Total","Migrant status: Migrants","2017",3092.033,"Coverage of occupational injuries: Reported injuries | Type of cases of occupational injuries: Cases of occupational injury",
"Spain","ADM-IR - Insurance Records","SDG indicator 8.8.1 - Non-fatal occupational injuries per 100'000 workers","Sex: Total","Migrant status: Non migrants","2017",2816.072,"Coverage of occupational injuries: Reported injuries | Type of cases of occupational injuries: Cases of occupational injury",
"Spain","ADM-IR - Insurance Records","SDG indicator 8.8.1 - Non-fatal occupational injuries per 100'000 workers","Sex: Male","Migrant status: Total","2017",3777.712,"Coverage of occupational injuries: Reported injuries | Type of cases of occupational injuries: Cases of occupational injury",
"Spain","ADM-IR - Insurance Records","SDG indicator 8.8.1 - Non-fatal occupational injuries per 100'000 workers","Sex: Male","Migrant status: Migrants","2017",4266.354,"Coverage of occupational injuries: Reported injuries | Type of cases of occupational injuries: Cases of occupational injury",
"Spain","ADM-IR - Insurance Records","SDG indicator 8.8.1 - Non-fatal occupational injuries per 100'000 workers","Sex: Male","Migrant status: Non migrants","2017",3724.052,"Coverage of occupational injuries: Reported injuries | Type of cases of occupational injuries: Cases of occupational injury",
"Spain","ADM-IR - Insurance Records","SDG indicator 8.8.1 - Non-fatal occupational injuries per 100'000 workers","Sex: Female","Migrant status: Total","2017",1807.162,"Coverage of occupational injuries: Reported injuries | Type of cases of occupational injuries: Cases of occupational injury",
"Spain","ADM-IR - Insurance Records","SDG indicator 8.8.1 - Non-fatal occupational injuries per 100'000 workers","Sex: Female","Migrant status: Migrants","2017",1687.476,"Coverage of occupational injuries: Reported injuries | Type of cases of occupational injuries: Cases of occupational injury",
"Spain","ADM-IR - Insurance Records","SDG indicator 8.8.1 - Non-fatal occupational injuries per 100'000 workers","Sex: Female","Migrant status: Non migrants","2017",1819.227,"Coverage of occupational injuries: Reported injuries | Type of cases of occupational injuries: Cases of occupational injury",
"Spain","ADM-IR - Insurance Records","SDG indicator 8.8.1 - Non-fatal occupational injuries per 100'000 workers","Sex: Total","Migrant status: Total","2016",2807.182,"Coverage of occupational injuries: Reported injuries | Type of cases of occupational injuries: Cases of occupational injury",
"Spain","ADM-IR - Insurance Records","SDG indicator 8.8.1 - Non-fatal occupational injuries per 100'000 workers","Sex: Total","Migrant status: Migrants","2016",2960.788,"Coverage of occupational injuries: Reported injuries | Type of cases of occupational injuries: Cases of occupational injury",
"Spain","ADM-IR - Insurance Records","SDG indicator 8.8.1 - Non-fatal occupational injuries per 100'000 workers","Sex: Total","Migrant status: Non migrants","2016",2791.473,"Coverage of occupational injuries: Reported injuries | Type of cases of occupational injuries: Cases of occupational injury",
"Spain","ADM-IR - Insurance Records","SDG indicator 8.8.1 - Non-fatal occupational injuries per 100'000 workers","Sex: Male","Migrant status: Total","2016",3690.73,"Coverage of occupational injuries: Reported injuries | Type of cases of occupational injuries: Cases of occupational injury",
"Spain","ADM-IR - Insurance Records","SDG indicator 8.8.1 - Non-fatal occupational injuries per 100'000 workers","Sex: Male","Migrant status: Migrants","2016",4100.435,"Coverage of occupational injuries: Reported injuries | Type of cases of occupational injuries: Cases of occupational injury",
"Spain","ADM-IR - Insurance Records","SDG indicator 8.8.1 - Non-fatal occupational injuries per 100'000 workers","Sex: Male","Migrant status: Non migrants","2016",3647.809,"Coverage of occupational injuries: Reported injuries | Type of cases of occupational injuries: Cases of occupational injury",
"Spain","ADM-IR - Insurance Records","SDG indicator 8.8.1 - Non-fatal occupational injuries per 100'000 workers","Sex: Female","Migrant status: Total","2016",1833.226,"Coverage of occupational injuries: Reported injuries | Type of cases of occupational injuries: Cases of occupational injury",
"Spain","ADM-IR - Insurance Records","SDG indicator 8.8.1 - Non-fatal occupational injuries per 100'000 workers","Sex: Female","Migrant status: Migrants","2016",1645.915,"Coverage of occupational injuries: Reported injuries | Type of cases of occupational injuries: Cases of occupational injury",
"Spain","ADM-IR - Insurance Records","SDG indicator 8.8.1 - Non-fatal occupational injuries per 100'000 workers","Sex: Female","Migrant status: Non migrants","2016",1851.887,"Coverage of occupational injuries: Reported injuries | Type of cases of occupational injuries: Cases of occupational injury",
"Spain","ADM-IR - Insurance Records","SDG indicator 8.8.1 - Non-fatal occupational injuries per 100'000 workers","Sex: Total","Migrant status: Total","2015",2937.7,"Coverage of occupational injuries: Reported injuries","Repository: ILO calculations based on Eurostat data | Reference group coverage: Insured persons"
"Spain","ADM-IR - Insurance Records","SDG indicator 8.8.1 - Non-fatal occupational injuries per 100'000 workers","Sex: Male","Migrant status: Total","2015",3860.22,"Coverage of occupational injuries: Reported injuries","Repository: ILO calculations based on Eurostat data | Reference group coverage: Insured persons"
"Spain","ADM-IR - Insurance Records","SDG indicator 8.8.1 - Non-fatal occupational injuries per 100'000 workers","Sex: Female","Migrant status: Total","2015",1927.01,"Coverage of occupational injuries: Reported injuries","Repository: ILO calculations based on Eurostat data | Reference group coverage: Insured persons"
"Spain","ADM-IR - Insurance Records","SDG indicator 8.8.1 - Non-fatal occupational injuries per 100'000 workers","Sex: Total","Migrant status: Total","2014",2838.85,"Coverage of occupational injuries: Reported injuries","Repository: ILO calculations based on Eurostat data | Reference group coverage: Insured persons"
"Spain","ADM-IR - Insurance Records","SDG indicator 8.8.1 - Non-fatal occupational injuries per 100'000 workers","Sex: Male","Migrant status: Total","2014",3710.8,"Coverage of occupational injuries: Reported injuries","Repository: ILO calculations based on Eurostat data | Reference group coverage: Insured persons"
"Spain","ADM-IR - Insurance Records","SDG indicator 8.8.1 - Non-fatal occupational injuries per 100'000 workers","Sex: Female","Migrant status: Total","2014",1889.29,"Coverage of occupational injuries: Reported injuries","Repository: ILO calculations based on Eurostat data | Reference group coverage: Insured persons"
"Spain","ADM-IR - Insurance Records","SDG indicator 8.8.1 - Non-fatal occupational injuries per 100'000 workers","Sex: Total","Migrant status: Total","2013",2755.35,"Coverage of occupational injuries: Reported injuries","Repository: ILO calculations based on Eurostat data | Reference group coverage: Insured persons"
"Spain","ADM-IR - Insurance Records","SDG indicator 8.8.1 - Non-fatal occupational injuries per 100'000 workers","Sex: Male","Migrant status: Total","2013",3617.66,"Coverage of occupational injuries: Reported injuries","Repository: ILO calculations based on Eurostat data | Reference group coverage: Insured persons"
"Spain","ADM-IR - Insurance Records","SDG indicator 8.8.1 - Non-fatal occupational injuries per 100'000 workers","Sex: Female","Migrant status: Total","2013",1815.37,"Coverage of occupational injuries: Reported injuries","Repository: ILO calculations based on Eurostat data | Reference group coverage: Insured persons"
"Estonia","ADM-LIR - Estonian Labour Inspectorate","SDG indicator 8.8.1 - Non-fatal occupational injuries per 100'000 workers","Sex: Total","Migrant status: Total","2023",472,"Coverage of occupational injuries: Reported injuries | Type of cases of occupational injuries: Cases of occupational injury",
"Estonia","ADM-LIR - Estonian Labour Inspectorate","SDG indicator 8.8.1 - Non-fatal occupational injuries per 100'000 workers","Sex: Male","Migrant status: Total","2023",604,"Coverage of occupational injuries: Reported injuries | Type of cases of occupational injuries: Cases of occupational injury",
"Estonia","ADM-LIR - Estonian Labour Inspectorate","SDG indicator 8.8.1 - Non-fatal occupational injuries per 100'000 workers","Sex: Female","Migrant status: Total","2023",339,"Coverage of occupational injuries: Reported injuries | Type of cases of occupational injuries: Cases of occupational injury",
"Estonia","ADM-LIR - Estonian Labour Inspectorate","SDG indicator 8.8.1 - Non-fatal occupational injuries per 100'000 workers","Sex: Total","Migrant status: Total","2022",545.8,"Coverage of occupational injuries: Reported injuries | Type of cases of occupational injuries: Cases of occupational injury",
"Estonia","ADM-LIR - Estonian Labour Inspectorate","SDG indicator 8.8.1 - Non-fatal occupational injuries per 100'000 workers","Sex: Male","Migrant status: Total","2022",710.3,"Coverage of occupational injuries: Reported injuries | Type of cases of occupational injuries: Cases of occupational injury",
"Estonia","ADM-LIR - Estonian Labour Inspectorate","SDG indicator 8.8.1 - Non-fatal occupational injuries per 100'000 workers","Sex: Female","Migrant status: Total","2022",378.3,"Coverage of occupational injuries: Reported injuries | Type of cases of occupational injuries: Cases of occupational injury",
"Estonia","ADM-LIR - Estonian Labour Inspectorate","SDG indicator 8.8.1 - Non-fatal occupational injuries per 100'000 workers","Sex: Total","Migrant status: Total","2021",593,,
"Estonia","ADM-LIR - Estonian Labour Inspectorate","SDG indicator 8.8.1 - Non-fatal occupational injuries per 100'000 workers","Sex: Male","Migrant status: Total","2021",786,,
"Estonia","ADM-LIR - Estonian Labour Inspectorate","SDG indicator 8.8.1 - Non-fatal occupational injuries per 100'000 workers","Sex: Female","Migrant status: Total","2021",396,,
"Estonia","ADM-IR - Insurance Records","SDG indicator 8.8.1 - Non-fatal occupational injuries per 100'000 workers","Sex: Total","Migrant status: Total","2020",918.997,"Coverage of occupational injuries: Compensated injuries | Type of rate: Incidence rate (per 100'000 persons insured)",
"Estonia","ADM-IR - Insurance Records","SDG indicator 8.8.1 - Non-fatal occupational injuries per 100'000 workers","Sex: Total","Migrant status: Migrants","2020",437.513,"Coverage of occupational injuries: Compensated injuries | Type of rate: Incidence rate (per 100'000 persons insured)",
"Estonia","ADM-IR - Insurance Records","SDG indicator 8.8.1 - Non-fatal occupational injuries per 100'000 workers","Sex: Total","Migrant status: Non migrants","2020",1000.32,"Coverage of occupational injuries: Compensated injuries | Type of rate: Incidence rate (per 100'000 persons insured)",
"Estonia","ADM-IR - Insurance Records","SDG indicator 8.8.1 - Non-fatal occupational injuries per 100'000 workers","Sex: Male","Migrant status: Total","2020",1372.761,"Coverage of occupational injuries: Compensated injuries | Type of rate: Incidence rate (per 100'000 persons insured)",
"Estonia","ADM-IR - Insurance Records","SDG indicator 8.8.1 - Non-fatal occupational injuries per 100'000 workers","Sex: Male","Migrant status: Migrants","2020",635.285,"Coverage of occupational injuries: Compensated injuries | Type of rate: Incidence rate (per 100'000 persons insured)",
"Estonia","ADM-IR - Insurance Records","SDG indicator 8.8.1 - Non-fatal occupational injuries per 100'000 workers","Sex: Male","Migrant status: Non migrants","2020",1519.388,"Coverage of occupational injuries: Compensated injuries | Type of rate: Incidence rate (per 100'000 persons insured)",
"Estonia","ADM-IR - Insurance Records","SDG indicator 8.8.1 - Non-fatal occupational injuries per 100'000 workers","Sex: Female","Migrant status: Total","2020",436.07,"Coverage of occupational injuries: Compensated injuries | Type of rate: Incidence rate (per 100'000 persons insured)",
"Estonia","ADM-IR - Insurance Records","SDG indicator 8.8.1 - Non-fatal occupational injuries per 100'000 workers","Sex: Female","Migrant status: Migrants","2020",150.465,"Coverage of occupational injuries: Compensated injuries | Type of rate: Incidence rate (per 100'000 persons insured)",
"Estonia","ADM-IR - Insurance Records","SDG indicator 8.8.1 - Non-fatal occupational injuries per 100'000 workers","Sex: Female","Migrant status: Non migrants","2020",475.785,"Coverage of occupational injuries: Compensated injuries | Type of rate: Incidence rate (per 100'000 persons insured)",
"Estonia","ADM-LIR - Estonian Labour Inspectorate","SDG indicator 8.8.1 - Non-fatal occupational injuries per 100'000 workers","Sex: Total","Migrant status: Total","2019",1032.85,"Coverage of occupational injuries: Reported injuries","Repository: ILO calculations based on Eurostat data | Reference group coverage: Insured persons"
"Estonia","ADM-LIR - Estonian Labour Inspectorate","SDG indicator 8.8.1 - Non-fatal occupational injuries per 100'000 workers","Sex: Total","Migrant status: Total","2018",937.12,"Coverage of occupational injuries: Reported injuries","Repository: ILO calculations based on Eurostat data | Reference group coverage: Insured persons"
"Estonia","ADM-LIR - Estonian Labour Inspectorate","SDG indicator 8.8.1 - Non-fatal occupational injuries per 100'000 workers","Sex: Total","Migrant status: Total","2017",953.39,"Coverage of occupational injuries: Reported injuries","Repository: ILO calculations based on Eurostat data | Reference group coverage: Insured persons"
"Estonia","ADM-LIR - Estonian Labour Inspectorate","SDG indicator 8.8.1 - Non-fatal occupational injuries per 100'000 workers","Sex: Total","Migrant status: Total","2016",784.21,"Coverage of occupational injuries: Reported injuries | Type of cases of occupational injuries: Cases of occupational injury",
"Estonia","ADM-LIR - Estonian Labour Inspectorate","SDG indicator 8.8.1 - Non-fatal occupational injuries per 100'000 workers","Sex: Male","Migrant status: Total","2016",998.48,"Coverage of occupational injuries: Reported injuries | Type of cases of occupational injuries: Cases of occupational injury",
"Estonia","ADM-LIR - Estonian Labour Inspectorate","SDG indicator 8.8.1 - Non-fatal occupational injuries per 100'000 workers","Sex: Female","Migrant status: Total","2016",560.1,"Coverage of occupational injuries: Reported injuries | Type of cases of occupational injuries: Cases of occupational injury",
"Estonia","ADM-LIR - Estonian Labour Inspectorate","SDG indicator 8.8.1 - Non-fatal occupational injuries per 100'000 workers","Sex: Total","Migrant status: Total","2015",1083.74,"Coverage of occupational injuries: Reported injuries","Repository: ILO calculations based on Eurostat data | Reference group coverage: Insured persons"
"Estonia","ADM-LIR - Estonian Labour Inspectorate","SDG indicator 8.8.1 - Non-fatal occupational injuries per 100'000 workers","Sex: Total","Migrant status: Total","2014",1006.42,"Coverage of occupational injuries: Reported injuries","Repository: ILO calculations based on Eurostat data | Reference group coverage: Insured persons"
"Estonia","ADM-LIR - Estonian Labour Inspectorate","SDG indicator 8.8.1 - Non-fatal occupational injuries per 100'000 workers","Sex: Total","Migrant status: Total","2013",993.76,"Coverage of occupational injuries: Reported injuries","Repository: ILO calculations based on Eurostat data | Reference group coverage: Insured persons"
"Finland","ADM - Federation of Accidents Insurance Institutions Records","SDG indicator 8.8.1 - Non-fatal occupational injuries per 100'000 workers","Sex: Total","Migrant status: Total","2022",1534.402,"Coverage of occupational injuries: Compensated injuries | Type of cases of occupational injuries: Cases of occupational injury","Economic activity coverage: Excluding agriculture, hunting, forestry and fishing | Reference group coverage: Employees"
"Finland","ADM - Federation of Accidents Insurance Institutions Records","SDG indicator 8.8.1 - Non-fatal occupational injuries per 100'000 workers","Sex: Total","Migrant status: Migrants","2022",933.333,"Coverage of occupational injuries: Compensated injuries | Type of cases of occupational injuries: Cases of occupational injury","Economic activity coverage: Excluding agriculture, hunting, forestry and fishing | Reference group coverage: Employees"
"Finland","ADM - Federation of Accidents Insurance Institutions Records","SDG indicator 8.8.1 - Non-fatal occupational injuries per 100'000 workers","Sex: Total","Migrant status: Non migrants","2022",1572.971,"Coverage of occupational injuries: Compensated injuries | Type of cases of occupational injuries: Cases of occupational injury","Economic activity coverage: Excluding agriculture, hunting, forestry and fishing | Reference group coverage: Employees"
"Finland","ADM - Federation of Accidents Insurance Institutions Records","SDG indicator 8.8.1 - Non-fatal occupational injuries per 100'000 workers","Sex: Male","Migrant status: Total","2022",1962.825,"Coverage of occupational injuries: Compensated injuries | Type of cases of occupational injuries: Cases of occupational injury","Economic activity coverage: Excluding agriculture, hunting, forestry and fishing | Reference group coverage: Employees"
"Finland","ADM - Federation of Accidents Insurance Institutions Records","SDG indicator 8.8.1 - Non-fatal occupational injuries per 100'000 workers","Sex: Male","Migrant status: Migrants","2022",1218.889,"Coverage of occupational injuries: Compensated injuries | Type of cases of occupational injuries: Cases of occupational injury","Economic activity coverage: Excluding agriculture, hunting, forestry and fishing | Reference group coverage: Employees"
"Finland","ADM - Federation of Accidents Insurance Institutions Records","SDG indicator 8.8.1 - Non-fatal occupational injuries per 100'000 workers","Sex: Male","Migrant status: Non migrants","2022",2017.783,"Coverage of occupational injuries: Compensated injuries | Type of cases of occupational injuries: Cases of occupational injury","Economic activity coverage: Excluding agriculture, hunting, forestry and fishing | Reference group coverage: Employees"
"Finland","ADM - Federation of Accidents Insurance Institutions Records","SDG indicator 8.8.1 - Non-fatal occupational injuries per 100'000 workers","Sex: Female","Migrant status: Total","2022",1082.104,"Coverage of occupational injuries: Compensated injuries | Type of cases of occupational injuries: Cases of occupational injury","Economic activity coverage: Excluding agriculture, hunting, forestry and fishing | Reference group coverage: Employees"
"Finland","ADM - Federation of Accidents Insurance Institutions Records","SDG indicator 8.8.1 - Non-fatal occupational injuries per 100'000 workers","Sex: Female","Migrant status: Migrants","2022",517.188,"Coverage of occupational injuries: Compensated injuries | Type of cases of occupational injuries: Cases of occupational injury","Economic activity coverage: Excluding agriculture, hunting, forestry and fishing | Reference group coverage: Employees"
"Finland","ADM - Federation of Accidents Insurance Institutions Records","SDG indicator 8.8.1 - Non-fatal occupational injuries per 100'000 workers","Sex: Female","Migrant status: Non migrants","2022",1111.984,"Coverage of occupational injuries: Compensated injuries | Type of cases of occupational injuries: Cases of occupational injury","Economic activity coverage: Excluding agriculture, hunting, forestry and fishing | Reference group coverage: Employees"
"Finland","ADM - Federation of Accidents Insurance Institutions Records","SDG indicator 8.8.1 - Non-fatal occupational injuries per 100'000 workers","Sex: Total","Migrant status: Total","2021",1447.91,"Coverage of occupational injuries: Reported injuries | Type of cases of occupational injuries: Including cases of injury due to commuting accidents","Repository: ILO calculations based on Eurostat data | Reference group coverage: Insured persons"
"Finland","ADM - Federation of Accidents Insurance Institutions Records","SDG indicator 8.8.1 - Non-fatal occupational injuries per 100'000 workers","Sex: Total","Migrant status: Migrants","2021",699.22,"Coverage of occupational injuries: Reported injuries | Type of cases of occupational injuries: Including cases of injury due to commuting accidents","Repository: ILO calculations based on Eurostat data | Reference group coverage: Insured persons"
"Finland","ADM - Federation of Accidents Insurance Institutions Records","SDG indicator 8.8.1 - Non-fatal occupational injuries per 100'000 workers","Sex: Total","Migrant status: Non migrants","2021",1488.94,"Coverage of occupational injuries: Reported injuries | Type of cases of occupational injuries: Including cases of injury due to commuting accidents","Repository: ILO calculations based on Eurostat data | Reference group coverage: Insured persons"
"Finland","ADM - Federation of Accidents Insurance Institutions Records","SDG indicator 8.8.1 - Non-fatal occupational injuries per 100'000 workers","Sex: Male","Migrant status: Total","2021",1836.05,"Coverage of occupational injuries: Reported injuries | Type of cases of occupational injuries: Including cases of injury due to commuting accidents","Repository: ILO calculations based on Eurostat data | Reference group coverage: Insured persons"
"Finland","ADM - Federation of Accidents Insurance Institutions Records","SDG indicator 8.8.1 - Non-fatal occupational injuries per 100'000 workers","Sex: Male","Migrant status: Migrants","2021",857.5,"Coverage of occupational injuries: Reported injuries | Type of cases of occupational injuries: Including cases of injury due to commuting accidents","Repository: ILO calculations based on Eurostat data | Reference group coverage: Insured persons"
"Finland","ADM - Federation of Accidents Insurance Institutions Records","SDG indicator 8.8.1 - Non-fatal occupational injuries per 100'000 workers","Sex: Male","Migrant status: Non migrants","2021",1900.4,"Coverage of occupational injuries: Reported injuries | Type of cases of occupational injuries: Including cases of injury due to commuting accidents","Repository: ILO calculations based on Eurostat data | Reference group coverage: Insured persons"
"Finland","ADM - Federation of Accidents Insurance Institutions Records","SDG indicator 8.8.1 - Non-fatal occupational injuries per 100'000 workers","Sex: Female","Migrant status: Total","2021",1029.97,"Coverage of occupational injuries: Reported injuries | Type of cases of occupational injuries: Including cases of injury due to commuting accidents","Repository: ILO calculations based on Eurostat data | Reference group coverage: Insured persons"
"Finland","ADM - Federation of Accidents Insurance Institutions Records","SDG indicator 8.8.1 - Non-fatal occupational injuries per 100'000 workers","Sex: Female","Migrant status: Migrants","2021",440.82,"Coverage of occupational injuries: Reported injuries | Type of cases of occupational injuries: Including cases of injury due to commuting accidents","Repository: ILO calculations based on Eurostat data | Reference group coverage: Insured persons"
"Finland","ADM - Federation of Accidents Insurance Institutions Records","SDG indicator 8.8.1 - Non-fatal occupational injuries per 100'000 workers","Sex: Female","Migrant status: Non migrants","2021",1054.45,"Coverage of occupational injuries: Reported injuries | Type of cases of occupational injuries: Including cases of injury due to commuting accidents","Repository: ILO calculations based on Eurostat data | Reference group coverage: Insured persons"
"Finland","ADM - Federation of Accidents Insurance Institutions Records","SDG indicator 8.8.1 - Non-fatal occupational injuries per 100'000 workers","Sex: Total","Migrant status: Total","2020",1601.443,"Coverage of occupational injuries: Compensated injuries | Type of cases of occupational injuries: Cases of occupational injury","Economic activity coverage: Excluding agriculture, hunting, forestry and fishing | Reference group coverage: Employees"
"Finland","ADM - Federation of Accidents Insurance Institutions Records","SDG indicator 8.8.1 - Non-fatal occupational injuries per 100'000 workers","Sex: Total","Migrant status: Migrants","2020",864.167,"Coverage of occupational injuries: Compensated injuries | Type of cases of occupational injuries: Cases of occupational injury","Economic activity coverage: Excluding agriculture, hunting, forestry and fishing | Reference group coverage: Employees"
"Finland","ADM - Federation of Accidents Insurance Institutions Records","SDG indicator 8.8.1 - Non-fatal occupational injuries per 100'000 workers","Sex: Total","Migrant status: Non migrants","2020",1639.385,"Coverage of occupational injuries: Compensated injuries | Type of cases of occupational injuries: Cases of occupational injury","Economic activity coverage: Excluding agriculture, hunting, forestry and fishing | Reference group coverage: Employees"
"Finland","ADM - Federation of Accidents Insurance Institutions Records","SDG indicator 8.8.1 - Non-fatal occupational injuries per 100'000 workers","Sex: Male","Migrant status: Total","2020",2022.556,"Coverage of occupational injuries: Compensated injuries | Type of cases of occupational injuries: Cases of occupational injury","Economic activity coverage: Excluding agriculture, hunting, forestry and fishing | Reference group coverage: Employees"
"Finland","ADM - Federation of Accidents Insurance Institutions Records","SDG indicator 8.8.1 - Non-fatal occupational injuries per 100'000 workers","Sex: Male","Migrant status: Migrants","2020",1162.5,"Coverage of occupational injuries: Compensated injuries | Type of cases of occupational injuries: Cases of occupational injury","Economic activity coverage: Excluding agriculture, hunting, forestry and fishing | Reference group coverage: Employees"
"Finland","ADM - Federation of Accidents Insurance Institutions Records","SDG indicator 8.8.1 - Non-fatal occupational injuries per 100'000 workers","Sex: Male","Migrant status: Non migrants","2020",2073.024,"Coverage of occupational injuries: Compensated injuries | Type of cases of occupational injuries: Cases of occupational injury","Economic activity coverage: Excluding agriculture, hunting, forestry and fishing | Reference group coverage: Employees"
"Finland","ADM - Federation of Accidents Insurance Institutions Records","SDG indicator 8.8.1 - Non-fatal occupational injuries per 100'000 workers","Sex: Female","Migrant status: Total","2020",1145.021,"Coverage of occupational injuries: Compensated injuries | Type of cases of occupational injuries: Cases of occupational injury","Economic activity coverage: Excluding agriculture, hunting, forestry and fishing | Reference group coverage: Employees"
"Finland","ADM - Federation of Accidents Insurance Institutions Records","SDG indicator 8.8.1 - Non-fatal occupational injuries per 100'000 workers","Sex: Female","Migrant status: Migrants","2020",416.667,"Coverage of occupational injuries: Compensated injuries | Type of cases of occupational injuries: Cases of occupational injury","Economic activity coverage: Excluding agriculture, hunting, forestry and fishing | Reference group coverage: Employees"
"Finland","ADM - Federation of Accidents Insurance Institutions Records","SDG indicator 8.8.1 - Non-fatal occupational injuries per 100'000 workers","Sex: Female","Migrant status: Non migrants","2020",1175.501,"Coverage of occupational injuries: Compensated injuries | Type of cases of occupational injuries: Cases of occupational injury","Economic activity coverage: Excluding agriculture, hunting, forestry and fishing | Reference group coverage: Employees"
"Finland","ADM - Federation of Accidents Insurance Institutions Records","SDG indicator 8.8.1 - Non-fatal occupational injuries per 100'000 workers","Sex: Total","Migrant status: Total","2019",1583.22,"Coverage of occupational injuries: Reported injuries | Type of cases of occupational injuries: Including cases of injury due to commuting accidents","Repository: ILO calculations based on Eurostat data | Reference group coverage: Insured persons"
"Finland","ADM - Federation of Accidents Insurance Institutions Records","SDG indicator 8.8.1 - Non-fatal occupational injuries per 100'000 workers","Sex: Total","Migrant status: Migrants","2019",1178.57,"Coverage of occupational injuries: Reported injuries | Type of cases of occupational injuries: Including cases of injury due to commuting accidents","Repository: ILO calculations based on Eurostat data | Reference group coverage: Insured persons"
"Finland","ADM - Federation of Accidents Insurance Institutions Records","SDG indicator 8.8.1 - Non-fatal occupational injuries per 100'000 workers","Sex: Total","Migrant status: Non migrants","2019",1602.56,"Coverage of occupational injuries: Reported injuries | Type of cases of occupational injuries: Including cases of injury due to commuting accidents","Repository: ILO calculations based on Eurostat data | Reference group coverage: Insured persons"
"Finland","ADM - Federation of Accidents Insurance Institutions Records","SDG indicator 8.8.1 - Non-fatal occupational injuries per 100'000 workers","Sex: Male","Migrant status: Total","2019",2024.22,"Coverage of occupational injuries: Reported injuries | Type of cases of occupational injuries: Including cases of injury due to commuting accidents","Repository: ILO calculations based on Eurostat data | Reference group coverage: Insured persons"
"Finland","ADM - Federation of Accidents Insurance Institutions Records","SDG indicator 8.8.1 - Non-fatal occupational injuries per 100'000 workers","Sex: Male","Migrant status: Migrants","2019",1565.67,"Coverage of occupational injuries: Reported injuries | Type of cases of occupational injuries: Including cases of injury due to commuting accidents","Repository: ILO calculations based on Eurostat data | Reference group coverage: Insured persons"
"Finland","ADM - Federation of Accidents Insurance Institutions Records","SDG indicator 8.8.1 - Non-fatal occupational injuries per 100'000 workers","Sex: Male","Migrant status: Non migrants","2019",2047.15,"Coverage of occupational injuries: Reported injuries | Type of cases of occupational injuries: Including cases of injury due to commuting accidents","Repository: ILO calculations based on Eurostat data | Reference group coverage: Insured persons"
"Finland","ADM - Federation of Accidents Insurance Institutions Records","SDG indicator 8.8.1 - Non-fatal occupational injuries per 100'000 workers","Sex: Female","Migrant status: Total","2019",1109.52,"Coverage of occupational injuries: Reported injuries | Type of cases of occupational injuries: Including cases of injury due to commuting accidents","Repository: ILO calculations based on Eurostat data | Reference group coverage: Insured persons"
"Finland","ADM - Federation of Accidents Insurance Institutions Records","SDG indicator 8.8.1 - Non-fatal occupational injuries per 100'000 workers","Sex: Female","Migrant status: Migrants","2019",589.13,"Coverage of occupational injuries: Reported injuries | Type of cases of occupational injuries: Including cases of injury due to commuting accidents","Repository: ILO calculations based on Eurostat data | Reference group coverage: Insured persons"
"Finland","ADM - Federation of Accidents Insurance Institutions Records","SDG indicator 8.8.1 - Non-fatal occupational injuries per 100'000 workers","Sex: Female","Migrant status: Non migrants","2019",1129.92,"Coverage of occupational injuries: Reported injuries | Type of cases of occupational injuries: Including cases of injury due to commuting accidents","Repository: ILO calculations based on Eurostat data | Reference group coverage: Insured persons"
"Finland","ADM - Federation of Accidents Insurance Institutions Records","SDG indicator 8.8.1 - Non-fatal occupational injuries per 100'000 workers","Sex: Total","Migrant status: Total","2018",1636.94,"Coverage of occupational injuries: Reported injuries | Type of cases of occupational injuries: Including cases of injury due to commuting accidents","Repository: ILO calculations based on Eurostat data | Reference group coverage: Insured persons"
"Finland","ADM - Federation of Accidents Insurance Institutions Records","SDG indicator 8.8.1 - Non-fatal occupational injuries per 100'000 workers","Sex: Total","Migrant status: Migrants","2018",1163.37,"Coverage of occupational injuries: Reported injuries | Type of cases of occupational injuries: Including cases of injury due to commuting accidents","Repository: ILO calculations based on Eurostat data | Reference group coverage: Insured persons"
"Finland","ADM - Federation of Accidents Insurance Institutions Records","SDG indicator 8.8.1 - Non-fatal occupational injuries per 100'000 workers","Sex: Total","Migrant status: Non migrants","2018",1656.77,"Coverage of occupational injuries: Reported injuries | Type of cases of occupational injuries: Including cases of injury due to commuting accidents","Repository: ILO calculations based on Eurostat data | Reference group coverage: Insured persons"
"Finland","ADM - Federation of Accidents Insurance Institutions Records","SDG indicator 8.8.1 - Non-fatal occupational injuries per 100'000 workers","Sex: Male","Migrant status: Total","2018",2125.85,"Coverage of occupational injuries: Reported injuries | Type of cases of occupational injuries: Including cases of injury due to commuting accidents","Repository: ILO calculations based on Eurostat data | Reference group coverage: Insured persons"
"Finland","ADM - Federation of Accidents Insurance Institutions Records","SDG indicator 8.8.1 - Non-fatal occupational injuries per 100'000 workers","Sex: Male","Migrant status: Migrants","2018",1601.69,"Coverage of occupational injuries: Reported injuries | Type of cases of occupational injuries: Including cases of injury due to commuting accidents","Repository: ILO calculations based on Eurostat data | Reference group coverage: Insured persons"
"Finland","ADM - Federation of Accidents Insurance Institutions Records","SDG indicator 8.8.1 - Non-fatal occupational injuries per 100'000 workers","Sex: Male","Migrant status: Non migrants","2018",2152.42,"Coverage of occupational injuries: Reported injuries | Type of cases of occupational injuries: Including cases of injury due to commuting accidents","Repository: ILO calculations based on Eurostat data | Reference group coverage: Insured persons"
"Finland","ADM - Federation of Accidents Insurance Institutions Records","SDG indicator 8.8.1 - Non-fatal occupational injuries per 100'000 workers","Sex: Female","Migrant status: Total","2018",1110.36,"Coverage of occupational injuries: Reported injuries | Type of cases of occupational injuries: Including cases of injury due to commuting accidents","Repository: ILO calculations based on Eurostat data | Reference group coverage: Insured persons"
"Finland","ADM - Federation of Accidents Insurance Institutions Records","SDG indicator 8.8.1 - Non-fatal occupational injuries per 100'000 workers","Sex: Female","Migrant status: Migrants","2018",547.62,"Coverage of occupational injuries: Reported injuries | Type of cases of occupational injuries: Including cases of injury due to commuting accidents","Repository: ILO calculations based on Eurostat data | Reference group coverage: Insured persons"
"Finland","ADM - Federation of Accidents Insurance Institutions Records","SDG indicator 8.8.1 - Non-fatal occupational injuries per 100'000 workers","Sex: Female","Migrant status: Non migrants","2018",1129.67,"Coverage of occupational injuries: Reported injuries | Type of cases of occupational injuries: Including cases of injury due to commuting accidents","Repository: ILO calculations based on Eurostat data | Reference group coverage: Insured persons"
"Finland","ADM - Federation of Accidents Insurance Institutions Records","SDG indicator 8.8.1 - Non-fatal occupational injuries per 100'000 workers","Sex: Total","Migrant status: Total","2017",1699,"Coverage of occupational injuries: Reported injuries | Type of cases of occupational injuries: Including cases of injury due to commuting accidents","Repository: ILO calculations based on Eurostat data | Reference group coverage: Insured persons"
"Finland","ADM - Federation of Accidents Insurance Institutions Records","SDG indicator 8.8.1 - Non-fatal occupational injuries per 100'000 workers","Sex: Total","Migrant status: Total","2016",1676.29,"Coverage of occupational injuries: Reported injuries | Type of cases of occupational injuries: Including cases of injury due to commuting accidents","Repository: ILO calculations based on Eurostat data | Reference group coverage: Insured persons"
"Finland","ADM - Federation of Accidents Insurance Institutions Records","SDG indicator 8.8.1 - Non-fatal occupational injuries per 100'000 workers","Sex: Total","Migrant status: Total","2015",1726.39,"Coverage of occupational injuries: Reported injuries | Type of cases of occupational injuries: Including cases of injury due to commuting accidents","Repository: ILO calculations based on Eurostat data | Reference group coverage: Insured persons"
"Finland","ADM - Federation of Accidents Insurance Institutions Records","SDG indicator 8.8.1 - Non-fatal occupational injuries per 100'000 workers","Sex: Total","Migrant status: Total","2014",1824.43,"Coverage of occupational injuries: Reported injuries | Type of cases of occupational injuries: Including cases of injury due to commuting accidents","Repository: ILO calculations based on Eurostat data | Reference group coverage: Insured persons"
"Finland","ADM - Federation of Accidents Insurance Institutions Records","SDG indicator 8.8.1 - Non-fatal occupational injuries per 100'000 workers","Sex: Total","Migrant status: Total","2013",1930.71,"Coverage of occupational injuries: Reported injuries | Type of cases of occupational injuries: Including cases of injury due to commuting accidents","Repository: ILO calculations based on Eurostat data | Reference group coverage: Insured persons"
"France","ADM-IR - Records of the CNAM, employees","SDG indicator 8.8.1 - Non-fatal occupational injuries per 100'000 workers","Sex: Total","Migrant status: Total","2023",2350.298,"Coverage of occupational injuries: Compensated injuries | Type of cases of occupational injuries: Cases of occupational injury","Institutional sector coverage: Private sector only | Reference group coverage: Employees"
"France","ADM-IR - Records of the CNAM, employees","SDG indicator 8.8.1 - Non-fatal occupational injuries per 100'000 workers","Sex: Male","Migrant status: Total","2023",2500.007,"Coverage of occupational injuries: Compensated injuries | Type of cases of occupational injuries: Cases of occupational injury","Institutional sector coverage: Private sector only | Reference group coverage: Employees"
"France","ADM-IR - Records of the CNAM, employees","SDG indicator 8.8.1 - Non-fatal occupational injuries per 100'000 workers","Sex: Female","Migrant status: Total","2023",1961.783,"Coverage of occupational injuries: Compensated injuries | Type of cases of occupational injuries: Cases of occupational injury","Institutional sector coverage: Private sector only | Reference group coverage: Employees"
"France","ADM-IR - Records of the CNAM, employees","SDG indicator 8.8.1 - Non-fatal occupational injuries per 100'000 workers","Sex: Total","Migrant status: Total","2022",3043.1,"Coverage of occupational injuries: Compensated injuries | Type of cases of occupational injuries: Cases of occupational injury","Institutional sector coverage: Private sector only | Reference group coverage: Employees"
"France","ADM-IR - Records of the CNAM, employees","SDG indicator 8.8.1 - Non-fatal occupational injuries per 100'000 workers","Sex: Male","Migrant status: Total","2022",3725.7,"Coverage of occupational injuries: Compensated injuries | Type of cases of occupational injuries: Cases of occupational injury","Institutional sector coverage: Private sector only | Reference group coverage: Employees"
"France","ADM-IR - Records of the CNAM, employees","SDG indicator 8.8.1 - Non-fatal occupational injuries per 100'000 workers","Sex: Female","Migrant status: Total","2022",1982.7,"Coverage of occupational injuries: Compensated injuries | Type of cases of occupational injuries: Cases of occupational injury","Institutional sector coverage: Private sector only | Reference group coverage: Employees"
"France","ADM-IR - Records of the CNAM, employees","SDG indicator 8.8.1 - Non-fatal occupational injuries per 100'000 workers","Sex: Total","Migrant status: Total","2021",3178.488,"Coverage of occupational injuries: Compensated injuries | Type of cases of occupational injuries: Cases of occupational injury","Institutional sector coverage: Private sector only | Reference group coverage: Employees"
"France","ADM-IR - Records of the CNAM, employees","SDG indicator 8.8.1 - Non-fatal occupational injuries per 100'000 workers","Sex: Male","Migrant status: Total","2021",3959.168,"Coverage of occupational injuries: Compensated injuries | Type of cases of occupational injuries: Cases of occupational injury","Institutional sector coverage: Private sector only | Reference group coverage: Employees"
"France","ADM-IR - Records of the CNAM, employees","SDG indicator 8.8.1 - Non-fatal occupational injuries per 100'000 workers","Sex: Female","Migrant status: Total","2021",1978.291,"Coverage of occupational injuries: Compensated injuries | Type of cases of occupational injuries: Cases of occupational injury","Institutional sector coverage: Private sector only | Reference group coverage: Employees"
"France","ADM-IR - Records of the CNAM, employees","SDG indicator 8.8.1 - Non-fatal occupational injuries per 100'000 workers","Sex: Total","Migrant status: Total","2020",3059.025,"Coverage of occupational injuries: Compensated injuries | Type of cases of occupational injuries: Cases of occupational injury","Institutional sector coverage: Private sector only | Reference group coverage: Employees"
"France","ADM-IR - Records of the CNAM, employees","SDG indicator 8.8.1 - Non-fatal occupational injuries per 100'000 workers","Sex: Male","Migrant status: Total","2020",3804.888,"Coverage of occupational injuries: Compensated injuries | Type of cases of occupational injuries: Cases of occupational injury","Institutional sector coverage: Private sector only | Reference group coverage: Employees"
"France","ADM-IR - Records of the CNAM, employees","SDG indicator 8.8.1 - Non-fatal occupational injuries per 100'000 workers","Sex: Female","Migrant status: Total","2020",1908.531,"Coverage of occupational injuries: Compensated injuries | Type of cases of occupational injuries: Cases of occupational injury","Institutional sector coverage: Private sector only | Reference group coverage: Employees"
"France","ADM-IR - Records of the CNAM, employees","SDG indicator 8.8.1 - Non-fatal occupational injuries per 100'000 workers","Sex: Total","Migrant status: Total","2019",3568.126,"Coverage of occupational injuries: Compensated injuries | Type of cases of occupational injuries: Cases of occupational injury","Institutional sector coverage: Private sector only | Reference group coverage: Employees"
"France","ADM-IR - Records of the CNAM, employees","SDG indicator 8.8.1 - Non-fatal occupational injuries per 100'000 workers","Sex: Male","Migrant status: Total","2019",4389.784,"Coverage of occupational injuries: Compensated injuries | Type of cases of occupational injuries: Cases of occupational injury","Institutional sector coverage: Private sector only | Reference group coverage: Employees"
"France","ADM-IR - Records of the CNAM, employees","SDG indicator 8.8.1 - Non-fatal occupational injuries per 100'000 workers","Sex: Female","Migrant status: Total","2019",2289.402,"Coverage of occupational injuries: Compensated injuries | Type of cases of occupational injuries: Cases of occupational injury","Institutional sector coverage: Private sector only | Reference group coverage: Employees"
"France","ADM-IR - Records of the CNAM, employees","SDG indicator 8.8.1 - Non-fatal occupational injuries per 100'000 workers","Sex: Total","Migrant status: Total","2018",3141.924,"Coverage of occupational injuries: Compensated injuries | Type of cases of occupational injuries: Cases of occupational injury","Institutional sector coverage: Private sector only | Reference group coverage: Employees"
"France","ADM-IR - Records of the CNAM, employees","SDG indicator 8.8.1 - Non-fatal occupational injuries per 100'000 workers","Sex: Male","Migrant status: Total","2018",3906.037,"Coverage of occupational injuries: Compensated injuries | Type of cases of occupational injuries: Cases of occupational injury","Institutional sector coverage: Private sector only | Reference group coverage: Employees"
"France","ADM-IR - Records of the CNAM, employees","SDG indicator 8.8.1 - Non-fatal occupational injuries per 100'000 workers","Sex: Female","Migrant status: Total","2018",1966.213,"Coverage of occupational injuries: Compensated injuries | Type of cases of occupational injuries: Cases of occupational injury","Institutional sector coverage: Private sector only | Reference group coverage: Employees"
"France","ADM-IR - Records of the CNAM, employees","SDG indicator 8.8.1 - Non-fatal occupational injuries per 100'000 workers","Sex: Total","Migrant status: Total","2017",3395.93,"Coverage of occupational injuries: Compensated injuries","Repository: ILO calculations based on Eurostat data | Institutional sector coverage: Private sector only | Reference group coverage: Employees"
"France","ADM-IR - Records of the CNAM, employees","SDG indicator 8.8.1 - Non-fatal occupational injuries per 100'000 workers","Sex: Total","Migrant status: Total","2016",3458.28,"Coverage of occupational injuries: Compensated injuries","Repository: ILO calculations based on Eurostat data | Institutional sector coverage: Private sector only | Reference group coverage: Employees"
"France","ADM-IR - Records of the CNAM, employees","SDG indicator 8.8.1 - Non-fatal occupational injuries per 100'000 workers","Sex: Total","Migrant status: Total","2015",3160.29,"Coverage of occupational injuries: Compensated injuries","Repository: ILO calculations based on Eurostat data | Institutional sector coverage: Private sector only | Reference group coverage: Employees"
"France","ADM-IR - Records of the CNAM, employees","SDG indicator 8.8.1 - Non-fatal occupational injuries per 100'000 workers","Sex: Total","Migrant status: Total","2014",3326.98,"Coverage of occupational injuries: Compensated injuries","Repository: ILO calculations based on Eurostat data | Institutional sector coverage: Private sector only | Reference group coverage: Employees"
"France","ADM-IR - Records of the CNAM, employees","SDG indicator 8.8.1 - Non-fatal occupational injuries per 100'000 workers","Sex: Total","Migrant status: Total","2013",3093,"Coverage of occupational injuries: Compensated injuries","Repository: ILO calculations based on Eurostat data | Institutional sector coverage: Private sector only | Reference group coverage: Employees"
"United Kingdom of Great Britain and Northern Ireland","ADM-IR - Labour Inspectorate Records","SDG indicator 8.8.1 - Non-fatal occupational injuries per 100'000 workers","Sex: Total","Migrant status: Total","2018",691.65,"Coverage of occupational injuries: Reported injuries","Repository: ILO calculations based on Eurostat data | Reference group coverage: Employees"
"United Kingdom of Great Britain and Northern Ireland","ADM-IR - Labour Inspectorate Records","SDG indicator 8.8.1 - Non-fatal occupational injuries per 100'000 workers","Sex: Total","Migrant status: Total","2017",710.6,"Coverage of occupational injuries: Reported injuries","Repository: ILO calculations based on Eurostat data | Reference group coverage: Employees"
"United Kingdom of Great Britain and Northern Ireland","ADM-IR - Labour Inspectorate Records","SDG indicator 8.8.1 - Non-fatal occupational injuries per 100'000 workers","Sex: Total","Migrant status: Total","2016",721.87,"Coverage of occupational injuries: Reported injuries","Repository: ILO calculations based on Eurostat data | Reference group coverage: Employees"
"United Kingdom of Great Britain and Northern Ireland","ADM-IR - Labour Inspectorate Records","SDG indicator 8.8.1 - Non-fatal occupational injuries per 100'000 workers","Sex: Total","Migrant status: Total","2015",760.37,"Coverage of occupational injuries: Reported injuries","Repository: ILO calculations based on Eurostat data | Reference group coverage: Employees"
"United Kingdom of Great Britain and Northern Ireland","ADM-IR - Labour Inspectorate Records","SDG indicator 8.8.1 - Non-fatal occupational injuries per 100'000 workers","Sex: Total","Migrant status: Total","2014",827.27,"Coverage of occupational injuries: Reported injuries","Repository: ILO calculations based on Eurostat data | Reference group coverage: Employees"
"United Kingdom of Great Britain and Northern Ireland","ADM-IR - Labour Inspectorate Records","SDG indicator 8.8.1 - Non-fatal occupational injuries per 100'000 workers","Sex: Total","Migrant status: Total","2013",831.68,"Coverage of occupational injuries: Reported injuries","Repository: ILO calculations based on Eurostat data | Reference group coverage: Employees"
"Georgia","ADM - Administrative Records","SDG indicator 8.8.1 - Non-fatal occupational injuries per 100'000 workers","Sex: Total","Migrant status: Total","2023",26,"Coverage of occupational injuries: Reported injuries | Type of cases of occupational injuries: Cases of occupational injury","Geographical coverage: Total national, excluding overseas territories | Reference group coverage: Employees"
"Georgia","ADM - Administrative Records","SDG indicator 8.8.1 - Non-fatal occupational injuries per 100'000 workers","Sex: Male","Migrant status: Total","2023",33.53,"Coverage of occupational injuries: Reported injuries | Type of cases of occupational injuries: Cases of occupational injury","Geographical coverage: Total national, excluding overseas territories | Reference group coverage: Employees"
"Georgia","ADM - Administrative Records","SDG indicator 8.8.1 - Non-fatal occupational injuries per 100'000 workers","Sex: Female","Migrant status: Total","2023",16.73,"Coverage of occupational injuries: Reported injuries | Type of cases of occupational injuries: Cases of occupational injury","Geographical coverage: Total national, excluding overseas territories | Reference group coverage: Employees"
"Georgia","ADM - Administrative Records","SDG indicator 8.8.1 - Non-fatal occupational injuries per 100'000 workers","Sex: Female","Migrant status: Migrants","2023",0,"Coverage of occupational injuries: Reported injuries | Type of cases of occupational injuries: Cases of occupational injury","Geographical coverage: Total national, excluding overseas territories | Reference group coverage: Employees"
"Georgia","ADM - Administrative Records","SDG indicator 8.8.1 - Non-fatal occupational injuries per 100'000 workers","Sex: Female","Migrant status: Non migrants","2023",0,"Coverage of occupational injuries: Reported injuries | Type of cases of occupational injuries: Cases of occupational injury","Geographical coverage: Total national, excluding overseas territories | Reference group coverage: Employees"
"Georgia","ADM - Administrative Records","SDG indicator 8.8.1 - Non-fatal occupational injuries per 100'000 workers","Sex: Total","Migrant status: Total","2022",25.71,"Coverage of occupational injuries: Reported injuries | Type of cases of occupational injuries: Cases of occupational injury","Geographical coverage: Total national, excluding overseas territories | Reference group coverage: Employees"
"Georgia","ADM - Administrative Records","SDG indicator 8.8.1 - Non-fatal occupational injuries per 100'000 workers","Sex: Total","Migrant status: Non migrants","2022",25.4,"Coverage of occupational injuries: Reported injuries | Type of cases of occupational injuries: Cases of occupational injury","Geographical coverage: Total national, excluding overseas territories | Reference group coverage: Employees"
"Georgia","ADM - Administrative Records","SDG indicator 8.8.1 - Non-fatal occupational injuries per 100'000 workers","Sex: Male","Migrant status: Total","2022",36.51,"Coverage of occupational injuries: Reported injuries | Type of cases of occupational injuries: Cases of occupational injury","Geographical coverage: Total national, excluding overseas territories | Reference group coverage: Employees"
"Georgia","ADM - Administrative Records","SDG indicator 8.8.1 - Non-fatal occupational injuries per 100'000 workers","Sex: Male","Migrant status: Non migrants","2022",35.95,"Coverage of occupational injuries: Reported injuries | Type of cases of occupational injuries: Cases of occupational injury","Geographical coverage: Total national, excluding overseas territories | Reference group coverage: Employees"
"Georgia","ADM - Administrative Records","SDG indicator 8.8.1 - Non-fatal occupational injuries per 100'000 workers","Sex: Female","Migrant status: Total","2022",12.13,"Coverage of occupational injuries: Reported injuries | Type of cases of occupational injuries: Cases of occupational injury","Geographical coverage: Total national, excluding overseas territories | Reference group coverage: Employees"
"Georgia","ADM - Administrative Records","SDG indicator 8.8.1 - Non-fatal occupational injuries per 100'000 workers","Sex: Female","Migrant status: Migrants","2022",0,"Coverage of occupational injuries: Reported injuries | Type of cases of occupational injuries: Cases of occupational injury","Geographical coverage: Total national, excluding overseas territories | Reference group coverage: Employees"
"Georgia","ADM - Administrative Records","SDG indicator 8.8.1 - Non-fatal occupational injuries per 100'000 workers","Sex: Female","Migrant status: Non migrants","2022",12.13,"Coverage of occupational injuries: Reported injuries | Type of cases of occupational injuries: Cases of occupational injury","Geographical coverage: Total national, excluding overseas territories | Reference group coverage: Employees"
"Georgia","ADM - Administrative Records","SDG indicator 8.8.1 - Non-fatal occupational injuries per 100'000 workers","Sex: Total","Migrant status: Total","2021",20.78,"Coverage of occupational injuries: Reported injuries | Type of cases of occupational injuries: Cases of occupational injury","Geographical coverage: Total national, excluding overseas territories | Reference group coverage: Employees"
"Georgia","ADM - Administrative Records","SDG indicator 8.8.1 - Non-fatal occupational injuries per 100'000 workers","Sex: Total","Migrant status: Migrants","2021",0,"Coverage of occupational injuries: Reported injuries | Type of cases of occupational injuries: Cases of occupational injury","Geographical coverage: Total national, excluding overseas territories | Reference group coverage: Employees"
"Georgia","ADM - Administrative Records","SDG indicator 8.8.1 - Non-fatal occupational injuries per 100'000 workers","Sex: Total","Migrant status: Non migrants","2021",0,"Coverage of occupational injuries: Reported injuries | Type of cases of occupational injuries: Cases of occupational injury","Geographical coverage: Total national, excluding overseas territories | Reference group coverage: Employees"
"Georgia","ADM - Administrative Records","SDG indicator 8.8.1 - Non-fatal occupational injuries per 100'000 workers","Sex: Male","Migrant status: Total","2021",31.7,"Coverage of occupational injuries: Reported injuries | Type of cases of occupational injuries: Cases of occupational injury","Geographical coverage: Total national, excluding overseas territories | Reference group coverage: Employees"
"Georgia","ADM - Administrative Records","SDG indicator 8.8.1 - Non-fatal occupational injuries per 100'000 workers","Sex: Male","Migrant status: Migrants","2021",0,"Coverage of occupational injuries: Reported injuries | Type of cases of occupational injuries: Cases of occupational injury","Geographical coverage: Total national, excluding overseas territories | Reference group coverage: Employees"
"Georgia","ADM - Administrative Records","SDG indicator 8.8.1 - Non-fatal occupational injuries per 100'000 workers","Sex: Male","Migrant status: Non migrants","2021",0,"Coverage of occupational injuries: Reported injuries | Type of cases of occupational injuries: Cases of occupational injury","Geographical coverage: Total national, excluding overseas territories | Reference group coverage: Employees"
"Georgia","ADM - Administrative Records","SDG indicator 8.8.1 - Non-fatal occupational injuries per 100'000 workers","Sex: Female","Migrant status: Total","2021",6.9,"Coverage of occupational injuries: Reported injuries | Type of cases of occupational injuries: Cases of occupational injury","Geographical coverage: Total national, excluding overseas territories | Reference group coverage: Employees"
"Georgia","ADM - Administrative Records","SDG indicator 8.8.1 - Non-fatal occupational injuries per 100'000 workers","Sex: Female","Migrant status: Migrants","2021",0,"Coverage of occupational injuries: Reported injuries | Type of cases of occupational injuries: Cases of occupational injury","Geographical coverage: Total national, excluding overseas territories | Reference group coverage: Employees"
"Georgia","ADM - Administrative Records","SDG indicator 8.8.1 - Non-fatal occupational injuries per 100'000 workers","Sex: Female","Migrant status: Non migrants","2021",0,"Coverage of occupational injuries: Reported injuries | Type of cases of occupational injuries: Cases of occupational injury","Geographical coverage: Total national, excluding overseas territories | Reference group coverage: Employees"
"Georgia","ADM - Administrative Records","SDG indicator 8.8.1 - Non-fatal occupational injuries per 100'000 workers","Sex: Total","Migrant status: Total","2020",20,"Coverage of occupational injuries: Reported injuries | Type of cases of occupational injuries: Cases of occupational injury","Geographical coverage: Total national, excluding overseas territories | Reference group coverage: Employees"
"Georgia","ADM - Administrative Records","SDG indicator 8.8.1 - Non-fatal occupational injuries per 100'000 workers","Sex: Male","Migrant status: Total","2020",32,"Coverage of occupational injuries: Reported injuries | Type of cases of occupational injuries: Cases of occupational injury","Geographical coverage: Total national, excluding overseas territories | Reference group coverage: Employees"
"Georgia","ADM - Administrative Records","SDG indicator 8.8.1 - Non-fatal occupational injuries per 100'000 workers","Sex: Female","Migrant status: Total","2020",4,"Coverage of occupational injuries: Reported injuries | Type of cases of occupational injuries: Cases of occupational injury","Geographical coverage: Total national, excluding overseas territories | Reference group coverage: Employees"
"Georgia","ADM - Administrative Records","SDG indicator 8.8.1 - Non-fatal occupational injuries per 100'000 workers","Sex: Total","Migrant status: Total","2019",13,"Coverage of occupational injuries: Reported injuries | Type of cases of occupational injuries: Cases of occupational injury","Geographical coverage: Total national, excluding overseas territories | Reference group coverage: Employees"
"Georgia","ADM - Administrative Records","SDG indicator 8.8.1 - Non-fatal occupational injuries per 100'000 workers","Sex: Male","Migrant status: Total","2019",22,"Coverage of occupational injuries: Reported injuries | Type of cases of occupational injuries: Cases of occupational injury","Geographical coverage: Total national, excluding overseas territories | Reference group coverage: Employees"
"Georgia","ADM - Administrative Records","SDG indicator 8.8.1 - Non-fatal occupational injuries per 100'000 workers","Sex: Female","Migrant status: Total","2019",2,"Coverage of occupational injuries: Reported injuries | Type of cases of occupational injuries: Cases of occupational injury","Geographical coverage: Total national, excluding overseas territories | Reference group coverage: Employees"
"Guadeloupe","ADM - Annual Statement of Social Data","SDG indicator 8.8.1 - Non-fatal occupational injuries per 100'000 workers","Sex: Total","Migrant status: Total","2014",1349.01,"Coverage of occupational injuries: Compensated injuries | Type of cases of occupational injuries: Cases of occupational injury | Minimum period of absence from work: Incapacities lasting 1 day or more","Reference group coverage: Insured persons"
"Greece","ADM-IR - Insurance Records","SDG indicator 8.8.1 - Non-fatal occupational injuries per 100'000 workers","Sex: Total","Migrant status: Total","2022",120.18,"Coverage of occupational injuries: Reported injuries | Type of cases of occupational injuries: Including cases of injury due to commuting accidents","Repository: ILO calculations based on Eurostat data | Reference group coverage: Insured persons"
"Greece","ADM-IR - Insurance Records","SDG indicator 8.8.1 - Non-fatal occupational injuries per 100'000 workers","Sex: Total","Migrant status: Total","2021",117.38,"Coverage of occupational injuries: Reported injuries | Type of cases of occupational injuries: Including cases of injury due to commuting accidents","Repository: ILO calculations based on Eurostat data | Reference group coverage: Insured persons"
"Greece","ADM-IR - Insurance Records","SDG indicator 8.8.1 - Non-fatal occupational injuries per 100'000 workers","Sex: Total","Migrant status: Total","2020",105.46,"Coverage of occupational injuries: Reported injuries | Type of cases of occupational injuries: Including cases of injury due to commuting accidents","Repository: ILO calculations based on Eurostat data | Reference group coverage: Insured persons"
"Greece","ADM-IR - Insurance Records","SDG indicator 8.8.1 - Non-fatal occupational injuries per 100'000 workers","Sex: Total","Migrant status: Total","2019",135.36,"Coverage of occupational injuries: Reported injuries | Type of cases of occupational injuries: Including cases of injury due to commuting accidents","Repository: ILO calculations based on Eurostat data | Reference group coverage: Insured persons"
"Greece","ADM-IR - Insurance Records","SDG indicator 8.8.1 - Non-fatal occupational injuries per 100'000 workers","Sex: Total","Migrant status: Total","2018",176.45,"Coverage of occupational injuries: Reported injuries | Type of cases of occupational injuries: Including cases of injury due to commuting accidents","Repository: ILO calculations based on Eurostat data | Reference group coverage: Insured persons"
"Greece","ADM-IR - Insurance Records","SDG indicator 8.8.1 - Non-fatal occupational injuries per 100'000 workers","Sex: Total","Migrant status: Total","2017",161.09,"Coverage of occupational injuries: Reported injuries | Type of cases of occupational injuries: Including cases of injury due to commuting accidents","Repository: ILO calculations based on Eurostat data | Reference group coverage: Insured persons"
"Greece","ADM-IR - Insurance Records","SDG indicator 8.8.1 - Non-fatal occupational injuries per 100'000 workers","Sex: Total","Migrant status: Total","2016",95.87,"Coverage of occupational injuries: Reported injuries | Type of cases of occupational injuries: Including cases of injury due to commuting accidents","Repository: ILO calculations based on Eurostat data | Reference group coverage: Insured persons"
"Greece","ADM-IR - Insurance Records","SDG indicator 8.8.1 - Non-fatal occupational injuries per 100'000 workers","Sex: Total","Migrant status: Migrants","2016",156.55,"Coverage of occupational injuries: Reported injuries | Type of cases of occupational injuries: Including cases of injury due to commuting accidents","Repository: ILO calculations based on Eurostat data | Reference group coverage: Insured persons"
"Greece","ADM-IR - Insurance Records","SDG indicator 8.8.1 - Non-fatal occupational injuries per 100'000 workers","Sex: Total","Migrant status: Non migrants","2016",91.86,"Coverage of occupational injuries: Reported injuries | Type of cases of occupational injuries: Including cases of injury due to commuting accidents","Repository: ILO calculations based on Eurostat data | Reference group coverage: Insured persons"
"Greece","ADM-IR - Insurance Records","SDG indicator 8.8.1 - Non-fatal occupational injuries per 100'000 workers","Sex: Male","Migrant status: Total","2016",123.37,"Coverage of occupational injuries: Reported injuries | Type of cases of occupational injuries: Including cases of injury due to commuting accidents","Repository: ILO calculations based on Eurostat data | Reference group coverage: Insured persons"
"Greece","ADM-IR - Insurance Records","SDG indicator 8.8.1 - Non-fatal occupational injuries per 100'000 workers","Sex: Male","Migrant status: Migrants","2016",212.39,"Coverage of occupational injuries: Reported injuries | Type of cases of occupational injuries: Including cases of injury due to commuting accidents","Repository: ILO calculations based on Eurostat data | Reference group coverage: Insured persons"
"Greece","ADM-IR - Insurance Records","SDG indicator 8.8.1 - Non-fatal occupational injuries per 100'000 workers","Sex: Male","Migrant status: Non migrants","2016",117.18,"Coverage of occupational injuries: Reported injuries | Type of cases of occupational injuries: Including cases of injury due to commuting accidents","Repository: ILO calculations based on Eurostat data | Reference group coverage: Insured persons"
"Greece","ADM-IR - Insurance Records","SDG indicator 8.8.1 - Non-fatal occupational injuries per 100'000 workers","Sex: Female","Migrant status: Total","2016",57.96,"Coverage of occupational injuries: Reported injuries | Type of cases of occupational injuries: Including cases of injury due to commuting accidents","Repository: ILO calculations based on Eurostat data | Reference group coverage: Insured persons"
"Greece","ADM-IR - Insurance Records","SDG indicator 8.8.1 - Non-fatal occupational injuries per 100'000 workers","Sex: Female","Migrant status: Migrants","2016",70.3,"Coverage of occupational injuries: Reported injuries | Type of cases of occupational injuries: Including cases of injury due to commuting accidents","Repository: ILO calculations based on Eurostat data | Reference group coverage: Insured persons"
"Greece","ADM-IR - Insurance Records","SDG indicator 8.8.1 - Non-fatal occupational injuries per 100'000 workers","Sex: Female","Migrant status: Non migrants","2016",57.2,"Coverage of occupational injuries: Reported injuries | Type of cases of occupational injuries: Including cases of injury due to commuting accidents","Repository: ILO calculations based on Eurostat data | Reference group coverage: Insured persons"
"Greece","ADM-IR - Insurance Records","SDG indicator 8.8.1 - Non-fatal occupational injuries per 100'000 workers","Sex: Total","Migrant status: Total","2015",159.63,"Coverage of occupational injuries: Reported injuries | Type of cases of occupational injuries: Including cases of injury due to commuting accidents","Repository: ILO calculations based on Eurostat data | Reference group coverage: Insured persons"
"Greece","ADM-IR - Insurance Records","SDG indicator 8.8.1 - Non-fatal occupational injuries per 100'000 workers","Sex: Total","Migrant status: Total","2014",96.43,"Coverage of occupational injuries: Reported injuries | Type of cases of occupational injuries: Including cases of injury due to commuting accidents","Repository: ILO calculations based on Eurostat data | Reference group coverage: Insured persons"
"Greece","ADM-IR - Insurance Records","SDG indicator 8.8.1 - Non-fatal occupational injuries per 100'000 workers","Sex: Total","Migrant status: Total","2013",275.41,"Coverage of occupational injuries: Reported injuries | Type of cases of occupational injuries: Including cases of injury due to commuting accidents","Repository: ILO calculations based on Eurostat data | Reference group coverage: Insured persons"
"Guatemala","ADM-IR - Records of the Guatemalan Social Security Institute","SDG indicator 8.8.1 - Non-fatal occupational injuries per 100'000 workers","Sex: Total","Migrant status: Total","2022",27.9,"Coverage of occupational injuries: Reported injuries | Type of cases of occupational injuries: Cases of occupational injury","Reference group coverage: Employees"
"Guatemala","ADM-IR - Records of the Guatemalan Social Security Institute","SDG indicator 8.8.1 - Non-fatal occupational injuries per 100'000 workers","Sex: Total","Migrant status: Migrants","2022",0,"Coverage of occupational injuries: Reported injuries | Type of cases of occupational injuries: Cases of occupational injury","Reference group coverage: Employees"
"Guatemala","ADM-IR - Records of the Guatemalan Social Security Institute","SDG indicator 8.8.1 - Non-fatal occupational injuries per 100'000 workers","Sex: Total","Migrant status: Non migrants","2022",27.9,"Coverage of occupational injuries: Reported injuries | Type of cases of occupational injuries: Cases of occupational injury","Reference group coverage: Employees"
"Guatemala","ADM-IR - Records of the Guatemalan Social Security Institute","SDG indicator 8.8.1 - Non-fatal occupational injuries per 100'000 workers","Sex: Male","Migrant status: Total","2022",36.06,"Coverage of occupational injuries: Reported injuries | Type of cases of occupational injuries: Cases of occupational injury","Reference group coverage: Employees"
"Guatemala","ADM-IR - Records of the Guatemalan Social Security Institute","SDG indicator 8.8.1 - Non-fatal occupational injuries per 100'000 workers","Sex: Male","Migrant status: Migrants","2022",0,"Coverage of occupational injuries: Reported injuries | Type of cases of occupational injuries: Cases of occupational injury","Reference group coverage: Employees"
"Guatemala","ADM-IR - Records of the Guatemalan Social Security Institute","SDG indicator 8.8.1 - Non-fatal occupational injuries per 100'000 workers","Sex: Male","Migrant status: Non migrants","2022",36.09,"Coverage of occupational injuries: Reported injuries | Type of cases of occupational injuries: Cases of occupational injury","Reference group coverage: Employees"
"Guatemala","ADM-IR - Records of the Guatemalan Social Security Institute","SDG indicator 8.8.1 - Non-fatal occupational injuries per 100'000 workers","Sex: Female","Migrant status: Total","2022",9.47,"Coverage of occupational injuries: Reported injuries | Type of cases of occupational injuries: Cases of occupational injury","Reference group coverage: Employees"
"Guatemala","ADM-IR - Records of the Guatemalan Social Security Institute","SDG indicator 8.8.1 - Non-fatal occupational injuries per 100'000 workers","Sex: Female","Migrant status: Migrants","2022",0,"Coverage of occupational injuries: Reported injuries | Type of cases of occupational injuries: Cases of occupational injury","Reference group coverage: Employees"
"Guatemala","ADM-IR - Records of the Guatemalan Social Security Institute","SDG indicator 8.8.1 - Non-fatal occupational injuries per 100'000 workers","Sex: Female","Migrant status: Non migrants","2022",9.49,"Coverage of occupational injuries: Reported injuries | Type of cases of occupational injuries: Cases of occupational injury","Reference group coverage: Employees"
"French Guiana","OE - Official Estimates","SDG indicator 8.8.1 - Non-fatal occupational injuries per 100'000 workers","Sex: Total","Migrant status: Total","2014",1057.33,"Coverage of occupational injuries: Compensated injuries | Type of cases of occupational injuries: Cases of occupational injury | Minimum period of absence from work: Incapacities lasting 1 day or more","Reference group coverage: Insured persons"
"Hong Kong, China","ADM-LIR - Labour Inspectorate Records","SDG indicator 8.8.1 - Non-fatal occupational injuries per 100'000 workers","Sex: Total","Migrant status: Total","2016",1188.09,"Coverage of occupational injuries: Reported injuries | Type of cases of occupational injuries: Including cases of occupational disease | Type of rate: Incidence rate (per 100'000 employees) | Minimum period of absence from work: Incapacities lasting more than 3 days","Data reference period: End of the year | Geographical coverage: Government controlled areas | Reference group coverage: Employees"
"Hong Kong, China","ADM-LIR - Labour Inspectorate Records","SDG indicator 8.8.1 - Non-fatal occupational injuries per 100'000 workers","Sex: Total","Migrant status: Total","2015",1200,"Coverage of occupational injuries: Reported injuries | Type of cases of occupational injuries: Including cases of occupational disease | Type of rate: Incidence rate (per 100'000 employees) | Minimum period of absence from work: Incapacities lasting more than 3 days","Data reference period: End of the year | Geographical coverage: Government controlled areas | Reference group coverage: Employees"
"Hong Kong, China","ADM-LIR - Labour Inspectorate Records","SDG indicator 8.8.1 - Non-fatal occupational injuries per 100'000 workers","Sex: Total","Migrant status: Total","2014",1270,"Coverage of occupational injuries: Reported injuries | Type of cases of occupational injuries: Including cases of occupational disease | Type of rate: Incidence rate (per 100'000 employees) | Minimum period of absence from work: Incapacities lasting more than 3 days","Data reference period: End of the year | Geographical coverage: Government controlled areas | Reference group coverage: Employees"
"Hong Kong, China","ADM-LIR - Labour Inspectorate Records","SDG indicator 8.8.1 - Non-fatal occupational injuries per 100'000 workers","Sex: Total","Migrant status: Total","2013",1313,"Coverage of occupational injuries: Reported injuries | Type of cases of occupational injuries: Including cases of occupational disease | Type of rate: Incidence rate (per 100'000 employees) | Minimum period of absence from work: Incapacities lasting more than 3 days","Data reference period: End of the year | Geographical coverage: Government controlled areas | Reference group coverage: Employees"
"Croatia","ADM-IR - Institute of Public Health","SDG indicator 8.8.1 - Non-fatal occupational injuries per 100'000 workers","Sex: Total","Migrant status: Total","2022",614.17,"Coverage of occupational injuries: Reported injuries | Type of cases of occupational injuries: Including cases of injury due to commuting accidents","Repository: ILO calculations based on Eurostat data | Reference group coverage: Insured persons"
"Croatia","ADM-IR - Institute of Public Health","SDG indicator 8.8.1 - Non-fatal occupational injuries per 100'000 workers","Sex: Total","Migrant status: Total","2021",605.3,"Coverage of occupational injuries: Reported injuries | Type of cases of occupational injuries: Including cases of injury due to commuting accidents","Repository: ILO calculations based on Eurostat data | Reference group coverage: Insured persons"
"Croatia","ADM-IR - Institute of Public Health","SDG indicator 8.8.1 - Non-fatal occupational injuries per 100'000 workers","Sex: Total","Migrant status: Total","2020",549.34,"Coverage of occupational injuries: Reported injuries | Type of cases of occupational injuries: Including cases of injury due to commuting accidents","Repository: ILO calculations based on Eurostat data | Reference group coverage: Insured persons"
"Croatia","ADM-IR - Institute of Public Health","SDG indicator 8.8.1 - Non-fatal occupational injuries per 100'000 workers","Sex: Total","Migrant status: Total","2019",658.56,"Coverage of occupational injuries: Reported injuries | Type of cases of occupational injuries: Including cases of injury due to commuting accidents","Repository: ILO calculations based on Eurostat data | Reference group coverage: Insured persons"
"Croatia","ADM-IR - Institute of Public Health","SDG indicator 8.8.1 - Non-fatal occupational injuries per 100'000 workers","Sex: Total","Migrant status: Total","2018",832.12,"Coverage of occupational injuries: Reported injuries | Type of cases of occupational injuries: Including cases of injury due to commuting accidents","Repository: ILO calculations based on Eurostat data | Reference group coverage: Insured persons"
"Croatia","ADM-IR - Institute of Public Health","SDG indicator 8.8.1 - Non-fatal occupational injuries per 100'000 workers","Sex: Total","Migrant status: Total","2017",1006.85,"Coverage of occupational injuries: Reported injuries | Type of cases of occupational injuries: Including cases of injury due to commuting accidents","Repository: ILO calculations based on Eurostat data | Reference group coverage: Insured persons"
"Croatia","ADM-IR - Institute of Public Health","SDG indicator 8.8.1 - Non-fatal occupational injuries per 100'000 workers","Sex: Total","Migrant status: Total","2016",1125.69,"Coverage of occupational injuries: Reported injuries | Type of cases of occupational injuries: Including cases of injury due to commuting accidents","Reference group coverage: Insured persons"
"Croatia","ADM-IR - Institute of Public Health","SDG indicator 8.8.1 - Non-fatal occupational injuries per 100'000 workers","Sex: Male","Migrant status: Total","2016",1287.242,"Coverage of occupational injuries: Reported injuries | Type of cases of occupational injuries: Including cases of injury due to commuting accidents","Reference group coverage: Insured persons"
"Croatia","ADM-IR - Institute of Public Health","SDG indicator 8.8.1 - Non-fatal occupational injuries per 100'000 workers","Sex: Female","Migrant status: Total","2016",945.176,"Coverage of occupational injuries: Reported injuries | Type of cases of occupational injuries: Including cases of injury due to commuting accidents","Reference group coverage: Insured persons"
"Croatia","ADM-IR - Institute of Public Health","SDG indicator 8.8.1 - Non-fatal occupational injuries per 100'000 workers","Sex: Total","Migrant status: Total","2015",929.8,"Coverage of occupational injuries: Reported injuries | Type of cases of occupational injuries: Including cases of injury due to commuting accidents","Repository: ILO calculations based on Eurostat data | Reference group coverage: Insured persons"
"Croatia","ADM-IR - Institute of Public Health","SDG indicator 8.8.1 - Non-fatal occupational injuries per 100'000 workers","Sex: Male","Migrant status: Total","2015",1157.05,"Coverage of occupational injuries: Reported injuries | Type of cases of occupational injuries: Including cases of injury due to commuting accidents","Repository: ILO calculations based on Eurostat data | Reference group coverage: Insured persons"
"Croatia","ADM-IR - Institute of Public Health","SDG indicator 8.8.1 - Non-fatal occupational injuries per 100'000 workers","Sex: Female","Migrant status: Total","2015",675.6,"Coverage of occupational injuries: Reported injuries | Type of cases of occupational injuries: Including cases of injury due to commuting accidents","Repository: ILO calculations based on Eurostat data | Reference group coverage: Insured persons"
"Croatia","ADM-IR - Institute of Public Health","SDG indicator 8.8.1 - Non-fatal occupational injuries per 100'000 workers","Sex: Total","Migrant status: Total","2014",869.77,"Coverage of occupational injuries: Reported injuries | Type of cases of occupational injuries: Including cases of injury due to commuting accidents","Repository: ILO calculations based on Eurostat data | Reference group coverage: Insured persons"
"Croatia","ADM-IR - Institute of Public Health","SDG indicator 8.8.1 - Non-fatal occupational injuries per 100'000 workers","Sex: Total","Migrant status: Total","2013",829.63,"Coverage of occupational injuries: Reported injuries | Type of cases of occupational injuries: Including cases of injury due to commuting accidents","Repository: ILO calculations based on Eurostat data | Reference group coverage: Insured persons"
"Croatia","ADM-IR - Institute of Public Health","SDG indicator 8.8.1 - Non-fatal occupational injuries per 100'000 workers","Sex: Male","Migrant status: Total","2013",1033.08,"Coverage of occupational injuries: Reported injuries | Type of cases of occupational injuries: Including cases of injury due to commuting accidents","Repository: ILO calculations based on Eurostat data | Reference group coverage: Insured persons"
"Croatia","ADM-IR - Institute of Public Health","SDG indicator 8.8.1 - Non-fatal occupational injuries per 100'000 workers","Sex: Female","Migrant status: Total","2013",592.11,"Coverage of occupational injuries: Reported injuries | Type of cases of occupational injuries: Including cases of injury due to commuting accidents","Repository: ILO calculations based on Eurostat data | Reference group coverage: Insured persons"
"Hungary","ADM-LIR - Labour Inspectorate Records","SDG indicator 8.8.1 - Non-fatal occupational injuries per 100'000 workers","Sex: Total","Migrant status: Total","2023",435.96,"Coverage of occupational injuries: Reported injuries | Type of cases of occupational injuries: Cases of occupational injury","Reference group coverage: Employees"
"Hungary","ADM-LIR - Labour Inspectorate Records","SDG indicator 8.8.1 - Non-fatal occupational injuries per 100'000 workers","Sex: Total","Migrant status: Migrants","2023",9.06,"Coverage of occupational injuries: Reported injuries | Type of cases of occupational injuries: Cases of occupational injury","Reference group coverage: Employees"
"Hungary","ADM-LIR - Labour Inspectorate Records","SDG indicator 8.8.1 - Non-fatal occupational injuries per 100'000 workers","Sex: Total","Migrant status: Non migrants","2023",426.9,"Coverage of occupational injuries: Reported injuries | Type of cases of occupational injuries: Cases of occupational injury","Reference group coverage: Employees"
"Hungary","ADM-LIR - Labour Inspectorate Records","SDG indicator 8.8.1 - Non-fatal occupational injuries per 100'000 workers","Sex: Male","Migrant status: Total","2023",511,"Coverage of occupational injuries: Reported injuries | Type of cases of occupational injuries: Cases of occupational injury","Reference group coverage: Employees"
"Hungary","ADM-LIR - Labour Inspectorate Records","SDG indicator 8.8.1 - Non-fatal occupational injuries per 100'000 workers","Sex: Male","Migrant status: Migrants","2023",6.1,"Coverage of occupational injuries: Reported injuries | Type of cases of occupational injuries: Cases of occupational injury","Reference group coverage: Employees"
"Hungary","ADM-LIR - Labour Inspectorate Records","SDG indicator 8.8.1 - Non-fatal occupational injuries per 100'000 workers","Sex: Male","Migrant status: Non migrants","2023",264.95,"Coverage of occupational injuries: Reported injuries | Type of cases of occupational injuries: Cases of occupational injury","Reference group coverage: Employees"
"Hungary","ADM-LIR - Labour Inspectorate Records","SDG indicator 8.8.1 - Non-fatal occupational injuries per 100'000 workers","Sex: Female","Migrant status: Total","2023",351,"Coverage of occupational injuries: Reported injuries | Type of cases of occupational injuries: Cases of occupational injury","Reference group coverage: Employees"
"Hungary","ADM-LIR - Labour Inspectorate Records","SDG indicator 8.8.1 - Non-fatal occupational injuries per 100'000 workers","Sex: Female","Migrant status: Migrants","2023",2.96,"Coverage of occupational injuries: Reported injuries | Type of cases of occupational injuries: Cases of occupational injury","Reference group coverage: Employees"
"Hungary","ADM-LIR - Labour Inspectorate Records","SDG indicator 8.8.1 - Non-fatal occupational injuries per 100'000 workers","Sex: Female","Migrant status: Non migrants","2023",161.95,"Coverage of occupational injuries: Reported injuries | Type of cases of occupational injuries: Cases of occupational injury","Reference group coverage: Employees"
"Hungary","ADM-LIR - Labour Inspectorate Records","SDG indicator 8.8.1 - Non-fatal occupational injuries per 100'000 workers","Sex: Total","Migrant status: Total","2022",451.6,"Coverage of occupational injuries: Reported injuries | Type of cases of occupational injuries: Cases of occupational injury","Reference group coverage: Employees"
"Hungary","ADM-LIR - Labour Inspectorate Records","SDG indicator 8.8.1 - Non-fatal occupational injuries per 100'000 workers","Sex: Total","Migrant status: Migrants","2022",7.73,"Coverage of occupational injuries: Reported injuries | Type of cases of occupational injuries: Cases of occupational injury","Reference group coverage: Employees"
"Hungary","ADM-LIR - Labour Inspectorate Records","SDG indicator 8.8.1 - Non-fatal occupational injuries per 100'000 workers","Sex: Total","Migrant status: Non migrants","2022",443.87,"Coverage of occupational injuries: Reported injuries | Type of cases of occupational injuries: Cases of occupational injury","Reference group coverage: Employees"
"Hungary","ADM-LIR - Labour Inspectorate Records","SDG indicator 8.8.1 - Non-fatal occupational injuries per 100'000 workers","Sex: Male","Migrant status: Total","2022",539.2,"Coverage of occupational injuries: Reported injuries | Type of cases of occupational injuries: Cases of occupational injury","Reference group coverage: Employees"
"Hungary","ADM-LIR - Labour Inspectorate Records","SDG indicator 8.8.1 - Non-fatal occupational injuries per 100'000 workers","Sex: Male","Migrant status: Migrants","2022",5.26,"Coverage of occupational injuries: Reported injuries | Type of cases of occupational injuries: Cases of occupational injury","Reference group coverage: Employees"
"Hungary","ADM-LIR - Labour Inspectorate Records","SDG indicator 8.8.1 - Non-fatal occupational injuries per 100'000 workers","Sex: Male","Migrant status: Non migrants","2022",280.93,"Coverage of occupational injuries: Reported injuries | Type of cases of occupational injuries: Cases of occupational injury","Reference group coverage: Employees"
"Hungary","ADM-LIR - Labour Inspectorate Records","SDG indicator 8.8.1 - Non-fatal occupational injuries per 100'000 workers","Sex: Female","Migrant status: Total","2022",352.4,"Coverage of occupational injuries: Reported injuries | Type of cases of occupational injuries: Cases of occupational injury","Reference group coverage: Employees"
"Hungary","ADM-LIR - Labour Inspectorate Records","SDG indicator 8.8.1 - Non-fatal occupational injuries per 100'000 workers","Sex: Female","Migrant status: Migrants","2022",2.47,"Coverage of occupational injuries: Reported injuries | Type of cases of occupational injuries: Cases of occupational injury","Reference group coverage: Employees"
"Hungary","ADM-LIR - Labour Inspectorate Records","SDG indicator 8.8.1 - Non-fatal occupational injuries per 100'000 workers","Sex: Female","Migrant status: Non migrants","2022",162.94,"Coverage of occupational injuries: Reported injuries | Type of cases of occupational injuries: Cases of occupational injury","Reference group coverage: Employees"
"Hungary","ADM-LIR - Labour Inspectorate Records","SDG indicator 8.8.1 - Non-fatal occupational injuries per 100'000 workers","Sex: Total","Migrant status: Total","2021",464.06,"Coverage of occupational injuries: Reported injuries | Type of cases of occupational injuries: Cases of occupational injury","Reference group coverage: Employees"
"Hungary","ADM-LIR - Labour Inspectorate Records","SDG indicator 8.8.1 - Non-fatal occupational injuries per 100'000 workers","Sex: Total","Migrant status: Migrants","2021",6.39,"Coverage of occupational injuries: Reported injuries | Type of cases of occupational injuries: Cases of occupational injury","Reference group coverage: Employees"
"Hungary","ADM-LIR - Labour Inspectorate Records","SDG indicator 8.8.1 - Non-fatal occupational injuries per 100'000 workers","Sex: Total","Migrant status: Non migrants","2021",457.67,"Coverage of occupational injuries: Reported injuries | Type of cases of occupational injuries: Cases of occupational injury","Reference group coverage: Employees"
"Hungary","ADM-LIR - Labour Inspectorate Records","SDG indicator 8.8.1 - Non-fatal occupational injuries per 100'000 workers","Sex: Male","Migrant status: Total","2021",562.37,"Coverage of occupational injuries: Reported injuries | Type of cases of occupational injuries: Cases of occupational injury","Reference group coverage: Employees"
"Hungary","ADM-LIR - Labour Inspectorate Records","SDG indicator 8.8.1 - Non-fatal occupational injuries per 100'000 workers","Sex: Male","Migrant status: Migrants","2021",4.51,"Coverage of occupational injuries: Reported injuries | Type of cases of occupational injuries: Cases of occupational injury","Reference group coverage: Employees"
"Hungary","ADM-LIR - Labour Inspectorate Records","SDG indicator 8.8.1 - Non-fatal occupational injuries per 100'000 workers","Sex: Male","Migrant status: Non migrants","2021",295.67,"Coverage of occupational injuries: Reported injuries | Type of cases of occupational injuries: Cases of occupational injury","Reference group coverage: Employees"
"Hungary","ADM-LIR - Labour Inspectorate Records","SDG indicator 8.8.1 - Non-fatal occupational injuries per 100'000 workers","Sex: Female","Migrant status: Total","2021",351.132,"Coverage of occupational injuries: Reported injuries | Type of cases of occupational injuries: Cases of occupational injury","Reference group coverage: Employees"
"Hungary","ADM-LIR - Labour Inspectorate Records","SDG indicator 8.8.1 - Non-fatal occupational injuries per 100'000 workers","Sex: Female","Migrant status: Migrants","2021",1.88,"Coverage of occupational injuries: Reported injuries | Type of cases of occupational injuries: Cases of occupational injury","Reference group coverage: Employees"
"Hungary","ADM-LIR - Labour Inspectorate Records","SDG indicator 8.8.1 - Non-fatal occupational injuries per 100'000 workers","Sex: Female","Migrant status: Non migrants","2021",162,"Coverage of occupational injuries: Reported injuries | Type of cases of occupational injuries: Cases of occupational injury","Reference group coverage: Employees"
"Hungary","ADM-LIR - Labour Inspectorate Records","SDG indicator 8.8.1 - Non-fatal occupational injuries per 100'000 workers","Sex: Total","Migrant status: Total","2020",441.418,"Coverage of occupational injuries: Reported injuries | Type of cases of occupational injuries: Cases of occupational injury","Reference group coverage: Employees"
"Hungary","ADM-LIR - Labour Inspectorate Records","SDG indicator 8.8.1 - Non-fatal occupational injuries per 100'000 workers","Sex: Total","Migrant status: Migrants","2020",6.414,"Coverage of occupational injuries: Reported injuries | Type of cases of occupational injuries: Cases of occupational injury","Reference group coverage: Employees"
"Hungary","ADM-LIR - Labour Inspectorate Records","SDG indicator 8.8.1 - Non-fatal occupational injuries per 100'000 workers","Sex: Total","Migrant status: Non migrants","2020",435.004,"Coverage of occupational injuries: Reported injuries | Type of cases of occupational injuries: Cases of occupational injury","Reference group coverage: Employees"
"Hungary","ADM-LIR - Labour Inspectorate Records","SDG indicator 8.8.1 - Non-fatal occupational injuries per 100'000 workers","Sex: Male","Migrant status: Total","2020",536.299,"Coverage of occupational injuries: Reported injuries | Type of cases of occupational injuries: Cases of occupational injury","Reference group coverage: Employees"
"Hungary","ADM-LIR - Labour Inspectorate Records","SDG indicator 8.8.1 - Non-fatal occupational injuries per 100'000 workers","Sex: Male","Migrant status: Migrants","2020",8.123,"Coverage of occupational injuries: Reported injuries | Type of cases of occupational injuries: Cases of occupational injury","Reference group coverage: Employees"
"Hungary","ADM-LIR - Labour Inspectorate Records","SDG indicator 8.8.1 - Non-fatal occupational injuries per 100'000 workers","Sex: Male","Migrant status: Non migrants","2020",528.176,"Coverage of occupational injuries: Reported injuries | Type of cases of occupational injuries: Cases of occupational injury","Reference group coverage: Employees"
"Hungary","ADM-LIR - Labour Inspectorate Records","SDG indicator 8.8.1 - Non-fatal occupational injuries per 100'000 workers","Sex: Female","Migrant status: Total","2020",332.115,"Coverage of occupational injuries: Reported injuries | Type of cases of occupational injuries: Cases of occupational injury","Reference group coverage: Employees"
"Hungary","ADM-LIR - Labour Inspectorate Records","SDG indicator 8.8.1 - Non-fatal occupational injuries per 100'000 workers","Sex: Female","Migrant status: Migrants","2020",4.445,"Coverage of occupational injuries: Reported injuries | Type of cases of occupational injuries: Cases of occupational injury","Reference group coverage: Employees"
"Hungary","ADM-LIR - Labour Inspectorate Records","SDG indicator 8.8.1 - Non-fatal occupational injuries per 100'000 workers","Sex: Female","Migrant status: Non migrants","2020",327.67,"Coverage of occupational injuries: Reported injuries | Type of cases of occupational injuries: Cases of occupational injury","Reference group coverage: Employees"
"Hungary","ADM-LIR - Labour Inspectorate Records","SDG indicator 8.8.1 - Non-fatal occupational injuries per 100'000 workers","Sex: Total","Migrant status: Total","2019",591.14,"Coverage of occupational injuries: Reported injuries","Repository: ILO calculations based on Eurostat data | Reference group coverage: Employees"
"Hungary","ADM-LIR - Labour Inspectorate Records","SDG indicator 8.8.1 - Non-fatal occupational injuries per 100'000 workers","Sex: Total","Migrant status: Total","2018",586.2,"Coverage of occupational injuries: Reported injuries","Repository: ILO calculations based on Eurostat data | Reference group coverage: Employees"
"Hungary","ADM-LIR - Labour Inspectorate Records","SDG indicator 8.8.1 - Non-fatal occupational injuries per 100'000 workers","Sex: Total","Migrant status: Total","2017",640.44,"Coverage of occupational injuries: Reported injuries","Repository: ILO calculations based on Eurostat data | Reference group coverage: Employees"
"Hungary","ADM-LIR - Labour Inspectorate Records","SDG indicator 8.8.1 - Non-fatal occupational injuries per 100'000 workers","Sex: Total","Migrant status: Total","2016",530,"Coverage of occupational injuries: Reported injuries | Type of cases of occupational injuries: Cases of occupational injury","Reference group coverage: Employees"
"Hungary","ADM-LIR - Labour Inspectorate Records","SDG indicator 8.8.1 - Non-fatal occupational injuries per 100'000 workers","Sex: Male","Migrant status: Total","2016",620,"Coverage of occupational injuries: Reported injuries | Type of cases of occupational injuries: Cases of occupational injury","Reference group coverage: Employees"
"Hungary","ADM-LIR - Labour Inspectorate Records","SDG indicator 8.8.1 - Non-fatal occupational injuries per 100'000 workers","Sex: Female","Migrant status: Total","2016",410,"Coverage of occupational injuries: Reported injuries | Type of cases of occupational injuries: Cases of occupational injury","Reference group coverage: Employees"
"Hungary","ADM-LIR - Labour Inspectorate Records","SDG indicator 8.8.1 - Non-fatal occupational injuries per 100'000 workers","Sex: Total","Migrant status: Total","2015",495.8,"Coverage of occupational injuries: Reported injuries","Repository: ILO calculations based on Eurostat data | Reference group coverage: Employees"
"Hungary","ADM-LIR - Labour Inspectorate Records","SDG indicator 8.8.1 - Non-fatal occupational injuries per 100'000 workers","Sex: Male","Migrant status: Total","2015",592.91,"Coverage of occupational injuries: Reported injuries","Repository: ILO calculations based on Eurostat data | Reference group coverage: Employees"
"Hungary","ADM-LIR - Labour Inspectorate Records","SDG indicator 8.8.1 - Non-fatal occupational injuries per 100'000 workers","Sex: Female","Migrant status: Total","2015",380.7,"Coverage of occupational injuries: Reported injuries","Repository: ILO calculations based on Eurostat data | Reference group coverage: Employees"
"Hungary","ADM-LIR - Labour Inspectorate Records","SDG indicator 8.8.1 - Non-fatal occupational injuries per 100'000 workers","Sex: Total","Migrant status: Total","2014",477.16,"Coverage of occupational injuries: Reported injuries","Repository: ILO calculations based on Eurostat data | Reference group coverage: Employees"
"Hungary","ADM-LIR - Labour Inspectorate Records","SDG indicator 8.8.1 - Non-fatal occupational injuries per 100'000 workers","Sex: Male","Migrant status: Total","2014",572.84,"Coverage of occupational injuries: Reported injuries","Repository: ILO calculations based on Eurostat data | Reference group coverage: Employees"
"Hungary","ADM-LIR - Labour Inspectorate Records","SDG indicator 8.8.1 - Non-fatal occupational injuries per 100'000 workers","Sex: Female","Migrant status: Total","2014",364.12,"Coverage of occupational injuries: Reported injuries","Repository: ILO calculations based on Eurostat data | Reference group coverage: Employees"
"Hungary","ADM-LIR - Labour Inspectorate Records","SDG indicator 8.8.1 - Non-fatal occupational injuries per 100'000 workers","Sex: Total","Migrant status: Total","2013",479.86,"Coverage of occupational injuries: Reported injuries","Repository: ILO calculations based on Eurostat data | Reference group coverage: Employees"
"Ireland","ADM-LIR - Health and Safety Authority Records","SDG indicator 8.8.1 - Non-fatal occupational injuries per 100'000 workers","Sex: Total","Migrant status: Total","2022",794.05,"Coverage of occupational injuries: Reported injuries","Repository: ILO calculations based on Eurostat data"
"Ireland","ADM-LIR - Health and Safety Authority Records","SDG indicator 8.8.1 - Non-fatal occupational injuries per 100'000 workers","Sex: Total","Migrant status: Total","2021",688.45,"Coverage of occupational injuries: Reported injuries","Repository: ILO calculations based on Eurostat data"
"Ireland","ADM-LIR - Health and Safety Authority Records","SDG indicator 8.8.1 - Non-fatal occupational injuries per 100'000 workers","Sex: Total","Migrant status: Total","2020",526.27,"Coverage of occupational injuries: Reported injuries","Repository: ILO calculations based on Eurostat data"
"Ireland","ADM-LIR - Health and Safety Authority Records","SDG indicator 8.8.1 - Non-fatal occupational injuries per 100'000 workers","Sex: Total","Migrant status: Total","2019",570.59,"Coverage of occupational injuries: Reported injuries","Repository: ILO calculations based on Eurostat data"
"Ireland","ADM-LIR - Health and Safety Authority Records","SDG indicator 8.8.1 - Non-fatal occupational injuries per 100'000 workers","Sex: Total","Migrant status: Total","2018",801.34,"Coverage of occupational injuries: Reported injuries","Repository: ILO calculations based on Eurostat data"
"Ireland","ADM-LIR - Health and Safety Authority Records","SDG indicator 8.8.1 - Non-fatal occupational injuries per 100'000 workers","Sex: Total","Migrant status: Total","2017",1008.38,"Coverage of occupational injuries: Reported injuries","Repository: ILO calculations based on Eurostat data"
"Ireland","ADM-LIR - Health and Safety Authority Records","SDG indicator 8.8.1 - Non-fatal occupational injuries per 100'000 workers","Sex: Total","Migrant status: Total","2016",702.61,"Coverage of occupational injuries: Reported injuries","Repository: ILO calculations based on Eurostat data"
"Ireland","ADM-LIR - Health and Safety Authority Records","SDG indicator 8.8.1 - Non-fatal occupational injuries per 100'000 workers","Sex: Total","Migrant status: Total","2015",855.85,"Coverage of occupational injuries: Reported injuries","Repository: ILO calculations based on Eurostat data"
"Ireland","ADM-LIR - Health and Safety Authority Records","SDG indicator 8.8.1 - Non-fatal occupational injuries per 100'000 workers","Sex: Total","Migrant status: Total","2014",946.49,"Coverage of occupational injuries: Reported injuries","Repository: ILO calculations based on Eurostat data"
"Ireland","ADM-LIR - Health and Safety Authority Records","SDG indicator 8.8.1 - Non-fatal occupational injuries per 100'000 workers","Sex: Total","Migrant status: Total","2013",959.46,"Coverage of occupational injuries: Reported injuries","Repository: ILO calculations based on Eurostat data"
"Iceland","ADM - Administrative records and related sources","SDG indicator 8.8.1 - Non-fatal occupational injuries per 100'000 workers","Sex: Total","Migrant status: Total","2023",1028.305,"Coverage of occupational injuries: Reported injuries | Type of cases of occupational injuries: Cases of occupational injury","Employment definition: Excluding own-use production workers"
"Iceland","ADM - Administrative records and related sources","SDG indicator 8.8.1 - Non-fatal occupational injuries per 100'000 workers","Sex: Total","Migrant status: Migrants","2023",1447.737,"Coverage of occupational injuries: Reported injuries | Type of cases of occupational injuries: Cases of occupational injury","Employment definition: Excluding own-use production workers"
"Iceland","ADM - Administrative records and related sources","SDG indicator 8.8.1 - Non-fatal occupational injuries per 100'000 workers","Sex: Total","Migrant status: Non migrants","2023",902.891,"Coverage of occupational injuries: Reported injuries | Type of cases of occupational injuries: Cases of occupational injury","Employment definition: Excluding own-use production workers"
"Iceland","ADM - Administrative records and related sources","SDG indicator 8.8.1 - Non-fatal occupational injuries per 100'000 workers","Sex: Male","Migrant status: Total","2023",1228.471,"Coverage of occupational injuries: Reported injuries | Type of cases of occupational injuries: Cases of occupational injury","Employment definition: Excluding own-use production workers"
"Iceland","ADM - Administrative records and related sources","SDG indicator 8.8.1 - Non-fatal occupational injuries per 100'000 workers","Sex: Male","Migrant status: Migrants","2023",1811.413,"Coverage of occupational injuries: Reported injuries | Type of cases of occupational injuries: Cases of occupational injury","Employment definition: Excluding own-use production workers"
"Iceland","ADM - Administrative records and related sources","SDG indicator 8.8.1 - Non-fatal occupational injuries per 100'000 workers","Sex: Male","Migrant status: Non migrants","2023",1042.357,"Coverage of occupational injuries: Reported injuries | Type of cases of occupational injuries: Cases of occupational injury","Employment definition: Excluding own-use production workers"
"Iceland","ADM - Administrative records and related sources","SDG indicator 8.8.1 - Non-fatal occupational injuries per 100'000 workers","Sex: Female","Migrant status: Total","2023",800.741,"Coverage of occupational injuries: Reported injuries | Type of cases of occupational injuries: Cases of occupational injury","Employment definition: Excluding own-use production workers"
"Iceland","ADM - Administrative records and related sources","SDG indicator 8.8.1 - Non-fatal occupational injuries per 100'000 workers","Sex: Female","Migrant status: Migrants","2023",997.197,"Coverage of occupational injuries: Reported injuries | Type of cases of occupational injuries: Cases of occupational injury","Employment definition: Excluding own-use production workers"
"Iceland","ADM - Administrative records and related sources","SDG indicator 8.8.1 - Non-fatal occupational injuries per 100'000 workers","Sex: Female","Migrant status: Non migrants","2023",747.148,"Coverage of occupational injuries: Reported injuries | Type of cases of occupational injuries: Cases of occupational injury","Employment definition: Excluding own-use production workers"
"Iceland","ADM - Administrative records and related sources","SDG indicator 8.8.1 - Non-fatal occupational injuries per 100'000 workers","Sex: Total","Migrant status: Total","2022",571.57,"Coverage of occupational injuries: Reported injuries","Repository: ILO calculations based on Eurostat data | Reference group coverage: Employees"
"Iceland","ADM - Administrative records and related sources","SDG indicator 8.8.1 - Non-fatal occupational injuries per 100'000 workers","Sex: Total","Migrant status: Total","2021",0,"Coverage of occupational injuries: Reported injuries","Repository: ILO calculations based on Eurostat data | Reference group coverage: Employees"
"Iceland","ADM - Administrative records and related sources","SDG indicator 8.8.1 - Non-fatal occupational injuries per 100'000 workers","Sex: Total","Migrant status: Total","2020",553.11,"Coverage of occupational injuries: Reported injuries","Repository: ILO calculations based on Eurostat data | Reference group coverage: Employees"
"Iceland","ADM - Administrative records and related sources","SDG indicator 8.8.1 - Non-fatal occupational injuries per 100'000 workers","Sex: Total","Migrant status: Total","2019",657.16,"Coverage of occupational injuries: Reported injuries","Repository: ILO calculations based on Eurostat data | Reference group coverage: Employees"
"Iceland","ADM - Administrative records and related sources","SDG indicator 8.8.1 - Non-fatal occupational injuries per 100'000 workers","Sex: Total","Migrant status: Total","2018",698.8,"Coverage of occupational injuries: Reported injuries","Repository: ILO calculations based on Eurostat data | Reference group coverage: Employees"
"Iceland","ADM - Administrative records and related sources","SDG indicator 8.8.1 - Non-fatal occupational injuries per 100'000 workers","Sex: Total","Migrant status: Total","2017",674.13,"Coverage of occupational injuries: Reported injuries","Repository: ILO calculations based on Eurostat data | Reference group coverage: Employees"
"Iceland","ADM - Administrative records and related sources","SDG indicator 8.8.1 - Non-fatal occupational injuries per 100'000 workers","Sex: Total","Migrant status: Total","2016",681.97,"Coverage of occupational injuries: Reported injuries","Repository: ILO calculations based on Eurostat data | Reference group coverage: Employees"
"Iceland","ADM - Administrative records and related sources","SDG indicator 8.8.1 - Non-fatal occupational injuries per 100'000 workers","Sex: Total","Migrant status: Total","2015",1054.73,"Coverage of occupational injuries: Reported injuries | Type of cases of occupational injuries: Cases of occupational injury | Minimum period of absence from work: Incapacities lasting 1 day or more","Data reference period: January"
"Iceland","ADM - Administrative records and related sources","SDG indicator 8.8.1 - Non-fatal occupational injuries per 100'000 workers","Sex: Male","Migrant status: Total","2015",1275.97,"Coverage of occupational injuries: Reported injuries | Type of cases of occupational injuries: Cases of occupational injury | Minimum period of absence from work: Incapacities lasting 1 day or more","Data reference period: January"
"Iceland","ADM - Administrative records and related sources","SDG indicator 8.8.1 - Non-fatal occupational injuries per 100'000 workers","Sex: Female","Migrant status: Total","2015",811.97,"Coverage of occupational injuries: Reported injuries | Type of cases of occupational injuries: Cases of occupational injury | Minimum period of absence from work: Incapacities lasting 1 day or more","Data reference period: January"
"Iceland","ADM - Administrative records and related sources","SDG indicator 8.8.1 - Non-fatal occupational injuries per 100'000 workers","Sex: Total","Migrant status: Total","2014",688.38,"Coverage of occupational injuries: Reported injuries","Repository: ILO calculations based on Eurostat data | Reference group coverage: Employees"
"Iceland","ADM - Administrative records and related sources","SDG indicator 8.8.1 - Non-fatal occupational injuries per 100'000 workers","Sex: Total","Migrant status: Total","2013",1038.95,"Coverage of occupational injuries: Reported injuries","Repository: ILO calculations based on Eurostat data | Reference group coverage: Employees"
"Israel","ADM-IR - Records of the National Insurance Institute","SDG indicator 8.8.1 - Non-fatal occupational injuries per 100'000 workers","Sex: Total","Migrant status: Total","2023",1088.28,"Coverage of occupational injuries: Reported injuries | Type of cases of occupational injuries: Cases of occupational injury","Reference group coverage: Insured persons"
"Israel","ADM-IR - Records of the National Insurance Institute","SDG indicator 8.8.1 - Non-fatal occupational injuries per 100'000 workers","Sex: Total","Migrant status: Total","2022",1553.015,"Coverage of occupational injuries: Reported injuries | Type of cases of occupational injuries: Cases of occupational injury","Reference group coverage: Insured persons"
"Israel","ADM-IR - Records of the National Insurance Institute","SDG indicator 8.8.1 - Non-fatal occupational injuries per 100'000 workers","Sex: Male","Migrant status: Total","2022",2226.886,"Coverage of occupational injuries: Reported injuries | Type of cases of occupational injuries: Cases of occupational injury","Reference group coverage: Insured persons"
"Israel","ADM-IR - Records of the National Insurance Institute","SDG indicator 8.8.1 - Non-fatal occupational injuries per 100'000 workers","Sex: Female","Migrant status: Total","2022",1082.156,"Coverage of occupational injuries: Reported injuries | Type of cases of occupational injuries: Cases of occupational injury","Reference group coverage: Insured persons"
"Israel","ADM-IR - Records of the National Insurance Institute","SDG indicator 8.8.1 - Non-fatal occupational injuries per 100'000 workers","Sex: Total","Migrant status: Total","2021",1523,"Coverage of occupational injuries: Reported injuries | Type of cases of occupational injuries: Cases of occupational injury","Reference group coverage: Insured persons"
"Israel","ADM-IR - Records of the National Insurance Institute","SDG indicator 8.8.1 - Non-fatal occupational injuries per 100'000 workers","Sex: Male","Migrant status: Total","2021",2129,"Coverage of occupational injuries: Reported injuries | Type of cases of occupational injuries: Cases of occupational injury","Reference group coverage: Insured persons"
"Israel","ADM-IR - Records of the National Insurance Institute","SDG indicator 8.8.1 - Non-fatal occupational injuries per 100'000 workers","Sex: Female","Migrant status: Total","2021",1068,"Coverage of occupational injuries: Reported injuries | Type of cases of occupational injuries: Cases of occupational injury","Reference group coverage: Insured persons"
"Israel","ADM-IR - Records of the National Insurance Institute","SDG indicator 8.8.1 - Non-fatal occupational injuries per 100'000 workers","Sex: Total","Migrant status: Total","2020",1659.72,"Coverage of occupational injuries: Reported injuries | Type of cases of occupational injuries: Cases of occupational injury","Reference group coverage: Insured persons"
"Israel","ADM-IR - Records of the National Insurance Institute","SDG indicator 8.8.1 - Non-fatal occupational injuries per 100'000 workers","Sex: Male","Migrant status: Total","2020",2331.37,"Coverage of occupational injuries: Reported injuries | Type of cases of occupational injuries: Cases of occupational injury","Reference group coverage: Insured persons"
"Israel","ADM-IR - Records of the National Insurance Institute","SDG indicator 8.8.1 - Non-fatal occupational injuries per 100'000 workers","Sex: Female","Migrant status: Total","2020",1174.2,"Coverage of occupational injuries: Reported injuries | Type of cases of occupational injuries: Cases of occupational injury","Reference group coverage: Insured persons"
"Israel","ADM-IR - Records of the National Insurance Institute","SDG indicator 8.8.1 - Non-fatal occupational injuries per 100'000 workers","Sex: Total","Migrant status: Total","2019",1604.229,"Coverage of occupational injuries: Reported injuries | Type of cases of occupational injuries: Cases of occupational injury","Reference group coverage: Insured persons"
"Israel","ADM-IR - Records of the National Insurance Institute","SDG indicator 8.8.1 - Non-fatal occupational injuries per 100'000 workers","Sex: Male","Migrant status: Total","2019",2286,"Coverage of occupational injuries: Reported injuries | Type of cases of occupational injuries: Cases of occupational injury","Reference group coverage: Insured persons"
"Israel","ADM-IR - Records of the National Insurance Institute","SDG indicator 8.8.1 - Non-fatal occupational injuries per 100'000 workers","Sex: Female","Migrant status: Total","2019",1166.097,"Coverage of occupational injuries: Reported injuries | Type of cases of occupational injuries: Cases of occupational injury","Reference group coverage: Insured persons"
"Israel","ADM-IR - Records of the National Insurance Institute","SDG indicator 8.8.1 - Non-fatal occupational injuries per 100'000 workers","Sex: Total","Migrant status: Total","2018",1563,"Coverage of occupational injuries: Reported injuries | Type of cases of occupational injuries: Cases of occupational injury","Reference group coverage: Insured persons"
"Israel","ADM-IR - Records of the National Insurance Institute","SDG indicator 8.8.1 - Non-fatal occupational injuries per 100'000 workers","Sex: Male","Migrant status: Total","2018",2260,"Coverage of occupational injuries: Reported injuries | Type of cases of occupational injuries: Cases of occupational injury","Reference group coverage: Insured persons"
"Israel","ADM-IR - Records of the National Insurance Institute","SDG indicator 8.8.1 - Non-fatal occupational injuries per 100'000 workers","Sex: Female","Migrant status: Total","2018",1166,"Coverage of occupational injuries: Reported injuries | Type of cases of occupational injuries: Cases of occupational injury","Reference group coverage: Insured persons"
"Israel","ADM-IR - Records of the National Insurance Institute","SDG indicator 8.8.1 - Non-fatal occupational injuries per 100'000 workers","Sex: Total","Migrant status: Total","2017",1655,"Coverage of occupational injuries: Compensated injuries | Type of cases of occupational injuries: Including cases of occupational disease and cases of injury due to commuting accidents","Reference group coverage: Insured persons"
"Israel","ADM-IR - Records of the National Insurance Institute","SDG indicator 8.8.1 - Non-fatal occupational injuries per 100'000 workers","Sex: Total","Migrant status: Total","2016",1772,"Coverage of occupational injuries: Compensated injuries | Type of cases of occupational injuries: Including cases of occupational disease and cases of injury due to commuting accidents | Type of rate: Incidence rate (per 100'000 employees) | Minimum period of absence from work: Incapacities lasting more than 2 days","Reference group coverage: Insured persons"
"Israel","ADM-IR - Records of the National Insurance Institute","SDG indicator 8.8.1 - Non-fatal occupational injuries per 100'000 workers","Sex: Male","Migrant status: Total","2016",2474,"Coverage of occupational injuries: Compensated injuries | Type of cases of occupational injuries: Including cases of occupational disease and cases of injury due to commuting accidents | Type of rate: Incidence rate (per 100'000 employees) | Minimum period of absence from work: Incapacities lasting more than 2 days","Reference group coverage: Insured persons"
"Israel","ADM-IR - Records of the National Insurance Institute","SDG indicator 8.8.1 - Non-fatal occupational injuries per 100'000 workers","Sex: Female","Migrant status: Total","2016",1279,"Coverage of occupational injuries: Compensated injuries | Type of cases of occupational injuries: Including cases of occupational disease and cases of injury due to commuting accidents | Type of rate: Incidence rate (per 100'000 employees) | Minimum period of absence from work: Incapacities lasting more than 2 days","Reference group coverage: Insured persons"
"Israel","ADM-IR - Records of the National Insurance Institute","SDG indicator 8.8.1 - Non-fatal occupational injuries per 100'000 workers","Sex: Total","Migrant status: Total","2014",2262.93,"Coverage of occupational injuries: Compensated injuries | Type of cases of occupational injuries: Including cases of occupational disease and cases of injury due to commuting accidents | Type of rate: Incidence rate (per 100'000 employees) | Minimum period of absence from work: Incapacities lasting more than 2 days","Reference group coverage: Insured persons"
"Israel","ADM-IR - Records of the National Insurance Institute","SDG indicator 8.8.1 - Non-fatal occupational injuries per 100'000 workers","Sex: Male","Migrant status: Total","2014",3104.77,"Coverage of occupational injuries: Compensated injuries | Type of cases of occupational injuries: Including cases of occupational disease and cases of injury due to commuting accidents | Type of rate: Incidence rate (per 100'000 employees) | Minimum period of absence from work: Incapacities lasting more than 2 days","Reference group coverage: Insured persons"
"Israel","ADM-IR - Records of the National Insurance Institute","SDG indicator 8.8.1 - Non-fatal occupational injuries per 100'000 workers","Sex: Female","Migrant status: Total","2014",1377.66,"Coverage of occupational injuries: Compensated injuries | Type of cases of occupational injuries: Including cases of occupational disease and cases of injury due to commuting accidents | Type of rate: Incidence rate (per 100'000 employees) | Minimum period of absence from work: Incapacities lasting more than 2 days","Reference group coverage: Insured persons"
"Italy","ADM-IR - Insurance Records","SDG indicator 8.8.1 - Non-fatal occupational injuries per 100'000 workers","Sex: Total","Migrant status: Total","2022",1429.18,"Coverage of occupational injuries: Reported injuries | Type of cases of occupational injuries: Including cases of injury due to commuting accidents","Repository: ILO calculations based on Eurostat data"
"Italy","ADM-IR - Insurance Records","SDG indicator 8.8.1 - Non-fatal occupational injuries per 100'000 workers","Sex: Total","Migrant status: Total","2021",1209.49,"Coverage of occupational injuries: Reported injuries | Type of cases of occupational injuries: Including cases of injury due to commuting accidents","Repository: ILO calculations based on Eurostat data"
"Italy","ADM-IR - Insurance Records","SDG indicator 8.8.1 - Non-fatal occupational injuries per 100'000 workers","Sex: Total","Migrant status: Total","2020",1413.27,"Coverage of occupational injuries: Reported injuries | Type of cases of occupational injuries: Including cases of injury due to commuting accidents","Repository: ILO calculations based on Eurostat data"
"Italy","ADM-IR - Insurance Records","SDG indicator 8.8.1 - Non-fatal occupational injuries per 100'000 workers","Sex: Total","Migrant status: Total","2019",1238.38,"Coverage of occupational injuries: Reported injuries | Type of cases of occupational injuries: Including cases of injury due to commuting accidents","Repository: ILO calculations based on Eurostat data"
"Italy","ADM-IR - Insurance Records","SDG indicator 8.8.1 - Non-fatal occupational injuries per 100'000 workers","Sex: Total","Migrant status: Total","2018",1255.67,"Coverage of occupational injuries: Reported injuries | Type of cases of occupational injuries: Including cases of injury due to commuting accidents","Repository: ILO calculations based on Eurostat data"
"Italy","ADM-IR - Insurance Records","SDG indicator 8.8.1 - Non-fatal occupational injuries per 100'000 workers","Sex: Total","Migrant status: Total","2017",1277.69,"Coverage of occupational injuries: Reported injuries | Type of cases of occupational injuries: Including cases of injury due to commuting accidents","Repository: ILO calculations based on Eurostat data"
"Italy","ADM-IR - Insurance Records","SDG indicator 8.8.1 - Non-fatal occupational injuries per 100'000 workers","Sex: Total","Migrant status: Total","2016",1300.51,"Coverage of occupational injuries: Reported injuries | Type of cases of occupational injuries: Including cases of injury due to commuting accidents","Repository: ILO calculations based on Eurostat data"
"Italy","ADM-IR - Insurance Records","SDG indicator 8.8.1 - Non-fatal occupational injuries per 100'000 workers","Sex: Total","Migrant status: Total","2015",1313.89,"Coverage of occupational injuries: Reported injuries | Type of cases of occupational injuries: Including cases of injury due to commuting accidents","Repository: ILO calculations based on Eurostat data"
"Italy","ADM-IR - Insurance Records","SDG indicator 8.8.1 - Non-fatal occupational injuries per 100'000 workers","Sex: Total","Migrant status: Total","2014",1406.31,"Coverage of occupational injuries: Reported injuries | Type of cases of occupational injuries: Including cases of injury due to commuting accidents","Repository: ILO calculations based on Eurostat data"
"Italy","ADM-IR - Insurance Records","SDG indicator 8.8.1 - Non-fatal occupational injuries per 100'000 workers","Sex: Total","Migrant status: Total","2013",1469.23,"Coverage of occupational injuries: Reported injuries | Type of cases of occupational injuries: Including cases of injury due to commuting accidents","Repository: ILO calculations based on Eurostat data"
"Japan","ADM-LIR - Labour Standards Inspection Records","SDG indicator 8.8.1 - Non-fatal occupational injuries per 100'000 workers","Sex: Total","Migrant status: Total","2023",234.6,,"Data reference period: End of the year"
"Japan","ADM-LIR - Labour Standards Inspection Records","SDG indicator 8.8.1 - Non-fatal occupational injuries per 100'000 workers","Sex: Total","Migrant status: Total","2021",266,,"Data reference period: End of the year"
"Japan","ES - Survey on Industrial Accidents","SDG indicator 8.8.1 - Non-fatal occupational injuries per 100'000 workers","Sex: Total","Migrant status: Total","2019",208,"Coverage of occupational injuries: Reported injuries | Type of cases of occupational injuries: Including cases of occupational disease","Data reference period: May | Economic activity coverage: Excluding public administration | Reference group coverage: Employees | Establishment size coverage: All establishments with at least 100 employees"
"Japan","ES - Survey on Industrial Accidents","SDG indicator 8.8.1 - Non-fatal occupational injuries per 100'000 workers","Sex: Total","Migrant status: Total","2018",230,"Coverage of occupational injuries: Reported injuries | Type of cases of occupational injuries: Including cases of occupational disease","Data reference period: May | Economic activity coverage: Excluding public administration | Reference group coverage: Employees | Establishment size coverage: All establishments with at least 100 employees"
"Japan","ES - Survey on Industrial Accidents","SDG indicator 8.8.1 - Non-fatal occupational injuries per 100'000 workers","Sex: Total","Migrant status: Total","2017",220,"Coverage of occupational injuries: Reported injuries | Type of cases of occupational injuries: Including cases of occupational disease","Data reference period: May | Economic activity coverage: Excluding public administration | Reference group coverage: Employees | Establishment size coverage: All establishments with at least 100 employees"
"Japan","ES - Survey on Industrial Accidents","SDG indicator 8.8.1 - Non-fatal occupational injuries per 100'000 workers","Sex: Total","Migrant status: Total","2016",220,"Coverage of occupational injuries: Reported injuries | Type of cases of occupational injuries: Including cases of occupational disease","Data reference period: May | Economic activity coverage: Excluding public administration | Reference group coverage: Employees | Establishment size coverage: All establishments with at least 100 employees"
"Kazakhstan","ADM-EBR - Businesses and Organizations register","SDG indicator 8.8.1 - Non-fatal occupational injuries per 100'000 workers","Sex: Total","Migrant status: Total","2017",41.5,"Coverage of occupational injuries: Reported injuries | Type of cases of occupational injuries: Cases of occupational injury","Employment definition: Excluding own-use production workers | Population coverage: Excluding both institutional population and armed forces and/or conscripts | Institutional sector coverage: Public sector only | Reference group coverage: Wage earners / blue collar / production workers"
"Kazakhstan","ADM-EBR - Businesses and Organizations register","SDG indicator 8.8.1 - Non-fatal occupational injuries per 100'000 workers","Sex: Male","Migrant status: Total","2017",24,"Coverage of occupational injuries: Reported injuries | Type of cases of occupational injuries: Cases of occupational injury","Employment definition: Excluding own-use production workers | Population coverage: Excluding both institutional population and armed forces and/or conscripts | Institutional sector coverage: Public sector only | Reference group coverage: Wage earners / blue collar / production workers"
"Kazakhstan","ADM-EBR - Businesses and Organizations register","SDG indicator 8.8.1 - Non-fatal occupational injuries per 100'000 workers","Sex: Female","Migrant status: Total","2017",17.5,"Coverage of occupational injuries: Reported injuries | Type of cases of occupational injuries: Cases of occupational injury","Employment definition: Excluding own-use production workers | Population coverage: Excluding both institutional population and armed forces and/or conscripts | Institutional sector coverage: Public sector only | Reference group coverage: Wage earners / blue collar / production workers"
"Kazakhstan","ADM-EBR - Businesses and Organizations register","SDG indicator 8.8.1 - Non-fatal occupational injuries per 100'000 workers","Sex: Total","Migrant status: Total","2015",49.89,"Coverage of occupational injuries: Reported injuries | Type of cases of occupational injuries: Cases of occupational injury | Minimum period of absence from work: No minimum period of absence","Institutional sector coverage: Public sector only | Reference group coverage: Wage earners / blue collar / production workers"
"Kazakhstan","ADM-EBR - Businesses and Organizations register","SDG indicator 8.8.1 - Non-fatal occupational injuries per 100'000 workers","Sex: Male","Migrant status: Total","2015",75.45,"Coverage of occupational injuries: Reported injuries | Type of cases of occupational injuries: Cases of occupational injury | Minimum period of absence from work: No minimum period of absence","Institutional sector coverage: Public sector only | Reference group coverage: Wage earners / blue collar / production workers"
"Kazakhstan","ADM-EBR - Businesses and Organizations register","SDG indicator 8.8.1 - Non-fatal occupational injuries per 100'000 workers","Sex: Female","Migrant status: Total","2015",20.13,"Coverage of occupational injuries: Reported injuries | Type of cases of occupational injuries: Cases of occupational injury | Minimum period of absence from work: No minimum period of absence","Institutional sector coverage: Public sector only | Reference group coverage: Wage earners / blue collar / production workers"
"Kazakhstan","ADM-EBR - Businesses and Organizations register","SDG indicator 8.8.1 - Non-fatal occupational injuries per 100'000 workers","Sex: Total","Migrant status: Total","2013",58.28,"Coverage of occupational injuries: Reported injuries | Type of cases of occupational injuries: Cases of occupational injury | Minimum period of absence from work: No minimum period of absence","Institutional sector coverage: Public sector only | Reference group coverage: Wage earners / blue collar / production workers"
"Kazakhstan","ADM-EBR - Businesses and Organizations register","SDG indicator 8.8.1 - Non-fatal occupational injuries per 100'000 workers","Sex: Male","Migrant status: Total","2013",89.87,"Coverage of occupational injuries: Reported injuries | Type of cases of occupational injuries: Cases of occupational injury | Minimum period of absence from work: No minimum period of absence","Institutional sector coverage: Public sector only | Reference group coverage: Wage earners / blue collar / production workers"
"Kazakhstan","ADM-EBR - Businesses and Organizations register","SDG indicator 8.8.1 - Non-fatal occupational injuries per 100'000 workers","Sex: Female","Migrant status: Total","2013",21.46,"Coverage of occupational injuries: Reported injuries | Type of cases of occupational injuries: Cases of occupational injury | Minimum period of absence from work: No minimum period of absence","Institutional sector coverage: Public sector only | Reference group coverage: Wage earners / blue collar / production workers"
"Kyrgyzstan","ADM-LIR - Labour Inspectorate Records","SDG indicator 8.8.1 - Non-fatal occupational injuries per 100'000 workers","Sex: Total","Migrant status: Total","2015",22.1,"Coverage of occupational injuries: Reported injuries | Type of cases of occupational injuries: Cases of occupational injury | Type of rate: Incidence rate (per 100'000 workers employed) | Minimum period of absence from work: Incapacities lasting 1 day or more","Data reference period: End of the year | Reference group coverage: Employees"
"Kyrgyzstan","ADM-LIR - Labour Inspectorate Records","SDG indicator 8.8.1 - Non-fatal occupational injuries per 100'000 workers","Sex: Male","Migrant status: Total","2015",37.9,"Coverage of occupational injuries: Reported injuries | Type of cases of occupational injuries: Cases of occupational injury | Type of rate: Incidence rate (per 100'000 workers employed) | Minimum period of absence from work: Incapacities lasting 1 day or more","Data reference period: End of the year | Reference group coverage: Employees"
"Kyrgyzstan","ADM-LIR - Labour Inspectorate Records","SDG indicator 8.8.1 - Non-fatal occupational injuries per 100'000 workers","Sex: Female","Migrant status: Total","2015",8.4,"Coverage of occupational injuries: Reported injuries | Type of cases of occupational injuries: Cases of occupational injury | Type of rate: Incidence rate (per 100'000 workers employed) | Minimum period of absence from work: Incapacities lasting 1 day or more","Data reference period: End of the year | Reference group coverage: Employees"
"Kyrgyzstan","ADM-LIR - Labour Inspectorate Records","SDG indicator 8.8.1 - Non-fatal occupational injuries per 100'000 workers","Sex: Total","Migrant status: Total","2013",38,"Coverage of occupational injuries: Reported injuries | Type of cases of occupational injuries: Cases of occupational injury | Type of rate: Incidence rate (per 100'000 workers employed) | Minimum period of absence from work: Incapacities lasting 1 day or more","Data reference period: End of the year | Reference group coverage: Employees"
"Kyrgyzstan","ADM-LIR - Labour Inspectorate Records","SDG indicator 8.8.1 - Non-fatal occupational injuries per 100'000 workers","Sex: Male","Migrant status: Total","2013",63,"Coverage of occupational injuries: Reported injuries | Type of cases of occupational injuries: Cases of occupational injury | Type of rate: Incidence rate (per 100'000 workers employed) | Minimum period of absence from work: Incapacities lasting 1 day or more","Data reference period: End of the year | Reference group coverage: Employees"
"Kyrgyzstan","ADM-LIR - Labour Inspectorate Records","SDG indicator 8.8.1 - Non-fatal occupational injuries per 100'000 workers","Sex: Female","Migrant status: Total","2013",16,"Coverage of occupational injuries: Reported injuries | Type of cases of occupational injuries: Cases of occupational injury | Type of rate: Incidence rate (per 100'000 workers employed) | Minimum period of absence from work: Incapacities lasting 1 day or more","Data reference period: End of the year | Reference group coverage: Employees"
"Sri Lanka","ADM-LIR - Labour Inspectorate Records","SDG indicator 8.8.1 - Non-fatal occupational injuries per 100'000 workers","Sex: Total","Migrant status: Total","2023",17.65,"Coverage of occupational injuries: Reported injuries | Type of cases of occupational injuries: Cases of occupational injury","Data reference period: End of the year | Reference group coverage: Employees"
"Sri Lanka","ADM-LIR - Labour Inspectorate Records","SDG indicator 8.8.1 - Non-fatal occupational injuries per 100'000 workers","Sex: Male","Migrant status: Total","2023",20.4,"Coverage of occupational injuries: Reported injuries | Type of cases of occupational injuries: Cases of occupational injury","Data reference period: End of the year | Reference group coverage: Employees"
"Sri Lanka","ADM-LIR - Labour Inspectorate Records","SDG indicator 8.8.1 - Non-fatal occupational injuries per 100'000 workers","Sex: Female","Migrant status: Total","2023",12.3,"Coverage of occupational injuries: Reported injuries | Type of cases of occupational injuries: Cases of occupational injury","Data reference period: End of the year | Reference group coverage: Employees"
"Sri Lanka","ADM-LIR - Labour Inspectorate Records","SDG indicator 8.8.1 - Non-fatal occupational injuries per 100'000 workers","Sex: Total","Migrant status: Total","2022",15.92,"Coverage of occupational injuries: Reported injuries | Type of cases of occupational injuries: Cases of occupational injury","Data reference period: End of the year | Reference group coverage: Employees"
"Sri Lanka","ADM-LIR - Labour Inspectorate Records","SDG indicator 8.8.1 - Non-fatal occupational injuries per 100'000 workers","Sex: Male","Migrant status: Total","2022",18.09,"Coverage of occupational injuries: Reported injuries | Type of cases of occupational injuries: Cases of occupational injury","Data reference period: End of the year | Reference group coverage: Employees"
"Sri Lanka","ADM-LIR - Labour Inspectorate Records","SDG indicator 8.8.1 - Non-fatal occupational injuries per 100'000 workers","Sex: Female","Migrant status: Total","2022",11.7,"Coverage of occupational injuries: Reported injuries | Type of cases of occupational injuries: Cases of occupational injury","Data reference period: End of the year | Reference group coverage: Employees"
"Sri Lanka","ADM-LIR - Labour Inspectorate Records","SDG indicator 8.8.1 - Non-fatal occupational injuries per 100'000 workers","Sex: Total","Migrant status: Total","2021",13.79,"Coverage of occupational injuries: Reported injuries | Type of cases of occupational injuries: Cases of occupational injury","Data reference period: End of the year | Reference group coverage: Employees"
"Sri Lanka","ADM-LIR - Labour Inspectorate Records","SDG indicator 8.8.1 - Non-fatal occupational injuries per 100'000 workers","Sex: Male","Migrant status: Total","2021",15.05,"Coverage of occupational injuries: Reported injuries | Type of cases of occupational injuries: Cases of occupational injury","Data reference period: End of the year | Reference group coverage: Employees"
"Sri Lanka","ADM-LIR - Labour Inspectorate Records","SDG indicator 8.8.1 - Non-fatal occupational injuries per 100'000 workers","Sex: Female","Migrant status: Total","2021",11.24,"Coverage of occupational injuries: Reported injuries | Type of cases of occupational injuries: Cases of occupational injury","Data reference period: End of the year | Reference group coverage: Employees"
"Sri Lanka","ADM-LIR - Labour Inspectorate Records","SDG indicator 8.8.1 - Non-fatal occupational injuries per 100'000 workers","Sex: Total","Migrant status: Total","2020",13.61,"Coverage of occupational injuries: Reported injuries | Type of cases of occupational injuries: Cases of occupational injury","Data reference period: End of the year | Reference group coverage: Employees"
"Sri Lanka","ADM-LIR - Labour Inspectorate Records","SDG indicator 8.8.1 - Non-fatal occupational injuries per 100'000 workers","Sex: Male","Migrant status: Total","2020",15.5,"Coverage of occupational injuries: Reported injuries | Type of cases of occupational injuries: Cases of occupational injury","Data reference period: End of the year | Reference group coverage: Employees"
"Sri Lanka","ADM-LIR - Labour Inspectorate Records","SDG indicator 8.8.1 - Non-fatal occupational injuries per 100'000 workers","Sex: Female","Migrant status: Total","2020",9.75,"Coverage of occupational injuries: Reported injuries | Type of cases of occupational injuries: Cases of occupational injury","Data reference period: End of the year | Reference group coverage: Employees"
"Sri Lanka","ADM-LIR - Labour Inspectorate Records","SDG indicator 8.8.1 - Non-fatal occupational injuries per 100'000 workers","Sex: Total","Migrant status: Total","2019",17.86,"Coverage of occupational injuries: Reported injuries | Type of cases of occupational injuries: Cases of occupational injury","Data reference period: End of the year | Reference group coverage: Employees"
"Sri Lanka","ADM-LIR - Labour Inspectorate Records","SDG indicator 8.8.1 - Non-fatal occupational injuries per 100'000 workers","Sex: Male","Migrant status: Total","2019",20.53,"Coverage of occupational injuries: Reported injuries | Type of cases of occupational injuries: Cases of occupational injury","Data reference period: End of the year | Reference group coverage: Employees"
"Sri Lanka","ADM-LIR - Labour Inspectorate Records","SDG indicator 8.8.1 - Non-fatal occupational injuries per 100'000 workers","Sex: Female","Migrant status: Total","2019",12.77,"Coverage of occupational injuries: Reported injuries | Type of cases of occupational injuries: Cases of occupational injury","Data reference period: End of the year | Reference group coverage: Employees"
"Sri Lanka","ADM-LIR - Labour Inspectorate Records","SDG indicator 8.8.1 - Non-fatal occupational injuries per 100'000 workers","Sex: Total","Migrant status: Total","2018",18.45,"Coverage of occupational injuries: Reported injuries | Type of cases of occupational injuries: Cases of occupational injury","Data reference period: End of the year | Reference group coverage: Employees"
"Sri Lanka","ADM-LIR - Labour Inspectorate Records","SDG indicator 8.8.1 - Non-fatal occupational injuries per 100'000 workers","Sex: Male","Migrant status: Total","2018",21.64,"Coverage of occupational injuries: Reported injuries | Type of cases of occupational injuries: Cases of occupational injury","Data reference period: End of the year | Reference group coverage: Employees"
"Sri Lanka","ADM-LIR - Labour Inspectorate Records","SDG indicator 8.8.1 - Non-fatal occupational injuries per 100'000 workers","Sex: Female","Migrant status: Total","2018",12.37,"Coverage of occupational injuries: Reported injuries | Type of cases of occupational injuries: Cases of occupational injury","Data reference period: End of the year | Reference group coverage: Employees"
"Sri Lanka","ADM-LIR - Labour Inspectorate Records","SDG indicator 8.8.1 - Non-fatal occupational injuries per 100'000 workers","Sex: Total","Migrant status: Total","2017",19,"Coverage of occupational injuries: Reported injuries | Type of cases of occupational injuries: Cases of occupational injury","Data reference period: End of the year | Reference group coverage: Employees"
"Sri Lanka","ADM-LIR - Labour Inspectorate Records","SDG indicator 8.8.1 - Non-fatal occupational injuries per 100'000 workers","Sex: Male","Migrant status: Total","2017",22.98,"Coverage of occupational injuries: Reported injuries | Type of cases of occupational injuries: Cases of occupational injury","Data reference period: End of the year | Reference group coverage: Employees"
"Sri Lanka","ADM-LIR - Labour Inspectorate Records","SDG indicator 8.8.1 - Non-fatal occupational injuries per 100'000 workers","Sex: Female","Migrant status: Total","2017",12.05,"Coverage of occupational injuries: Reported injuries | Type of cases of occupational injuries: Cases of occupational injury","Data reference period: End of the year | Reference group coverage: Employees"
"Sri Lanka","ADM-LIR - Labour Inspectorate Records","SDG indicator 8.8.1 - Non-fatal occupational injuries per 100'000 workers","Sex: Total","Migrant status: Total","2016",17.63,"Coverage of occupational injuries: Reported injuries | Type of cases of occupational injuries: Cases of occupational injury","Data reference period: End of the year | Reference group coverage: Employees"
"Sri Lanka","ADM-LIR - Labour Inspectorate Records","SDG indicator 8.8.1 - Non-fatal occupational injuries per 100'000 workers","Sex: Male","Migrant status: Total","2016",21.66,"Coverage of occupational injuries: Reported injuries | Type of cases of occupational injuries: Cases of occupational injury","Data reference period: End of the year | Reference group coverage: Employees"
"Sri Lanka","ADM-LIR - Labour Inspectorate Records","SDG indicator 8.8.1 - Non-fatal occupational injuries per 100'000 workers","Sex: Female","Migrant status: Total","2016",10.47,"Coverage of occupational injuries: Reported injuries | Type of cases of occupational injuries: Cases of occupational injury","Data reference period: End of the year | Reference group coverage: Employees"
"Sri Lanka","ADM-LIR - Labour Inspectorate Records","SDG indicator 8.8.1 - Non-fatal occupational injuries per 100'000 workers","Sex: Total","Migrant status: Total","2015",16.77,"Coverage of occupational injuries: Reported injuries | Type of cases of occupational injuries: Cases of occupational injury","Data reference period: End of the year | Reference group coverage: Employees"
"Sri Lanka","ADM-LIR - Labour Inspectorate Records","SDG indicator 8.8.1 - Non-fatal occupational injuries per 100'000 workers","Sex: Male","Migrant status: Total","2015",19.83,"Coverage of occupational injuries: Reported injuries | Type of cases of occupational injuries: Cases of occupational injury","Data reference period: End of the year | Reference group coverage: Employees"
"Sri Lanka","ADM-LIR - Labour Inspectorate Records","SDG indicator 8.8.1 - Non-fatal occupational injuries per 100'000 workers","Sex: Female","Migrant status: Total","2015",11.05,"Coverage of occupational injuries: Reported injuries | Type of cases of occupational injuries: Cases of occupational injury","Data reference period: End of the year | Reference group coverage: Employees"
"Sri Lanka","ADM-LIR - Labour Inspectorate Records","SDG indicator 8.8.1 - Non-fatal occupational injuries per 100'000 workers","Sex: Total","Migrant status: Total","2014",18.25,"Coverage of occupational injuries: Reported injuries | Type of cases of occupational injuries: Cases of occupational injury","Data reference period: End of the year | Reference group coverage: Employees"
"Sri Lanka","ADM-LIR - Labour Inspectorate Records","SDG indicator 8.8.1 - Non-fatal occupational injuries per 100'000 workers","Sex: Male","Migrant status: Total","2014",21.14,"Coverage of occupational injuries: Reported injuries | Type of cases of occupational injuries: Cases of occupational injury","Data reference period: End of the year | Reference group coverage: Employees"
"Sri Lanka","ADM-LIR - Labour Inspectorate Records","SDG indicator 8.8.1 - Non-fatal occupational injuries per 100'000 workers","Sex: Female","Migrant status: Total","2014",12.65,"Coverage of occupational injuries: Reported injuries | Type of cases of occupational injuries: Cases of occupational injury","Data reference period: End of the year | Reference group coverage: Employees"
"Lithuania","ADM-LIR - Labour Inspectorate Records","SDG indicator 8.8.1 - Non-fatal occupational injuries per 100'000 workers","Sex: Total","Migrant status: Total","2023",448.9,"Coverage of occupational injuries: Reported injuries | Type of cases of occupational injuries: Cases of occupational injury","Reference group coverage: Employees | Establishment size coverage: All establishments with at least 10 employees"
"Lithuania","ADM-LIR - Labour Inspectorate Records","SDG indicator 8.8.1 - Non-fatal occupational injuries per 100'000 workers","Sex: Male","Migrant status: Total","2023",567.3,"Coverage of occupational injuries: Reported injuries | Type of cases of occupational injuries: Cases of occupational injury","Reference group coverage: Employees | Establishment size coverage: All establishments with at least 10 employees"
"Lithuania","ADM-LIR - Labour Inspectorate Records","SDG indicator 8.8.1 - Non-fatal occupational injuries per 100'000 workers","Sex: Female","Migrant status: Total","2023",325.9,"Coverage of occupational injuries: Reported injuries | Type of cases of occupational injuries: Cases of occupational injury","Reference group coverage: Employees | Establishment size coverage: All establishments with at least 10 employees"
"Lithuania","ADM-LIR - Labour Inspectorate Records","SDG indicator 8.8.1 - Non-fatal occupational injuries per 100'000 workers","Sex: Total","Migrant status: Total","2022",349.8,"Coverage of occupational injuries: Reported injuries","Repository: ILO calculations based on Eurostat data | Reference group coverage: Employees"
"Lithuania","ADM-LIR - Labour Inspectorate Records","SDG indicator 8.8.1 - Non-fatal occupational injuries per 100'000 workers","Sex: Total","Migrant status: Total","2021",343,"Coverage of occupational injuries: Reported injuries","Repository: ILO calculations based on Eurostat data | Reference group coverage: Employees"
"Lithuania","ADM-LIR - Labour Inspectorate Records","SDG indicator 8.8.1 - Non-fatal occupational injuries per 100'000 workers","Sex: Total","Migrant status: Total","2020",318.08,"Coverage of occupational injuries: Reported injuries","Repository: ILO calculations based on Eurostat data | Reference group coverage: Employees"
"Lithuania","ADM-LIR - Labour Inspectorate Records","SDG indicator 8.8.1 - Non-fatal occupational injuries per 100'000 workers","Sex: Total","Migrant status: Total","2019",383.17,"Coverage of occupational injuries: Reported injuries","Repository: ILO calculations based on Eurostat data | Reference group coverage: Employees"
"Lithuania","ADM-LIR - Labour Inspectorate Records","SDG indicator 8.8.1 - Non-fatal occupational injuries per 100'000 workers","Sex: Total","Migrant status: Total","2018",315.73,"Coverage of occupational injuries: Reported injuries","Repository: ILO calculations based on Eurostat data | Reference group coverage: Employees"
"Lithuania","ADM-LIR - Labour Inspectorate Records","SDG indicator 8.8.1 - Non-fatal occupational injuries per 100'000 workers","Sex: Total","Migrant status: Total","2017",333.6,"Coverage of occupational injuries: Reported injuries","Repository: ILO calculations based on Eurostat data | Reference group coverage: Employees"
"Lithuania","ADM-LIR - Labour Inspectorate Records","SDG indicator 8.8.1 - Non-fatal occupational injuries per 100'000 workers","Sex: Total","Migrant status: Total","2016",296.7,"Coverage of occupational injuries: Reported injuries","Repository: ILO calculations based on Eurostat data | Reference group coverage: Employees"
"Lithuania","ADM-LIR - Labour Inspectorate Records","SDG indicator 8.8.1 - Non-fatal occupational injuries per 100'000 workers","Sex: Total","Migrant status: Total","2015",308.74,"Coverage of occupational injuries: Reported injuries","Repository: ILO calculations based on Eurostat data | Reference group coverage: Employees"
"Lithuania","ADM-LIR - Labour Inspectorate Records","SDG indicator 8.8.1 - Non-fatal occupational injuries per 100'000 workers","Sex: Male","Migrant status: Total","2015",404.75,"Coverage of occupational injuries: Reported injuries","Repository: ILO calculations based on Eurostat data | Reference group coverage: Employees"
"Lithuania","ADM-LIR - Labour Inspectorate Records","SDG indicator 8.8.1 - Non-fatal occupational injuries per 100'000 workers","Sex: Female","Migrant status: Total","2015",216.38,"Coverage of occupational injuries: Reported injuries","Repository: ILO calculations based on Eurostat data | Reference group coverage: Employees"
"Lithuania","ADM-LIR - Labour Inspectorate Records","SDG indicator 8.8.1 - Non-fatal occupational injuries per 100'000 workers","Sex: Total","Migrant status: Total","2014",297.91,"Coverage of occupational injuries: Reported injuries","Repository: ILO calculations based on Eurostat data | Reference group coverage: Employees"
"Lithuania","ADM-LIR - Labour Inspectorate Records","SDG indicator 8.8.1 - Non-fatal occupational injuries per 100'000 workers","Sex: Male","Migrant status: Total","2014",395.67,"Coverage of occupational injuries: Reported injuries","Repository: ILO calculations based on Eurostat data | Reference group coverage: Employees"
"Lithuania","ADM-LIR - Labour Inspectorate Records","SDG indicator 8.8.1 - Non-fatal occupational injuries per 100'000 workers","Sex: Female","Migrant status: Total","2014",204.39,"Coverage of occupational injuries: Reported injuries","Repository: ILO calculations based on Eurostat data | Reference group coverage: Employees"
"Lithuania","ADM-LIR - Labour Inspectorate Records","SDG indicator 8.8.1 - Non-fatal occupational injuries per 100'000 workers","Sex: Total","Migrant status: Total","2013",295.9,"Coverage of occupational injuries: Reported injuries","Repository: ILO calculations based on Eurostat data | Reference group coverage: Employees"
"Lithuania","ADM-LIR - Labour Inspectorate Records","SDG indicator 8.8.1 - Non-fatal occupational injuries per 100'000 workers","Sex: Male","Migrant status: Total","2013",390.05,"Coverage of occupational injuries: Reported injuries","Repository: ILO calculations based on Eurostat data | Reference group coverage: Employees"
"Lithuania","ADM-LIR - Labour Inspectorate Records","SDG indicator 8.8.1 - Non-fatal occupational injuries per 100'000 workers","Sex: Female","Migrant status: Total","2013",206.39,"Coverage of occupational injuries: Reported injuries","Repository: ILO calculations based on Eurostat data | Reference group coverage: Employees"
"Luxembourg","ADM-IR - Register of the Accident Insurance Association","SDG indicator 8.8.1 - Non-fatal occupational injuries per 100'000 workers","Sex: Total","Migrant status: Total","2023",2702.872,"Coverage of occupational injuries: Reported injuries | Type of cases of occupational injuries: Cases of occupational injury","Data reference period: Noncalendar year | Institutional sector coverage: Excluding certain categories of public workers"
"Luxembourg","ADM-IR - Register of the Accident Insurance Association","SDG indicator 8.8.1 - Non-fatal occupational injuries per 100'000 workers","Sex: Total","Migrant status: Migrants","2023",3011.651,"Coverage of occupational injuries: Reported injuries | Type of cases of occupational injuries: Cases of occupational injury","Data reference period: Noncalendar year | Institutional sector coverage: Excluding certain categories of public workers"
"Luxembourg","ADM-IR - Register of the Accident Insurance Association","SDG indicator 8.8.1 - Non-fatal occupational injuries per 100'000 workers","Sex: Total","Migrant status: Non migrants","2023",2471.651,"Coverage of occupational injuries: Reported injuries | Type of cases of occupational injuries: Cases of occupational injury","Data reference period: Noncalendar year | Institutional sector coverage: Excluding certain categories of public workers"
"Luxembourg","ADM-IR - Register of the Accident Insurance Association","SDG indicator 8.8.1 - Non-fatal occupational injuries per 100'000 workers","Sex: Male","Migrant status: Total","2023",3120.98,"Coverage of occupational injuries: Reported injuries | Type of cases of occupational injuries: Cases of occupational injury","Data reference period: Noncalendar year | Institutional sector coverage: Excluding certain categories of public workers"
"Luxembourg","ADM-IR - Register of the Accident Insurance Association","SDG indicator 8.8.1 - Non-fatal occupational injuries per 100'000 workers","Sex: Male","Migrant status: Migrants","2023",3600.016,"Coverage of occupational injuries: Reported injuries | Type of cases of occupational injuries: Cases of occupational injury","Data reference period: Noncalendar year | Institutional sector coverage: Excluding certain categories of public workers"
"Luxembourg","ADM-IR - Register of the Accident Insurance Association","SDG indicator 8.8.1 - Non-fatal occupational injuries per 100'000 workers","Sex: Male","Migrant status: Non migrants","2023",2788.25,"Coverage of occupational injuries: Reported injuries | Type of cases of occupational injuries: Cases of occupational injury","Data reference period: Noncalendar year | Institutional sector coverage: Excluding certain categories of public workers"
"Luxembourg","ADM-IR - Register of the Accident Insurance Association","SDG indicator 8.8.1 - Non-fatal occupational injuries per 100'000 workers","Sex: Female","Migrant status: Total","2023",2022.455,"Coverage of occupational injuries: Reported injuries | Type of cases of occupational injuries: Cases of occupational injury","Data reference period: Noncalendar year | Institutional sector coverage: Excluding certain categories of public workers"
"Luxembourg","ADM-IR - Register of the Accident Insurance Association","SDG indicator 8.8.1 - Non-fatal occupational injuries per 100'000 workers","Sex: Female","Migrant status: Migrants","2023",2154.696,"Coverage of occupational injuries: Reported injuries | Type of cases of occupational injuries: Cases of occupational injury","Data reference period: Noncalendar year | Institutional sector coverage: Excluding certain categories of public workers"
"Luxembourg","ADM-IR - Register of the Accident Insurance Association","SDG indicator 8.8.1 - Non-fatal occupational injuries per 100'000 workers","Sex: Female","Migrant status: Non migrants","2023",1910.723,"Coverage of occupational injuries: Reported injuries | Type of cases of occupational injuries: Cases of occupational injury","Data reference period: Noncalendar year | Institutional sector coverage: Excluding certain categories of public workers"
"Luxembourg","ADM-IR - Register of the Accident Insurance Association","SDG indicator 8.8.1 - Non-fatal occupational injuries per 100'000 workers","Sex: Total","Migrant status: Total","2022",2689.614,"Coverage of occupational injuries: Reported injuries | Type of cases of occupational injuries: Cases of occupational injury","Data reference period: Noncalendar year | Institutional sector coverage: Excluding certain categories of public workers"
"Luxembourg","ADM-IR - Register of the Accident Insurance Association","SDG indicator 8.8.1 - Non-fatal occupational injuries per 100'000 workers","Sex: Total","Migrant status: Migrants","2022",3024.435,"Coverage of occupational injuries: Reported injuries | Type of cases of occupational injuries: Cases of occupational injury","Data reference period: Noncalendar year | Institutional sector coverage: Excluding certain categories of public workers"
"Luxembourg","ADM-IR - Register of the Accident Insurance Association","SDG indicator 8.8.1 - Non-fatal occupational injuries per 100'000 workers","Sex: Total","Migrant status: Non migrants","2022",2446.622,"Coverage of occupational injuries: Reported injuries | Type of cases of occupational injuries: Cases of occupational injury","Data reference period: Noncalendar year | Institutional sector coverage: Excluding certain categories of public workers"
"Luxembourg","ADM-IR - Register of the Accident Insurance Association","SDG indicator 8.8.1 - Non-fatal occupational injuries per 100'000 workers","Sex: Male","Migrant status: Total","2022",3133.48,"Coverage of occupational injuries: Reported injuries | Type of cases of occupational injuries: Cases of occupational injury","Data reference period: Noncalendar year | Institutional sector coverage: Excluding certain categories of public workers"
"Luxembourg","ADM-IR - Register of the Accident Insurance Association","SDG indicator 8.8.1 - Non-fatal occupational injuries per 100'000 workers","Sex: Male","Migrant status: Migrants","2022",3674.333,"Coverage of occupational injuries: Reported injuries | Type of cases of occupational injuries: Cases of occupational injury","Data reference period: Noncalendar year | Institutional sector coverage: Excluding certain categories of public workers"
"Luxembourg","ADM-IR - Register of the Accident Insurance Association","SDG indicator 8.8.1 - Non-fatal occupational injuries per 100'000 workers","Sex: Male","Migrant status: Non migrants","2022",2766.894,"Coverage of occupational injuries: Reported injuries | Type of cases of occupational injuries: Cases of occupational injury","Data reference period: Noncalendar year | Institutional sector coverage: Excluding certain categories of public workers"
"Luxembourg","ADM-IR - Register of the Accident Insurance Association","SDG indicator 8.8.1 - Non-fatal occupational injuries per 100'000 workers","Sex: Female","Migrant status: Total","2022",1954.191,"Coverage of occupational injuries: Reported injuries | Type of cases of occupational injuries: Cases of occupational injury","Data reference period: Noncalendar year | Institutional sector coverage: Excluding certain categories of public workers"
"Luxembourg","ADM-IR - Register of the Accident Insurance Association","SDG indicator 8.8.1 - Non-fatal occupational injuries per 100'000 workers","Sex: Female","Migrant status: Migrants","2022",2053.403,"Coverage of occupational injuries: Reported injuries | Type of cases of occupational injuries: Cases of occupational injury","Data reference period: Noncalendar year | Institutional sector coverage: Excluding certain categories of public workers"
"Luxembourg","ADM-IR - Register of the Accident Insurance Association","SDG indicator 8.8.1 - Non-fatal occupational injuries per 100'000 workers","Sex: Female","Migrant status: Non migrants","2022",1873.68,"Coverage of occupational injuries: Reported injuries | Type of cases of occupational injuries: Cases of occupational injury","Data reference period: Noncalendar year | Institutional sector coverage: Excluding certain categories of public workers"
"Luxembourg","ADM-IR - Register of the Accident Insurance Association","SDG indicator 8.8.1 - Non-fatal occupational injuries per 100'000 workers","Sex: Total","Migrant status: Total","2021",2803.651,"Coverage of occupational injuries: Reported injuries | Type of cases of occupational injuries: Cases of occupational injury","Data reference period: Noncalendar year | Institutional sector coverage: Excluding certain categories of public workers"
"Luxembourg","ADM-IR - Register of the Accident Insurance Association","SDG indicator 8.8.1 - Non-fatal occupational injuries per 100'000 workers","Sex: Total","Migrant status: Migrants","2021",3114.815,"Coverage of occupational injuries: Reported injuries | Type of cases of occupational injuries: Cases of occupational injury","Data reference period: Noncalendar year | Institutional sector coverage: Excluding certain categories of public workers"
"Luxembourg","ADM-IR - Register of the Accident Insurance Association","SDG indicator 8.8.1 - Non-fatal occupational injuries per 100'000 workers","Sex: Total","Migrant status: Non migrants","2021",2586.787,"Coverage of occupational injuries: Reported injuries | Type of cases of occupational injuries: Cases of occupational injury","Data reference period: Noncalendar year | Institutional sector coverage: Excluding certain categories of public workers"
"Luxembourg","ADM-IR - Register of the Accident Insurance Association","SDG indicator 8.8.1 - Non-fatal occupational injuries per 100'000 workers","Sex: Male","Migrant status: Total","2021",3318.336,"Coverage of occupational injuries: Reported injuries | Type of cases of occupational injuries: Cases of occupational injury","Data reference period: Noncalendar year | Institutional sector coverage: Excluding certain categories of public workers"
"Luxembourg","ADM-IR - Register of the Accident Insurance Association","SDG indicator 8.8.1 - Non-fatal occupational injuries per 100'000 workers","Sex: Male","Migrant status: Migrants","2021",3827.001,"Coverage of occupational injuries: Reported injuries | Type of cases of occupational injuries: Cases of occupational injury","Data reference period: Noncalendar year | Institutional sector coverage: Excluding certain categories of public workers"
"Luxembourg","ADM-IR - Register of the Accident Insurance Association","SDG indicator 8.8.1 - Non-fatal occupational injuries per 100'000 workers","Sex: Male","Migrant status: Non migrants","2021",2985.033,"Coverage of occupational injuries: Reported injuries | Type of cases of occupational injuries: Cases of occupational injury","Data reference period: Noncalendar year | Institutional sector coverage: Excluding certain categories of public workers"
"Luxembourg","ADM-IR - Register of the Accident Insurance Association","SDG indicator 8.8.1 - Non-fatal occupational injuries per 100'000 workers","Sex: Female","Migrant status: Total","2021",1934.101,"Coverage of occupational injuries: Reported injuries | Type of cases of occupational injuries: Cases of occupational injury","Data reference period: Noncalendar year | Institutional sector coverage: Excluding certain categories of public workers"
"Luxembourg","ADM-IR - Register of the Accident Insurance Association","SDG indicator 8.8.1 - Non-fatal occupational injuries per 100'000 workers","Sex: Female","Migrant status: Migrants","2021",2021.81,"Coverage of occupational injuries: Reported injuries | Type of cases of occupational injuries: Cases of occupational injury","Data reference period: Noncalendar year | Institutional sector coverage: Excluding certain categories of public workers"
"Luxembourg","ADM-IR - Register of the Accident Insurance Association","SDG indicator 8.8.1 - Non-fatal occupational injuries per 100'000 workers","Sex: Female","Migrant status: Non migrants","2021",1866.358,"Coverage of occupational injuries: Reported injuries | Type of cases of occupational injuries: Cases of occupational injury","Data reference period: Noncalendar year | Institutional sector coverage: Excluding certain categories of public workers"
"Luxembourg","ADM-IR - Register of the Accident Insurance Association","SDG indicator 8.8.1 - Non-fatal occupational injuries per 100'000 workers","Sex: Total","Migrant status: Total","2020",2696.991,"Coverage of occupational injuries: Reported injuries | Type of cases of occupational injuries: Cases of occupational injury","Data reference period: Noncalendar year | Institutional sector coverage: Excluding certain categories of public workers"
"Luxembourg","ADM-IR - Register of the Accident Insurance Association","SDG indicator 8.8.1 - Non-fatal occupational injuries per 100'000 workers","Sex: Total","Migrant status: Migrants","2020",3018.358,"Coverage of occupational injuries: Reported injuries | Type of cases of occupational injuries: Cases of occupational injury","Data reference period: Noncalendar year | Institutional sector coverage: Excluding certain categories of public workers"
"Luxembourg","ADM-IR - Register of the Accident Insurance Association","SDG indicator 8.8.1 - Non-fatal occupational injuries per 100'000 workers","Sex: Total","Migrant status: Non migrants","2020",2479.574,"Coverage of occupational injuries: Reported injuries | Type of cases of occupational injuries: Cases of occupational injury","Data reference period: Noncalendar year | Institutional sector coverage: Excluding certain categories of public workers"
"Luxembourg","ADM-IR - Register of the Accident Insurance Association","SDG indicator 8.8.1 - Non-fatal occupational injuries per 100'000 workers","Sex: Male","Migrant status: Total","2020",3212.034,"Coverage of occupational injuries: Reported injuries | Type of cases of occupational injuries: Cases of occupational injury","Data reference period: Noncalendar year | Institutional sector coverage: Excluding certain categories of public workers"
"Luxembourg","ADM-IR - Register of the Accident Insurance Association","SDG indicator 8.8.1 - Non-fatal occupational injuries per 100'000 workers","Sex: Male","Migrant status: Migrants","2020",3738.25,"Coverage of occupational injuries: Reported injuries | Type of cases of occupational injuries: Cases of occupational injury","Data reference period: Noncalendar year | Institutional sector coverage: Excluding certain categories of public workers"
"Luxembourg","ADM-IR - Register of the Accident Insurance Association","SDG indicator 8.8.1 - Non-fatal occupational injuries per 100'000 workers","Sex: Male","Migrant status: Non migrants","2020",2878.226,"Coverage of occupational injuries: Reported injuries | Type of cases of occupational injuries: Cases of occupational injury","Data reference period: Noncalendar year | Institutional sector coverage: Excluding certain categories of public workers"
"Luxembourg","ADM-IR - Register of the Accident Insurance Association","SDG indicator 8.8.1 - Non-fatal occupational injuries per 100'000 workers","Sex: Female","Migrant status: Total","2020",1824.288,"Coverage of occupational injuries: Reported injuries | Type of cases of occupational injuries: Cases of occupational injury","Data reference period: Noncalendar year | Institutional sector coverage: Excluding certain categories of public workers"
"Luxembourg","ADM-IR - Register of the Accident Insurance Association","SDG indicator 8.8.1 - Non-fatal occupational injuries per 100'000 workers","Sex: Female","Migrant status: Migrants","2020",1916.319,"Coverage of occupational injuries: Reported injuries | Type of cases of occupational injuries: Cases of occupational injury","Data reference period: Noncalendar year | Institutional sector coverage: Excluding certain categories of public workers"
"Luxembourg","ADM-IR - Register of the Accident Insurance Association","SDG indicator 8.8.1 - Non-fatal occupational injuries per 100'000 workers","Sex: Female","Migrant status: Non migrants","2020",1754.971,"Coverage of occupational injuries: Reported injuries | Type of cases of occupational injuries: Cases of occupational injury","Data reference period: Noncalendar year | Institutional sector coverage: Excluding certain categories of public workers"
"Luxembourg","ADM-IR - Register of the Accident Insurance Association","SDG indicator 8.8.1 - Non-fatal occupational injuries per 100'000 workers","Sex: Total","Migrant status: Total","2019",3556.522,"Coverage of occupational injuries: Reported injuries | Type of cases of occupational injuries: Cases of occupational injury","Data reference period: Noncalendar year | Institutional sector coverage: Excluding certain categories of public workers"
"Luxembourg","ADM-IR - Register of the Accident Insurance Association","SDG indicator 8.8.1 - Non-fatal occupational injuries per 100'000 workers","Sex: Total","Migrant status: Migrants","2019",4072.706,"Coverage of occupational injuries: Reported injuries | Type of cases of occupational injuries: Cases of occupational injury","Data reference period: Noncalendar year | Institutional sector coverage: Excluding certain categories of public workers"
"Luxembourg","ADM-IR - Register of the Accident Insurance Association","SDG indicator 8.8.1 - Non-fatal occupational injuries per 100'000 workers","Sex: Total","Migrant status: Non migrants","2019",3216.058,"Coverage of occupational injuries: Reported injuries | Type of cases of occupational injuries: Cases of occupational injury","Data reference period: Noncalendar year | Institutional sector coverage: Excluding certain categories of public workers"
"Luxembourg","ADM-IR - Register of the Accident Insurance Association","SDG indicator 8.8.1 - Non-fatal occupational injuries per 100'000 workers","Sex: Male","Migrant status: Total","2019",4112.992,"Coverage of occupational injuries: Reported injuries | Type of cases of occupational injuries: Cases of occupational injury","Data reference period: Noncalendar year | Institutional sector coverage: Excluding certain categories of public workers"
"Luxembourg","ADM-IR - Register of the Accident Insurance Association","SDG indicator 8.8.1 - Non-fatal occupational injuries per 100'000 workers","Sex: Male","Migrant status: Migrants","2019",4872.324,"Coverage of occupational injuries: Reported injuries | Type of cases of occupational injuries: Cases of occupational injury","Data reference period: Noncalendar year | Institutional sector coverage: Excluding certain categories of public workers"
"Luxembourg","ADM-IR - Register of the Accident Insurance Association","SDG indicator 8.8.1 - Non-fatal occupational injuries per 100'000 workers","Sex: Male","Migrant status: Non migrants","2019",3643.311,"Coverage of occupational injuries: Reported injuries | Type of cases of occupational injuries: Cases of occupational injury","Data reference period: Noncalendar year | Institutional sector coverage: Excluding certain categories of public workers"
"Luxembourg","ADM-IR - Register of the Accident Insurance Association","SDG indicator 8.8.1 - Non-fatal occupational injuries per 100'000 workers","Sex: Female","Migrant status: Total","2019",2603.036,"Coverage of occupational injuries: Reported injuries | Type of cases of occupational injuries: Cases of occupational injury","Data reference period: Noncalendar year | Institutional sector coverage: Excluding certain categories of public workers"
"Luxembourg","ADM-IR - Register of the Accident Insurance Association","SDG indicator 8.8.1 - Non-fatal occupational injuries per 100'000 workers","Sex: Female","Migrant status: Migrants","2019",2836.661,"Coverage of occupational injuries: Reported injuries | Type of cases of occupational injuries: Cases of occupational injury","Data reference period: Noncalendar year | Institutional sector coverage: Excluding certain categories of public workers"
"Luxembourg","ADM-IR - Register of the Accident Insurance Association","SDG indicator 8.8.1 - Non-fatal occupational injuries per 100'000 workers","Sex: Female","Migrant status: Non migrants","2019",2431.335,"Coverage of occupational injuries: Reported injuries | Type of cases of occupational injuries: Cases of occupational injury","Data reference period: Noncalendar year | Institutional sector coverage: Excluding certain categories of public workers"
"Luxembourg","ADM-IR - Register of the Accident Insurance Association","SDG indicator 8.8.1 - Non-fatal occupational injuries per 100'000 workers","Sex: Total","Migrant status: Total","2018",3714.833,"Coverage of occupational injuries: Reported injuries | Type of cases of occupational injuries: Cases of occupational injury","Data reference period: Noncalendar year | Institutional sector coverage: Excluding certain categories of public workers"
"Luxembourg","ADM-IR - Register of the Accident Insurance Association","SDG indicator 8.8.1 - Non-fatal occupational injuries per 100'000 workers","Sex: Total","Migrant status: Migrants","2018",4248.853,"Coverage of occupational injuries: Reported injuries | Type of cases of occupational injuries: Cases of occupational injury","Data reference period: Noncalendar year | Institutional sector coverage: Excluding certain categories of public workers"
"Luxembourg","ADM-IR - Register of the Accident Insurance Association","SDG indicator 8.8.1 - Non-fatal occupational injuries per 100'000 workers","Sex: Total","Migrant status: Non migrants","2018",3373.547,"Coverage of occupational injuries: Reported injuries | Type of cases of occupational injuries: Cases of occupational injury","Data reference period: Noncalendar year | Institutional sector coverage: Excluding certain categories of public workers"
"Luxembourg","ADM-IR - Register of the Accident Insurance Association","SDG indicator 8.8.1 - Non-fatal occupational injuries per 100'000 workers","Sex: Male","Migrant status: Total","2018",1552.686,"Coverage of occupational injuries: Reported injuries | Type of cases of occupational injuries: Cases of occupational injury","Data reference period: Noncalendar year | Institutional sector coverage: Excluding certain categories of public workers"
"Luxembourg","ADM-IR - Register of the Accident Insurance Association","SDG indicator 8.8.1 - Non-fatal occupational injuries per 100'000 workers","Sex: Male","Migrant status: Migrants","2018",1902.152,"Coverage of occupational injuries: Reported injuries | Type of cases of occupational injuries: Cases of occupational injury","Data reference period: Noncalendar year | Institutional sector coverage: Excluding certain categories of public workers"
"Luxembourg","ADM-IR - Register of the Accident Insurance Association","SDG indicator 8.8.1 - Non-fatal occupational injuries per 100'000 workers","Sex: Male","Migrant status: Non migrants","2018",1342.794,"Coverage of occupational injuries: Reported injuries | Type of cases of occupational injuries: Cases of occupational injury","Data reference period: Noncalendar year | Institutional sector coverage: Excluding certain categories of public workers"
"Luxembourg","ADM-IR - Register of the Accident Insurance Association","SDG indicator 8.8.1 - Non-fatal occupational injuries per 100'000 workers","Sex: Female","Migrant status: Total","2018",7454.829,"Coverage of occupational injuries: Reported injuries | Type of cases of occupational injuries: Cases of occupational injury","Data reference period: Noncalendar year | Institutional sector coverage: Excluding certain categories of public workers"
"Luxembourg","ADM-IR - Register of the Accident Insurance Association","SDG indicator 8.8.1 - Non-fatal occupational injuries per 100'000 workers","Sex: Female","Migrant status: Migrants","2018",7916.706,"Coverage of occupational injuries: Reported injuries | Type of cases of occupational injuries: Cases of occupational injury","Data reference period: Noncalendar year | Institutional sector coverage: Excluding certain categories of public workers"
"Luxembourg","ADM-IR - Register of the Accident Insurance Association","SDG indicator 8.8.1 - Non-fatal occupational injuries per 100'000 workers","Sex: Female","Migrant status: Non migrants","2018",7126.799,"Coverage of occupational injuries: Reported injuries | Type of cases of occupational injuries: Cases of occupational injury","Data reference period: Noncalendar year | Institutional sector coverage: Excluding certain categories of public workers"
"Luxembourg","ADM-IR - Register of the Accident Insurance Association","SDG indicator 8.8.1 - Non-fatal occupational injuries per 100'000 workers","Sex: Total","Migrant status: Total","2017",1833.22,"Coverage of occupational injuries: Reported injuries","Repository: ILO calculations based on Eurostat data | Institutional sector coverage: Excluding certain categories of public workers"
"Luxembourg","ADM-IR - Register of the Accident Insurance Association","SDG indicator 8.8.1 - Non-fatal occupational injuries per 100'000 workers","Sex: Total","Migrant status: Total","2016",2055.41,"Coverage of occupational injuries: Reported injuries","Repository: ILO calculations based on Eurostat data | Institutional sector coverage: Excluding certain categories of public workers"
"Luxembourg","ADM-IR - Register of the Accident Insurance Association","SDG indicator 8.8.1 - Non-fatal occupational injuries per 100'000 workers","Sex: Total","Migrant status: Total","2015",1865.72,"Coverage of occupational injuries: Reported injuries","Repository: ILO calculations based on Eurostat data | Institutional sector coverage: Excluding certain categories of public workers"
"Luxembourg","ADM-IR - Register of the Accident Insurance Association","SDG indicator 8.8.1 - Non-fatal occupational injuries per 100'000 workers","Sex: Total","Migrant status: Total","2014",1831.64,"Coverage of occupational injuries: Reported injuries","Repository: ILO calculations based on Eurostat data | Institutional sector coverage: Excluding certain categories of public workers"
"Luxembourg","ADM-IR - Register of the Accident Insurance Association","SDG indicator 8.8.1 - Non-fatal occupational injuries per 100'000 workers","Sex: Total","Migrant status: Total","2013",1886.36,"Coverage of occupational injuries: Reported injuries","Repository: ILO calculations based on Eurostat data | Institutional sector coverage: Excluding certain categories of public workers"
"Latvia","ADM-LIR - State Labour Inspection Records","SDG indicator 8.8.1 - Non-fatal occupational injuries per 100'000 workers","Sex: Total","Migrant status: Total","2023",288.72,"Coverage of occupational injuries: Reported injuries | Type of cases of occupational injuries: Cases of occupational injury","Data reference period: End of the year | Reference group coverage: Employees"
"Latvia","ADM-LIR - State Labour Inspection Records","SDG indicator 8.8.1 - Non-fatal occupational injuries per 100'000 workers","Sex: Male","Migrant status: Total","2023",384.7,"Coverage of occupational injuries: Reported injuries | Type of cases of occupational injuries: Cases of occupational injury","Data reference period: End of the year | Reference group coverage: Employees"
"Latvia","ADM-LIR - State Labour Inspection Records","SDG indicator 8.8.1 - Non-fatal occupational injuries per 100'000 workers","Sex: Female","Migrant status: Total","2023",200.25,"Coverage of occupational injuries: Reported injuries | Type of cases of occupational injuries: Cases of occupational injury","Data reference period: End of the year | Reference group coverage: Employees"
"Latvia","ADM-LIR - State Labour Inspection Records","SDG indicator 8.8.1 - Non-fatal occupational injuries per 100'000 workers","Sex: Total","Migrant status: Total","2022",238.69,"Coverage of occupational injuries: Reported injuries","Repository: ILO calculations based on Eurostat data | Reference group coverage: Employees"
"Latvia","ADM-LIR - State Labour Inspection Records","SDG indicator 8.8.1 - Non-fatal occupational injuries per 100'000 workers","Sex: Total","Migrant status: Total","2021",301.2,"Coverage of occupational injuries: Reported injuries | Type of cases of occupational injuries: Cases of occupational injury","Data reference period: End of the year | Reference group coverage: Employees"
"Latvia","ADM-LIR - State Labour Inspection Records","SDG indicator 8.8.1 - Non-fatal occupational injuries per 100'000 workers","Sex: Male","Migrant status: Total","2021",420.15,"Coverage of occupational injuries: Reported injuries | Type of cases of occupational injuries: Cases of occupational injury","Data reference period: End of the year | Reference group coverage: Employees"
"Latvia","ADM-LIR - State Labour Inspection Records","SDG indicator 8.8.1 - Non-fatal occupational injuries per 100'000 workers","Sex: Female","Migrant status: Total","2021",191.58,"Coverage of occupational injuries: Reported injuries | Type of cases of occupational injuries: Cases of occupational injury","Data reference period: End of the year | Reference group coverage: Employees"
"Latvia","ADM-LIR - State Labour Inspection Records","SDG indicator 8.8.1 - Non-fatal occupational injuries per 100'000 workers","Sex: Total","Migrant status: Total","2020",223.57,"Coverage of occupational injuries: Reported injuries","Repository: ILO calculations based on Eurostat data | Reference group coverage: Employees"
"Latvia","ADM-LIR - State Labour Inspection Records","SDG indicator 8.8.1 - Non-fatal occupational injuries per 100'000 workers","Sex: Total","Migrant status: Total","2019",238.43,"Coverage of occupational injuries: Reported injuries","Repository: ILO calculations based on Eurostat data | Reference group coverage: Employees"
"Latvia","ADM-LIR - State Labour Inspection Records","SDG indicator 8.8.1 - Non-fatal occupational injuries per 100'000 workers","Sex: Total","Migrant status: Total","2018",236.47,"Coverage of occupational injuries: Reported injuries","Repository: ILO calculations based on Eurostat data | Reference group coverage: Employees"
"Latvia","ADM-LIR - State Labour Inspection Records","SDG indicator 8.8.1 - Non-fatal occupational injuries per 100'000 workers","Sex: Total","Migrant status: Total","2017",207.06,"Coverage of occupational injuries: Reported injuries","Repository: ILO calculations based on Eurostat data | Reference group coverage: Employees"
"Latvia","ADM-LIR - State Labour Inspection Records","SDG indicator 8.8.1 - Non-fatal occupational injuries per 100'000 workers","Sex: Total","Migrant status: Total","2016",201.16,"Coverage of occupational injuries: Reported injuries","Repository: ILO calculations based on Eurostat data | Reference group coverage: Employees"
"Latvia","ADM-LIR - State Labour Inspection Records","SDG indicator 8.8.1 - Non-fatal occupational injuries per 100'000 workers","Sex: Total","Migrant status: Total","2015",218.33,"Coverage of occupational injuries: Reported injuries","Repository: ILO calculations based on Eurostat data | Reference group coverage: Employees"
"Latvia","ADM-LIR - State Labour Inspection Records","SDG indicator 8.8.1 - Non-fatal occupational injuries per 100'000 workers","Sex: Total","Migrant status: Total","2014",189.13,"Coverage of occupational injuries: Reported injuries","Repository: ILO calculations based on Eurostat data | Reference group coverage: Employees"
"Latvia","ADM-LIR - State Labour Inspection Records","SDG indicator 8.8.1 - Non-fatal occupational injuries per 100'000 workers","Sex: Total","Migrant status: Total","2013",197.8,"Coverage of occupational injuries: Reported injuries","Repository: ILO calculations based on Eurostat data | Reference group coverage: Employees"
"Macao, China","ADM-LIR - Labour Affairs Bureau","SDG indicator 8.8.1 - Non-fatal occupational injuries per 100'000 workers","Sex: Total","Migrant status: Total","2016",1891.2,"Coverage of occupational injuries: Reported injuries | Type of cases of occupational injuries: Including cases of injury due to commuting accidents","Data reference period: End of the year | Geographical coverage: Total national, excluding some areas"
"Macao, China","ADM-LIR - Labour Affairs Bureau","SDG indicator 8.8.1 - Non-fatal occupational injuries per 100'000 workers","Sex: Total","Migrant status: Migrants","2016",1790.72,"Coverage of occupational injuries: Reported injuries | Type of cases of occupational injuries: Including cases of injury due to commuting accidents","Data reference period: End of the year | Geographical coverage: Total national, excluding some areas"
"Macao, China","ADM-LIR - Labour Affairs Bureau","SDG indicator 8.8.1 - Non-fatal occupational injuries per 100'000 workers","Sex: Total","Migrant status: Non migrants","2016",1512.82,"Coverage of occupational injuries: Reported injuries | Type of cases of occupational injuries: Including cases of injury due to commuting accidents","Data reference period: End of the year | Geographical coverage: Total national, excluding some areas"
"Macao, China","ADM-LIR - Labour Affairs Bureau","SDG indicator 8.8.1 - Non-fatal occupational injuries per 100'000 workers","Sex: Male","Migrant status: Total","2016",1889.11,"Coverage of occupational injuries: Reported injuries | Type of cases of occupational injuries: Including cases of injury due to commuting accidents","Data reference period: End of the year | Geographical coverage: Total national, excluding some areas"
"Macao, China","ADM-LIR - Labour Affairs Bureau","SDG indicator 8.8.1 - Non-fatal occupational injuries per 100'000 workers","Sex: Male","Migrant status: Migrants","2016",2095.41,"Coverage of occupational injuries: Reported injuries | Type of cases of occupational injuries: Including cases of injury due to commuting accidents","Data reference period: End of the year | Geographical coverage: Total national, excluding some areas"
"Macao, China","ADM-LIR - Labour Affairs Bureau","SDG indicator 8.8.1 - Non-fatal occupational injuries per 100'000 workers","Sex: Male","Migrant status: Non migrants","2016",1200.29,"Coverage of occupational injuries: Reported injuries | Type of cases of occupational injuries: Including cases of injury due to commuting accidents","Data reference period: End of the year | Geographical coverage: Total national, excluding some areas"
"Macao, China","ADM-LIR - Labour Affairs Bureau","SDG indicator 8.8.1 - Non-fatal occupational injuries per 100'000 workers","Sex: Female","Migrant status: Total","2016",1894.43,"Coverage of occupational injuries: Reported injuries | Type of cases of occupational injuries: Including cases of injury due to commuting accidents","Data reference period: End of the year | Geographical coverage: Total national, excluding some areas"
"Macao, China","ADM-LIR - Labour Affairs Bureau","SDG indicator 8.8.1 - Non-fatal occupational injuries per 100'000 workers","Sex: Female","Migrant status: Migrants","2016",1387.13,"Coverage of occupational injuries: Reported injuries | Type of cases of occupational injuries: Including cases of injury due to commuting accidents","Data reference period: End of the year | Geographical coverage: Total national, excluding some areas"
"Macao, China","ADM-LIR - Labour Affairs Bureau","SDG indicator 8.8.1 - Non-fatal occupational injuries per 100'000 workers","Sex: Female","Migrant status: Non migrants","2016",1831.51,"Coverage of occupational injuries: Reported injuries | Type of cases of occupational injuries: Including cases of injury due to commuting accidents","Data reference period: End of the year | Geographical coverage: Total national, excluding some areas"
"Macao, China","ADM-LIR - Labour Affairs Bureau","SDG indicator 8.8.1 - Non-fatal occupational injuries per 100'000 workers","Sex: Total","Migrant status: Total","2015",1866.58,"Coverage of occupational injuries: Reported injuries | Type of cases of occupational injuries: Including cases of injury due to commuting accidents","Data reference period: End of the year | Geographical coverage: Total national, excluding some areas"
"Macao, China","ADM-LIR - Labour Affairs Bureau","SDG indicator 8.8.1 - Non-fatal occupational injuries per 100'000 workers","Sex: Total","Migrant status: Migrants","2015",1818.92,"Coverage of occupational injuries: Reported injuries | Type of cases of occupational injuries: Including cases of injury due to commuting accidents","Data reference period: End of the year | Geographical coverage: Total national, excluding some areas"
"Macao, China","ADM-LIR - Labour Affairs Bureau","SDG indicator 8.8.1 - Non-fatal occupational injuries per 100'000 workers","Sex: Total","Migrant status: Non migrants","2015",1469.51,"Coverage of occupational injuries: Reported injuries | Type of cases of occupational injuries: Including cases of injury due to commuting accidents","Data reference period: End of the year | Geographical coverage: Total national, excluding some areas"
"Macao, China","ADM-LIR - Labour Affairs Bureau","SDG indicator 8.8.1 - Non-fatal occupational injuries per 100'000 workers","Sex: Male","Migrant status: Total","2015",1908.39,"Coverage of occupational injuries: Reported injuries | Type of cases of occupational injuries: Including cases of injury due to commuting accidents","Data reference period: End of the year | Geographical coverage: Total national, excluding some areas"
"Macao, China","ADM-LIR - Labour Affairs Bureau","SDG indicator 8.8.1 - Non-fatal occupational injuries per 100'000 workers","Sex: Male","Migrant status: Migrants","2015",2149.01,"Coverage of occupational injuries: Reported injuries | Type of cases of occupational injuries: Including cases of injury due to commuting accidents","Data reference period: End of the year | Geographical coverage: Total national, excluding some areas"
"Macao, China","ADM-LIR - Labour Affairs Bureau","SDG indicator 8.8.1 - Non-fatal occupational injuries per 100'000 workers","Sex: Male","Migrant status: Non migrants","2015",1197.99,"Coverage of occupational injuries: Reported injuries | Type of cases of occupational injuries: Including cases of injury due to commuting accidents","Data reference period: End of the year | Geographical coverage: Total national, excluding some areas"
"Macao, China","ADM-LIR - Labour Affairs Bureau","SDG indicator 8.8.1 - Non-fatal occupational injuries per 100'000 workers","Sex: Female","Migrant status: Total","2015",1820.21,"Coverage of occupational injuries: Reported injuries | Type of cases of occupational injuries: Including cases of injury due to commuting accidents","Data reference period: End of the year | Geographical coverage: Total national, excluding some areas"
"Macao, China","ADM-LIR - Labour Affairs Bureau","SDG indicator 8.8.1 - Non-fatal occupational injuries per 100'000 workers","Sex: Female","Migrant status: Migrants","2015",1340.95,"Coverage of occupational injuries: Reported injuries | Type of cases of occupational injuries: Including cases of injury due to commuting accidents","Data reference period: End of the year | Geographical coverage: Total national, excluding some areas"
"Macao, China","ADM-LIR - Labour Affairs Bureau","SDG indicator 8.8.1 - Non-fatal occupational injuries per 100'000 workers","Sex: Female","Migrant status: Non migrants","2015",1741.03,"Coverage of occupational injuries: Reported injuries | Type of cases of occupational injuries: Including cases of injury due to commuting accidents","Data reference period: End of the year | Geographical coverage: Total national, excluding some areas"
"Macao, China","ADM-LIR - Labour Affairs Bureau","SDG indicator 8.8.1 - Non-fatal occupational injuries per 100'000 workers","Sex: Total","Migrant status: Total","2014",1881.99,"Coverage of occupational injuries: Reported injuries | Type of cases of occupational injuries: Including cases of injury due to commuting accidents","Data reference period: End of the year | Geographical coverage: Total national, excluding some areas"
"Macao, China","ADM-LIR - Labour Affairs Bureau","SDG indicator 8.8.1 - Non-fatal occupational injuries per 100'000 workers","Sex: Total","Migrant status: Migrants","2014",1907.29,"Coverage of occupational injuries: Reported injuries | Type of cases of occupational injuries: Including cases of injury due to commuting accidents","Data reference period: End of the year | Geographical coverage: Total national, excluding some areas"
"Macao, China","ADM-LIR - Labour Affairs Bureau","SDG indicator 8.8.1 - Non-fatal occupational injuries per 100'000 workers","Sex: Total","Migrant status: Non migrants","2014",1466.02,"Coverage of occupational injuries: Reported injuries | Type of cases of occupational injuries: Including cases of injury due to commuting accidents","Data reference period: End of the year | Geographical coverage: Total national, excluding some areas"
"Macao, China","ADM-LIR - Labour Affairs Bureau","SDG indicator 8.8.1 - Non-fatal occupational injuries per 100'000 workers","Sex: Male","Migrant status: Total","2014",1906.59,"Coverage of occupational injuries: Reported injuries | Type of cases of occupational injuries: Including cases of injury due to commuting accidents","Data reference period: End of the year | Geographical coverage: Total national, excluding some areas"
"Macao, China","ADM-LIR - Labour Affairs Bureau","SDG indicator 8.8.1 - Non-fatal occupational injuries per 100'000 workers","Sex: Male","Migrant status: Migrants","2014",2180.85,"Coverage of occupational injuries: Reported injuries | Type of cases of occupational injuries: Including cases of injury due to commuting accidents","Data reference period: End of the year | Geographical coverage: Total national, excluding some areas"
"Macao, China","ADM-LIR - Labour Affairs Bureau","SDG indicator 8.8.1 - Non-fatal occupational injuries per 100'000 workers","Sex: Male","Migrant status: Non migrants","2014",1166.79,"Coverage of occupational injuries: Reported injuries | Type of cases of occupational injuries: Including cases of injury due to commuting accidents","Data reference period: End of the year | Geographical coverage: Total national, excluding some areas"
"Macao, China","ADM-LIR - Labour Affairs Bureau","SDG indicator 8.8.1 - Non-fatal occupational injuries per 100'000 workers","Sex: Female","Migrant status: Total","2014",1854.9,"Coverage of occupational injuries: Reported injuries | Type of cases of occupational injuries: Including cases of injury due to commuting accidents","Data reference period: End of the year | Geographical coverage: Total national, excluding some areas"
"Macao, China","ADM-LIR - Labour Affairs Bureau","SDG indicator 8.8.1 - Non-fatal occupational injuries per 100'000 workers","Sex: Female","Migrant status: Migrants","2014",1491.39,"Coverage of occupational injuries: Reported injuries | Type of cases of occupational injuries: Including cases of injury due to commuting accidents","Data reference period: End of the year | Geographical coverage: Total national, excluding some areas"
"Macao, China","ADM-LIR - Labour Affairs Bureau","SDG indicator 8.8.1 - Non-fatal occupational injuries per 100'000 workers","Sex: Female","Migrant status: Non migrants","2014",1774.03,"Coverage of occupational injuries: Reported injuries | Type of cases of occupational injuries: Including cases of injury due to commuting accidents","Data reference period: End of the year | Geographical coverage: Total national, excluding some areas"
"Macao, China","ADM-LIR - Labour Affairs Bureau","SDG indicator 8.8.1 - Non-fatal occupational injuries per 100'000 workers","Sex: Total","Migrant status: Total","2013",1966.2,"Coverage of occupational injuries: Reported injuries | Type of cases of occupational injuries: Including cases of injury due to commuting accidents","Data reference period: End of the year | Geographical coverage: Total national, excluding some areas"
"Macao, China","ADM-LIR - Labour Affairs Bureau","SDG indicator 8.8.1 - Non-fatal occupational injuries per 100'000 workers","Sex: Total","Migrant status: Migrants","2013",1987.84,"Coverage of occupational injuries: Reported injuries | Type of cases of occupational injuries: Including cases of injury due to commuting accidents","Data reference period: End of the year | Geographical coverage: Total national, excluding some areas"
"Macao, China","ADM-LIR - Labour Affairs Bureau","SDG indicator 8.8.1 - Non-fatal occupational injuries per 100'000 workers","Sex: Total","Migrant status: Non migrants","2013",1613.48,"Coverage of occupational injuries: Reported injuries | Type of cases of occupational injuries: Including cases of injury due to commuting accidents","Data reference period: End of the year | Geographical coverage: Total national, excluding some areas"
"Macao, China","ADM-LIR - Labour Affairs Bureau","SDG indicator 8.8.1 - Non-fatal occupational injuries per 100'000 workers","Sex: Male","Migrant status: Total","2013",1975.07,"Coverage of occupational injuries: Reported injuries | Type of cases of occupational injuries: Including cases of injury due to commuting accidents","Data reference period: End of the year | Geographical coverage: Total national, excluding some areas"
"Macao, China","ADM-LIR - Labour Affairs Bureau","SDG indicator 8.8.1 - Non-fatal occupational injuries per 100'000 workers","Sex: Male","Migrant status: Migrants","2013",2326.21,"Coverage of occupational injuries: Reported injuries | Type of cases of occupational injuries: Including cases of injury due to commuting accidents","Data reference period: End of the year | Geographical coverage: Total national, excluding some areas"
"Macao, China","ADM-LIR - Labour Affairs Bureau","SDG indicator 8.8.1 - Non-fatal occupational injuries per 100'000 workers","Sex: Male","Migrant status: Non migrants","2013",1352.9,"Coverage of occupational injuries: Reported injuries | Type of cases of occupational injuries: Including cases of injury due to commuting accidents","Data reference period: End of the year | Geographical coverage: Total national, excluding some areas"
"Macao, China","ADM-LIR - Labour Affairs Bureau","SDG indicator 8.8.1 - Non-fatal occupational injuries per 100'000 workers","Sex: Female","Migrant status: Total","2013",1956.94,"Coverage of occupational injuries: Reported injuries | Type of cases of occupational injuries: Including cases of injury due to commuting accidents","Data reference period: End of the year | Geographical coverage: Total national, excluding some areas"
"Macao, China","ADM-LIR - Labour Affairs Bureau","SDG indicator 8.8.1 - Non-fatal occupational injuries per 100'000 workers","Sex: Female","Migrant status: Migrants","2013",1554.77,"Coverage of occupational injuries: Reported injuries | Type of cases of occupational injuries: Including cases of injury due to commuting accidents","Data reference period: End of the year | Geographical coverage: Total national, excluding some areas"
"Macao, China","ADM-LIR - Labour Affairs Bureau","SDG indicator 8.8.1 - Non-fatal occupational injuries per 100'000 workers","Sex: Female","Migrant status: Non migrants","2013",1880.33,"Coverage of occupational injuries: Reported injuries | Type of cases of occupational injuries: Including cases of injury due to commuting accidents","Data reference period: End of the year | Geographical coverage: Total national, excluding some areas"
"Republic of Moldova","ES - Survey on Accidents at Work","SDG indicator 8.8.1 - Non-fatal occupational injuries per 100'000 workers","Sex: Total","Migrant status: Total","2023",88,"Coverage of occupational injuries: Reported injuries | Type of cases of occupational injuries: Cases of occupational injury","Geographical coverage: Total national, excluding some areas | Economic activity coverage: Excluding activities of households as employers and of extraterritorial organizations and bodies | Reference group coverage: Employees"
"Republic of Moldova","ES - Survey on Accidents at Work","SDG indicator 8.8.1 - Non-fatal occupational injuries per 100'000 workers","Sex: Male","Migrant status: Total","2023",124.6,"Coverage of occupational injuries: Reported injuries | Type of cases of occupational injuries: Cases of occupational injury","Geographical coverage: Total national, excluding some areas | Economic activity coverage: Excluding activities of households as employers and of extraterritorial organizations and bodies | Reference group coverage: Employees"
"Republic of Moldova","ES - Survey on Accidents at Work","SDG indicator 8.8.1 - Non-fatal occupational injuries per 100'000 workers","Sex: Female","Migrant status: Total","2023",55.7,"Coverage of occupational injuries: Reported injuries | Type of cases of occupational injuries: Cases of occupational injury","Geographical coverage: Total national, excluding some areas | Economic activity coverage: Excluding activities of households as employers and of extraterritorial organizations and bodies | Reference group coverage: Employees"
"Republic of Moldova","ES - Survey on Accidents at Work","SDG indicator 8.8.1 - Non-fatal occupational injuries per 100'000 workers","Sex: Total","Migrant status: Total","2022",78.3,"Coverage of occupational injuries: Reported injuries | Type of cases of occupational injuries: Cases of occupational injury","Geographical coverage: Total national, excluding some areas | Economic activity coverage: Excluding activities of households as employers and of extraterritorial organizations and bodies | Reference group coverage: Employees"
"Republic of Moldova","ES - Survey on Accidents at Work","SDG indicator 8.8.1 - Non-fatal occupational injuries per 100'000 workers","Sex: Male","Migrant status: Total","2022",110.5,"Coverage of occupational injuries: Reported injuries | Type of cases of occupational injuries: Cases of occupational injury","Geographical coverage: Total national, excluding some areas | Economic activity coverage: Excluding activities of households as employers and of extraterritorial organizations and bodies | Reference group coverage: Employees"
"Republic of Moldova","ES - Survey on Accidents at Work","SDG indicator 8.8.1 - Non-fatal occupational injuries per 100'000 workers","Sex: Female","Migrant status: Total","2022",49.7,"Coverage of occupational injuries: Reported injuries | Type of cases of occupational injuries: Cases of occupational injury","Geographical coverage: Total national, excluding some areas | Economic activity coverage: Excluding activities of households as employers and of extraterritorial organizations and bodies | Reference group coverage: Employees"
"Republic of Moldova","ES - Survey on Accidents at Work","SDG indicator 8.8.1 - Non-fatal occupational injuries per 100'000 workers","Sex: Total","Migrant status: Total","2021",84,"Coverage of occupational injuries: Reported injuries | Type of cases of occupational injuries: Cases of occupational injury","Geographical coverage: Total national, excluding some areas | Economic activity coverage: Excluding activities of households as employers and of extraterritorial organizations and bodies | Reference group coverage: Employees"
"Republic of Moldova","ES - Survey on Accidents at Work","SDG indicator 8.8.1 - Non-fatal occupational injuries per 100'000 workers","Sex: Male","Migrant status: Total","2021",111.9,"Coverage of occupational injuries: Reported injuries | Type of cases of occupational injuries: Cases of occupational injury","Geographical coverage: Total national, excluding some areas | Economic activity coverage: Excluding activities of households as employers and of extraterritorial organizations and bodies | Reference group coverage: Employees"
"Republic of Moldova","ES - Survey on Accidents at Work","SDG indicator 8.8.1 - Non-fatal occupational injuries per 100'000 workers","Sex: Female","Migrant status: Total","2021",58.7,"Coverage of occupational injuries: Reported injuries | Type of cases of occupational injuries: Cases of occupational injury","Geographical coverage: Total national, excluding some areas | Economic activity coverage: Excluding activities of households as employers and of extraterritorial organizations and bodies | Reference group coverage: Employees"
"Republic of Moldova","ES - Survey on Accidents at Work","SDG indicator 8.8.1 - Non-fatal occupational injuries per 100'000 workers","Sex: Total","Migrant status: Total","2020",64.5,"Coverage of occupational injuries: Reported injuries | Type of cases of occupational injuries: Cases of occupational injury","Geographical coverage: Total national, excluding some areas | Economic activity coverage: Excluding activities of households as employers and of extraterritorial organizations and bodies | Reference group coverage: Employees"
"Republic of Moldova","ES - Survey on Accidents at Work","SDG indicator 8.8.1 - Non-fatal occupational injuries per 100'000 workers","Sex: Male","Migrant status: Total","2020",92.1,"Coverage of occupational injuries: Reported injuries | Type of cases of occupational injuries: Cases of occupational injury","Geographical coverage: Total national, excluding some areas | Economic activity coverage: Excluding activities of households as employers and of extraterritorial organizations and bodies | Reference group coverage: Employees"
"Republic of Moldova","ES - Survey on Accidents at Work","SDG indicator 8.8.1 - Non-fatal occupational injuries per 100'000 workers","Sex: Female","Migrant status: Total","2020",39.5,"Coverage of occupational injuries: Reported injuries | Type of cases of occupational injuries: Cases of occupational injury","Geographical coverage: Total national, excluding some areas | Economic activity coverage: Excluding activities of households as employers and of extraterritorial organizations and bodies | Reference group coverage: Employees"
"Republic of Moldova","ES - Survey on Accidents at Work","SDG indicator 8.8.1 - Non-fatal occupational injuries per 100'000 workers","Sex: Total","Migrant status: Total","2019",73.1,"Coverage of occupational injuries: Reported injuries | Type of cases of occupational injuries: Cases of occupational injury","Geographical coverage: Total national, excluding some areas | Economic activity coverage: Excluding activities of households as employers and of extraterritorial organizations and bodies | Reference group coverage: Employees"
"Republic of Moldova","ES - Survey on Accidents at Work","SDG indicator 8.8.1 - Non-fatal occupational injuries per 100'000 workers","Sex: Male","Migrant status: Total","2019",105.6,"Coverage of occupational injuries: Reported injuries | Type of cases of occupational injuries: Cases of occupational injury","Geographical coverage: Total national, excluding some areas | Economic activity coverage: Excluding activities of households as employers and of extraterritorial organizations and bodies | Reference group coverage: Employees"
"Republic of Moldova","ES - Survey on Accidents at Work","SDG indicator 8.8.1 - Non-fatal occupational injuries per 100'000 workers","Sex: Female","Migrant status: Total","2019",43.4,"Coverage of occupational injuries: Reported injuries | Type of cases of occupational injuries: Cases of occupational injury","Geographical coverage: Total national, excluding some areas | Economic activity coverage: Excluding activities of households as employers and of extraterritorial organizations and bodies | Reference group coverage: Employees"
"Republic of Moldova","ES - Survey on Employment, Remuneration and Hours of Work","SDG indicator 8.8.1 - Non-fatal occupational injuries per 100'000 workers","Sex: Total","Migrant status: Total","2018",75.85,"Coverage of occupational injuries: Reported injuries | Type of cases of occupational injuries: Cases of occupational injury","Geographical coverage: Total national, excluding some areas | Economic activity coverage: Excluding activities of households as employers and of extraterritorial organizations and bodies | Reference group coverage: Employees | Establishment size coverage: All establishments with at least 20 employees"
"Republic of Moldova","ES - Survey on Employment, Remuneration and Hours of Work","SDG indicator 8.8.1 - Non-fatal occupational injuries per 100'000 workers","Sex: Total","Migrant status: Total","2017",67.95,"Coverage of occupational injuries: Reported injuries | Type of cases of occupational injuries: Cases of occupational injury","Geographical coverage: Total national, excluding some areas | Economic activity coverage: Excluding activities of households as employers and of extraterritorial organizations and bodies | Reference group coverage: Employees | Establishment size coverage: All establishments with at least 20 employees"
"Republic of Moldova","ES - Survey on Employment, Remuneration and Hours of Work","SDG indicator 8.8.1 - Non-fatal occupational injuries per 100'000 workers","Sex: Total","Migrant status: Total","2016",57.55,"Coverage of occupational injuries: Reported injuries | Type of cases of occupational injuries: Cases of occupational injury","Geographical coverage: Total national, excluding some areas | Economic activity coverage: Excluding activities of households as employers and of extraterritorial organizations and bodies | Reference group coverage: Employees"
"Republic of Moldova","ES - Survey on Employment, Remuneration and Hours of Work","SDG indicator 8.8.1 - Non-fatal occupational injuries per 100'000 workers","Sex: Total","Migrant status: Total","2015",70.3,"Coverage of occupational injuries: Reported injuries | Type of cases of occupational injuries: Cases of occupational injury | Type of rate: Incidence rate (per 100'000 employees) | Minimum period of absence from work: Incapacities lasting more than 2 days","Geographical coverage: Total national, excluding some areas | Economic activity coverage: Excluding activities of households as employers and of extraterritorial organizations and bodies | Reference group coverage: Employees | Establishment size coverage: All establishments with at least 20 employees"
"Republic of Moldova","ES - Survey on Employment, Remuneration and Hours of Work","SDG indicator 8.8.1 - Non-fatal occupational injuries per 100'000 workers","Sex: Male","Migrant status: Total","2015",121.6,"Coverage of occupational injuries: Reported injuries | Type of cases of occupational injuries: Cases of occupational injury | Type of rate: Incidence rate (per 100'000 employees) | Minimum period of absence from work: Incapacities lasting more than 2 days","Geographical coverage: Total national, excluding some areas | Economic activity coverage: Excluding activities of households as employers and of extraterritorial organizations and bodies | Reference group coverage: Employees | Establishment size coverage: All establishments with at least 20 employees"
"Republic of Moldova","ES - Survey on Employment, Remuneration and Hours of Work","SDG indicator 8.8.1 - Non-fatal occupational injuries per 100'000 workers","Sex: Female","Migrant status: Total","2015",29.4,"Coverage of occupational injuries: Reported injuries | Type of cases of occupational injuries: Cases of occupational injury | Type of rate: Incidence rate (per 100'000 employees) | Minimum period of absence from work: Incapacities lasting more than 2 days","Geographical coverage: Total national, excluding some areas | Economic activity coverage: Excluding activities of households as employers and of extraterritorial organizations and bodies | Reference group coverage: Employees | Establishment size coverage: All establishments with at least 20 employees"
"Republic of Moldova","ES - Survey on Employment, Remuneration and Hours of Work","SDG indicator 8.8.1 - Non-fatal occupational injuries per 100'000 workers","Sex: Total","Migrant status: Total","2014",85,"Coverage of occupational injuries: Reported injuries | Type of cases of occupational injuries: Cases of occupational injury | Type of rate: Incidence rate (per 100'000 employees) | Minimum period of absence from work: Incapacities lasting more than 2 days","Geographical coverage: Total national, excluding some areas | Economic activity coverage: Excluding activities of households as employers and of extraterritorial organizations and bodies | Reference group coverage: Employees | Establishment size coverage: All establishments with at least 20 employees"
"Republic of Moldova","ES - Survey on Employment, Remuneration and Hours of Work","SDG indicator 8.8.1 - Non-fatal occupational injuries per 100'000 workers","Sex: Total","Migrant status: Total","2013",96.4,"Coverage of occupational injuries: Reported injuries | Type of cases of occupational injuries: Cases of occupational injury | Type of rate: Incidence rate (per 100'000 employees) | Minimum period of absence from work: Incapacities lasting more than 2 days","Data reference period: End of the year | Geographical coverage: Total national, excluding some areas | Reference group coverage: Employees | Establishment size coverage: All establishments with at least 20 employees"
"Mexico","ADM-IR - Mexican Social Security Institute statistical report","SDG indicator 8.8.1 - Non-fatal occupational injuries per 100'000 workers","Sex: Total","Migrant status: Total","2021",2529,"Coverage of occupational injuries: Reported injuries | Type of cases of occupational injuries: Cases of occupational injury","Data reference period: End of the year"
"Mexico","ADM-IR - Mexican Social Security Institute statistical report","SDG indicator 8.8.1 - Non-fatal occupational injuries per 100'000 workers","Sex: Male","Migrant status: Total","2021",2408,"Coverage of occupational injuries: Reported injuries | Type of cases of occupational injuries: Cases of occupational injury","Data reference period: End of the year"
"Mexico","ADM-IR - Mexican Social Security Institute statistical report","SDG indicator 8.8.1 - Non-fatal occupational injuries per 100'000 workers","Sex: Female","Migrant status: Total","2021",2721,"Coverage of occupational injuries: Reported injuries | Type of cases of occupational injuries: Cases of occupational injury","Data reference period: End of the year"
"Mexico","ADM-IR - Mexican Social Security Institute statistical report","SDG indicator 8.8.1 - Non-fatal occupational injuries per 100'000 workers","Sex: Total","Migrant status: Total","2020",2464.2,"Coverage of occupational injuries: Reported injuries | Type of cases of occupational injuries: Cases of occupational injury","Data reference period: End of the year"
"Mexico","ADM-IR - Mexican Social Security Institute statistical report","SDG indicator 8.8.1 - Non-fatal occupational injuries per 100'000 workers","Sex: Male","Migrant status: Total","2020",2322.77,"Coverage of occupational injuries: Reported injuries | Type of cases of occupational injuries: Cases of occupational injury","Data reference period: End of the year"
"Mexico","ADM-IR - Mexican Social Security Institute statistical report","SDG indicator 8.8.1 - Non-fatal occupational injuries per 100'000 workers","Sex: Female","Migrant status: Total","2020",2691.16,"Coverage of occupational injuries: Reported injuries | Type of cases of occupational injuries: Cases of occupational injury","Data reference period: End of the year"
"Mexico","ADM-IR - Mexican Social Security Institute statistical report","SDG indicator 8.8.1 - Non-fatal occupational injuries per 100'000 workers","Sex: Total","Migrant status: Total","2019",2707.97,"Coverage of occupational injuries: Reported injuries | Type of cases of occupational injuries: Including cases of occupational disease and cases of injury due to commuting accidents","Data reference period: End of the year"
"Mexico","ADM-IR - Mexican Social Security Institute statistical report","SDG indicator 8.8.1 - Non-fatal occupational injuries per 100'000 workers","Sex: Male","Migrant status: Total","2019",2695.6,"Coverage of occupational injuries: Reported injuries | Type of cases of occupational injuries: Including cases of occupational disease and cases of injury due to commuting accidents","Data reference period: End of the year"
"Mexico","ADM-IR - Mexican Social Security Institute statistical report","SDG indicator 8.8.1 - Non-fatal occupational injuries per 100'000 workers","Sex: Female","Migrant status: Total","2019",2728.24,"Coverage of occupational injuries: Reported injuries | Type of cases of occupational injuries: Including cases of occupational disease and cases of injury due to commuting accidents","Data reference period: End of the year"
"Mexico","ADM-IR - Mexican Social Security Institute statistical report","SDG indicator 8.8.1 - Non-fatal occupational injuries per 100'000 workers","Sex: Total","Migrant status: Total","2017",3003.418,"Coverage of occupational injuries: Reported injuries | Type of cases of occupational injuries: Including cases of occupational disease and cases of injury due to commuting accidents","Data reference period: End of the year"
"Mexico","ADM-IR - Mexican Social Security Institute statistical report","SDG indicator 8.8.1 - Non-fatal occupational injuries per 100'000 workers","Sex: Male","Migrant status: Total","2017",3052.195,"Coverage of occupational injuries: Reported injuries | Type of cases of occupational injuries: Including cases of occupational disease and cases of injury due to commuting accidents","Data reference period: End of the year"
"Mexico","ADM-IR - Mexican Social Security Institute statistical report","SDG indicator 8.8.1 - Non-fatal occupational injuries per 100'000 workers","Sex: Female","Migrant status: Total","2017",2920.973,"Coverage of occupational injuries: Reported injuries | Type of cases of occupational injuries: Including cases of occupational disease and cases of injury due to commuting accidents","Data reference period: End of the year"
"Mexico","ADM-IR - Mexican Social Security Institute statistical report","SDG indicator 8.8.1 - Non-fatal occupational injuries per 100'000 workers","Sex: Total","Migrant status: Total","2016",2907.57,"Coverage of occupational injuries: Reported injuries | Type of cases of occupational injuries: Including cases of occupational disease and cases of injury due to commuting accidents","Data reference period: End of the year"
"Mexico","ADM-IR - Mexican Social Security Institute statistical report","SDG indicator 8.8.1 - Non-fatal occupational injuries per 100'000 workers","Sex: Male","Migrant status: Total","2016",2979.45,"Coverage of occupational injuries: Reported injuries | Type of cases of occupational injuries: Including cases of occupational disease and cases of injury due to commuting accidents","Data reference period: End of the year"
"Mexico","ADM-IR - Mexican Social Security Institute statistical report","SDG indicator 8.8.1 - Non-fatal occupational injuries per 100'000 workers","Sex: Female","Migrant status: Total","2016",2784.41,"Coverage of occupational injuries: Reported injuries | Type of cases of occupational injuries: Including cases of occupational disease and cases of injury due to commuting accidents","Data reference period: End of the year"
"Mexico","ADM-IR - Mexican Social Security Institute statistical report","SDG indicator 8.8.1 - Non-fatal occupational injuries per 100'000 workers","Sex: Total","Migrant status: Total","2015",3134.24,"Coverage of occupational injuries: Reported injuries | Type of cases of occupational injuries: Cases of occupational injury | Type of rate: Incidence rate (per 100'000 workers exposed to risk) | Minimum period of absence from work: Incapacities lasting 1 day or more","Data reference period: End of the year"
"Mexico","ADM-IR - Mexican Social Security Institute statistical report","SDG indicator 8.8.1 - Non-fatal occupational injuries per 100'000 workers","Sex: Male","Migrant status: Total","2015",3233.64,"Coverage of occupational injuries: Reported injuries | Type of cases of occupational injuries: Cases of occupational injury | Type of rate: Incidence rate (per 100'000 workers exposed to risk) | Minimum period of absence from work: Incapacities lasting 1 day or more","Data reference period: End of the year"
"Mexico","ADM-IR - Mexican Social Security Institute statistical report","SDG indicator 8.8.1 - Non-fatal occupational injuries per 100'000 workers","Sex: Female","Migrant status: Total","2015",2961.09,"Coverage of occupational injuries: Reported injuries | Type of cases of occupational injuries: Cases of occupational injury | Type of rate: Incidence rate (per 100'000 workers exposed to risk) | Minimum period of absence from work: Incapacities lasting 1 day or more","Data reference period: End of the year"
"Mexico","ADM-IR - Mexican Social Security Institute statistical report","SDG indicator 8.8.1 - Non-fatal occupational injuries per 100'000 workers","Sex: Total","Migrant status: Total","2014",3141.18,"Coverage of occupational injuries: Reported injuries | Type of cases of occupational injuries: Cases of occupational injury | Type of rate: Incidence rate (per 100'000 workers exposed to risk) | Minimum period of absence from work: Incapacities lasting 1 day or more","Data reference period: End of the year"
"Mexico","ADM-IR - Mexican Social Security Institute statistical report","SDG indicator 8.8.1 - Non-fatal occupational injuries per 100'000 workers","Sex: Male","Migrant status: Total","2014",3253.65,"Coverage of occupational injuries: Reported injuries | Type of cases of occupational injuries: Cases of occupational injury | Type of rate: Incidence rate (per 100'000 workers exposed to risk) | Minimum period of absence from work: Incapacities lasting 1 day or more","Data reference period: End of the year"
"Mexico","ADM-IR - Mexican Social Security Institute statistical report","SDG indicator 8.8.1 - Non-fatal occupational injuries per 100'000 workers","Sex: Female","Migrant status: Total","2014",2943.23,"Coverage of occupational injuries: Reported injuries | Type of cases of occupational injuries: Cases of occupational injury | Type of rate: Incidence rate (per 100'000 workers exposed to risk) | Minimum period of absence from work: Incapacities lasting 1 day or more","Data reference period: End of the year"
"Mexico","ADM-IR - Mexican Social Security Institute statistical report","SDG indicator 8.8.1 - Non-fatal occupational injuries per 100'000 workers","Sex: Total","Migrant status: Total","2013",3342.95,"Coverage of occupational injuries: Reported injuries | Type of cases of occupational injuries: Including cases of occupational disease and cases of injury due to commuting accidents | Type of rate: Incidence rate (per 100'000 workers exposed to risk) | Minimum period of absence from work: Incapacities lasting 1 day or more","Data reference period: End of the year"
"Mexico","ADM-IR - Mexican Social Security Institute statistical report","SDG indicator 8.8.1 - Non-fatal occupational injuries per 100'000 workers","Sex: Male","Migrant status: Total","2013",3459.89,"Coverage of occupational injuries: Reported injuries | Type of cases of occupational injuries: Including cases of occupational disease and cases of injury due to commuting accidents | Type of rate: Incidence rate (per 100'000 workers exposed to risk) | Minimum period of absence from work: Incapacities lasting 1 day or more","Data reference period: End of the year"
"Mexico","ADM-IR - Mexican Social Security Institute statistical report","SDG indicator 8.8.1 - Non-fatal occupational injuries per 100'000 workers","Sex: Female","Migrant status: Total","2013",3137.81,"Coverage of occupational injuries: Reported injuries | Type of cases of occupational injuries: Including cases of occupational disease and cases of injury due to commuting accidents | Type of rate: Incidence rate (per 100'000 workers exposed to risk) | Minimum period of absence from work: Incapacities lasting 1 day or more","Data reference period: End of the year"
"Malta","ADM - Records of Injury Benefits","SDG indicator 8.8.1 - Non-fatal occupational injuries per 100'000 workers","Sex: Total","Migrant status: Total","2023",733,"Coverage of occupational injuries: Compensated injuries | Type of cases of occupational injuries: Cases of occupational injury",
"Malta","ADM - Records of Injury Benefits","SDG indicator 8.8.1 - Non-fatal occupational injuries per 100'000 workers","Sex: Total","Migrant status: Migrants","2023",567,"Coverage of occupational injuries: Compensated injuries | Type of cases of occupational injuries: Cases of occupational injury",
"Malta","ADM - Records of Injury Benefits","SDG indicator 8.8.1 - Non-fatal occupational injuries per 100'000 workers","Sex: Total","Migrant status: Non migrants","2023",824,"Coverage of occupational injuries: Compensated injuries | Type of cases of occupational injuries: Cases of occupational injury",
"Malta","ADM - Records of Injury Benefits","SDG indicator 8.8.1 - Non-fatal occupational injuries per 100'000 workers","Sex: Male","Migrant status: Total","2023",959,"Coverage of occupational injuries: Compensated injuries | Type of cases of occupational injuries: Cases of occupational injury",
"Malta","ADM - Records of Injury Benefits","SDG indicator 8.8.1 - Non-fatal occupational injuries per 100'000 workers","Sex: Male","Migrant status: Migrants","2023",752,"Coverage of occupational injuries: Compensated injuries | Type of cases of occupational injuries: Cases of occupational injury",
"Malta","ADM - Records of Injury Benefits","SDG indicator 8.8.1 - Non-fatal occupational injuries per 100'000 workers","Sex: Male","Migrant status: Non migrants","2023",1080,"Coverage of occupational injuries: Compensated injuries | Type of cases of occupational injuries: Cases of occupational injury",
"Malta","ADM - Records of Injury Benefits","SDG indicator 8.8.1 - Non-fatal occupational injuries per 100'000 workers","Sex: Female","Migrant status: Total","2023",411,"Coverage of occupational injuries: Compensated injuries | Type of cases of occupational injuries: Cases of occupational injury",
"Malta","ADM - Records of Injury Benefits","SDG indicator 8.8.1 - Non-fatal occupational injuries per 100'000 workers","Sex: Female","Migrant status: Migrants","2023",266,"Coverage of occupational injuries: Compensated injuries | Type of cases of occupational injuries: Cases of occupational injury",
"Malta","ADM - Records of Injury Benefits","SDG indicator 8.8.1 - Non-fatal occupational injuries per 100'000 workers","Sex: Female","Migrant status: Non migrants","2023",481,"Coverage of occupational injuries: Compensated injuries | Type of cases of occupational injuries: Cases of occupational injury",
"Malta","ADM - Records of Injury Benefits","SDG indicator 8.8.1 - Non-fatal occupational injuries per 100'000 workers","Sex: Total","Migrant status: Total","2022",550.84,"Coverage of occupational injuries: Reported injuries","Repository: ILO calculations based on Eurostat data | Reference group coverage: Insured persons"
"Malta","ADM - Records of Injury Benefits","SDG indicator 8.8.1 - Non-fatal occupational injuries per 100'000 workers","Sex: Total","Migrant status: Total","2021",863,"Coverage of occupational injuries: Compensated injuries | Type of cases of occupational injuries: Cases of occupational injury",
"Malta","ADM - Records of Injury Benefits","SDG indicator 8.8.1 - Non-fatal occupational injuries per 100'000 workers","Sex: Total","Migrant status: Migrants","2021",716,"Coverage of occupational injuries: Compensated injuries | Type of cases of occupational injuries: Cases of occupational injury",
"Malta","ADM - Records of Injury Benefits","SDG indicator 8.8.1 - Non-fatal occupational injuries per 100'000 workers","Sex: Total","Migrant status: Non migrants","2021",917,"Coverage of occupational injuries: Compensated injuries | Type of cases of occupational injuries: Cases of occupational injury",
"Malta","ADM - Records of Injury Benefits","SDG indicator 8.8.1 - Non-fatal occupational injuries per 100'000 workers","Sex: Male","Migrant status: Total","2021",1155,"Coverage of occupational injuries: Compensated injuries | Type of cases of occupational injuries: Cases of occupational injury",
"Malta","ADM - Records of Injury Benefits","SDG indicator 8.8.1 - Non-fatal occupational injuries per 100'000 workers","Sex: Male","Migrant status: Migrants","2021",1020,"Coverage of occupational injuries: Compensated injuries | Type of cases of occupational injuries: Cases of occupational injury",
"Malta","ADM - Records of Injury Benefits","SDG indicator 8.8.1 - Non-fatal occupational injuries per 100'000 workers","Sex: Male","Migrant status: Non migrants","2021",1203,"Coverage of occupational injuries: Compensated injuries | Type of cases of occupational injuries: Cases of occupational injury",
"Malta","ADM - Records of Injury Benefits","SDG indicator 8.8.1 - Non-fatal occupational injuries per 100'000 workers","Sex: Female","Migrant status: Total","2021",444,"Coverage of occupational injuries: Compensated injuries | Type of cases of occupational injuries: Cases of occupational injury",
"Malta","ADM - Records of Injury Benefits","SDG indicator 8.8.1 - Non-fatal occupational injuries per 100'000 workers","Sex: Female","Migrant status: Migrants","2021",325,"Coverage of occupational injuries: Compensated injuries | Type of cases of occupational injuries: Cases of occupational injury",
"Malta","ADM - Records of Injury Benefits","SDG indicator 8.8.1 - Non-fatal occupational injuries per 100'000 workers","Sex: Female","Migrant status: Non migrants","2021",492,"Coverage of occupational injuries: Compensated injuries | Type of cases of occupational injuries: Cases of occupational injury",
"Malta","ADM - Records of Injury Benefits","SDG indicator 8.8.1 - Non-fatal occupational injuries per 100'000 workers","Sex: Total","Migrant status: Total","2020",891,"Coverage of occupational injuries: Compensated injuries | Type of cases of occupational injuries: Cases of occupational injury",
"Malta","ADM - Records of Injury Benefits","SDG indicator 8.8.1 - Non-fatal occupational injuries per 100'000 workers","Sex: Total","Migrant status: Migrants","2020",756,"Coverage of occupational injuries: Compensated injuries | Type of cases of occupational injuries: Cases of occupational injury",
"Malta","ADM - Records of Injury Benefits","SDG indicator 8.8.1 - Non-fatal occupational injuries per 100'000 workers","Sex: Total","Migrant status: Non migrants","2020",939,"Coverage of occupational injuries: Compensated injuries | Type of cases of occupational injuries: Cases of occupational injury",
"Malta","ADM - Records of Injury Benefits","SDG indicator 8.8.1 - Non-fatal occupational injuries per 100'000 workers","Sex: Male","Migrant status: Total","2020",1235,"Coverage of occupational injuries: Compensated injuries | Type of cases of occupational injuries: Cases of occupational injury",
"Malta","ADM - Records of Injury Benefits","SDG indicator 8.8.1 - Non-fatal occupational injuries per 100'000 workers","Sex: Male","Migrant status: Migrants","2020",1168,"Coverage of occupational injuries: Compensated injuries | Type of cases of occupational injuries: Cases of occupational injury",
"Malta","ADM - Records of Injury Benefits","SDG indicator 8.8.1 - Non-fatal occupational injuries per 100'000 workers","Sex: Male","Migrant status: Non migrants","2020",1257,"Coverage of occupational injuries: Compensated injuries | Type of cases of occupational injuries: Cases of occupational injury",
"Malta","ADM - Records of Injury Benefits","SDG indicator 8.8.1 - Non-fatal occupational injuries per 100'000 workers","Sex: Female","Migrant status: Total","2020",393,"Coverage of occupational injuries: Compensated injuries | Type of cases of occupational injuries: Cases of occupational injury",
"Malta","ADM - Records of Injury Benefits","SDG indicator 8.8.1 - Non-fatal occupational injuries per 100'000 workers","Sex: Female","Migrant status: Migrants","2020",234,"Coverage of occupational injuries: Compensated injuries | Type of cases of occupational injuries: Cases of occupational injury",
"Malta","ADM - Records of Injury Benefits","SDG indicator 8.8.1 - Non-fatal occupational injuries per 100'000 workers","Sex: Female","Migrant status: Non migrants","2020",456,"Coverage of occupational injuries: Compensated injuries | Type of cases of occupational injuries: Cases of occupational injury",
"Malta","ADM - Records of Injury Benefits","SDG indicator 8.8.1 - Non-fatal occupational injuries per 100'000 workers","Sex: Total","Migrant status: Total","2019",1278,"Coverage of occupational injuries: Compensated injuries | Type of cases of occupational injuries: Cases of occupational injury",
"Malta","ADM - Records of Injury Benefits","SDG indicator 8.8.1 - Non-fatal occupational injuries per 100'000 workers","Sex: Total","Migrant status: Migrants","2019",1053,"Coverage of occupational injuries: Compensated injuries | Type of cases of occupational injuries: Cases of occupational injury",
"Malta","ADM - Records of Injury Benefits","SDG indicator 8.8.1 - Non-fatal occupational injuries per 100'000 workers","Sex: Total","Migrant status: Non migrants","2019",1349,"Coverage of occupational injuries: Compensated injuries | Type of cases of occupational injuries: Cases of occupational injury",
"Malta","ADM - Records of Injury Benefits","SDG indicator 8.8.1 - Non-fatal occupational injuries per 100'000 workers","Sex: Male","Migrant status: Total","2019",1662,"Coverage of occupational injuries: Compensated injuries | Type of cases of occupational injuries: Cases of occupational injury",
"Malta","ADM - Records of Injury Benefits","SDG indicator 8.8.1 - Non-fatal occupational injuries per 100'000 workers","Sex: Male","Migrant status: Migrants","2019",1474,"Coverage of occupational injuries: Compensated injuries | Type of cases of occupational injuries: Cases of occupational injury",
"Malta","ADM - Records of Injury Benefits","SDG indicator 8.8.1 - Non-fatal occupational injuries per 100'000 workers","Sex: Male","Migrant status: Non migrants","2019",1715,"Coverage of occupational injuries: Compensated injuries | Type of cases of occupational injuries: Cases of occupational injury",
"Malta","ADM - Records of Injury Benefits","SDG indicator 8.8.1 - Non-fatal occupational injuries per 100'000 workers","Sex: Female","Migrant status: Total","2019",708,"Coverage of occupational injuries: Compensated injuries | Type of cases of occupational injuries: Cases of occupational injury",
"Malta","ADM - Records of Injury Benefits","SDG indicator 8.8.1 - Non-fatal occupational injuries per 100'000 workers","Sex: Female","Migrant status: Migrants","2019",531,"Coverage of occupational injuries: Compensated injuries | Type of cases of occupational injuries: Cases of occupational injury",
"Malta","ADM - Records of Injury Benefits","SDG indicator 8.8.1 - Non-fatal occupational injuries per 100'000 workers","Sex: Female","Migrant status: Non migrants","2019",772,"Coverage of occupational injuries: Compensated injuries | Type of cases of occupational injuries: Cases of occupational injury",
"Malta","ADM - Records of Injury Benefits","SDG indicator 8.8.1 - Non-fatal occupational injuries per 100'000 workers","Sex: Total","Migrant status: Total","2018",1363,"Coverage of occupational injuries: Compensated injuries | Type of cases of occupational injuries: Cases of occupational injury",
"Malta","ADM - Records of Injury Benefits","SDG indicator 8.8.1 - Non-fatal occupational injuries per 100'000 workers","Sex: Total","Migrant status: Migrants","2018",1098,"Coverage of occupational injuries: Compensated injuries | Type of cases of occupational injuries: Cases of occupational injury",
"Malta","ADM - Records of Injury Benefits","SDG indicator 8.8.1 - Non-fatal occupational injuries per 100'000 workers","Sex: Total","Migrant status: Non migrants","2018",1432,"Coverage of occupational injuries: Compensated injuries | Type of cases of occupational injuries: Cases of occupational injury",
"Malta","ADM - Records of Injury Benefits","SDG indicator 8.8.1 - Non-fatal occupational injuries per 100'000 workers","Sex: Male","Migrant status: Total","2018",1837,"Coverage of occupational injuries: Compensated injuries | Type of cases of occupational injuries: Cases of occupational injury",
"Malta","ADM - Records of Injury Benefits","SDG indicator 8.8.1 - Non-fatal occupational injuries per 100'000 workers","Sex: Male","Migrant status: Migrants","2018",1710,"Coverage of occupational injuries: Compensated injuries | Type of cases of occupational injuries: Cases of occupational injury",
"Malta","ADM - Records of Injury Benefits","SDG indicator 8.8.1 - Non-fatal occupational injuries per 100'000 workers","Sex: Male","Migrant status: Non migrants","2018",1865,"Coverage of occupational injuries: Compensated injuries | Type of cases of occupational injuries: Cases of occupational injury",
"Malta","ADM - Records of Injury Benefits","SDG indicator 8.8.1 - Non-fatal occupational injuries per 100'000 workers","Sex: Female","Migrant status: Total","2018",668,"Coverage of occupational injuries: Compensated injuries | Type of cases of occupational injuries: Cases of occupational injury",
"Malta","ADM - Records of Injury Benefits","SDG indicator 8.8.1 - Non-fatal occupational injuries per 100'000 workers","Sex: Female","Migrant status: Migrants","2018",417,"Coverage of occupational injuries: Compensated injuries | Type of cases of occupational injuries: Cases of occupational injury",
"Malta","ADM - Records of Injury Benefits","SDG indicator 8.8.1 - Non-fatal occupational injuries per 100'000 workers","Sex: Female","Migrant status: Non migrants","2018",747,"Coverage of occupational injuries: Compensated injuries | Type of cases of occupational injuries: Cases of occupational injury",
"Malta","ADM - Records of Injury Benefits","SDG indicator 8.8.1 - Non-fatal occupational injuries per 100'000 workers","Sex: Total","Migrant status: Total","2017",1443,"Coverage of occupational injuries: Compensated injuries | Type of cases of occupational injuries: Cases of occupational injury",
"Malta","ADM - Records of Injury Benefits","SDG indicator 8.8.1 - Non-fatal occupational injuries per 100'000 workers","Sex: Total","Migrant status: Migrants","2017",941,"Coverage of occupational injuries: Compensated injuries | Type of cases of occupational injuries: Cases of occupational injury",
"Malta","ADM - Records of Injury Benefits","SDG indicator 8.8.1 - Non-fatal occupational injuries per 100'000 workers","Sex: Total","Migrant status: Non migrants","2017",1547,"Coverage of occupational injuries: Compensated injuries | Type of cases of occupational injuries: Cases of occupational injury",
"Malta","ADM - Records of Injury Benefits","SDG indicator 8.8.1 - Non-fatal occupational injuries per 100'000 workers","Sex: Male","Migrant status: Total","2017",1920,"Coverage of occupational injuries: Compensated injuries | Type of cases of occupational injuries: Cases of occupational injury",
"Malta","ADM - Records of Injury Benefits","SDG indicator 8.8.1 - Non-fatal occupational injuries per 100'000 workers","Sex: Male","Migrant status: Migrants","2017",1313,"Coverage of occupational injuries: Compensated injuries | Type of cases of occupational injuries: Cases of occupational injury",
"Malta","ADM - Records of Injury Benefits","SDG indicator 8.8.1 - Non-fatal occupational injuries per 100'000 workers","Sex: Male","Migrant status: Non migrants","2017",2045,"Coverage of occupational injuries: Compensated injuries | Type of cases of occupational injuries: Cases of occupational injury",
"Malta","ADM - Records of Injury Benefits","SDG indicator 8.8.1 - Non-fatal occupational injuries per 100'000 workers","Sex: Female","Migrant status: Total","2017",725,"Coverage of occupational injuries: Compensated injuries | Type of cases of occupational injuries: Cases of occupational injury",
"Malta","ADM - Records of Injury Benefits","SDG indicator 8.8.1 - Non-fatal occupational injuries per 100'000 workers","Sex: Female","Migrant status: Migrants","2017",388,"Coverage of occupational injuries: Compensated injuries | Type of cases of occupational injuries: Cases of occupational injury",
"Malta","ADM - Records of Injury Benefits","SDG indicator 8.8.1 - Non-fatal occupational injuries per 100'000 workers","Sex: Female","Migrant status: Non migrants","2017",796,"Coverage of occupational injuries: Compensated injuries | Type of cases of occupational injuries: Cases of occupational injury",
"Malta","ADM - Records of Injury Benefits","SDG indicator 8.8.1 - Non-fatal occupational injuries per 100'000 workers","Sex: Total","Migrant status: Total","2016",1547,"Coverage of occupational injuries: Compensated injuries | Type of cases of occupational injuries: Cases of occupational injury",
"Malta","ADM - Records of Injury Benefits","SDG indicator 8.8.1 - Non-fatal occupational injuries per 100'000 workers","Sex: Total","Migrant status: Migrants","2016",1083,"Coverage of occupational injuries: Compensated injuries | Type of cases of occupational injuries: Cases of occupational injury",
"Malta","ADM - Records of Injury Benefits","SDG indicator 8.8.1 - Non-fatal occupational injuries per 100'000 workers","Sex: Total","Migrant status: Non migrants","2016",1626,"Coverage of occupational injuries: Compensated injuries | Type of cases of occupational injuries: Cases of occupational injury",
"Malta","ADM - Records of Injury Benefits","SDG indicator 8.8.1 - Non-fatal occupational injuries per 100'000 workers","Sex: Male","Migrant status: Total","2016",2023,"Coverage of occupational injuries: Compensated injuries | Type of cases of occupational injuries: Cases of occupational injury",
"Malta","ADM - Records of Injury Benefits","SDG indicator 8.8.1 - Non-fatal occupational injuries per 100'000 workers","Sex: Male","Migrant status: Migrants","2016",1305,"Coverage of occupational injuries: Compensated injuries | Type of cases of occupational injuries: Cases of occupational injury",
"Malta","ADM - Records of Injury Benefits","SDG indicator 8.8.1 - Non-fatal occupational injuries per 100'000 workers","Sex: Male","Migrant status: Non migrants","2016",2152,"Coverage of occupational injuries: Compensated injuries | Type of cases of occupational injuries: Cases of occupational injury",
"Malta","ADM - Records of Injury Benefits","SDG indicator 8.8.1 - Non-fatal occupational injuries per 100'000 workers","Sex: Female","Migrant status: Total","2016",814,"Coverage of occupational injuries: Compensated injuries | Type of cases of occupational injuries: Cases of occupational injury",
"Malta","ADM - Records of Injury Benefits","SDG indicator 8.8.1 - Non-fatal occupational injuries per 100'000 workers","Sex: Female","Migrant status: Migrants","2016",705,"Coverage of occupational injuries: Compensated injuries | Type of cases of occupational injuries: Cases of occupational injury",
"Malta","ADM - Records of Injury Benefits","SDG indicator 8.8.1 - Non-fatal occupational injuries per 100'000 workers","Sex: Female","Migrant status: Non migrants","2016",831,"Coverage of occupational injuries: Compensated injuries | Type of cases of occupational injuries: Cases of occupational injury",
"Malta","ADM - Records of Injury Benefits","SDG indicator 8.8.1 - Non-fatal occupational injuries per 100'000 workers","Sex: Total","Migrant status: Total","2015",1231.31,"Coverage of occupational injuries: Reported injuries","Repository: ILO calculations based on Eurostat data | Reference group coverage: Insured persons"
"Malta","ADM - Records of Injury Benefits","SDG indicator 8.8.1 - Non-fatal occupational injuries per 100'000 workers","Sex: Total","Migrant status: Total","2014",1448.56,"Coverage of occupational injuries: Reported injuries","Repository: ILO calculations based on Eurostat data | Reference group coverage: Insured persons"
"Malta","ADM - Records of Injury Benefits","SDG indicator 8.8.1 - Non-fatal occupational injuries per 100'000 workers","Sex: Total","Migrant status: Total","2013",1478.93,"Coverage of occupational injuries: Reported injuries","Repository: ILO calculations based on Eurostat data | Reference group coverage: Insured persons"
"Myanmar","ADM-LIR - Labour Inspectorate Records","SDG indicator 8.8.1 - Non-fatal occupational injuries per 100'000 workers","Sex: Total","Migrant status: Total","2019",11.83,"Coverage of occupational injuries: Reported injuries | Type of cases of occupational injuries: Cases of occupational injury","Data reference period: Noncalendar year | Reference group coverage: Employees"
"Myanmar","ADM-LIR - Labour Inspectorate Records","SDG indicator 8.8.1 - Non-fatal occupational injuries per 100'000 workers","Sex: Total","Migrant status: Non migrants","2019",11.83,"Coverage of occupational injuries: Reported injuries | Type of cases of occupational injuries: Cases of occupational injury","Data reference period: Noncalendar year | Reference group coverage: Employees"
"Myanmar","ADM-LIR - Labour Inspectorate Records","SDG indicator 8.8.1 - Non-fatal occupational injuries per 100'000 workers","Sex: Male","Migrant status: Total","2019",24.77,"Coverage of occupational injuries: Reported injuries | Type of cases of occupational injuries: Cases of occupational injury","Data reference period: Noncalendar year | Reference group coverage: Employees"
"Myanmar","ADM-LIR - Labour Inspectorate Records","SDG indicator 8.8.1 - Non-fatal occupational injuries per 100'000 workers","Sex: Male","Migrant status: Non migrants","2019",24.77,"Coverage of occupational injuries: Reported injuries | Type of cases of occupational injuries: Cases of occupational injury","Data reference period: Noncalendar year | Reference group coverage: Employees"
"Myanmar","ADM-LIR - Labour Inspectorate Records","SDG indicator 8.8.1 - Non-fatal occupational injuries per 100'000 workers","Sex: Female","Migrant status: Total","2019",4.29,"Coverage of occupational injuries: Reported injuries | Type of cases of occupational injuries: Cases of occupational injury","Data reference period: Noncalendar year | Reference group coverage: Employees"
"Myanmar","ADM-LIR - Labour Inspectorate Records","SDG indicator 8.8.1 - Non-fatal occupational injuries per 100'000 workers","Sex: Female","Migrant status: Non migrants","2019",4.29,"Coverage of occupational injuries: Reported injuries | Type of cases of occupational injuries: Cases of occupational injury","Data reference period: Noncalendar year | Reference group coverage: Employees"
"Myanmar","ADM-LIR - Labour Inspectorate Records","SDG indicator 8.8.1 - Non-fatal occupational injuries per 100'000 workers","Sex: Total","Migrant status: Total","2018",20.1,"Coverage of occupational injuries: Reported injuries | Type of cases of occupational injuries: Cases of occupational injury","Employment definition: Excluding own-use production workers | Reference group coverage: Employees"
"Myanmar","ADM-LIR - Labour Inspectorate Records","SDG indicator 8.8.1 - Non-fatal occupational injuries per 100'000 workers","Sex: Male","Migrant status: Total","2018",39.8,"Coverage of occupational injuries: Reported injuries | Type of cases of occupational injuries: Cases of occupational injury","Employment definition: Excluding own-use production workers | Reference group coverage: Employees"
"Myanmar","ADM-LIR - Labour Inspectorate Records","SDG indicator 8.8.1 - Non-fatal occupational injuries per 100'000 workers","Sex: Female","Migrant status: Total","2018",8.6,"Coverage of occupational injuries: Reported injuries | Type of cases of occupational injuries: Cases of occupational injury","Employment definition: Excluding own-use production workers | Reference group coverage: Employees"
"Myanmar","ADM-LIR - Labour Inspectorate Records","SDG indicator 8.8.1 - Non-fatal occupational injuries per 100'000 workers","Sex: Total","Migrant status: Total","2017",18.8,"Coverage of occupational injuries: Reported injuries | Type of cases of occupational injuries: Cases of occupational injury","Employment definition: Excluding own-use production workers | Reference group coverage: Employees"
"Myanmar","ADM-LIR - Labour Inspectorate Records","SDG indicator 8.8.1 - Non-fatal occupational injuries per 100'000 workers","Sex: Male","Migrant status: Total","2017",39.9,"Coverage of occupational injuries: Reported injuries | Type of cases of occupational injuries: Cases of occupational injury","Employment definition: Excluding own-use production workers | Reference group coverage: Employees"
"Myanmar","ADM-LIR - Labour Inspectorate Records","SDG indicator 8.8.1 - Non-fatal occupational injuries per 100'000 workers","Sex: Female","Migrant status: Total","2017",5.6,"Coverage of occupational injuries: Reported injuries | Type of cases of occupational injuries: Cases of occupational injury","Employment definition: Excluding own-use production workers | Reference group coverage: Employees"
"Myanmar","ADM-LIR - Labour Inspectorate Records","SDG indicator 8.8.1 - Non-fatal occupational injuries per 100'000 workers","Sex: Total","Migrant status: Total","2016",29.03,"Coverage of occupational injuries: Reported injuries | Type of cases of occupational injuries: Cases of occupational injury","Employment definition: Excluding own-use production workers | Reference group coverage: Employees"
"Myanmar","ADM-LIR - Labour Inspectorate Records","SDG indicator 8.8.1 - Non-fatal occupational injuries per 100'000 workers","Sex: Male","Migrant status: Total","2016",50.2,"Coverage of occupational injuries: Reported injuries | Type of cases of occupational injuries: Cases of occupational injury","Employment definition: Excluding own-use production workers | Reference group coverage: Employees"
"Myanmar","ADM-LIR - Labour Inspectorate Records","SDG indicator 8.8.1 - Non-fatal occupational injuries per 100'000 workers","Sex: Female","Migrant status: Total","2016",14.01,"Coverage of occupational injuries: Reported injuries | Type of cases of occupational injuries: Cases of occupational injury","Employment definition: Excluding own-use production workers | Reference group coverage: Employees"
"Myanmar","ADM-LIR - Labour Inspectorate Records","SDG indicator 8.8.1 - Non-fatal occupational injuries per 100'000 workers","Sex: Total","Migrant status: Total","2015",18.7,"Coverage of occupational injuries: Reported injuries | Type of cases of occupational injuries: Cases of occupational injury","Employment definition: Excluding own-use production workers | Reference group coverage: Employees"
"Myanmar","ADM-LIR - Labour Inspectorate Records","SDG indicator 8.8.1 - Non-fatal occupational injuries per 100'000 workers","Sex: Male","Migrant status: Total","2015",37.6,"Coverage of occupational injuries: Reported injuries | Type of cases of occupational injuries: Cases of occupational injury","Employment definition: Excluding own-use production workers | Reference group coverage: Employees"
"Myanmar","ADM-LIR - Labour Inspectorate Records","SDG indicator 8.8.1 - Non-fatal occupational injuries per 100'000 workers","Sex: Female","Migrant status: Total","2015",4.5,"Coverage of occupational injuries: Reported injuries | Type of cases of occupational injuries: Cases of occupational injury","Employment definition: Excluding own-use production workers | Reference group coverage: Employees"
"Myanmar","ADM-LIR - Labour Inspectorate Records","SDG indicator 8.8.1 - Non-fatal occupational injuries per 100'000 workers","Sex: Total","Migrant status: Total","2014",9.3,"Coverage of occupational injuries: Reported injuries | Type of cases of occupational injuries: Cases of occupational injury","Employment definition: Excluding own-use production workers | Reference group coverage: Employees"
"Myanmar","ADM-LIR - Labour Inspectorate Records","SDG indicator 8.8.1 - Non-fatal occupational injuries per 100'000 workers","Sex: Male","Migrant status: Total","2014",15.4,"Coverage of occupational injuries: Reported injuries | Type of cases of occupational injuries: Cases of occupational injury","Employment definition: Excluding own-use production workers | Reference group coverage: Employees"
"Myanmar","ADM-LIR - Labour Inspectorate Records","SDG indicator 8.8.1 - Non-fatal occupational injuries per 100'000 workers","Sex: Female","Migrant status: Total","2014",4.4,"Coverage of occupational injuries: Reported injuries | Type of cases of occupational injuries: Cases of occupational injury","Employment definition: Excluding own-use production workers | Reference group coverage: Employees"
"Myanmar","ADM-LIR - Labour Inspectorate Records","SDG indicator 8.8.1 - Non-fatal occupational injuries per 100'000 workers","Sex: Total","Migrant status: Total","2013",7.8,"Coverage of occupational injuries: Reported injuries | Type of cases of occupational injuries: Cases of occupational injury","Employment definition: Excluding own-use production workers | Reference group coverage: Employees"
"Myanmar","ADM-LIR - Labour Inspectorate Records","SDG indicator 8.8.1 - Non-fatal occupational injuries per 100'000 workers","Sex: Male","Migrant status: Total","2013",13.9,"Coverage of occupational injuries: Reported injuries | Type of cases of occupational injuries: Cases of occupational injury","Employment definition: Excluding own-use production workers | Reference group coverage: Employees"
"Myanmar","ADM-LIR - Labour Inspectorate Records","SDG indicator 8.8.1 - Non-fatal occupational injuries per 100'000 workers","Sex: Female","Migrant status: Total","2013",2.2,"Coverage of occupational injuries: Reported injuries | Type of cases of occupational injuries: Cases of occupational injury","Employment definition: Excluding own-use production workers | Reference group coverage: Employees"
"Mongolia","ADM-IR - Report of the General Agency for Specialized Inspection","SDG indicator 8.8.1 - Non-fatal occupational injuries per 100'000 workers","Sex: Total","Migrant status: Total","2022",28.633,,"Data reference period: End of the year"
"Mongolia","ADM-IR - Report of the General Agency for Specialized Inspection","SDG indicator 8.8.1 - Non-fatal occupational injuries per 100'000 workers","Sex: Total","Migrant status: Total","2021",19.7,,"Data reference period: End of the year"
"Mongolia","ADM-IR - Report of the General Agency for Specialized Inspection","SDG indicator 8.8.1 - Non-fatal occupational injuries per 100'000 workers","Sex: Total","Migrant status: Total","2020",26.915,,"Data reference period: End of the year"
"Mongolia","ADM-IR - Report of the General Agency for Specialized Inspection","SDG indicator 8.8.1 - Non-fatal occupational injuries per 100'000 workers","Sex: Total","Migrant status: Total","2019",24.778,,"Data reference period: End of the year"
"Mongolia","ADM-IR - Report of the General Agency for Specialized Inspection","SDG indicator 8.8.1 - Non-fatal occupational injuries per 100'000 workers","Sex: Total","Migrant status: Total","2018",20.191,,"Data reference period: End of the year"
"Mongolia","ADM-IR - Report of the General Agency for Specialized Inspection","SDG indicator 8.8.1 - Non-fatal occupational injuries per 100'000 workers","Sex: Total","Migrant status: Total","2017",24.631,,"Data reference period: End of the year"
"Mongolia","OE - Official Estimates","SDG indicator 8.8.1 - Non-fatal occupational injuries per 100'000 workers","Sex: Total","Migrant status: Total","2016",26.2,"Coverage of occupational injuries: Reported injuries | Type of cases of occupational injuries: Cases of occupational injury",
"Mauritius","ADM-LIR - Occupational, Safety and Health Division, Ministry of Labour, Human Resource Development and Training","SDG indicator 8.8.1 - Non-fatal occupational injuries per 100'000 workers","Sex: Total","Migrant status: Total","2023",29.6,"Coverage of occupational injuries: Reported injuries | Type of cases of occupational injuries: Including cases of occupational disease and cases of injury due to commuting accidents","Establishment size coverage: All establishments with at least 10 employees"
"Mauritius","ADM-LIR - Occupational, Safety and Health Division, Ministry of Labour, Human Resource Development and Training","SDG indicator 8.8.1 - Non-fatal occupational injuries per 100'000 workers","Sex: Total","Migrant status: Migrants","2023",33.7,"Coverage of occupational injuries: Reported injuries | Type of cases of occupational injuries: Including cases of occupational disease and cases of injury due to commuting accidents","Establishment size coverage: All establishments with at least 10 employees"
"Mauritius","ADM-LIR - Occupational, Safety and Health Division, Ministry of Labour, Human Resource Development and Training","SDG indicator 8.8.1 - Non-fatal occupational injuries per 100'000 workers","Sex: Total","Migrant status: Non migrants","2023",29.4,"Coverage of occupational injuries: Reported injuries | Type of cases of occupational injuries: Including cases of occupational disease and cases of injury due to commuting accidents","Establishment size coverage: All establishments with at least 10 employees"
"Mauritius","ADM-LIR - Occupational, Safety and Health Division, Ministry of Labour, Human Resource Development and Training","SDG indicator 8.8.1 - Non-fatal occupational injuries per 100'000 workers","Sex: Male","Migrant status: Total","2023",42,"Coverage of occupational injuries: Reported injuries | Type of cases of occupational injuries: Including cases of occupational disease and cases of injury due to commuting accidents","Establishment size coverage: All establishments with at least 10 employees"
"Mauritius","ADM-LIR - Occupational, Safety and Health Division, Ministry of Labour, Human Resource Development and Training","SDG indicator 8.8.1 - Non-fatal occupational injuries per 100'000 workers","Sex: Male","Migrant status: Migrants","2023",42.3,"Coverage of occupational injuries: Reported injuries | Type of cases of occupational injuries: Including cases of occupational disease and cases of injury due to commuting accidents","Establishment size coverage: All establishments with at least 10 employees"
"Mauritius","ADM-LIR - Occupational, Safety and Health Division, Ministry of Labour, Human Resource Development and Training","SDG indicator 8.8.1 - Non-fatal occupational injuries per 100'000 workers","Sex: Male","Migrant status: Non migrants","2023",42,"Coverage of occupational injuries: Reported injuries | Type of cases of occupational injuries: Including cases of occupational disease and cases of injury due to commuting accidents","Establishment size coverage: All establishments with at least 10 employees"
"Mauritius","ADM-LIR - Occupational, Safety and Health Division, Ministry of Labour, Human Resource Development and Training","SDG indicator 8.8.1 - Non-fatal occupational injuries per 100'000 workers","Sex: Female","Migrant status: Total","2023",19.8,"Coverage of occupational injuries: Reported injuries | Type of cases of occupational injuries: Including cases of occupational disease and cases of injury due to commuting accidents","Establishment size coverage: All establishments with at least 10 employees"
"Mauritius","ADM-LIR - Occupational, Safety and Health Division, Ministry of Labour, Human Resource Development and Training","SDG indicator 8.8.1 - Non-fatal occupational injuries per 100'000 workers","Sex: Female","Migrant status: Migrants","2023",0,"Coverage of occupational injuries: Reported injuries | Type of cases of occupational injuries: Including cases of occupational disease and cases of injury due to commuting accidents","Establishment size coverage: All establishments with at least 10 employees"
"Mauritius","ADM-LIR - Occupational, Safety and Health Division, Ministry of Labour, Human Resource Development and Training","SDG indicator 8.8.1 - Non-fatal occupational injuries per 100'000 workers","Sex: Female","Migrant status: Non migrants","2023",20.3,"Coverage of occupational injuries: Reported injuries | Type of cases of occupational injuries: Including cases of occupational disease and cases of injury due to commuting accidents","Establishment size coverage: All establishments with at least 10 employees"
"Mauritius","ADM-LIR - Occupational, Safety and Health Division, Ministry of Labour, Human Resource Development and Training","SDG indicator 8.8.1 - Non-fatal occupational injuries per 100'000 workers","Sex: Total","Migrant status: Total","2022",31.4,"Coverage of occupational injuries: Reported injuries | Type of cases of occupational injuries: Including cases of occupational disease and cases of injury due to commuting accidents",
"Mauritius","ADM-LIR - Occupational, Safety and Health Division, Ministry of Labour, Human Resource Development and Training","SDG indicator 8.8.1 - Non-fatal occupational injuries per 100'000 workers","Sex: Total","Migrant status: Migrants","2022",53,"Coverage of occupational injuries: Reported injuries | Type of cases of occupational injuries: Including cases of occupational disease and cases of injury due to commuting accidents",
"Mauritius","ADM-LIR - Occupational, Safety and Health Division, Ministry of Labour, Human Resource Development and Training","SDG indicator 8.8.1 - Non-fatal occupational injuries per 100'000 workers","Sex: Total","Migrant status: Non migrants","2022",30.2,"Coverage of occupational injuries: Reported injuries | Type of cases of occupational injuries: Including cases of occupational disease and cases of injury due to commuting accidents",
"Mauritius","ADM-LIR - Occupational, Safety and Health Division, Ministry of Labour, Human Resource Development and Training","SDG indicator 8.8.1 - Non-fatal occupational injuries per 100'000 workers","Sex: Male","Migrant status: Total","2022",41.4,"Coverage of occupational injuries: Reported injuries | Type of cases of occupational injuries: Including cases of occupational disease and cases of injury due to commuting accidents",
"Mauritius","ADM-LIR - Occupational, Safety and Health Division, Ministry of Labour, Human Resource Development and Training","SDG indicator 8.8.1 - Non-fatal occupational injuries per 100'000 workers","Sex: Male","Migrant status: Migrants","2022",67,"Coverage of occupational injuries: Reported injuries | Type of cases of occupational injuries: Including cases of occupational disease and cases of injury due to commuting accidents",
"Mauritius","ADM-LIR - Occupational, Safety and Health Division, Ministry of Labour, Human Resource Development and Training","SDG indicator 8.8.1 - Non-fatal occupational injuries per 100'000 workers","Sex: Male","Migrant status: Non migrants","2022",39.6,"Coverage of occupational injuries: Reported injuries | Type of cases of occupational injuries: Including cases of occupational disease and cases of injury due to commuting accidents",
"Mauritius","ADM-LIR - Occupational, Safety and Health Division, Ministry of Labour, Human Resource Development and Training","SDG indicator 8.8.1 - Non-fatal occupational injuries per 100'000 workers","Sex: Female","Migrant status: Total","2022",17.3,"Coverage of occupational injuries: Reported injuries | Type of cases of occupational injuries: Including cases of occupational disease and cases of injury due to commuting accidents",
"Mauritius","ADM-LIR - Occupational, Safety and Health Division, Ministry of Labour, Human Resource Development and Training","SDG indicator 8.8.1 - Non-fatal occupational injuries per 100'000 workers","Sex: Female","Migrant status: Migrants","2022",0,"Coverage of occupational injuries: Reported injuries | Type of cases of occupational injuries: Including cases of occupational disease and cases of injury due to commuting accidents",
"Mauritius","ADM-LIR - Occupational, Safety and Health Division, Ministry of Labour, Human Resource Development and Training","SDG indicator 8.8.1 - Non-fatal occupational injuries per 100'000 workers","Sex: Female","Migrant status: Non migrants","2022",17.9,"Coverage of occupational injuries: Reported injuries | Type of cases of occupational injuries: Including cases of occupational disease and cases of injury due to commuting accidents",
"Mauritius","ADM-LIR - Occupational, Safety and Health Division, Ministry of Labour, Human Resource Development and Training","SDG indicator 8.8.1 - Non-fatal occupational injuries per 100'000 workers","Sex: Total","Migrant status: Total","2021",34.4,"Coverage of occupational injuries: Reported injuries | Type of cases of occupational injuries: Including cases of occupational disease and cases of injury due to commuting accidents",
"Mauritius","ADM-LIR - Occupational, Safety and Health Division, Ministry of Labour, Human Resource Development and Training","SDG indicator 8.8.1 - Non-fatal occupational injuries per 100'000 workers","Sex: Total","Migrant status: Total","2020",35.3,"Coverage of occupational injuries: Reported injuries | Type of cases of occupational injuries: Including cases of occupational disease and cases of injury due to commuting accidents",
"Mauritius","ADM-LIR - Occupational, Safety and Health Division, Ministry of Labour, Human Resource Development and Training","SDG indicator 8.8.1 - Non-fatal occupational injuries per 100'000 workers","Sex: Total","Migrant status: Total","2019",37.3,"Coverage of occupational injuries: Reported injuries | Type of cases of occupational injuries: Including cases of occupational disease and cases of injury due to commuting accidents",
"Mauritius","ADM-LIR - Occupational, Safety and Health Division, Ministry of Labour, Human Resource Development and Training","SDG indicator 8.8.1 - Non-fatal occupational injuries per 100'000 workers","Sex: Total","Migrant status: Total","2018",40.7,"Coverage of occupational injuries: Reported injuries | Type of cases of occupational injuries: Including cases of occupational disease and cases of injury due to commuting accidents",
"Malaysia","ADM - Records of the Ministry of Human ReSources","SDG indicator 8.8.1 - Non-fatal occupational injuries per 100'000 workers","Sex: Total","Migrant status: Total","2022",3229.69,"Coverage of occupational injuries: Reported injuries | Type of cases of occupational injuries: Cases of occupational injury","Data reference period: End of the year | Institutional sector coverage: Private sector only | Reference group coverage: Employees"
"Malaysia","ADM - Records of the Ministry of Human ReSources","SDG indicator 8.8.1 - Non-fatal occupational injuries per 100'000 workers","Sex: Total","Migrant status: Migrants","2022",1065.29,"Coverage of occupational injuries: Reported injuries | Type of cases of occupational injuries: Cases of occupational injury","Data reference period: End of the year | Institutional sector coverage: Private sector only | Reference group coverage: Employees"
"Malaysia","ADM - Records of the Ministry of Human ReSources","SDG indicator 8.8.1 - Non-fatal occupational injuries per 100'000 workers","Sex: Total","Migrant status: Non migrants","2022",3678.36,"Coverage of occupational injuries: Reported injuries | Type of cases of occupational injuries: Cases of occupational injury","Data reference period: End of the year | Institutional sector coverage: Private sector only | Reference group coverage: Employees"
"Malaysia","ADM - Records of the Ministry of Human ReSources","SDG indicator 8.8.1 - Non-fatal occupational injuries per 100'000 workers","Sex: Total","Migrant status: Non migrants","2018",573,"Coverage of occupational injuries: Reported injuries | Type of cases of occupational injuries: Cases of occupational injury","Data reference period: End of the year | Institutional sector coverage: Private sector only | Reference group coverage: Employees"
"Malaysia","ADM - Records of the Ministry of Human ReSources","SDG indicator 8.8.1 - Non-fatal occupational injuries per 100'000 workers","Sex: Male","Migrant status: Non migrants","2018",824.8,"Coverage of occupational injuries: Reported injuries | Type of cases of occupational injuries: Cases of occupational injury","Data reference period: End of the year | Institutional sector coverage: Private sector only | Reference group coverage: Employees"
"Malaysia","ADM - Records of the Ministry of Human ReSources","SDG indicator 8.8.1 - Non-fatal occupational injuries per 100'000 workers","Sex: Female","Migrant status: Non migrants","2018",231,"Coverage of occupational injuries: Reported injuries | Type of cases of occupational injuries: Cases of occupational injury","Data reference period: End of the year | Institutional sector coverage: Private sector only | Reference group coverage: Employees"
"Malaysia","ADM - Records of the Ministry of Human ReSources","SDG indicator 8.8.1 - Non-fatal occupational injuries per 100'000 workers","Sex: Total","Migrant status: Total","2017",578,"Coverage of occupational injuries: Reported injuries | Type of cases of occupational injuries: Cases of occupational injury","Data reference period: End of the year | Institutional sector coverage: Private sector only | Reference group coverage: Employees"
"Malaysia","ADM - Records of the Ministry of Human ReSources","SDG indicator 8.8.1 - Non-fatal occupational injuries per 100'000 workers","Sex: Male","Migrant status: Total","2017",836.8,"Coverage of occupational injuries: Reported injuries | Type of cases of occupational injuries: Cases of occupational injury","Data reference period: End of the year | Institutional sector coverage: Private sector only | Reference group coverage: Employees"
"Malaysia","ADM - Records of the Ministry of Human ReSources","SDG indicator 8.8.1 - Non-fatal occupational injuries per 100'000 workers","Sex: Female","Migrant status: Total","2017",226.4,"Coverage of occupational injuries: Reported injuries | Type of cases of occupational injuries: Cases of occupational injury","Data reference period: End of the year | Institutional sector coverage: Private sector only | Reference group coverage: Employees"
"Malaysia","ADM - Records of the Ministry of Human ReSources","SDG indicator 8.8.1 - Non-fatal occupational injuries per 100'000 workers","Sex: Total","Migrant status: Total","2015",615,"Coverage of occupational injuries: Reported injuries | Type of cases of occupational injuries: Cases of occupational injury | Type of rate: Incidence rate (per 100'000 persons insured) | Minimum period of absence from work: Incapacities lasting more than 2 days","Data reference period: End of the year | Institutional sector coverage: Private sector only | Reference group coverage: Employees"
"Malaysia","ADM - Records of the Ministry of Human ReSources","SDG indicator 8.8.1 - Non-fatal occupational injuries per 100'000 workers","Sex: Male","Migrant status: Total","2015",887,"Coverage of occupational injuries: Reported injuries | Type of cases of occupational injuries: Cases of occupational injury | Type of rate: Incidence rate (per 100'000 persons insured) | Minimum period of absence from work: Incapacities lasting more than 2 days","Data reference period: End of the year | Institutional sector coverage: Private sector only | Reference group coverage: Employees"
"Malaysia","ADM - Records of the Ministry of Human ReSources","SDG indicator 8.8.1 - Non-fatal occupational injuries per 100'000 workers","Sex: Female","Migrant status: Total","2015",238,"Coverage of occupational injuries: Reported injuries | Type of cases of occupational injuries: Cases of occupational injury | Type of rate: Incidence rate (per 100'000 persons insured) | Minimum period of absence from work: Incapacities lasting more than 2 days","Data reference period: End of the year | Institutional sector coverage: Private sector only | Reference group coverage: Employees"
"Malaysia","ADM - Records of the Ministry of Human ReSources","SDG indicator 8.8.1 - Non-fatal occupational injuries per 100'000 workers","Sex: Total","Migrant status: Total","2013",681,"Coverage of occupational injuries: Reported injuries | Type of cases of occupational injuries: Cases of occupational injury | Type of rate: Incidence rate (per 100'000 persons insured)","Data reference period: End of the year | Institutional sector coverage: Private sector only | Reference group coverage: Employees"
"Malaysia","ADM - Records of the Ministry of Human ReSources","SDG indicator 8.8.1 - Non-fatal occupational injuries per 100'000 workers","Sex: Male","Migrant status: Total","2013",988,"Coverage of occupational injuries: Reported injuries | Type of cases of occupational injuries: Cases of occupational injury | Type of rate: Incidence rate (per 100'000 persons insured)","Data reference period: End of the year | Institutional sector coverage: Private sector only | Reference group coverage: Employees"
"Malaysia","ADM - Records of the Ministry of Human ReSources","SDG indicator 8.8.1 - Non-fatal occupational injuries per 100'000 workers","Sex: Female","Migrant status: Total","2013",252,"Coverage of occupational injuries: Reported injuries | Type of cases of occupational injuries: Cases of occupational injury | Type of rate: Incidence rate (per 100'000 persons insured)","Data reference period: End of the year | Institutional sector coverage: Private sector only | Reference group coverage: Employees"
"New Caledonia","ADM-IR - Records of the Enterprises' and Establishments' identification directory and of the Family allowances fund","SDG indicator 8.8.1 - Non-fatal occupational injuries per 100'000 workers","Sex: Total","Migrant status: Total","2015",5.59,"Coverage of occupational injuries: Reported injuries | Type of cases of occupational injuries: Cases of occupational injury","Institutional sector coverage: Private sector only | Economic activity coverage: Excluding public administration | Reference group coverage: Employees"
"New Caledonia","ADM-IR - Records of the Enterprises' and Establishments' identification directory and of the Family allowances fund","SDG indicator 8.8.1 - Non-fatal occupational injuries per 100'000 workers","Sex: Total","Migrant status: Total","2014",5.65,"Coverage of occupational injuries: Reported injuries | Type of cases of occupational injuries: Cases of occupational injury","Institutional sector coverage: Private sector only | Economic activity coverage: Excluding public administration | Reference group coverage: Employees"
"New Caledonia","ADM-IR - Records of the Enterprises' and Establishments' identification directory and of the Family allowances fund","SDG indicator 8.8.1 - Non-fatal occupational injuries per 100'000 workers","Sex: Total","Migrant status: Total","2013",5.64,"Coverage of occupational injuries: Reported injuries | Type of cases of occupational injuries: Cases of occupational injury","Institutional sector coverage: Private sector only | Economic activity coverage: Excluding public administration | Reference group coverage: Employees"
"Netherlands","ADM-IR - Working Conditions Survey","SDG indicator 8.8.1 - Non-fatal occupational injuries per 100'000 workers","Sex: Total","Migrant status: Total","2022",1057.11,"Coverage of occupational injuries: Reported injuries | Type of cases of occupational injuries: Including cases of injury due to commuting accidents","Repository: ILO calculations based on Eurostat data | Reference group coverage: Employees"
"Netherlands","ADM-IR - Working Conditions Survey","SDG indicator 8.8.1 - Non-fatal occupational injuries per 100'000 workers","Sex: Total","Migrant status: Total","2021",1072.01,"Coverage of occupational injuries: Reported injuries | Type of cases of occupational injuries: Including cases of injury due to commuting accidents","Repository: ILO calculations based on Eurostat data | Reference group coverage: Employees"
"Netherlands","ADM-IR - Working Conditions Survey","SDG indicator 8.8.1 - Non-fatal occupational injuries per 100'000 workers","Sex: Total","Migrant status: Total","2020",997.1,"Coverage of occupational injuries: Reported injuries | Type of cases of occupational injuries: Including cases of injury due to commuting accidents","Repository: ILO calculations based on Eurostat data | Reference group coverage: Employees"
"Netherlands","ADM-IR - Working Conditions Survey","SDG indicator 8.8.1 - Non-fatal occupational injuries per 100'000 workers","Sex: Total","Migrant status: Total","2019",1216.39,"Coverage of occupational injuries: Reported injuries | Type of cases of occupational injuries: Including cases of injury due to commuting accidents","Repository: ILO calculations based on Eurostat data | Reference group coverage: Employees"
"Netherlands","ADM-IR - Working Conditions Survey","SDG indicator 8.8.1 - Non-fatal occupational injuries per 100'000 workers","Sex: Total","Migrant status: Total","2018",1217.93,"Coverage of occupational injuries: Reported injuries | Type of cases of occupational injuries: Including cases of injury due to commuting accidents","Repository: ILO calculations based on Eurostat data | Reference group coverage: Employees"
"Netherlands","ADM-IR - Working Conditions Survey","SDG indicator 8.8.1 - Non-fatal occupational injuries per 100'000 workers","Sex: Total","Migrant status: Total","2017",1284.13,"Coverage of occupational injuries: Reported injuries | Type of cases of occupational injuries: Including cases of injury due to commuting accidents","Repository: ILO calculations based on Eurostat data | Reference group coverage: Employees"
"Netherlands","ADM-IR - Working Conditions Survey","SDG indicator 8.8.1 - Non-fatal occupational injuries per 100'000 workers","Sex: Total","Migrant status: Total","2016",5200,"Coverage of occupational injuries: Reported injuries | Type of cases of occupational injuries: Cases of occupational injury","Reference group coverage: Employees"
"Netherlands","ADM-IR - Working Conditions Survey","SDG indicator 8.8.1 - Non-fatal occupational injuries per 100'000 workers","Sex: Male","Migrant status: Total","2016",5700,"Coverage of occupational injuries: Reported injuries | Type of cases of occupational injuries: Cases of occupational injury","Reference group coverage: Employees"
"Netherlands","ADM-IR - Working Conditions Survey","SDG indicator 8.8.1 - Non-fatal occupational injuries per 100'000 workers","Sex: Female","Migrant status: Total","2016",4500,"Coverage of occupational injuries: Reported injuries | Type of cases of occupational injuries: Cases of occupational injury","Reference group coverage: Employees"
"Netherlands","ADM-IR - Working Conditions Survey","SDG indicator 8.8.1 - Non-fatal occupational injuries per 100'000 workers","Sex: Total","Migrant status: Total","2015",1032.3,"Coverage of occupational injuries: Reported injuries | Type of cases of occupational injuries: Including cases of injury due to commuting accidents","Repository: ILO calculations based on Eurostat data | Reference group coverage: Employees"
"Netherlands","ADM-IR - Working Conditions Survey","SDG indicator 8.8.1 - Non-fatal occupational injuries per 100'000 workers","Sex: Total","Migrant status: Total","2014",1255.55,"Coverage of occupational injuries: Reported injuries | Type of cases of occupational injuries: Including cases of injury due to commuting accidents","Repository: ILO calculations based on Eurostat data | Reference group coverage: Employees"
"Netherlands","ADM-IR - Working Conditions Survey","SDG indicator 8.8.1 - Non-fatal occupational injuries per 100'000 workers","Sex: Total","Migrant status: Total","2013",1819.29,"Coverage of occupational injuries: Reported injuries | Type of cases of occupational injuries: Including cases of injury due to commuting accidents","Repository: ILO calculations based on Eurostat data | Reference group coverage: Employees"
"Norway","ADM-LIR - Directorate of labour Inspection Records","SDG indicator 8.8.1 - Non-fatal occupational injuries per 100'000 workers","Sex: Total","Migrant status: Total","2022",392.28,"Coverage of occupational injuries: Reported injuries | Type of cases of occupational injuries: Including cases of injury due to commuting accidents","Repository: ILO calculations based on Eurostat data | Reference group coverage: Insured persons"
"Norway","ADM-LIR - Directorate of labour Inspection Records","SDG indicator 8.8.1 - Non-fatal occupational injuries per 100'000 workers","Sex: Total","Migrant status: Total","2021",373.79,"Coverage of occupational injuries: Reported injuries | Type of cases of occupational injuries: Including cases of injury due to commuting accidents","Repository: ILO calculations based on Eurostat data | Reference group coverage: Insured persons"
"Norway","ADM-LIR - Directorate of labour Inspection Records","SDG indicator 8.8.1 - Non-fatal occupational injuries per 100'000 workers","Sex: Total","Migrant status: Total","2020",341.59,"Coverage of occupational injuries: Reported injuries | Type of cases of occupational injuries: Including cases of injury due to commuting accidents","Repository: ILO calculations based on Eurostat data | Reference group coverage: Insured persons"
"Norway","ADM-LIR - Directorate of labour Inspection Records","SDG indicator 8.8.1 - Non-fatal occupational injuries per 100'000 workers","Sex: Total","Migrant status: Total","2019",346.38,"Coverage of occupational injuries: Reported injuries | Type of cases of occupational injuries: Including cases of injury due to commuting accidents","Repository: ILO calculations based on Eurostat data | Reference group coverage: Insured persons"
"Norway","ADM-LIR - Directorate of labour Inspection Records","SDG indicator 8.8.1 - Non-fatal occupational injuries per 100'000 workers","Sex: Total","Migrant status: Total","2018",372.49,"Coverage of occupational injuries: Reported injuries | Type of cases of occupational injuries: Including cases of injury due to commuting accidents","Repository: ILO calculations based on Eurostat data | Reference group coverage: Insured persons"
"Norway","ADM-LIR - Directorate of labour Inspection Records","SDG indicator 8.8.1 - Non-fatal occupational injuries per 100'000 workers","Sex: Total","Migrant status: Total","2017",361.36,"Coverage of occupational injuries: Reported injuries | Type of cases of occupational injuries: Including cases of injury due to commuting accidents","Repository: ILO calculations based on Eurostat data | Reference group coverage: Insured persons"
"Norway","ADM-LIR - Directorate of labour Inspection Records","SDG indicator 8.8.1 - Non-fatal occupational injuries per 100'000 workers","Sex: Total","Migrant status: Total","2016",373.85,"Coverage of occupational injuries: Reported injuries | Type of cases of occupational injuries: Including cases of injury due to commuting accidents","Repository: ILO calculations based on Eurostat data | Reference group coverage: Insured persons"
"Norway","ADM-LIR - Directorate of labour Inspection Records","SDG indicator 8.8.1 - Non-fatal occupational injuries per 100'000 workers","Sex: Total","Migrant status: Total","2015",397.74,"Coverage of occupational injuries: Reported injuries | Type of cases of occupational injuries: Including cases of injury due to commuting accidents","Repository: ILO calculations based on Eurostat data | Reference group coverage: Insured persons"
"Norway","ADM-LIR - Directorate of labour Inspection Records","SDG indicator 8.8.1 - Non-fatal occupational injuries per 100'000 workers","Sex: Total","Migrant status: Total","2014",283.42,"Coverage of occupational injuries: Reported injuries | Type of cases of occupational injuries: Including cases of injury due to commuting accidents","Repository: ILO calculations based on Eurostat data | Reference group coverage: Insured persons"
"Norway","ADM-LIR - Directorate of labour Inspection Records","SDG indicator 8.8.1 - Non-fatal occupational injuries per 100'000 workers","Sex: Total","Migrant status: Total","2013",881.67,"Coverage of occupational injuries: Reported injuries | Type of cases of occupational injuries: Including cases of injury due to commuting accidents","Repository: ILO calculations based on Eurostat data | Reference group coverage: Insured persons"
"Norway","ADM-LIR - Directorate of labour Inspection Records","SDG indicator 8.8.1 - Non-fatal occupational injuries per 100'000 workers","Sex: Male","Migrant status: Total","2013",948.82,"Coverage of occupational injuries: Reported injuries | Type of cases of occupational injuries: Including cases of injury due to commuting accidents","Repository: ILO calculations based on Eurostat data | Reference group coverage: Insured persons"
"Norway","ADM-LIR - Directorate of labour Inspection Records","SDG indicator 8.8.1 - Non-fatal occupational injuries per 100'000 workers","Sex: Female","Migrant status: Total","2013",806.73,"Coverage of occupational injuries: Reported injuries | Type of cases of occupational injuries: Including cases of injury due to commuting accidents","Repository: ILO calculations based on Eurostat data | Reference group coverage: Insured persons"
"New Zealand","ADM-IR - Insurance Records","SDG indicator 8.8.1 - Non-fatal occupational injuries per 100'000 workers","Sex: Total","Migrant status: Total","2015",1200,,
"Pakistan","LFS - Labour Force Survey","SDG indicator 8.8.1 - Non-fatal occupational injuries per 100'000 workers","Sex: Total","Migrant status: Total","2021",2691,"Coverage of occupational injuries: Reported injuries | Type of cases of occupational injuries: Including cases of occupational disease and cases of injury due to commuting accidents","Employment definition: Including subsistence workers | Data reference period: End of the year | Population coverage: Excluding armed forces and/or conscripts | Institutional sector coverage: Private sector only | Reference group coverage: Unskilled employees"
"Pakistan","LFS - Labour Force Survey","SDG indicator 8.8.1 - Non-fatal occupational injuries per 100'000 workers","Sex: Total","Migrant status: Migrants","2021",2820,"Coverage of occupational injuries: Reported injuries | Type of cases of occupational injuries: Including cases of occupational disease and cases of injury due to commuting accidents","Employment definition: Including subsistence workers | Data reference period: End of the year | Population coverage: Excluding armed forces and/or conscripts | Institutional sector coverage: Private sector only | Reference group coverage: Unskilled employees"
"Pakistan","LFS - Labour Force Survey","SDG indicator 8.8.1 - Non-fatal occupational injuries per 100'000 workers","Sex: Total","Migrant status: Non migrants","2021",2678,"Coverage of occupational injuries: Reported injuries | Type of cases of occupational injuries: Including cases of occupational disease and cases of injury due to commuting accidents","Employment definition: Including subsistence workers | Data reference period: End of the year | Population coverage: Excluding armed forces and/or conscripts | Institutional sector coverage: Private sector only | Reference group coverage: Unskilled employees"
"Pakistan","LFS - Labour Force Survey","SDG indicator 8.8.1 - Non-fatal occupational injuries per 100'000 workers","Sex: Male","Migrant status: Total","2021",3200,"Coverage of occupational injuries: Reported injuries | Type of cases of occupational injuries: Including cases of occupational disease and cases of injury due to commuting accidents","Employment definition: Including subsistence workers | Data reference period: End of the year | Population coverage: Excluding armed forces and/or conscripts | Institutional sector coverage: Private sector only | Reference group coverage: Unskilled employees"
"Pakistan","LFS - Labour Force Survey","SDG indicator 8.8.1 - Non-fatal occupational injuries per 100'000 workers","Sex: Male","Migrant status: Migrants","2021",3529,"Coverage of occupational injuries: Reported injuries | Type of cases of occupational injuries: Including cases of occupational disease and cases of injury due to commuting accidents","Employment definition: Including subsistence workers | Data reference period: End of the year | Population coverage: Excluding armed forces and/or conscripts | Institutional sector coverage: Private sector only | Reference group coverage: Unskilled employees"
"Pakistan","LFS - Labour Force Survey","SDG indicator 8.8.1 - Non-fatal occupational injuries per 100'000 workers","Sex: Male","Migrant status: Non migrants","2021",3170,"Coverage of occupational injuries: Reported injuries | Type of cases of occupational injuries: Including cases of occupational disease and cases of injury due to commuting accidents","Employment definition: Including subsistence workers | Data reference period: End of the year | Population coverage: Excluding armed forces and/or conscripts | Institutional sector coverage: Private sector only | Reference group coverage: Unskilled employees"
"Pakistan","LFS - Labour Force Survey","SDG indicator 8.8.1 - Non-fatal occupational injuries per 100'000 workers","Sex: Female","Migrant status: Total","2021",972,"Coverage of occupational injuries: Reported injuries | Type of cases of occupational injuries: Including cases of occupational disease and cases of injury due to commuting accidents","Employment definition: Including subsistence workers | Data reference period: End of the year | Population coverage: Excluding armed forces and/or conscripts | Institutional sector coverage: Private sector only | Reference group coverage: Unskilled employees"
"Pakistan","LFS - Labour Force Survey","SDG indicator 8.8.1 - Non-fatal occupational injuries per 100'000 workers","Sex: Female","Migrant status: Migrants","2021",1196,"Coverage of occupational injuries: Reported injuries | Type of cases of occupational injuries: Including cases of occupational disease and cases of injury due to commuting accidents","Employment definition: Including subsistence workers | Data reference period: End of the year | Population coverage: Excluding armed forces and/or conscripts | Institutional sector coverage: Private sector only | Reference group coverage: Unskilled employees"
"Pakistan","LFS - Labour Force Survey","SDG indicator 8.8.1 - Non-fatal occupational injuries per 100'000 workers","Sex: Female","Migrant status: Non migrants","2021",941,"Coverage of occupational injuries: Reported injuries | Type of cases of occupational injuries: Including cases of occupational disease and cases of injury due to commuting accidents","Employment definition: Including subsistence workers | Data reference period: End of the year | Population coverage: Excluding armed forces and/or conscripts | Institutional sector coverage: Private sector only | Reference group coverage: Unskilled employees"
"Pakistan","LFS - Labour Force Survey","SDG indicator 8.8.1 - Non-fatal occupational injuries per 100'000 workers","Sex: Total","Migrant status: Total","2018",1136,"Coverage of occupational injuries: Reported injuries | Type of cases of occupational injuries: Cases of occupational injury","Employment definition: Excluding own-use production workers | Data reference period: Noncalendar year | Population coverage: Excluding both institutional population and armed forces and/or conscripts"
"Pakistan","LFS - Labour Force Survey","SDG indicator 8.8.1 - Non-fatal occupational injuries per 100'000 workers","Sex: Total","Migrant status: Migrants","2018",591,"Coverage of occupational injuries: Reported injuries | Type of cases of occupational injuries: Cases of occupational injury","Employment definition: Excluding own-use production workers | Data reference period: Noncalendar year | Population coverage: Excluding both institutional population and armed forces and/or conscripts"
"Pakistan","LFS - Labour Force Survey","SDG indicator 8.8.1 - Non-fatal occupational injuries per 100'000 workers","Sex: Total","Migrant status: Non migrants","2018",545,"Coverage of occupational injuries: Reported injuries | Type of cases of occupational injuries: Cases of occupational injury","Employment definition: Excluding own-use production workers | Data reference period: Noncalendar year | Population coverage: Excluding both institutional population and armed forces and/or conscripts"
"Pakistan","LFS - Labour Force Survey","SDG indicator 8.8.1 - Non-fatal occupational injuries per 100'000 workers","Sex: Male","Migrant status: Total","2018",880,"Coverage of occupational injuries: Reported injuries | Type of cases of occupational injuries: Cases of occupational injury","Employment definition: Excluding own-use production workers | Data reference period: Noncalendar year | Population coverage: Excluding both institutional population and armed forces and/or conscripts"
"Pakistan","LFS - Labour Force Survey","SDG indicator 8.8.1 - Non-fatal occupational injuries per 100'000 workers","Sex: Male","Migrant status: Migrants","2018",437,"Coverage of occupational injuries: Reported injuries | Type of cases of occupational injuries: Cases of occupational injury","Employment definition: Excluding own-use production workers | Data reference period: Noncalendar year | Population coverage: Excluding both institutional population and armed forces and/or conscripts"
"Pakistan","LFS - Labour Force Survey","SDG indicator 8.8.1 - Non-fatal occupational injuries per 100'000 workers","Sex: Male","Migrant status: Non migrants","2018",442,"Coverage of occupational injuries: Reported injuries | Type of cases of occupational injuries: Cases of occupational injury","Employment definition: Excluding own-use production workers | Data reference period: Noncalendar year | Population coverage: Excluding both institutional population and armed forces and/or conscripts"
"Pakistan","LFS - Labour Force Survey","SDG indicator 8.8.1 - Non-fatal occupational injuries per 100'000 workers","Sex: Female","Migrant status: Total","2018",256,"Coverage of occupational injuries: Reported injuries | Type of cases of occupational injuries: Cases of occupational injury","Employment definition: Excluding own-use production workers | Data reference period: Noncalendar year | Population coverage: Excluding both institutional population and armed forces and/or conscripts"
"Pakistan","LFS - Labour Force Survey","SDG indicator 8.8.1 - Non-fatal occupational injuries per 100'000 workers","Sex: Female","Migrant status: Migrants","2018",153,"Coverage of occupational injuries: Reported injuries | Type of cases of occupational injuries: Cases of occupational injury","Employment definition: Excluding own-use production workers | Data reference period: Noncalendar year | Population coverage: Excluding both institutional population and armed forces and/or conscripts"
"Pakistan","LFS - Labour Force Survey","SDG indicator 8.8.1 - Non-fatal occupational injuries per 100'000 workers","Sex: Female","Migrant status: Non migrants","2018",103,"Coverage of occupational injuries: Reported injuries | Type of cases of occupational injuries: Cases of occupational injury","Employment definition: Excluding own-use production workers | Data reference period: Noncalendar year | Population coverage: Excluding both institutional population and armed forces and/or conscripts"
"Panama","ADM-LIR - Administrative Records of the Directorate for Labour Inspection","SDG indicator 8.8.1 - Non-fatal occupational injuries per 100'000 workers","Sex: Total","Migrant status: Total","2023",1.44,"Coverage of occupational injuries: Reported injuries in construction projects only | Type of cases of occupational injuries: Cases of occupational injury","Data reference period: End of the year | Institutional sector coverage: Private sector only"
"Panama","ADM-LIR - Administrative Records of the Directorate for Labour Inspection","SDG indicator 8.8.1 - Non-fatal occupational injuries per 100'000 workers","Sex: Total","Migrant status: Migrants","2023",1.09,"Coverage of occupational injuries: Reported injuries in construction projects only | Type of cases of occupational injuries: Cases of occupational injury","Data reference period: End of the year | Institutional sector coverage: Private sector only"
"Panama","ADM-LIR - Administrative Records of the Directorate for Labour Inspection","SDG indicator 8.8.1 - Non-fatal occupational injuries per 100'000 workers","Sex: Total","Migrant status: Non migrants","2023",1.45,"Coverage of occupational injuries: Reported injuries in construction projects only | Type of cases of occupational injuries: Cases of occupational injury","Data reference period: End of the year | Institutional sector coverage: Private sector only"
"Panama","ADM-LIR - Administrative Records of the Directorate for Labour Inspection","SDG indicator 8.8.1 - Non-fatal occupational injuries per 100'000 workers","Sex: Male","Migrant status: Total","2023",1.58,"Coverage of occupational injuries: Reported injuries in construction projects only | Type of cases of occupational injuries: Cases of occupational injury","Data reference period: End of the year | Institutional sector coverage: Private sector only"
"Panama","ADM-LIR - Administrative Records of the Directorate for Labour Inspection","SDG indicator 8.8.1 - Non-fatal occupational injuries per 100'000 workers","Sex: Male","Migrant status: Migrants","2023",1.63,"Coverage of occupational injuries: Reported injuries in construction projects only | Type of cases of occupational injuries: Cases of occupational injury","Data reference period: End of the year | Institutional sector coverage: Private sector only"
"Panama","ADM-LIR - Administrative Records of the Directorate for Labour Inspection","SDG indicator 8.8.1 - Non-fatal occupational injuries per 100'000 workers","Sex: Male","Migrant status: Non migrants","2023",1.58,"Coverage of occupational injuries: Reported injuries in construction projects only | Type of cases of occupational injuries: Cases of occupational injury","Data reference period: End of the year | Institutional sector coverage: Private sector only"
"Panama","ADM-LIR - Administrative Records of the Directorate for Labour Inspection","SDG indicator 8.8.1 - Non-fatal occupational injuries per 100'000 workers","Sex: Female","Migrant status: Total","2023",0.55,"Coverage of occupational injuries: Reported injuries in construction projects only | Type of cases of occupational injuries: Cases of occupational injury","Data reference period: End of the year | Institutional sector coverage: Private sector only"
"Panama","ADM-LIR - Administrative Records of the Directorate for Labour Inspection","SDG indicator 8.8.1 - Non-fatal occupational injuries per 100'000 workers","Sex: Female","Migrant status: Migrants","2023",0,"Coverage of occupational injuries: Reported injuries in construction projects only | Type of cases of occupational injuries: Cases of occupational injury","Data reference period: End of the year | Institutional sector coverage: Private sector only"
"Panama","ADM-LIR - Administrative Records of the Directorate for Labour Inspection","SDG indicator 8.8.1 - Non-fatal occupational injuries per 100'000 workers","Sex: Female","Migrant status: Non migrants","2023",0.58,"Coverage of occupational injuries: Reported injuries in construction projects only | Type of cases of occupational injuries: Cases of occupational injury","Data reference period: End of the year | Institutional sector coverage: Private sector only"
"Panama","ADM-LIR - Administrative Records of the Directorate for Labour Inspection","SDG indicator 8.8.1 - Non-fatal occupational injuries per 100'000 workers","Sex: Total","Migrant status: Total","2022",0.644,"Coverage of occupational injuries: Reported injuries in construction projects only | Type of cases of occupational injuries: Cases of occupational injury","Data reference period: End of the year | Institutional sector coverage: Private sector only"
"Panama","ADM-LIR - Administrative Records of the Directorate for Labour Inspection","SDG indicator 8.8.1 - Non-fatal occupational injuries per 100'000 workers","Sex: Total","Migrant status: Migrants","2022",21.429,"Coverage of occupational injuries: Reported injuries in construction projects only | Type of cases of occupational injuries: Cases of occupational injury","Data reference period: End of the year | Institutional sector coverage: Private sector only"
"Panama","ADM-LIR - Administrative Records of the Directorate for Labour Inspection","SDG indicator 8.8.1 - Non-fatal occupational injuries per 100'000 workers","Sex: Total","Migrant status: Non migrants","2022",0.624,"Coverage of occupational injuries: Reported injuries in construction projects only | Type of cases of occupational injuries: Cases of occupational injury","Data reference period: End of the year | Institutional sector coverage: Private sector only"
"Panama","ADM-LIR - Administrative Records of the Directorate for Labour Inspection","SDG indicator 8.8.1 - Non-fatal occupational injuries per 100'000 workers","Sex: Male","Migrant status: Total","2022",0.653,"Coverage of occupational injuries: Reported injuries in construction projects only | Type of cases of occupational injuries: Cases of occupational injury","Data reference period: End of the year | Institutional sector coverage: Private sector only"
"Panama","ADM-LIR - Administrative Records of the Directorate for Labour Inspection","SDG indicator 8.8.1 - Non-fatal occupational injuries per 100'000 workers","Sex: Male","Migrant status: Migrants","2022",33.333,"Coverage of occupational injuries: Reported injuries in construction projects only | Type of cases of occupational injuries: Cases of occupational injury","Data reference period: End of the year | Institutional sector coverage: Private sector only"
"Panama","ADM-LIR - Administrative Records of the Directorate for Labour Inspection","SDG indicator 8.8.1 - Non-fatal occupational injuries per 100'000 workers","Sex: Male","Migrant status: Non migrants","2022",0.631,"Coverage of occupational injuries: Reported injuries in construction projects only | Type of cases of occupational injuries: Cases of occupational injury","Data reference period: End of the year | Institutional sector coverage: Private sector only"
"Panama","ADM-LIR - Administrative Records of the Directorate for Labour Inspection","SDG indicator 8.8.1 - Non-fatal occupational injuries per 100'000 workers","Sex: Female","Migrant status: Total","2022",0.297,"Coverage of occupational injuries: Reported injuries in construction projects only | Type of cases of occupational injuries: Cases of occupational injury","Data reference period: End of the year | Institutional sector coverage: Private sector only"
"Panama","ADM-LIR - Administrative Records of the Directorate for Labour Inspection","SDG indicator 8.8.1 - Non-fatal occupational injuries per 100'000 workers","Sex: Female","Migrant status: Migrants","2022",0,"Coverage of occupational injuries: Reported injuries in construction projects only | Type of cases of occupational injuries: Cases of occupational injury","Data reference period: End of the year | Institutional sector coverage: Private sector only"
"Panama","ADM-LIR - Administrative Records of the Directorate for Labour Inspection","SDG indicator 8.8.1 - Non-fatal occupational injuries per 100'000 workers","Sex: Female","Migrant status: Non migrants","2022",0.301,"Coverage of occupational injuries: Reported injuries in construction projects only | Type of cases of occupational injuries: Cases of occupational injury","Data reference period: End of the year | Institutional sector coverage: Private sector only"
"Panama","ADM-LIR - Administrative Records of the Directorate for Labour Inspection","SDG indicator 8.8.1 - Non-fatal occupational injuries per 100'000 workers","Sex: Total","Migrant status: Total","2021",1.9,"Coverage of occupational injuries: Reported injuries in construction projects only | Type of cases of occupational injuries: Cases of occupational injury","Data reference period: End of the year | Institutional sector coverage: Private sector only"
"Panama","ADM-LIR - Administrative Records of the Directorate for Labour Inspection","SDG indicator 8.8.1 - Non-fatal occupational injuries per 100'000 workers","Sex: Total","Migrant status: Migrants","2021",2.63,"Coverage of occupational injuries: Reported injuries in construction projects only | Type of cases of occupational injuries: Cases of occupational injury","Data reference period: End of the year | Institutional sector coverage: Private sector only"
"Panama","ADM-LIR - Administrative Records of the Directorate for Labour Inspection","SDG indicator 8.8.1 - Non-fatal occupational injuries per 100'000 workers","Sex: Total","Migrant status: Non migrants","2021",1.88,"Coverage of occupational injuries: Reported injuries in construction projects only | Type of cases of occupational injuries: Cases of occupational injury","Data reference period: End of the year | Institutional sector coverage: Private sector only"
"Panama","ADM-LIR - Administrative Records of the Directorate for Labour Inspection","SDG indicator 8.8.1 - Non-fatal occupational injuries per 100'000 workers","Sex: Male","Migrant status: Total","2021",2.82,"Coverage of occupational injuries: Reported injuries in construction projects only | Type of cases of occupational injuries: Cases of occupational injury","Data reference period: End of the year | Institutional sector coverage: Private sector only"
"Panama","ADM-LIR - Administrative Records of the Directorate for Labour Inspection","SDG indicator 8.8.1 - Non-fatal occupational injuries per 100'000 workers","Sex: Male","Migrant status: Migrants","2021",4.92,"Coverage of occupational injuries: Reported injuries in construction projects only | Type of cases of occupational injuries: Cases of occupational injury","Data reference period: End of the year | Institutional sector coverage: Private sector only"
"Panama","ADM-LIR - Administrative Records of the Directorate for Labour Inspection","SDG indicator 8.8.1 - Non-fatal occupational injuries per 100'000 workers","Sex: Male","Migrant status: Non migrants","2021",2.79,"Coverage of occupational injuries: Reported injuries in construction projects only | Type of cases of occupational injuries: Cases of occupational injury","Data reference period: End of the year | Institutional sector coverage: Private sector only"
"Panama","ADM-LIR - Administrative Records of the Directorate for Labour Inspection","SDG indicator 8.8.1 - Non-fatal occupational injuries per 100'000 workers","Sex: Female","Migrant status: Total","2021",0,"Coverage of occupational injuries: Reported injuries in construction projects only | Type of cases of occupational injuries: Cases of occupational injury","Data reference period: End of the year | Institutional sector coverage: Private sector only"
"Panama","ADM-LIR - Administrative Records of the Directorate for Labour Inspection","SDG indicator 8.8.1 - Non-fatal occupational injuries per 100'000 workers","Sex: Female","Migrant status: Migrants","2021",0,"Coverage of occupational injuries: Reported injuries in construction projects only | Type of cases of occupational injuries: Cases of occupational injury","Data reference period: End of the year | Institutional sector coverage: Private sector only"
"Panama","ADM-LIR - Administrative Records of the Directorate for Labour Inspection","SDG indicator 8.8.1 - Non-fatal occupational injuries per 100'000 workers","Sex: Female","Migrant status: Non migrants","2021",0,"Coverage of occupational injuries: Reported injuries in construction projects only | Type of cases of occupational injuries: Cases of occupational injury","Data reference period: End of the year | Institutional sector coverage: Private sector only"
"Panama","ADM-LIR - Administrative Records of the Directorate for Labour Inspection","SDG indicator 8.8.1 - Non-fatal occupational injuries per 100'000 workers","Sex: Total","Migrant status: Total","2020",1.321,"Coverage of occupational injuries: Reported injuries in construction projects only | Type of cases of occupational injuries: Cases of occupational injury","Data reference period: End of the year | Institutional sector coverage: Private sector only"
"Panama","ADM-LIR - Administrative Records of the Directorate for Labour Inspection","SDG indicator 8.8.1 - Non-fatal occupational injuries per 100'000 workers","Sex: Total","Migrant status: Migrants","2020",7.692,"Coverage of occupational injuries: Reported injuries in construction projects only | Type of cases of occupational injuries: Cases of occupational injury","Data reference period: End of the year | Institutional sector coverage: Private sector only"
"Panama","ADM-LIR - Administrative Records of the Directorate for Labour Inspection","SDG indicator 8.8.1 - Non-fatal occupational injuries per 100'000 workers","Sex: Total","Migrant status: Non migrants","2020",1.122,"Coverage of occupational injuries: Reported injuries in construction projects only | Type of cases of occupational injuries: Cases of occupational injury","Data reference period: End of the year | Institutional sector coverage: Private sector only"
"Panama","ADM-LIR - Administrative Records of the Directorate for Labour Inspection","SDG indicator 8.8.1 - Non-fatal occupational injuries per 100'000 workers","Sex: Male","Migrant status: Total","2020",1.972,"Coverage of occupational injuries: Reported injuries in construction projects only | Type of cases of occupational injuries: Cases of occupational injury","Data reference period: End of the year | Institutional sector coverage: Private sector only"
"Panama","ADM-LIR - Administrative Records of the Directorate for Labour Inspection","SDG indicator 8.8.1 - Non-fatal occupational injuries per 100'000 workers","Sex: Male","Migrant status: Migrants","2020",9.677,"Coverage of occupational injuries: Reported injuries in construction projects only | Type of cases of occupational injuries: Cases of occupational injury","Data reference period: End of the year | Institutional sector coverage: Private sector only"
"Panama","ADM-LIR - Administrative Records of the Directorate for Labour Inspection","SDG indicator 8.8.1 - Non-fatal occupational injuries per 100'000 workers","Sex: Male","Migrant status: Non migrants","2020",1.685,"Coverage of occupational injuries: Reported injuries in construction projects only | Type of cases of occupational injuries: Cases of occupational injury","Data reference period: End of the year | Institutional sector coverage: Private sector only"
"Panama","ADM-LIR - Administrative Records of the Directorate for Labour Inspection","SDG indicator 8.8.1 - Non-fatal occupational injuries per 100'000 workers","Sex: Female","Migrant status: Total","2020",0,"Coverage of occupational injuries: Reported injuries in construction projects only | Type of cases of occupational injuries: Cases of occupational injury","Data reference period: End of the year | Institutional sector coverage: Private sector only"
"Panama","ADM-LIR - Administrative Records of the Directorate for Labour Inspection","SDG indicator 8.8.1 - Non-fatal occupational injuries per 100'000 workers","Sex: Female","Migrant status: Migrants","2020",0,"Coverage of occupational injuries: Reported injuries in construction projects only | Type of cases of occupational injuries: Cases of occupational injury","Data reference period: End of the year | Institutional sector coverage: Private sector only"
"Panama","ADM-LIR - Administrative Records of the Directorate for Labour Inspection","SDG indicator 8.8.1 - Non-fatal occupational injuries per 100'000 workers","Sex: Female","Migrant status: Non migrants","2020",0,"Coverage of occupational injuries: Reported injuries in construction projects only | Type of cases of occupational injuries: Cases of occupational injury","Data reference period: End of the year | Institutional sector coverage: Private sector only"
"Panama","ADM-LIR - Administrative Records of the Directorate for Labour Inspection","SDG indicator 8.8.1 - Non-fatal occupational injuries per 100'000 workers","Sex: Total","Migrant status: Total","2019",1.022,"Coverage of occupational injuries: Reported injuries in construction projects only | Type of cases of occupational injuries: Cases of occupational injury","Data reference period: End of the year | Institutional sector coverage: Private sector only"
"Panama","ADM-LIR - Administrative Records of the Directorate for Labour Inspection","SDG indicator 8.8.1 - Non-fatal occupational injuries per 100'000 workers","Sex: Total","Migrant status: Migrants","2019",0,"Coverage of occupational injuries: Reported injuries in construction projects only | Type of cases of occupational injuries: Cases of occupational injury","Data reference period: End of the year | Institutional sector coverage: Private sector only"
"Panama","ADM-LIR - Administrative Records of the Directorate for Labour Inspection","SDG indicator 8.8.1 - Non-fatal occupational injuries per 100'000 workers","Sex: Total","Migrant status: Non migrants","2019",1.055,"Coverage of occupational injuries: Reported injuries in construction projects only | Type of cases of occupational injuries: Cases of occupational injury","Data reference period: End of the year | Institutional sector coverage: Private sector only"
"Panama","ADM-LIR - Administrative Records of the Directorate for Labour Inspection","SDG indicator 8.8.1 - Non-fatal occupational injuries per 100'000 workers","Sex: Male","Migrant status: Total","2019",1.497,"Coverage of occupational injuries: Reported injuries in construction projects only | Type of cases of occupational injuries: Cases of occupational injury","Data reference period: End of the year | Institutional sector coverage: Private sector only"
"Panama","ADM-LIR - Administrative Records of the Directorate for Labour Inspection","SDG indicator 8.8.1 - Non-fatal occupational injuries per 100'000 workers","Sex: Male","Migrant status: Migrants","2019",0,"Coverage of occupational injuries: Reported injuries in construction projects only | Type of cases of occupational injuries: Cases of occupational injury","Data reference period: End of the year | Institutional sector coverage: Private sector only"
"Panama","ADM-LIR - Administrative Records of the Directorate for Labour Inspection","SDG indicator 8.8.1 - Non-fatal occupational injuries per 100'000 workers","Sex: Male","Migrant status: Non migrants","2019",1.528,"Coverage of occupational injuries: Reported injuries in construction projects only | Type of cases of occupational injuries: Cases of occupational injury","Data reference period: End of the year | Institutional sector coverage: Private sector only"
"Panama","ADM-LIR - Administrative Records of the Directorate for Labour Inspection","SDG indicator 8.8.1 - Non-fatal occupational injuries per 100'000 workers","Sex: Female","Migrant status: Total","2019",0,"Coverage of occupational injuries: Reported injuries in construction projects only | Type of cases of occupational injuries: Cases of occupational injury","Data reference period: End of the year | Institutional sector coverage: Private sector only"
"Panama","ADM-LIR - Administrative Records of the Directorate for Labour Inspection","SDG indicator 8.8.1 - Non-fatal occupational injuries per 100'000 workers","Sex: Female","Migrant status: Migrants","2019",0,"Coverage of occupational injuries: Reported injuries in construction projects only | Type of cases of occupational injuries: Cases of occupational injury","Data reference period: End of the year | Institutional sector coverage: Private sector only"
"Panama","ADM-LIR - Administrative Records of the Directorate for Labour Inspection","SDG indicator 8.8.1 - Non-fatal occupational injuries per 100'000 workers","Sex: Female","Migrant status: Non migrants","2019",0,"Coverage of occupational injuries: Reported injuries in construction projects only | Type of cases of occupational injuries: Cases of occupational injury","Data reference period: End of the year | Institutional sector coverage: Private sector only"
"Panama","ADM-LIR - Administrative Records of the Directorate for Labour Inspection","SDG indicator 8.8.1 - Non-fatal occupational injuries per 100'000 workers","Sex: Total","Migrant status: Total","2018",0.731,"Coverage of occupational injuries: Reported injuries in construction projects only | Type of cases of occupational injuries: Cases of occupational injury","Data reference period: End of the year | Institutional sector coverage: Private sector only"
"Panama","ADM-LIR - Administrative Records of the Directorate for Labour Inspection","SDG indicator 8.8.1 - Non-fatal occupational injuries per 100'000 workers","Sex: Total","Migrant status: Migrants","2018",2.941,"Coverage of occupational injuries: Reported injuries in construction projects only | Type of cases of occupational injuries: Cases of occupational injury","Data reference period: End of the year | Institutional sector coverage: Private sector only"
"Panama","ADM-LIR - Administrative Records of the Directorate for Labour Inspection","SDG indicator 8.8.1 - Non-fatal occupational injuries per 100'000 workers","Sex: Total","Migrant status: Non migrants","2018",0.691,"Coverage of occupational injuries: Reported injuries in construction projects only | Type of cases of occupational injuries: Cases of occupational injury","Data reference period: End of the year | Institutional sector coverage: Private sector only"
"Panama","ADM-LIR - Administrative Records of the Directorate for Labour Inspection","SDG indicator 8.8.1 - Non-fatal occupational injuries per 100'000 workers","Sex: Male","Migrant status: Total","2018",0.917,"Coverage of occupational injuries: Reported injuries in construction projects only | Type of cases of occupational injuries: Cases of occupational injury","Data reference period: End of the year | Institutional sector coverage: Private sector only"
"Panama","ADM-LIR - Administrative Records of the Directorate for Labour Inspection","SDG indicator 8.8.1 - Non-fatal occupational injuries per 100'000 workers","Sex: Male","Migrant status: Migrants","2018",0,"Coverage of occupational injuries: Reported injuries in construction projects only | Type of cases of occupational injuries: Cases of occupational injury","Data reference period: End of the year | Institutional sector coverage: Private sector only"
"Panama","ADM-LIR - Administrative Records of the Directorate for Labour Inspection","SDG indicator 8.8.1 - Non-fatal occupational injuries per 100'000 workers","Sex: Male","Migrant status: Non migrants","2018",0.924,"Coverage of occupational injuries: Reported injuries in construction projects only | Type of cases of occupational injuries: Cases of occupational injury","Data reference period: End of the year | Institutional sector coverage: Private sector only"
"Panama","ADM-LIR - Administrative Records of the Directorate for Labour Inspection","SDG indicator 8.8.1 - Non-fatal occupational injuries per 100'000 workers","Sex: Female","Migrant status: Total","2018",0.33,"Coverage of occupational injuries: Reported injuries in construction projects only | Type of cases of occupational injuries: Cases of occupational injury","Data reference period: End of the year | Institutional sector coverage: Private sector only"
"Panama","ADM-LIR - Administrative Records of the Directorate for Labour Inspection","SDG indicator 8.8.1 - Non-fatal occupational injuries per 100'000 workers","Sex: Female","Migrant status: Migrants","2018",4.348,"Coverage of occupational injuries: Reported injuries in construction projects only | Type of cases of occupational injuries: Cases of occupational injury","Data reference period: End of the year | Institutional sector coverage: Private sector only"
"Panama","ADM-LIR - Administrative Records of the Directorate for Labour Inspection","SDG indicator 8.8.1 - Non-fatal occupational injuries per 100'000 workers","Sex: Female","Migrant status: Non migrants","2018",0.172,"Coverage of occupational injuries: Reported injuries in construction projects only | Type of cases of occupational injuries: Cases of occupational injury","Data reference period: End of the year | Institutional sector coverage: Private sector only"
"Panama","ADM-LIR - Administrative Records of the Directorate for Labour Inspection","SDG indicator 8.8.1 - Non-fatal occupational injuries per 100'000 workers","Sex: Total","Migrant status: Total","2017",2.116,"Coverage of occupational injuries: Reported injuries in construction projects only | Type of cases of occupational injuries: Cases of occupational injury","Data reference period: End of the year | Institutional sector coverage: Private sector only"
"Panama","ADM-LIR - Administrative Records of the Directorate for Labour Inspection","SDG indicator 8.8.1 - Non-fatal occupational injuries per 100'000 workers","Sex: Total","Migrant status: Migrants","2017",9.804,"Coverage of occupational injuries: Reported injuries in construction projects only | Type of cases of occupational injuries: Cases of occupational injury","Data reference period: End of the year | Institutional sector coverage: Private sector only"
"Panama","ADM-LIR - Administrative Records of the Directorate for Labour Inspection","SDG indicator 8.8.1 - Non-fatal occupational injuries per 100'000 workers","Sex: Total","Migrant status: Non migrants","2017",1.808,"Coverage of occupational injuries: Reported injuries in construction projects only | Type of cases of occupational injuries: Cases of occupational injury","Data reference period: End of the year | Institutional sector coverage: Private sector only"
"Panama","ADM-LIR - Administrative Records of the Directorate for Labour Inspection","SDG indicator 8.8.1 - Non-fatal occupational injuries per 100'000 workers","Sex: Male","Migrant status: Total","2017",3.125,"Coverage of occupational injuries: Reported injuries in construction projects only | Type of cases of occupational injuries: Cases of occupational injury","Data reference period: End of the year | Institutional sector coverage: Private sector only"
"Panama","ADM-LIR - Administrative Records of the Directorate for Labour Inspection","SDG indicator 8.8.1 - Non-fatal occupational injuries per 100'000 workers","Sex: Male","Migrant status: Migrants","2017",15.625,"Coverage of occupational injuries: Reported injuries in construction projects only | Type of cases of occupational injuries: Cases of occupational injury","Data reference period: End of the year | Institutional sector coverage: Private sector only"
"Panama","ADM-LIR - Administrative Records of the Directorate for Labour Inspection","SDG indicator 8.8.1 - Non-fatal occupational injuries per 100'000 workers","Sex: Male","Migrant status: Non migrants","2017",2.644,"Coverage of occupational injuries: Reported injuries in construction projects only | Type of cases of occupational injuries: Cases of occupational injury","Data reference period: End of the year | Institutional sector coverage: Private sector only"
"Panama","ADM-LIR - Administrative Records of the Directorate for Labour Inspection","SDG indicator 8.8.1 - Non-fatal occupational injuries per 100'000 workers","Sex: Female","Migrant status: Total","2017",0.218,"Coverage of occupational injuries: Reported injuries in construction projects only | Type of cases of occupational injuries: Cases of occupational injury","Data reference period: End of the year | Institutional sector coverage: Private sector only"
"Panama","ADM-LIR - Administrative Records of the Directorate for Labour Inspection","SDG indicator 8.8.1 - Non-fatal occupational injuries per 100'000 workers","Sex: Female","Migrant status: Migrants","2017",0,"Coverage of occupational injuries: Reported injuries in construction projects only | Type of cases of occupational injuries: Cases of occupational injury","Data reference period: End of the year | Institutional sector coverage: Private sector only"
"Panama","ADM-LIR - Administrative Records of the Directorate for Labour Inspection","SDG indicator 8.8.1 - Non-fatal occupational injuries per 100'000 workers","Sex: Female","Migrant status: Non migrants","2017",0.227,"Coverage of occupational injuries: Reported injuries in construction projects only | Type of cases of occupational injuries: Cases of occupational injury","Data reference period: End of the year | Institutional sector coverage: Private sector only"
"Panama","ADM-LIR - Administrative Records of the Directorate for Labour Inspection","SDG indicator 8.8.1 - Non-fatal occupational injuries per 100'000 workers","Sex: Total","Migrant status: Total","2016",1.5,"Coverage of occupational injuries: Reported injuries in construction projects only | Type of cases of occupational injuries: Cases of occupational injury | Type of rate: Incidence rate (per 100'000 workers employed) | Minimum period of absence from work: Incapacities lasting 1 day or more","Data reference period: End of the year | Institutional sector coverage: Private sector only"
"Panama","ADM-LIR - Administrative Records of the Directorate for Labour Inspection","SDG indicator 8.8.1 - Non-fatal occupational injuries per 100'000 workers","Sex: Total","Migrant status: Migrants","2016",0,"Coverage of occupational injuries: Reported injuries in construction projects only | Type of cases of occupational injuries: Cases of occupational injury | Type of rate: Incidence rate (per 100'000 workers employed) | Minimum period of absence from work: Incapacities lasting 1 day or more","Data reference period: End of the year | Institutional sector coverage: Private sector only"
"Panama","ADM-LIR - Administrative Records of the Directorate for Labour Inspection","SDG indicator 8.8.1 - Non-fatal occupational injuries per 100'000 workers","Sex: Total","Migrant status: Non migrants","2016",0,"Coverage of occupational injuries: Reported injuries in construction projects only | Type of cases of occupational injuries: Cases of occupational injury | Type of rate: Incidence rate (per 100'000 workers employed) | Minimum period of absence from work: Incapacities lasting 1 day or more","Data reference period: End of the year | Institutional sector coverage: Private sector only"
"Panama","ADM-LIR - Administrative Records of the Directorate for Labour Inspection","SDG indicator 8.8.1 - Non-fatal occupational injuries per 100'000 workers","Sex: Male","Migrant status: Total","2016",0,"Coverage of occupational injuries: Reported injuries in construction projects only | Type of cases of occupational injuries: Cases of occupational injury | Type of rate: Incidence rate (per 100'000 workers employed) | Minimum period of absence from work: Incapacities lasting 1 day or more","Data reference period: End of the year | Institutional sector coverage: Private sector only"
"Panama","ADM-LIR - Administrative Records of the Directorate for Labour Inspection","SDG indicator 8.8.1 - Non-fatal occupational injuries per 100'000 workers","Sex: Male","Migrant status: Migrants","2016",0,"Coverage of occupational injuries: Reported injuries in construction projects only | Type of cases of occupational injuries: Cases of occupational injury | Type of rate: Incidence rate (per 100'000 workers employed) | Minimum period of absence from work: Incapacities lasting 1 day or more","Data reference period: End of the year | Institutional sector coverage: Private sector only"
"Panama","ADM-LIR - Administrative Records of the Directorate for Labour Inspection","SDG indicator 8.8.1 - Non-fatal occupational injuries per 100'000 workers","Sex: Male","Migrant status: Non migrants","2016",0,"Coverage of occupational injuries: Reported injuries in construction projects only | Type of cases of occupational injuries: Cases of occupational injury | Type of rate: Incidence rate (per 100'000 workers employed) | Minimum period of absence from work: Incapacities lasting 1 day or more","Data reference period: End of the year | Institutional sector coverage: Private sector only"
"Panama","ADM-LIR - Administrative Records of the Directorate for Labour Inspection","SDG indicator 8.8.1 - Non-fatal occupational injuries per 100'000 workers","Sex: Female","Migrant status: Total","2016",0,"Coverage of occupational injuries: Reported injuries in construction projects only | Type of cases of occupational injuries: Cases of occupational injury | Type of rate: Incidence rate (per 100'000 workers employed) | Minimum period of absence from work: Incapacities lasting 1 day or more","Data reference period: End of the year | Institutional sector coverage: Private sector only"
"Panama","ADM-LIR - Administrative Records of the Directorate for Labour Inspection","SDG indicator 8.8.1 - Non-fatal occupational injuries per 100'000 workers","Sex: Female","Migrant status: Migrants","2016",0,"Coverage of occupational injuries: Reported injuries in construction projects only | Type of cases of occupational injuries: Cases of occupational injury | Type of rate: Incidence rate (per 100'000 workers employed) | Minimum period of absence from work: Incapacities lasting 1 day or more","Data reference period: End of the year | Institutional sector coverage: Private sector only"
"Panama","ADM-LIR - Administrative Records of the Directorate for Labour Inspection","SDG indicator 8.8.1 - Non-fatal occupational injuries per 100'000 workers","Sex: Female","Migrant status: Non migrants","2016",0,"Coverage of occupational injuries: Reported injuries in construction projects only | Type of cases of occupational injuries: Cases of occupational injury | Type of rate: Incidence rate (per 100'000 workers employed) | Minimum period of absence from work: Incapacities lasting 1 day or more","Data reference period: End of the year | Institutional sector coverage: Private sector only"
"Panama","ADM-LIR - Administrative Records of the Directorate for Labour Inspection","SDG indicator 8.8.1 - Non-fatal occupational injuries per 100'000 workers","Sex: Total","Migrant status: Total","2015",1.5,"Coverage of occupational injuries: Reported injuries in construction projects only | Type of cases of occupational injuries: Cases of occupational injury | Type of rate: Incidence rate (per 100'000 workers employed) | Minimum period of absence from work: Incapacities lasting 1 day or more","Data reference period: End of the year | Institutional sector coverage: Private sector only"
"Panama","ADM-LIR - Administrative Records of the Directorate for Labour Inspection","SDG indicator 8.8.1 - Non-fatal occupational injuries per 100'000 workers","Sex: Total","Migrant status: Migrants","2015",0.1,"Coverage of occupational injuries: Reported injuries in construction projects only | Type of cases of occupational injuries: Cases of occupational injury | Type of rate: Incidence rate (per 100'000 workers employed) | Minimum period of absence from work: Incapacities lasting 1 day or more","Data reference period: End of the year | Institutional sector coverage: Private sector only"
"Panama","ADM-LIR - Administrative Records of the Directorate for Labour Inspection","SDG indicator 8.8.1 - Non-fatal occupational injuries per 100'000 workers","Sex: Total","Migrant status: Non migrants","2015",1.4,"Coverage of occupational injuries: Reported injuries in construction projects only | Type of cases of occupational injuries: Cases of occupational injury | Type of rate: Incidence rate (per 100'000 workers employed) | Minimum period of absence from work: Incapacities lasting 1 day or more","Data reference period: End of the year | Institutional sector coverage: Private sector only"
"Panama","ADM-LIR - Administrative Records of the Directorate for Labour Inspection","SDG indicator 8.8.1 - Non-fatal occupational injuries per 100'000 workers","Sex: Male","Migrant status: Total","2015",1.5,"Coverage of occupational injuries: Reported injuries in construction projects only | Type of cases of occupational injuries: Cases of occupational injury | Type of rate: Incidence rate (per 100'000 workers employed) | Minimum period of absence from work: Incapacities lasting 1 day or more","Data reference period: End of the year | Institutional sector coverage: Private sector only"
"Panama","ADM-LIR - Administrative Records of the Directorate for Labour Inspection","SDG indicator 8.8.1 - Non-fatal occupational injuries per 100'000 workers","Sex: Male","Migrant status: Migrants","2015",0.1,"Coverage of occupational injuries: Reported injuries in construction projects only | Type of cases of occupational injuries: Cases of occupational injury | Type of rate: Incidence rate (per 100'000 workers employed) | Minimum period of absence from work: Incapacities lasting 1 day or more","Data reference period: End of the year | Institutional sector coverage: Private sector only"
"Panama","ADM-LIR - Administrative Records of the Directorate for Labour Inspection","SDG indicator 8.8.1 - Non-fatal occupational injuries per 100'000 workers","Sex: Male","Migrant status: Non migrants","2015",1.4,"Coverage of occupational injuries: Reported injuries in construction projects only | Type of cases of occupational injuries: Cases of occupational injury | Type of rate: Incidence rate (per 100'000 workers employed) | Minimum period of absence from work: Incapacities lasting 1 day or more","Data reference period: End of the year | Institutional sector coverage: Private sector only"
"Panama","ADM-LIR - Administrative Records of the Directorate for Labour Inspection","SDG indicator 8.8.1 - Non-fatal occupational injuries per 100'000 workers","Sex: Female","Migrant status: Total","2015",0,"Coverage of occupational injuries: Reported injuries in construction projects only | Type of cases of occupational injuries: Cases of occupational injury | Type of rate: Incidence rate (per 100'000 workers employed) | Minimum period of absence from work: Incapacities lasting 1 day or more","Data reference period: End of the year | Institutional sector coverage: Private sector only"
"Panama","ADM-LIR - Administrative Records of the Directorate for Labour Inspection","SDG indicator 8.8.1 - Non-fatal occupational injuries per 100'000 workers","Sex: Female","Migrant status: Migrants","2015",0,"Coverage of occupational injuries: Reported injuries in construction projects only | Type of cases of occupational injuries: Cases of occupational injury | Type of rate: Incidence rate (per 100'000 workers employed) | Minimum period of absence from work: Incapacities lasting 1 day or more","Data reference period: End of the year | Institutional sector coverage: Private sector only"
"Panama","ADM-LIR - Administrative Records of the Directorate for Labour Inspection","SDG indicator 8.8.1 - Non-fatal occupational injuries per 100'000 workers","Sex: Female","Migrant status: Non migrants","2015",0,"Coverage of occupational injuries: Reported injuries in construction projects only | Type of cases of occupational injuries: Cases of occupational injury | Type of rate: Incidence rate (per 100'000 workers employed) | Minimum period of absence from work: Incapacities lasting 1 day or more","Data reference period: End of the year | Institutional sector coverage: Private sector only"
"Panama","ADM-LIR - Administrative Records of the Directorate for Labour Inspection","SDG indicator 8.8.1 - Non-fatal occupational injuries per 100'000 workers","Sex: Total","Migrant status: Total","2014",1.89,"Coverage of occupational injuries: Reported injuries in construction projects only | Type of cases of occupational injuries: Cases of occupational injury | Minimum period of absence from work: Incapacities lasting 1 day or more","Data reference period: End of the year | Institutional sector coverage: Private sector only"
"Panama","ADM-LIR - Administrative Records of the Directorate for Labour Inspection","SDG indicator 8.8.1 - Non-fatal occupational injuries per 100'000 workers","Sex: Male","Migrant status: Total","2014",3.04,"Coverage of occupational injuries: Reported injuries in construction projects only | Type of cases of occupational injuries: Cases of occupational injury | Minimum period of absence from work: Incapacities lasting 1 day or more","Data reference period: End of the year | Institutional sector coverage: Private sector only"
"Panama","ADM-LIR - Administrative Records of the Directorate for Labour Inspection","SDG indicator 8.8.1 - Non-fatal occupational injuries per 100'000 workers","Sex: Female","Migrant status: Total","2014",0.15,"Coverage of occupational injuries: Reported injuries in construction projects only | Type of cases of occupational injuries: Cases of occupational injury | Minimum period of absence from work: Incapacities lasting 1 day or more","Data reference period: End of the year | Institutional sector coverage: Private sector only"
"Panama","ADM-LIR - Administrative Records of the Directorate for Labour Inspection","SDG indicator 8.8.1 - Non-fatal occupational injuries per 100'000 workers","Sex: Total","Migrant status: Total","2013",2.5,"Coverage of occupational injuries: Reported injuries in construction projects only | Type of cases of occupational injuries: Cases of occupational injury | Type of rate: Incidence rate (per 100'000 workers employed) | Minimum period of absence from work: Incapacities lasting 1 day or more","Data reference period: End of the year | Institutional sector coverage: Private sector only"
"Panama","ADM-LIR - Administrative Records of the Directorate for Labour Inspection","SDG indicator 8.8.1 - Non-fatal occupational injuries per 100'000 workers","Sex: Male","Migrant status: Total","2013",3.8,"Coverage of occupational injuries: Reported injuries in construction projects only | Type of cases of occupational injuries: Cases of occupational injury | Type of rate: Incidence rate (per 100'000 workers employed) | Minimum period of absence from work: Incapacities lasting 1 day or more","Data reference period: End of the year | Institutional sector coverage: Private sector only"
"Panama","ADM-LIR - Administrative Records of the Directorate for Labour Inspection","SDG indicator 8.8.1 - Non-fatal occupational injuries per 100'000 workers","Sex: Female","Migrant status: Total","2013",0.4,"Coverage of occupational injuries: Reported injuries in construction projects only | Type of cases of occupational injuries: Cases of occupational injury | Type of rate: Incidence rate (per 100'000 workers employed) | Minimum period of absence from work: Incapacities lasting 1 day or more","Data reference period: End of the year | Institutional sector coverage: Private sector only"
"Philippines","ES - Integrated Survey","SDG indicator 8.8.1 - Non-fatal occupational injuries per 100'000 workers","Sex: Total","Migrant status: Total","2021",227,"Coverage of occupational injuries: Reported injuries | Type of cases of occupational injuries: Cases of occupational injury","Data reference period: End of the year | Institutional sector coverage: Private sector only | Economic activity coverage: Excluding activities of households as employers and of extraterritorial organizations and bodies | Establishment size coverage: All establishments with at least 20 employees"
"Philippines","ES - Integrated Survey","SDG indicator 8.8.1 - Non-fatal occupational injuries per 100'000 workers","Sex: Total","Migrant status: Total","2019",301,"Coverage of occupational injuries: Reported injuries | Type of cases of occupational injuries: Cases of occupational injury","Data reference period: End of the year | Institutional sector coverage: Private sector only | Economic activity coverage: Excluding activities of households as employers and of extraterritorial organizations and bodies | Establishment size coverage: All establishments with at least 20 employees"
"Philippines","ES - Integrated Survey","SDG indicator 8.8.1 - Non-fatal occupational injuries per 100'000 workers","Sex: Total","Migrant status: Total","2017",417,"Coverage of occupational injuries: Reported injuries | Type of cases of occupational injuries: Cases of occupational injury","Data reference period: End of the year | Institutional sector coverage: Private sector only | Economic activity coverage: Excluding activities of households as employers and of extraterritorial organizations and bodies | Establishment size coverage: All establishments with at least 20 employees"
"Philippines","ES - Integrated Survey","SDG indicator 8.8.1 - Non-fatal occupational injuries per 100'000 workers","Sex: Total","Migrant status: Total","2015",426,"Coverage of occupational injuries: Reported injuries | Type of cases of occupational injuries: Cases of occupational injury","Institutional sector coverage: Private sector only | Economic activity coverage: Excluding public administration | Reference group coverage: Employees | Establishment size coverage: All establishments with at least 20 employees"
"Philippines","ES - Integrated Survey","SDG indicator 8.8.1 - Non-fatal occupational injuries per 100'000 workers","Sex: Total","Migrant status: Total","2013",484.39,"Coverage of occupational injuries: Reported injuries | Type of cases of occupational injuries: Cases of occupational injury | Minimum period of absence from work: Incapacities lasting 1 day or more","Data reference period: End of the year | Institutional sector coverage: Private sector only | Establishment size coverage: All establishments with at least 20 employees"
"Poland","ES - Statistical card on accident at Work","SDG indicator 8.8.1 - Non-fatal occupational injuries per 100'000 workers","Sex: Total","Migrant status: Total","2022",474.41,,
"Poland","ES - Statistical card on accident at Work","SDG indicator 8.8.1 - Non-fatal occupational injuries per 100'000 workers","Sex: Male","Migrant status: Total","2022",542.98,,
"Poland","ES - Statistical card on accident at Work","SDG indicator 8.8.1 - Non-fatal occupational injuries per 100'000 workers","Sex: Male","Migrant status: Migrants","2022",0,,
"Poland","ES - Statistical card on accident at Work","SDG indicator 8.8.1 - Non-fatal occupational injuries per 100'000 workers","Sex: Male","Migrant status: Non migrants","2022",0,,
"Poland","ES - Statistical card on accident at Work","SDG indicator 8.8.1 - Non-fatal occupational injuries per 100'000 workers","Sex: Female","Migrant status: Total","2022",394.73,,
"Poland","ES - Statistical card on accident at Work","SDG indicator 8.8.1 - Non-fatal occupational injuries per 100'000 workers","Sex: Female","Migrant status: Migrants","2022",0,,
"Poland","ES - Statistical card on accident at Work","SDG indicator 8.8.1 - Non-fatal occupational injuries per 100'000 workers","Sex: Female","Migrant status: Non migrants","2022",0,,
"Poland","ES - Statistical card on accident at Work","SDG indicator 8.8.1 - Non-fatal occupational injuries per 100'000 workers","Sex: Total","Migrant status: Total","2021",473.33,"Coverage of occupational injuries: Reported injuries | Type of cases of occupational injuries: Cases of occupational injury","Economic activity coverage: Excluding agriculture | Reference group coverage: Employees"
"Poland","ES - Statistical card on accident at Work","SDG indicator 8.8.1 - Non-fatal occupational injuries per 100'000 workers","Sex: Total","Migrant status: Migrants","2021",0,"Coverage of occupational injuries: Reported injuries | Type of cases of occupational injuries: Cases of occupational injury","Economic activity coverage: Excluding agriculture | Reference group coverage: Employees"
"Poland","ES - Statistical card on accident at Work","SDG indicator 8.8.1 - Non-fatal occupational injuries per 100'000 workers","Sex: Total","Migrant status: Non migrants","2021",0,"Coverage of occupational injuries: Reported injuries | Type of cases of occupational injuries: Cases of occupational injury","Economic activity coverage: Excluding agriculture | Reference group coverage: Employees"
"Poland","ES - Statistical card on accident at Work","SDG indicator 8.8.1 - Non-fatal occupational injuries per 100'000 workers","Sex: Male","Migrant status: Total","2021",553.32,"Coverage of occupational injuries: Reported injuries | Type of cases of occupational injuries: Cases of occupational injury","Economic activity coverage: Excluding agriculture | Reference group coverage: Employees"
"Poland","ES - Statistical card on accident at Work","SDG indicator 8.8.1 - Non-fatal occupational injuries per 100'000 workers","Sex: Male","Migrant status: Migrants","2021",0,"Coverage of occupational injuries: Reported injuries | Type of cases of occupational injuries: Cases of occupational injury","Economic activity coverage: Excluding agriculture | Reference group coverage: Employees"
"Poland","ES - Statistical card on accident at Work","SDG indicator 8.8.1 - Non-fatal occupational injuries per 100'000 workers","Sex: Male","Migrant status: Non migrants","2021",0,"Coverage of occupational injuries: Reported injuries | Type of cases of occupational injuries: Cases of occupational injury","Economic activity coverage: Excluding agriculture | Reference group coverage: Employees"
"Poland","ES - Statistical card on accident at Work","SDG indicator 8.8.1 - Non-fatal occupational injuries per 100'000 workers","Sex: Female","Migrant status: Total","2021",379.14,"Coverage of occupational injuries: Reported injuries | Type of cases of occupational injuries: Cases of occupational injury","Economic activity coverage: Excluding agriculture | Reference group coverage: Employees"
"Poland","ES - Statistical card on accident at Work","SDG indicator 8.8.1 - Non-fatal occupational injuries per 100'000 workers","Sex: Female","Migrant status: Migrants","2021",0,"Coverage of occupational injuries: Reported injuries | Type of cases of occupational injuries: Cases of occupational injury","Economic activity coverage: Excluding agriculture | Reference group coverage: Employees"
"Poland","ES - Statistical card on accident at Work","SDG indicator 8.8.1 - Non-fatal occupational injuries per 100'000 workers","Sex: Female","Migrant status: Non migrants","2021",0,"Coverage of occupational injuries: Reported injuries | Type of cases of occupational injuries: Cases of occupational injury","Economic activity coverage: Excluding agriculture | Reference group coverage: Employees"
"Poland","ES - Statistical card on accident at Work","SDG indicator 8.8.1 - Non-fatal occupational injuries per 100'000 workers","Sex: Total","Migrant status: Total","2020",452.91,"Coverage of occupational injuries: Reported injuries","Reference group coverage: Insured persons"
"Poland","ES - Statistical card on accident at Work","SDG indicator 8.8.1 - Non-fatal occupational injuries per 100'000 workers","Sex: Male","Migrant status: Total","2020",529.13,"Coverage of occupational injuries: Reported injuries","Reference group coverage: Insured persons"
"Poland","ES - Statistical card on accident at Work","SDG indicator 8.8.1 - Non-fatal occupational injuries per 100'000 workers","Sex: Female","Migrant status: Total","2020",363.6,"Coverage of occupational injuries: Reported injuries","Reference group coverage: Insured persons"
"Poland","ES - Statistical card on accident at Work","SDG indicator 8.8.1 - Non-fatal occupational injuries per 100'000 workers","Sex: Total","Migrant status: Total","2019",583.16,"Coverage of occupational injuries: Reported injuries","Repository: ILO calculations based on Eurostat data | Reference group coverage: Insured persons"
"Poland","ES - Statistical card on accident at Work","SDG indicator 8.8.1 - Non-fatal occupational injuries per 100'000 workers","Sex: Total","Migrant status: Total","2018",570.45,"Coverage of occupational injuries: Reported injuries","Repository: ILO calculations based on Eurostat data | Reference group coverage: Insured persons"
"Poland","ES - Statistical card on accident at Work","SDG indicator 8.8.1 - Non-fatal occupational injuries per 100'000 workers","Sex: Total","Migrant status: Total","2017",625.19,"Coverage of occupational injuries: Reported injuries","Repository: ILO calculations based on Eurostat data | Reference group coverage: Insured persons"
"Poland","ES - Statistical card on accident at Work","SDG indicator 8.8.1 - Non-fatal occupational injuries per 100'000 workers","Sex: Total","Migrant status: Total","2016",532.04,"Coverage of occupational injuries: Reported injuries","Repository: ILO calculations based on Eurostat data | Reference group coverage: Insured persons"
"Poland","ES - Statistical card on accident at Work","SDG indicator 8.8.1 - Non-fatal occupational injuries per 100'000 workers","Sex: Total","Migrant status: Total","2015",671.94,"Coverage of occupational injuries: Reported injuries","Repository: ILO calculations based on Eurostat data | Reference group coverage: Insured persons"
"Poland","ES - Statistical card on accident at Work","SDG indicator 8.8.1 - Non-fatal occupational injuries per 100'000 workers","Sex: Male","Migrant status: Total","2015",819.36,"Coverage of occupational injuries: Reported injuries","Repository: ILO calculations based on Eurostat data | Reference group coverage: Insured persons"
"Poland","ES - Statistical card on accident at Work","SDG indicator 8.8.1 - Non-fatal occupational injuries per 100'000 workers","Sex: Female","Migrant status: Total","2015",510.09,"Coverage of occupational injuries: Reported injuries","Repository: ILO calculations based on Eurostat data | Reference group coverage: Insured persons"
"Poland","ES - Statistical card on accident at Work","SDG indicator 8.8.1 - Non-fatal occupational injuries per 100'000 workers","Sex: Total","Migrant status: Total","2014",643.42,"Coverage of occupational injuries: Reported injuries","Repository: ILO calculations based on Eurostat data | Reference group coverage: Insured persons"
"Poland","ES - Statistical card on accident at Work","SDG indicator 8.8.1 - Non-fatal occupational injuries per 100'000 workers","Sex: Total","Migrant status: Total","2013",512.23,"Coverage of occupational injuries: Reported injuries","Repository: ILO calculations based on Eurostat data | Reference group coverage: Insured persons"
"Portugal","ADM-IR - Insurance Records","SDG indicator 8.8.1 - Non-fatal occupational injuries per 100'000 workers","Sex: Total","Migrant status: Total","2022",2723.5,"Coverage of occupational injuries: Reported injuries | Type of cases of occupational injuries: Including cases of injury due to commuting accidents","Reference group coverage: Insured persons"
"Portugal","ADM-IR - Insurance Records","SDG indicator 8.8.1 - Non-fatal occupational injuries per 100'000 workers","Sex: Male","Migrant status: Total","2022",3767.7,"Coverage of occupational injuries: Reported injuries | Type of cases of occupational injuries: Including cases of injury due to commuting accidents","Reference group coverage: Insured persons"
"Portugal","ADM-IR - Insurance Records","SDG indicator 8.8.1 - Non-fatal occupational injuries per 100'000 workers","Sex: Female","Migrant status: Total","2022",1661.6,"Coverage of occupational injuries: Reported injuries | Type of cases of occupational injuries: Including cases of injury due to commuting accidents","Reference group coverage: Insured persons"
"Portugal","ADM-IR - Insurance Records","SDG indicator 8.8.1 - Non-fatal occupational injuries per 100'000 workers","Sex: Total","Migrant status: Total","2021",2626.8,"Coverage of occupational injuries: Reported injuries | Type of cases of occupational injuries: Including cases of injury due to commuting accidents","Reference group coverage: Insured persons"
"Portugal","ADM-IR - Insurance Records","SDG indicator 8.8.1 - Non-fatal occupational injuries per 100'000 workers","Sex: Male","Migrant status: Total","2021",3566.5,"Coverage of occupational injuries: Reported injuries | Type of cases of occupational injuries: Including cases of injury due to commuting accidents","Reference group coverage: Insured persons"
"Portugal","ADM-IR - Insurance Records","SDG indicator 8.8.1 - Non-fatal occupational injuries per 100'000 workers","Sex: Female","Migrant status: Total","2021",1411.9,"Coverage of occupational injuries: Reported injuries | Type of cases of occupational injuries: Including cases of injury due to commuting accidents","Reference group coverage: Insured persons"
"Portugal","ADM-IR - Insurance Records","SDG indicator 8.8.1 - Non-fatal occupational injuries per 100'000 workers","Sex: Total","Migrant status: Total","2020",2259.44,"Coverage of occupational injuries: Reported injuries | Type of cases of occupational injuries: Including cases of injury due to commuting accidents","Repository: ILO calculations based on Eurostat data | Reference group coverage: Insured persons"
"Portugal","ADM-IR - Insurance Records","SDG indicator 8.8.1 - Non-fatal occupational injuries per 100'000 workers","Sex: Total","Migrant status: Total","2019",2680.94,"Coverage of occupational injuries: Reported injuries | Type of cases of occupational injuries: Including cases of injury due to commuting accidents","Repository: ILO calculations based on Eurostat data | Reference group coverage: Insured persons"
"Portugal","ADM-IR - Insurance Records","SDG indicator 8.8.1 - Non-fatal occupational injuries per 100'000 workers","Sex: Total","Migrant status: Total","2018",2680.15,"Coverage of occupational injuries: Reported injuries | Type of cases of occupational injuries: Including cases of injury due to commuting accidents","Repository: ILO calculations based on Eurostat data | Reference group coverage: Insured persons"
"Portugal","ADM-IR - Insurance Records","SDG indicator 8.8.1 - Non-fatal occupational injuries per 100'000 workers","Sex: Total","Migrant status: Total","2017",2848.41,"Coverage of occupational injuries: Reported injuries | Type of cases of occupational injuries: Including cases of injury due to commuting accidents","Repository: ILO calculations based on Eurostat data | Reference group coverage: Insured persons"
"Portugal","ADM-IR - Insurance Records","SDG indicator 8.8.1 - Non-fatal occupational injuries per 100'000 workers","Sex: Total","Migrant status: Total","2016",2932.15,"Coverage of occupational injuries: Reported injuries | Type of cases of occupational injuries: Including cases of injury due to commuting accidents","Repository: ILO calculations based on Eurostat data | Reference group coverage: Insured persons"
"Portugal","ADM-IR - Insurance Records","SDG indicator 8.8.1 - Non-fatal occupational injuries per 100'000 workers","Sex: Total","Migrant status: Total","2015",2954.23,"Coverage of occupational injuries: Reported injuries | Type of cases of occupational injuries: Including cases of injury due to commuting accidents","Repository: ILO calculations based on Eurostat data | Reference group coverage: Insured persons"
"Portugal","ADM-IR - Insurance Records","SDG indicator 8.8.1 - Non-fatal occupational injuries per 100'000 workers","Sex: Total","Migrant status: Total","2014",2892.6,"Coverage of occupational injuries: Reported injuries | Type of cases of occupational injuries: Including cases of injury due to commuting accidents","Repository: ILO calculations based on Eurostat data | Reference group coverage: Insured persons"
"Portugal","ADM-IR - Insurance Records","SDG indicator 8.8.1 - Non-fatal occupational injuries per 100'000 workers","Sex: Total","Migrant status: Total","2013",2780.05,"Coverage of occupational injuries: Reported injuries | Type of cases of occupational injuries: Including cases of injury due to commuting accidents","Repository: ILO calculations based on Eurostat data | Reference group coverage: Insured persons"
"Portugal","ADM-IR - Insurance Records","SDG indicator 8.8.1 - Non-fatal occupational injuries per 100'000 workers","Sex: Male","Migrant status: Total","2013",3782.36,"Coverage of occupational injuries: Reported injuries | Type of cases of occupational injuries: Including cases of injury due to commuting accidents","Repository: ILO calculations based on Eurostat data | Reference group coverage: Insured persons"
"Portugal","ADM-IR - Insurance Records","SDG indicator 8.8.1 - Non-fatal occupational injuries per 100'000 workers","Sex: Female","Migrant status: Total","2013",1708.71,"Coverage of occupational injuries: Reported injuries | Type of cases of occupational injuries: Including cases of injury due to commuting accidents","Repository: ILO calculations based on Eurostat data | Reference group coverage: Insured persons"
"Occupied Palestinian Territory","ADM - Records of the Labour Relations Department","SDG indicator 8.8.1 - Non-fatal occupational injuries per 100'000 workers","Sex: Total","Migrant status: Total","2020",74,"Coverage of occupational injuries: Reported injuries | Type of cases of occupational injuries: Cases of occupational injury","Data reference period: End of the year | Geographical coverage: Main city or metropolitan area"
"Occupied Palestinian Territory","ADM - Records of the Labour Relations Department","SDG indicator 8.8.1 - Non-fatal occupational injuries per 100'000 workers","Sex: Total","Migrant status: Total","2015",1175.05,"Coverage of occupational injuries: Reported injuries | Type of cases of occupational injuries: Cases of occupational injury | Minimum period of absence from work: Non standard minimum period of absence from work","Data reference period: End of the year | Geographical coverage: Main city or metropolitan area | Reference group coverage: Employees"
"Qatar","ADM-LIR - Ministry of Public Health and Ministry of Labour","SDG indicator 8.8.1 - Non-fatal occupational injuries per 100'000 workers","Sex: Total","Migrant status: Total","2022",39.908,"Coverage of occupational injuries: Nonstandard coverage of occupational injuries | Type of cases of occupational injuries: Cases of occupational injury","Employment definition: Excluding own-use production workers | Institutional sector coverage: Nonstandard institutional sector coverage | Economic activity coverage: Nonstandard economic activity coverage | Reference group coverage: Employees"
"Qatar","ADM-LIR - Ministry of Public Health and Ministry of Labour","SDG indicator 8.8.1 - Non-fatal occupational injuries per 100'000 workers","Sex: Total","Migrant status: Migrants","2022",42.307,"Coverage of occupational injuries: Nonstandard coverage of occupational injuries | Type of cases of occupational injuries: Cases of occupational injury","Employment definition: Excluding own-use production workers | Institutional sector coverage: Nonstandard institutional sector coverage | Economic activity coverage: Nonstandard economic activity coverage | Reference group coverage: Employees"
"Qatar","ADM-LIR - Ministry of Public Health and Ministry of Labour","SDG indicator 8.8.1 - Non-fatal occupational injuries per 100'000 workers","Sex: Male","Migrant status: Total","2022",47.212,"Coverage of occupational injuries: Nonstandard coverage of occupational injuries | Type of cases of occupational injuries: Cases of occupational injury","Employment definition: Excluding own-use production workers | Institutional sector coverage: Nonstandard institutional sector coverage | Economic activity coverage: Nonstandard economic activity coverage | Reference group coverage: Employees"
"Qatar","ADM-LIR - Ministry of Public Health and Ministry of Labour","SDG indicator 8.8.1 - Non-fatal occupational injuries per 100'000 workers","Sex: Male","Migrant status: Migrants","2022",49.208,"Coverage of occupational injuries: Nonstandard coverage of occupational injuries | Type of cases of occupational injuries: Cases of occupational injury","Employment definition: Excluding own-use production workers | Institutional sector coverage: Nonstandard institutional sector coverage | Economic activity coverage: Nonstandard economic activity coverage | Reference group coverage: Employees"
"Qatar","ADM-LIR - Ministry of Public Health and Ministry of Labour","SDG indicator 8.8.1 - Non-fatal occupational injuries per 100'000 workers","Sex: Female","Migrant status: Total","2022",3.118,"Coverage of occupational injuries: Nonstandard coverage of occupational injuries | Type of cases of occupational injuries: Cases of occupational injury","Employment definition: Excluding own-use production workers | Institutional sector coverage: Nonstandard institutional sector coverage | Economic activity coverage: Nonstandard economic activity coverage | Reference group coverage: Employees"
"Qatar","ADM-LIR - Ministry of Public Health and Ministry of Labour","SDG indicator 8.8.1 - Non-fatal occupational injuries per 100'000 workers","Sex: Female","Migrant status: Migrants","2022",3.617,"Coverage of occupational injuries: Nonstandard coverage of occupational injuries | Type of cases of occupational injuries: Cases of occupational injury","Employment definition: Excluding own-use production workers | Institutional sector coverage: Nonstandard institutional sector coverage | Economic activity coverage: Nonstandard economic activity coverage | Reference group coverage: Employees"
"Qatar","ADM-LIR - Qatar Statistics Authority","SDG indicator 8.8.1 - Non-fatal occupational injuries per 100'000 workers","Sex: Total","Migrant status: Total","2018",21.295,"Coverage of occupational injuries: Compensated injuries | Type of cases of occupational injuries: Excluding injuries not resulting in some degree of disability | Type of rate: Incidence rate (per 100'000 workers employed) | Minimum period of absence from work: Non standard minimum period of absence from work","Institutional sector coverage: Private sector only"
"Qatar","ADM-LIR - Qatar Statistics Authority","SDG indicator 8.8.1 - Non-fatal occupational injuries per 100'000 workers","Sex: Total","Migrant status: Migrants","2018",22.431,"Coverage of occupational injuries: Compensated injuries | Type of cases of occupational injuries: Excluding injuries not resulting in some degree of disability | Type of rate: Incidence rate (per 100'000 workers employed) | Minimum period of absence from work: Non standard minimum period of absence from work","Institutional sector coverage: Private sector only"
"Qatar","ADM-LIR - Qatar Statistics Authority","SDG indicator 8.8.1 - Non-fatal occupational injuries per 100'000 workers","Sex: Total","Migrant status: Non migrants","2018",0,"Coverage of occupational injuries: Compensated injuries | Type of cases of occupational injuries: Excluding injuries not resulting in some degree of disability | Type of rate: Incidence rate (per 100'000 workers employed) | Minimum period of absence from work: Non standard minimum period of absence from work","Institutional sector coverage: Private sector only"
"Qatar","ADM-LIR - Qatar Statistics Authority","SDG indicator 8.8.1 - Non-fatal occupational injuries per 100'000 workers","Sex: Male","Migrant status: Total","2018",24.312,"Coverage of occupational injuries: Compensated injuries | Type of cases of occupational injuries: Excluding injuries not resulting in some degree of disability | Type of rate: Incidence rate (per 100'000 workers employed) | Minimum period of absence from work: Non standard minimum period of absence from work","Institutional sector coverage: Private sector only"
"Qatar","ADM-LIR - Qatar Statistics Authority","SDG indicator 8.8.1 - Non-fatal occupational injuries per 100'000 workers","Sex: Male","Migrant status: Migrants","2018",25.256,"Coverage of occupational injuries: Compensated injuries | Type of cases of occupational injuries: Excluding injuries not resulting in some degree of disability | Type of rate: Incidence rate (per 100'000 workers employed) | Minimum period of absence from work: Non standard minimum period of absence from work","Institutional sector coverage: Private sector only"
"Qatar","ADM-LIR - Qatar Statistics Authority","SDG indicator 8.8.1 - Non-fatal occupational injuries per 100'000 workers","Sex: Male","Migrant status: Non migrants","2018",0,"Coverage of occupational injuries: Compensated injuries | Type of cases of occupational injuries: Excluding injuries not resulting in some degree of disability | Type of rate: Incidence rate (per 100'000 workers employed) | Minimum period of absence from work: Non standard minimum period of absence from work","Institutional sector coverage: Private sector only"
"Qatar","ADM-LIR - Qatar Statistics Authority","SDG indicator 8.8.1 - Non-fatal occupational injuries per 100'000 workers","Sex: Female","Migrant status: Total","2018",2.108,"Coverage of occupational injuries: Compensated injuries | Type of cases of occupational injuries: Excluding injuries not resulting in some degree of disability | Type of rate: Incidence rate (per 100'000 workers employed) | Minimum period of absence from work: Non standard minimum period of absence from work","Institutional sector coverage: Private sector only"
"Qatar","ADM-LIR - Qatar Statistics Authority","SDG indicator 8.8.1 - Non-fatal occupational injuries per 100'000 workers","Sex: Female","Migrant status: Migrants","2018",2.437,"Coverage of occupational injuries: Compensated injuries | Type of cases of occupational injuries: Excluding injuries not resulting in some degree of disability | Type of rate: Incidence rate (per 100'000 workers employed) | Minimum period of absence from work: Non standard minimum period of absence from work","Institutional sector coverage: Private sector only"
"Qatar","ADM-LIR - Qatar Statistics Authority","SDG indicator 8.8.1 - Non-fatal occupational injuries per 100'000 workers","Sex: Female","Migrant status: Non migrants","2018",0,"Coverage of occupational injuries: Compensated injuries | Type of cases of occupational injuries: Excluding injuries not resulting in some degree of disability | Type of rate: Incidence rate (per 100'000 workers employed) | Minimum period of absence from work: Non standard minimum period of absence from work","Institutional sector coverage: Private sector only"
"Qatar","ADM-LIR - Qatar Statistics Authority","SDG indicator 8.8.1 - Non-fatal occupational injuries per 100'000 workers","Sex: Total","Migrant status: Total","2016",26.749,"Coverage of occupational injuries: Compensated injuries | Type of cases of occupational injuries: Excluding injuries not resulting in some degree of disability | Type of rate: Incidence rate (per 100'000 workers employed) | Minimum period of absence from work: Non standard minimum period of absence from work","Institutional sector coverage: Private sector only"
"Qatar","ADM-LIR - Qatar Statistics Authority","SDG indicator 8.8.1 - Non-fatal occupational injuries per 100'000 workers","Sex: Total","Migrant status: Migrants","2016",27.576,"Coverage of occupational injuries: Compensated injuries | Type of cases of occupational injuries: Excluding injuries not resulting in some degree of disability | Type of rate: Incidence rate (per 100'000 workers employed) | Minimum period of absence from work: Non standard minimum period of absence from work","Institutional sector coverage: Private sector only"
"Qatar","ADM-LIR - Qatar Statistics Authority","SDG indicator 8.8.1 - Non-fatal occupational injuries per 100'000 workers","Sex: Total","Migrant status: Non migrants","2016",10.846,"Coverage of occupational injuries: Compensated injuries | Type of cases of occupational injuries: Excluding injuries not resulting in some degree of disability | Type of rate: Incidence rate (per 100'000 workers employed) | Minimum period of absence from work: Non standard minimum period of absence from work","Institutional sector coverage: Private sector only"
"Qatar","ADM-LIR - Qatar Statistics Authority","SDG indicator 8.8.1 - Non-fatal occupational injuries per 100'000 workers","Sex: Male","Migrant status: Total","2016",30.591,"Coverage of occupational injuries: Compensated injuries | Type of cases of occupational injuries: Excluding injuries not resulting in some degree of disability | Type of rate: Incidence rate (per 100'000 workers employed) | Minimum period of absence from work: Non standard minimum period of absence from work","Institutional sector coverage: Private sector only"
"Qatar","ADM-LIR - Qatar Statistics Authority","SDG indicator 8.8.1 - Non-fatal occupational injuries per 100'000 workers","Sex: Male","Migrant status: Migrants","2016",31.109,"Coverage of occupational injuries: Compensated injuries | Type of cases of occupational injuries: Excluding injuries not resulting in some degree of disability | Type of rate: Incidence rate (per 100'000 workers employed) | Minimum period of absence from work: Non standard minimum period of absence from work","Institutional sector coverage: Private sector only"
"Qatar","ADM-LIR - Qatar Statistics Authority","SDG indicator 8.8.1 - Non-fatal occupational injuries per 100'000 workers","Sex: Male","Migrant status: Non migrants","2016",16.917,"Coverage of occupational injuries: Compensated injuries | Type of cases of occupational injuries: Excluding injuries not resulting in some degree of disability | Type of rate: Incidence rate (per 100'000 workers employed) | Minimum period of absence from work: Non standard minimum period of absence from work","Institutional sector coverage: Private sector only"
"Qatar","ADM-LIR - Qatar Statistics Authority","SDG indicator 8.8.1 - Non-fatal occupational injuries per 100'000 workers","Sex: Female","Migrant status: Total","2016",1.477,"Coverage of occupational injuries: Compensated injuries | Type of cases of occupational injuries: Excluding injuries not resulting in some degree of disability | Type of rate: Incidence rate (per 100'000 workers employed) | Minimum period of absence from work: Non standard minimum period of absence from work","Institutional sector coverage: Private sector only"
"Qatar","ADM-LIR - Qatar Statistics Authority","SDG indicator 8.8.1 - Non-fatal occupational injuries per 100'000 workers","Sex: Female","Migrant status: Migrants","2016",1.706,"Coverage of occupational injuries: Compensated injuries | Type of cases of occupational injuries: Excluding injuries not resulting in some degree of disability | Type of rate: Incidence rate (per 100'000 workers employed) | Minimum period of absence from work: Non standard minimum period of absence from work","Institutional sector coverage: Private sector only"
"Qatar","ADM-LIR - Qatar Statistics Authority","SDG indicator 8.8.1 - Non-fatal occupational injuries per 100'000 workers","Sex: Female","Migrant status: Non migrants","2016",0,"Coverage of occupational injuries: Compensated injuries | Type of cases of occupational injuries: Excluding injuries not resulting in some degree of disability | Type of rate: Incidence rate (per 100'000 workers employed) | Minimum period of absence from work: Non standard minimum period of absence from work","Institutional sector coverage: Private sector only"
"Qatar","ADM-LIR - Qatar Statistics Authority","SDG indicator 8.8.1 - Non-fatal occupational injuries per 100'000 workers","Sex: Total","Migrant status: Total","2015",1.95,"Coverage of occupational injuries: Compensated injuries | Type of cases of occupational injuries: Excluding injuries not resulting in some degree of disability | Type of rate: Incidence rate (per 100'000 workers employed) | Minimum period of absence from work: Non standard minimum period of absence from work","Institutional sector coverage: Private sector only"
"Qatar","ADM-LIR - Qatar Statistics Authority","SDG indicator 8.8.1 - Non-fatal occupational injuries per 100'000 workers","Sex: Male","Migrant status: Total","2015",2.25,"Coverage of occupational injuries: Compensated injuries | Type of cases of occupational injuries: Excluding injuries not resulting in some degree of disability | Type of rate: Incidence rate (per 100'000 workers employed) | Minimum period of absence from work: Non standard minimum period of absence from work","Institutional sector coverage: Private sector only"
"Qatar","ADM-LIR - Qatar Statistics Authority","SDG indicator 8.8.1 - Non-fatal occupational injuries per 100'000 workers","Sex: Female","Migrant status: Total","2015",0,"Coverage of occupational injuries: Compensated injuries | Type of cases of occupational injuries: Excluding injuries not resulting in some degree of disability | Type of rate: Incidence rate (per 100'000 workers employed) | Minimum period of absence from work: Non standard minimum period of absence from work","Institutional sector coverage: Private sector only"
"Qatar","ADM-LIR - Qatar Statistics Authority","SDG indicator 8.8.1 - Non-fatal occupational injuries per 100'000 workers","Sex: Total","Migrant status: Total","2014",4.92,"Coverage of occupational injuries: Compensated injuries | Type of cases of occupational injuries: Excluding injuries not resulting in some degree of disability | Type of rate: Incidence rate (per 100'000 workers employed) | Minimum period of absence from work: Non standard minimum period of absence from work","Institutional sector coverage: Private sector only"
"Qatar","ADM-LIR - Qatar Statistics Authority","SDG indicator 8.8.1 - Non-fatal occupational injuries per 100'000 workers","Sex: Male","Migrant status: Total","2014",5.6,"Coverage of occupational injuries: Compensated injuries | Type of cases of occupational injuries: Excluding injuries not resulting in some degree of disability | Type of rate: Incidence rate (per 100'000 workers employed) | Minimum period of absence from work: Non standard minimum period of absence from work","Institutional sector coverage: Private sector only"
"Qatar","ADM-LIR - Qatar Statistics Authority","SDG indicator 8.8.1 - Non-fatal occupational injuries per 100'000 workers","Sex: Female","Migrant status: Total","2014",0,"Coverage of occupational injuries: Compensated injuries | Type of cases of occupational injuries: Excluding injuries not resulting in some degree of disability | Type of rate: Incidence rate (per 100'000 workers employed) | Minimum period of absence from work: Non standard minimum period of absence from work","Institutional sector coverage: Private sector only"
"Qatar","ADM-LIR - Qatar Statistics Authority","SDG indicator 8.8.1 - Non-fatal occupational injuries per 100'000 workers","Sex: Total","Migrant status: Total","2013",3.6,"Coverage of occupational injuries: Compensated injuries | Type of cases of occupational injuries: Excluding injuries not resulting in some degree of disability | Type of rate: Incidence rate (per 100'000 workers employed) | Minimum period of absence from work: Non standard minimum period of absence from work","Institutional sector coverage: Private sector only"
"Qatar","ADM-LIR - Qatar Statistics Authority","SDG indicator 8.8.1 - Non-fatal occupational injuries per 100'000 workers","Sex: Male","Migrant status: Total","2013",4.1,"Coverage of occupational injuries: Compensated injuries | Type of cases of occupational injuries: Excluding injuries not resulting in some degree of disability | Type of rate: Incidence rate (per 100'000 workers employed) | Minimum period of absence from work: Non standard minimum period of absence from work","Institutional sector coverage: Private sector only"
"Qatar","ADM-LIR - Qatar Statistics Authority","SDG indicator 8.8.1 - Non-fatal occupational injuries per 100'000 workers","Sex: Female","Migrant status: Total","2013",0,"Coverage of occupational injuries: Compensated injuries | Type of cases of occupational injuries: Excluding injuries not resulting in some degree of disability | Type of rate: Incidence rate (per 100'000 workers employed) | Minimum period of absence from work: Non standard minimum period of absence from work","Institutional sector coverage: Private sector only"
"Réunion","ADM-IR - Insurance Records","SDG indicator 8.8.1 - Non-fatal occupational injuries per 100'000 workers","Sex: Total","Migrant status: Total","2014",1988.58,"Coverage of occupational injuries: Compensated injuries | Type of cases of occupational injuries: Cases of occupational injury | Minimum period of absence from work: Incapacities lasting 1 day or more","Reference group coverage: Insured persons"
"Romania","ADM-LIR - Registration form for Work Accidents","SDG indicator 8.8.1 - Non-fatal occupational injuries per 100'000 workers","Sex: Total","Migrant status: Total","2023",89.816,"Coverage of occupational injuries: Reported injuries | Type of cases of occupational injuries: Cases of occupational injury","Data reference period: End of the year"
"Romania","ADM-LIR - Registration form for Work Accidents","SDG indicator 8.8.1 - Non-fatal occupational injuries per 100'000 workers","Sex: Total","Migrant status: Migrants","2023",32.598,"Coverage of occupational injuries: Reported injuries | Type of cases of occupational injuries: Cases of occupational injury","Data reference period: End of the year"
"Romania","ADM-LIR - Registration form for Work Accidents","SDG indicator 8.8.1 - Non-fatal occupational injuries per 100'000 workers","Sex: Total","Migrant status: Non migrants","2023",90.695,"Coverage of occupational injuries: Reported injuries | Type of cases of occupational injuries: Cases of occupational injury","Data reference period: End of the year"
"Romania","ADM-LIR - Registration form for Work Accidents","SDG indicator 8.8.1 - Non-fatal occupational injuries per 100'000 workers","Sex: Male","Migrant status: Total","2023",106.139,"Coverage of occupational injuries: Reported injuries | Type of cases of occupational injuries: Cases of occupational injury","Data reference period: End of the year"
"Romania","ADM-LIR - Registration form for Work Accidents","SDG indicator 8.8.1 - Non-fatal occupational injuries per 100'000 workers","Sex: Male","Migrant status: Migrants","2023",38.779,"Coverage of occupational injuries: Reported injuries | Type of cases of occupational injuries: Cases of occupational injury","Data reference period: End of the year"
"Romania","ADM-LIR - Registration form for Work Accidents","SDG indicator 8.8.1 - Non-fatal occupational injuries per 100'000 workers","Sex: Male","Migrant status: Non migrants","2023",107.717,"Coverage of occupational injuries: Reported injuries | Type of cases of occupational injuries: Cases of occupational injury","Data reference period: End of the year"
"Romania","ADM-LIR - Registration form for Work Accidents","SDG indicator 8.8.1 - Non-fatal occupational injuries per 100'000 workers","Sex: Female","Migrant status: Total","2023",72.436,"Coverage of occupational injuries: Reported injuries | Type of cases of occupational injuries: Cases of occupational injury","Data reference period: End of the year"
"Romania","ADM-LIR - Registration form for Work Accidents","SDG indicator 8.8.1 - Non-fatal occupational injuries per 100'000 workers","Sex: Female","Migrant status: Migrants","2023",10.61,"Coverage of occupational injuries: Reported injuries | Type of cases of occupational injuries: Cases of occupational injury","Data reference period: End of the year"
"Romania","ADM-LIR - Registration form for Work Accidents","SDG indicator 8.8.1 - Non-fatal occupational injuries per 100'000 workers","Sex: Female","Migrant status: Non migrants","2023",72.862,"Coverage of occupational injuries: Reported injuries | Type of cases of occupational injuries: Cases of occupational injury","Data reference period: End of the year"
"Romania","ADM-LIR - Registration form for Work Accidents","SDG indicator 8.8.1 - Non-fatal occupational injuries per 100'000 workers","Sex: Total","Migrant status: Total","2022",71.08,"Coverage of occupational injuries: Reported injuries | Type of cases of occupational injuries: Cases of occupational injury","Data reference period: End of the year"
"Romania","ADM-LIR - Registration form for Work Accidents","SDG indicator 8.8.1 - Non-fatal occupational injuries per 100'000 workers","Sex: Total","Migrant status: Migrants","2022",0.3,"Coverage of occupational injuries: Reported injuries | Type of cases of occupational injuries: Cases of occupational injury","Data reference period: End of the year"
"Romania","ADM-LIR - Registration form for Work Accidents","SDG indicator 8.8.1 - Non-fatal occupational injuries per 100'000 workers","Sex: Total","Migrant status: Non migrants","2022",70.78,"Coverage of occupational injuries: Reported injuries | Type of cases of occupational injuries: Cases of occupational injury","Data reference period: End of the year"
"Romania","ADM-LIR - Registration form for Work Accidents","SDG indicator 8.8.1 - Non-fatal occupational injuries per 100'000 workers","Sex: Male","Migrant status: Total","2022",45.86,"Coverage of occupational injuries: Reported injuries | Type of cases of occupational injuries: Cases of occupational injury","Data reference period: End of the year"
"Romania","ADM-LIR - Registration form for Work Accidents","SDG indicator 8.8.1 - Non-fatal occupational injuries per 100'000 workers","Sex: Male","Migrant status: Migrants","2022",0.3,"Coverage of occupational injuries: Reported injuries | Type of cases of occupational injuries: Cases of occupational injury","Data reference period: End of the year"
"Romania","ADM-LIR - Registration form for Work Accidents","SDG indicator 8.8.1 - Non-fatal occupational injuries per 100'000 workers","Sex: Male","Migrant status: Non migrants","2022",45.56,"Coverage of occupational injuries: Reported injuries | Type of cases of occupational injuries: Cases of occupational injury","Data reference period: End of the year"
"Romania","ADM-LIR - Registration form for Work Accidents","SDG indicator 8.8.1 - Non-fatal occupational injuries per 100'000 workers","Sex: Female","Migrant status: Total","2022",25.22,"Coverage of occupational injuries: Reported injuries | Type of cases of occupational injuries: Cases of occupational injury","Data reference period: End of the year"
"Romania","ADM-LIR - Registration form for Work Accidents","SDG indicator 8.8.1 - Non-fatal occupational injuries per 100'000 workers","Sex: Female","Migrant status: Migrants","2022",0,"Coverage of occupational injuries: Reported injuries | Type of cases of occupational injuries: Cases of occupational injury","Data reference period: End of the year"
"Romania","ADM-LIR - Registration form for Work Accidents","SDG indicator 8.8.1 - Non-fatal occupational injuries per 100'000 workers","Sex: Female","Migrant status: Non migrants","2022",25.22,"Coverage of occupational injuries: Reported injuries | Type of cases of occupational injuries: Cases of occupational injury","Data reference period: End of the year"
"Romania","ADM-LIR - Registration form for Work Accidents","SDG indicator 8.8.1 - Non-fatal occupational injuries per 100'000 workers","Sex: Total","Migrant status: Total","2021",71.37,"Coverage of occupational injuries: Reported injuries | Type of cases of occupational injuries: Cases of occupational injury","Data reference period: End of the year"
"Romania","ADM-LIR - Registration form for Work Accidents","SDG indicator 8.8.1 - Non-fatal occupational injuries per 100'000 workers","Sex: Total","Migrant status: Total","2020",72.88,"Coverage of occupational injuries: Reported injuries | Type of cases of occupational injuries: Cases of occupational injury","Data reference period: End of the year"
"Romania","ADM-LIR - Registration form for Work Accidents","SDG indicator 8.8.1 - Non-fatal occupational injuries per 100'000 workers","Sex: Total","Migrant status: Total","2019",85.91,"Coverage of occupational injuries: Reported injuries | Type of cases of occupational injuries: Including cases of injury due to commuting accidents","Repository: ILO calculations based on Eurostat data"
"Romania","ADM-LIR - Registration form for Work Accidents","SDG indicator 8.8.1 - Non-fatal occupational injuries per 100'000 workers","Sex: Total","Migrant status: Total","2018",85.2,"Coverage of occupational injuries: Reported injuries | Type of cases of occupational injuries: Including cases of injury due to commuting accidents","Repository: ILO calculations based on Eurostat data"
"Romania","ADM-LIR - Registration form for Work Accidents","SDG indicator 8.8.1 - Non-fatal occupational injuries per 100'000 workers","Sex: Total","Migrant status: Total","2017",83.6,"Coverage of occupational injuries: Reported injuries | Type of cases of occupational injuries: Including cases of injury due to commuting accidents","Repository: ILO calculations based on Eurostat data"
"Romania","ADM-LIR - Registration form for Work Accidents","SDG indicator 8.8.1 - Non-fatal occupational injuries per 100'000 workers","Sex: Total","Migrant status: Total","2016",82.38,"Coverage of occupational injuries: Reported injuries | Type of cases of occupational injuries: Cases of occupational injury","Data reference period: End of the year"
"Romania","ADM-LIR - Registration form for Work Accidents","SDG indicator 8.8.1 - Non-fatal occupational injuries per 100'000 workers","Sex: Total","Migrant status: Total","2015",81.05,"Coverage of occupational injuries: Reported injuries | Type of cases of occupational injuries: Including cases of injury due to commuting accidents","Repository: ILO calculations based on Eurostat data"
"Romania","ADM-LIR - Registration form for Work Accidents","SDG indicator 8.8.1 - Non-fatal occupational injuries per 100'000 workers","Sex: Total","Migrant status: Total","2014",71.59,"Coverage of occupational injuries: Reported injuries | Type of cases of occupational injuries: Including cases of injury due to commuting accidents","Repository: ILO calculations based on Eurostat data"
"Romania","ADM-LIR - Registration form for Work Accidents","SDG indicator 8.8.1 - Non-fatal occupational injuries per 100'000 workers","Sex: Total","Migrant status: Total","2013",72.64,"Coverage of occupational injuries: Reported injuries | Type of cases of occupational injuries: Including cases of injury due to commuting accidents","Repository: ILO calculations based on Eurostat data"
"Russian Federation","ADM-RWO - Information on Injuries in the Workplace and Occupational diseases","SDG indicator 8.8.1 - Non-fatal occupational injuries per 100'000 workers","Sex: Total","Migrant status: Total","2022",96,"Coverage of occupational injuries: Reported injuries | Type of cases of occupational injuries: Cases of occupational injury","Data reference period: October"
"Russian Federation","ADM-RWO - Information on Injuries in the Workplace and Occupational diseases","SDG indicator 8.8.1 - Non-fatal occupational injuries per 100'000 workers","Sex: Male","Migrant status: Total","2022",114,"Coverage of occupational injuries: Reported injuries | Type of cases of occupational injuries: Cases of occupational injury","Data reference period: October"
"Russian Federation","ADM-RWO - Information on Injuries in the Workplace and Occupational diseases","SDG indicator 8.8.1 - Non-fatal occupational injuries per 100'000 workers","Sex: Female","Migrant status: Total","2022",70,"Coverage of occupational injuries: Reported injuries | Type of cases of occupational injuries: Cases of occupational injury","Data reference period: October"
"Russian Federation","ADM-RWO - Information on Injuries in the Workplace and Occupational diseases","SDG indicator 8.8.1 - Non-fatal occupational injuries per 100'000 workers","Sex: Total","Migrant status: Total","2021",102,"Coverage of occupational injuries: Reported injuries | Type of cases of occupational injuries: Cases of occupational injury","Data reference period: October"
"Russian Federation","ADM-RWO - Information on Injuries in the Workplace and Occupational diseases","SDG indicator 8.8.1 - Non-fatal occupational injuries per 100'000 workers","Sex: Male","Migrant status: Total","2021",121,"Coverage of occupational injuries: Reported injuries | Type of cases of occupational injuries: Cases of occupational injury","Data reference period: October"
"Russian Federation","ADM-RWO - Information on Injuries in the Workplace and Occupational diseases","SDG indicator 8.8.1 - Non-fatal occupational injuries per 100'000 workers","Sex: Female","Migrant status: Total","2021",76,"Coverage of occupational injuries: Reported injuries | Type of cases of occupational injuries: Cases of occupational injury","Data reference period: October"
"Russian Federation","ADM-RWO - Information on Injuries in the Workplace and Occupational diseases","SDG indicator 8.8.1 - Non-fatal occupational injuries per 100'000 workers","Sex: Total","Migrant status: Total","2020",97.18,"Coverage of occupational injuries: Reported injuries | Type of cases of occupational injuries: Cases of occupational injury",
"Russian Federation","ADM-RWO - Information on Injuries in the Workplace and Occupational diseases","SDG indicator 8.8.1 - Non-fatal occupational injuries per 100'000 workers","Sex: Male","Migrant status: Total","2020",114.9,"Coverage of occupational injuries: Reported injuries | Type of cases of occupational injuries: Cases of occupational injury",
"Russian Federation","ADM-RWO - Information on Injuries in the Workplace and Occupational diseases","SDG indicator 8.8.1 - Non-fatal occupational injuries per 100'000 workers","Sex: Female","Migrant status: Total","2020",72.33,"Coverage of occupational injuries: Reported injuries | Type of cases of occupational injuries: Cases of occupational injury",
"Russian Federation","ADM-RWO - Information on Injuries in the Workplace and Occupational diseases","SDG indicator 8.8.1 - Non-fatal occupational injuries per 100'000 workers","Sex: Total","Migrant status: Total","2019",111.63,"Coverage of occupational injuries: Reported injuries | Type of cases of occupational injuries: Cases of occupational injury",
"Russian Federation","ADM-RWO - Information on Injuries in the Workplace and Occupational diseases","SDG indicator 8.8.1 - Non-fatal occupational injuries per 100'000 workers","Sex: Male","Migrant status: Total","2019",133.32,"Coverage of occupational injuries: Reported injuries | Type of cases of occupational injuries: Cases of occupational injury",
"Russian Federation","ADM-RWO - Information on Injuries in the Workplace and Occupational diseases","SDG indicator 8.8.1 - Non-fatal occupational injuries per 100'000 workers","Sex: Female","Migrant status: Total","2019",82.29,"Coverage of occupational injuries: Reported injuries | Type of cases of occupational injuries: Cases of occupational injury",
"Russian Federation","ADM-RWO - Information on Injuries in the Workplace and Occupational diseases","SDG indicator 8.8.1 - Non-fatal occupational injuries per 100'000 workers","Sex: Total","Migrant status: Total","2018",113.21,"Coverage of occupational injuries: Reported injuries | Type of cases of occupational injuries: Cases of occupational injury",
"Russian Federation","ADM-RWO - Information on Injuries in the Workplace and Occupational diseases","SDG indicator 8.8.1 - Non-fatal occupational injuries per 100'000 workers","Sex: Male","Migrant status: Total","2018",138.13,"Coverage of occupational injuries: Reported injuries | Type of cases of occupational injuries: Cases of occupational injury",
"Russian Federation","ADM-RWO - Information on Injuries in the Workplace and Occupational diseases","SDG indicator 8.8.1 - Non-fatal occupational injuries per 100'000 workers","Sex: Female","Migrant status: Total","2018",80.71,"Coverage of occupational injuries: Reported injuries | Type of cases of occupational injuries: Cases of occupational injury",
"Russian Federation","ADM-RWO - Information on Injuries in the Workplace and Occupational diseases","SDG indicator 8.8.1 - Non-fatal occupational injuries per 100'000 workers","Sex: Total","Migrant status: Total","2017",120.52,"Coverage of occupational injuries: Reported injuries | Type of cases of occupational injuries: Cases of occupational injury",
"Russian Federation","ADM-RWO - Information on Injuries in the Workplace and Occupational diseases","SDG indicator 8.8.1 - Non-fatal occupational injuries per 100'000 workers","Sex: Male","Migrant status: Total","2017",146.57,"Coverage of occupational injuries: Reported injuries | Type of cases of occupational injuries: Cases of occupational injury",
"Russian Federation","ADM-RWO - Information on Injuries in the Workplace and Occupational diseases","SDG indicator 8.8.1 - Non-fatal occupational injuries per 100'000 workers","Sex: Female","Migrant status: Total","2017",87.22,"Coverage of occupational injuries: Reported injuries | Type of cases of occupational injuries: Cases of occupational injury",
"Russian Federation","ADM-RWO - Information on Injuries in the Workplace and Occupational diseases","SDG indicator 8.8.1 - Non-fatal occupational injuries per 100'000 workers","Sex: Total","Migrant status: Total","2016",122.33,"Coverage of occupational injuries: Reported injuries | Type of cases of occupational injuries: Cases of occupational injury","Data reference period: October"
"Russian Federation","ADM-RWO - Information on Injuries in the Workplace and Occupational diseases","SDG indicator 8.8.1 - Non-fatal occupational injuries per 100'000 workers","Sex: Total","Migrant status: Total","2015",128.81,"Coverage of occupational injuries: Reported injuries | Type of cases of occupational injuries: Cases of occupational injury","Data reference period: October"
"Russian Federation","ADM-RWO - Information on Injuries in the Workplace and Occupational diseases","SDG indicator 8.8.1 - Non-fatal occupational injuries per 100'000 workers","Sex: Male","Migrant status: Total","2015",158.08,"Coverage of occupational injuries: Reported injuries | Type of cases of occupational injuries: Cases of occupational injury","Data reference period: October"
"Russian Federation","ADM-RWO - Information on Injuries in the Workplace and Occupational diseases","SDG indicator 8.8.1 - Non-fatal occupational injuries per 100'000 workers","Sex: Female","Migrant status: Total","2015",91.72,"Coverage of occupational injuries: Reported injuries | Type of cases of occupational injuries: Cases of occupational injury","Data reference period: October"
"Russian Federation","ADM-RWO - Information on Injuries in the Workplace and Occupational diseases","SDG indicator 8.8.1 - Non-fatal occupational injuries per 100'000 workers","Sex: Total","Migrant status: Total","2014",137.93,"Coverage of occupational injuries: Reported injuries | Type of cases of occupational injuries: Cases of occupational injury","Data reference period: October"
"Russian Federation","ADM-RWO - Information on Injuries in the Workplace and Occupational diseases","SDG indicator 8.8.1 - Non-fatal occupational injuries per 100'000 workers","Sex: Male","Migrant status: Total","2014",168.36,"Coverage of occupational injuries: Reported injuries | Type of cases of occupational injuries: Cases of occupational injury","Data reference period: October"
"Russian Federation","ADM-RWO - Information on Injuries in the Workplace and Occupational diseases","SDG indicator 8.8.1 - Non-fatal occupational injuries per 100'000 workers","Sex: Female","Migrant status: Total","2014",98.33,"Coverage of occupational injuries: Reported injuries | Type of cases of occupational injuries: Cases of occupational injury","Data reference period: October"
"Russian Federation","ADM-RWO - Information on Injuries in the Workplace and Occupational diseases","SDG indicator 8.8.1 - Non-fatal occupational injuries per 100'000 workers","Sex: Total","Migrant status: Total","2013",159.16,"Coverage of occupational injuries: Reported injuries | Type of cases of occupational injuries: Cases of occupational injury","Data reference period: October"
"Russian Federation","ADM-RWO - Information on Injuries in the Workplace and Occupational diseases","SDG indicator 8.8.1 - Non-fatal occupational injuries per 100'000 workers","Sex: Male","Migrant status: Total","2013",195.83,"Coverage of occupational injuries: Reported injuries | Type of cases of occupational injuries: Cases of occupational injury","Data reference period: October"
"Russian Federation","ADM-RWO - Information on Injuries in the Workplace and Occupational diseases","SDG indicator 8.8.1 - Non-fatal occupational injuries per 100'000 workers","Sex: Female","Migrant status: Total","2013",112.44,"Coverage of occupational injuries: Reported injuries | Type of cases of occupational injuries: Cases of occupational injury","Data reference period: October"
"Singapore","ADM-LIR - Administrative records and related sources","SDG indicator 8.8.1 - Non-fatal occupational injuries per 100'000 workers","Sex: Total","Migrant status: Total","2023",622,"Coverage of occupational injuries: Reported injuries | Type of cases of occupational injuries: Cases of occupational injury","Data reference period: End of the year | Reference group coverage: Excluding employees in private domestic services"
"Singapore","ADM-LIR - Administrative records and related sources","SDG indicator 8.8.1 - Non-fatal occupational injuries per 100'000 workers","Sex: Total","Migrant status: Total","2022",613,"Coverage of occupational injuries: Reported injuries | Type of cases of occupational injuries: Cases of occupational injury | Break in series: Change in definition or concept","Data reference period: End of the year | Reference group coverage: Excluding employees in private domestic services"
"Singapore","ADM-LIR - Administrative records and related sources","SDG indicator 8.8.1 - Non-fatal occupational injuries per 100'000 workers","Sex: Total","Migrant status: Total","2021",386,"Coverage of occupational injuries: Reported injuries | Type of cases of occupational injuries: Cases of occupational injury | Break in series: Change in definition or concept","Data reference period: End of the year | Reference group coverage: Excluding employees in private domestic services"
"Singapore","ADM-LIR - Administrative records and related sources","SDG indicator 8.8.1 - Non-fatal occupational injuries per 100'000 workers","Sex: Total","Migrant status: Total","2020",343,"Coverage of occupational injuries: Reported injuries, excluding those with less than four days of medical leave or less than 24 hours of hospitalization | Type of cases of occupational injuries: Cases of occupational injury","Data reference period: End of the year | Reference group coverage: Excluding employees in private domestic services"
"Singapore","ADM-LIR - Administrative records and related sources","SDG indicator 8.8.1 - Non-fatal occupational injuries per 100'000 workers","Sex: Total","Migrant status: Total","2019",395,"Coverage of occupational injuries: Reported injuries, excluding those with less than four days of medical leave or less than 24 hours of hospitalization | Type of cases of occupational injuries: Cases of occupational injury","Data reference period: End of the year | Reference group coverage: Excluding employees in private domestic services"
"Singapore","ADM-LIR - Administrative records and related sources","SDG indicator 8.8.1 - Non-fatal occupational injuries per 100'000 workers","Sex: Total","Migrant status: Total","2018",372,"Coverage of occupational injuries: Reported injuries, excluding those with less than four days of medical leave or less than 24 hours of hospitalization | Type of cases of occupational injuries: Cases of occupational injury","Employment definition: Excluding own-use production workers | Data reference period: End of the year | Reference group coverage: Excluding employees in private domestic services"
"Singapore","ADM-LIR - Administrative records and related sources","SDG indicator 8.8.1 - Non-fatal occupational injuries per 100'000 workers","Sex: Total","Migrant status: Total","2017",368,"Coverage of occupational injuries: Reported injuries, excluding those with less than four days of medical leave or less than 24 hours of hospitalization | Type of cases of occupational injuries: Cases of occupational injury","Employment definition: Excluding own-use production workers | Data reference period: End of the year | Reference group coverage: Excluding employees in private domestic services"
"Singapore","ADM-LIR - Administrative records and related sources","SDG indicator 8.8.1 - Non-fatal occupational injuries per 100'000 workers","Sex: Total","Migrant status: Total","2016",380,"Coverage of occupational injuries: Reported injuries, excluding those with less than four days of medical leave or less than 24 hours of hospitalization | Type of cases of occupational injuries: Cases of occupational injury","Data reference period: End of the year | Reference group coverage: Excluding employees in private domestic services"
"Singapore","ADM-LIR - Administrative records and related sources","SDG indicator 8.8.1 - Non-fatal occupational injuries per 100'000 workers","Sex: Total","Migrant status: Total","2015",362,"Coverage of occupational injuries: Reported injuries | Type of cases of occupational injuries: Cases of occupational injury | Type of rate: Incidence rate (per 100'000 workers employed) | Minimum period of absence from work: Incapacities lasting more than 3 days","Data reference period: End of the year | Reference group coverage: Excluding employees in private domestic services"
"Singapore","ADM-LIR - Administrative records and related sources","SDG indicator 8.8.1 - Non-fatal occupational injuries per 100'000 workers","Sex: Total","Migrant status: Total","2014",403,"Coverage of occupational injuries: Reported injuries | Type of cases of occupational injuries: Cases of occupational injury | Type of rate: Incidence rate (per 100'000 workers employed) | Minimum period of absence from work: Incapacities lasting more than 3 days","Data reference period: End of the year | Reference group coverage: Excluding employees in private domestic services"
"Slovakia","ADM-LIR - Administrative data from the National Labour Inspectorate","SDG indicator 8.8.1 - Non-fatal occupational injuries per 100'000 workers","Sex: Total","Migrant status: Total","2023",343.28,"Coverage of occupational injuries: Reported injuries | Type of cases of occupational injuries: Cases of occupational injury","Data reference period: End of the year | Reference group coverage: Employees"
"Slovakia","ADM-LIR - Administrative data from the National Labour Inspectorate","SDG indicator 8.8.1 - Non-fatal occupational injuries per 100'000 workers","Sex: Male","Migrant status: Total","2023",434.55,"Coverage of occupational injuries: Reported injuries | Type of cases of occupational injuries: Cases of occupational injury","Data reference period: End of the year | Reference group coverage: Employees"
"Slovakia","ADM-LIR - Administrative data from the National Labour Inspectorate","SDG indicator 8.8.1 - Non-fatal occupational injuries per 100'000 workers","Sex: Female","Migrant status: Total","2023",254.8,"Coverage of occupational injuries: Reported injuries | Type of cases of occupational injuries: Cases of occupational injury","Data reference period: End of the year | Reference group coverage: Employees"
"Slovakia","ADM-LIR - Administrative data from the National Labour Inspectorate","SDG indicator 8.8.1 - Non-fatal occupational injuries per 100'000 workers","Sex: Total","Migrant status: Total","2022",327.67,"Coverage of occupational injuries: Reported injuries | Type of cases of occupational injuries: Cases of occupational injury","Data reference period: End of the year | Reference group coverage: Employees"
"Slovakia","ADM-LIR - Administrative data from the National Labour Inspectorate","SDG indicator 8.8.1 - Non-fatal occupational injuries per 100'000 workers","Sex: Male","Migrant status: Total","2022",418.83,"Coverage of occupational injuries: Reported injuries | Type of cases of occupational injuries: Cases of occupational injury","Data reference period: End of the year | Reference group coverage: Employees"
"Slovakia","ADM-LIR - Administrative data from the National Labour Inspectorate","SDG indicator 8.8.1 - Non-fatal occupational injuries per 100'000 workers","Sex: Female","Migrant status: Total","2022",238.28,"Coverage of occupational injuries: Reported injuries | Type of cases of occupational injuries: Cases of occupational injury","Data reference period: End of the year | Reference group coverage: Employees"
"Slovakia","ADM-LIR - Administrative data from the National Labour Inspectorate","SDG indicator 8.8.1 - Non-fatal occupational injuries per 100'000 workers","Sex: Total","Migrant status: Total","2021",359.24,"Coverage of occupational injuries: Reported injuries | Type of cases of occupational injuries: Cases of occupational injury","Data reference period: End of the year | Reference group coverage: Employees"
"Slovakia","ADM-LIR - Administrative data from the National Labour Inspectorate","SDG indicator 8.8.1 - Non-fatal occupational injuries per 100'000 workers","Sex: Male","Migrant status: Total","2021",467.34,"Coverage of occupational injuries: Reported injuries | Type of cases of occupational injuries: Cases of occupational injury","Data reference period: End of the year | Reference group coverage: Employees"
"Slovakia","ADM-LIR - Administrative data from the National Labour Inspectorate","SDG indicator 8.8.1 - Non-fatal occupational injuries per 100'000 workers","Sex: Female","Migrant status: Total","2021",252.69,"Coverage of occupational injuries: Reported injuries | Type of cases of occupational injuries: Cases of occupational injury","Data reference period: End of the year | Reference group coverage: Employees"
"Slovakia","ADM-LIR - Administrative data from the National Labour Inspectorate","SDG indicator 8.8.1 - Non-fatal occupational injuries per 100'000 workers","Sex: Total","Migrant status: Total","2020",351.77,"Coverage of occupational injuries: Reported injuries | Type of cases of occupational injuries: Cases of occupational injury","Data reference period: End of the year | Reference group coverage: Employees"
"Slovakia","ADM-LIR - Administrative data from the National Labour Inspectorate","SDG indicator 8.8.1 - Non-fatal occupational injuries per 100'000 workers","Sex: Male","Migrant status: Total","2020",445.49,"Coverage of occupational injuries: Reported injuries | Type of cases of occupational injuries: Cases of occupational injury","Data reference period: End of the year | Reference group coverage: Employees"
"Slovakia","ADM-LIR - Administrative data from the National Labour Inspectorate","SDG indicator 8.8.1 - Non-fatal occupational injuries per 100'000 workers","Sex: Female","Migrant status: Total","2020",250.36,"Coverage of occupational injuries: Reported injuries | Type of cases of occupational injuries: Cases of occupational injury","Data reference period: End of the year | Reference group coverage: Employees"
"Slovakia","ADM-LIR - Administrative data from the National Labour Inspectorate","SDG indicator 8.8.1 - Non-fatal occupational injuries per 100'000 workers","Sex: Total","Migrant status: Total","2019",440.39,"Coverage of occupational injuries: Reported injuries","Repository: ILO calculations based on Eurostat data | Reference group coverage: Employees"
"Slovakia","ADM-LIR - Administrative data from the National Labour Inspectorate","SDG indicator 8.8.1 - Non-fatal occupational injuries per 100'000 workers","Sex: Total","Migrant status: Total","2018",463.74,"Coverage of occupational injuries: Reported injuries","Repository: ILO calculations based on Eurostat data | Reference group coverage: Employees"
"Slovakia","ADM-LIR - Administrative data from the National Labour Inspectorate","SDG indicator 8.8.1 - Non-fatal occupational injuries per 100'000 workers","Sex: Total","Migrant status: Total","2017",470.41,"Coverage of occupational injuries: Reported injuries","Repository: ILO calculations based on Eurostat data | Reference group coverage: Employees"
"Slovakia","ADM-LIR - Administrative data from the National Labour Inspectorate","SDG indicator 8.8.1 - Non-fatal occupational injuries per 100'000 workers","Sex: Total","Migrant status: Total","2016",441,"Coverage of occupational injuries: Reported injuries | Type of cases of occupational injuries: Cases of occupational injury","Data reference period: End of the year | Reference group coverage: Employees"
"Slovakia","ADM-LIR - Administrative data from the National Labour Inspectorate","SDG indicator 8.8.1 - Non-fatal occupational injuries per 100'000 workers","Sex: Male","Migrant status: Total","2016",548,"Coverage of occupational injuries: Reported injuries | Type of cases of occupational injuries: Cases of occupational injury","Data reference period: End of the year | Reference group coverage: Employees"
"Slovakia","ADM-LIR - Administrative data from the National Labour Inspectorate","SDG indicator 8.8.1 - Non-fatal occupational injuries per 100'000 workers","Sex: Female","Migrant status: Total","2016",322,"Coverage of occupational injuries: Reported injuries | Type of cases of occupational injuries: Cases of occupational injury","Data reference period: End of the year | Reference group coverage: Employees"
"Slovakia","ADM-LIR - Administrative data from the National Labour Inspectorate","SDG indicator 8.8.1 - Non-fatal occupational injuries per 100'000 workers","Sex: Total","Migrant status: Total","2015",449.73,"Coverage of occupational injuries: Reported injuries","Repository: ILO calculations based on Eurostat data | Reference group coverage: Employees"
"Slovakia","ADM-LIR - Administrative data from the National Labour Inspectorate","SDG indicator 8.8.1 - Non-fatal occupational injuries per 100'000 workers","Sex: Total","Migrant status: Total","2014",361.9,"Coverage of occupational injuries: Reported injuries","Repository: ILO calculations based on Eurostat data | Reference group coverage: Employees"
"Slovakia","ADM-LIR - Administrative data from the National Labour Inspectorate","SDG indicator 8.8.1 - Non-fatal occupational injuries per 100'000 workers","Sex: Total","Migrant status: Total","2013",375.27,"Coverage of occupational injuries: Reported injuries","Repository: ILO calculations based on Eurostat data | Reference group coverage: Employees"
"Slovenia","ADM - Compensated Injuries at Work Database Institute of Public Health of Republic of Slovenia","SDG indicator 8.8.1 - Non-fatal occupational injuries per 100'000 workers","Sex: Total","Migrant status: Total","2022",1814.776,"Coverage of occupational injuries: Reported injuries | Type of cases of occupational injuries: Including cases of injury due to commuting accidents",
"Slovenia","ADM - Compensated Injuries at Work Database Institute of Public Health of Republic of Slovenia","SDG indicator 8.8.1 - Non-fatal occupational injuries per 100'000 workers","Sex: Male","Migrant status: Total","2022",1890.647,"Coverage of occupational injuries: Reported injuries | Type of cases of occupational injuries: Including cases of injury due to commuting accidents",
"Slovenia","ADM - Compensated Injuries at Work Database Institute of Public Health of Republic of Slovenia","SDG indicator 8.8.1 - Non-fatal occupational injuries per 100'000 workers","Sex: Female","Migrant status: Total","2022",1720.477,"Coverage of occupational injuries: Reported injuries | Type of cases of occupational injuries: Including cases of injury due to commuting accidents",
"Slovenia","ADM - Compensated Injuries at Work Database Institute of Public Health of Republic of Slovenia","SDG indicator 8.8.1 - Non-fatal occupational injuries per 100'000 workers","Sex: Total","Migrant status: Total","2021",1599.366,"Coverage of occupational injuries: Reported injuries | Type of cases of occupational injuries: Including cases of injury due to commuting accidents",
"Slovenia","ADM - Compensated Injuries at Work Database Institute of Public Health of Republic of Slovenia","SDG indicator 8.8.1 - Non-fatal occupational injuries per 100'000 workers","Sex: Male","Migrant status: Total","2021",1900.164,"Coverage of occupational injuries: Reported injuries | Type of cases of occupational injuries: Including cases of injury due to commuting accidents",
"Slovenia","ADM - Compensated Injuries at Work Database Institute of Public Health of Republic of Slovenia","SDG indicator 8.8.1 - Non-fatal occupational injuries per 100'000 workers","Sex: Female","Migrant status: Total","2021",1227.09,"Coverage of occupational injuries: Reported injuries | Type of cases of occupational injuries: Including cases of injury due to commuting accidents",
"Slovenia","ADM - Compensated Injuries at Work Database Institute of Public Health of Republic of Slovenia","SDG indicator 8.8.1 - Non-fatal occupational injuries per 100'000 workers","Sex: Total","Migrant status: Total","2020",1867.773,"Coverage of occupational injuries: Reported injuries | Type of cases of occupational injuries: Including cases of injury due to commuting accidents",
"Slovenia","ADM - Compensated Injuries at Work Database Institute of Public Health of Republic of Slovenia","SDG indicator 8.8.1 - Non-fatal occupational injuries per 100'000 workers","Sex: Male","Migrant status: Total","2020",1918.141,"Coverage of occupational injuries: Reported injuries | Type of cases of occupational injuries: Including cases of injury due to commuting accidents",
"Slovenia","ADM - Compensated Injuries at Work Database Institute of Public Health of Republic of Slovenia","SDG indicator 8.8.1 - Non-fatal occupational injuries per 100'000 workers","Sex: Female","Migrant status: Total","2020",1805.472,"Coverage of occupational injuries: Reported injuries | Type of cases of occupational injuries: Including cases of injury due to commuting accidents",
"Slovenia","ADM - Compensated Injuries at Work Database Institute of Public Health of Republic of Slovenia","SDG indicator 8.8.1 - Non-fatal occupational injuries per 100'000 workers","Sex: Total","Migrant status: Total","2019",1518.469,"Coverage of occupational injuries: Reported injuries | Type of cases of occupational injuries: Including cases of injury due to commuting accidents",
"Slovenia","ADM - Compensated Injuries at Work Database Institute of Public Health of Republic of Slovenia","SDG indicator 8.8.1 - Non-fatal occupational injuries per 100'000 workers","Sex: Male","Migrant status: Total","2019",2021.685,"Coverage of occupational injuries: Reported injuries | Type of cases of occupational injuries: Including cases of injury due to commuting accidents",
"Slovenia","ADM - Compensated Injuries at Work Database Institute of Public Health of Republic of Slovenia","SDG indicator 8.8.1 - Non-fatal occupational injuries per 100'000 workers","Sex: Female","Migrant status: Total","2019",896.894,"Coverage of occupational injuries: Reported injuries | Type of cases of occupational injuries: Including cases of injury due to commuting accidents",
"Slovenia","ADM - Compensated Injuries at Work Database Institute of Public Health of Republic of Slovenia","SDG indicator 8.8.1 - Non-fatal occupational injuries per 100'000 workers","Sex: Total","Migrant status: Total","2018",1460.6,"Coverage of occupational injuries: Reported injuries | Type of cases of occupational injuries: Including cases of injury due to commuting accidents","Repository: ILO calculations based on Eurostat data"
"Slovenia","ADM - Compensated Injuries at Work Database Institute of Public Health of Republic of Slovenia","SDG indicator 8.8.1 - Non-fatal occupational injuries per 100'000 workers","Sex: Total","Migrant status: Total","2017",1534.73,"Coverage of occupational injuries: Reported injuries | Type of cases of occupational injuries: Including cases of injury due to commuting accidents","Repository: ILO calculations based on Eurostat data"
"Slovenia","ADM - Compensated Injuries at Work Database Institute of Public Health of Republic of Slovenia","SDG indicator 8.8.1 - Non-fatal occupational injuries per 100'000 workers","Sex: Total","Migrant status: Total","2016",1431.14,"Coverage of occupational injuries: Reported injuries | Type of cases of occupational injuries: Including cases of injury due to commuting accidents","Repository: ILO calculations based on Eurostat data"
"Slovenia","ADM - Compensated Injuries at Work Database Institute of Public Health of Republic of Slovenia","SDG indicator 8.8.1 - Non-fatal occupational injuries per 100'000 workers","Sex: Total","Migrant status: Total","2015",1511.55,"Coverage of occupational injuries: Reported injuries | Type of cases of occupational injuries: Including cases of injury due to commuting accidents","Repository: ILO calculations based on Eurostat data"
"Slovenia","ADM - Compensated Injuries at Work Database Institute of Public Health of Republic of Slovenia","SDG indicator 8.8.1 - Non-fatal occupational injuries per 100'000 workers","Sex: Total","Migrant status: Total","2014",1521.04,"Coverage of occupational injuries: Reported injuries | Type of cases of occupational injuries: Including cases of injury due to commuting accidents","Repository: ILO calculations based on Eurostat data"
"Slovenia","ADM - Compensated Injuries at Work Database Institute of Public Health of Republic of Slovenia","SDG indicator 8.8.1 - Non-fatal occupational injuries per 100'000 workers","Sex: Male","Migrant status: Total","2014",2086.54,"Coverage of occupational injuries: Reported injuries | Type of cases of occupational injuries: Including cases of injury due to commuting accidents","Repository: ILO calculations based on Eurostat data"
"Slovenia","ADM - Compensated Injuries at Work Database Institute of Public Health of Republic of Slovenia","SDG indicator 8.8.1 - Non-fatal occupational injuries per 100'000 workers","Sex: Female","Migrant status: Total","2014",826.34,"Coverage of occupational injuries: Reported injuries | Type of cases of occupational injuries: Including cases of injury due to commuting accidents","Repository: ILO calculations based on Eurostat data"
"Slovenia","ADM - Compensated Injuries at Work Database Institute of Public Health of Republic of Slovenia","SDG indicator 8.8.1 - Non-fatal occupational injuries per 100'000 workers","Sex: Total","Migrant status: Total","2013",1572.41,"Coverage of occupational injuries: Reported injuries | Type of cases of occupational injuries: Including cases of injury due to commuting accidents","Repository: ILO calculations based on Eurostat data"
"Slovenia","ADM - Compensated Injuries at Work Database Institute of Public Health of Republic of Slovenia","SDG indicator 8.8.1 - Non-fatal occupational injuries per 100'000 workers","Sex: Male","Migrant status: Total","2013",2144.32,"Coverage of occupational injuries: Reported injuries | Type of cases of occupational injuries: Including cases of injury due to commuting accidents","Repository: ILO calculations based on Eurostat data"
"Slovenia","ADM - Compensated Injuries at Work Database Institute of Public Health of Republic of Slovenia","SDG indicator 8.8.1 - Non-fatal occupational injuries per 100'000 workers","Sex: Female","Migrant status: Total","2013",872.14,"Coverage of occupational injuries: Reported injuries | Type of cases of occupational injuries: Including cases of injury due to commuting accidents","Repository: ILO calculations based on Eurostat data"
"Sweden","ADM - Swedish injury database","SDG indicator 8.8.1 - Non-fatal occupational injuries per 100'000 workers","Sex: Total","Migrant status: Total","2023",737.2,"Coverage of occupational injuries: Reported injuries | Type of cases of occupational injuries: Cases of occupational injury",
"Sweden","ADM - Swedish injury database","SDG indicator 8.8.1 - Non-fatal occupational injuries per 100'000 workers","Sex: Male","Migrant status: Total","2023",790,"Coverage of occupational injuries: Reported injuries | Type of cases of occupational injuries: Cases of occupational injury",
"Sweden","ADM - Swedish injury database","SDG indicator 8.8.1 - Non-fatal occupational injuries per 100'000 workers","Sex: Female","Migrant status: Total","2023",679.7,"Coverage of occupational injuries: Reported injuries | Type of cases of occupational injuries: Cases of occupational injury",
"Sweden","ADM - Swedish injury database","SDG indicator 8.8.1 - Non-fatal occupational injuries per 100'000 workers","Sex: Total","Migrant status: Total","2022",689.2,"Coverage of occupational injuries: Reported injuries | Type of cases of occupational injuries: Cases of occupational injury",
"Sweden","ADM - Swedish injury database","SDG indicator 8.8.1 - Non-fatal occupational injuries per 100'000 workers","Sex: Male","Migrant status: Total","2022",765.1,"Coverage of occupational injuries: Reported injuries | Type of cases of occupational injuries: Cases of occupational injury",
"Sweden","ADM - Swedish injury database","SDG indicator 8.8.1 - Non-fatal occupational injuries per 100'000 workers","Sex: Female","Migrant status: Total","2022",607.4,"Coverage of occupational injuries: Reported injuries | Type of cases of occupational injuries: Cases of occupational injury",
"Sweden","ADM - Swedish injury database","SDG indicator 8.8.1 - Non-fatal occupational injuries per 100'000 workers","Sex: Total","Migrant status: Total","2021",800.5,"Coverage of occupational injuries: Reported injuries | Type of cases of occupational injuries: Cases of occupational injury",
"Sweden","ADM - Swedish injury database","SDG indicator 8.8.1 - Non-fatal occupational injuries per 100'000 workers","Sex: Male","Migrant status: Total","2021",815.3,"Coverage of occupational injuries: Reported injuries | Type of cases of occupational injuries: Cases of occupational injury",
"Sweden","ADM - Swedish injury database","SDG indicator 8.8.1 - Non-fatal occupational injuries per 100'000 workers","Sex: Female","Migrant status: Total","2021",784.5,"Coverage of occupational injuries: Reported injuries | Type of cases of occupational injuries: Cases of occupational injury",
"Sweden","ADM - Swedish injury database","SDG indicator 8.8.1 - Non-fatal occupational injuries per 100'000 workers","Sex: Total","Migrant status: Total","2020",663.2,"Coverage of occupational injuries: Reported injuries | Type of cases of occupational injuries: Cases of occupational injury",
"Sweden","ADM - Swedish injury database","SDG indicator 8.8.1 - Non-fatal occupational injuries per 100'000 workers","Sex: Male","Migrant status: Total","2020",725.1,"Coverage of occupational injuries: Reported injuries | Type of cases of occupational injuries: Cases of occupational injury",
"Sweden","ADM - Swedish injury database","SDG indicator 8.8.1 - Non-fatal occupational injuries per 100'000 workers","Sex: Female","Migrant status: Total","2020",596.9,"Coverage of occupational injuries: Reported injuries | Type of cases of occupational injuries: Cases of occupational injury",
"Sweden","ADM - Swedish injury database","SDG indicator 8.8.1 - Non-fatal occupational injuries per 100'000 workers","Sex: Total","Migrant status: Total","2019",736.8,"Coverage of occupational injuries: Reported injuries | Type of cases of occupational injuries: Cases of occupational injury",
"Sweden","ADM - Swedish injury database","SDG indicator 8.8.1 - Non-fatal occupational injuries per 100'000 workers","Sex: Male","Migrant status: Total","2019",807.9,"Coverage of occupational injuries: Reported injuries | Type of cases of occupational injuries: Cases of occupational injury",
"Sweden","ADM - Swedish injury database","SDG indicator 8.8.1 - Non-fatal occupational injuries per 100'000 workers","Sex: Female","Migrant status: Total","2019",659.1,"Coverage of occupational injuries: Reported injuries | Type of cases of occupational injuries: Cases of occupational injury",
"Sweden","ADM - Swedish injury database","SDG indicator 8.8.1 - Non-fatal occupational injuries per 100'000 workers","Sex: Total","Migrant status: Total","2018",739.97,"Coverage of occupational injuries: Reported injuries | Type of cases of occupational injuries: Including cases of injury due to commuting accidents","Repository: ILO calculations based on Eurostat data | Reference group coverage: Insured persons"
"Sweden","ADM - Swedish injury database","SDG indicator 8.8.1 - Non-fatal occupational injuries per 100'000 workers","Sex: Total","Migrant status: Total","2017",753.28,"Coverage of occupational injuries: Reported injuries | Type of cases of occupational injuries: Including cases of injury due to commuting accidents","Repository: ILO calculations based on Eurostat data | Reference group coverage: Insured persons"
"Sweden","ADM - Swedish injury database","SDG indicator 8.8.1 - Non-fatal occupational injuries per 100'000 workers","Sex: Total","Migrant status: Total","2016",1094,"Coverage of occupational injuries: Reported injuries | Type of cases of occupational injuries: Cases of occupational injury",
"Sweden","ADM - Swedish injury database","SDG indicator 8.8.1 - Non-fatal occupational injuries per 100'000 workers","Sex: Male","Migrant status: Total","2016",792,"Coverage of occupational injuries: Reported injuries | Type of cases of occupational injuries: Cases of occupational injury",
"Sweden","ADM - Swedish injury database","SDG indicator 8.8.1 - Non-fatal occupational injuries per 100'000 workers","Sex: Female","Migrant status: Total","2016",622,"Coverage of occupational injuries: Reported injuries | Type of cases of occupational injuries: Cases of occupational injury",
"Sweden","ADM - Swedish injury database","SDG indicator 8.8.1 - Non-fatal occupational injuries per 100'000 workers","Sex: Total","Migrant status: Total","2015",781,"Coverage of occupational injuries: Reported injuries | Type of cases of occupational injuries: Including cases of injury due to commuting accidents","Repository: ILO calculations based on Eurostat data | Reference group coverage: Insured persons"
"Sweden","ADM - Swedish injury database","SDG indicator 8.8.1 - Non-fatal occupational injuries per 100'000 workers","Sex: Male","Migrant status: Total","2015",829.02,"Coverage of occupational injuries: Reported injuries | Type of cases of occupational injuries: Including cases of injury due to commuting accidents","Repository: ILO calculations based on Eurostat data | Reference group coverage: Insured persons"
"Sweden","ADM - Swedish injury database","SDG indicator 8.8.1 - Non-fatal occupational injuries per 100'000 workers","Sex: Female","Migrant status: Total","2015",728.93,"Coverage of occupational injuries: Reported injuries | Type of cases of occupational injuries: Including cases of injury due to commuting accidents","Repository: ILO calculations based on Eurostat data | Reference group coverage: Insured persons"
"Sweden","ADM - Swedish injury database","SDG indicator 8.8.1 - Non-fatal occupational injuries per 100'000 workers","Sex: Total","Migrant status: Total","2014",767.07,"Coverage of occupational injuries: Reported injuries | Type of cases of occupational injuries: Including cases of injury due to commuting accidents","Repository: ILO calculations based on Eurostat data | Reference group coverage: Insured persons"
"Sweden","ADM - Swedish injury database","SDG indicator 8.8.1 - Non-fatal occupational injuries per 100'000 workers","Sex: Total","Migrant status: Total","2013",792.83,"Coverage of occupational injuries: Reported injuries | Type of cases of occupational injuries: Including cases of injury due to commuting accidents","Repository: ILO calculations based on Eurostat data | Reference group coverage: Insured persons"
"Seychelles","ADM-EOR - Employment office records","SDG indicator 8.8.1 - Non-fatal occupational injuries per 100'000 workers","Sex: Total","Migrant status: Total","2018",165.24,"Coverage of occupational injuries: Reported injuries | Type of cases of occupational injuries: Cases of occupational injury","Data reference period: End of the year | Reference group coverage: Employees"
"Thailand","ADM-IR - Insurance Records of the Workmen's Compensation Fund","SDG indicator 8.8.1 - Non-fatal occupational injuries per 100'000 workers","Sex: Total","Migrant status: Total","2020",761.59,"Coverage of occupational injuries: Reported injuries | Type of cases of occupational injuries: Including cases of occupational disease and cases of injury due to commuting accidents","Reference group coverage: Insured persons"
"Thailand","ADM-IR - Insurance Records of the Workmen's Compensation Fund","SDG indicator 8.8.1 - Non-fatal occupational injuries per 100'000 workers","Sex: Total","Migrant status: Total","2019",804.96,"Coverage of occupational injuries: Compensated injuries | Type of cases of occupational injuries: Cases of occupational injury","Reference group coverage: Insured persons"
"Thailand","ADM-IR - Insurance Records of the Workmen's Compensation Fund","SDG indicator 8.8.1 - Non-fatal occupational injuries per 100'000 workers","Sex: Total","Migrant status: Total","2014",321.13,"Coverage of occupational injuries: Compensated injuries | Type of cases of occupational injuries: Cases of occupational injury | Minimum period of absence from work: Incapacities lasting more than 2 days","Reference group coverage: Insured persons"
"Thailand","ADM-IR - Insurance Records of the Workmen's Compensation Fund","SDG indicator 8.8.1 - Non-fatal occupational injuries per 100'000 workers","Sex: Total","Migrant status: Total","2013",352.96,"Coverage of occupational injuries: Compensated injuries | Type of cases of occupational injuries: Cases of occupational injury | Minimum period of absence from work: Incapacities lasting more than 2 days","Reference group coverage: Insured persons"
"Türkiye","ADM-IR - Social Insurance Institution reports","SDG indicator 8.8.1 - Non-fatal occupational injuries per 100'000 workers","Sex: Total","Migrant status: Total","2023",2898.354,"Coverage of occupational injuries: Reported injuries | Type of cases of occupational injuries: Cases of occupational injury","Reference group coverage: Employees"
"Türkiye","ADM-IR - Social Insurance Institution reports","SDG indicator 8.8.1 - Non-fatal occupational injuries per 100'000 workers","Sex: Total","Migrant status: Migrants","2023",1661.864,"Coverage of occupational injuries: Reported injuries | Type of cases of occupational injuries: Cases of occupational injury","Reference group coverage: Employees"
"Türkiye","ADM-IR - Social Insurance Institution reports","SDG indicator 8.8.1 - Non-fatal occupational injuries per 100'000 workers","Sex: Total","Migrant status: Non migrants","2023",2917.757,"Coverage of occupational injuries: Reported injuries | Type of cases of occupational injuries: Cases of occupational injury","Reference group coverage: Employees"
"Türkiye","ADM-IR - Social Insurance Institution reports","SDG indicator 8.8.1 - Non-fatal occupational injuries per 100'000 workers","Sex: Male","Migrant status: Total","2023",3270.104,"Coverage of occupational injuries: Reported injuries | Type of cases of occupational injuries: Cases of occupational injury","Reference group coverage: Employees"
"Türkiye","ADM-IR - Social Insurance Institution reports","SDG indicator 8.8.1 - Non-fatal occupational injuries per 100'000 workers","Sex: Male","Migrant status: Migrants","2023",1870.028,"Coverage of occupational injuries: Reported injuries | Type of cases of occupational injuries: Cases of occupational injury","Reference group coverage: Employees"
"Türkiye","ADM-IR - Social Insurance Institution reports","SDG indicator 8.8.1 - Non-fatal occupational injuries per 100'000 workers","Sex: Male","Migrant status: Non migrants","2023",3293.233,"Coverage of occupational injuries: Reported injuries | Type of cases of occupational injuries: Cases of occupational injury","Reference group coverage: Employees"
"Türkiye","ADM-IR - Social Insurance Institution reports","SDG indicator 8.8.1 - Non-fatal occupational injuries per 100'000 workers","Sex: Female","Migrant status: Total","2023",2076.108,"Coverage of occupational injuries: Reported injuries | Type of cases of occupational injuries: Cases of occupational injury","Reference group coverage: Employees"
"Türkiye","ADM-IR - Social Insurance Institution reports","SDG indicator 8.8.1 - Non-fatal occupational injuries per 100'000 workers","Sex: Female","Migrant status: Migrants","2023",1114.694,"Coverage of occupational injuries: Reported injuries | Type of cases of occupational injuries: Cases of occupational injury","Reference group coverage: Employees"
"Türkiye","ADM-IR - Social Insurance Institution reports","SDG indicator 8.8.1 - Non-fatal occupational injuries per 100'000 workers","Sex: Female","Migrant status: Non migrants","2023",2089.438,"Coverage of occupational injuries: Reported injuries | Type of cases of occupational injuries: Cases of occupational injury","Reference group coverage: Employees"
"Türkiye","ADM-IR - Social Insurance Institution reports","SDG indicator 8.8.1 - Non-fatal occupational injuries per 100'000 workers","Sex: Total","Migrant status: Total","2022",2898.35,"Coverage of occupational injuries: Reported injuries | Type of cases of occupational injuries: Cases of occupational injury","Reference group coverage: Employees"
"Türkiye","ADM-IR - Social Insurance Institution reports","SDG indicator 8.8.1 - Non-fatal occupational injuries per 100'000 workers","Sex: Total","Migrant status: Migrants","2022",1661.86,"Coverage of occupational injuries: Reported injuries | Type of cases of occupational injuries: Cases of occupational injury","Reference group coverage: Employees"
"Türkiye","ADM-IR - Social Insurance Institution reports","SDG indicator 8.8.1 - Non-fatal occupational injuries per 100'000 workers","Sex: Total","Migrant status: Non migrants","2022",2917.76,"Coverage of occupational injuries: Reported injuries | Type of cases of occupational injuries: Cases of occupational injury","Reference group coverage: Employees"
"Türkiye","ADM-IR - Social Insurance Institution reports","SDG indicator 8.8.1 - Non-fatal occupational injuries per 100'000 workers","Sex: Male","Migrant status: Total","2022",3270.1,"Coverage of occupational injuries: Reported injuries | Type of cases of occupational injuries: Cases of occupational injury","Reference group coverage: Employees"
"Türkiye","ADM-IR - Social Insurance Institution reports","SDG indicator 8.8.1 - Non-fatal occupational injuries per 100'000 workers","Sex: Male","Migrant status: Migrants","2022",1870.03,"Coverage of occupational injuries: Reported injuries | Type of cases of occupational injuries: Cases of occupational injury","Reference group coverage: Employees"
"Türkiye","ADM-IR - Social Insurance Institution reports","SDG indicator 8.8.1 - Non-fatal occupational injuries per 100'000 workers","Sex: Male","Migrant status: Non migrants","2022",3293.23,"Coverage of occupational injuries: Reported injuries | Type of cases of occupational injuries: Cases of occupational injury","Reference group coverage: Employees"
"Türkiye","ADM-IR - Social Insurance Institution reports","SDG indicator 8.8.1 - Non-fatal occupational injuries per 100'000 workers","Sex: Female","Migrant status: Total","2022",2076.11,"Coverage of occupational injuries: Reported injuries | Type of cases of occupational injuries: Cases of occupational injury","Reference group coverage: Employees"
"Türkiye","ADM-IR - Social Insurance Institution reports","SDG indicator 8.8.1 - Non-fatal occupational injuries per 100'000 workers","Sex: Female","Migrant status: Migrants","2022",1114.69,"Coverage of occupational injuries: Reported injuries | Type of cases of occupational injuries: Cases of occupational injury","Reference group coverage: Employees"
"Türkiye","ADM-IR - Social Insurance Institution reports","SDG indicator 8.8.1 - Non-fatal occupational injuries per 100'000 workers","Sex: Female","Migrant status: Non migrants","2022",2089.44,"Coverage of occupational injuries: Reported injuries | Type of cases of occupational injuries: Cases of occupational injury","Reference group coverage: Employees"
"Türkiye","ADM-IR - Social Insurance Institution reports","SDG indicator 8.8.1 - Non-fatal occupational injuries per 100'000 workers","Sex: Total","Migrant status: Total","2021",2296.2,"Coverage of occupational injuries: Reported injuries | Type of cases of occupational injuries: Cases of occupational injury","Reference group coverage: Employees"
"Türkiye","ADM-IR - Social Insurance Institution reports","SDG indicator 8.8.1 - Non-fatal occupational injuries per 100'000 workers","Sex: Total","Migrant status: Migrants","2021",1003.5,"Coverage of occupational injuries: Reported injuries | Type of cases of occupational injuries: Cases of occupational injury","Reference group coverage: Employees"
"Türkiye","ADM-IR - Social Insurance Institution reports","SDG indicator 8.8.1 - Non-fatal occupational injuries per 100'000 workers","Sex: Total","Migrant status: Non migrants","2021",2312.7,"Coverage of occupational injuries: Reported injuries | Type of cases of occupational injuries: Cases of occupational injury","Reference group coverage: Employees"
"Türkiye","ADM-IR - Social Insurance Institution reports","SDG indicator 8.8.1 - Non-fatal occupational injuries per 100'000 workers","Sex: Male","Migrant status: Total","2021",2688.1,"Coverage of occupational injuries: Reported injuries | Type of cases of occupational injuries: Cases of occupational injury","Reference group coverage: Employees"
"Türkiye","ADM-IR - Social Insurance Institution reports","SDG indicator 8.8.1 - Non-fatal occupational injuries per 100'000 workers","Sex: Male","Migrant status: Migrants","2021",1204.7,"Coverage of occupational injuries: Reported injuries | Type of cases of occupational injuries: Cases of occupational injury","Reference group coverage: Employees"
"Türkiye","ADM-IR - Social Insurance Institution reports","SDG indicator 8.8.1 - Non-fatal occupational injuries per 100'000 workers","Sex: Male","Migrant status: Non migrants","2021",2707.9,"Coverage of occupational injuries: Reported injuries | Type of cases of occupational injuries: Cases of occupational injury","Reference group coverage: Employees"
"Türkiye","ADM-IR - Social Insurance Institution reports","SDG indicator 8.8.1 - Non-fatal occupational injuries per 100'000 workers","Sex: Female","Migrant status: Total","2021",1393.8,"Coverage of occupational injuries: Reported injuries | Type of cases of occupational injuries: Cases of occupational injury","Reference group coverage: Employees"
"Türkiye","ADM-IR - Social Insurance Institution reports","SDG indicator 8.8.1 - Non-fatal occupational injuries per 100'000 workers","Sex: Female","Migrant status: Migrants","2021",463.2,"Coverage of occupational injuries: Reported injuries | Type of cases of occupational injuries: Cases of occupational injury","Reference group coverage: Employees"
"Türkiye","ADM-IR - Social Insurance Institution reports","SDG indicator 8.8.1 - Non-fatal occupational injuries per 100'000 workers","Sex: Female","Migrant status: Non migrants","2021",1404.4,"Coverage of occupational injuries: Reported injuries | Type of cases of occupational injuries: Cases of occupational injury","Reference group coverage: Employees"
"Türkiye","ADM-IR - Social Insurance Institution reports","SDG indicator 8.8.1 - Non-fatal occupational injuries per 100'000 workers","Sex: Total","Migrant status: Total","2020",1846.8,"Coverage of occupational injuries: Reported injuries | Type of cases of occupational injuries: Cases of occupational injury | Minimum period of absence from work: Incapacities lasting more than 2 days | Time unit for measuring time lost: Calendar days",
"Türkiye","ADM-IR - Social Insurance Institution reports","SDG indicator 8.8.1 - Non-fatal occupational injuries per 100'000 workers","Sex: Total","Migrant status: Migrants","2020",737.8,"Coverage of occupational injuries: Reported injuries | Type of cases of occupational injuries: Cases of occupational injury | Minimum period of absence from work: Incapacities lasting more than 2 days | Time unit for measuring time lost: Calendar days",
"Türkiye","ADM-IR - Social Insurance Institution reports","SDG indicator 8.8.1 - Non-fatal occupational injuries per 100'000 workers","Sex: Total","Migrant status: Non migrants","2020",1859,"Coverage of occupational injuries: Reported injuries | Type of cases of occupational injuries: Cases of occupational injury | Minimum period of absence from work: Incapacities lasting more than 2 days | Time unit for measuring time lost: Calendar days",
"Türkiye","ADM-IR - Social Insurance Institution reports","SDG indicator 8.8.1 - Non-fatal occupational injuries per 100'000 workers","Sex: Male","Migrant status: Total","2020",2145.5,"Coverage of occupational injuries: Reported injuries | Type of cases of occupational injuries: Cases of occupational injury | Minimum period of absence from work: Incapacities lasting more than 2 days | Time unit for measuring time lost: Calendar days",
"Türkiye","ADM-IR - Social Insurance Institution reports","SDG indicator 8.8.1 - Non-fatal occupational injuries per 100'000 workers","Sex: Male","Migrant status: Migrants","2020",965.6,"Coverage of occupational injuries: Reported injuries | Type of cases of occupational injuries: Cases of occupational injury | Minimum period of absence from work: Incapacities lasting more than 2 days | Time unit for measuring time lost: Calendar days",
"Türkiye","ADM-IR - Social Insurance Institution reports","SDG indicator 8.8.1 - Non-fatal occupational injuries per 100'000 workers","Sex: Male","Migrant status: Non migrants","2020",2158.3,"Coverage of occupational injuries: Reported injuries | Type of cases of occupational injuries: Cases of occupational injury | Minimum period of absence from work: Incapacities lasting more than 2 days | Time unit for measuring time lost: Calendar days",
"Türkiye","ADM-IR - Social Insurance Institution reports","SDG indicator 8.8.1 - Non-fatal occupational injuries per 100'000 workers","Sex: Female","Migrant status: Total","2020",1131.2,"Coverage of occupational injuries: Reported injuries | Type of cases of occupational injuries: Cases of occupational injury | Minimum period of absence from work: Incapacities lasting more than 2 days | Time unit for measuring time lost: Calendar days",
"Türkiye","ADM-IR - Social Insurance Institution reports","SDG indicator 8.8.1 - Non-fatal occupational injuries per 100'000 workers","Sex: Female","Migrant status: Migrants","2020",219.1,"Coverage of occupational injuries: Reported injuries | Type of cases of occupational injuries: Cases of occupational injury | Minimum period of absence from work: Incapacities lasting more than 2 days | Time unit for measuring time lost: Calendar days",
"Türkiye","ADM-IR - Social Insurance Institution reports","SDG indicator 8.8.1 - Non-fatal occupational injuries per 100'000 workers","Sex: Female","Migrant status: Non migrants","2020",1141.6,"Coverage of occupational injuries: Reported injuries | Type of cases of occupational injuries: Cases of occupational injury | Minimum period of absence from work: Incapacities lasting more than 2 days | Time unit for measuring time lost: Calendar days",
"Türkiye","ADM-IR - Social Insurance Institution reports","SDG indicator 8.8.1 - Non-fatal occupational injuries per 100'000 workers","Sex: Total","Migrant status: Total","2019",2170.398,"Coverage of occupational injuries: Reported injuries | Type of cases of occupational injuries: Cases of occupational injury | Minimum period of absence from work: Incapacities lasting more than 2 days | Time unit for measuring time lost: Calendar days",
"Türkiye","ADM-IR - Social Insurance Institution reports","SDG indicator 8.8.1 - Non-fatal occupational injuries per 100'000 workers","Sex: Total","Migrant status: Migrants","2019",1120.532,"Coverage of occupational injuries: Reported injuries | Type of cases of occupational injuries: Cases of occupational injury | Minimum period of absence from work: Incapacities lasting more than 2 days | Time unit for measuring time lost: Calendar days",
"Türkiye","ADM-IR - Social Insurance Institution reports","SDG indicator 8.8.1 - Non-fatal occupational injuries per 100'000 workers","Sex: Total","Migrant status: Non migrants","2019",2181.808,"Coverage of occupational injuries: Reported injuries | Type of cases of occupational injuries: Cases of occupational injury | Minimum period of absence from work: Incapacities lasting more than 2 days | Time unit for measuring time lost: Calendar days",
"Türkiye","ADM-IR - Social Insurance Institution reports","SDG indicator 8.8.1 - Non-fatal occupational injuries per 100'000 workers","Sex: Male","Migrant status: Total","2019",2467.322,"Coverage of occupational injuries: Reported injuries | Type of cases of occupational injuries: Cases of occupational injury | Minimum period of absence from work: Incapacities lasting more than 2 days | Time unit for measuring time lost: Calendar days",
"Türkiye","ADM-IR - Social Insurance Institution reports","SDG indicator 8.8.1 - Non-fatal occupational injuries per 100'000 workers","Sex: Male","Migrant status: Migrants","2019",1098.139,"Coverage of occupational injuries: Reported injuries | Type of cases of occupational injuries: Cases of occupational injury | Minimum period of absence from work: Incapacities lasting more than 2 days | Time unit for measuring time lost: Calendar days",
"Türkiye","ADM-IR - Social Insurance Institution reports","SDG indicator 8.8.1 - Non-fatal occupational injuries per 100'000 workers","Sex: Male","Migrant status: Non migrants","2019",2482.502,"Coverage of occupational injuries: Reported injuries | Type of cases of occupational injuries: Cases of occupational injury | Minimum period of absence from work: Incapacities lasting more than 2 days | Time unit for measuring time lost: Calendar days",
"Türkiye","ADM-IR - Social Insurance Institution reports","SDG indicator 8.8.1 - Non-fatal occupational injuries per 100'000 workers","Sex: Female","Migrant status: Total","2019",1470.829,"Coverage of occupational injuries: Reported injuries | Type of cases of occupational injuries: Cases of occupational injury | Minimum period of absence from work: Incapacities lasting more than 2 days | Time unit for measuring time lost: Calendar days",
"Türkiye","ADM-IR - Social Insurance Institution reports","SDG indicator 8.8.1 - Non-fatal occupational injuries per 100'000 workers","Sex: Female","Migrant status: Migrants","2019",1177.005,"Coverage of occupational injuries: Reported injuries | Type of cases of occupational injuries: Cases of occupational injury | Minimum period of absence from work: Incapacities lasting more than 2 days | Time unit for measuring time lost: Calendar days",
"Türkiye","ADM-IR - Social Insurance Institution reports","SDG indicator 8.8.1 - Non-fatal occupational injuries per 100'000 workers","Sex: Female","Migrant status: Non migrants","2019",1473.87,"Coverage of occupational injuries: Reported injuries | Type of cases of occupational injuries: Cases of occupational injury | Minimum period of absence from work: Incapacities lasting more than 2 days | Time unit for measuring time lost: Calendar days",
"Türkiye","ADM-IR - Social Insurance Institution reports","SDG indicator 8.8.1 - Non-fatal occupational injuries per 100'000 workers","Sex: Total","Migrant status: Total","2018",2203.132,"Coverage of occupational injuries: Reported injuries | Type of cases of occupational injuries: Cases of occupational injury | Minimum period of absence from work: Incapacities lasting more than 2 days | Time unit for measuring time lost: Calendar days",
"Türkiye","ADM-IR - Social Insurance Institution reports","SDG indicator 8.8.1 - Non-fatal occupational injuries per 100'000 workers","Sex: Total","Migrant status: Migrants","2018",1352.83,"Coverage of occupational injuries: Reported injuries | Type of cases of occupational injuries: Cases of occupational injury | Minimum period of absence from work: Incapacities lasting more than 2 days | Time unit for measuring time lost: Calendar days",
"Türkiye","ADM-IR - Social Insurance Institution reports","SDG indicator 8.8.1 - Non-fatal occupational injuries per 100'000 workers","Sex: Total","Migrant status: Non migrants","2018",2210.216,"Coverage of occupational injuries: Reported injuries | Type of cases of occupational injuries: Cases of occupational injury | Minimum period of absence from work: Incapacities lasting more than 2 days | Time unit for measuring time lost: Calendar days",
"Türkiye","ADM-IR - Social Insurance Institution reports","SDG indicator 8.8.1 - Non-fatal occupational injuries per 100'000 workers","Sex: Male","Migrant status: Total","2018",2567.238,"Coverage of occupational injuries: Reported injuries | Type of cases of occupational injuries: Cases of occupational injury | Minimum period of absence from work: Incapacities lasting more than 2 days | Time unit for measuring time lost: Calendar days",
"Türkiye","ADM-IR - Social Insurance Institution reports","SDG indicator 8.8.1 - Non-fatal occupational injuries per 100'000 workers","Sex: Male","Migrant status: Migrants","2018",1683,"Coverage of occupational injuries: Reported injuries | Type of cases of occupational injuries: Cases of occupational injury | Minimum period of absence from work: Incapacities lasting more than 2 days | Time unit for measuring time lost: Calendar days",
"Türkiye","ADM-IR - Social Insurance Institution reports","SDG indicator 8.8.1 - Non-fatal occupational injuries per 100'000 workers","Sex: Male","Migrant status: Non migrants","2018",2574.204,"Coverage of occupational injuries: Reported injuries | Type of cases of occupational injuries: Cases of occupational injury | Minimum period of absence from work: Incapacities lasting more than 2 days | Time unit for measuring time lost: Calendar days",
"Türkiye","ADM-IR - Social Insurance Institution reports","SDG indicator 8.8.1 - Non-fatal occupational injuries per 100'000 workers","Sex: Female","Migrant status: Total","2018",1330.521,"Coverage of occupational injuries: Reported injuries | Type of cases of occupational injuries: Cases of occupational injury | Minimum period of absence from work: Incapacities lasting more than 2 days | Time unit for measuring time lost: Calendar days",
"Türkiye","ADM-IR - Social Insurance Institution reports","SDG indicator 8.8.1 - Non-fatal occupational injuries per 100'000 workers","Sex: Female","Migrant status: Migrants","2018",689.937,"Coverage of occupational injuries: Reported injuries | Type of cases of occupational injuries: Cases of occupational injury | Minimum period of absence from work: Incapacities lasting more than 2 days | Time unit for measuring time lost: Calendar days",
"Türkiye","ADM-IR - Social Insurance Institution reports","SDG indicator 8.8.1 - Non-fatal occupational injuries per 100'000 workers","Sex: Female","Migrant status: Non migrants","2018",1336.554,"Coverage of occupational injuries: Reported injuries | Type of cases of occupational injuries: Cases of occupational injury | Minimum period of absence from work: Incapacities lasting more than 2 days | Time unit for measuring time lost: Calendar days",
"Türkiye","ADM-IR - Social Insurance Institution reports","SDG indicator 8.8.1 - Non-fatal occupational injuries per 100'000 workers","Sex: Total","Migrant status: Total","2017",1812.002,"Coverage of occupational injuries: Reported injuries | Type of cases of occupational injuries: Cases of occupational injury | Minimum period of absence from work: Incapacities lasting more than 2 days | Time unit for measuring time lost: Calendar days",
"Türkiye","ADM-IR - Social Insurance Institution reports","SDG indicator 8.8.1 - Non-fatal occupational injuries per 100'000 workers","Sex: Total","Migrant status: Migrants","2017",730.233,"Coverage of occupational injuries: Reported injuries | Type of cases of occupational injuries: Cases of occupational injury | Minimum period of absence from work: Incapacities lasting more than 2 days | Time unit for measuring time lost: Calendar days",
"Türkiye","ADM-IR - Social Insurance Institution reports","SDG indicator 8.8.1 - Non-fatal occupational injuries per 100'000 workers","Sex: Total","Migrant status: Non migrants","2017",1819.075,"Coverage of occupational injuries: Reported injuries | Type of cases of occupational injuries: Cases of occupational injury | Minimum period of absence from work: Incapacities lasting more than 2 days | Time unit for measuring time lost: Calendar days",
"Türkiye","ADM-IR - Social Insurance Institution reports","SDG indicator 8.8.1 - Non-fatal occupational injuries per 100'000 workers","Sex: Male","Migrant status: Total","2017",2097.336,"Coverage of occupational injuries: Reported injuries | Type of cases of occupational injuries: Cases of occupational injury | Minimum period of absence from work: Incapacities lasting more than 2 days | Time unit for measuring time lost: Calendar days",
"Türkiye","ADM-IR - Social Insurance Institution reports","SDG indicator 8.8.1 - Non-fatal occupational injuries per 100'000 workers","Sex: Male","Migrant status: Migrants","2017",966.4,"Coverage of occupational injuries: Reported injuries | Type of cases of occupational injuries: Cases of occupational injury | Minimum period of absence from work: Incapacities lasting more than 2 days | Time unit for measuring time lost: Calendar days",
"Türkiye","ADM-IR - Social Insurance Institution reports","SDG indicator 8.8.1 - Non-fatal occupational injuries per 100'000 workers","Sex: Male","Migrant status: Non migrants","2017",2104.063,"Coverage of occupational injuries: Reported injuries | Type of cases of occupational injuries: Cases of occupational injury | Minimum period of absence from work: Incapacities lasting more than 2 days | Time unit for measuring time lost: Calendar days",
"Türkiye","ADM-IR - Social Insurance Institution reports","SDG indicator 8.8.1 - Non-fatal occupational injuries per 100'000 workers","Sex: Female","Migrant status: Total","2017",1068.889,"Coverage of occupational injuries: Reported injuries | Type of cases of occupational injuries: Cases of occupational injury | Minimum period of absence from work: Incapacities lasting more than 2 days | Time unit for measuring time lost: Calendar days",
"Türkiye","ADM-IR - Social Insurance Institution reports","SDG indicator 8.8.1 - Non-fatal occupational injuries per 100'000 workers","Sex: Female","Migrant status: Migrants","2017",276.337,"Coverage of occupational injuries: Reported injuries | Type of cases of occupational injuries: Cases of occupational injury | Minimum period of absence from work: Incapacities lasting more than 2 days | Time unit for measuring time lost: Calendar days",
"Türkiye","ADM-IR - Social Insurance Institution reports","SDG indicator 8.8.1 - Non-fatal occupational injuries per 100'000 workers","Sex: Female","Migrant status: Non migrants","2017",1075.291,"Coverage of occupational injuries: Reported injuries | Type of cases of occupational injuries: Cases of occupational injury | Minimum period of absence from work: Incapacities lasting more than 2 days | Time unit for measuring time lost: Calendar days",
"Türkiye","ADM-IR - Social Insurance Institution reports","SDG indicator 8.8.1 - Non-fatal occupational injuries per 100'000 workers","Sex: Total","Migrant status: Total","2016",1530.314,"Coverage of occupational injuries: Reported injuries | Type of cases of occupational injuries: Cases of occupational injury | Minimum period of absence from work: Incapacities lasting more than 2 days | Time unit for measuring time lost: Calendar days",
"Türkiye","ADM-IR - Social Insurance Institution reports","SDG indicator 8.8.1 - Non-fatal occupational injuries per 100'000 workers","Sex: Total","Migrant status: Migrants","2016",350.707,"Coverage of occupational injuries: Reported injuries | Type of cases of occupational injuries: Cases of occupational injury | Minimum period of absence from work: Incapacities lasting more than 2 days | Time unit for measuring time lost: Calendar days",
"Türkiye","ADM-IR - Social Insurance Institution reports","SDG indicator 8.8.1 - Non-fatal occupational injuries per 100'000 workers","Sex: Total","Migrant status: Non migrants","2016",1536.604,"Coverage of occupational injuries: Reported injuries | Type of cases of occupational injuries: Cases of occupational injury | Minimum period of absence from work: Incapacities lasting more than 2 days | Time unit for measuring time lost: Calendar days",
"Türkiye","ADM-IR - Social Insurance Institution reports","SDG indicator 8.8.1 - Non-fatal occupational injuries per 100'000 workers","Sex: Male","Migrant status: Total","2016",1755.534,"Coverage of occupational injuries: Reported injuries | Type of cases of occupational injuries: Cases of occupational injury | Minimum period of absence from work: Incapacities lasting more than 2 days | Time unit for measuring time lost: Calendar days",
"Türkiye","ADM-IR - Social Insurance Institution reports","SDG indicator 8.8.1 - Non-fatal occupational injuries per 100'000 workers","Sex: Male","Migrant status: Migrants","2016",536.765,"Coverage of occupational injuries: Reported injuries | Type of cases of occupational injuries: Cases of occupational injury | Minimum period of absence from work: Incapacities lasting more than 2 days | Time unit for measuring time lost: Calendar days",
"Türkiye","ADM-IR - Social Insurance Institution reports","SDG indicator 8.8.1 - Non-fatal occupational injuries per 100'000 workers","Sex: Male","Migrant status: Non migrants","2016",1760.21,"Coverage of occupational injuries: Reported injuries | Type of cases of occupational injuries: Cases of occupational injury | Minimum period of absence from work: Incapacities lasting more than 2 days | Time unit for measuring time lost: Calendar days",
"Türkiye","ADM-IR - Social Insurance Institution reports","SDG indicator 8.8.1 - Non-fatal occupational injuries per 100'000 workers","Sex: Female","Migrant status: Total","2016",906.306,"Coverage of occupational injuries: Reported injuries | Type of cases of occupational injuries: Cases of occupational injury | Minimum period of absence from work: Incapacities lasting more than 2 days | Time unit for measuring time lost: Calendar days",
"Türkiye","ADM-IR - Social Insurance Institution reports","SDG indicator 8.8.1 - Non-fatal occupational injuries per 100'000 workers","Sex: Female","Migrant status: Migrants","2016",141.355,"Coverage of occupational injuries: Reported injuries | Type of cases of occupational injuries: Cases of occupational injury | Minimum period of absence from work: Incapacities lasting more than 2 days | Time unit for measuring time lost: Calendar days",
"Türkiye","ADM-IR - Social Insurance Institution reports","SDG indicator 8.8.1 - Non-fatal occupational injuries per 100'000 workers","Sex: Female","Migrant status: Non migrants","2016",913.574,"Coverage of occupational injuries: Reported injuries | Type of cases of occupational injuries: Cases of occupational injury | Minimum period of absence from work: Incapacities lasting more than 2 days | Time unit for measuring time lost: Calendar days",
"Türkiye","ADM-IR - Social Insurance Institution reports","SDG indicator 8.8.1 - Non-fatal occupational injuries per 100'000 workers","Sex: Total","Migrant status: Total","2015",1323.71,"Coverage of occupational injuries: Reported injuries | Type of cases of occupational injuries: Cases of occupational injury | Minimum period of absence from work: Incapacities lasting more than 2 days | Time unit for measuring time lost: Calendar days",
"Türkiye","ADM-IR - Social Insurance Institution reports","SDG indicator 8.8.1 - Non-fatal occupational injuries per 100'000 workers","Sex: Total","Migrant status: Migrants","2015",160.31,"Coverage of occupational injuries: Reported injuries | Type of cases of occupational injuries: Cases of occupational injury | Minimum period of absence from work: Incapacities lasting more than 2 days | Time unit for measuring time lost: Calendar days",
"Türkiye","ADM-IR - Social Insurance Institution reports","SDG indicator 8.8.1 - Non-fatal occupational injuries per 100'000 workers","Sex: Total","Migrant status: Non migrants","2015",1329.66,"Coverage of occupational injuries: Reported injuries | Type of cases of occupational injuries: Cases of occupational injury | Minimum period of absence from work: Incapacities lasting more than 2 days | Time unit for measuring time lost: Calendar days",
"Türkiye","ADM-IR - Social Insurance Institution reports","SDG indicator 8.8.1 - Non-fatal occupational injuries per 100'000 workers","Sex: Male","Migrant status: Total","2015",1544.15,"Coverage of occupational injuries: Reported injuries | Type of cases of occupational injuries: Cases of occupational injury | Minimum period of absence from work: Incapacities lasting more than 2 days | Time unit for measuring time lost: Calendar days",
"Türkiye","ADM-IR - Social Insurance Institution reports","SDG indicator 8.8.1 - Non-fatal occupational injuries per 100'000 workers","Sex: Male","Migrant status: Migrants","2015",300.47,"Coverage of occupational injuries: Reported injuries | Type of cases of occupational injuries: Cases of occupational injury | Minimum period of absence from work: Incapacities lasting more than 2 days | Time unit for measuring time lost: Calendar days",
"Türkiye","ADM-IR - Social Insurance Institution reports","SDG indicator 8.8.1 - Non-fatal occupational injuries per 100'000 workers","Sex: Male","Migrant status: Non migrants","2015",1548.02,"Coverage of occupational injuries: Reported injuries | Type of cases of occupational injuries: Cases of occupational injury | Minimum period of absence from work: Incapacities lasting more than 2 days | Time unit for measuring time lost: Calendar days",
"Türkiye","ADM-IR - Social Insurance Institution reports","SDG indicator 8.8.1 - Non-fatal occupational injuries per 100'000 workers","Sex: Female","Migrant status: Total","2015",714.22,"Coverage of occupational injuries: Reported injuries | Type of cases of occupational injuries: Cases of occupational injury | Minimum period of absence from work: Incapacities lasting more than 2 days | Time unit for measuring time lost: Calendar days",
"Türkiye","ADM-IR - Social Insurance Institution reports","SDG indicator 8.8.1 - Non-fatal occupational injuries per 100'000 workers","Sex: Female","Migrant status: Migrants","2015",46.74,"Coverage of occupational injuries: Reported injuries | Type of cases of occupational injuries: Cases of occupational injury | Minimum period of absence from work: Incapacities lasting more than 2 days | Time unit for measuring time lost: Calendar days",
"Türkiye","ADM-IR - Social Insurance Institution reports","SDG indicator 8.8.1 - Non-fatal occupational injuries per 100'000 workers","Sex: Female","Migrant status: Non migrants","2015",721.36,"Coverage of occupational injuries: Reported injuries | Type of cases of occupational injuries: Cases of occupational injury | Minimum period of absence from work: Incapacities lasting more than 2 days | Time unit for measuring time lost: Calendar days",
"Türkiye","ADM-IR - Social Insurance Institution reports","SDG indicator 8.8.1 - Non-fatal occupational injuries per 100'000 workers","Sex: Total","Migrant status: Total","2014",1275.92,"Coverage of occupational injuries: Reported injuries | Type of cases of occupational injuries: Cases of occupational injury | Minimum period of absence from work: Incapacities lasting more than 2 days | Time unit for measuring time lost: Calendar days",
"Türkiye","ADM-IR - Social Insurance Institution reports","SDG indicator 8.8.1 - Non-fatal occupational injuries per 100'000 workers","Sex: Total","Migrant status: Migrants","2014",109.39,"Coverage of occupational injuries: Reported injuries | Type of cases of occupational injuries: Cases of occupational injury | Minimum period of absence from work: Incapacities lasting more than 2 days | Time unit for measuring time lost: Calendar days",
"Türkiye","ADM-IR - Social Insurance Institution reports","SDG indicator 8.8.1 - Non-fatal occupational injuries per 100'000 workers","Sex: Total","Migrant status: Non migrants","2014",1281.6,"Coverage of occupational injuries: Reported injuries | Type of cases of occupational injuries: Cases of occupational injury | Minimum period of absence from work: Incapacities lasting more than 2 days | Time unit for measuring time lost: Calendar days",
"Türkiye","ADM-IR - Social Insurance Institution reports","SDG indicator 8.8.1 - Non-fatal occupational injuries per 100'000 workers","Sex: Male","Migrant status: Total","2014",1494.74,"Coverage of occupational injuries: Reported injuries | Type of cases of occupational injuries: Cases of occupational injury | Minimum period of absence from work: Incapacities lasting more than 2 days | Time unit for measuring time lost: Calendar days",
"Türkiye","ADM-IR - Social Insurance Institution reports","SDG indicator 8.8.1 - Non-fatal occupational injuries per 100'000 workers","Sex: Male","Migrant status: Migrants","2014",146.68,"Coverage of occupational injuries: Reported injuries | Type of cases of occupational injuries: Cases of occupational injury | Minimum period of absence from work: Incapacities lasting more than 2 days | Time unit for measuring time lost: Calendar days",
"Türkiye","ADM-IR - Social Insurance Institution reports","SDG indicator 8.8.1 - Non-fatal occupational injuries per 100'000 workers","Sex: Male","Migrant status: Non migrants","2014",1498.59,"Coverage of occupational injuries: Reported injuries | Type of cases of occupational injuries: Cases of occupational injury | Minimum period of absence from work: Incapacities lasting more than 2 days | Time unit for measuring time lost: Calendar days",
"Türkiye","ADM-IR - Social Insurance Institution reports","SDG indicator 8.8.1 - Non-fatal occupational injuries per 100'000 workers","Sex: Female","Migrant status: Total","2014",636.68,"Coverage of occupational injuries: Reported injuries | Type of cases of occupational injuries: Cases of occupational injury | Minimum period of absence from work: Incapacities lasting more than 2 days | Time unit for measuring time lost: Calendar days",
"Türkiye","ADM-IR - Social Insurance Institution reports","SDG indicator 8.8.1 - Non-fatal occupational injuries per 100'000 workers","Sex: Female","Migrant status: Migrants","2014",80.36,"Coverage of occupational injuries: Reported injuries | Type of cases of occupational injuries: Cases of occupational injury | Minimum period of absence from work: Incapacities lasting more than 2 days | Time unit for measuring time lost: Calendar days",
"Türkiye","ADM-IR - Social Insurance Institution reports","SDG indicator 8.8.1 - Non-fatal occupational injuries per 100'000 workers","Sex: Female","Migrant status: Non migrants","2014",642.69,"Coverage of occupational injuries: Reported injuries | Type of cases of occupational injuries: Cases of occupational injury | Minimum period of absence from work: Incapacities lasting more than 2 days | Time unit for measuring time lost: Calendar days",
"Türkiye","ADM-IR - Social Insurance Institution reports","SDG indicator 8.8.1 - Non-fatal occupational injuries per 100'000 workers","Sex: Total","Migrant status: Total","2013",1168.79,"Coverage of occupational injuries: Reported injuries | Type of cases of occupational injuries: Cases of occupational injury | Minimum period of absence from work: Incapacities lasting more than 2 days | Time unit for measuring time lost: Calendar days | Break in series: Other or unspecified type of break",
"Türkiye","ADM-IR - Social Insurance Institution reports","SDG indicator 8.8.1 - Non-fatal occupational injuries per 100'000 workers","Sex: Total","Migrant status: Migrants","2013",116.32,"Coverage of occupational injuries: Reported injuries | Type of cases of occupational injuries: Cases of occupational injury | Minimum period of absence from work: Incapacities lasting more than 2 days | Time unit for measuring time lost: Calendar days | Break in series: Other or unspecified type of break",
"Türkiye","ADM-IR - Social Insurance Institution reports","SDG indicator 8.8.1 - Non-fatal occupational injuries per 100'000 workers","Sex: Total","Migrant status: Non migrants","2013",1173.45,"Coverage of occupational injuries: Reported injuries | Type of cases of occupational injuries: Cases of occupational injury | Minimum period of absence from work: Incapacities lasting more than 2 days | Time unit for measuring time lost: Calendar days | Break in series: Other or unspecified type of break",
"Türkiye","ADM-IR - Social Insurance Institution reports","SDG indicator 8.8.1 - Non-fatal occupational injuries per 100'000 workers","Sex: Male","Migrant status: Total","2013",1384.18,"Coverage of occupational injuries: Reported injuries | Type of cases of occupational injuries: Cases of occupational injury | Minimum period of absence from work: Incapacities lasting more than 2 days | Time unit for measuring time lost: Calendar days | Break in series: Other or unspecified type of break",
"Türkiye","ADM-IR - Social Insurance Institution reports","SDG indicator 8.8.1 - Non-fatal occupational injuries per 100'000 workers","Sex: Male","Migrant status: Migrants","2013",202.58,"Coverage of occupational injuries: Reported injuries | Type of cases of occupational injuries: Cases of occupational injury | Minimum period of absence from work: Incapacities lasting more than 2 days | Time unit for measuring time lost: Calendar days | Break in series: Other or unspecified type of break",
"Türkiye","ADM-IR - Social Insurance Institution reports","SDG indicator 8.8.1 - Non-fatal occupational injuries per 100'000 workers","Sex: Male","Migrant status: Non migrants","2013",1387.17,"Coverage of occupational injuries: Reported injuries | Type of cases of occupational injuries: Cases of occupational injury | Minimum period of absence from work: Incapacities lasting more than 2 days | Time unit for measuring time lost: Calendar days | Break in series: Other or unspecified type of break",
"Türkiye","ADM-IR - Social Insurance Institution reports","SDG indicator 8.8.1 - Non-fatal occupational injuries per 100'000 workers","Sex: Female","Migrant status: Total","2013",512.55,"Coverage of occupational injuries: Reported injuries | Type of cases of occupational injuries: Cases of occupational injury | Minimum period of absence from work: Incapacities lasting more than 2 days | Time unit for measuring time lost: Calendar days | Break in series: Other or unspecified type of break",
"Türkiye","ADM-IR - Social Insurance Institution reports","SDG indicator 8.8.1 - Non-fatal occupational injuries per 100'000 workers","Sex: Female","Migrant status: Migrants","2013",51.08,"Coverage of occupational injuries: Reported injuries | Type of cases of occupational injuries: Cases of occupational injury | Minimum period of absence from work: Incapacities lasting more than 2 days | Time unit for measuring time lost: Calendar days | Break in series: Other or unspecified type of break",
"Türkiye","ADM-IR - Social Insurance Institution reports","SDG indicator 8.8.1 - Non-fatal occupational injuries per 100'000 workers","Sex: Female","Migrant status: Non migrants","2013",517.28,"Coverage of occupational injuries: Reported injuries | Type of cases of occupational injuries: Cases of occupational injury | Minimum period of absence from work: Incapacities lasting more than 2 days | Time unit for measuring time lost: Calendar days | Break in series: Other or unspecified type of break",
"Ukraine","Other - Reporting of the public authority","SDG indicator 8.8.1 - Non-fatal occupational injuries per 100'000 workers","Sex: Total","Migrant status: Total","2021",166,"Coverage of occupational injuries: Reported injuries | Type of cases of occupational injuries: Cases of occupational injury","Data reference period: End of the year | Geographical coverage: Total national, excluding some areas | Reference group coverage: Insured persons"
"Ukraine","Other - Reporting of the public authority","SDG indicator 8.8.1 - Non-fatal occupational injuries per 100'000 workers","Sex: Male","Migrant status: Total","2021",106.5,"Coverage of occupational injuries: Reported injuries | Type of cases of occupational injuries: Cases of occupational injury","Data reference period: End of the year | Geographical coverage: Total national, excluding some areas | Reference group coverage: Insured persons"
"Ukraine","Other - Reporting of the public authority","SDG indicator 8.8.1 - Non-fatal occupational injuries per 100'000 workers","Sex: Female","Migrant status: Total","2021",217.7,"Coverage of occupational injuries: Reported injuries | Type of cases of occupational injuries: Cases of occupational injury","Data reference period: End of the year | Geographical coverage: Total national, excluding some areas | Reference group coverage: Insured persons"
"Ukraine","Other - Reporting of the public authority","SDG indicator 8.8.1 - Non-fatal occupational injuries per 100'000 workers","Sex: Total","Migrant status: Total","2020",85.1,"Coverage of occupational injuries: Reported injuries | Type of cases of occupational injuries: Cases of occupational injury","Data reference period: End of the year | Geographical coverage: Total national, excluding some areas | Reference group coverage: Insured persons"
"Ukraine","Other - Reporting of the public authority","SDG indicator 8.8.1 - Non-fatal occupational injuries per 100'000 workers","Sex: Male","Migrant status: Total","2020",81.6,"Coverage of occupational injuries: Reported injuries | Type of cases of occupational injuries: Cases of occupational injury","Data reference period: End of the year | Geographical coverage: Total national, excluding some areas | Reference group coverage: Insured persons"
"Ukraine","Other - Reporting of the public authority","SDG indicator 8.8.1 - Non-fatal occupational injuries per 100'000 workers","Sex: Female","Migrant status: Total","2020",88.1,"Coverage of occupational injuries: Reported injuries | Type of cases of occupational injuries: Cases of occupational injury","Data reference period: End of the year | Geographical coverage: Total national, excluding some areas | Reference group coverage: Insured persons"
"Ukraine","Other - Reporting of the public authority","SDG indicator 8.8.1 - Non-fatal occupational injuries per 100'000 workers","Sex: Total","Migrant status: Total","2019",53.5,"Coverage of occupational injuries: Reported injuries | Type of cases of occupational injuries: Cases of occupational injury","Data reference period: End of the year | Geographical coverage: Total national, excluding some areas | Reference group coverage: Insured persons"
"Ukraine","Other - Reporting of the public authority","SDG indicator 8.8.1 - Non-fatal occupational injuries per 100'000 workers","Sex: Male","Migrant status: Total","2019",81.9,"Coverage of occupational injuries: Reported injuries | Type of cases of occupational injuries: Cases of occupational injury","Data reference period: End of the year | Geographical coverage: Total national, excluding some areas | Reference group coverage: Insured persons"
"Ukraine","Other - Reporting of the public authority","SDG indicator 8.8.1 - Non-fatal occupational injuries per 100'000 workers","Sex: Female","Migrant status: Total","2019",29.1,"Coverage of occupational injuries: Reported injuries | Type of cases of occupational injuries: Cases of occupational injury","Data reference period: End of the year | Geographical coverage: Total national, excluding some areas | Reference group coverage: Insured persons"
"Ukraine","ES - Report on Occupational Injuries","SDG indicator 8.8.1 - Non-fatal occupational injuries per 100'000 workers","Sex: Total","Migrant status: Total","2018",49.1,"Coverage of occupational injuries: Reported injuries | Type of cases of occupational injuries: Cases of occupational injury","Data reference period: End of the year | Geographical coverage: Total national, excluding some areas | Reference group coverage: Insured persons"
"Ukraine","ES - Report on Occupational Injuries","SDG indicator 8.8.1 - Non-fatal occupational injuries per 100'000 workers","Sex: Male","Migrant status: Total","2018",76.8,"Coverage of occupational injuries: Reported injuries | Type of cases of occupational injuries: Cases of occupational injury","Data reference period: End of the year | Geographical coverage: Total national, excluding some areas | Reference group coverage: Insured persons"
"Ukraine","ES - Report on Occupational Injuries","SDG indicator 8.8.1 - Non-fatal occupational injuries per 100'000 workers","Sex: Female","Migrant status: Total","2018",25.6,"Coverage of occupational injuries: Reported injuries | Type of cases of occupational injuries: Cases of occupational injury","Data reference period: End of the year | Geographical coverage: Total national, excluding some areas | Reference group coverage: Insured persons"
"Ukraine","ES - Report on Occupational Injuries","SDG indicator 8.8.1 - Non-fatal occupational injuries per 100'000 workers","Sex: Total","Migrant status: Total","2017",53.5,"Coverage of occupational injuries: Reported injuries | Type of cases of occupational injuries: Cases of occupational injury","Data reference period: End of the year | Geographical coverage: Total national, excluding some areas | Reference group coverage: Insured persons"
"Ukraine","ES - Report on Occupational Injuries","SDG indicator 8.8.1 - Non-fatal occupational injuries per 100'000 workers","Sex: Male","Migrant status: Total","2017",83.6,"Coverage of occupational injuries: Reported injuries | Type of cases of occupational injuries: Cases of occupational injury","Data reference period: End of the year | Geographical coverage: Total national, excluding some areas | Reference group coverage: Insured persons"
"Ukraine","ES - Report on Occupational Injuries","SDG indicator 8.8.1 - Non-fatal occupational injuries per 100'000 workers","Sex: Female","Migrant status: Total","2017",27.8,"Coverage of occupational injuries: Reported injuries | Type of cases of occupational injuries: Cases of occupational injury","Data reference period: End of the year | Geographical coverage: Total national, excluding some areas | Reference group coverage: Insured persons"
"Ukraine","ES - Report on Occupational Injuries","SDG indicator 8.8.1 - Non-fatal occupational injuries per 100'000 workers","Sex: Total","Migrant status: Total","2016",51.8,"Coverage of occupational injuries: Reported injuries | Type of cases of occupational injuries: Cases of occupational injury","Data reference period: End of the year | Geographical coverage: Total national, excluding some areas | Reference group coverage: Insured persons"
"Ukraine","ES - Report on Occupational Injuries","SDG indicator 8.8.1 - Non-fatal occupational injuries per 100'000 workers","Sex: Male","Migrant status: Total","2016",80,"Coverage of occupational injuries: Reported injuries | Type of cases of occupational injuries: Cases of occupational injury","Data reference period: End of the year | Geographical coverage: Total national, excluding some areas | Reference group coverage: Insured persons"
"Ukraine","ES - Report on Occupational Injuries","SDG indicator 8.8.1 - Non-fatal occupational injuries per 100'000 workers","Sex: Female","Migrant status: Total","2016",27.5,"Coverage of occupational injuries: Reported injuries | Type of cases of occupational injuries: Cases of occupational injury","Data reference period: End of the year | Geographical coverage: Total national, excluding some areas | Reference group coverage: Insured persons"
"Ukraine","ES - Report on Occupational Injuries","SDG indicator 8.8.1 - Non-fatal occupational injuries per 100'000 workers","Sex: Total","Migrant status: Total","2015",51.1,"Coverage of occupational injuries: Reported injuries | Type of cases of occupational injuries: Cases of occupational injury | Type of rate: Incidence rate (per 100'000 workers employed) | Minimum period of absence from work: Incapacities lasting 1 day or more","Data reference period: End of the year | Geographical coverage: Total national, excluding some areas | Reference group coverage: Insured persons"
"Ukraine","ES - Report on Occupational Injuries","SDG indicator 8.8.1 - Non-fatal occupational injuries per 100'000 workers","Sex: Male","Migrant status: Total","2015",79.9,"Coverage of occupational injuries: Reported injuries | Type of cases of occupational injuries: Cases of occupational injury | Type of rate: Incidence rate (per 100'000 workers employed) | Minimum period of absence from work: Incapacities lasting 1 day or more","Data reference period: End of the year | Geographical coverage: Total national, excluding some areas | Reference group coverage: Insured persons"
"Ukraine","ES - Report on Occupational Injuries","SDG indicator 8.8.1 - Non-fatal occupational injuries per 100'000 workers","Sex: Female","Migrant status: Total","2015",26.2,"Coverage of occupational injuries: Reported injuries | Type of cases of occupational injuries: Cases of occupational injury | Type of rate: Incidence rate (per 100'000 workers employed) | Minimum period of absence from work: Incapacities lasting 1 day or more","Data reference period: End of the year | Geographical coverage: Total national, excluding some areas | Reference group coverage: Insured persons"
"Ukraine","ES - Report on Occupational Injuries","SDG indicator 8.8.1 - Non-fatal occupational injuries per 100'000 workers","Sex: Total","Migrant status: Total","2014",51.2,"Coverage of occupational injuries: Reported injuries | Type of cases of occupational injuries: Cases of occupational injury | Type of rate: Incidence rate (per 100'000 workers employed) | Minimum period of absence from work: Incapacities lasting 1 day or more","Data reference period: End of the year | Reference group coverage: Insured persons"
"Ukraine","ES - Report on Occupational Injuries","SDG indicator 8.8.1 - Non-fatal occupational injuries per 100'000 workers","Sex: Male","Migrant status: Total","2014",82.1,"Coverage of occupational injuries: Reported injuries | Type of cases of occupational injuries: Cases of occupational injury | Type of rate: Incidence rate (per 100'000 workers employed) | Minimum period of absence from work: Incapacities lasting 1 day or more","Data reference period: End of the year | Reference group coverage: Insured persons"
"Ukraine","ES - Report on Occupational Injuries","SDG indicator 8.8.1 - Non-fatal occupational injuries per 100'000 workers","Sex: Female","Migrant status: Total","2014",23.8,"Coverage of occupational injuries: Reported injuries | Type of cases of occupational injuries: Cases of occupational injury | Type of rate: Incidence rate (per 100'000 workers employed) | Minimum period of absence from work: Incapacities lasting 1 day or more","Data reference period: End of the year | Reference group coverage: Insured persons"
"Ukraine","ES - Report on Occupational Injuries","SDG indicator 8.8.1 - Non-fatal occupational injuries per 100'000 workers","Sex: Total","Migrant status: Total","2013",85.42,"Coverage of occupational injuries: Reported injuries | Type of cases of occupational injuries: Cases of occupational injury | Type of rate: Incidence rate (per 100'000 workers employed) | Minimum period of absence from work: Incapacities lasting 1 day or more","Data reference period: End of the year | Reference group coverage: Insured persons"
"Ukraine","ES - Report on Occupational Injuries","SDG indicator 8.8.1 - Non-fatal occupational injuries per 100'000 workers","Sex: Male","Migrant status: Total","2013",141.13,"Coverage of occupational injuries: Reported injuries | Type of cases of occupational injuries: Cases of occupational injury | Type of rate: Incidence rate (per 100'000 workers employed) | Minimum period of absence from work: Incapacities lasting 1 day or more","Data reference period: End of the year | Reference group coverage: Insured persons"
"Ukraine","ES - Report on Occupational Injuries","SDG indicator 8.8.1 - Non-fatal occupational injuries per 100'000 workers","Sex: Female","Migrant status: Total","2013",34.86,"Coverage of occupational injuries: Reported injuries | Type of cases of occupational injuries: Cases of occupational injury | Type of rate: Incidence rate (per 100'000 workers employed) | Minimum period of absence from work: Incapacities lasting 1 day or more","Data reference period: End of the year | Reference group coverage: Insured persons"
"Uruguay","ADM-IR - State Insurance Bank records","SDG indicator 8.8.1 - Non-fatal occupational injuries per 100'000 workers","Sex: Total","Migrant status: Total","2018",2654.29,"Coverage of occupational injuries: Reported injuries","Data reference period: End of the year"
"United States of America","ES - Survey of Occupational Injuries and Illnesses","SDG indicator 8.8.1 - Non-fatal occupational injuries per 100'000 workers","Sex: Total","Migrant status: Total","2022",1805,"Coverage of occupational injuries: Reported injuries | Type of cases of occupational injuries: Including cases of occupational disease","Institutional sector coverage: Excluding federal juridisctions | Economic activity coverage: Excluding activities of households as employers and of extraterritorial organizations and bodies | Reference group coverage: Employees"
"United States of America","ES - Survey of Occupational Injuries and Illnesses","SDG indicator 8.8.1 - Non-fatal occupational injuries per 100'000 workers","Sex: Male","Migrant status: Total","2022",1813,"Coverage of occupational injuries: Reported injuries | Type of cases of occupational injuries: Including cases of occupational disease","Institutional sector coverage: Excluding federal juridisctions | Economic activity coverage: Excluding activities of households as employers and of extraterritorial organizations and bodies | Reference group coverage: Employees"
"United States of America","ES - Survey of Occupational Injuries and Illnesses","SDG indicator 8.8.1 - Non-fatal occupational injuries per 100'000 workers","Sex: Female","Migrant status: Total","2022",1796,"Coverage of occupational injuries: Reported injuries | Type of cases of occupational injuries: Including cases of occupational disease","Institutional sector coverage: Excluding federal juridisctions | Economic activity coverage: Excluding activities of households as employers and of extraterritorial organizations and bodies | Reference group coverage: Employees"
"United States of America","ADM - Census of Fatal Occupational Injuries","SDG indicator 8.8.1 - Non-fatal occupational injuries per 100'000 workers","Sex: Total","Migrant status: Total","2021",2700,"Coverage of occupational injuries: Reported injuries | Type of cases of occupational injuries: Including cases of occupational disease","Data reference period: End of the year | Geographical coverage: Total national, excluding overseas territories | Institutional sector coverage: Private sector only"
"United States of America","ADM - Census of Fatal Occupational Injuries","SDG indicator 8.8.1 - Non-fatal occupational injuries per 100'000 workers","Sex: Total","Migrant status: Total","2020",2700,"Coverage of occupational injuries: Reported injuries | Type of cases of occupational injuries: Including cases of occupational disease","Data reference period: End of the year | Geographical coverage: Total national, excluding overseas territories | Institutional sector coverage: Private sector only"
"United States of America","ES - Survey of Occupational Injuries and Illnesses","SDG indicator 8.8.1 - Non-fatal occupational injuries per 100'000 workers","Sex: Total","Migrant status: Total","2018",900,"Coverage of occupational injuries: Reported injuries | Type of cases of occupational injuries: Including cases of occupational disease | Minimum period of absence from work: Incapacities lasting 1 day or more","Institutional sector coverage: Private sector only | Institutional sector coverage: Excluding federal juridisctions | Economic activity coverage: Excluding public administration | Reference group coverage: Employees | Age coverage - minimum age: 16 years old"
"United States of America","ES - Survey of Occupational Injuries and Illnesses","SDG indicator 8.8.1 - Non-fatal occupational injuries per 100'000 workers","Sex: Total","Migrant status: Total","2017",900,"Coverage of occupational injuries: Reported injuries | Type of cases of occupational injuries: Including cases of occupational disease | Minimum period of absence from work: Incapacities lasting 1 day or more","Institutional sector coverage: Private sector only | Institutional sector coverage: Excluding federal juridisctions | Economic activity coverage: Excluding public administration | Reference group coverage: Employees | Age coverage - minimum age: 16 years old"
"United States of America","ES - Survey of Occupational Injuries and Illnesses","SDG indicator 8.8.1 - Non-fatal occupational injuries per 100'000 workers","Sex: Total","Migrant status: Total","2016",900,"Coverage of occupational injuries: Reported injuries | Type of cases of occupational injuries: Including cases of occupational disease | Minimum period of absence from work: Incapacities lasting 1 day or more","Institutional sector coverage: Private sector only | Institutional sector coverage: Excluding federal juridisctions | Economic activity coverage: Excluding public administration | Reference group coverage: Employees | Age coverage - minimum age: 16 years old"
"United States of America","ES - Survey of Occupational Injuries and Illnesses","SDG indicator 8.8.1 - Non-fatal occupational injuries per 100'000 workers","Sex: Total","Migrant status: Total","2015",900,"Coverage of occupational injuries: Reported injuries | Type of cases of occupational injuries: Including cases of occupational disease | Minimum period of absence from work: Incapacities lasting 1 day or more","Institutional sector coverage: Private sector only | Institutional sector coverage: Excluding federal juridisctions | Economic activity coverage: Excluding public administration | Reference group coverage: Employees | Age coverage - minimum age: 16 years old"
"United States of America","ES - Survey of Occupational Injuries and Illnesses","SDG indicator 8.8.1 - Non-fatal occupational injuries per 100'000 workers","Sex: Total","Migrant status: Total","2014",1000,"Coverage of occupational injuries: Reported injuries | Type of cases of occupational injuries: Including cases of occupational disease | Minimum period of absence from work: Incapacities lasting 1 day or more","Institutional sector coverage: Private sector only | Institutional sector coverage: Excluding federal juridisctions | Economic activity coverage: Excluding public administration | Reference group coverage: Employees | Age coverage - minimum age: 16 years old"
"United States of America","ES - Survey of Occupational Injuries and Illnesses","SDG indicator 8.8.1 - Non-fatal occupational injuries per 100'000 workers","Sex: Total","Migrant status: Total","2013",1000,"Coverage of occupational injuries: Reported injuries | Type of cases of occupational injuries: Including cases of occupational disease","Institutional sector coverage: Private sector only | Institutional sector coverage: Excluding federal juridisctions | Economic activity coverage: Excluding public administration | Reference group coverage: Employees | Age coverage - minimum age: 16 years old"
"Uzbekistan","OE - Official Estimates","SDG indicator 8.8.1 - Non-fatal occupational injuries per 100'000 workers","Sex: Total","Migrant status: Total","2023",12,"Coverage of occupational injuries: Reported injuries | Type of cases of occupational injuries: Cases of occupational injury",
"Uzbekistan","OE - Official Estimates","SDG indicator 8.8.1 - Non-fatal occupational injuries per 100'000 workers","Sex: Total","Migrant status: Non migrants","2023",12,"Coverage of occupational injuries: Reported injuries | Type of cases of occupational injuries: Cases of occupational injury",
"Uzbekistan","OE - Official Estimates","SDG indicator 8.8.1 - Non-fatal occupational injuries per 100'000 workers","Sex: Male","Migrant status: Total","2023",10,"Coverage of occupational injuries: Reported injuries | Type of cases of occupational injuries: Cases of occupational injury",
"Uzbekistan","OE - Official Estimates","SDG indicator 8.8.1 - Non-fatal occupational injuries per 100'000 workers","Sex: Male","Migrant status: Non migrants","2023",10,"Coverage of occupational injuries: Reported injuries | Type of cases of occupational injuries: Cases of occupational injury",
"Uzbekistan","OE - Official Estimates","SDG indicator 8.8.1 - Non-fatal occupational injuries per 100'000 workers","Sex: Female","Migrant status: Total","2023",1.6,"Coverage of occupational injuries: Reported injuries | Type of cases of occupational injuries: Cases of occupational injury",
"Uzbekistan","OE - Official Estimates","SDG indicator 8.8.1 - Non-fatal occupational injuries per 100'000 workers","Sex: Female","Migrant status: Non migrants","2023",1.6,"Coverage of occupational injuries: Reported injuries | Type of cases of occupational injuries: Cases of occupational injury",
"Uzbekistan","OE - Official Estimates","SDG indicator 8.8.1 - Non-fatal occupational injuries per 100'000 workers","Sex: Total","Migrant status: Total","2022",7.785,"Coverage of occupational injuries: Reported injuries | Type of cases of occupational injuries: Cases of occupational injury",
"Uzbekistan","OE - Official Estimates","SDG indicator 8.8.1 - Non-fatal occupational injuries per 100'000 workers","Sex: Total","Migrant status: Non migrants","2022",7.785,"Coverage of occupational injuries: Reported injuries | Type of cases of occupational injuries: Cases of occupational injury",
"Uzbekistan","OE - Official Estimates","SDG indicator 8.8.1 - Non-fatal occupational injuries per 100'000 workers","Sex: Male","Migrant status: Total","2022",13.554,"Coverage of occupational injuries: Reported injuries | Type of cases of occupational injuries: Cases of occupational injury",
"Uzbekistan","OE - Official Estimates","SDG indicator 8.8.1 - Non-fatal occupational injuries per 100'000 workers","Sex: Male","Migrant status: Non migrants","2022",13.554,"Coverage of occupational injuries: Reported injuries | Type of cases of occupational injuries: Cases of occupational injury",
"Uzbekistan","OE - Official Estimates","SDG indicator 8.8.1 - Non-fatal occupational injuries per 100'000 workers","Sex: Female","Migrant status: Total","2022",1.804,"Coverage of occupational injuries: Reported injuries | Type of cases of occupational injuries: Cases of occupational injury",
"Uzbekistan","OE - Official Estimates","SDG indicator 8.8.1 - Non-fatal occupational injuries per 100'000 workers","Sex: Female","Migrant status: Non migrants","2022",1.804,"Coverage of occupational injuries: Reported injuries | Type of cases of occupational injuries: Cases of occupational injury",
"Uzbekistan","OE - Official Estimates","SDG indicator 8.8.1 - Non-fatal occupational injuries per 100'000 workers","Sex: Total","Migrant status: Total","2021",27.3,"Coverage of occupational injuries: Reported injuries | Type of cases of occupational injuries: Cases of occupational injury",
"Uzbekistan","OE - Official Estimates","SDG indicator 8.8.1 - Non-fatal occupational injuries per 100'000 workers","Sex: Total","Migrant status: Migrants","2021",0,"Coverage of occupational injuries: Reported injuries | Type of cases of occupational injuries: Cases of occupational injury",
"Uzbekistan","OE - Official Estimates","SDG indicator 8.8.1 - Non-fatal occupational injuries per 100'000 workers","Sex: Total","Migrant status: Non migrants","2021",27.3,"Coverage of occupational injuries: Reported injuries | Type of cases of occupational injuries: Cases of occupational injury",
"Uzbekistan","OE - Official Estimates","SDG indicator 8.8.1 - Non-fatal occupational injuries per 100'000 workers","Sex: Male","Migrant status: Total","2021",32,"Coverage of occupational injuries: Reported injuries | Type of cases of occupational injuries: Cases of occupational injury",
"Uzbekistan","OE - Official Estimates","SDG indicator 8.8.1 - Non-fatal occupational injuries per 100'000 workers","Sex: Male","Migrant status: Migrants","2021",0,"Coverage of occupational injuries: Reported injuries | Type of cases of occupational injuries: Cases of occupational injury",
"Uzbekistan","OE - Official Estimates","SDG indicator 8.8.1 - Non-fatal occupational injuries per 100'000 workers","Sex: Male","Migrant status: Non migrants","2021",32,"Coverage of occupational injuries: Reported injuries | Type of cases of occupational injuries: Cases of occupational injury",
"Uzbekistan","OE - Official Estimates","SDG indicator 8.8.1 - Non-fatal occupational injuries per 100'000 workers","Sex: Female","Migrant status: Total","2021",12.6,"Coverage of occupational injuries: Reported injuries | Type of cases of occupational injuries: Cases of occupational injury",
"Uzbekistan","OE - Official Estimates","SDG indicator 8.8.1 - Non-fatal occupational injuries per 100'000 workers","Sex: Female","Migrant status: Migrants","2021",0,"Coverage of occupational injuries: Reported injuries | Type of cases of occupational injuries: Cases of occupational injury",
"Uzbekistan","OE - Official Estimates","SDG indicator 8.8.1 - Non-fatal occupational injuries per 100'000 workers","Sex: Female","Migrant status: Non migrants","2021",12.6,"Coverage of occupational injuries: Reported injuries | Type of cases of occupational injuries: Cases of occupational injury",
"Uzbekistan","OE - Official Estimates","SDG indicator 8.8.1 - Non-fatal occupational injuries per 100'000 workers","Sex: Total","Migrant status: Total","2020",10.2,"Coverage of occupational injuries: Reported injuries | Type of cases of occupational injuries: Cases of occupational injury",
"Uzbekistan","OE - Official Estimates","SDG indicator 8.8.1 - Non-fatal occupational injuries per 100'000 workers","Sex: Total","Migrant status: Migrants","2020",0,"Coverage of occupational injuries: Reported injuries | Type of cases of occupational injuries: Cases of occupational injury",
"Uzbekistan","OE - Official Estimates","SDG indicator 8.8.1 - Non-fatal occupational injuries per 100'000 workers","Sex: Total","Migrant status: Non migrants","2020",10.2,"Coverage of occupational injuries: Reported injuries | Type of cases of occupational injuries: Cases of occupational injury",
"Uzbekistan","OE - Official Estimates","SDG indicator 8.8.1 - Non-fatal occupational injuries per 100'000 workers","Sex: Male","Migrant status: Total","2020",12.2,"Coverage of occupational injuries: Reported injuries | Type of cases of occupational injuries: Cases of occupational injury",
"Uzbekistan","OE - Official Estimates","SDG indicator 8.8.1 - Non-fatal occupational injuries per 100'000 workers","Sex: Male","Migrant status: Migrants","2020",0,"Coverage of occupational injuries: Reported injuries | Type of cases of occupational injuries: Cases of occupational injury",
"Uzbekistan","OE - Official Estimates","SDG indicator 8.8.1 - Non-fatal occupational injuries per 100'000 workers","Sex: Male","Migrant status: Non migrants","2020",12.2,"Coverage of occupational injuries: Reported injuries | Type of cases of occupational injuries: Cases of occupational injury",
"Uzbekistan","OE - Official Estimates","SDG indicator 8.8.1 - Non-fatal occupational injuries per 100'000 workers","Sex: Female","Migrant status: Total","2020",3.9,"Coverage of occupational injuries: Reported injuries | Type of cases of occupational injuries: Cases of occupational injury",
"Uzbekistan","OE - Official Estimates","SDG indicator 8.8.1 - Non-fatal occupational injuries per 100'000 workers","Sex: Female","Migrant status: Migrants","2020",0,"Coverage of occupational injuries: Reported injuries | Type of cases of occupational injuries: Cases of occupational injury",
"Uzbekistan","OE - Official Estimates","SDG indicator 8.8.1 - Non-fatal occupational injuries per 100'000 workers","Sex: Female","Migrant status: Non migrants","2020",3.9,"Coverage of occupational injuries: Reported injuries | Type of cases of occupational injuries: Cases of occupational injury",
"Uzbekistan","OE - Official Estimates","SDG indicator 8.8.1 - Non-fatal occupational injuries per 100'000 workers","Sex: Total","Migrant status: Total","2019",36,"Coverage of occupational injuries: Reported injuries | Type of cases of occupational injuries: Cases of occupational injury",
"Uzbekistan","OE - Official Estimates","SDG indicator 8.8.1 - Non-fatal occupational injuries per 100'000 workers","Sex: Total","Migrant status: Non migrants","2019",36,"Coverage of occupational injuries: Reported injuries | Type of cases of occupational injuries: Cases of occupational injury",
"Uzbekistan","OE - Official Estimates","SDG indicator 8.8.1 - Non-fatal occupational injuries per 100'000 workers","Sex: Male","Migrant status: Total","2019",43,"Coverage of occupational injuries: Reported injuries | Type of cases of occupational injuries: Cases of occupational injury",
"Uzbekistan","OE - Official Estimates","SDG indicator 8.8.1 - Non-fatal occupational injuries per 100'000 workers","Sex: Male","Migrant status: Non migrants","2019",43,"Coverage of occupational injuries: Reported injuries | Type of cases of occupational injuries: Cases of occupational injury",
"Uzbekistan","OE - Official Estimates","SDG indicator 8.8.1 - Non-fatal occupational injuries per 100'000 workers","Sex: Female","Migrant status: Total","2019",9,"Coverage of occupational injuries: Reported injuries | Type of cases of occupational injuries: Cases of occupational injury",
"Uzbekistan","OE - Official Estimates","SDG indicator 8.8.1 - Non-fatal occupational injuries per 100'000 workers","Sex: Female","Migrant status: Non migrants","2019",9,"Coverage of occupational injuries: Reported injuries | Type of cases of occupational injuries: Cases of occupational injury",
"Uzbekistan","OE - Official Estimates","SDG indicator 8.8.1 - Non-fatal occupational injuries per 100'000 workers","Sex: Total","Migrant status: Total","2018",34,"Coverage of occupational injuries: Reported injuries | Type of cases of occupational injuries: Cases of occupational injury",
"Uzbekistan","OE - Official Estimates","SDG indicator 8.8.1 - Non-fatal occupational injuries per 100'000 workers","Sex: Total","Migrant status: Non migrants","2018",34,"Coverage of occupational injuries: Reported injuries | Type of cases of occupational injuries: Cases of occupational injury",
"Uzbekistan","OE - Official Estimates","SDG indicator 8.8.1 - Non-fatal occupational injuries per 100'000 workers","Sex: Male","Migrant status: Total","2018",41,"Coverage of occupational injuries: Reported injuries | Type of cases of occupational injuries: Cases of occupational injury",
"Uzbekistan","OE - Official Estimates","SDG indicator 8.8.1 - Non-fatal occupational injuries per 100'000 workers","Sex: Male","Migrant status: Non migrants","2018",41,"Coverage of occupational injuries: Reported injuries | Type of cases of occupational injuries: Cases of occupational injury",
"Uzbekistan","OE - Official Estimates","SDG indicator 8.8.1 - Non-fatal occupational injuries per 100'000 workers","Sex: Female","Migrant status: Total","2018",10,"Coverage of occupational injuries: Reported injuries | Type of cases of occupational injuries: Cases of occupational injury",
"Uzbekistan","OE - Official Estimates","SDG indicator 8.8.1 - Non-fatal occupational injuries per 100'000 workers","Sex: Female","Migrant status: Non migrants","2018",10,"Coverage of occupational injuries: Reported injuries | Type of cases of occupational injuries: Cases of occupational injury",
"Uzbekistan","OE - Official Estimates","SDG indicator 8.8.1 - Non-fatal occupational injuries per 100'000 workers","Sex: Total","Migrant status: Total","2017",33,"Coverage of occupational injuries: Reported injuries | Type of cases of occupational injuries: Cases of occupational injury",
"Uzbekistan","OE - Official Estimates","SDG indicator 8.8.1 - Non-fatal occupational injuries per 100'000 workers","Sex: Total","Migrant status: Non migrants","2017",33,"Coverage of occupational injuries: Reported injuries | Type of cases of occupational injuries: Cases of occupational injury",
"Uzbekistan","OE - Official Estimates","SDG indicator 8.8.1 - Non-fatal occupational injuries per 100'000 workers","Sex: Male","Migrant status: Total","2017",36,"Coverage of occupational injuries: Reported injuries | Type of cases of occupational injuries: Cases of occupational injury",
"Uzbekistan","OE - Official Estimates","SDG indicator 8.8.1 - Non-fatal occupational injuries per 100'000 workers","Sex: Male","Migrant status: Non migrants","2017",36,"Coverage of occupational injuries: Reported injuries | Type of cases of occupational injuries: Cases of occupational injury",
"Uzbekistan","OE - Official Estimates","SDG indicator 8.8.1 - Non-fatal occupational injuries per 100'000 workers","Sex: Female","Migrant status: Total","2017",18,"Coverage of occupational injuries: Reported injuries | Type of cases of occupational injuries: Cases of occupational injury",
"Uzbekistan","OE - Official Estimates","SDG indicator 8.8.1 - Non-fatal occupational injuries per 100'000 workers","Sex: Female","Migrant status: Non migrants","2017",18,"Coverage of occupational injuries: Reported injuries | Type of cases of occupational injuries: Cases of occupational injury",
"Uzbekistan","OE - Official Estimates","SDG indicator 8.8.1 - Non-fatal occupational injuries per 100'000 workers","Sex: Total","Migrant status: Total","2016",38,"Coverage of occupational injuries: Reported injuries | Type of cases of occupational injuries: Cases of occupational injury",
"Uzbekistan","OE - Official Estimates","SDG indicator 8.8.1 - Non-fatal occupational injuries per 100'000 workers","Sex: Total","Migrant status: Non migrants","2016",38,"Coverage of occupational injuries: Reported injuries | Type of cases of occupational injuries: Cases of occupational injury",
"Uzbekistan","OE - Official Estimates","SDG indicator 8.8.1 - Non-fatal occupational injuries per 100'000 workers","Sex: Male","Migrant status: Total","2016",44,"Coverage of occupational injuries: Reported injuries | Type of cases of occupational injuries: Cases of occupational injury",
"Uzbekistan","OE - Official Estimates","SDG indicator 8.8.1 - Non-fatal occupational injuries per 100'000 workers","Sex: Male","Migrant status: Non migrants","2016",44,"Coverage of occupational injuries: Reported injuries | Type of cases of occupational injuries: Cases of occupational injury",
"Uzbekistan","OE - Official Estimates","SDG indicator 8.8.1 - Non-fatal occupational injuries per 100'000 workers","Sex: Female","Migrant status: Total","2016",16,"Coverage of occupational injuries: Reported injuries | Type of cases of occupational injuries: Cases of occupational injury",
"Uzbekistan","OE - Official Estimates","SDG indicator 8.8.1 - Non-fatal occupational injuries per 100'000 workers","Sex: Female","Migrant status: Non migrants","2016",16,"Coverage of occupational injuries: Reported injuries | Type of cases of occupational injuries: Cases of occupational injury",
"Uzbekistan","OE - Official Estimates","SDG indicator 8.8.1 - Non-fatal occupational injuries per 100'000 workers","Sex: Total","Migrant status: Total","2015",38,"Coverage of occupational injuries: Reported injuries | Type of cases of occupational injuries: Cases of occupational injury",
"Uzbekistan","OE - Official Estimates","SDG indicator 8.8.1 - Non-fatal occupational injuries per 100'000 workers","Sex: Male","Migrant status: Total","2015",44,"Coverage of occupational injuries: Reported injuries | Type of cases of occupational injuries: Cases of occupational injury",
"Uzbekistan","OE - Official Estimates","SDG indicator 8.8.1 - Non-fatal occupational injuries per 100'000 workers","Sex: Male","Migrant status: Non migrants","2015",44,"Coverage of occupational injuries: Reported injuries | Type of cases of occupational injuries: Cases of occupational injury",
"Uzbekistan","OE - Official Estimates","SDG indicator 8.8.1 - Non-fatal occupational injuries per 100'000 workers","Sex: Female","Migrant status: Total","2015",17,"Coverage of occupational injuries: Reported injuries | Type of cases of occupational injuries: Cases of occupational injury",
"Uzbekistan","OE - Official Estimates","SDG indicator 8.8.1 - Non-fatal occupational injuries per 100'000 workers","Sex: Female","Migrant status: Non migrants","2015",17,"Coverage of occupational injuries: Reported injuries | Type of cases of occupational injuries: Cases of occupational injury",
"Uzbekistan","OE - Official Estimates","SDG indicator 8.8.1 - Non-fatal occupational injuries per 100'000 workers","Sex: Total","Migrant status: Total","2014",45.1,"Coverage of occupational injuries: Reported injuries | Type of cases of occupational injuries: Cases of occupational injury",
"Uzbekistan","OE - Official Estimates","SDG indicator 8.8.1 - Non-fatal occupational injuries per 100'000 workers","Sex: Male","Migrant status: Total","2014",53.7,"Coverage of occupational injuries: Reported injuries | Type of cases of occupational injuries: Cases of occupational injury",
"Uzbekistan","OE - Official Estimates","SDG indicator 8.8.1 - Non-fatal occupational injuries per 100'000 workers","Sex: Female","Migrant status: Total","2014",15.3,"Coverage of occupational injuries: Reported injuries | Type of cases of occupational injuries: Cases of occupational injury",
"Uzbekistan","OE - Official Estimates","SDG indicator 8.8.1 - Non-fatal occupational injuries per 100'000 workers","Sex: Total","Migrant status: Total","2013",41.9,"Coverage of occupational injuries: Reported injuries | Type of cases of occupational injuries: Cases of occupational injury",
"Uzbekistan","OE - Official Estimates","SDG indicator 8.8.1 - Non-fatal occupational injuries per 100'000 workers","Sex: Male","Migrant status: Total","2013",49.9,"Coverage of occupational injuries: Reported injuries | Type of cases of occupational injuries: Cases of occupational injury",
"Uzbekistan","OE - Official Estimates","SDG indicator 8.8.1 - Non-fatal occupational injuries per 100'000 workers","Sex: Female","Migrant status: Total","2013",15,"Coverage of occupational injuries: Reported injuries | Type of cases of occupational injuries: Cases of occupational injury",
"Zimbabwe","ADM-IR - Records of the National Social Security","SDG indicator 8.8.1 - Non-fatal occupational injuries per 100'000 workers","Sex: Total","Migrant status: Total","2022",322,"Coverage of occupational injuries: Reported injuries | Type of cases of occupational injuries: Cases of occupational injury","Data reference period: End of the year | Reference group coverage: Insured persons"
"Zimbabwe","ADM-IR - Records of the National Social Security","SDG indicator 8.8.1 - Non-fatal occupational injuries per 100'000 workers","Sex: Male","Migrant status: Total","2022",304.4,"Coverage of occupational injuries: Reported injuries | Type of cases of occupational injuries: Cases of occupational injury","Data reference period: End of the year | Reference group coverage: Insured persons"
"Zimbabwe","ADM-IR - Records of the National Social Security","SDG indicator 8.8.1 - Non-fatal occupational injuries per 100'000 workers","Sex: Female","Migrant status: Total","2022",17.5,"Coverage of occupational injuries: Reported injuries | Type of cases of occupational injuries: Cases of occupational injury","Data reference period: End of the year | Reference group coverage: Insured persons"
