"ref_area.label","source.label","indicator.label","sex.label","classif1.label","time","obs_value","obs_status.label","note_indicator.label","note_source.label"
"Argentina","ADM - Register of Work Accidents and Occupational Injuries","SDG indicator 8.8.1 - Fatal occupational injuries per 100'000 workers","Sex: Total","Migrant status: Total","2023",3.26,,"Coverage of occupational injuries: Reported injuries | Type of cases of occupational injuries: Including cases of occupational disease","Reference group coverage: Insured persons"
"Argentina","ADM - Register of Work Accidents and Occupational Injuries","SDG indicator 8.8.1 - Fatal occupational injuries per 100'000 workers","Sex: Total","Migrant status: Migrants","2023",2.67,,"Coverage of occupational injuries: Reported injuries | Type of cases of occupational injuries: Including cases of occupational disease","Reference group coverage: Insured persons"
"Argentina","ADM - Register of Work Accidents and Occupational Injuries","SDG indicator 8.8.1 - Fatal occupational injuries per 100'000 workers","Sex: Total","Migrant status: Non migrants","2023",3.12,,"Coverage of occupational injuries: Reported injuries | Type of cases of occupational injuries: Including cases of occupational disease","Reference group coverage: Insured persons"
"Argentina","ADM - Register of Work Accidents and Occupational Injuries","SDG indicator 8.8.1 - Fatal occupational injuries per 100'000 workers","Sex: Male","Migrant status: Total","2023",5.25,,"Coverage of occupational injuries: Reported injuries | Type of cases of occupational injuries: Including cases of occupational disease","Reference group coverage: Insured persons"
"Argentina","ADM - Register of Work Accidents and Occupational Injuries","SDG indicator 8.8.1 - Fatal occupational injuries per 100'000 workers","Sex: Male","Migrant status: Migrants","2023",5.23,,"Coverage of occupational injuries: Reported injuries | Type of cases of occupational injuries: Including cases of occupational disease","Reference group coverage: Insured persons"
"Argentina","ADM - Register of Work Accidents and Occupational Injuries","SDG indicator 8.8.1 - Fatal occupational injuries per 100'000 workers","Sex: Male","Migrant status: Non migrants","2023",5.25,,"Coverage of occupational injuries: Reported injuries | Type of cases of occupational injuries: Including cases of occupational disease","Reference group coverage: Insured persons"
"Argentina","ADM - Register of Work Accidents and Occupational Injuries","SDG indicator 8.8.1 - Fatal occupational injuries per 100'000 workers","Sex: Female","Migrant status: Total","2023",0.23,,"Coverage of occupational injuries: Reported injuries | Type of cases of occupational injuries: Including cases of occupational disease","Reference group coverage: Insured persons"
"Argentina","ADM - Register of Work Accidents and Occupational Injuries","SDG indicator 8.8.1 - Fatal occupational injuries per 100'000 workers","Sex: Female","Migrant status: Migrants","2023",0,,"Coverage of occupational injuries: Reported injuries | Type of cases of occupational injuries: Including cases of occupational disease","Reference group coverage: Insured persons"
"Argentina","ADM - Register of Work Accidents and Occupational Injuries","SDG indicator 8.8.1 - Fatal occupational injuries per 100'000 workers","Sex: Female","Migrant status: Non migrants","2023",0.24,,"Coverage of occupational injuries: Reported injuries | Type of cases of occupational injuries: Including cases of occupational disease","Reference group coverage: Insured persons"
"Argentina","ADM - Register of Work Accidents and Occupational Injuries","SDG indicator 8.8.1 - Fatal occupational injuries per 100'000 workers","Sex: Total","Migrant status: Total","2022",3.331,,"Coverage of occupational injuries: Reported injuries | Type of cases of occupational injuries: Including cases of occupational disease","Reference group coverage: Insured persons"
"Argentina","ADM - Register of Work Accidents and Occupational Injuries","SDG indicator 8.8.1 - Fatal occupational injuries per 100'000 workers","Sex: Total","Migrant status: Migrants","2022",2.542,,"Coverage of occupational injuries: Reported injuries | Type of cases of occupational injuries: Including cases of occupational disease","Reference group coverage: Insured persons"
"Argentina","ADM - Register of Work Accidents and Occupational Injuries","SDG indicator 8.8.1 - Fatal occupational injuries per 100'000 workers","Sex: Total","Migrant status: Non migrants","2022",3.211,,"Coverage of occupational injuries: Reported injuries | Type of cases of occupational injuries: Including cases of occupational disease","Reference group coverage: Insured persons"
"Argentina","ADM - Register of Work Accidents and Occupational Injuries","SDG indicator 8.8.1 - Fatal occupational injuries per 100'000 workers","Sex: Male","Migrant status: Total","2022",5.426,,"Coverage of occupational injuries: Reported injuries | Type of cases of occupational injuries: Including cases of occupational disease","Reference group coverage: Insured persons"
"Argentina","ADM - Register of Work Accidents and Occupational Injuries","SDG indicator 8.8.1 - Fatal occupational injuries per 100'000 workers","Sex: Male","Migrant status: Migrants","2022",5.016,,"Coverage of occupational injuries: Reported injuries | Type of cases of occupational injuries: Including cases of occupational disease","Reference group coverage: Insured persons"
"Argentina","ADM - Register of Work Accidents and Occupational Injuries","SDG indicator 8.8.1 - Fatal occupational injuries per 100'000 workers","Sex: Male","Migrant status: Non migrants","2022",5.442,,"Coverage of occupational injuries: Reported injuries | Type of cases of occupational injuries: Including cases of occupational disease","Reference group coverage: Insured persons"
"Argentina","ADM - Register of Work Accidents and Occupational Injuries","SDG indicator 8.8.1 - Fatal occupational injuries per 100'000 workers","Sex: Female","Migrant status: Total","2022",0.144,,"Coverage of occupational injuries: Reported injuries | Type of cases of occupational injuries: Including cases of occupational disease","Reference group coverage: Insured persons"
"Argentina","ADM - Register of Work Accidents and Occupational Injuries","SDG indicator 8.8.1 - Fatal occupational injuries per 100'000 workers","Sex: Female","Migrant status: Migrants","2022",0,,"Coverage of occupational injuries: Reported injuries | Type of cases of occupational injuries: Including cases of occupational disease","Reference group coverage: Insured persons"
"Argentina","ADM - Register of Work Accidents and Occupational Injuries","SDG indicator 8.8.1 - Fatal occupational injuries per 100'000 workers","Sex: Female","Migrant status: Non migrants","2022",0.152,,"Coverage of occupational injuries: Reported injuries | Type of cases of occupational injuries: Including cases of occupational disease","Reference group coverage: Insured persons"
"Argentina","ADM - Register of Work Accidents and Occupational Injuries","SDG indicator 8.8.1 - Fatal occupational injuries per 100'000 workers","Sex: Total","Migrant status: Total","2021",3.15,,"Coverage of occupational injuries: Reported injuries | Type of cases of occupational injuries: Including cases of occupational disease","Reference group coverage: Insured persons"
"Argentina","ADM - Register of Work Accidents and Occupational Injuries","SDG indicator 8.8.1 - Fatal occupational injuries per 100'000 workers","Sex: Total","Migrant status: Migrants","2021",1.79,,"Coverage of occupational injuries: Reported injuries | Type of cases of occupational injuries: Including cases of occupational disease","Reference group coverage: Insured persons"
"Argentina","ADM - Register of Work Accidents and Occupational Injuries","SDG indicator 8.8.1 - Fatal occupational injuries per 100'000 workers","Sex: Total","Migrant status: Non migrants","2021",3.25,,"Coverage of occupational injuries: Reported injuries | Type of cases of occupational injuries: Including cases of occupational disease","Reference group coverage: Insured persons"
"Argentina","ADM - Register of Work Accidents and Occupational Injuries","SDG indicator 8.8.1 - Fatal occupational injuries per 100'000 workers","Sex: Male","Migrant status: Total","2021",5.36,,"Coverage of occupational injuries: Reported injuries | Type of cases of occupational injuries: Including cases of occupational disease","Reference group coverage: Insured persons"
"Argentina","ADM - Register of Work Accidents and Occupational Injuries","SDG indicator 8.8.1 - Fatal occupational injuries per 100'000 workers","Sex: Male","Migrant status: Migrants","2021",5.02,,"Coverage of occupational injuries: Reported injuries | Type of cases of occupational injuries: Including cases of occupational disease","Reference group coverage: Insured persons"
"Argentina","ADM - Register of Work Accidents and Occupational Injuries","SDG indicator 8.8.1 - Fatal occupational injuries per 100'000 workers","Sex: Male","Migrant status: Non migrants","2021",5.37,,"Coverage of occupational injuries: Reported injuries | Type of cases of occupational injuries: Including cases of occupational disease","Reference group coverage: Insured persons"
"Argentina","ADM - Register of Work Accidents and Occupational Injuries","SDG indicator 8.8.1 - Fatal occupational injuries per 100'000 workers","Sex: Female","Migrant status: Total","2021",0.3,,"Coverage of occupational injuries: Reported injuries | Type of cases of occupational injuries: Including cases of occupational disease","Reference group coverage: Insured persons"
"Argentina","ADM - Register of Work Accidents and Occupational Injuries","SDG indicator 8.8.1 - Fatal occupational injuries per 100'000 workers","Sex: Female","Migrant status: Migrants","2021",0,,"Coverage of occupational injuries: Reported injuries | Type of cases of occupational injuries: Including cases of occupational disease","Reference group coverage: Insured persons"
"Argentina","ADM - Register of Work Accidents and Occupational Injuries","SDG indicator 8.8.1 - Fatal occupational injuries per 100'000 workers","Sex: Female","Migrant status: Non migrants","2021",0.32,,"Coverage of occupational injuries: Reported injuries | Type of cases of occupational injuries: Including cases of occupational disease","Reference group coverage: Insured persons"
"Argentina","ADM - Register of Work Accidents and Occupational Injuries","SDG indicator 8.8.1 - Fatal occupational injuries per 100'000 workers","Sex: Total","Migrant status: Total","2020",3.09,,"Coverage of occupational injuries: Reported injuries | Type of cases of occupational injuries: Including cases of occupational disease","Reference group coverage: Insured persons"
"Argentina","ADM - Register of Work Accidents and Occupational Injuries","SDG indicator 8.8.1 - Fatal occupational injuries per 100'000 workers","Sex: Total","Migrant status: Migrants","2020",1.49,,"Coverage of occupational injuries: Reported injuries | Type of cases of occupational injuries: Including cases of occupational disease","Reference group coverage: Insured persons"
"Argentina","ADM - Register of Work Accidents and Occupational Injuries","SDG indicator 8.8.1 - Fatal occupational injuries per 100'000 workers","Sex: Total","Migrant status: Non migrants","2020",3.03,,"Coverage of occupational injuries: Reported injuries | Type of cases of occupational injuries: Including cases of occupational disease","Reference group coverage: Insured persons"
"Argentina","ADM - Register of Work Accidents and Occupational Injuries","SDG indicator 8.8.1 - Fatal occupational injuries per 100'000 workers","Sex: Male","Migrant status: Total","2020",5.03,,"Coverage of occupational injuries: Reported injuries | Type of cases of occupational injuries: Including cases of occupational disease","Reference group coverage: Insured persons"
"Argentina","ADM - Register of Work Accidents and Occupational Injuries","SDG indicator 8.8.1 - Fatal occupational injuries per 100'000 workers","Sex: Male","Migrant status: Migrants","2020",1.82,,"Coverage of occupational injuries: Reported injuries | Type of cases of occupational injuries: Including cases of occupational disease","Reference group coverage: Insured persons"
"Argentina","ADM - Register of Work Accidents and Occupational Injuries","SDG indicator 8.8.1 - Fatal occupational injuries per 100'000 workers","Sex: Male","Migrant status: Non migrants","2020",5.49,,"Coverage of occupational injuries: Reported injuries | Type of cases of occupational injuries: Including cases of occupational disease","Reference group coverage: Insured persons"
"Argentina","ADM - Register of Work Accidents and Occupational Injuries","SDG indicator 8.8.1 - Fatal occupational injuries per 100'000 workers","Sex: Female","Migrant status: Total","2020",0.24,,"Coverage of occupational injuries: Reported injuries | Type of cases of occupational injuries: Including cases of occupational disease","Reference group coverage: Insured persons"
"Argentina","ADM - Register of Work Accidents and Occupational Injuries","SDG indicator 8.8.1 - Fatal occupational injuries per 100'000 workers","Sex: Female","Migrant status: Migrants","2020",0.46,,"Coverage of occupational injuries: Reported injuries | Type of cases of occupational injuries: Including cases of occupational disease","Reference group coverage: Insured persons"
"Argentina","ADM - Register of Work Accidents and Occupational Injuries","SDG indicator 8.8.1 - Fatal occupational injuries per 100'000 workers","Sex: Female","Migrant status: Non migrants","2020",0.23,,"Coverage of occupational injuries: Reported injuries | Type of cases of occupational injuries: Including cases of occupational disease","Reference group coverage: Insured persons"
"Argentina","ADM - Register of Work Accidents and Occupational Injuries","SDG indicator 8.8.1 - Fatal occupational injuries per 100'000 workers","Sex: Total","Migrant status: Total","2019",3.43,,"Coverage of occupational injuries: Reported injuries | Type of cases of occupational injuries: Including cases of occupational disease","Reference group coverage: Insured persons"
"Argentina","ADM - Register of Work Accidents and Occupational Injuries","SDG indicator 8.8.1 - Fatal occupational injuries per 100'000 workers","Sex: Total","Migrant status: Migrants","2019",3.44,,"Coverage of occupational injuries: Reported injuries | Type of cases of occupational injuries: Including cases of occupational disease","Reference group coverage: Insured persons"
"Argentina","ADM - Register of Work Accidents and Occupational Injuries","SDG indicator 8.8.1 - Fatal occupational injuries per 100'000 workers","Sex: Total","Migrant status: Non migrants","2019",3.24,,"Coverage of occupational injuries: Reported injuries | Type of cases of occupational injuries: Including cases of occupational disease","Reference group coverage: Insured persons"
"Argentina","ADM - Register of Work Accidents and Occupational Injuries","SDG indicator 8.8.1 - Fatal occupational injuries per 100'000 workers","Sex: Male","Migrant status: Total","2019",5.46,,"Coverage of occupational injuries: Reported injuries | Type of cases of occupational injuries: Including cases of occupational disease","Reference group coverage: Insured persons"
"Argentina","ADM - Register of Work Accidents and Occupational Injuries","SDG indicator 8.8.1 - Fatal occupational injuries per 100'000 workers","Sex: Male","Migrant status: Migrants","2019",5.63,,"Coverage of occupational injuries: Reported injuries | Type of cases of occupational injuries: Including cases of occupational disease","Reference group coverage: Insured persons"
"Argentina","ADM - Register of Work Accidents and Occupational Injuries","SDG indicator 8.8.1 - Fatal occupational injuries per 100'000 workers","Sex: Male","Migrant status: Non migrants","2019",5.45,,"Coverage of occupational injuries: Reported injuries | Type of cases of occupational injuries: Including cases of occupational disease","Reference group coverage: Insured persons"
"Argentina","ADM - Register of Work Accidents and Occupational Injuries","SDG indicator 8.8.1 - Fatal occupational injuries per 100'000 workers","Sex: Female","Migrant status: Total","2019",0.22,,"Coverage of occupational injuries: Reported injuries | Type of cases of occupational injuries: Including cases of occupational disease","Reference group coverage: Insured persons"
"Argentina","ADM - Register of Work Accidents and Occupational Injuries","SDG indicator 8.8.1 - Fatal occupational injuries per 100'000 workers","Sex: Female","Migrant status: Migrants","2019",0.92,,"Coverage of occupational injuries: Reported injuries | Type of cases of occupational injuries: Including cases of occupational disease","Reference group coverage: Insured persons"
"Argentina","ADM - Register of Work Accidents and Occupational Injuries","SDG indicator 8.8.1 - Fatal occupational injuries per 100'000 workers","Sex: Female","Migrant status: Non migrants","2019",0.18,,"Coverage of occupational injuries: Reported injuries | Type of cases of occupational injuries: Including cases of occupational disease","Reference group coverage: Insured persons"
"Argentina","ADM - Register of Work Accidents and Occupational Injuries","SDG indicator 8.8.1 - Fatal occupational injuries per 100'000 workers","Sex: Total","Migrant status: Total","2018",3.722,,"Coverage of occupational injuries: Reported injuries | Type of cases of occupational injuries: Including cases of occupational disease | Minimum period of absence from work: Incapacities lasting 1 day or more | Time unit for measuring time lost: Calendar days","Reference group coverage: Insured persons"
"Argentina","ADM - Register of Work Accidents and Occupational Injuries","SDG indicator 8.8.1 - Fatal occupational injuries per 100'000 workers","Sex: Total","Migrant status: Migrants","2018",3.913,,"Coverage of occupational injuries: Reported injuries | Type of cases of occupational injuries: Including cases of occupational disease | Minimum period of absence from work: Incapacities lasting 1 day or more | Time unit for measuring time lost: Calendar days","Reference group coverage: Insured persons"
"Argentina","ADM - Register of Work Accidents and Occupational Injuries","SDG indicator 8.8.1 - Fatal occupational injuries per 100'000 workers","Sex: Total","Migrant status: Non migrants","2018",3.454,,"Coverage of occupational injuries: Reported injuries | Type of cases of occupational injuries: Including cases of occupational disease | Minimum period of absence from work: Incapacities lasting 1 day or more | Time unit for measuring time lost: Calendar days","Reference group coverage: Insured persons"
"Argentina","ADM - Register of Work Accidents and Occupational Injuries","SDG indicator 8.8.1 - Fatal occupational injuries per 100'000 workers","Sex: Male","Migrant status: Total","2018",5.488,,"Coverage of occupational injuries: Reported injuries | Type of cases of occupational injuries: Including cases of occupational disease | Minimum period of absence from work: Incapacities lasting 1 day or more | Time unit for measuring time lost: Calendar days","Reference group coverage: Insured persons"
"Argentina","ADM - Register of Work Accidents and Occupational Injuries","SDG indicator 8.8.1 - Fatal occupational injuries per 100'000 workers","Sex: Male","Migrant status: Migrants","2018",5.656,,"Coverage of occupational injuries: Reported injuries | Type of cases of occupational injuries: Including cases of occupational disease | Minimum period of absence from work: Incapacities lasting 1 day or more | Time unit for measuring time lost: Calendar days","Reference group coverage: Insured persons"
"Argentina","ADM - Register of Work Accidents and Occupational Injuries","SDG indicator 8.8.1 - Fatal occupational injuries per 100'000 workers","Sex: Male","Migrant status: Non migrants","2018",5.48,,"Coverage of occupational injuries: Reported injuries | Type of cases of occupational injuries: Including cases of occupational disease | Minimum period of absence from work: Incapacities lasting 1 day or more | Time unit for measuring time lost: Calendar days","Reference group coverage: Insured persons"
"Argentina","ADM - Register of Work Accidents and Occupational Injuries","SDG indicator 8.8.1 - Fatal occupational injuries per 100'000 workers","Sex: Female","Migrant status: Total","2018",0.257,,"Coverage of occupational injuries: Reported injuries | Type of cases of occupational injuries: Including cases of occupational disease | Minimum period of absence from work: Incapacities lasting 1 day or more | Time unit for measuring time lost: Calendar days","Reference group coverage: Insured persons"
"Argentina","ADM - Register of Work Accidents and Occupational Injuries","SDG indicator 8.8.1 - Fatal occupational injuries per 100'000 workers","Sex: Female","Migrant status: Migrants","2018",0,,"Coverage of occupational injuries: Reported injuries | Type of cases of occupational injuries: Including cases of occupational disease | Minimum period of absence from work: Incapacities lasting 1 day or more | Time unit for measuring time lost: Calendar days","Reference group coverage: Insured persons"
"Argentina","ADM - Register of Work Accidents and Occupational Injuries","SDG indicator 8.8.1 - Fatal occupational injuries per 100'000 workers","Sex: Female","Migrant status: Non migrants","2018",0.265,,"Coverage of occupational injuries: Reported injuries | Type of cases of occupational injuries: Including cases of occupational disease | Minimum period of absence from work: Incapacities lasting 1 day or more | Time unit for measuring time lost: Calendar days","Reference group coverage: Insured persons"
"Argentina","ADM - Register of Work Accidents and Occupational Injuries","SDG indicator 8.8.1 - Fatal occupational injuries per 100'000 workers","Sex: Total","Migrant status: Total","2017",4.37,,"Coverage of occupational injuries: Reported injuries | Type of cases of occupational injuries: Including cases of occupational disease","Reference group coverage: Insured persons"
"Argentina","ADM - Register of Work Accidents and Occupational Injuries","SDG indicator 8.8.1 - Fatal occupational injuries per 100'000 workers","Sex: Total","Migrant status: Migrants","2017",4.517,,"Coverage of occupational injuries: Reported injuries | Type of cases of occupational injuries: Including cases of occupational disease","Reference group coverage: Insured persons"
"Argentina","ADM - Register of Work Accidents and Occupational Injuries","SDG indicator 8.8.1 - Fatal occupational injuries per 100'000 workers","Sex: Total","Migrant status: Non migrants","2017",4.123,,"Coverage of occupational injuries: Reported injuries | Type of cases of occupational injuries: Including cases of occupational disease","Reference group coverage: Insured persons"
"Argentina","ADM - Register of Work Accidents and Occupational Injuries","SDG indicator 8.8.1 - Fatal occupational injuries per 100'000 workers","Sex: Male","Migrant status: Total","2017",6.533,,"Coverage of occupational injuries: Reported injuries | Type of cases of occupational injuries: Including cases of occupational disease","Reference group coverage: Insured persons"
"Argentina","ADM - Register of Work Accidents and Occupational Injuries","SDG indicator 8.8.1 - Fatal occupational injuries per 100'000 workers","Sex: Male","Migrant status: Migrants","2017",6.472,,"Coverage of occupational injuries: Reported injuries | Type of cases of occupational injuries: Including cases of occupational disease","Reference group coverage: Insured persons"
"Argentina","ADM - Register of Work Accidents and Occupational Injuries","SDG indicator 8.8.1 - Fatal occupational injuries per 100'000 workers","Sex: Male","Migrant status: Non migrants","2017",6.535,,"Coverage of occupational injuries: Reported injuries | Type of cases of occupational injuries: Including cases of occupational disease","Reference group coverage: Insured persons"
"Argentina","ADM - Register of Work Accidents and Occupational Injuries","SDG indicator 8.8.1 - Fatal occupational injuries per 100'000 workers","Sex: Female","Migrant status: Total","2017",0.288,,"Coverage of occupational injuries: Reported injuries | Type of cases of occupational injuries: Including cases of occupational disease","Reference group coverage: Insured persons"
"Argentina","ADM - Register of Work Accidents and Occupational Injuries","SDG indicator 8.8.1 - Fatal occupational injuries per 100'000 workers","Sex: Female","Migrant status: Migrants","2017",0,,"Coverage of occupational injuries: Reported injuries | Type of cases of occupational injuries: Including cases of occupational disease","Reference group coverage: Insured persons"
"Argentina","ADM - Register of Work Accidents and Occupational Injuries","SDG indicator 8.8.1 - Fatal occupational injuries per 100'000 workers","Sex: Female","Migrant status: Non migrants","2017",0.297,,"Coverage of occupational injuries: Reported injuries | Type of cases of occupational injuries: Including cases of occupational disease","Reference group coverage: Insured persons"
"Argentina","ADM - Register of Work Accidents and Occupational Injuries","SDG indicator 8.8.1 - Fatal occupational injuries per 100'000 workers","Sex: Total","Migrant status: Total","2016",4.22,,"Coverage of occupational injuries: Reported injuries | Type of cases of occupational injuries: Including cases of occupational disease","Reference group coverage: Insured persons"
"Argentina","ADM - Register of Work Accidents and Occupational Injuries","SDG indicator 8.8.1 - Fatal occupational injuries per 100'000 workers","Sex: Male","Migrant status: Total","2016",6.55,,"Coverage of occupational injuries: Reported injuries | Type of cases of occupational injuries: Including cases of occupational disease","Reference group coverage: Insured persons"
"Argentina","ADM - Register of Work Accidents and Occupational Injuries","SDG indicator 8.8.1 - Fatal occupational injuries per 100'000 workers","Sex: Female","Migrant status: Total","2016",0.32,,"Coverage of occupational injuries: Reported injuries | Type of cases of occupational injuries: Including cases of occupational disease","Reference group coverage: Insured persons"
"Argentina","ADM - Register of Work Accidents and Occupational Injuries","SDG indicator 8.8.1 - Fatal occupational injuries per 100'000 workers","Sex: Total","Migrant status: Total","2015",4.845,,"Coverage of occupational injuries: Reported injuries | Type of cases of occupational injuries: Including cases of occupational disease","Reference group coverage: Insured persons"
"Argentina","ADM - Register of Work Accidents and Occupational Injuries","SDG indicator 8.8.1 - Fatal occupational injuries per 100'000 workers","Sex: Male","Migrant status: Total","2015",7.594,,"Coverage of occupational injuries: Reported injuries | Type of cases of occupational injuries: Including cases of occupational disease","Reference group coverage: Insured persons"
"Argentina","ADM - Register of Work Accidents and Occupational Injuries","SDG indicator 8.8.1 - Fatal occupational injuries per 100'000 workers","Sex: Female","Migrant status: Total","2015",0.205,,"Coverage of occupational injuries: Reported injuries | Type of cases of occupational injuries: Including cases of occupational disease","Reference group coverage: Insured persons"
"Argentina","ADM - Register of Work Accidents and Occupational Injuries","SDG indicator 8.8.1 - Fatal occupational injuries per 100'000 workers","Sex: Total","Migrant status: Total","2014",4.742,,"Coverage of occupational injuries: Reported injuries | Type of cases of occupational injuries: Including cases of occupational disease | Type of rate: Incidence rate (per 100'000 persons insured) | Time period for occurrence of death: Deaths occurring within the same reference year","Reference group coverage: Insured persons"
"Argentina","ADM - Register of Work Accidents and Occupational Injuries","SDG indicator 8.8.1 - Fatal occupational injuries per 100'000 workers","Sex: Male","Migrant status: Total","2014",7.681,,"Coverage of occupational injuries: Reported injuries | Type of cases of occupational injuries: Including cases of occupational disease | Type of rate: Incidence rate (per 100'000 persons insured) | Time period for occurrence of death: Deaths occurring within the same reference year","Reference group coverage: Insured persons"
"Argentina","ADM - Register of Work Accidents and Occupational Injuries","SDG indicator 8.8.1 - Fatal occupational injuries per 100'000 workers","Sex: Female","Migrant status: Total","2014",0.36,,"Coverage of occupational injuries: Reported injuries | Type of cases of occupational injuries: Including cases of occupational disease | Type of rate: Incidence rate (per 100'000 persons insured) | Time period for occurrence of death: Deaths occurring within the same reference year","Reference group coverage: Insured persons"
"Armenia","Other - Statistical Report on Occupational Injuries","SDG indicator 8.8.1 - Fatal occupational injuries per 100'000 workers","Sex: Total","Migrant status: Total","2020",4.19,,"Coverage of occupational injuries: Reported injuries | Type of cases of occupational injuries: Including cases of occupational disease and cases of injury due to commuting accidents","Employment definition: Excluding own-use production workers | Economic activity coverage: Excluding activities of households as employers and of extraterritorial organizations and bodies | Reference group coverage: Employees | System of national accounts: 2008 SNA"
"Armenia","Other - Statistical Report on Occupational Injuries","SDG indicator 8.8.1 - Fatal occupational injuries per 100'000 workers","Sex: Male","Migrant status: Total","2020",6.525,,"Coverage of occupational injuries: Reported injuries | Type of cases of occupational injuries: Including cases of occupational disease and cases of injury due to commuting accidents","Employment definition: Excluding own-use production workers | Economic activity coverage: Excluding activities of households as employers and of extraterritorial organizations and bodies | Reference group coverage: Employees | System of national accounts: 2008 SNA"
"Armenia","Other - Statistical Report on Occupational Injuries","SDG indicator 8.8.1 - Fatal occupational injuries per 100'000 workers","Sex: Female","Migrant status: Total","2020",0,,"Coverage of occupational injuries: Reported injuries | Type of cases of occupational injuries: Including cases of occupational disease and cases of injury due to commuting accidents","Employment definition: Excluding own-use production workers | Economic activity coverage: Excluding activities of households as employers and of extraterritorial organizations and bodies | Reference group coverage: Employees | System of national accounts: 2008 SNA"
"Armenia","Other - Statistical Report on Occupational Injuries","SDG indicator 8.8.1 - Fatal occupational injuries per 100'000 workers","Sex: Total","Migrant status: Total","2019",4.38,,"Coverage of occupational injuries: Reported injuries | Type of cases of occupational injuries: Including cases of occupational disease and cases of injury due to commuting accidents","Employment definition: Excluding own-use production workers | Economic activity coverage: Excluding activities of households as employers and of extraterritorial organizations and bodies | Reference group coverage: Employees | System of national accounts: 2008 SNA"
"Armenia","Other - Statistical Report on Occupational Injuries","SDG indicator 8.8.1 - Fatal occupational injuries per 100'000 workers","Sex: Male","Migrant status: Total","2019",6.66,,"Coverage of occupational injuries: Reported injuries | Type of cases of occupational injuries: Including cases of occupational disease and cases of injury due to commuting accidents","Employment definition: Excluding own-use production workers | Economic activity coverage: Excluding activities of households as employers and of extraterritorial organizations and bodies | Reference group coverage: Employees | System of national accounts: 2008 SNA"
"Armenia","Other - Statistical Report on Occupational Injuries","SDG indicator 8.8.1 - Fatal occupational injuries per 100'000 workers","Sex: Total","Migrant status: Total","2018",13.64,,"Coverage of occupational injuries: Reported injuries | Type of cases of occupational injuries: Including cases of occupational disease and cases of injury due to commuting accidents","Employment definition: Excluding own-use production workers | Economic activity coverage: Excluding activities of households as employers and of extraterritorial organizations and bodies | Reference group coverage: Employees | System of national accounts: 2008 SNA"
"Armenia","Other - Statistical Report on Occupational Injuries","SDG indicator 8.8.1 - Fatal occupational injuries per 100'000 workers","Sex: Male","Migrant status: Total","2018",20.92,,"Coverage of occupational injuries: Reported injuries | Type of cases of occupational injuries: Including cases of occupational disease and cases of injury due to commuting accidents","Employment definition: Excluding own-use production workers | Economic activity coverage: Excluding activities of households as employers and of extraterritorial organizations and bodies | Reference group coverage: Employees | System of national accounts: 2008 SNA"
"Armenia","Other - Statistical Report on Occupational Injuries","SDG indicator 8.8.1 - Fatal occupational injuries per 100'000 workers","Sex: Total","Migrant status: Total","2013",1.87,,"Coverage of occupational injuries: Reported injuries | Type of cases of occupational injuries: Including cases of occupational disease and cases of injury due to commuting accidents | Time period for occurrence of death: Deaths occurring within the same reference year","Economic activity coverage: Excluding activities of households as employers and of extraterritorial organizations and bodies | Reference group coverage: Employees"
"Armenia","Other - Statistical Report on Occupational Injuries","SDG indicator 8.8.1 - Fatal occupational injuries per 100'000 workers","Sex: Male","Migrant status: Total","2013",3.13,,"Coverage of occupational injuries: Reported injuries | Type of cases of occupational injuries: Including cases of occupational disease and cases of injury due to commuting accidents | Time period for occurrence of death: Deaths occurring within the same reference year","Economic activity coverage: Excluding activities of households as employers and of extraterritorial organizations and bodies | Reference group coverage: Employees"
"Armenia","Other - Statistical Report on Occupational Injuries","SDG indicator 8.8.1 - Fatal occupational injuries per 100'000 workers","Sex: Female","Migrant status: Total","2013",0,,"Coverage of occupational injuries: Reported injuries | Type of cases of occupational injuries: Including cases of occupational disease and cases of injury due to commuting accidents | Time period for occurrence of death: Deaths occurring within the same reference year","Economic activity coverage: Excluding activities of households as employers and of extraterritorial organizations and bodies | Reference group coverage: Employees"
"Australia","ADM - Work-related Traumatic Injury Fatalities Records","SDG indicator 8.8.1 - Fatal occupational injuries per 100'000 workers","Sex: Total","Migrant status: Total","2022",1.422,,"Coverage of occupational injuries: Compensated injuries | Type of cases of occupational injuries: Including cases of occupational disease","Data reference period: Beginning of year | Reference group coverage: Employees"
"Australia","ADM - Work-related Traumatic Injury Fatalities Records","SDG indicator 8.8.1 - Fatal occupational injuries per 100'000 workers","Sex: Male","Migrant status: Total","2022",2.515,,"Coverage of occupational injuries: Compensated injuries | Type of cases of occupational injuries: Including cases of occupational disease","Data reference period: Beginning of year | Reference group coverage: Employees"
"Australia","ADM - Work-related Traumatic Injury Fatalities Records","SDG indicator 8.8.1 - Fatal occupational injuries per 100'000 workers","Sex: Female","Migrant status: Total","2022",0.215,,"Coverage of occupational injuries: Compensated injuries | Type of cases of occupational injuries: Including cases of occupational disease","Data reference period: Beginning of year | Reference group coverage: Employees"
"Australia","ADM - Work-related Traumatic Injury Fatalities Records","SDG indicator 8.8.1 - Fatal occupational injuries per 100'000 workers","Sex: Total","Migrant status: Total","2021",1.4,,"Coverage of occupational injuries: Compensated injuries | Type of cases of occupational injuries: Including cases of occupational disease","Data reference period: Beginning of year | Reference group coverage: Employees"
"Australia","ADM - Work-related Traumatic Injury Fatalities Records","SDG indicator 8.8.1 - Fatal occupational injuries per 100'000 workers","Sex: Male","Migrant status: Total","2021",2.62,,"Coverage of occupational injuries: Compensated injuries | Type of cases of occupational injuries: Including cases of occupational disease","Data reference period: Beginning of year | Reference group coverage: Employees"
"Australia","ADM - Work-related Traumatic Injury Fatalities Records","SDG indicator 8.8.1 - Fatal occupational injuries per 100'000 workers","Sex: Female","Migrant status: Total","2021",0.1,,"Coverage of occupational injuries: Compensated injuries | Type of cases of occupational injuries: Including cases of occupational disease","Data reference period: Beginning of year | Reference group coverage: Employees"
"Australia","ADM - Work-related Traumatic Injury Fatalities Records","SDG indicator 8.8.1 - Fatal occupational injuries per 100'000 workers","Sex: Total","Migrant status: Total","2020",1.62,,"Coverage of occupational injuries: Compensated injuries | Type of cases of occupational injuries: Including cases of occupational disease","Data reference period: Beginning of year | Reference group coverage: Employees"
"Australia","ADM - Work-related Traumatic Injury Fatalities Records","SDG indicator 8.8.1 - Fatal occupational injuries per 100'000 workers","Sex: Male","Migrant status: Total","2020",3,,"Coverage of occupational injuries: Compensated injuries | Type of cases of occupational injuries: Including cases of occupational disease","Data reference period: Beginning of year | Reference group coverage: Employees"
"Australia","ADM - Work-related Traumatic Injury Fatalities Records","SDG indicator 8.8.1 - Fatal occupational injuries per 100'000 workers","Sex: Female","Migrant status: Total","2020",0.14,,"Coverage of occupational injuries: Compensated injuries | Type of cases of occupational injuries: Including cases of occupational disease","Data reference period: Beginning of year | Reference group coverage: Employees"
"Australia","ADM - Work-related Traumatic Injury Fatalities Records","SDG indicator 8.8.1 - Fatal occupational injuries per 100'000 workers","Sex: Total","Migrant status: Total","2019",1.57,,"Coverage of occupational injuries: Compensated injuries | Type of cases of occupational injuries: Including cases of occupational disease","Data reference period: Beginning of year | Reference group coverage: Employees"
"Australia","ADM - Work-related Traumatic Injury Fatalities Records","SDG indicator 8.8.1 - Fatal occupational injuries per 100'000 workers","Sex: Male","Migrant status: Total","2019",2.92,,"Coverage of occupational injuries: Compensated injuries | Type of cases of occupational injuries: Including cases of occupational disease","Data reference period: Beginning of year | Reference group coverage: Employees"
"Australia","ADM - Work-related Traumatic Injury Fatalities Records","SDG indicator 8.8.1 - Fatal occupational injuries per 100'000 workers","Sex: Female","Migrant status: Total","2019",0.14,,"Coverage of occupational injuries: Compensated injuries | Type of cases of occupational injuries: Including cases of occupational disease","Data reference period: Beginning of year | Reference group coverage: Employees"
"Australia","ADM - Work-related Traumatic Injury Fatalities Records","SDG indicator 8.8.1 - Fatal occupational injuries per 100'000 workers","Sex: Total","Migrant status: Total","2017",1.62,,"Coverage of occupational injuries: Compensated injuries | Type of cases of occupational injuries: Including cases of occupational disease","Employment definition: Other nonstandard definition | Data reference period: Noncalendar year"
"Australia","ADM - Work-related Traumatic Injury Fatalities Records","SDG indicator 8.8.1 - Fatal occupational injuries per 100'000 workers","Sex: Male","Migrant status: Total","2017",2.78,,"Coverage of occupational injuries: Compensated injuries | Type of cases of occupational injuries: Including cases of occupational disease","Employment definition: Other nonstandard definition | Data reference period: Noncalendar year"
"Australia","ADM - Work-related Traumatic Injury Fatalities Records","SDG indicator 8.8.1 - Fatal occupational injuries per 100'000 workers","Sex: Female","Migrant status: Total","2017",0.26,,"Coverage of occupational injuries: Compensated injuries | Type of cases of occupational injuries: Including cases of occupational disease","Employment definition: Other nonstandard definition | Data reference period: Noncalendar year"
"Australia","ADM - Work-related Traumatic Injury Fatalities Records","SDG indicator 8.8.1 - Fatal occupational injuries per 100'000 workers","Sex: Total","Migrant status: Total","2015",1.65,,"Coverage of occupational injuries: Compensated injuries | Type of cases of occupational injuries: Including cases of occupational disease | Type of rate: Incidence rate (per 100'000 workers employed) | Time period for occurrence of death: Deaths occurring within the same reference year","Data reference period: Noncalendar year | Reference group coverage: Employees"
"Australia","ADM - Work-related Traumatic Injury Fatalities Records","SDG indicator 8.8.1 - Fatal occupational injuries per 100'000 workers","Sex: Male","Migrant status: Total","2015",2.92,,"Coverage of occupational injuries: Compensated injuries | Type of cases of occupational injuries: Including cases of occupational disease | Type of rate: Incidence rate (per 100'000 workers employed) | Time period for occurrence of death: Deaths occurring within the same reference year","Data reference period: Noncalendar year | Reference group coverage: Employees"
"Australia","ADM - Work-related Traumatic Injury Fatalities Records","SDG indicator 8.8.1 - Fatal occupational injuries per 100'000 workers","Sex: Female","Migrant status: Total","2015",0.15,,"Coverage of occupational injuries: Compensated injuries | Type of cases of occupational injuries: Including cases of occupational disease | Type of rate: Incidence rate (per 100'000 workers employed) | Time period for occurrence of death: Deaths occurring within the same reference year","Data reference period: Noncalendar year | Reference group coverage: Employees"
"Australia","ADM - Work-related Traumatic Injury Fatalities Records","SDG indicator 8.8.1 - Fatal occupational injuries per 100'000 workers","Sex: Total","Migrant status: Total","2014",1.61,,"Coverage of occupational injuries: Compensated injuries | Type of cases of occupational injuries: Including cases of occupational disease | Type of rate: Incidence rate (per 100'000 workers employed) | Time period for occurrence of death: Deaths occurring within the same reference year","Data reference period: Noncalendar year | Reference group coverage: Employees"
"Australia","ADM - Work-related Traumatic Injury Fatalities Records","SDG indicator 8.8.1 - Fatal occupational injuries per 100'000 workers","Sex: Male","Migrant status: Total","2014",2.81,,"Coverage of occupational injuries: Compensated injuries | Type of cases of occupational injuries: Including cases of occupational disease | Type of rate: Incidence rate (per 100'000 workers employed) | Time period for occurrence of death: Deaths occurring within the same reference year","Data reference period: Noncalendar year | Reference group coverage: Employees"
"Australia","ADM - Work-related Traumatic Injury Fatalities Records","SDG indicator 8.8.1 - Fatal occupational injuries per 100'000 workers","Sex: Female","Migrant status: Total","2014",0.23,,"Coverage of occupational injuries: Compensated injuries | Type of cases of occupational injuries: Including cases of occupational disease | Type of rate: Incidence rate (per 100'000 workers employed) | Time period for occurrence of death: Deaths occurring within the same reference year","Data reference period: Noncalendar year | Reference group coverage: Employees"
"Australia","ADM - Work-related Traumatic Injury Fatalities Records","SDG indicator 8.8.1 - Fatal occupational injuries per 100'000 workers","Sex: Total","Migrant status: Total","2013",1.71,,"Coverage of occupational injuries: Compensated injuries | Type of cases of occupational injuries: Including cases of occupational disease | Type of rate: Incidence rate (per 100'000 workers employed) | Time period for occurrence of death: Deaths occurring within the same reference year","Data reference period: Noncalendar year | Reference group coverage: Employees"
"Australia","ADM - Work-related Traumatic Injury Fatalities Records","SDG indicator 8.8.1 - Fatal occupational injuries per 100'000 workers","Sex: Male","Migrant status: Total","2013",2.92,,"Coverage of occupational injuries: Compensated injuries | Type of cases of occupational injuries: Including cases of occupational disease | Type of rate: Incidence rate (per 100'000 workers employed) | Time period for occurrence of death: Deaths occurring within the same reference year","Data reference period: Noncalendar year | Reference group coverage: Employees"
"Australia","ADM - Work-related Traumatic Injury Fatalities Records","SDG indicator 8.8.1 - Fatal occupational injuries per 100'000 workers","Sex: Female","Migrant status: Total","2013",0.31,,"Coverage of occupational injuries: Compensated injuries | Type of cases of occupational injuries: Including cases of occupational disease | Type of rate: Incidence rate (per 100'000 workers employed) | Time period for occurrence of death: Deaths occurring within the same reference year","Data reference period: Noncalendar year | Reference group coverage: Employees"
"Austria","ADM-IR - Database Records from all insurance companies","SDG indicator 8.8.1 - Fatal occupational injuries per 100'000 workers","Sex: Total","Migrant status: Total","2022",2.85,,"Coverage of occupational injuries: Reported injuries | Type of cases of occupational injuries: Including cases of injury due to commuting accidents","Repository: ILO calculations based on Eurostat data | Reference group coverage: Insured persons"
"Austria","ADM-IR - Database Records from all insurance companies","SDG indicator 8.8.1 - Fatal occupational injuries per 100'000 workers","Sex: Total","Migrant status: Total","2021",2.86,,"Coverage of occupational injuries: Reported injuries | Type of cases of occupational injuries: Including cases of injury due to commuting accidents","Repository: ILO calculations based on Eurostat data | Reference group coverage: Insured persons"
"Austria","ADM-IR - Database Records from all insurance companies","SDG indicator 8.8.1 - Fatal occupational injuries per 100'000 workers","Sex: Total","Migrant status: Total","2020",2.36,,"Coverage of occupational injuries: Reported injuries | Type of cases of occupational injuries: Including cases of injury due to commuting accidents","Repository: ILO calculations based on Eurostat data | Reference group coverage: Insured persons"
"Austria","ADM-IR - Database Records from all insurance companies","SDG indicator 8.8.1 - Fatal occupational injuries per 100'000 workers","Sex: Total","Migrant status: Total","2019",2.49,,"Coverage of occupational injuries: Reported injuries | Type of cases of occupational injuries: Including cases of injury due to commuting accidents","Repository: ILO calculations based on Eurostat data | Reference group coverage: Insured persons"
"Austria","ADM-IR - Database Records from all insurance companies","SDG indicator 8.8.1 - Fatal occupational injuries per 100'000 workers","Sex: Total","Migrant status: Total","2018",3.41,,"Coverage of occupational injuries: Reported injuries | Type of cases of occupational injuries: Including cases of injury due to commuting accidents","Repository: ILO calculations based on Eurostat data | Reference group coverage: Insured persons"
"Austria","ADM-IR - Database Records from all insurance companies","SDG indicator 8.8.1 - Fatal occupational injuries per 100'000 workers","Sex: Total","Migrant status: Total","2017",2.53,,"Coverage of occupational injuries: Reported injuries | Type of cases of occupational injuries: Including cases of injury due to commuting accidents","Repository: ILO calculations based on Eurostat data | Reference group coverage: Insured persons"
"Austria","ADM-IR - Database Records from all insurance companies","SDG indicator 8.8.1 - Fatal occupational injuries per 100'000 workers","Sex: Total","Migrant status: Total","2016",2,,"Coverage of occupational injuries: Reported injuries | Type of cases of occupational injuries: Cases of occupational injury","Data reference period: End of the year | Reference group coverage: Employees"
"Austria","ADM-IR - Database Records from all insurance companies","SDG indicator 8.8.1 - Fatal occupational injuries per 100'000 workers","Sex: Male","Migrant status: Total","2016",3.5,,"Coverage of occupational injuries: Reported injuries | Type of cases of occupational injuries: Cases of occupational injury","Data reference period: End of the year | Reference group coverage: Employees"
"Austria","ADM-IR - Database Records from all insurance companies","SDG indicator 8.8.1 - Fatal occupational injuries per 100'000 workers","Sex: Female","Migrant status: Total","2016",0.1,,"Coverage of occupational injuries: Reported injuries | Type of cases of occupational injuries: Cases of occupational injury","Data reference period: End of the year | Reference group coverage: Employees"
"Austria","ADM-IR - Database Records from all insurance companies","SDG indicator 8.8.1 - Fatal occupational injuries per 100'000 workers","Sex: Total","Migrant status: Total","2015",4.56,,"Coverage of occupational injuries: Reported injuries | Type of cases of occupational injuries: Including cases of injury due to commuting accidents","Repository: ILO calculations based on Eurostat data | Reference group coverage: Insured persons"
"Austria","ADM-IR - Database Records from all insurance companies","SDG indicator 8.8.1 - Fatal occupational injuries per 100'000 workers","Sex: Male","Migrant status: Total","2015",7.68,,"Coverage of occupational injuries: Reported injuries | Type of cases of occupational injuries: Including cases of injury due to commuting accidents","Repository: ILO calculations based on Eurostat data | Reference group coverage: Insured persons"
"Austria","ADM-IR - Database Records from all insurance companies","SDG indicator 8.8.1 - Fatal occupational injuries per 100'000 workers","Sex: Female","Migrant status: Total","2015",0.75,,"Coverage of occupational injuries: Reported injuries | Type of cases of occupational injuries: Including cases of injury due to commuting accidents","Repository: ILO calculations based on Eurostat data | Reference group coverage: Insured persons"
"Austria","ADM-IR - Database Records from all insurance companies","SDG indicator 8.8.1 - Fatal occupational injuries per 100'000 workers","Sex: Total","Migrant status: Total","2014",4.35,,"Coverage of occupational injuries: Reported injuries | Type of cases of occupational injuries: Including cases of injury due to commuting accidents","Repository: ILO calculations based on Eurostat data | Reference group coverage: Insured persons"
"Austria","ADM-IR - Database Records from all insurance companies","SDG indicator 8.8.1 - Fatal occupational injuries per 100'000 workers","Sex: Male","Migrant status: Total","2014",7.12,,"Coverage of occupational injuries: Reported injuries | Type of cases of occupational injuries: Including cases of injury due to commuting accidents","Repository: ILO calculations based on Eurostat data | Reference group coverage: Insured persons"
"Austria","ADM-IR - Database Records from all insurance companies","SDG indicator 8.8.1 - Fatal occupational injuries per 100'000 workers","Sex: Female","Migrant status: Total","2014",0.99,,"Coverage of occupational injuries: Reported injuries | Type of cases of occupational injuries: Including cases of injury due to commuting accidents","Repository: ILO calculations based on Eurostat data | Reference group coverage: Insured persons"
"Austria","ADM-IR - Database Records from all insurance companies","SDG indicator 8.8.1 - Fatal occupational injuries per 100'000 workers","Sex: Total","Migrant status: Total","2013",4.97,,"Coverage of occupational injuries: Reported injuries | Type of cases of occupational injuries: Including cases of injury due to commuting accidents","Repository: ILO calculations based on Eurostat data | Reference group coverage: Insured persons"
"Austria","ADM-IR - Database Records from all insurance companies","SDG indicator 8.8.1 - Fatal occupational injuries per 100'000 workers","Sex: Male","Migrant status: Total","2013",8.49,,"Coverage of occupational injuries: Reported injuries | Type of cases of occupational injuries: Including cases of injury due to commuting accidents","Repository: ILO calculations based on Eurostat data | Reference group coverage: Insured persons"
"Austria","ADM-IR - Database Records from all insurance companies","SDG indicator 8.8.1 - Fatal occupational injuries per 100'000 workers","Sex: Female","Migrant status: Total","2013",0.69,,"Coverage of occupational injuries: Reported injuries | Type of cases of occupational injuries: Including cases of injury due to commuting accidents","Repository: ILO calculations based on Eurostat data | Reference group coverage: Insured persons"
"Azerbaijan","ADM-LIR - Labour Inspectorate Records","SDG indicator 8.8.1 - Fatal occupational injuries per 100'000 workers","Sex: Total","Migrant status: Total","2023",4,,"Coverage of occupational injuries: Reported injuries | Type of cases of occupational injuries: Cases of occupational injury","Data reference period: End of the year"
"Azerbaijan","ADM-LIR - Labour Inspectorate Records","SDG indicator 8.8.1 - Fatal occupational injuries per 100'000 workers","Sex: Male","Migrant status: Total","2023",6,,"Coverage of occupational injuries: Reported injuries | Type of cases of occupational injuries: Cases of occupational injury","Data reference period: End of the year"
"Azerbaijan","ADM-LIR - Labour Inspectorate Records","SDG indicator 8.8.1 - Fatal occupational injuries per 100'000 workers","Sex: Female","Migrant status: Total","2023",1,,"Coverage of occupational injuries: Reported injuries | Type of cases of occupational injuries: Cases of occupational injury","Data reference period: End of the year"
"Azerbaijan","ADM-LIR - Labour Inspectorate Records","SDG indicator 8.8.1 - Fatal occupational injuries per 100'000 workers","Sex: Total","Migrant status: Total","2022",2,,"Coverage of occupational injuries: Reported injuries | Type of cases of occupational injuries: Cases of occupational injury","Data reference period: End of the year"
"Azerbaijan","ADM-LIR - Labour Inspectorate Records","SDG indicator 8.8.1 - Fatal occupational injuries per 100'000 workers","Sex: Total","Migrant status: Total","2021",3,,"Coverage of occupational injuries: Reported injuries | Type of cases of occupational injuries: Cases of occupational injury","Data reference period: End of the year"
"Azerbaijan","ADM-LIR - Labour Inspectorate Records","SDG indicator 8.8.1 - Fatal occupational injuries per 100'000 workers","Sex: Male","Migrant status: Total","2021",5,,"Coverage of occupational injuries: Reported injuries | Type of cases of occupational injuries: Cases of occupational injury","Data reference period: End of the year"
"Azerbaijan","ADM-LIR - Labour Inspectorate Records","SDG indicator 8.8.1 - Fatal occupational injuries per 100'000 workers","Sex: Female","Migrant status: Total","2021",1,,"Coverage of occupational injuries: Reported injuries | Type of cases of occupational injuries: Cases of occupational injury","Data reference period: End of the year"
"Azerbaijan","ES - Labour-related Establishment Survey","SDG indicator 8.8.1 - Fatal occupational injuries per 100'000 workers","Sex: Total","Migrant status: Total","2020",3,,"Coverage of occupational injuries: Reported injuries | Type of cases of occupational injuries: Cases of occupational injury","Reference group coverage: Employees"
"Azerbaijan","ADM-LIR - Labour Inspectorate Records","SDG indicator 8.8.1 - Fatal occupational injuries per 100'000 workers","Sex: Total","Migrant status: Total","2019",4,,"Coverage of occupational injuries: Reported injuries | Type of cases of occupational injuries: Cases of occupational injury","Data reference period: End of the year"
"Azerbaijan","ADM-LIR - Labour Inspectorate Records","SDG indicator 8.8.1 - Fatal occupational injuries per 100'000 workers","Sex: Male","Migrant status: Total","2019",5,,"Coverage of occupational injuries: Reported injuries | Type of cases of occupational injuries: Cases of occupational injury","Data reference period: End of the year"
"Azerbaijan","ADM-LIR - Labour Inspectorate Records","SDG indicator 8.8.1 - Fatal occupational injuries per 100'000 workers","Sex: Female","Migrant status: Total","2019",2,,"Coverage of occupational injuries: Reported injuries | Type of cases of occupational injuries: Cases of occupational injury","Data reference period: End of the year"
"Azerbaijan","ADM-LIR - Labour Inspectorate Records","SDG indicator 8.8.1 - Fatal occupational injuries per 100'000 workers","Sex: Total","Migrant status: Total","2018",3,,"Coverage of occupational injuries: Reported injuries | Type of cases of occupational injuries: Cases of occupational injury","Data reference period: End of the year"
"Azerbaijan","ADM-LIR - Labour Inspectorate Records","SDG indicator 8.8.1 - Fatal occupational injuries per 100'000 workers","Sex: Male","Migrant status: Total","2018",5,,"Coverage of occupational injuries: Reported injuries | Type of cases of occupational injuries: Cases of occupational injury","Data reference period: End of the year"
"Azerbaijan","ADM-LIR - Labour Inspectorate Records","SDG indicator 8.8.1 - Fatal occupational injuries per 100'000 workers","Sex: Female","Migrant status: Total","2018",1,,"Coverage of occupational injuries: Reported injuries | Type of cases of occupational injuries: Cases of occupational injury","Data reference period: End of the year"
"Azerbaijan","ADM-LIR - Labour Inspectorate Records","SDG indicator 8.8.1 - Fatal occupational injuries per 100'000 workers","Sex: Total","Migrant status: Total","2017",4,,"Coverage of occupational injuries: Reported injuries | Type of cases of occupational injuries: Cases of occupational injury","Employment definition: Excluding own-use production workers | Data reference period: End of the year"
"Azerbaijan","ADM-LIR - Labour Inspectorate Records","SDG indicator 8.8.1 - Fatal occupational injuries per 100'000 workers","Sex: Male","Migrant status: Total","2017",6,,"Coverage of occupational injuries: Reported injuries | Type of cases of occupational injuries: Cases of occupational injury","Employment definition: Excluding own-use production workers | Data reference period: End of the year"
"Azerbaijan","ADM-LIR - Labour Inspectorate Records","SDG indicator 8.8.1 - Fatal occupational injuries per 100'000 workers","Sex: Female","Migrant status: Total","2017",1,,"Coverage of occupational injuries: Reported injuries | Type of cases of occupational injuries: Cases of occupational injury","Employment definition: Excluding own-use production workers | Data reference period: End of the year"
"Azerbaijan","ADM-LIR - Labour Inspectorate Records","SDG indicator 8.8.1 - Fatal occupational injuries per 100'000 workers","Sex: Total","Migrant status: Total","2016",4,,"Coverage of occupational injuries: Reported injuries | Type of cases of occupational injuries: Cases of occupational injury","Data reference period: End of the year"
"Azerbaijan","ADM-LIR - Labour Inspectorate Records","SDG indicator 8.8.1 - Fatal occupational injuries per 100'000 workers","Sex: Male","Migrant status: Total","2016",6,,"Coverage of occupational injuries: Reported injuries | Type of cases of occupational injuries: Cases of occupational injury","Data reference period: End of the year"
"Azerbaijan","ADM-LIR - Labour Inspectorate Records","SDG indicator 8.8.1 - Fatal occupational injuries per 100'000 workers","Sex: Female","Migrant status: Total","2016",1,,"Coverage of occupational injuries: Reported injuries | Type of cases of occupational injuries: Cases of occupational injury","Data reference period: End of the year"
"Burundi","ADM - Social Security Regulations","SDG indicator 8.8.1 - Fatal occupational injuries per 100'000 workers","Sex: Total","Migrant status: Total","2021",13.84,,,
"Burundi","ADM - Social Security Regulations","SDG indicator 8.8.1 - Fatal occupational injuries per 100'000 workers","Sex: Male","Migrant status: Total","2021",5.42,,,
"Burundi","ADM - Social Security Regulations","SDG indicator 8.8.1 - Fatal occupational injuries per 100'000 workers","Sex: Female","Migrant status: Total","2021",0.45,,,
"Burundi","ADM - Social Security Regulations","SDG indicator 8.8.1 - Fatal occupational injuries per 100'000 workers","Sex: Total","Migrant status: Total","2020",11.31,,,
"Burundi","ADM - Social Security Regulations","SDG indicator 8.8.1 - Fatal occupational injuries per 100'000 workers","Sex: Male","Migrant status: Total","2020",10.84,,,
"Burundi","ADM - Social Security Regulations","SDG indicator 8.8.1 - Fatal occupational injuries per 100'000 workers","Sex: Female","Migrant status: Total","2020",0.47,,,
"Burundi","ADM - Social Security Regulations","SDG indicator 8.8.1 - Fatal occupational injuries per 100'000 workers","Sex: Total","Migrant status: Total","2019",14.91,,,
"Burundi","ADM - Social Security Regulations","SDG indicator 8.8.1 - Fatal occupational injuries per 100'000 workers","Sex: Male","Migrant status: Total","2019",14.42,,,
"Burundi","ADM - Social Security Regulations","SDG indicator 8.8.1 - Fatal occupational injuries per 100'000 workers","Sex: Female","Migrant status: Total","2019",0.5,,,
"Burundi","ADM - Social Security Regulations","SDG indicator 8.8.1 - Fatal occupational injuries per 100'000 workers","Sex: Total","Migrant status: Total","2018",13.84,,,
"Burundi","ADM - Social Security Regulations","SDG indicator 8.8.1 - Fatal occupational injuries per 100'000 workers","Sex: Male","Migrant status: Total","2018",13.3,,,
"Burundi","ADM - Social Security Regulations","SDG indicator 8.8.1 - Fatal occupational injuries per 100'000 workers","Sex: Female","Migrant status: Total","2018",0.53,,,
"Belgium","ADM-IR - Insurance Companies records","SDG indicator 8.8.1 - Fatal occupational injuries per 100'000 workers","Sex: Total","Migrant status: Total","2022",1.06,,"Coverage of occupational injuries: Reported injuries | Type of cases of occupational injuries: Including cases of injury due to commuting accidents","Repository: ILO calculations based on Eurostat data | Reference group coverage: Insured persons"
"Belgium","ADM-IR - Insurance Companies records","SDG indicator 8.8.1 - Fatal occupational injuries per 100'000 workers","Sex: Total","Migrant status: Total","2021",0,,"Coverage of occupational injuries: Compensated injuries | Type of cases of occupational injuries: Cases of occupational injury","Reference group coverage: Insured persons"
"Belgium","ADM-IR - Insurance Companies records","SDG indicator 8.8.1 - Fatal occupational injuries per 100'000 workers","Sex: Male","Migrant status: Total","2021",0,,"Coverage of occupational injuries: Compensated injuries | Type of cases of occupational injuries: Cases of occupational injury","Reference group coverage: Insured persons"
"Belgium","ADM-IR - Insurance Companies records","SDG indicator 8.8.1 - Fatal occupational injuries per 100'000 workers","Sex: Female","Migrant status: Total","2021",0,,"Coverage of occupational injuries: Compensated injuries | Type of cases of occupational injuries: Cases of occupational injury","Reference group coverage: Insured persons"
"Belgium","ADM-IR - Insurance Companies records","SDG indicator 8.8.1 - Fatal occupational injuries per 100'000 workers","Sex: Total","Migrant status: Total","2020",0.12,,"Coverage of occupational injuries: Compensated injuries | Type of cases of occupational injuries: Cases of occupational injury","Reference group coverage: Insured persons"
"Belgium","ADM-IR - Insurance Companies records","SDG indicator 8.8.1 - Fatal occupational injuries per 100'000 workers","Sex: Male","Migrant status: Total","2020",0.29,,"Coverage of occupational injuries: Compensated injuries | Type of cases of occupational injuries: Cases of occupational injury","Reference group coverage: Insured persons"
"Belgium","ADM-IR - Insurance Companies records","SDG indicator 8.8.1 - Fatal occupational injuries per 100'000 workers","Sex: Female","Migrant status: Total","2020",0,,"Coverage of occupational injuries: Compensated injuries | Type of cases of occupational injuries: Cases of occupational injury","Reference group coverage: Insured persons"
"Belgium","ADM-IR - Insurance Companies records","SDG indicator 8.8.1 - Fatal occupational injuries per 100'000 workers","Sex: Total","Migrant status: Total","2019",1.27,,"Coverage of occupational injuries: Reported injuries | Type of cases of occupational injuries: Including cases of injury due to commuting accidents","Repository: ILO calculations based on Eurostat data | Reference group coverage: Insured persons"
"Belgium","ADM-IR - Insurance Companies records","SDG indicator 8.8.1 - Fatal occupational injuries per 100'000 workers","Sex: Total","Migrant status: Total","2018",1.91,,"Coverage of occupational injuries: Reported injuries | Type of cases of occupational injuries: Including cases of injury due to commuting accidents","Repository: ILO calculations based on Eurostat data | Reference group coverage: Insured persons"
"Belgium","ADM-IR - Insurance Companies records","SDG indicator 8.8.1 - Fatal occupational injuries per 100'000 workers","Sex: Total","Migrant status: Total","2017",1.68,,"Coverage of occupational injuries: Reported injuries | Type of cases of occupational injuries: Including cases of injury due to commuting accidents","Repository: ILO calculations based on Eurostat data | Reference group coverage: Insured persons"
"Belgium","ADM-IR - Insurance Companies records","SDG indicator 8.8.1 - Fatal occupational injuries per 100'000 workers","Sex: Total","Migrant status: Total","2016",1.8,,"Coverage of occupational injuries: Reported injuries | Type of cases of occupational injuries: Including cases of injury due to commuting accidents","Repository: ILO calculations based on Eurostat data | Reference group coverage: Insured persons"
"Belgium","ADM-IR - Insurance Companies records","SDG indicator 8.8.1 - Fatal occupational injuries per 100'000 workers","Sex: Total","Migrant status: Total","2015",1.41,,"Coverage of occupational injuries: Reported injuries | Type of cases of occupational injuries: Including cases of injury due to commuting accidents","Repository: ILO calculations based on Eurostat data | Reference group coverage: Insured persons"
"Belgium","ADM-IR - Insurance Companies records","SDG indicator 8.8.1 - Fatal occupational injuries per 100'000 workers","Sex: Total","Migrant status: Total","2014",1.28,,"Coverage of occupational injuries: Reported injuries | Type of cases of occupational injuries: Including cases of injury due to commuting accidents","Repository: ILO calculations based on Eurostat data | Reference group coverage: Insured persons"
"Belgium","ADM-IR - Insurance Companies records","SDG indicator 8.8.1 - Fatal occupational injuries per 100'000 workers","Sex: Total","Migrant status: Total","2013",2.46,,"Coverage of occupational injuries: Reported injuries | Type of cases of occupational injuries: Including cases of injury due to commuting accidents","Repository: ILO calculations based on Eurostat data | Institutional sector coverage: Private sector only | Reference group coverage: Insured persons"
"Belgium","ADM-IR - Insurance Companies records","SDG indicator 8.8.1 - Fatal occupational injuries per 100'000 workers","Sex: Male","Migrant status: Total","2013",4.34,,"Coverage of occupational injuries: Reported injuries | Type of cases of occupational injuries: Including cases of injury due to commuting accidents","Repository: ILO calculations based on Eurostat data | Institutional sector coverage: Private sector only | Reference group coverage: Insured persons"
"Belgium","ADM-IR - Insurance Companies records","SDG indicator 8.8.1 - Fatal occupational injuries per 100'000 workers","Sex: Female","Migrant status: Total","2013",0.16,,"Coverage of occupational injuries: Reported injuries | Type of cases of occupational injuries: Including cases of injury due to commuting accidents","Repository: ILO calculations based on Eurostat data | Institutional sector coverage: Private sector only | Reference group coverage: Insured persons"
"Bulgaria","ADM-IR - Insurance Records","SDG indicator 8.8.1 - Fatal occupational injuries per 100'000 workers","Sex: Total","Migrant status: Total","2022",3.326,,"Coverage of occupational injuries: Reported injuries | Type of cases of occupational injuries: Including cases of injury due to commuting accidents","Data reference period: End of the year | Reference group coverage: Insured persons"
"Bulgaria","ADM-IR - Insurance Records","SDG indicator 8.8.1 - Fatal occupational injuries per 100'000 workers","Sex: Male","Migrant status: Total","2022",6.282,,"Coverage of occupational injuries: Reported injuries | Type of cases of occupational injuries: Including cases of injury due to commuting accidents","Data reference period: End of the year | Reference group coverage: Insured persons"
"Bulgaria","ADM-IR - Insurance Records","SDG indicator 8.8.1 - Fatal occupational injuries per 100'000 workers","Sex: Female","Migrant status: Total","2022",0.399,,"Coverage of occupational injuries: Reported injuries | Type of cases of occupational injuries: Including cases of injury due to commuting accidents","Data reference period: End of the year | Reference group coverage: Insured persons"
"Bulgaria","ADM-IR - Insurance Records","SDG indicator 8.8.1 - Fatal occupational injuries per 100'000 workers","Sex: Total","Migrant status: Total","2021",2.85,,"Coverage of occupational injuries: Reported injuries | Type of cases of occupational injuries: Including cases of injury due to commuting accidents","Repository: ILO calculations based on Eurostat data | Reference group coverage: Insured persons"
"Bulgaria","ADM-IR - Insurance Records","SDG indicator 8.8.1 - Fatal occupational injuries per 100'000 workers","Sex: Male","Migrant status: Total","2021",5.62,,"Coverage of occupational injuries: Reported injuries | Type of cases of occupational injuries: Including cases of injury due to commuting accidents","Repository: ILO calculations based on Eurostat data | Reference group coverage: Insured persons"
"Bulgaria","ADM-IR - Insurance Records","SDG indicator 8.8.1 - Fatal occupational injuries per 100'000 workers","Sex: Female","Migrant status: Total","2021",0.08,,"Coverage of occupational injuries: Reported injuries | Type of cases of occupational injuries: Including cases of injury due to commuting accidents","Repository: ILO calculations based on Eurostat data | Reference group coverage: Insured persons"
"Bulgaria","ADM-IR - Insurance Records","SDG indicator 8.8.1 - Fatal occupational injuries per 100'000 workers","Sex: Total","Migrant status: Total","2020",3.68,,"Coverage of occupational injuries: Reported injuries | Type of cases of occupational injuries: Including cases of injury due to commuting accidents","Repository: ILO calculations based on Eurostat data | Reference group coverage: Insured persons"
"Bulgaria","ADM-IR - Insurance Records","SDG indicator 8.8.1 - Fatal occupational injuries per 100'000 workers","Sex: Male","Migrant status: Total","2020",6.97,,"Coverage of occupational injuries: Reported injuries | Type of cases of occupational injuries: Including cases of injury due to commuting accidents","Repository: ILO calculations based on Eurostat data | Reference group coverage: Insured persons"
"Bulgaria","ADM-IR - Insurance Records","SDG indicator 8.8.1 - Fatal occupational injuries per 100'000 workers","Sex: Female","Migrant status: Total","2020",0.34,,"Coverage of occupational injuries: Reported injuries | Type of cases of occupational injuries: Including cases of injury due to commuting accidents","Repository: ILO calculations based on Eurostat data | Reference group coverage: Insured persons"
"Bulgaria","ADM-IR - Insurance Records","SDG indicator 8.8.1 - Fatal occupational injuries per 100'000 workers","Sex: Total","Migrant status: Total","2019",3.365,,"Coverage of occupational injuries: Compensated injuries | Type of cases of occupational injuries: Cases of occupational injury","Data reference period: End of the year | Reference group coverage: Insured persons"
"Bulgaria","ADM-IR - Insurance Records","SDG indicator 8.8.1 - Fatal occupational injuries per 100'000 workers","Sex: Male","Migrant status: Total","2019",6.704,,"Coverage of occupational injuries: Compensated injuries | Type of cases of occupational injuries: Cases of occupational injury","Data reference period: End of the year | Reference group coverage: Insured persons"
"Bulgaria","ADM-IR - Insurance Records","SDG indicator 8.8.1 - Fatal occupational injuries per 100'000 workers","Sex: Female","Migrant status: Total","2019",0.079,,"Coverage of occupational injuries: Compensated injuries | Type of cases of occupational injuries: Cases of occupational injury","Data reference period: End of the year | Reference group coverage: Insured persons"
"Bulgaria","ADM-IR - Insurance Records","SDG indicator 8.8.1 - Fatal occupational injuries per 100'000 workers","Sex: Total","Migrant status: Total","2018",3.141,,"Coverage of occupational injuries: Compensated injuries | Type of cases of occupational injuries: Cases of occupational injury","Data reference period: End of the year | Reference group coverage: Insured persons"
"Bulgaria","ADM-IR - Insurance Records","SDG indicator 8.8.1 - Fatal occupational injuries per 100'000 workers","Sex: Male","Migrant status: Total","2018",6.113,,"Coverage of occupational injuries: Compensated injuries | Type of cases of occupational injuries: Cases of occupational injury","Data reference period: End of the year | Reference group coverage: Insured persons"
"Bulgaria","ADM-IR - Insurance Records","SDG indicator 8.8.1 - Fatal occupational injuries per 100'000 workers","Sex: Female","Migrant status: Total","2018",0.29,,"Coverage of occupational injuries: Compensated injuries | Type of cases of occupational injuries: Cases of occupational injury","Data reference period: End of the year | Reference group coverage: Insured persons"
"Bulgaria","ADM-IR - Insurance Records","SDG indicator 8.8.1 - Fatal occupational injuries per 100'000 workers","Sex: Total","Migrant status: Total","2017",3.399,,"Coverage of occupational injuries: Compensated injuries | Type of cases of occupational injuries: Cases of occupational injury","Data reference period: End of the year | Reference group coverage: Insured persons"
"Bulgaria","ADM-IR - Insurance Records","SDG indicator 8.8.1 - Fatal occupational injuries per 100'000 workers","Sex: Male","Migrant status: Total","2017",6.344,,"Coverage of occupational injuries: Compensated injuries | Type of cases of occupational injuries: Cases of occupational injury","Data reference period: End of the year | Reference group coverage: Insured persons"
"Bulgaria","ADM-IR - Insurance Records","SDG indicator 8.8.1 - Fatal occupational injuries per 100'000 workers","Sex: Female","Migrant status: Total","2017",0.44,,"Coverage of occupational injuries: Compensated injuries | Type of cases of occupational injuries: Cases of occupational injury","Data reference period: End of the year | Reference group coverage: Insured persons"
"Bulgaria","ADM-IR - Insurance Records","SDG indicator 8.8.1 - Fatal occupational injuries per 100'000 workers","Sex: Total","Migrant status: Total","2016",3.003,,"Coverage of occupational injuries: Compensated injuries | Type of cases of occupational injuries: Cases of occupational injury","Data reference period: End of the year | Reference group coverage: Insured persons"
"Bulgaria","ADM-IR - Insurance Records","SDG indicator 8.8.1 - Fatal occupational injuries per 100'000 workers","Sex: Male","Migrant status: Total","2016",5.853,,"Coverage of occupational injuries: Compensated injuries | Type of cases of occupational injuries: Cases of occupational injury","Data reference period: End of the year | Reference group coverage: Insured persons"
"Bulgaria","ADM-IR - Insurance Records","SDG indicator 8.8.1 - Fatal occupational injuries per 100'000 workers","Sex: Female","Migrant status: Total","2016",0.148,,"Coverage of occupational injuries: Compensated injuries | Type of cases of occupational injuries: Cases of occupational injury","Data reference period: End of the year | Reference group coverage: Insured persons"
"Bulgaria","ADM-IR - Insurance Records","SDG indicator 8.8.1 - Fatal occupational injuries per 100'000 workers","Sex: Total","Migrant status: Total","2015",3.56,,"Coverage of occupational injuries: Reported injuries | Type of cases of occupational injuries: Including cases of injury due to commuting accidents","Repository: ILO calculations based on Eurostat data | Reference group coverage: Insured persons"
"Bulgaria","ADM-IR - Insurance Records","SDG indicator 8.8.1 - Fatal occupational injuries per 100'000 workers","Sex: Male","Migrant status: Total","2015",6.61,,"Coverage of occupational injuries: Reported injuries | Type of cases of occupational injuries: Including cases of injury due to commuting accidents","Repository: ILO calculations based on Eurostat data | Reference group coverage: Insured persons"
"Bulgaria","ADM-IR - Insurance Records","SDG indicator 8.8.1 - Fatal occupational injuries per 100'000 workers","Sex: Female","Migrant status: Total","2015",0.52,,"Coverage of occupational injuries: Reported injuries | Type of cases of occupational injuries: Including cases of injury due to commuting accidents","Repository: ILO calculations based on Eurostat data | Reference group coverage: Insured persons"
"Bulgaria","ADM-IR - Insurance Records","SDG indicator 8.8.1 - Fatal occupational injuries per 100'000 workers","Sex: Total","Migrant status: Total","2014",4.42,,"Coverage of occupational injuries: Reported injuries | Type of cases of occupational injuries: Including cases of injury due to commuting accidents","Repository: ILO calculations based on Eurostat data | Reference group coverage: Insured persons"
"Bulgaria","ADM-IR - Insurance Records","SDG indicator 8.8.1 - Fatal occupational injuries per 100'000 workers","Sex: Male","Migrant status: Total","2014",8.43,,"Coverage of occupational injuries: Reported injuries | Type of cases of occupational injuries: Including cases of injury due to commuting accidents","Repository: ILO calculations based on Eurostat data | Reference group coverage: Insured persons"
"Bulgaria","ADM-IR - Insurance Records","SDG indicator 8.8.1 - Fatal occupational injuries per 100'000 workers","Sex: Female","Migrant status: Total","2014",0.45,,"Coverage of occupational injuries: Reported injuries | Type of cases of occupational injuries: Including cases of injury due to commuting accidents","Repository: ILO calculations based on Eurostat data | Reference group coverage: Insured persons"
"Bulgaria","ADM-IR - Insurance Records","SDG indicator 8.8.1 - Fatal occupational injuries per 100'000 workers","Sex: Total","Migrant status: Total","2013",3.38,,"Coverage of occupational injuries: Reported injuries | Type of cases of occupational injuries: Including cases of injury due to commuting accidents","Repository: ILO calculations based on Eurostat data | Reference group coverage: Insured persons"
"Bulgaria","ADM-IR - Insurance Records","SDG indicator 8.8.1 - Fatal occupational injuries per 100'000 workers","Sex: Male","Migrant status: Total","2013",6.19,,"Coverage of occupational injuries: Reported injuries | Type of cases of occupational injuries: Including cases of injury due to commuting accidents","Repository: ILO calculations based on Eurostat data | Reference group coverage: Insured persons"
"Bulgaria","ADM-IR - Insurance Records","SDG indicator 8.8.1 - Fatal occupational injuries per 100'000 workers","Sex: Female","Migrant status: Total","2013",0.61,,"Coverage of occupational injuries: Reported injuries | Type of cases of occupational injuries: Including cases of injury due to commuting accidents","Repository: ILO calculations based on Eurostat data | Reference group coverage: Insured persons"
"Bahrain","ADM-IR - Insurance Records","SDG indicator 8.8.1 - Fatal occupational injuries per 100'000 workers","Sex: Total","Migrant status: Total","2020",0.59,,"Coverage of occupational injuries: Reported injuries | Type of cases of occupational injuries: Cases of occupational injury","Institutional sector coverage: Private sector only"
"Bahrain","ADM-IR - Insurance Records","SDG indicator 8.8.1 - Fatal occupational injuries per 100'000 workers","Sex: Total","Migrant status: Migrants","2020",0.48,,"Coverage of occupational injuries: Reported injuries | Type of cases of occupational injuries: Cases of occupational injury","Institutional sector coverage: Private sector only"
"Bahrain","ADM-IR - Insurance Records","SDG indicator 8.8.1 - Fatal occupational injuries per 100'000 workers","Sex: Total","Migrant status: Non migrants","2020",1.08,,"Coverage of occupational injuries: Reported injuries | Type of cases of occupational injuries: Cases of occupational injury","Institutional sector coverage: Private sector only"
"Bahrain","ADM-IR - Insurance Records","SDG indicator 8.8.1 - Fatal occupational injuries per 100'000 workers","Sex: Male","Migrant status: Total","2020",0.68,,"Coverage of occupational injuries: Reported injuries | Type of cases of occupational injuries: Cases of occupational injury","Institutional sector coverage: Private sector only"
"Bahrain","ADM-IR - Insurance Records","SDG indicator 8.8.1 - Fatal occupational injuries per 100'000 workers","Sex: Male","Migrant status: Migrants","2020",0.53,,"Coverage of occupational injuries: Reported injuries | Type of cases of occupational injuries: Cases of occupational injury","Institutional sector coverage: Private sector only"
"Bahrain","ADM-IR - Insurance Records","SDG indicator 8.8.1 - Fatal occupational injuries per 100'000 workers","Sex: Male","Migrant status: Non migrants","2020",1.67,,"Coverage of occupational injuries: Reported injuries | Type of cases of occupational injuries: Cases of occupational injury","Institutional sector coverage: Private sector only"
"Bahrain","ADM-IR - Insurance Records","SDG indicator 8.8.1 - Fatal occupational injuries per 100'000 workers","Sex: Female","Migrant status: Total","2020",0,,"Coverage of occupational injuries: Reported injuries | Type of cases of occupational injuries: Cases of occupational injury","Institutional sector coverage: Private sector only"
"Bahrain","ADM-IR - Insurance Records","SDG indicator 8.8.1 - Fatal occupational injuries per 100'000 workers","Sex: Female","Migrant status: Migrants","2020",0,,"Coverage of occupational injuries: Reported injuries | Type of cases of occupational injuries: Cases of occupational injury","Institutional sector coverage: Private sector only"
"Bahrain","ADM-IR - Insurance Records","SDG indicator 8.8.1 - Fatal occupational injuries per 100'000 workers","Sex: Female","Migrant status: Non migrants","2020",0,,"Coverage of occupational injuries: Reported injuries | Type of cases of occupational injuries: Cases of occupational injury","Institutional sector coverage: Private sector only"
"Belarus","ES - Labour-related Establishment Survey","SDG indicator 8.8.1 - Fatal occupational injuries per 100'000 workers","Sex: Total","Migrant status: Total","2023",2.684,,"Coverage of occupational injuries: Reported injuries | Type of cases of occupational injuries: Cases of occupational injury","Data reference period: End of the year | Reference group coverage: Employees | Establishment size coverage: All establishments with at least 16 employees"
"Belarus","ES - Labour-related Establishment Survey","SDG indicator 8.8.1 - Fatal occupational injuries per 100'000 workers","Sex: Male","Migrant status: Total","2023",5.666,,"Coverage of occupational injuries: Reported injuries | Type of cases of occupational injuries: Cases of occupational injury","Data reference period: End of the year | Reference group coverage: Employees | Establishment size coverage: All establishments with at least 16 employees"
"Belarus","ES - Labour-related Establishment Survey","SDG indicator 8.8.1 - Fatal occupational injuries per 100'000 workers","Sex: Female","Migrant status: Total","2023",0.12,,"Coverage of occupational injuries: Reported injuries | Type of cases of occupational injuries: Cases of occupational injury","Data reference period: End of the year | Reference group coverage: Employees | Establishment size coverage: All establishments with at least 16 employees"
"Belarus","ES - Labour-related Establishment Survey","SDG indicator 8.8.1 - Fatal occupational injuries per 100'000 workers","Sex: Total","Migrant status: Total","2022",3.387,,"Coverage of occupational injuries: Reported injuries | Type of cases of occupational injuries: Cases of occupational injury","Data reference period: End of the year | Reference group coverage: Employees | Establishment size coverage: All establishments with at least 16 employees"
"Belarus","ES - Labour-related Establishment Survey","SDG indicator 8.8.1 - Fatal occupational injuries per 100'000 workers","Sex: Male","Migrant status: Total","2022",6.651,,"Coverage of occupational injuries: Reported injuries | Type of cases of occupational injuries: Cases of occupational injury","Data reference period: End of the year | Reference group coverage: Employees | Establishment size coverage: All establishments with at least 16 employees"
"Belarus","ES - Labour-related Establishment Survey","SDG indicator 8.8.1 - Fatal occupational injuries per 100'000 workers","Sex: Female","Migrant status: Total","2022",0.539,,"Coverage of occupational injuries: Reported injuries | Type of cases of occupational injuries: Cases of occupational injury","Data reference period: End of the year | Reference group coverage: Employees | Establishment size coverage: All establishments with at least 16 employees"
"Belarus","ES - Labour-related Establishment Survey","SDG indicator 8.8.1 - Fatal occupational injuries per 100'000 workers","Sex: Total","Migrant status: Total","2021",2.546,,"Coverage of occupational injuries: Reported injuries | Type of cases of occupational injuries: Cases of occupational injury","Data reference period: End of the year | Reference group coverage: Employees | Establishment size coverage: All establishments with at least 16 employees"
"Belarus","ES - Labour-related Establishment Survey","SDG indicator 8.8.1 - Fatal occupational injuries per 100'000 workers","Sex: Male","Migrant status: Total","2021",5.13,,"Coverage of occupational injuries: Reported injuries | Type of cases of occupational injuries: Cases of occupational injury","Data reference period: End of the year | Reference group coverage: Employees | Establishment size coverage: All establishments with at least 16 employees"
"Belarus","ES - Labour-related Establishment Survey","SDG indicator 8.8.1 - Fatal occupational injuries per 100'000 workers","Sex: Female","Migrant status: Total","2021",0.235,,"Coverage of occupational injuries: Reported injuries | Type of cases of occupational injuries: Cases of occupational injury","Data reference period: End of the year | Reference group coverage: Employees | Establishment size coverage: All establishments with at least 16 employees"
"Belarus","ES - Labour-related Establishment Survey","SDG indicator 8.8.1 - Fatal occupational injuries per 100'000 workers","Sex: Total","Migrant status: Total","2020",3.07,,"Coverage of occupational injuries: Reported injuries | Type of cases of occupational injuries: Cases of occupational injury","Data reference period: End of the year | Reference group coverage: Employees | Establishment size coverage: All establishments with at least 16 employees"
"Belarus","ES - Labour-related Establishment Survey","SDG indicator 8.8.1 - Fatal occupational injuries per 100'000 workers","Sex: Total","Migrant status: Total","2019",2.869,,"Coverage of occupational injuries: Reported injuries | Type of cases of occupational injuries: Cases of occupational injury","Data reference period: End of the year | Reference group coverage: Employees | Establishment size coverage: All establishments with at least 16 employees"
"Belarus","ES - Labour-related Establishment Survey","SDG indicator 8.8.1 - Fatal occupational injuries per 100'000 workers","Sex: Male","Migrant status: Total","2019",5.492,,"Coverage of occupational injuries: Reported injuries | Type of cases of occupational injuries: Cases of occupational injury","Data reference period: End of the year | Reference group coverage: Employees | Establishment size coverage: All establishments with at least 16 employees"
"Belarus","ES - Labour-related Establishment Survey","SDG indicator 8.8.1 - Fatal occupational injuries per 100'000 workers","Sex: Female","Migrant status: Total","2019",0.516,,"Coverage of occupational injuries: Reported injuries | Type of cases of occupational injuries: Cases of occupational injury","Data reference period: End of the year | Reference group coverage: Employees | Establishment size coverage: All establishments with at least 16 employees"
"Belarus","ES - Labour-related Establishment Survey","SDG indicator 8.8.1 - Fatal occupational injuries per 100'000 workers","Sex: Total","Migrant status: Total","2018",2.819,,"Coverage of occupational injuries: Reported injuries | Type of cases of occupational injuries: Cases of occupational injury","Data reference period: End of the year | Reference group coverage: Employees | Establishment size coverage: All establishments with at least 16 employees"
"Belarus","ES - Labour-related Establishment Survey","SDG indicator 8.8.1 - Fatal occupational injuries per 100'000 workers","Sex: Male","Migrant status: Total","2018",5.505,,"Coverage of occupational injuries: Reported injuries | Type of cases of occupational injuries: Cases of occupational injury","Data reference period: End of the year | Reference group coverage: Employees | Establishment size coverage: All establishments with at least 16 employees"
"Belarus","ES - Labour-related Establishment Survey","SDG indicator 8.8.1 - Fatal occupational injuries per 100'000 workers","Sex: Female","Migrant status: Total","2018",0.395,,"Coverage of occupational injuries: Reported injuries | Type of cases of occupational injuries: Cases of occupational injury","Data reference period: End of the year | Reference group coverage: Employees | Establishment size coverage: All establishments with at least 16 employees"
"Belarus","ES - Labour-related Establishment Survey","SDG indicator 8.8.1 - Fatal occupational injuries per 100'000 workers","Sex: Total","Migrant status: Total","2017",2.2,,"Coverage of occupational injuries: Reported injuries | Type of cases of occupational injuries: Cases of occupational injury","Data reference period: End of the year | Reference group coverage: Employees | Establishment size coverage: All establishments with at least 16 employees"
"Belarus","ES - Labour-related Establishment Survey","SDG indicator 8.8.1 - Fatal occupational injuries per 100'000 workers","Sex: Total","Migrant status: Total","2016",2.267,,"Coverage of occupational injuries: Reported injuries | Type of cases of occupational injuries: Cases of occupational injury","Data reference period: End of the year | Reference group coverage: Employees | Establishment size coverage: All establishments with at least 16 employees"
"Belarus","ES - Labour-related Establishment Survey","SDG indicator 8.8.1 - Fatal occupational injuries per 100'000 workers","Sex: Male","Migrant status: Total","2016",4.312,,"Coverage of occupational injuries: Reported injuries | Type of cases of occupational injuries: Cases of occupational injury","Data reference period: End of the year | Reference group coverage: Employees | Establishment size coverage: All establishments with at least 16 employees"
"Belarus","ES - Labour-related Establishment Survey","SDG indicator 8.8.1 - Fatal occupational injuries per 100'000 workers","Sex: Female","Migrant status: Total","2016",0.44,,"Coverage of occupational injuries: Reported injuries | Type of cases of occupational injuries: Cases of occupational injury","Data reference period: End of the year | Reference group coverage: Employees | Establishment size coverage: All establishments with at least 16 employees"
"Belarus","ES - Labour-related Establishment Survey","SDG indicator 8.8.1 - Fatal occupational injuries per 100'000 workers","Sex: Total","Migrant status: Total","2015",2,,"Coverage of occupational injuries: Reported injuries | Type of cases of occupational injuries: Cases of occupational injury | Type of rate: Incidence rate (per 100'000 employees) | Time period for occurrence of death: Deaths occurring within 1 year","Data reference period: End of the year | Reference group coverage: Employees | Establishment size coverage: All establishments with at least 16 employees"
"Belarus","ES - Labour-related Establishment Survey","SDG indicator 8.8.1 - Fatal occupational injuries per 100'000 workers","Sex: Male","Migrant status: Total","2015",4.2,,"Coverage of occupational injuries: Reported injuries | Type of cases of occupational injuries: Cases of occupational injury | Type of rate: Incidence rate (per 100'000 employees) | Time period for occurrence of death: Deaths occurring within 1 year","Data reference period: End of the year | Reference group coverage: Employees | Establishment size coverage: All establishments with at least 16 employees"
"Belarus","ES - Labour-related Establishment Survey","SDG indicator 8.8.1 - Fatal occupational injuries per 100'000 workers","Sex: Female","Migrant status: Total","2015",0.1,,"Coverage of occupational injuries: Reported injuries | Type of cases of occupational injuries: Cases of occupational injury | Type of rate: Incidence rate (per 100'000 employees) | Time period for occurrence of death: Deaths occurring within 1 year","Data reference period: End of the year | Reference group coverage: Employees | Establishment size coverage: All establishments with at least 16 employees"
"Belarus","ES - Labour-related Establishment Survey","SDG indicator 8.8.1 - Fatal occupational injuries per 100'000 workers","Sex: Total","Migrant status: Total","2014",3,,"Coverage of occupational injuries: Reported injuries | Type of cases of occupational injuries: Cases of occupational injury | Type of rate: Incidence rate (per 100'000 employees) | Time period for occurrence of death: Deaths occurring within 1 year","Reference group coverage: Employees | Establishment size coverage: All establishments with at least 16 employees"
"Belarus","ES - Labour-related Establishment Survey","SDG indicator 8.8.1 - Fatal occupational injuries per 100'000 workers","Sex: Male","Migrant status: Total","2014",5.7,,"Coverage of occupational injuries: Reported injuries | Type of cases of occupational injuries: Cases of occupational injury | Type of rate: Incidence rate (per 100'000 employees) | Time period for occurrence of death: Deaths occurring within 1 year","Reference group coverage: Employees | Establishment size coverage: All establishments with at least 16 employees"
"Belarus","ES - Labour-related Establishment Survey","SDG indicator 8.8.1 - Fatal occupational injuries per 100'000 workers","Sex: Female","Migrant status: Total","2014",0.5,,"Coverage of occupational injuries: Reported injuries | Type of cases of occupational injuries: Cases of occupational injury | Type of rate: Incidence rate (per 100'000 employees) | Time period for occurrence of death: Deaths occurring within 1 year","Reference group coverage: Employees | Establishment size coverage: All establishments with at least 16 employees"
"Belarus","ES - Labour-related Establishment Survey","SDG indicator 8.8.1 - Fatal occupational injuries per 100'000 workers","Sex: Total","Migrant status: Total","2013",3.8,,"Coverage of occupational injuries: Reported injuries | Type of cases of occupational injuries: Cases of occupational injury | Type of rate: Incidence rate (per 100'000 employees) | Time period for occurrence of death: Deaths occurring within 1 year","Reference group coverage: Employees | Establishment size coverage: All establishments with at least 16 employees"
"Belarus","ES - Labour-related Establishment Survey","SDG indicator 8.8.1 - Fatal occupational injuries per 100'000 workers","Sex: Male","Migrant status: Total","2013",7.3,,"Coverage of occupational injuries: Reported injuries | Type of cases of occupational injuries: Cases of occupational injury | Type of rate: Incidence rate (per 100'000 employees) | Time period for occurrence of death: Deaths occurring within 1 year","Reference group coverage: Employees | Establishment size coverage: All establishments with at least 16 employees"
"Belarus","ES - Labour-related Establishment Survey","SDG indicator 8.8.1 - Fatal occupational injuries per 100'000 workers","Sex: Female","Migrant status: Total","2013",0.7,,"Coverage of occupational injuries: Reported injuries | Type of cases of occupational injuries: Cases of occupational injury | Type of rate: Incidence rate (per 100'000 employees) | Time period for occurrence of death: Deaths occurring within 1 year","Reference group coverage: Employees | Establishment size coverage: All establishments with at least 16 employees"
"Belize","ADM-EBR - Social Security Board Records","SDG indicator 8.8.1 - Fatal occupational injuries per 100'000 workers","Sex: Total","Migrant status: Total","2022",5.187,,"Coverage of occupational injuries: Reported injuries | Type of cases of occupational injuries: Including cases of occupational disease and cases of injury due to commuting accidents","Reference group coverage: Insured persons"
"Belize","ADM-EBR - Social Security Board Records","SDG indicator 8.8.1 - Fatal occupational injuries per 100'000 workers","Sex: Total","Migrant status: Migrants","2022",0,,"Coverage of occupational injuries: Reported injuries | Type of cases of occupational injuries: Including cases of occupational disease and cases of injury due to commuting accidents","Reference group coverage: Insured persons"
"Belize","ADM-EBR - Social Security Board Records","SDG indicator 8.8.1 - Fatal occupational injuries per 100'000 workers","Sex: Total","Migrant status: Non migrants","2022",5.93,,"Coverage of occupational injuries: Reported injuries | Type of cases of occupational injuries: Including cases of occupational disease and cases of injury due to commuting accidents","Reference group coverage: Insured persons"
"Belize","ADM-EBR - Social Security Board Records","SDG indicator 8.8.1 - Fatal occupational injuries per 100'000 workers","Sex: Male","Migrant status: Total","2022",8.856,,"Coverage of occupational injuries: Reported injuries | Type of cases of occupational injuries: Including cases of occupational disease and cases of injury due to commuting accidents","Reference group coverage: Insured persons"
"Belize","ADM-EBR - Social Security Board Records","SDG indicator 8.8.1 - Fatal occupational injuries per 100'000 workers","Sex: Male","Migrant status: Migrants","2022",0,,"Coverage of occupational injuries: Reported injuries | Type of cases of occupational injuries: Including cases of occupational disease and cases of injury due to commuting accidents","Reference group coverage: Insured persons"
"Belize","ADM-EBR - Social Security Board Records","SDG indicator 8.8.1 - Fatal occupational injuries per 100'000 workers","Sex: Male","Migrant status: Non migrants","2022",10.279,,"Coverage of occupational injuries: Reported injuries | Type of cases of occupational injuries: Including cases of occupational disease and cases of injury due to commuting accidents","Reference group coverage: Insured persons"
"Belize","ADM-EBR - Social Security Board Records","SDG indicator 8.8.1 - Fatal occupational injuries per 100'000 workers","Sex: Female","Migrant status: Total","2022",0,,"Coverage of occupational injuries: Reported injuries | Type of cases of occupational injuries: Including cases of occupational disease and cases of injury due to commuting accidents","Reference group coverage: Insured persons"
"Belize","ADM-EBR - Social Security Board Records","SDG indicator 8.8.1 - Fatal occupational injuries per 100'000 workers","Sex: Female","Migrant status: Migrants","2022",0,,"Coverage of occupational injuries: Reported injuries | Type of cases of occupational injuries: Including cases of occupational disease and cases of injury due to commuting accidents","Reference group coverage: Insured persons"
"Belize","ADM-EBR - Social Security Board Records","SDG indicator 8.8.1 - Fatal occupational injuries per 100'000 workers","Sex: Female","Migrant status: Non migrants","2022",0,,"Coverage of occupational injuries: Reported injuries | Type of cases of occupational injuries: Including cases of occupational disease and cases of injury due to commuting accidents","Reference group coverage: Insured persons"
"Belize","ADM-EBR - Social Security Board Records","SDG indicator 8.8.1 - Fatal occupational injuries per 100'000 workers","Sex: Total","Migrant status: Total","2021",0.93,,"Coverage of occupational injuries: Reported injuries | Type of cases of occupational injuries: Including cases of occupational disease and cases of injury due to commuting accidents","Reference group coverage: Insured persons"
"Belize","ADM-EBR - Social Security Board Records","SDG indicator 8.8.1 - Fatal occupational injuries per 100'000 workers","Sex: Total","Migrant status: Migrants","2021",6.76,,"Coverage of occupational injuries: Reported injuries | Type of cases of occupational injuries: Including cases of occupational disease and cases of injury due to commuting accidents","Reference group coverage: Insured persons"
"Belize","ADM-EBR - Social Security Board Records","SDG indicator 8.8.1 - Fatal occupational injuries per 100'000 workers","Sex: Total","Migrant status: Non migrants","2021",0,,"Coverage of occupational injuries: Reported injuries | Type of cases of occupational injuries: Including cases of occupational disease and cases of injury due to commuting accidents","Reference group coverage: Insured persons"
"Belize","ADM-EBR - Social Security Board Records","SDG indicator 8.8.1 - Fatal occupational injuries per 100'000 workers","Sex: Male","Migrant status: Total","2021",1.55,,"Coverage of occupational injuries: Reported injuries | Type of cases of occupational injuries: Including cases of occupational disease and cases of injury due to commuting accidents","Reference group coverage: Insured persons"
"Belize","ADM-EBR - Social Security Board Records","SDG indicator 8.8.1 - Fatal occupational injuries per 100'000 workers","Sex: Male","Migrant status: Migrants","2021",10.18,,"Coverage of occupational injuries: Reported injuries | Type of cases of occupational injuries: Including cases of occupational disease and cases of injury due to commuting accidents","Reference group coverage: Insured persons"
"Belize","ADM-EBR - Social Security Board Records","SDG indicator 8.8.1 - Fatal occupational injuries per 100'000 workers","Sex: Male","Migrant status: Non migrants","2021",0,,"Coverage of occupational injuries: Reported injuries | Type of cases of occupational injuries: Including cases of occupational disease and cases of injury due to commuting accidents","Reference group coverage: Insured persons"
"Belize","ADM-EBR - Social Security Board Records","SDG indicator 8.8.1 - Fatal occupational injuries per 100'000 workers","Sex: Female","Migrant status: Total","2021",0,,"Coverage of occupational injuries: Reported injuries | Type of cases of occupational injuries: Including cases of occupational disease and cases of injury due to commuting accidents","Reference group coverage: Insured persons"
"Belize","ADM-EBR - Social Security Board Records","SDG indicator 8.8.1 - Fatal occupational injuries per 100'000 workers","Sex: Female","Migrant status: Migrants","2021",0,,"Coverage of occupational injuries: Reported injuries | Type of cases of occupational injuries: Including cases of occupational disease and cases of injury due to commuting accidents","Reference group coverage: Insured persons"
"Belize","ADM-EBR - Social Security Board Records","SDG indicator 8.8.1 - Fatal occupational injuries per 100'000 workers","Sex: Female","Migrant status: Non migrants","2021",0,,"Coverage of occupational injuries: Reported injuries | Type of cases of occupational injuries: Including cases of occupational disease and cases of injury due to commuting accidents","Reference group coverage: Insured persons"
"Belize","ADM-EBR - Social Security Board Records","SDG indicator 8.8.1 - Fatal occupational injuries per 100'000 workers","Sex: Total","Migrant status: Total","2020",2.85,,"Coverage of occupational injuries: Reported injuries | Type of cases of occupational injuries: Including cases of occupational disease and cases of injury due to commuting accidents","Reference group coverage: Insured persons"
"Belize","ADM-EBR - Social Security Board Records","SDG indicator 8.8.1 - Fatal occupational injuries per 100'000 workers","Sex: Total","Migrant status: Migrants","2020",12.36,,"Coverage of occupational injuries: Reported injuries | Type of cases of occupational injuries: Including cases of occupational disease and cases of injury due to commuting accidents","Reference group coverage: Insured persons"
"Belize","ADM-EBR - Social Security Board Records","SDG indicator 8.8.1 - Fatal occupational injuries per 100'000 workers","Sex: Total","Migrant status: Non migrants","2020",1.12,,"Coverage of occupational injuries: Reported injuries | Type of cases of occupational injuries: Including cases of occupational disease and cases of injury due to commuting accidents","Reference group coverage: Insured persons"
"Belize","ADM-EBR - Social Security Board Records","SDG indicator 8.8.1 - Fatal occupational injuries per 100'000 workers","Sex: Male","Migrant status: Total","2020",4.72,,"Coverage of occupational injuries: Reported injuries | Type of cases of occupational injuries: Including cases of occupational disease and cases of injury due to commuting accidents","Reference group coverage: Insured persons"
"Belize","ADM-EBR - Social Security Board Records","SDG indicator 8.8.1 - Fatal occupational injuries per 100'000 workers","Sex: Male","Migrant status: Migrants","2020",18.51,,"Coverage of occupational injuries: Reported injuries | Type of cases of occupational injuries: Including cases of occupational disease and cases of injury due to commuting accidents","Reference group coverage: Insured persons"
"Belize","ADM-EBR - Social Security Board Records","SDG indicator 8.8.1 - Fatal occupational injuries per 100'000 workers","Sex: Male","Migrant status: Non migrants","2020",1.9,,"Coverage of occupational injuries: Reported injuries | Type of cases of occupational injuries: Including cases of occupational disease and cases of injury due to commuting accidents","Reference group coverage: Insured persons"
"Belize","ADM-EBR - Social Security Board Records","SDG indicator 8.8.1 - Fatal occupational injuries per 100'000 workers","Sex: Female","Migrant status: Total","2020",0,,"Coverage of occupational injuries: Reported injuries | Type of cases of occupational injuries: Including cases of occupational disease and cases of injury due to commuting accidents","Reference group coverage: Insured persons"
"Belize","ADM-EBR - Social Security Board Records","SDG indicator 8.8.1 - Fatal occupational injuries per 100'000 workers","Sex: Female","Migrant status: Migrants","2020",0,,"Coverage of occupational injuries: Reported injuries | Type of cases of occupational injuries: Including cases of occupational disease and cases of injury due to commuting accidents","Reference group coverage: Insured persons"
"Belize","ADM-EBR - Social Security Board Records","SDG indicator 8.8.1 - Fatal occupational injuries per 100'000 workers","Sex: Female","Migrant status: Non migrants","2020",0,,"Coverage of occupational injuries: Reported injuries | Type of cases of occupational injuries: Including cases of occupational disease and cases of injury due to commuting accidents","Reference group coverage: Insured persons"
"Belize","ADM-EBR - Social Security Board Records","SDG indicator 8.8.1 - Fatal occupational injuries per 100'000 workers","Sex: Total","Migrant status: Total","2019",5.39,,"Coverage of occupational injuries: Reported injuries | Type of cases of occupational injuries: Including cases of occupational disease and cases of injury due to commuting accidents","Reference group coverage: Insured persons"
"Belize","ADM-EBR - Social Security Board Records","SDG indicator 8.8.1 - Fatal occupational injuries per 100'000 workers","Sex: Total","Migrant status: Migrants","2019",33.85,,"Coverage of occupational injuries: Reported injuries | Type of cases of occupational injuries: Including cases of occupational disease and cases of injury due to commuting accidents","Reference group coverage: Insured persons"
"Belize","ADM-EBR - Social Security Board Records","SDG indicator 8.8.1 - Fatal occupational injuries per 100'000 workers","Sex: Total","Migrant status: Non migrants","2019",0,,"Coverage of occupational injuries: Reported injuries | Type of cases of occupational injuries: Including cases of occupational disease and cases of injury due to commuting accidents","Reference group coverage: Insured persons"
"Belize","ADM-EBR - Social Security Board Records","SDG indicator 8.8.1 - Fatal occupational injuries per 100'000 workers","Sex: Male","Migrant status: Total","2019",8.94,,"Coverage of occupational injuries: Reported injuries | Type of cases of occupational injuries: Including cases of occupational disease and cases of injury due to commuting accidents","Reference group coverage: Insured persons"
"Belize","ADM-EBR - Social Security Board Records","SDG indicator 8.8.1 - Fatal occupational injuries per 100'000 workers","Sex: Male","Migrant status: Migrants","2019",50.54,,"Coverage of occupational injuries: Reported injuries | Type of cases of occupational injuries: Including cases of occupational disease and cases of injury due to commuting accidents","Reference group coverage: Insured persons"
"Belize","ADM-EBR - Social Security Board Records","SDG indicator 8.8.1 - Fatal occupational injuries per 100'000 workers","Sex: Male","Migrant status: Non migrants","2019",0,,"Coverage of occupational injuries: Reported injuries | Type of cases of occupational injuries: Including cases of occupational disease and cases of injury due to commuting accidents","Reference group coverage: Insured persons"
"Belize","ADM-EBR - Social Security Board Records","SDG indicator 8.8.1 - Fatal occupational injuries per 100'000 workers","Sex: Female","Migrant status: Total","2019",0,,"Coverage of occupational injuries: Reported injuries | Type of cases of occupational injuries: Including cases of occupational disease and cases of injury due to commuting accidents","Reference group coverage: Insured persons"
"Belize","ADM-EBR - Social Security Board Records","SDG indicator 8.8.1 - Fatal occupational injuries per 100'000 workers","Sex: Female","Migrant status: Migrants","2019",0,,"Coverage of occupational injuries: Reported injuries | Type of cases of occupational injuries: Including cases of occupational disease and cases of injury due to commuting accidents","Reference group coverage: Insured persons"
"Belize","ADM-EBR - Social Security Board Records","SDG indicator 8.8.1 - Fatal occupational injuries per 100'000 workers","Sex: Female","Migrant status: Non migrants","2019",0,,"Coverage of occupational injuries: Reported injuries | Type of cases of occupational injuries: Including cases of occupational disease and cases of injury due to commuting accidents","Reference group coverage: Insured persons"
"Belize","ADM-EBR - Social Security Board Records","SDG indicator 8.8.1 - Fatal occupational injuries per 100'000 workers","Sex: Total","Migrant status: Total","2018",0.92,,"Coverage of occupational injuries: Reported injuries | Type of cases of occupational injuries: Including cases of occupational disease and cases of injury due to commuting accidents","Reference group coverage: Insured persons"
"Belize","ADM-EBR - Social Security Board Records","SDG indicator 8.8.1 - Fatal occupational injuries per 100'000 workers","Sex: Total","Migrant status: Migrants","2018",5.57,,"Coverage of occupational injuries: Reported injuries | Type of cases of occupational injuries: Including cases of occupational disease and cases of injury due to commuting accidents","Reference group coverage: Insured persons"
"Belize","ADM-EBR - Social Security Board Records","SDG indicator 8.8.1 - Fatal occupational injuries per 100'000 workers","Sex: Total","Migrant status: Non migrants","2018",0,,"Coverage of occupational injuries: Reported injuries | Type of cases of occupational injuries: Including cases of occupational disease and cases of injury due to commuting accidents","Reference group coverage: Insured persons"
"Belize","ADM-EBR - Social Security Board Records","SDG indicator 8.8.1 - Fatal occupational injuries per 100'000 workers","Sex: Male","Migrant status: Total","2018",1.51,,"Coverage of occupational injuries: Reported injuries | Type of cases of occupational injuries: Including cases of occupational disease and cases of injury due to commuting accidents","Reference group coverage: Insured persons"
"Belize","ADM-EBR - Social Security Board Records","SDG indicator 8.8.1 - Fatal occupational injuries per 100'000 workers","Sex: Male","Migrant status: Migrants","2018",8.21,,"Coverage of occupational injuries: Reported injuries | Type of cases of occupational injuries: Including cases of occupational disease and cases of injury due to commuting accidents","Reference group coverage: Insured persons"
"Belize","ADM-EBR - Social Security Board Records","SDG indicator 8.8.1 - Fatal occupational injuries per 100'000 workers","Sex: Male","Migrant status: Non migrants","2018",0,,"Coverage of occupational injuries: Reported injuries | Type of cases of occupational injuries: Including cases of occupational disease and cases of injury due to commuting accidents","Reference group coverage: Insured persons"
"Belize","ADM-EBR - Social Security Board Records","SDG indicator 8.8.1 - Fatal occupational injuries per 100'000 workers","Sex: Female","Migrant status: Total","2018",0,,"Coverage of occupational injuries: Reported injuries | Type of cases of occupational injuries: Including cases of occupational disease and cases of injury due to commuting accidents","Reference group coverage: Insured persons"
"Belize","ADM-EBR - Social Security Board Records","SDG indicator 8.8.1 - Fatal occupational injuries per 100'000 workers","Sex: Female","Migrant status: Migrants","2018",0,,"Coverage of occupational injuries: Reported injuries | Type of cases of occupational injuries: Including cases of occupational disease and cases of injury due to commuting accidents","Reference group coverage: Insured persons"
"Belize","ADM-EBR - Social Security Board Records","SDG indicator 8.8.1 - Fatal occupational injuries per 100'000 workers","Sex: Female","Migrant status: Non migrants","2018",0,,"Coverage of occupational injuries: Reported injuries | Type of cases of occupational injuries: Including cases of occupational disease and cases of injury due to commuting accidents","Reference group coverage: Insured persons"
"Belize","ADM-EBR - Social Security Board Records","SDG indicator 8.8.1 - Fatal occupational injuries per 100'000 workers","Sex: Total","Migrant status: Total","2017",0.94,,"Coverage of occupational injuries: Reported injuries | Type of cases of occupational injuries: Including cases of occupational disease and cases of injury due to commuting accidents","Reference group coverage: Insured persons"
"Belize","ADM-EBR - Social Security Board Records","SDG indicator 8.8.1 - Fatal occupational injuries per 100'000 workers","Sex: Total","Migrant status: Migrants","2017",5.57,,"Coverage of occupational injuries: Reported injuries | Type of cases of occupational injuries: Including cases of occupational disease and cases of injury due to commuting accidents","Reference group coverage: Insured persons"
"Belize","ADM-EBR - Social Security Board Records","SDG indicator 8.8.1 - Fatal occupational injuries per 100'000 workers","Sex: Total","Migrant status: Non migrants","2017",0,,"Coverage of occupational injuries: Reported injuries | Type of cases of occupational injuries: Including cases of occupational disease and cases of injury due to commuting accidents","Reference group coverage: Insured persons"
"Belize","ADM-EBR - Social Security Board Records","SDG indicator 8.8.1 - Fatal occupational injuries per 100'000 workers","Sex: Male","Migrant status: Total","2017",1.54,,"Coverage of occupational injuries: Reported injuries | Type of cases of occupational injuries: Including cases of occupational disease and cases of injury due to commuting accidents","Reference group coverage: Insured persons"
"Belize","ADM-EBR - Social Security Board Records","SDG indicator 8.8.1 - Fatal occupational injuries per 100'000 workers","Sex: Male","Migrant status: Migrants","2017",8.17,,"Coverage of occupational injuries: Reported injuries | Type of cases of occupational injuries: Including cases of occupational disease and cases of injury due to commuting accidents","Reference group coverage: Insured persons"
"Belize","ADM-EBR - Social Security Board Records","SDG indicator 8.8.1 - Fatal occupational injuries per 100'000 workers","Sex: Male","Migrant status: Non migrants","2017",0,,"Coverage of occupational injuries: Reported injuries | Type of cases of occupational injuries: Including cases of occupational disease and cases of injury due to commuting accidents","Reference group coverage: Insured persons"
"Belize","ADM-EBR - Social Security Board Records","SDG indicator 8.8.1 - Fatal occupational injuries per 100'000 workers","Sex: Female","Migrant status: Total","2017",0,,"Coverage of occupational injuries: Reported injuries | Type of cases of occupational injuries: Including cases of occupational disease and cases of injury due to commuting accidents","Reference group coverage: Insured persons"
"Belize","ADM-EBR - Social Security Board Records","SDG indicator 8.8.1 - Fatal occupational injuries per 100'000 workers","Sex: Female","Migrant status: Migrants","2017",0,,"Coverage of occupational injuries: Reported injuries | Type of cases of occupational injuries: Including cases of occupational disease and cases of injury due to commuting accidents","Reference group coverage: Insured persons"
"Belize","ADM-EBR - Social Security Board Records","SDG indicator 8.8.1 - Fatal occupational injuries per 100'000 workers","Sex: Female","Migrant status: Non migrants","2017",0,,"Coverage of occupational injuries: Reported injuries | Type of cases of occupational injuries: Including cases of occupational disease and cases of injury due to commuting accidents","Reference group coverage: Insured persons"
"Barbados","ADM-LIR - Labour Department","SDG indicator 8.8.1 - Fatal occupational injuries per 100'000 workers","Sex: Total","Migrant status: Total","2016",0.75,,"Coverage of occupational injuries: Reported injuries | Type of cases of occupational injuries: Cases of occupational injury | Time period for occurrence of death: No specified period for occurrence of deaths",
"Canada","ADM-REO - National Work Injuries Statistics Program and Association of Workers' Compensation Boards","SDG indicator 8.8.1 - Fatal occupational injuries per 100'000 workers","Sex: Total","Migrant status: Total","2022",5.04,,"Coverage of occupational injuries: Compensated injuries | Type of cases of occupational injuries: Cases of occupational injury","Data reference period: End of the year | Reference group coverage: Insured persons"
"Canada","ADM-REO - National Work Injuries Statistics Program and Association of Workers' Compensation Boards","SDG indicator 8.8.1 - Fatal occupational injuries per 100'000 workers","Sex: Total","Migrant status: Total","2021",5.71,,"Coverage of occupational injuries: Compensated injuries | Type of cases of occupational injuries: Cases of occupational injury","Data reference period: End of the year | Reference group coverage: Insured persons"
"Canada","ADM-REO - National Work Injuries Statistics Program and Association of Workers' Compensation Boards","SDG indicator 8.8.1 - Fatal occupational injuries per 100'000 workers","Sex: Total","Migrant status: Total","2020",5.134,,"Coverage of occupational injuries: Compensated injuries | Type of cases of occupational injuries: Cases of occupational injury | Type of rate: Incidence rate (per 100'000 employees) | Time period for occurrence of death: Deaths occurring within 1 year","Data reference period: End of the year | Reference group coverage: Insured persons"
"Canada","ADM-REO - National Work Injuries Statistics Program and Association of Workers' Compensation Boards","SDG indicator 8.8.1 - Fatal occupational injuries per 100'000 workers","Sex: Total","Migrant status: Total","2019",4.872,,"Coverage of occupational injuries: Compensated injuries | Type of cases of occupational injuries: Cases of occupational injury | Type of rate: Incidence rate (per 100'000 employees) | Time period for occurrence of death: Deaths occurring within 1 year","Data reference period: End of the year | Reference group coverage: Insured persons"
"Canada","ADM-REO - National Work Injuries Statistics Program and Association of Workers' Compensation Boards","SDG indicator 8.8.1 - Fatal occupational injuries per 100'000 workers","Sex: Total","Migrant status: Total","2018",1.93,,"Coverage of occupational injuries: Compensated injuries | Type of cases of occupational injuries: Cases of occupational injury | Type of rate: Incidence rate (per 100'000 employees) | Time period for occurrence of death: Deaths occurring within 1 year","Data reference period: End of the year | Reference group coverage: Insured persons"
"Canada","ADM-REO - National Work Injuries Statistics Program and Association of Workers' Compensation Boards","SDG indicator 8.8.1 - Fatal occupational injuries per 100'000 workers","Sex: Total","Migrant status: Total","2017",1.808,,"Coverage of occupational injuries: Compensated injuries | Type of cases of occupational injuries: Cases of occupational injury | Type of rate: Incidence rate (per 100'000 employees) | Time period for occurrence of death: Deaths occurring within 1 year","Data reference period: End of the year | Reference group coverage: Insured persons"
"Canada","ADM-REO - National Work Injuries Statistics Program and Association of Workers' Compensation Boards","SDG indicator 8.8.1 - Fatal occupational injuries per 100'000 workers","Sex: Total","Migrant status: Total","2016",1.76,,"Coverage of occupational injuries: Compensated injuries | Type of cases of occupational injuries: Cases of occupational injury | Type of rate: Incidence rate (per 100'000 employees) | Time period for occurrence of death: Deaths occurring within 1 year","Data reference period: End of the year | Reference group coverage: Insured persons"
"Canada","ADM-REO - National Work Injuries Statistics Program and Association of Workers' Compensation Boards","SDG indicator 8.8.1 - Fatal occupational injuries per 100'000 workers","Sex: Total","Migrant status: Total","2015",1.722,,"Coverage of occupational injuries: Compensated injuries | Type of cases of occupational injuries: Cases of occupational injury | Type of rate: Incidence rate (per 100'000 employees) | Time period for occurrence of death: Deaths occurring within 1 year","Data reference period: End of the year | Reference group coverage: Insured persons"
"Canada","ADM-REO - National Work Injuries Statistics Program and Association of Workers' Compensation Boards","SDG indicator 8.8.1 - Fatal occupational injuries per 100'000 workers","Sex: Total","Migrant status: Total","2014",2,,"Coverage of occupational injuries: Compensated injuries | Type of cases of occupational injuries: Cases of occupational injury | Type of rate: Incidence rate (per 100'000 employees) | Time period for occurrence of death: Deaths occurring within 1 year","Data reference period: End of the year | Reference group coverage: Insured persons"
"Canada","ADM-REO - National Work Injuries Statistics Program and Association of Workers' Compensation Boards","SDG indicator 8.8.1 - Fatal occupational injuries per 100'000 workers","Sex: Male","Migrant status: Total","2014",3.5,,"Coverage of occupational injuries: Compensated injuries | Type of cases of occupational injuries: Cases of occupational injury | Type of rate: Incidence rate (per 100'000 employees) | Time period for occurrence of death: Deaths occurring within 1 year","Data reference period: End of the year | Reference group coverage: Insured persons"
"Canada","ADM-REO - National Work Injuries Statistics Program and Association of Workers' Compensation Boards","SDG indicator 8.8.1 - Fatal occupational injuries per 100'000 workers","Sex: Female","Migrant status: Total","2014",0.3,,"Coverage of occupational injuries: Compensated injuries | Type of cases of occupational injuries: Cases of occupational injury | Type of rate: Incidence rate (per 100'000 employees) | Time period for occurrence of death: Deaths occurring within 1 year","Data reference period: End of the year | Reference group coverage: Insured persons"
"Canada","ADM-REO - National Work Injuries Statistics Program and Association of Workers' Compensation Boards","SDG indicator 8.8.1 - Fatal occupational injuries per 100'000 workers","Sex: Total","Migrant status: Total","2013",2.04,,"Coverage of occupational injuries: Compensated injuries | Type of cases of occupational injuries: Cases of occupational injury | Type of rate: Incidence rate (per 100'000 workers employed) | Time period for occurrence of death: No specified period for occurrence of deaths","Data reference period: End of the year | Reference group coverage: Insured persons"
"Canada","ADM-REO - National Work Injuries Statistics Program and Association of Workers' Compensation Boards","SDG indicator 8.8.1 - Fatal occupational injuries per 100'000 workers","Sex: Male","Migrant status: Total","2013",3.53,,"Coverage of occupational injuries: Compensated injuries | Type of cases of occupational injuries: Cases of occupational injury | Type of rate: Incidence rate (per 100'000 workers employed) | Time period for occurrence of death: No specified period for occurrence of deaths","Data reference period: End of the year | Reference group coverage: Insured persons"
"Canada","ADM-REO - National Work Injuries Statistics Program and Association of Workers' Compensation Boards","SDG indicator 8.8.1 - Fatal occupational injuries per 100'000 workers","Sex: Female","Migrant status: Total","2013",0.4,,"Coverage of occupational injuries: Compensated injuries | Type of cases of occupational injuries: Cases of occupational injury | Type of rate: Incidence rate (per 100'000 workers employed) | Time period for occurrence of death: No specified period for occurrence of deaths","Data reference period: End of the year | Reference group coverage: Insured persons"
"Switzerland","ADM - Register of the compulsory accident insurance","SDG indicator 8.8.1 - Fatal occupational injuries per 100'000 workers","Sex: Total","Migrant status: Total","2022",1.4,,"Coverage of occupational injuries: Reported injuries","Repository: ILO calculations based on Eurostat data | Reference group coverage: Employees"
"Switzerland","ADM - Register of the compulsory accident insurance","SDG indicator 8.8.1 - Fatal occupational injuries per 100'000 workers","Sex: Total","Migrant status: Total","2021",0.85,,"Coverage of occupational injuries: Reported injuries","Repository: ILO calculations based on Eurostat data | Reference group coverage: Employees"
"Switzerland","ADM - Register of the compulsory accident insurance","SDG indicator 8.8.1 - Fatal occupational injuries per 100'000 workers","Sex: Total","Migrant status: Total","2020",1.08,,"Coverage of occupational injuries: Reported injuries","Repository: ILO calculations based on Eurostat data | Reference group coverage: Employees"
"Switzerland","ADM - Register of the compulsory accident insurance","SDG indicator 8.8.1 - Fatal occupational injuries per 100'000 workers","Sex: Total","Migrant status: Total","2019",1.35,,"Coverage of occupational injuries: Reported injuries","Repository: ILO calculations based on Eurostat data | Reference group coverage: Employees"
"Switzerland","ADM - Register of the compulsory accident insurance","SDG indicator 8.8.1 - Fatal occupational injuries per 100'000 workers","Sex: Total","Migrant status: Total","2018",1.24,,"Coverage of occupational injuries: Reported injuries","Repository: ILO calculations based on Eurostat data | Reference group coverage: Employees"
"Switzerland","ADM - Register of the compulsory accident insurance","SDG indicator 8.8.1 - Fatal occupational injuries per 100'000 workers","Sex: Total","Migrant status: Total","2017",0.91,,"Coverage of occupational injuries: Reported injuries","Repository: ILO calculations based on Eurostat data | Reference group coverage: Employees"
"Switzerland","ADM - Register of the compulsory accident insurance","SDG indicator 8.8.1 - Fatal occupational injuries per 100'000 workers","Sex: Total","Migrant status: Total","2016",1.97,,"Coverage of occupational injuries: Reported injuries","Repository: ILO calculations based on Eurostat data | Reference group coverage: Employees"
"Switzerland","ADM - Register of the compulsory accident insurance","SDG indicator 8.8.1 - Fatal occupational injuries per 100'000 workers","Sex: Total","Migrant status: Total","2015",1.36,,"Coverage of occupational injuries: Reported injuries","Repository: ILO calculations based on Eurostat data | Reference group coverage: Employees"
"Switzerland","ADM - Register of the compulsory accident insurance","SDG indicator 8.8.1 - Fatal occupational injuries per 100'000 workers","Sex: Total","Migrant status: Total","2014",1.88,,"Coverage of occupational injuries: Reported injuries","Repository: ILO calculations based on Eurostat data | Reference group coverage: Employees"
"Switzerland","ADM - Register of the compulsory accident insurance","SDG indicator 8.8.1 - Fatal occupational injuries per 100'000 workers","Sex: Total","Migrant status: Total","2013",2.01,,"Coverage of occupational injuries: Reported injuries","Repository: ILO calculations based on Eurostat data | Reference group coverage: Employees"
"Chile","ADM - Social Security Board Records","SDG indicator 8.8.1 - Fatal occupational injuries per 100'000 workers","Sex: Total","Migrant status: Total","2018",3.058,,"Coverage of occupational injuries: Compensated injuries | Type of cases of occupational injuries: Cases of occupational injury","Data reference period: End of the year | Reference group coverage: Insured persons"
"Chile","ADM - Social Security Board Records","SDG indicator 8.8.1 - Fatal occupational injuries per 100'000 workers","Sex: Male","Migrant status: Total","2018",4.636,,"Coverage of occupational injuries: Compensated injuries | Type of cases of occupational injuries: Cases of occupational injury","Data reference period: End of the year | Reference group coverage: Insured persons"
"Chile","ADM - Social Security Board Records","SDG indicator 8.8.1 - Fatal occupational injuries per 100'000 workers","Sex: Female","Migrant status: Total","2018",0.545,,"Coverage of occupational injuries: Compensated injuries | Type of cases of occupational injuries: Cases of occupational injury","Data reference period: End of the year | Reference group coverage: Insured persons"
"Chile","ADM - Social Security Board Records","SDG indicator 8.8.1 - Fatal occupational injuries per 100'000 workers","Sex: Total","Migrant status: Total","2017",3.41,,"Coverage of occupational injuries: Compensated injuries | Type of cases of occupational injuries: Cases of occupational injury","Data reference period: End of the year | Reference group coverage: Insured persons"
"Chile","ADM - Social Security Board Records","SDG indicator 8.8.1 - Fatal occupational injuries per 100'000 workers","Sex: Male","Migrant status: Total","2017",5.31,,"Coverage of occupational injuries: Compensated injuries | Type of cases of occupational injuries: Cases of occupational injury","Data reference period: End of the year | Reference group coverage: Insured persons"
"Chile","ADM - Social Security Board Records","SDG indicator 8.8.1 - Fatal occupational injuries per 100'000 workers","Sex: Female","Migrant status: Total","2017",0.36,,"Coverage of occupational injuries: Compensated injuries | Type of cases of occupational injuries: Cases of occupational injury","Data reference period: End of the year | Reference group coverage: Insured persons"
"Chile","ADM - Social Security Board Records","SDG indicator 8.8.1 - Fatal occupational injuries per 100'000 workers","Sex: Total","Migrant status: Total","2013",5.12,,"Coverage of occupational injuries: Compensated injuries | Type of cases of occupational injuries: Cases of occupational injury | Type of rate: Incidence rate (per 100'000 persons insured) | Time period for occurrence of death: Deaths occurring within 1 year","Data reference period: End of the year | Reference group coverage: Employees"
"Colombia","ADM - Labour Relations Records","SDG indicator 8.8.1 - Fatal occupational injuries per 100'000 workers","Sex: Total","Migrant status: Total","2023",6.46,,"Coverage of occupational injuries: Reported injuries | Type of cases of occupational injuries: Including cases of occupational disease and cases of injury due to commuting accidents","Reference group coverage: Employees"
"Colombia","ADM - Labour Relations Records","SDG indicator 8.8.1 - Fatal occupational injuries per 100'000 workers","Sex: Total","Migrant status: Total","2022",4.659,,"Coverage of occupational injuries: Reported injuries | Type of cases of occupational injuries: Including cases of occupational disease and cases of injury due to commuting accidents | Type of rate: Incidence rate (per 100'000 persons insured) | Minimum period of absence from work: No minimum period of absence","Reference group coverage: Employees"
"Colombia","ADM - Labour Relations Records","SDG indicator 8.8.1 - Fatal occupational injuries per 100'000 workers","Sex: Total","Migrant status: Total","2021",5.306,,"Coverage of occupational injuries: Reported injuries | Type of cases of occupational injuries: Including cases of occupational disease and cases of injury due to commuting accidents | Type of rate: Incidence rate (per 100'000 persons insured) | Minimum period of absence from work: No minimum period of absence","Reference group coverage: Employees"
"Colombia","ADM - Labour Relations Records","SDG indicator 8.8.1 - Fatal occupational injuries per 100'000 workers","Sex: Total","Migrant status: Total","2020",4.658,,"Coverage of occupational injuries: Reported injuries | Type of cases of occupational injuries: Including cases of occupational disease and cases of injury due to commuting accidents | Type of rate: Incidence rate (per 100'000 persons insured) | Minimum period of absence from work: No minimum period of absence","Reference group coverage: Employees"
"Colombia","ADM - Labour Relations Records","SDG indicator 8.8.1 - Fatal occupational injuries per 100'000 workers","Sex: Total","Migrant status: Total","2019",4.637,,"Coverage of occupational injuries: Reported injuries | Type of cases of occupational injuries: Including cases of occupational disease and cases of injury due to commuting accidents | Type of rate: Incidence rate (per 100'000 persons insured) | Minimum period of absence from work: No minimum period of absence","Reference group coverage: Employees"
"Colombia","ADM - Labour Relations Records","SDG indicator 8.8.1 - Fatal occupational injuries per 100'000 workers","Sex: Total","Migrant status: Total","2018",3.92,,"Coverage of occupational injuries: Reported injuries | Type of cases of occupational injuries: Including cases of occupational disease and cases of injury due to commuting accidents | Type of rate: Incidence rate (per 100'000 persons insured) | Minimum period of absence from work: No minimum period of absence","Reference group coverage: Employees"
"Colombia","ADM - Labour Relations Records","SDG indicator 8.8.1 - Fatal occupational injuries per 100'000 workers","Sex: Total","Migrant status: Total","2017",0,,"Coverage of occupational injuries: Reported injuries | Type of cases of occupational injuries: Including cases of occupational disease and cases of injury due to commuting accidents | Minimum period of absence from work: No minimum period of absence","Reference group coverage: Employees"
"Colombia","ADM - Labour Relations Records","SDG indicator 8.8.1 - Fatal occupational injuries per 100'000 workers","Sex: Total","Migrant status: Total","2015",18.04,,"Coverage of occupational injuries: Reported injuries | Type of cases of occupational injuries: Including cases of occupational disease and cases of injury due to commuting accidents | Type of rate: Incidence rate (per 100'000 persons insured) | Minimum period of absence from work: No minimum period of absence","Reference group coverage: Employees"
"Colombia","ADM - Ministry of Health and Social Protection","SDG indicator 8.8.1 - Fatal occupational injuries per 100'000 workers","Sex: Total","Migrant status: Total","2014",4,,"Coverage of occupational injuries: Reported injuries | Type of cases of occupational injuries: Including cases of occupational disease and cases of injury due to commuting accidents | Type of rate: Incidence rate (per 100'000 persons insured) | Time period for occurrence of death: Deaths occurring within 1 year","Reference group coverage: Employees"
"Colombia","ADM - Labour Relations Records","SDG indicator 8.8.1 - Fatal occupational injuries per 100'000 workers","Sex: Total","Migrant status: Total","2013",8.95,,"Coverage of occupational injuries: Reported injuries | Type of cases of occupational injuries: Including cases of occupational disease and cases of injury due to commuting accidents | Type of rate: Incidence rate (per 100'000 persons insured) | Minimum period of absence from work: No minimum period of absence","Reference group coverage: Employees"
"Costa Rica","ADM-IR - Records of Social Security Fund","SDG indicator 8.8.1 - Fatal occupational injuries per 100'000 workers","Sex: Total","Migrant status: Total","2016",9.72,,"Coverage of occupational injuries: Reported injuries | Type of cases of occupational injuries: Cases of occupational injury","Reference group coverage: Employees"
"Costa Rica","ADM-IR - Records of Social Security Fund","SDG indicator 8.8.1 - Fatal occupational injuries per 100'000 workers","Sex: Total","Migrant status: Total","2015",6.159,,"Coverage of occupational injuries: Reported injuries | Type of cases of occupational injuries: Cases of occupational injury","Reference group coverage: Employees"
"Costa Rica","ADM-IR - Records of Social Security Fund","SDG indicator 8.8.1 - Fatal occupational injuries per 100'000 workers","Sex: Total","Migrant status: Total","2014",5.837,,"Coverage of occupational injuries: Reported injuries | Type of cases of occupational injuries: Cases of occupational injury","Reference group coverage: Employees"
"Costa Rica","ADM-IR - Records of Social Security Fund","SDG indicator 8.8.1 - Fatal occupational injuries per 100'000 workers","Sex: Total","Migrant status: Total","2013",8.305,,"Coverage of occupational injuries: Reported injuries | Type of cases of occupational injuries: Cases of occupational injury","Reference group coverage: Employees"
"Cyprus","ADM-LIR - Department of Labour Inspection","SDG indicator 8.8.1 - Fatal occupational injuries per 100'000 workers","Sex: Total","Migrant status: Total","2022",2.23,,"Coverage of occupational injuries: Reported injuries","Repository: ILO calculations based on Eurostat data | Reference group coverage: Employees"
"Cyprus","ADM-LIR - Department of Labour Inspection","SDG indicator 8.8.1 - Fatal occupational injuries per 100'000 workers","Sex: Total","Migrant status: Total","2021",1.3,,"Coverage of occupational injuries: Reported injuries","Repository: ILO calculations based on Eurostat data | Reference group coverage: Employees"
"Cyprus","ADM-LIR - Department of Labour Inspection","SDG indicator 8.8.1 - Fatal occupational injuries per 100'000 workers","Sex: Total","Migrant status: Total","2020",3.81,,"Coverage of occupational injuries: Reported injuries","Repository: ILO calculations based on Eurostat data | Reference group coverage: Employees"
"Cyprus","ADM-LIR - Department of Labour Inspection","SDG indicator 8.8.1 - Fatal occupational injuries per 100'000 workers","Sex: Total","Migrant status: Migrants","2020",1.44,,"Coverage of occupational injuries: Reported injuries","Repository: ILO calculations based on Eurostat data | Reference group coverage: Employees"
"Cyprus","ADM-LIR - Department of Labour Inspection","SDG indicator 8.8.1 - Fatal occupational injuries per 100'000 workers","Sex: Total","Migrant status: Non migrants","2020",1.97,,"Coverage of occupational injuries: Reported injuries","Repository: ILO calculations based on Eurostat data | Reference group coverage: Employees"
"Cyprus","ADM-LIR - Department of Labour Inspection","SDG indicator 8.8.1 - Fatal occupational injuries per 100'000 workers","Sex: Male","Migrant status: Total","2020",8.47,,"Coverage of occupational injuries: Reported injuries","Repository: ILO calculations based on Eurostat data | Reference group coverage: Employees"
"Cyprus","ADM-LIR - Department of Labour Inspection","SDG indicator 8.8.1 - Fatal occupational injuries per 100'000 workers","Sex: Male","Migrant status: Migrants","2020",4.03,,"Coverage of occupational injuries: Reported injuries","Repository: ILO calculations based on Eurostat data | Reference group coverage: Employees"
"Cyprus","ADM-LIR - Department of Labour Inspection","SDG indicator 8.8.1 - Fatal occupational injuries per 100'000 workers","Sex: Male","Migrant status: Non migrants","2020",3.94,,"Coverage of occupational injuries: Reported injuries","Repository: ILO calculations based on Eurostat data | Reference group coverage: Employees"
"Cyprus","ADM-LIR - Department of Labour Inspection","SDG indicator 8.8.1 - Fatal occupational injuries per 100'000 workers","Sex: Total","Migrant status: Total","2019",2.76,,"Coverage of occupational injuries: Reported injuries","Repository: ILO calculations based on Eurostat data | Reference group coverage: Employees"
"Cyprus","ADM-LIR - Department of Labour Inspection","SDG indicator 8.8.1 - Fatal occupational injuries per 100'000 workers","Sex: Total","Migrant status: Total","2018",2.57,,"Coverage of occupational injuries: Reported injuries","Repository: ILO calculations based on Eurostat data | Reference group coverage: Employees"
"Cyprus","ADM-LIR - Department of Labour Inspection","SDG indicator 8.8.1 - Fatal occupational injuries per 100'000 workers","Sex: Total","Migrant status: Total","2017",0.54,,"Coverage of occupational injuries: Reported injuries","Repository: ILO calculations based on Eurostat data | Reference group coverage: Employees"
"Cyprus","ADM-LIR - Department of Labour Inspection","SDG indicator 8.8.1 - Fatal occupational injuries per 100'000 workers","Sex: Total","Migrant status: Total","2016",1.4,,"Coverage of occupational injuries: Reported injuries","Repository: ILO calculations based on Eurostat data | Reference group coverage: Employees"
"Cyprus","ADM-LIR - Department of Labour Inspection","SDG indicator 8.8.1 - Fatal occupational injuries per 100'000 workers","Sex: Total","Migrant status: Total","2015",1.29,,"Coverage of occupational injuries: Reported injuries","Repository: ILO calculations based on Eurostat data | Reference group coverage: Employees"
"Cyprus","ADM-LIR - Department of Labour Inspection","SDG indicator 8.8.1 - Fatal occupational injuries per 100'000 workers","Sex: Total","Migrant status: Total","2014",1.74,,"Coverage of occupational injuries: Reported injuries","Repository: ILO calculations based on Eurostat data | Reference group coverage: Employees"
"Cyprus","ADM-LIR - Department of Labour Inspection","SDG indicator 8.8.1 - Fatal occupational injuries per 100'000 workers","Sex: Total","Migrant status: Total","2013",2.47,,"Coverage of occupational injuries: Reported injuries","Repository: ILO calculations based on Eurostat data | Reference group coverage: Employees"
"Czechia","ADM-LIR - State Labour Inspection Records","SDG indicator 8.8.1 - Fatal occupational injuries per 100'000 workers","Sex: Total","Migrant status: Total","2022",1.85,,"Coverage of occupational injuries: Reported injuries","Repository: ILO calculations based on Eurostat data | Reference group coverage: Insured persons"
"Czechia","ADM-LIR - State Labour Inspection Records","SDG indicator 8.8.1 - Fatal occupational injuries per 100'000 workers","Sex: Total","Migrant status: Total","2021",1.87,,"Coverage of occupational injuries: Reported injuries","Repository: ILO calculations based on Eurostat data | Reference group coverage: Insured persons"
"Czechia","ADM-LIR - State Labour Inspection Records","SDG indicator 8.8.1 - Fatal occupational injuries per 100'000 workers","Sex: Total","Migrant status: Total","2020",2.3,,"Coverage of occupational injuries: Reported injuries","Repository: ILO calculations based on Eurostat data | Reference group coverage: Insured persons"
"Czechia","ADM-LIR - State Labour Inspection Records","SDG indicator 8.8.1 - Fatal occupational injuries per 100'000 workers","Sex: Total","Migrant status: Total","2019",2.01,,"Coverage of occupational injuries: Reported injuries","Repository: ILO calculations based on Eurostat data | Reference group coverage: Insured persons"
"Czechia","ADM-LIR - State Labour Inspection Records","SDG indicator 8.8.1 - Fatal occupational injuries per 100'000 workers","Sex: Total","Migrant status: Total","2018",2.59,,"Coverage of occupational injuries: Reported injuries","Repository: ILO calculations based on Eurostat data | Reference group coverage: Insured persons"
"Czechia","ADM-LIR - State Labour Inspection Records","SDG indicator 8.8.1 - Fatal occupational injuries per 100'000 workers","Sex: Total","Migrant status: Total","2017",1.82,,"Coverage of occupational injuries: Reported injuries","Repository: ILO calculations based on Eurostat data | Reference group coverage: Insured persons"
"Czechia","ADM-LIR - State Labour Inspection Records","SDG indicator 8.8.1 - Fatal occupational injuries per 100'000 workers","Sex: Total","Migrant status: Total","2016",2.07,,"Coverage of occupational injuries: Reported injuries","Repository: ILO calculations based on Eurostat data | Reference group coverage: Insured persons"
"Czechia","ADM-LIR - State Labour Inspection Records","SDG indicator 8.8.1 - Fatal occupational injuries per 100'000 workers","Sex: Total","Migrant status: Total","2015",2.71,,"Coverage of occupational injuries: Reported injuries","Repository: ILO calculations based on Eurostat data | Reference group coverage: Insured persons"
"Czechia","ADM-LIR - State Labour Inspection Records","SDG indicator 8.8.1 - Fatal occupational injuries per 100'000 workers","Sex: Male","Migrant status: Total","2015",5.21,,"Coverage of occupational injuries: Reported injuries","Repository: ILO calculations based on Eurostat data | Reference group coverage: Insured persons"
"Czechia","ADM-LIR - State Labour Inspection Records","SDG indicator 8.8.1 - Fatal occupational injuries per 100'000 workers","Sex: Female","Migrant status: Total","2015",0.09,,"Coverage of occupational injuries: Reported injuries","Repository: ILO calculations based on Eurostat data | Reference group coverage: Insured persons"
"Czechia","ADM-LIR - State Labour Inspection Records","SDG indicator 8.8.1 - Fatal occupational injuries per 100'000 workers","Sex: Total","Migrant status: Total","2014",2.69,,"Coverage of occupational injuries: Reported injuries","Repository: ILO calculations based on Eurostat data | Reference group coverage: Insured persons"
"Czechia","ADM-LIR - State Labour Inspection Records","SDG indicator 8.8.1 - Fatal occupational injuries per 100'000 workers","Sex: Male","Migrant status: Total","2014",5.19,,"Coverage of occupational injuries: Reported injuries","Repository: ILO calculations based on Eurostat data | Reference group coverage: Insured persons"
"Czechia","ADM-LIR - State Labour Inspection Records","SDG indicator 8.8.1 - Fatal occupational injuries per 100'000 workers","Sex: Female","Migrant status: Total","2014",0.09,,"Coverage of occupational injuries: Reported injuries","Repository: ILO calculations based on Eurostat data | Reference group coverage: Insured persons"
"Czechia","ADM-LIR - State Labour Inspection Records","SDG indicator 8.8.1 - Fatal occupational injuries per 100'000 workers","Sex: Total","Migrant status: Total","2013",2.57,,"Coverage of occupational injuries: Reported injuries","Repository: ILO calculations based on Eurostat data | Reference group coverage: Insured persons"
"Czechia","ADM-LIR - State Labour Inspection Records","SDG indicator 8.8.1 - Fatal occupational injuries per 100'000 workers","Sex: Male","Migrant status: Total","2013",4.69,,"Coverage of occupational injuries: Reported injuries","Repository: ILO calculations based on Eurostat data | Reference group coverage: Insured persons"
"Czechia","ADM-LIR - State Labour Inspection Records","SDG indicator 8.8.1 - Fatal occupational injuries per 100'000 workers","Sex: Female","Migrant status: Total","2013",0.37,,"Coverage of occupational injuries: Reported injuries","Repository: ILO calculations based on Eurostat data | Reference group coverage: Insured persons"
"Germany","ADM-IR - Insurance Records","SDG indicator 8.8.1 - Fatal occupational injuries per 100'000 workers","Sex: Total","Migrant status: Total","2022",0.69,,"Coverage of occupational injuries: Reported injuries | Type of cases of occupational injuries: Cases of occupational injury","Reference group coverage: Insured persons"
"Germany","ADM-IR - Insurance Records","SDG indicator 8.8.1 - Fatal occupational injuries per 100'000 workers","Sex: Male","Migrant status: Total","2022",1.23,,"Coverage of occupational injuries: Reported injuries | Type of cases of occupational injuries: Cases of occupational injury","Reference group coverage: Insured persons"
"Germany","ADM-IR - Insurance Records","SDG indicator 8.8.1 - Fatal occupational injuries per 100'000 workers","Sex: Female","Migrant status: Total","2022",0.11,,"Coverage of occupational injuries: Reported injuries | Type of cases of occupational injuries: Cases of occupational injury","Reference group coverage: Insured persons"
"Germany","ADM-IR - Insurance Records","SDG indicator 8.8.1 - Fatal occupational injuries per 100'000 workers","Sex: Total","Migrant status: Total","2021",1.05,,"Coverage of occupational injuries: Reported injuries","Repository: ILO calculations based on Eurostat data | Institutional sector coverage: Private sector only | Reference group coverage: Insured persons"
"Germany","ADM-IR - Insurance Records","SDG indicator 8.8.1 - Fatal occupational injuries per 100'000 workers","Sex: Total","Migrant status: Migrants","2021",0.94,,"Coverage of occupational injuries: Reported injuries","Repository: ILO calculations based on Eurostat data | Institutional sector coverage: Private sector only | Reference group coverage: Insured persons"
"Germany","ADM-IR - Insurance Records","SDG indicator 8.8.1 - Fatal occupational injuries per 100'000 workers","Sex: Total","Migrant status: Non migrants","2021",1.06,,"Coverage of occupational injuries: Reported injuries","Repository: ILO calculations based on Eurostat data | Institutional sector coverage: Private sector only | Reference group coverage: Insured persons"
"Germany","ADM-IR - Insurance Records","SDG indicator 8.8.1 - Fatal occupational injuries per 100'000 workers","Sex: Male","Migrant status: Total","2021",1.82,,"Coverage of occupational injuries: Reported injuries","Repository: ILO calculations based on Eurostat data | Institutional sector coverage: Private sector only | Reference group coverage: Insured persons"
"Germany","ADM-IR - Insurance Records","SDG indicator 8.8.1 - Fatal occupational injuries per 100'000 workers","Sex: Male","Migrant status: Migrants","2021",1.53,,"Coverage of occupational injuries: Reported injuries","Repository: ILO calculations based on Eurostat data | Institutional sector coverage: Private sector only | Reference group coverage: Insured persons"
"Germany","ADM-IR - Insurance Records","SDG indicator 8.8.1 - Fatal occupational injuries per 100'000 workers","Sex: Male","Migrant status: Non migrants","2021",1.85,,"Coverage of occupational injuries: Reported injuries","Repository: ILO calculations based on Eurostat data | Institutional sector coverage: Private sector only | Reference group coverage: Insured persons"
"Germany","ADM-IR - Insurance Records","SDG indicator 8.8.1 - Fatal occupational injuries per 100'000 workers","Sex: Female","Migrant status: Total","2021",0.17,,"Coverage of occupational injuries: Reported injuries","Repository: ILO calculations based on Eurostat data | Institutional sector coverage: Private sector only | Reference group coverage: Insured persons"
"Germany","ADM-IR - Insurance Records","SDG indicator 8.8.1 - Fatal occupational injuries per 100'000 workers","Sex: Female","Migrant status: Migrants","2021",0.05,,"Coverage of occupational injuries: Reported injuries","Repository: ILO calculations based on Eurostat data | Institutional sector coverage: Private sector only | Reference group coverage: Insured persons"
"Germany","ADM-IR - Insurance Records","SDG indicator 8.8.1 - Fatal occupational injuries per 100'000 workers","Sex: Female","Migrant status: Non migrants","2021",0.18,,"Coverage of occupational injuries: Reported injuries","Repository: ILO calculations based on Eurostat data | Institutional sector coverage: Private sector only | Reference group coverage: Insured persons"
"Germany","ADM-IR - Insurance Records","SDG indicator 8.8.1 - Fatal occupational injuries per 100'000 workers","Sex: Total","Migrant status: Total","2020",0.73,,"Coverage of occupational injuries: Reported injuries","Repository: ILO calculations based on Eurostat data | Institutional sector coverage: Private sector only | Reference group coverage: Insured persons"
"Germany","ADM-IR - Insurance Records","SDG indicator 8.8.1 - Fatal occupational injuries per 100'000 workers","Sex: Total","Migrant status: Total","2019",0.79,,"Coverage of occupational injuries: Reported injuries","Repository: ILO calculations based on Eurostat data | Institutional sector coverage: Private sector only | Reference group coverage: Insured persons"
"Germany","ADM-IR - Insurance Records","SDG indicator 8.8.1 - Fatal occupational injuries per 100'000 workers","Sex: Total","Migrant status: Total","2018",0.78,,"Coverage of occupational injuries: Reported injuries","Repository: ILO calculations based on Eurostat data | Institutional sector coverage: Private sector only | Reference group coverage: Insured persons"
"Germany","ADM-IR - Insurance Records","SDG indicator 8.8.1 - Fatal occupational injuries per 100'000 workers","Sex: Total","Migrant status: Total","2017",0.89,,"Coverage of occupational injuries: Reported injuries","Repository: ILO calculations based on Eurostat data | Institutional sector coverage: Private sector only | Reference group coverage: Insured persons"
"Germany","ADM-IR - Insurance Records","SDG indicator 8.8.1 - Fatal occupational injuries per 100'000 workers","Sex: Total","Migrant status: Total","2016",0.96,,"Coverage of occupational injuries: Reported injuries","Repository: ILO calculations based on Eurostat data | Institutional sector coverage: Private sector only | Reference group coverage: Insured persons"
"Germany","ADM-IR - Insurance Records","SDG indicator 8.8.1 - Fatal occupational injuries per 100'000 workers","Sex: Total","Migrant status: Total","2015",1.02,,"Coverage of occupational injuries: Reported injuries","Repository: ILO calculations based on Eurostat data | Institutional sector coverage: Private sector only | Reference group coverage: Insured persons"
"Germany","ADM-IR - Insurance Records","SDG indicator 8.8.1 - Fatal occupational injuries per 100'000 workers","Sex: Total","Migrant status: Total","2014",1.24,,"Coverage of occupational injuries: Reported injuries","Repository: ILO calculations based on Eurostat data | Institutional sector coverage: Private sector only | Reference group coverage: Insured persons"
"Germany","ADM-IR - Insurance Records","SDG indicator 8.8.1 - Fatal occupational injuries per 100'000 workers","Sex: Total","Migrant status: Total","2013",1.04,,"Coverage of occupational injuries: Reported injuries","Repository: ILO calculations based on Eurostat data | Institutional sector coverage: Private sector only | Reference group coverage: Insured persons"
"Denmark","ADM - Register of reported Accidents at Work","SDG indicator 8.8.1 - Fatal occupational injuries per 100'000 workers","Sex: Total","Migrant status: Total","2022",1.33,,"Coverage of occupational injuries: Reported injuries","Repository: ILO calculations based on Eurostat data"
"Denmark","ADM - Register of reported Accidents at Work","SDG indicator 8.8.1 - Fatal occupational injuries per 100'000 workers","Sex: Total","Migrant status: Total","2021",1.42,,"Coverage of occupational injuries: Reported injuries","Repository: ILO calculations based on Eurostat data"
"Denmark","ADM - Register of reported Accidents at Work","SDG indicator 8.8.1 - Fatal occupational injuries per 100'000 workers","Sex: Total","Migrant status: Total","2020",1.34,,"Coverage of occupational injuries: Reported injuries","Repository: ILO calculations based on Eurostat data"
"Denmark","ADM - Register of reported Accidents at Work","SDG indicator 8.8.1 - Fatal occupational injuries per 100'000 workers","Sex: Total","Migrant status: Total","2019",1.33,,"Coverage of occupational injuries: Reported injuries","Repository: ILO calculations based on Eurostat data"
"Denmark","ADM - Register of reported Accidents at Work","SDG indicator 8.8.1 - Fatal occupational injuries per 100'000 workers","Sex: Total","Migrant status: Total","2018",1.28,,"Coverage of occupational injuries: Reported injuries","Repository: ILO calculations based on Eurostat data"
"Denmark","ADM - Register of reported Accidents at Work","SDG indicator 8.8.1 - Fatal occupational injuries per 100'000 workers","Sex: Total","Migrant status: Total","2017",0.92,,"Coverage of occupational injuries: Reported injuries","Repository: ILO calculations based on Eurostat data"
"Denmark","ADM - Register of reported Accidents at Work","SDG indicator 8.8.1 - Fatal occupational injuries per 100'000 workers","Sex: Total","Migrant status: Total","2016",1.23,,"Coverage of occupational injuries: Reported injuries","Repository: ILO calculations based on Eurostat data"
"Denmark","ADM - Register of reported Accidents at Work","SDG indicator 8.8.1 - Fatal occupational injuries per 100'000 workers","Sex: Total","Migrant status: Total","2015",1.02,,"Coverage of occupational injuries: Reported injuries","Repository: ILO calculations based on Eurostat data"
"Denmark","ADM - Register of reported Accidents at Work","SDG indicator 8.8.1 - Fatal occupational injuries per 100'000 workers","Sex: Total","Migrant status: Total","2014",1.4,,"Coverage of occupational injuries: Reported injuries","Repository: ILO calculations based on Eurostat data"
"Denmark","ADM - Register of reported Accidents at Work","SDG indicator 8.8.1 - Fatal occupational injuries per 100'000 workers","Sex: Total","Migrant status: Total","2013",1.45,,"Coverage of occupational injuries: Reported injuries","Repository: ILO calculations based on Eurostat data"
"Ecuador","ADM - Administrative records of the Ministry of Labour","SDG indicator 8.8.1 - Fatal occupational injuries per 100'000 workers","Sex: Total","Migrant status: Total","2023",1,,"Coverage of occupational injuries: Reported injuries | Type of cases of occupational injuries: Cases of occupational injury","Institutional sector coverage: Private sector only | Economic activity coverage: Excluding public administration"
"Ecuador","ADM - Administrative records of the Ministry of Labour","SDG indicator 8.8.1 - Fatal occupational injuries per 100'000 workers","Sex: Total","Migrant status: Migrants","2023",0,,"Coverage of occupational injuries: Reported injuries | Type of cases of occupational injuries: Cases of occupational injury","Institutional sector coverage: Private sector only | Economic activity coverage: Excluding public administration"
"Ecuador","ADM - Administrative records of the Ministry of Labour","SDG indicator 8.8.1 - Fatal occupational injuries per 100'000 workers","Sex: Total","Migrant status: Non migrants","2023",1,,"Coverage of occupational injuries: Reported injuries | Type of cases of occupational injuries: Cases of occupational injury","Institutional sector coverage: Private sector only | Economic activity coverage: Excluding public administration"
"Ecuador","ADM - Administrative records of the Ministry of Labour","SDG indicator 8.8.1 - Fatal occupational injuries per 100'000 workers","Sex: Female","Migrant status: Total","2023",1,,"Coverage of occupational injuries: Reported injuries | Type of cases of occupational injuries: Cases of occupational injury","Institutional sector coverage: Private sector only | Economic activity coverage: Excluding public administration"
"Ecuador","ADM - Administrative records of the Ministry of Labour","SDG indicator 8.8.1 - Fatal occupational injuries per 100'000 workers","Sex: Female","Migrant status: Migrants","2023",0,,"Coverage of occupational injuries: Reported injuries | Type of cases of occupational injuries: Cases of occupational injury","Institutional sector coverage: Private sector only | Economic activity coverage: Excluding public administration"
"Ecuador","ADM - Administrative records of the Ministry of Labour","SDG indicator 8.8.1 - Fatal occupational injuries per 100'000 workers","Sex: Female","Migrant status: Non migrants","2023",1,,"Coverage of occupational injuries: Reported injuries | Type of cases of occupational injuries: Cases of occupational injury","Institutional sector coverage: Private sector only | Economic activity coverage: Excluding public administration"
"Egypt","ES - Establishment Survey","SDG indicator 8.8.1 - Fatal occupational injuries per 100'000 workers","Sex: Total","Migrant status: Total","2022",2.9,,"Coverage of occupational injuries: Reported injuries | Type of cases of occupational injuries: Cases of occupational injury","Data reference period: July | Economic activity coverage: Excluding activities of households as employers and of extraterritorial organizations and bodies | Reference group coverage: Employees | Establishment size coverage: All establishments with at least 10 employees"
"Egypt","ES - Establishment Survey","SDG indicator 8.8.1 - Fatal occupational injuries per 100'000 workers","Sex: Total","Migrant status: Total","2021",4.9,,"Coverage of occupational injuries: Reported injuries | Type of cases of occupational injuries: Cases of occupational injury","Data reference period: July | Economic activity coverage: Excluding activities of households as employers and of extraterritorial organizations and bodies | Reference group coverage: Employees | Establishment size coverage: All establishments with at least 10 employees"
"Egypt","ES - Establishment Survey","SDG indicator 8.8.1 - Fatal occupational injuries per 100'000 workers","Sex: Total","Migrant status: Total","2020",5,,"Coverage of occupational injuries: Reported injuries | Type of cases of occupational injuries: Cases of occupational injury","Data reference period: July | Economic activity coverage: Excluding activities of households as employers and of extraterritorial organizations and bodies | Reference group coverage: Employees | Establishment size coverage: All establishments with at least 10 employees"
"Egypt","ES - Establishment Survey","SDG indicator 8.8.1 - Fatal occupational injuries per 100'000 workers","Sex: Total","Migrant status: Total","2019",2.3,,"Coverage of occupational injuries: Reported injuries | Type of cases of occupational injuries: Cases of occupational injury","Data reference period: July | Economic activity coverage: Excluding activities of households as employers and of extraterritorial organizations and bodies | Reference group coverage: Employees | Establishment size coverage: All establishments with at least 10 employees"
"Egypt","ES - Establishment Survey","SDG indicator 8.8.1 - Fatal occupational injuries per 100'000 workers","Sex: Total","Migrant status: Total","2015",10.7,,"Coverage of occupational injuries: Reported injuries | Type of cases of occupational injuries: Cases of occupational injury","Data reference period: July | Economic activity coverage: Excluding public administration | Reference group coverage: Employees | Establishment size coverage: All establishments with at least 10 employees"
"Egypt","ES - Establishment Survey","SDG indicator 8.8.1 - Fatal occupational injuries per 100'000 workers","Sex: Total","Migrant status: Total","2014",11.19,,"Coverage of occupational injuries: Reported injuries | Type of cases of occupational injuries: Cases of occupational injury | Time period for occurrence of death: Deaths occurring within the same reference year","Data reference period: July | Economic activity coverage: Excluding activities of households as employers and of extraterritorial organizations and bodies | Reference group coverage: Employees | Establishment size coverage: All establishments with at least 10 employees"
"Egypt","ES - Establishment Survey","SDG indicator 8.8.1 - Fatal occupational injuries per 100'000 workers","Sex: Male","Migrant status: Total","2014",13.81,,"Coverage of occupational injuries: Reported injuries | Type of cases of occupational injuries: Cases of occupational injury | Time period for occurrence of death: Deaths occurring within the same reference year","Data reference period: July | Economic activity coverage: Excluding activities of households as employers and of extraterritorial organizations and bodies | Reference group coverage: Employees | Establishment size coverage: All establishments with at least 10 employees"
"Egypt","ES - Establishment Survey","SDG indicator 8.8.1 - Fatal occupational injuries per 100'000 workers","Sex: Female","Migrant status: Total","2014",2.52,,"Coverage of occupational injuries: Reported injuries | Type of cases of occupational injuries: Cases of occupational injury | Time period for occurrence of death: Deaths occurring within the same reference year","Data reference period: July | Economic activity coverage: Excluding activities of households as employers and of extraterritorial organizations and bodies | Reference group coverage: Employees | Establishment size coverage: All establishments with at least 10 employees"
"Spain","ADM-IR - Insurance Records","SDG indicator 8.8.1 - Fatal occupational injuries per 100'000 workers","Sex: Total","Migrant status: Total","2022",1.93,,"Coverage of occupational injuries: Reported injuries | Type of cases of occupational injuries: Cases of occupational injury",
"Spain","ADM-IR - Insurance Records","SDG indicator 8.8.1 - Fatal occupational injuries per 100'000 workers","Sex: Total","Migrant status: Migrants","2022",2.475,,"Coverage of occupational injuries: Reported injuries | Type of cases of occupational injuries: Cases of occupational injury",
"Spain","ADM-IR - Insurance Records","SDG indicator 8.8.1 - Fatal occupational injuries per 100'000 workers","Sex: Total","Migrant status: Non migrants","2022",1.856,,"Coverage of occupational injuries: Reported injuries | Type of cases of occupational injuries: Cases of occupational injury",
"Spain","ADM-IR - Insurance Records","SDG indicator 8.8.1 - Fatal occupational injuries per 100'000 workers","Sex: Male","Migrant status: Total","2022",3.435,,"Coverage of occupational injuries: Reported injuries | Type of cases of occupational injuries: Cases of occupational injury",
"Spain","ADM-IR - Insurance Records","SDG indicator 8.8.1 - Fatal occupational injuries per 100'000 workers","Sex: Male","Migrant status: Migrants","2022",4.409,,"Coverage of occupational injuries: Reported injuries | Type of cases of occupational injuries: Cases of occupational injury",
"Spain","ADM-IR - Insurance Records","SDG indicator 8.8.1 - Fatal occupational injuries per 100'000 workers","Sex: Male","Migrant status: Non migrants","2022",3.295,,"Coverage of occupational injuries: Reported injuries | Type of cases of occupational injuries: Cases of occupational injury",
"Spain","ADM-IR - Insurance Records","SDG indicator 8.8.1 - Fatal occupational injuries per 100'000 workers","Sex: Female","Migrant status: Total","2022",0.178,,"Coverage of occupational injuries: Reported injuries | Type of cases of occupational injuries: Cases of occupational injury",
"Spain","ADM-IR - Insurance Records","SDG indicator 8.8.1 - Fatal occupational injuries per 100'000 workers","Sex: Female","Migrant status: Migrants","2022",0,,"Coverage of occupational injuries: Reported injuries | Type of cases of occupational injuries: Cases of occupational injury",
"Spain","ADM-IR - Insurance Records","SDG indicator 8.8.1 - Fatal occupational injuries per 100'000 workers","Sex: Female","Migrant status: Non migrants","2022",0.201,,"Coverage of occupational injuries: Reported injuries | Type of cases of occupational injuries: Cases of occupational injury",
"Spain","ADM-IR - Insurance Records","SDG indicator 8.8.1 - Fatal occupational injuries per 100'000 workers","Sex: Total","Migrant status: Total","2021",1.93,,"Coverage of occupational injuries: Reported injuries | Type of cases of occupational injuries: Cases of occupational injury",
"Spain","ADM-IR - Insurance Records","SDG indicator 8.8.1 - Fatal occupational injuries per 100'000 workers","Sex: Total","Migrant status: Migrants","2021",2.728,,"Coverage of occupational injuries: Reported injuries | Type of cases of occupational injuries: Cases of occupational injury",
"Spain","ADM-IR - Insurance Records","SDG indicator 8.8.1 - Fatal occupational injuries per 100'000 workers","Sex: Total","Migrant status: Non migrants","2021",1.832,,"Coverage of occupational injuries: Reported injuries | Type of cases of occupational injuries: Cases of occupational injury",
"Spain","ADM-IR - Insurance Records","SDG indicator 8.8.1 - Fatal occupational injuries per 100'000 workers","Sex: Male","Migrant status: Total","2021",3.435,,"Coverage of occupational injuries: Reported injuries | Type of cases of occupational injuries: Cases of occupational injury",
"Spain","ADM-IR - Insurance Records","SDG indicator 8.8.1 - Fatal occupational injuries per 100'000 workers","Sex: Male","Migrant status: Migrants","2021",4.803,,"Coverage of occupational injuries: Reported injuries | Type of cases of occupational injuries: Cases of occupational injury",
"Spain","ADM-IR - Insurance Records","SDG indicator 8.8.1 - Fatal occupational injuries per 100'000 workers","Sex: Male","Migrant status: Non migrants","2021",3.256,,"Coverage of occupational injuries: Reported injuries | Type of cases of occupational injuries: Cases of occupational injury",
"Spain","ADM-IR - Insurance Records","SDG indicator 8.8.1 - Fatal occupational injuries per 100'000 workers","Sex: Female","Migrant status: Total","2021",0.178,,"Coverage of occupational injuries: Reported injuries | Type of cases of occupational injuries: Cases of occupational injury",
"Spain","ADM-IR - Insurance Records","SDG indicator 8.8.1 - Fatal occupational injuries per 100'000 workers","Sex: Female","Migrant status: Migrants","2021",0,,"Coverage of occupational injuries: Reported injuries | Type of cases of occupational injuries: Cases of occupational injury",
"Spain","ADM-IR - Insurance Records","SDG indicator 8.8.1 - Fatal occupational injuries per 100'000 workers","Sex: Female","Migrant status: Non migrants","2021",0.198,,"Coverage of occupational injuries: Reported injuries | Type of cases of occupational injuries: Cases of occupational injury",
"Spain","ADM-IR - Insurance Records","SDG indicator 8.8.1 - Fatal occupational injuries per 100'000 workers","Sex: Total","Migrant status: Total","2020",2.061,,"Coverage of occupational injuries: Reported injuries | Type of cases of occupational injuries: Cases of occupational injury | Time period for occurrence of death: Deaths occurring within 5 days",
"Spain","ADM-IR - Insurance Records","SDG indicator 8.8.1 - Fatal occupational injuries per 100'000 workers","Sex: Total","Migrant status: Migrants","2020",2.744,,"Coverage of occupational injuries: Reported injuries | Type of cases of occupational injuries: Cases of occupational injury | Time period for occurrence of death: Deaths occurring within 5 days",
"Spain","ADM-IR - Insurance Records","SDG indicator 8.8.1 - Fatal occupational injuries per 100'000 workers","Sex: Total","Migrant status: Non migrants","2020",1.981,,"Coverage of occupational injuries: Reported injuries | Type of cases of occupational injuries: Cases of occupational injury | Time period for occurrence of death: Deaths occurring within 5 days",
"Spain","ADM-IR - Insurance Records","SDG indicator 8.8.1 - Fatal occupational injuries per 100'000 workers","Sex: Male","Migrant status: Total","2020",3.68,,"Coverage of occupational injuries: Reported injuries | Type of cases of occupational injuries: Cases of occupational injury | Time period for occurrence of death: Deaths occurring within 5 days",
"Spain","ADM-IR - Insurance Records","SDG indicator 8.8.1 - Fatal occupational injuries per 100'000 workers","Sex: Male","Migrant status: Migrants","2020",4.58,,"Coverage of occupational injuries: Reported injuries | Type of cases of occupational injuries: Cases of occupational injury | Time period for occurrence of death: Deaths occurring within 5 days",
"Spain","ADM-IR - Insurance Records","SDG indicator 8.8.1 - Fatal occupational injuries per 100'000 workers","Sex: Male","Migrant status: Non migrants","2020",3.568,,"Coverage of occupational injuries: Reported injuries | Type of cases of occupational injuries: Cases of occupational injury | Time period for occurrence of death: Deaths occurring within 5 days",
"Spain","ADM-IR - Insurance Records","SDG indicator 8.8.1 - Fatal occupational injuries per 100'000 workers","Sex: Female","Migrant status: Total","2020",0.171,,"Coverage of occupational injuries: Reported injuries | Type of cases of occupational injuries: Cases of occupational injury | Time period for occurrence of death: Deaths occurring within 5 days",
"Spain","ADM-IR - Insurance Records","SDG indicator 8.8.1 - Fatal occupational injuries per 100'000 workers","Sex: Female","Migrant status: Migrants","2020",0.345,,"Coverage of occupational injuries: Reported injuries | Type of cases of occupational injuries: Cases of occupational injury | Time period for occurrence of death: Deaths occurring within 5 days",
"Spain","ADM-IR - Insurance Records","SDG indicator 8.8.1 - Fatal occupational injuries per 100'000 workers","Sex: Female","Migrant status: Non migrants","2020",0.152,,"Coverage of occupational injuries: Reported injuries | Type of cases of occupational injuries: Cases of occupational injury | Time period for occurrence of death: Deaths occurring within 5 days",
"Spain","ADM-IR - Insurance Records","SDG indicator 8.8.1 - Fatal occupational injuries per 100'000 workers","Sex: Total","Migrant status: Total","2019",1.781,,"Coverage of occupational injuries: Reported injuries | Type of cases of occupational injuries: Cases of occupational injury | Time period for occurrence of death: Deaths occurring within 5 days",
"Spain","ADM-IR - Insurance Records","SDG indicator 8.8.1 - Fatal occupational injuries per 100'000 workers","Sex: Total","Migrant status: Migrants","2019",2.434,,"Coverage of occupational injuries: Reported injuries | Type of cases of occupational injuries: Cases of occupational injury | Time period for occurrence of death: Deaths occurring within 5 days",
"Spain","ADM-IR - Insurance Records","SDG indicator 8.8.1 - Fatal occupational injuries per 100'000 workers","Sex: Total","Migrant status: Non migrants","2019",1.704,,"Coverage of occupational injuries: Reported injuries | Type of cases of occupational injuries: Cases of occupational injury | Time period for occurrence of death: Deaths occurring within 5 days",
"Spain","ADM-IR - Insurance Records","SDG indicator 8.8.1 - Fatal occupational injuries per 100'000 workers","Sex: Male","Migrant status: Total","2019",3.132,,"Coverage of occupational injuries: Reported injuries | Type of cases of occupational injuries: Cases of occupational injury | Time period for occurrence of death: Deaths occurring within 5 days",
"Spain","ADM-IR - Insurance Records","SDG indicator 8.8.1 - Fatal occupational injuries per 100'000 workers","Sex: Male","Migrant status: Migrants","2019",4.079,,"Coverage of occupational injuries: Reported injuries | Type of cases of occupational injuries: Cases of occupational injury | Time period for occurrence of death: Deaths occurring within 5 days",
"Spain","ADM-IR - Insurance Records","SDG indicator 8.8.1 - Fatal occupational injuries per 100'000 workers","Sex: Male","Migrant status: Non migrants","2019",3.015,,"Coverage of occupational injuries: Reported injuries | Type of cases of occupational injuries: Cases of occupational injury | Time period for occurrence of death: Deaths occurring within 5 days",
"Spain","ADM-IR - Insurance Records","SDG indicator 8.8.1 - Fatal occupational injuries per 100'000 workers","Sex: Female","Migrant status: Total","2019",0.2,,"Coverage of occupational injuries: Reported injuries | Type of cases of occupational injuries: Cases of occupational injury | Time period for occurrence of death: Deaths occurring within 5 days",
"Spain","ADM-IR - Insurance Records","SDG indicator 8.8.1 - Fatal occupational injuries per 100'000 workers","Sex: Female","Migrant status: Migrants","2019",0.333,,"Coverage of occupational injuries: Reported injuries | Type of cases of occupational injuries: Cases of occupational injury | Time period for occurrence of death: Deaths occurring within 5 days",
"Spain","ADM-IR - Insurance Records","SDG indicator 8.8.1 - Fatal occupational injuries per 100'000 workers","Sex: Female","Migrant status: Non migrants","2019",0.186,,"Coverage of occupational injuries: Reported injuries | Type of cases of occupational injuries: Cases of occupational injury | Time period for occurrence of death: Deaths occurring within 5 days",
"Spain","ADM-IR - Insurance Records","SDG indicator 8.8.1 - Fatal occupational injuries per 100'000 workers","Sex: Total","Migrant status: Total","2018",1.961,,"Coverage of occupational injuries: Reported injuries | Type of cases of occupational injuries: Cases of occupational injury | Time period for occurrence of death: Deaths occurring within 5 days",
"Spain","ADM-IR - Insurance Records","SDG indicator 8.8.1 - Fatal occupational injuries per 100'000 workers","Sex: Total","Migrant status: Migrants","2018",3.953,,"Coverage of occupational injuries: Reported injuries | Type of cases of occupational injuries: Cases of occupational injury | Time period for occurrence of death: Deaths occurring within 5 days",
"Spain","ADM-IR - Insurance Records","SDG indicator 8.8.1 - Fatal occupational injuries per 100'000 workers","Sex: Total","Migrant status: Non migrants","2018",1.74,,"Coverage of occupational injuries: Reported injuries | Type of cases of occupational injuries: Cases of occupational injury | Time period for occurrence of death: Deaths occurring within 5 days",
"Spain","ADM-IR - Insurance Records","SDG indicator 8.8.1 - Fatal occupational injuries per 100'000 workers","Sex: Male","Migrant status: Total","2018",3.57,,"Coverage of occupational injuries: Reported injuries | Type of cases of occupational injuries: Cases of occupational injury | Time period for occurrence of death: Deaths occurring within 5 days",
"Spain","ADM-IR - Insurance Records","SDG indicator 8.8.1 - Fatal occupational injuries per 100'000 workers","Sex: Male","Migrant status: Migrants","2018",7.101,,"Coverage of occupational injuries: Reported injuries | Type of cases of occupational injuries: Cases of occupational injury | Time period for occurrence of death: Deaths occurring within 5 days",
"Spain","ADM-IR - Insurance Records","SDG indicator 8.8.1 - Fatal occupational injuries per 100'000 workers","Sex: Male","Migrant status: Non migrants","2018",3.16,,"Coverage of occupational injuries: Reported injuries | Type of cases of occupational injuries: Cases of occupational injury | Time period for occurrence of death: Deaths occurring within 5 days",
"Spain","ADM-IR - Insurance Records","SDG indicator 8.8.1 - Fatal occupational injuries per 100'000 workers","Sex: Female","Migrant status: Total","2018",0.179,,"Coverage of occupational injuries: Reported injuries | Type of cases of occupational injuries: Cases of occupational injury | Time period for occurrence of death: Deaths occurring within 5 days",
"Spain","ADM-IR - Insurance Records","SDG indicator 8.8.1 - Fatal occupational injuries per 100'000 workers","Sex: Female","Migrant status: Migrants","2018",0.135,,"Coverage of occupational injuries: Reported injuries | Type of cases of occupational injuries: Cases of occupational injury | Time period for occurrence of death: Deaths occurring within 5 days",
"Spain","ADM-IR - Insurance Records","SDG indicator 8.8.1 - Fatal occupational injuries per 100'000 workers","Sex: Female","Migrant status: Non migrants","2018",0.184,,"Coverage of occupational injuries: Reported injuries | Type of cases of occupational injuries: Cases of occupational injury | Time period for occurrence of death: Deaths occurring within 5 days",
"Spain","ADM-IR - Insurance Records","SDG indicator 8.8.1 - Fatal occupational injuries per 100'000 workers","Sex: Total","Migrant status: Total","2017",1.987,,"Coverage of occupational injuries: Reported injuries | Type of cases of occupational injuries: Cases of occupational injury | Time period for occurrence of death: Deaths occurring within 5 days",
"Spain","ADM-IR - Insurance Records","SDG indicator 8.8.1 - Fatal occupational injuries per 100'000 workers","Sex: Total","Migrant status: Migrants","2017",2.627,,"Coverage of occupational injuries: Reported injuries | Type of cases of occupational injuries: Cases of occupational injury | Time period for occurrence of death: Deaths occurring within 5 days",
"Spain","ADM-IR - Insurance Records","SDG indicator 8.8.1 - Fatal occupational injuries per 100'000 workers","Sex: Total","Migrant status: Non migrants","2017",1.92,,"Coverage of occupational injuries: Reported injuries | Type of cases of occupational injuries: Cases of occupational injury | Time period for occurrence of death: Deaths occurring within 5 days",
"Spain","ADM-IR - Insurance Records","SDG indicator 8.8.1 - Fatal occupational injuries per 100'000 workers","Sex: Male","Migrant status: Total","2017",3.663,,"Coverage of occupational injuries: Reported injuries | Type of cases of occupational injuries: Cases of occupational injury | Time period for occurrence of death: Deaths occurring within 5 days",
"Spain","ADM-IR - Insurance Records","SDG indicator 8.8.1 - Fatal occupational injuries per 100'000 workers","Sex: Male","Migrant status: Migrants","2017",4.824,,"Coverage of occupational injuries: Reported injuries | Type of cases of occupational injuries: Cases of occupational injury | Time period for occurrence of death: Deaths occurring within 5 days",
"Spain","ADM-IR - Insurance Records","SDG indicator 8.8.1 - Fatal occupational injuries per 100'000 workers","Sex: Male","Migrant status: Non migrants","2017",3.536,,"Coverage of occupational injuries: Reported injuries | Type of cases of occupational injuries: Cases of occupational injury | Time period for occurrence of death: Deaths occurring within 5 days",
"Spain","ADM-IR - Insurance Records","SDG indicator 8.8.1 - Fatal occupational injuries per 100'000 workers","Sex: Female","Migrant status: Total","2017",0.132,,"Coverage of occupational injuries: Reported injuries | Type of cases of occupational injuries: Cases of occupational injury | Time period for occurrence of death: Deaths occurring within 5 days",
"Spain","ADM-IR - Insurance Records","SDG indicator 8.8.1 - Fatal occupational injuries per 100'000 workers","Sex: Female","Migrant status: Migrants","2017",0,,"Coverage of occupational injuries: Reported injuries | Type of cases of occupational injuries: Cases of occupational injury | Time period for occurrence of death: Deaths occurring within 5 days",
"Spain","ADM-IR - Insurance Records","SDG indicator 8.8.1 - Fatal occupational injuries per 100'000 workers","Sex: Female","Migrant status: Non migrants","2017",0.145,,"Coverage of occupational injuries: Reported injuries | Type of cases of occupational injuries: Cases of occupational injury | Time period for occurrence of death: Deaths occurring within 5 days",
"Spain","ADM-IR - Insurance Records","SDG indicator 8.8.1 - Fatal occupational injuries per 100'000 workers","Sex: Total","Migrant status: Total","2016",1.923,,"Coverage of occupational injuries: Reported injuries | Type of cases of occupational injuries: Cases of occupational injury | Time period for occurrence of death: Deaths occurring within 5 days",
"Spain","ADM-IR - Insurance Records","SDG indicator 8.8.1 - Fatal occupational injuries per 100'000 workers","Sex: Total","Migrant status: Migrants","2016",2.24,,"Coverage of occupational injuries: Reported injuries | Type of cases of occupational injuries: Cases of occupational injury | Time period for occurrence of death: Deaths occurring within 5 days",
"Spain","ADM-IR - Insurance Records","SDG indicator 8.8.1 - Fatal occupational injuries per 100'000 workers","Sex: Total","Migrant status: Non migrants","2016",1.891,,"Coverage of occupational injuries: Reported injuries | Type of cases of occupational injuries: Cases of occupational injury | Time period for occurrence of death: Deaths occurring within 5 days",
"Spain","ADM-IR - Insurance Records","SDG indicator 8.8.1 - Fatal occupational injuries per 100'000 workers","Sex: Male","Migrant status: Total","2016",3.519,,"Coverage of occupational injuries: Reported injuries | Type of cases of occupational injuries: Cases of occupational injury | Time period for occurrence of death: Deaths occurring within 5 days",
"Spain","ADM-IR - Insurance Records","SDG indicator 8.8.1 - Fatal occupational injuries per 100'000 workers","Sex: Male","Migrant status: Migrants","2016",4.182,,"Coverage of occupational injuries: Reported injuries | Type of cases of occupational injuries: Cases of occupational injury | Time period for occurrence of death: Deaths occurring within 5 days",
"Spain","ADM-IR - Insurance Records","SDG indicator 8.8.1 - Fatal occupational injuries per 100'000 workers","Sex: Male","Migrant status: Non migrants","2016",3.45,,"Coverage of occupational injuries: Reported injuries | Type of cases of occupational injuries: Cases of occupational injury | Time period for occurrence of death: Deaths occurring within 5 days",
"Spain","ADM-IR - Insurance Records","SDG indicator 8.8.1 - Fatal occupational injuries per 100'000 workers","Sex: Female","Migrant status: Total","2016",0.164,,"Coverage of occupational injuries: Reported injuries | Type of cases of occupational injuries: Cases of occupational injury | Time period for occurrence of death: Deaths occurring within 5 days",
"Spain","ADM-IR - Insurance Records","SDG indicator 8.8.1 - Fatal occupational injuries per 100'000 workers","Sex: Female","Migrant status: Migrants","2016",0,,"Coverage of occupational injuries: Reported injuries | Type of cases of occupational injuries: Cases of occupational injury | Time period for occurrence of death: Deaths occurring within 5 days",
"Spain","ADM-IR - Insurance Records","SDG indicator 8.8.1 - Fatal occupational injuries per 100'000 workers","Sex: Female","Migrant status: Non migrants","2016",0.18,,"Coverage of occupational injuries: Reported injuries | Type of cases of occupational injuries: Cases of occupational injury | Time period for occurrence of death: Deaths occurring within 5 days",
"Spain","ADM-IR - Insurance Records","SDG indicator 8.8.1 - Fatal occupational injuries per 100'000 workers","Sex: Total","Migrant status: Total","2015",2.45,,"Coverage of occupational injuries: Reported injuries","Repository: ILO calculations based on Eurostat data | Reference group coverage: Insured persons"
"Spain","ADM-IR - Insurance Records","SDG indicator 8.8.1 - Fatal occupational injuries per 100'000 workers","Sex: Male","Migrant status: Total","2015",4.4,,"Coverage of occupational injuries: Reported injuries","Repository: ILO calculations based on Eurostat data | Reference group coverage: Insured persons"
"Spain","ADM-IR - Insurance Records","SDG indicator 8.8.1 - Fatal occupational injuries per 100'000 workers","Sex: Female","Migrant status: Total","2015",0.31,,"Coverage of occupational injuries: Reported injuries","Repository: ILO calculations based on Eurostat data | Reference group coverage: Insured persons"
"Spain","ADM-IR - Insurance Records","SDG indicator 8.8.1 - Fatal occupational injuries per 100'000 workers","Sex: Total","Migrant status: Total","2014",2.06,,"Coverage of occupational injuries: Reported injuries","Repository: ILO calculations based on Eurostat data | Reference group coverage: Insured persons"
"Spain","ADM-IR - Insurance Records","SDG indicator 8.8.1 - Fatal occupational injuries per 100'000 workers","Sex: Male","Migrant status: Total","2014",3.71,,"Coverage of occupational injuries: Reported injuries","Repository: ILO calculations based on Eurostat data | Reference group coverage: Insured persons"
"Spain","ADM-IR - Insurance Records","SDG indicator 8.8.1 - Fatal occupational injuries per 100'000 workers","Sex: Female","Migrant status: Total","2014",0.26,,"Coverage of occupational injuries: Reported injuries","Repository: ILO calculations based on Eurostat data | Reference group coverage: Insured persons"
"Spain","ADM-IR - Insurance Records","SDG indicator 8.8.1 - Fatal occupational injuries per 100'000 workers","Sex: Total","Migrant status: Total","2013",2.02,,"Coverage of occupational injuries: Reported injuries","Repository: ILO calculations based on Eurostat data | Reference group coverage: Insured persons"
"Spain","ADM-IR - Insurance Records","SDG indicator 8.8.1 - Fatal occupational injuries per 100'000 workers","Sex: Male","Migrant status: Total","2013",3.71,,"Coverage of occupational injuries: Reported injuries","Repository: ILO calculations based on Eurostat data | Reference group coverage: Insured persons"
"Spain","ADM-IR - Insurance Records","SDG indicator 8.8.1 - Fatal occupational injuries per 100'000 workers","Sex: Female","Migrant status: Total","2013",0.17,,"Coverage of occupational injuries: Reported injuries","Repository: ILO calculations based on Eurostat data | Reference group coverage: Insured persons"
"Estonia","ADM-LIR - Estonian Labour Inspectorate","SDG indicator 8.8.1 - Fatal occupational injuries per 100'000 workers","Sex: Total","Migrant status: Total","2023",1.4,,"Coverage of occupational injuries: Reported injuries | Type of cases of occupational injuries: Cases of occupational injury",
"Estonia","ADM-LIR - Estonian Labour Inspectorate","SDG indicator 8.8.1 - Fatal occupational injuries per 100'000 workers","Sex: Male","Migrant status: Total","2023",2.5,,"Coverage of occupational injuries: Reported injuries | Type of cases of occupational injuries: Cases of occupational injury",
"Estonia","ADM-LIR - Estonian Labour Inspectorate","SDG indicator 8.8.1 - Fatal occupational injuries per 100'000 workers","Sex: Female","Migrant status: Total","2023",0.3,,"Coverage of occupational injuries: Reported injuries | Type of cases of occupational injuries: Cases of occupational injury",
"Estonia","ADM-LIR - Estonian Labour Inspectorate","SDG indicator 8.8.1 - Fatal occupational injuries per 100'000 workers","Sex: Total","Migrant status: Total","2022",2.2,,"Coverage of occupational injuries: Reported injuries | Type of cases of occupational injuries: Cases of occupational injury",
"Estonia","ADM-LIR - Estonian Labour Inspectorate","SDG indicator 8.8.1 - Fatal occupational injuries per 100'000 workers","Sex: Male","Migrant status: Total","2022",4.1,,"Coverage of occupational injuries: Reported injuries | Type of cases of occupational injuries: Cases of occupational injury",
"Estonia","ADM-LIR - Estonian Labour Inspectorate","SDG indicator 8.8.1 - Fatal occupational injuries per 100'000 workers","Sex: Female","Migrant status: Total","2022",0.3,,"Coverage of occupational injuries: Reported injuries | Type of cases of occupational injuries: Cases of occupational injury",
"Estonia","ADM-LIR - Estonian Labour Inspectorate","SDG indicator 8.8.1 - Fatal occupational injuries per 100'000 workers","Sex: Total","Migrant status: Total","2021",2,,"Coverage of occupational injuries: Reported injuries | Type of cases of occupational injuries: Cases of occupational injury",
"Estonia","ADM-LIR - Estonian Labour Inspectorate","SDG indicator 8.8.1 - Fatal occupational injuries per 100'000 workers","Sex: Male","Migrant status: Total","2021",4,,"Coverage of occupational injuries: Reported injuries | Type of cases of occupational injuries: Cases of occupational injury",
"Estonia","ADM-LIR - Estonian Labour Inspectorate","SDG indicator 8.8.1 - Fatal occupational injuries per 100'000 workers","Sex: Female","Migrant status: Total","2021",0,,"Coverage of occupational injuries: Reported injuries | Type of cases of occupational injuries: Cases of occupational injury",
"Estonia","ADM-IR - Insurance Records","SDG indicator 8.8.1 - Fatal occupational injuries per 100'000 workers","Sex: Total","Migrant status: Total","2020",2.235,,"Coverage of occupational injuries: Compensated injuries | Type of rate: Incidence rate (per 100'000 persons insured)",
"Estonia","ADM-LIR - Estonian Labour Inspectorate","SDG indicator 8.8.1 - Fatal occupational injuries per 100'000 workers","Sex: Total","Migrant status: Total","2019",2.51,,"Coverage of occupational injuries: Reported injuries","Repository: ILO calculations based on Eurostat data | Reference group coverage: Insured persons"
"Estonia","ADM-LIR - Estonian Labour Inspectorate","SDG indicator 8.8.1 - Fatal occupational injuries per 100'000 workers","Sex: Total","Migrant status: Total","2018",1.81,,"Coverage of occupational injuries: Reported injuries","Repository: ILO calculations based on Eurostat data | Reference group coverage: Insured persons"
"Estonia","ADM-LIR - Estonian Labour Inspectorate","SDG indicator 8.8.1 - Fatal occupational injuries per 100'000 workers","Sex: Total","Migrant status: Total","2017",1.21,,"Coverage of occupational injuries: Reported injuries","Repository: ILO calculations based on Eurostat data | Reference group coverage: Insured persons"
"Estonia","ADM-LIR - Estonian Labour Inspectorate","SDG indicator 8.8.1 - Fatal occupational injuries per 100'000 workers","Sex: Total","Migrant status: Total","2016",4.03,,"Coverage of occupational injuries: Reported injuries | Type of cases of occupational injuries: Cases of occupational injury",
"Estonia","ADM-LIR - Estonian Labour Inspectorate","SDG indicator 8.8.1 - Fatal occupational injuries per 100'000 workers","Sex: Male","Migrant status: Total","2016",7.89,,"Coverage of occupational injuries: Reported injuries | Type of cases of occupational injuries: Cases of occupational injury",
"Estonia","ADM-LIR - Estonian Labour Inspectorate","SDG indicator 8.8.1 - Fatal occupational injuries per 100'000 workers","Sex: Female","Migrant status: Total","2016",0,,"Coverage of occupational injuries: Reported injuries | Type of cases of occupational injuries: Cases of occupational injury",
"Estonia","ADM-LIR - Estonian Labour Inspectorate","SDG indicator 8.8.1 - Fatal occupational injuries per 100'000 workers","Sex: Total","Migrant status: Total","2015",2.93,,"Coverage of occupational injuries: Reported injuries","Repository: ILO calculations based on Eurostat data | Reference group coverage: Insured persons"
"Estonia","ADM-LIR - Estonian Labour Inspectorate","SDG indicator 8.8.1 - Fatal occupational injuries per 100'000 workers","Sex: Total","Migrant status: Total","2014",2.56,,"Coverage of occupational injuries: Reported injuries","Repository: ILO calculations based on Eurostat data | Reference group coverage: Insured persons"
"Estonia","ADM-LIR - Estonian Labour Inspectorate","SDG indicator 8.8.1 - Fatal occupational injuries per 100'000 workers","Sex: Total","Migrant status: Total","2013",3.22,,"Coverage of occupational injuries: Reported injuries","Repository: ILO calculations based on Eurostat data | Reference group coverage: Insured persons"
"Finland","ADM - Federation of Accidents Insurance Institutions Records","SDG indicator 8.8.1 - Fatal occupational injuries per 100'000 workers","Sex: Total","Migrant status: Total","2022",1.031,,"Coverage of occupational injuries: Compensated injuries | Type of cases of occupational injuries: Cases of occupational injury","Economic activity coverage: Excluding agriculture, hunting, forestry and fishing | Reference group coverage: Employees"
"Finland","ADM - Federation of Accidents Insurance Institutions Records","SDG indicator 8.8.1 - Fatal occupational injuries per 100'000 workers","Sex: Total","Migrant status: Migrants","2022",0,,"Coverage of occupational injuries: Compensated injuries | Type of cases of occupational injuries: Cases of occupational injury","Economic activity coverage: Excluding agriculture, hunting, forestry and fishing | Reference group coverage: Employees"
"Finland","ADM - Federation of Accidents Insurance Institutions Records","SDG indicator 8.8.1 - Fatal occupational injuries per 100'000 workers","Sex: Total","Migrant status: Non migrants","2022",1.096,,"Coverage of occupational injuries: Compensated injuries | Type of cases of occupational injuries: Cases of occupational injury","Economic activity coverage: Excluding agriculture, hunting, forestry and fishing | Reference group coverage: Employees"
"Finland","ADM - Federation of Accidents Insurance Institutions Records","SDG indicator 8.8.1 - Fatal occupational injuries per 100'000 workers","Sex: Male","Migrant status: Total","2022",1.71,,"Coverage of occupational injuries: Compensated injuries | Type of cases of occupational injuries: Cases of occupational injury","Economic activity coverage: Excluding agriculture, hunting, forestry and fishing | Reference group coverage: Employees"
"Finland","ADM - Federation of Accidents Insurance Institutions Records","SDG indicator 8.8.1 - Fatal occupational injuries per 100'000 workers","Sex: Male","Migrant status: Migrants","2022",0,,"Coverage of occupational injuries: Compensated injuries | Type of cases of occupational injuries: Cases of occupational injury","Economic activity coverage: Excluding agriculture, hunting, forestry and fishing | Reference group coverage: Employees"
"Finland","ADM - Federation of Accidents Insurance Institutions Records","SDG indicator 8.8.1 - Fatal occupational injuries per 100'000 workers","Sex: Male","Migrant status: Non migrants","2022",1.834,,"Coverage of occupational injuries: Compensated injuries | Type of cases of occupational injuries: Cases of occupational injury","Economic activity coverage: Excluding agriculture, hunting, forestry and fishing | Reference group coverage: Employees"
"Finland","ADM - Federation of Accidents Insurance Institutions Records","SDG indicator 8.8.1 - Fatal occupational injuries per 100'000 workers","Sex: Female","Migrant status: Total","2022",0.314,,"Coverage of occupational injuries: Compensated injuries | Type of cases of occupational injuries: Cases of occupational injury","Economic activity coverage: Excluding agriculture, hunting, forestry and fishing | Reference group coverage: Employees"
"Finland","ADM - Federation of Accidents Insurance Institutions Records","SDG indicator 8.8.1 - Fatal occupational injuries per 100'000 workers","Sex: Female","Migrant status: Migrants","2022",0,,"Coverage of occupational injuries: Compensated injuries | Type of cases of occupational injuries: Cases of occupational injury","Economic activity coverage: Excluding agriculture, hunting, forestry and fishing | Reference group coverage: Employees"
"Finland","ADM - Federation of Accidents Insurance Institutions Records","SDG indicator 8.8.1 - Fatal occupational injuries per 100'000 workers","Sex: Female","Migrant status: Non migrants","2022",0.331,,"Coverage of occupational injuries: Compensated injuries | Type of cases of occupational injuries: Cases of occupational injury","Economic activity coverage: Excluding agriculture, hunting, forestry and fishing | Reference group coverage: Employees"
"Finland","ADM - Federation of Accidents Insurance Institutions Records","SDG indicator 8.8.1 - Fatal occupational injuries per 100'000 workers","Sex: Total","Migrant status: Total","2021",0.74,,"Coverage of occupational injuries: Reported injuries | Type of cases of occupational injuries: Including cases of injury due to commuting accidents","Repository: ILO calculations based on Eurostat data | Reference group coverage: Insured persons"
"Finland","ADM - Federation of Accidents Insurance Institutions Records","SDG indicator 8.8.1 - Fatal occupational injuries per 100'000 workers","Sex: Total","Migrant status: Non migrants","2021",0.78,,"Coverage of occupational injuries: Reported injuries | Type of cases of occupational injuries: Including cases of injury due to commuting accidents","Repository: ILO calculations based on Eurostat data | Reference group coverage: Insured persons"
"Finland","ADM - Federation of Accidents Insurance Institutions Records","SDG indicator 8.8.1 - Fatal occupational injuries per 100'000 workers","Sex: Male","Migrant status: Total","2021",1.43,,"Coverage of occupational injuries: Reported injuries | Type of cases of occupational injuries: Including cases of injury due to commuting accidents","Repository: ILO calculations based on Eurostat data | Reference group coverage: Insured persons"
"Finland","ADM - Federation of Accidents Insurance Institutions Records","SDG indicator 8.8.1 - Fatal occupational injuries per 100'000 workers","Sex: Male","Migrant status: Non migrants","2021",1.53,,"Coverage of occupational injuries: Reported injuries | Type of cases of occupational injuries: Including cases of injury due to commuting accidents","Repository: ILO calculations based on Eurostat data | Reference group coverage: Insured persons"
"Finland","ADM - Federation of Accidents Insurance Institutions Records","SDG indicator 8.8.1 - Fatal occupational injuries per 100'000 workers","Sex: Total","Migrant status: Total","2020",0.96,,"Coverage of occupational injuries: Reported injuries | Type of cases of occupational injuries: Including cases of injury due to commuting accidents","Repository: ILO calculations based on Eurostat data | Reference group coverage: Insured persons"
"Finland","ADM - Federation of Accidents Insurance Institutions Records","SDG indicator 8.8.1 - Fatal occupational injuries per 100'000 workers","Sex: Total","Migrant status: Migrants","2020",0.83,,"Coverage of occupational injuries: Reported injuries | Type of cases of occupational injuries: Including cases of injury due to commuting accidents","Repository: ILO calculations based on Eurostat data | Reference group coverage: Insured persons"
"Finland","ADM - Federation of Accidents Insurance Institutions Records","SDG indicator 8.8.1 - Fatal occupational injuries per 100'000 workers","Sex: Total","Migrant status: Non migrants","2020",0.97,,"Coverage of occupational injuries: Reported injuries | Type of cases of occupational injuries: Including cases of injury due to commuting accidents","Repository: ILO calculations based on Eurostat data | Reference group coverage: Insured persons"
"Finland","ADM - Federation of Accidents Insurance Institutions Records","SDG indicator 8.8.1 - Fatal occupational injuries per 100'000 workers","Sex: Male","Migrant status: Total","2020",1.54,,"Coverage of occupational injuries: Reported injuries | Type of cases of occupational injuries: Including cases of injury due to commuting accidents","Repository: ILO calculations based on Eurostat data | Reference group coverage: Insured persons"
"Finland","ADM - Federation of Accidents Insurance Institutions Records","SDG indicator 8.8.1 - Fatal occupational injuries per 100'000 workers","Sex: Male","Migrant status: Migrants","2020",1.39,,"Coverage of occupational injuries: Reported injuries | Type of cases of occupational injuries: Including cases of injury due to commuting accidents","Repository: ILO calculations based on Eurostat data | Reference group coverage: Insured persons"
"Finland","ADM - Federation of Accidents Insurance Institutions Records","SDG indicator 8.8.1 - Fatal occupational injuries per 100'000 workers","Sex: Male","Migrant status: Non migrants","2020",1.55,,"Coverage of occupational injuries: Reported injuries | Type of cases of occupational injuries: Including cases of injury due to commuting accidents","Repository: ILO calculations based on Eurostat data | Reference group coverage: Insured persons"
"Finland","ADM - Federation of Accidents Insurance Institutions Records","SDG indicator 8.8.1 - Fatal occupational injuries per 100'000 workers","Sex: Female","Migrant status: Total","2020",0.33,,"Coverage of occupational injuries: Reported injuries | Type of cases of occupational injuries: Including cases of injury due to commuting accidents","Repository: ILO calculations based on Eurostat data | Reference group coverage: Insured persons"
"Finland","ADM - Federation of Accidents Insurance Institutions Records","SDG indicator 8.8.1 - Fatal occupational injuries per 100'000 workers","Sex: Female","Migrant status: Non migrants","2020",0.35,,"Coverage of occupational injuries: Reported injuries | Type of cases of occupational injuries: Including cases of injury due to commuting accidents","Repository: ILO calculations based on Eurostat data | Reference group coverage: Insured persons"
"Finland","ADM - Federation of Accidents Insurance Institutions Records","SDG indicator 8.8.1 - Fatal occupational injuries per 100'000 workers","Sex: Total","Migrant status: Total","2019",1.14,,"Coverage of occupational injuries: Reported injuries | Type of cases of occupational injuries: Including cases of injury due to commuting accidents","Repository: ILO calculations based on Eurostat data | Reference group coverage: Insured persons"
"Finland","ADM - Federation of Accidents Insurance Institutions Records","SDG indicator 8.8.1 - Fatal occupational injuries per 100'000 workers","Sex: Total","Migrant status: Migrants","2019",2.68,,"Coverage of occupational injuries: Reported injuries | Type of cases of occupational injuries: Including cases of injury due to commuting accidents","Repository: ILO calculations based on Eurostat data | Reference group coverage: Insured persons"
"Finland","ADM - Federation of Accidents Insurance Institutions Records","SDG indicator 8.8.1 - Fatal occupational injuries per 100'000 workers","Sex: Total","Migrant status: Non migrants","2019",1.07,,"Coverage of occupational injuries: Reported injuries | Type of cases of occupational injuries: Including cases of injury due to commuting accidents","Repository: ILO calculations based on Eurostat data | Reference group coverage: Insured persons"
"Finland","ADM - Federation of Accidents Insurance Institutions Records","SDG indicator 8.8.1 - Fatal occupational injuries per 100'000 workers","Sex: Male","Migrant status: Total","2019",1.98,,"Coverage of occupational injuries: Reported injuries | Type of cases of occupational injuries: Including cases of injury due to commuting accidents","Repository: ILO calculations based on Eurostat data | Reference group coverage: Insured persons"
"Finland","ADM - Federation of Accidents Insurance Institutions Records","SDG indicator 8.8.1 - Fatal occupational injuries per 100'000 workers","Sex: Male","Migrant status: Migrants","2019",4.48,,"Coverage of occupational injuries: Reported injuries | Type of cases of occupational injuries: Including cases of injury due to commuting accidents","Repository: ILO calculations based on Eurostat data | Reference group coverage: Insured persons"
"Finland","ADM - Federation of Accidents Insurance Institutions Records","SDG indicator 8.8.1 - Fatal occupational injuries per 100'000 workers","Sex: Male","Migrant status: Non migrants","2019",1.84,,"Coverage of occupational injuries: Reported injuries | Type of cases of occupational injuries: Including cases of injury due to commuting accidents","Repository: ILO calculations based on Eurostat data | Reference group coverage: Insured persons"
"Finland","ADM - Federation of Accidents Insurance Institutions Records","SDG indicator 8.8.1 - Fatal occupational injuries per 100'000 workers","Sex: Female","Migrant status: Total","2019",0.25,,"Coverage of occupational injuries: Reported injuries | Type of cases of occupational injuries: Including cases of injury due to commuting accidents","Repository: ILO calculations based on Eurostat data | Reference group coverage: Insured persons"
"Finland","ADM - Federation of Accidents Insurance Institutions Records","SDG indicator 8.8.1 - Fatal occupational injuries per 100'000 workers","Sex: Female","Migrant status: Non migrants","2019",0.26,,"Coverage of occupational injuries: Reported injuries | Type of cases of occupational injuries: Including cases of injury due to commuting accidents","Repository: ILO calculations based on Eurostat data | Reference group coverage: Insured persons"
"Finland","ADM - Federation of Accidents Insurance Institutions Records","SDG indicator 8.8.1 - Fatal occupational injuries per 100'000 workers","Sex: Total","Migrant status: Total","2018",0.997,,"Coverage of occupational injuries: Compensated injuries | Type of cases of occupational injuries: Cases of occupational injury","Economic activity coverage: Excluding agriculture, hunting, forestry and fishing | Reference group coverage: Employees"
"Finland","ADM - Federation of Accidents Insurance Institutions Records","SDG indicator 8.8.1 - Fatal occupational injuries per 100'000 workers","Sex: Total","Migrant status: Migrants","2018",0,,"Coverage of occupational injuries: Compensated injuries | Type of cases of occupational injuries: Cases of occupational injury","Economic activity coverage: Excluding agriculture, hunting, forestry and fishing | Reference group coverage: Employees"
"Finland","ADM - Federation of Accidents Insurance Institutions Records","SDG indicator 8.8.1 - Fatal occupational injuries per 100'000 workers","Sex: Total","Migrant status: Non migrants","2018",1.039,,"Coverage of occupational injuries: Compensated injuries | Type of cases of occupational injuries: Cases of occupational injury","Economic activity coverage: Excluding agriculture, hunting, forestry and fishing | Reference group coverage: Employees"
"Finland","ADM - Federation of Accidents Insurance Institutions Records","SDG indicator 8.8.1 - Fatal occupational injuries per 100'000 workers","Sex: Male","Migrant status: Total","2018",1.923,,"Coverage of occupational injuries: Compensated injuries | Type of cases of occupational injuries: Cases of occupational injury","Economic activity coverage: Excluding agriculture, hunting, forestry and fishing | Reference group coverage: Employees"
"Finland","ADM - Federation of Accidents Insurance Institutions Records","SDG indicator 8.8.1 - Fatal occupational injuries per 100'000 workers","Sex: Male","Migrant status: Migrants","2018",0,,"Coverage of occupational injuries: Compensated injuries | Type of cases of occupational injuries: Cases of occupational injury","Economic activity coverage: Excluding agriculture, hunting, forestry and fishing | Reference group coverage: Employees"
"Finland","ADM - Federation of Accidents Insurance Institutions Records","SDG indicator 8.8.1 - Fatal occupational injuries per 100'000 workers","Sex: Male","Migrant status: Non migrants","2018",2.016,,"Coverage of occupational injuries: Compensated injuries | Type of cases of occupational injuries: Cases of occupational injury","Economic activity coverage: Excluding agriculture, hunting, forestry and fishing | Reference group coverage: Employees"
"Finland","ADM - Federation of Accidents Insurance Institutions Records","SDG indicator 8.8.1 - Fatal occupational injuries per 100'000 workers","Sex: Female","Migrant status: Total","2018",0,,"Coverage of occupational injuries: Compensated injuries | Type of cases of occupational injuries: Cases of occupational injury","Economic activity coverage: Excluding agriculture, hunting, forestry and fishing | Reference group coverage: Employees"
"Finland","ADM - Federation of Accidents Insurance Institutions Records","SDG indicator 8.8.1 - Fatal occupational injuries per 100'000 workers","Sex: Female","Migrant status: Migrants","2018",0,,"Coverage of occupational injuries: Compensated injuries | Type of cases of occupational injuries: Cases of occupational injury","Economic activity coverage: Excluding agriculture, hunting, forestry and fishing | Reference group coverage: Employees"
"Finland","ADM - Federation of Accidents Insurance Institutions Records","SDG indicator 8.8.1 - Fatal occupational injuries per 100'000 workers","Sex: Female","Migrant status: Non migrants","2018",0,,"Coverage of occupational injuries: Compensated injuries | Type of cases of occupational injuries: Cases of occupational injury","Economic activity coverage: Excluding agriculture, hunting, forestry and fishing | Reference group coverage: Employees"
"Finland","ADM - Federation of Accidents Insurance Institutions Records","SDG indicator 8.8.1 - Fatal occupational injuries per 100'000 workers","Sex: Total","Migrant status: Total","2017",0.93,,"Coverage of occupational injuries: Reported injuries | Type of cases of occupational injuries: Including cases of injury due to commuting accidents","Repository: ILO calculations based on Eurostat data | Reference group coverage: Insured persons"
"Finland","ADM - Federation of Accidents Insurance Institutions Records","SDG indicator 8.8.1 - Fatal occupational injuries per 100'000 workers","Sex: Total","Migrant status: Total","2016",1.43,,"Coverage of occupational injuries: Reported injuries | Type of cases of occupational injuries: Including cases of injury due to commuting accidents","Repository: ILO calculations based on Eurostat data | Reference group coverage: Insured persons"
"Finland","ADM - Federation of Accidents Insurance Institutions Records","SDG indicator 8.8.1 - Fatal occupational injuries per 100'000 workers","Sex: Total","Migrant status: Total","2015",1.44,,"Coverage of occupational injuries: Reported injuries | Type of cases of occupational injuries: Including cases of injury due to commuting accidents","Repository: ILO calculations based on Eurostat data | Reference group coverage: Insured persons"
"Finland","ADM - Federation of Accidents Insurance Institutions Records","SDG indicator 8.8.1 - Fatal occupational injuries per 100'000 workers","Sex: Total","Migrant status: Total","2014",1.44,,"Coverage of occupational injuries: Reported injuries | Type of cases of occupational injuries: Including cases of injury due to commuting accidents","Repository: ILO calculations based on Eurostat data | Reference group coverage: Insured persons"
"Finland","ADM - Federation of Accidents Insurance Institutions Records","SDG indicator 8.8.1 - Fatal occupational injuries per 100'000 workers","Sex: Total","Migrant status: Total","2013",0.9,,"Coverage of occupational injuries: Reported injuries | Type of cases of occupational injuries: Including cases of injury due to commuting accidents","Repository: ILO calculations based on Eurostat data | Reference group coverage: Insured persons"
"France","ADM-IR - Records of the CNAM, employees","SDG indicator 8.8.1 - Fatal occupational injuries per 100'000 workers","Sex: Total","Migrant status: Total","2023",10.574,,"Coverage of occupational injuries: Compensated injuries | Type of cases of occupational injuries: Cases of occupational injury","Institutional sector coverage: Private sector only | Reference group coverage: Employees"
"France","ADM-IR - Records of the CNAM, employees","SDG indicator 8.8.1 - Fatal occupational injuries per 100'000 workers","Sex: Male","Migrant status: Total","2023",14.373,,"Coverage of occupational injuries: Compensated injuries | Type of cases of occupational injuries: Cases of occupational injury","Institutional sector coverage: Private sector only | Reference group coverage: Employees"
"France","ADM-IR - Records of the CNAM, employees","SDG indicator 8.8.1 - Fatal occupational injuries per 100'000 workers","Sex: Female","Migrant status: Total","2023",1.435,,"Coverage of occupational injuries: Compensated injuries | Type of cases of occupational injuries: Cases of occupational injury","Institutional sector coverage: Private sector only | Reference group coverage: Employees"
"France","ADM-IR - Records of the CNAM, employees","SDG indicator 8.8.1 - Fatal occupational injuries per 100'000 workers","Sex: Total","Migrant status: Total","2022",2.6,,"Coverage of occupational injuries: Compensated injuries | Type of cases of occupational injuries: Cases of occupational injury","Institutional sector coverage: Private sector only | Reference group coverage: Employees"
"France","ADM-IR - Records of the CNAM, employees","SDG indicator 8.8.1 - Fatal occupational injuries per 100'000 workers","Sex: Male","Migrant status: Total","2022",3.5,,"Coverage of occupational injuries: Compensated injuries | Type of cases of occupational injuries: Cases of occupational injury","Institutional sector coverage: Private sector only | Reference group coverage: Employees"
"France","ADM-IR - Records of the CNAM, employees","SDG indicator 8.8.1 - Fatal occupational injuries per 100'000 workers","Sex: Female","Migrant status: Total","2022",1.2,,"Coverage of occupational injuries: Compensated injuries | Type of cases of occupational injuries: Cases of occupational injury","Institutional sector coverage: Private sector only | Reference group coverage: Employees"
"France","ADM-IR - Records of the CNAM, employees","SDG indicator 8.8.1 - Fatal occupational injuries per 100'000 workers","Sex: Total","Migrant status: Total","2021",4.387,,"Coverage of occupational injuries: Compensated injuries | Type of cases of occupational injuries: Cases of occupational injury","Institutional sector coverage: Private sector only | Reference group coverage: Employees"
"France","ADM-IR - Records of the CNAM, employees","SDG indicator 8.8.1 - Fatal occupational injuries per 100'000 workers","Sex: Male","Migrant status: Total","2021",6.011,,"Coverage of occupational injuries: Compensated injuries | Type of cases of occupational injuries: Cases of occupational injury","Institutional sector coverage: Private sector only | Reference group coverage: Employees"
"France","ADM-IR - Records of the CNAM, employees","SDG indicator 8.8.1 - Fatal occupational injuries per 100'000 workers","Sex: Female","Migrant status: Total","2021",1.89,,"Coverage of occupational injuries: Compensated injuries | Type of cases of occupational injuries: Cases of occupational injury","Institutional sector coverage: Private sector only | Reference group coverage: Employees"
"France","ADM-IR - Records of the CNAM, employees","SDG indicator 8.8.1 - Fatal occupational injuries per 100'000 workers","Sex: Total","Migrant status: Total","2020",3.299,,"Coverage of occupational injuries: Compensated injuries | Type of cases of occupational injuries: Cases of occupational injury","Institutional sector coverage: Private sector only | Reference group coverage: Employees"
"France","ADM-IR - Records of the CNAM, employees","SDG indicator 8.8.1 - Fatal occupational injuries per 100'000 workers","Sex: Male","Migrant status: Total","2020",5.159,,"Coverage of occupational injuries: Compensated injuries | Type of cases of occupational injuries: Cases of occupational injury","Institutional sector coverage: Private sector only | Reference group coverage: Employees"
"France","ADM-IR - Records of the CNAM, employees","SDG indicator 8.8.1 - Fatal occupational injuries per 100'000 workers","Sex: Female","Migrant status: Total","2020",0.43,,"Coverage of occupational injuries: Compensated injuries | Type of cases of occupational injuries: Cases of occupational injury","Institutional sector coverage: Private sector only | Reference group coverage: Employees"
"France","ADM-IR - Records of the CNAM, employees","SDG indicator 8.8.1 - Fatal occupational injuries per 100'000 workers","Sex: Total","Migrant status: Total","2019",3.698,,"Coverage of occupational injuries: Compensated injuries | Type of cases of occupational injuries: Cases of occupational injury","Institutional sector coverage: Private sector only | Reference group coverage: Employees"
"France","ADM-IR - Records of the CNAM, employees","SDG indicator 8.8.1 - Fatal occupational injuries per 100'000 workers","Sex: Male","Migrant status: Total","2019",5.792,,"Coverage of occupational injuries: Compensated injuries | Type of cases of occupational injuries: Cases of occupational injury","Institutional sector coverage: Private sector only | Reference group coverage: Employees"
"France","ADM-IR - Records of the CNAM, employees","SDG indicator 8.8.1 - Fatal occupational injuries per 100'000 workers","Sex: Female","Migrant status: Total","2019",0.44,,"Coverage of occupational injuries: Compensated injuries | Type of cases of occupational injuries: Cases of occupational injury","Institutional sector coverage: Private sector only | Reference group coverage: Employees"
"France","ADM-IR - Records of the CNAM, employees","SDG indicator 8.8.1 - Fatal occupational injuries per 100'000 workers","Sex: Total","Migrant status: Total","2018",4.092,,"Coverage of occupational injuries: Compensated injuries | Type of cases of occupational injuries: Cases of occupational injury","Institutional sector coverage: Private sector only | Reference group coverage: Employees"
"France","ADM-IR - Records of the CNAM, employees","SDG indicator 8.8.1 - Fatal occupational injuries per 100'000 workers","Sex: Male","Migrant status: Total","2018",6.487,,"Coverage of occupational injuries: Compensated injuries | Type of cases of occupational injuries: Cases of occupational injury","Institutional sector coverage: Private sector only | Reference group coverage: Employees"
"France","ADM-IR - Records of the CNAM, employees","SDG indicator 8.8.1 - Fatal occupational injuries per 100'000 workers","Sex: Female","Migrant status: Total","2018",0.407,,"Coverage of occupational injuries: Compensated injuries | Type of cases of occupational injuries: Cases of occupational injury","Institutional sector coverage: Private sector only | Reference group coverage: Employees"
"France","ADM-IR - Records of the CNAM, employees","SDG indicator 8.8.1 - Fatal occupational injuries per 100'000 workers","Sex: Total","Migrant status: Total","2017",2.64,,"Coverage of occupational injuries: Compensated injuries","Repository: ILO calculations based on Eurostat data | Institutional sector coverage: Private sector only | Reference group coverage: Employees"
"France","ADM-IR - Records of the CNAM, employees","SDG indicator 8.8.1 - Fatal occupational injuries per 100'000 workers","Sex: Total","Migrant status: Total","2016",2.74,,"Coverage of occupational injuries: Compensated injuries","Repository: ILO calculations based on Eurostat data | Institutional sector coverage: Private sector only | Reference group coverage: Employees"
"France","ADM-IR - Records of the CNAM, employees","SDG indicator 8.8.1 - Fatal occupational injuries per 100'000 workers","Sex: Total","Migrant status: Total","2015",2.57,,"Coverage of occupational injuries: Compensated injuries","Repository: ILO calculations based on Eurostat data | Institutional sector coverage: Private sector only | Reference group coverage: Employees"
"France","ADM-IR - Records of the CNAM, employees","SDG indicator 8.8.1 - Fatal occupational injuries per 100'000 workers","Sex: Total","Migrant status: Total","2014",2.7,,"Coverage of occupational injuries: Compensated injuries","Repository: ILO calculations based on Eurostat data | Institutional sector coverage: Private sector only | Reference group coverage: Employees"
"France","ADM-IR - Records of the CNAM, employees","SDG indicator 8.8.1 - Fatal occupational injuries per 100'000 workers","Sex: Total","Migrant status: Total","2013",3.02,,"Coverage of occupational injuries: Compensated injuries","Repository: ILO calculations based on Eurostat data | Institutional sector coverage: Private sector only | Reference group coverage: Employees"
"United Kingdom of Great Britain and Northern Ireland","ADM-IR - Labour Inspectorate Records","SDG indicator 8.8.1 - Fatal occupational injuries per 100'000 workers","Sex: Total","Migrant status: Total","2018",0.78,,"Coverage of occupational injuries: Reported injuries","Repository: ILO calculations based on Eurostat data"
"United Kingdom of Great Britain and Northern Ireland","ADM-IR - Labour Inspectorate Records","SDG indicator 8.8.1 - Fatal occupational injuries per 100'000 workers","Sex: Total","Migrant status: Total","2017",0.88,,"Coverage of occupational injuries: Reported injuries","Repository: ILO calculations based on Eurostat data"
"United Kingdom of Great Britain and Northern Ireland","ADM-IR - Labour Inspectorate Records","SDG indicator 8.8.1 - Fatal occupational injuries per 100'000 workers","Sex: Total","Migrant status: Total","2016",0.8,,"Coverage of occupational injuries: Reported injuries","Repository: ILO calculations based on Eurostat data"
"United Kingdom of Great Britain and Northern Ireland","ADM-IR - Labour Inspectorate Records","SDG indicator 8.8.1 - Fatal occupational injuries per 100'000 workers","Sex: Total","Migrant status: Total","2015",0.83,,"Coverage of occupational injuries: Reported injuries","Repository: ILO calculations based on Eurostat data"
"United Kingdom of Great Britain and Northern Ireland","ADM-IR - Labour Inspectorate Records","SDG indicator 8.8.1 - Fatal occupational injuries per 100'000 workers","Sex: Total","Migrant status: Total","2014",0.81,,"Coverage of occupational injuries: Reported injuries","Repository: ILO calculations based on Eurostat data"
"United Kingdom of Great Britain and Northern Ireland","ADM-IR - Labour Inspectorate Records","SDG indicator 8.8.1 - Fatal occupational injuries per 100'000 workers","Sex: Total","Migrant status: Total","2013",0.92,,"Coverage of occupational injuries: Reported injuries","Repository: ILO calculations based on Eurostat data"
"Georgia","ADM - Administrative Records","SDG indicator 8.8.1 - Fatal occupational injuries per 100'000 workers","Sex: Total","Migrant status: Total","2023",2.55,,"Coverage of occupational injuries: Reported injuries | Type of cases of occupational injuries: Cases of occupational injury","Geographical coverage: Total national, excluding overseas territories | Reference group coverage: Employees"
"Georgia","ADM - Administrative Records","SDG indicator 8.8.1 - Fatal occupational injuries per 100'000 workers","Sex: Male","Migrant status: Total","2023",4.62,,"Coverage of occupational injuries: Reported injuries | Type of cases of occupational injuries: Cases of occupational injury","Geographical coverage: Total national, excluding overseas territories | Reference group coverage: Employees"
"Georgia","ADM - Administrative Records","SDG indicator 8.8.1 - Fatal occupational injuries per 100'000 workers","Sex: Female","Migrant status: Total","2023",0,,"Coverage of occupational injuries: Reported injuries | Type of cases of occupational injuries: Cases of occupational injury","Geographical coverage: Total national, excluding overseas territories | Reference group coverage: Employees"
"Georgia","ADM - Administrative Records","SDG indicator 8.8.1 - Fatal occupational injuries per 100'000 workers","Sex: Female","Migrant status: Migrants","2023",0,,"Coverage of occupational injuries: Reported injuries | Type of cases of occupational injuries: Cases of occupational injury","Geographical coverage: Total national, excluding overseas territories | Reference group coverage: Employees"
"Georgia","ADM - Administrative Records","SDG indicator 8.8.1 - Fatal occupational injuries per 100'000 workers","Sex: Female","Migrant status: Non migrants","2023",0,,"Coverage of occupational injuries: Reported injuries | Type of cases of occupational injuries: Cases of occupational injury","Geographical coverage: Total national, excluding overseas territories | Reference group coverage: Employees"
"Georgia","ADM - Administrative Records","SDG indicator 8.8.1 - Fatal occupational injuries per 100'000 workers","Sex: Total","Migrant status: Total","2022",2.73,,"Coverage of occupational injuries: Reported injuries | Type of cases of occupational injuries: Cases of occupational injury","Geographical coverage: Total national, excluding overseas territories | Reference group coverage: Employees"
"Georgia","ADM - Administrative Records","SDG indicator 8.8.1 - Fatal occupational injuries per 100'000 workers","Sex: Total","Migrant status: Non migrants","2022",2.65,,"Coverage of occupational injuries: Reported injuries | Type of cases of occupational injuries: Cases of occupational injury","Geographical coverage: Total national, excluding overseas territories | Reference group coverage: Employees"
"Georgia","ADM - Administrative Records","SDG indicator 8.8.1 - Fatal occupational injuries per 100'000 workers","Sex: Male","Migrant status: Total","2022",4.9,,"Coverage of occupational injuries: Reported injuries | Type of cases of occupational injuries: Cases of occupational injury","Geographical coverage: Total national, excluding overseas territories | Reference group coverage: Employees"
"Georgia","ADM - Administrative Records","SDG indicator 8.8.1 - Fatal occupational injuries per 100'000 workers","Sex: Male","Migrant status: Non migrants","2022",4.76,,"Coverage of occupational injuries: Reported injuries | Type of cases of occupational injuries: Cases of occupational injury","Geographical coverage: Total national, excluding overseas territories | Reference group coverage: Employees"
"Georgia","ADM - Administrative Records","SDG indicator 8.8.1 - Fatal occupational injuries per 100'000 workers","Sex: Female","Migrant status: Total","2022",0,,"Coverage of occupational injuries: Reported injuries | Type of cases of occupational injuries: Cases of occupational injury","Geographical coverage: Total national, excluding overseas territories | Reference group coverage: Employees"
"Georgia","ADM - Administrative Records","SDG indicator 8.8.1 - Fatal occupational injuries per 100'000 workers","Sex: Female","Migrant status: Migrants","2022",0,,"Coverage of occupational injuries: Reported injuries | Type of cases of occupational injuries: Cases of occupational injury","Geographical coverage: Total national, excluding overseas territories | Reference group coverage: Employees"
"Georgia","ADM - Administrative Records","SDG indicator 8.8.1 - Fatal occupational injuries per 100'000 workers","Sex: Female","Migrant status: Non migrants","2022",0,,"Coverage of occupational injuries: Reported injuries | Type of cases of occupational injuries: Cases of occupational injury","Geographical coverage: Total national, excluding overseas territories | Reference group coverage: Employees"
"Georgia","ADM - Administrative Records","SDG indicator 8.8.1 - Fatal occupational injuries per 100'000 workers","Sex: Total","Migrant status: Total","2021",3,,"Coverage of occupational injuries: Reported injuries | Type of cases of occupational injuries: Cases of occupational injury","Geographical coverage: Total national, excluding overseas territories | Reference group coverage: Employees"
"Georgia","ADM - Administrative Records","SDG indicator 8.8.1 - Fatal occupational injuries per 100'000 workers","Sex: Total","Migrant status: Migrants","2021",0,,"Coverage of occupational injuries: Reported injuries | Type of cases of occupational injuries: Cases of occupational injury","Geographical coverage: Total national, excluding overseas territories | Reference group coverage: Employees"
"Georgia","ADM - Administrative Records","SDG indicator 8.8.1 - Fatal occupational injuries per 100'000 workers","Sex: Total","Migrant status: Non migrants","2021",0,,"Coverage of occupational injuries: Reported injuries | Type of cases of occupational injuries: Cases of occupational injury","Geographical coverage: Total national, excluding overseas territories | Reference group coverage: Employees"
"Georgia","ADM - Administrative Records","SDG indicator 8.8.1 - Fatal occupational injuries per 100'000 workers","Sex: Male","Migrant status: Total","2021",5,,"Coverage of occupational injuries: Reported injuries | Type of cases of occupational injuries: Cases of occupational injury","Geographical coverage: Total national, excluding overseas territories | Reference group coverage: Employees"
"Georgia","ADM - Administrative Records","SDG indicator 8.8.1 - Fatal occupational injuries per 100'000 workers","Sex: Male","Migrant status: Migrants","2021",0,,"Coverage of occupational injuries: Reported injuries | Type of cases of occupational injuries: Cases of occupational injury","Geographical coverage: Total national, excluding overseas territories | Reference group coverage: Employees"
"Georgia","ADM - Administrative Records","SDG indicator 8.8.1 - Fatal occupational injuries per 100'000 workers","Sex: Male","Migrant status: Non migrants","2021",0,,"Coverage of occupational injuries: Reported injuries | Type of cases of occupational injuries: Cases of occupational injury","Geographical coverage: Total national, excluding overseas territories | Reference group coverage: Employees"
"Georgia","ADM - Administrative Records","SDG indicator 8.8.1 - Fatal occupational injuries per 100'000 workers","Sex: Female","Migrant status: Total","2021",0,,"Coverage of occupational injuries: Reported injuries | Type of cases of occupational injuries: Cases of occupational injury","Geographical coverage: Total national, excluding overseas territories | Reference group coverage: Employees"
"Georgia","ADM - Administrative Records","SDG indicator 8.8.1 - Fatal occupational injuries per 100'000 workers","Sex: Female","Migrant status: Migrants","2021",0,,"Coverage of occupational injuries: Reported injuries | Type of cases of occupational injuries: Cases of occupational injury","Geographical coverage: Total national, excluding overseas territories | Reference group coverage: Employees"
"Georgia","ADM - Administrative Records","SDG indicator 8.8.1 - Fatal occupational injuries per 100'000 workers","Sex: Female","Migrant status: Non migrants","2021",0,,"Coverage of occupational injuries: Reported injuries | Type of cases of occupational injuries: Cases of occupational injury","Geographical coverage: Total national, excluding overseas territories | Reference group coverage: Employees"
"Georgia","ADM - Administrative Records","SDG indicator 8.8.1 - Fatal occupational injuries per 100'000 workers","Sex: Total","Migrant status: Total","2020",3,,"Coverage of occupational injuries: Reported injuries | Type of cases of occupational injuries: Cases of occupational injury","Geographical coverage: Total national, excluding overseas territories | Reference group coverage: Employees"
"Georgia","ADM - Administrative Records","SDG indicator 8.8.1 - Fatal occupational injuries per 100'000 workers","Sex: Total","Migrant status: Migrants","2020",0,,"Coverage of occupational injuries: Reported injuries | Type of cases of occupational injuries: Cases of occupational injury","Geographical coverage: Total national, excluding overseas territories | Reference group coverage: Employees"
"Georgia","ADM - Administrative Records","SDG indicator 8.8.1 - Fatal occupational injuries per 100'000 workers","Sex: Total","Migrant status: Non migrants","2020",3,,"Coverage of occupational injuries: Reported injuries | Type of cases of occupational injuries: Cases of occupational injury","Geographical coverage: Total national, excluding overseas territories | Reference group coverage: Employees"
"Georgia","ADM - Administrative Records","SDG indicator 8.8.1 - Fatal occupational injuries per 100'000 workers","Sex: Male","Migrant status: Total","2020",6,,"Coverage of occupational injuries: Reported injuries | Type of cases of occupational injuries: Cases of occupational injury","Geographical coverage: Total national, excluding overseas territories | Reference group coverage: Employees"
"Georgia","ADM - Administrative Records","SDG indicator 8.8.1 - Fatal occupational injuries per 100'000 workers","Sex: Male","Migrant status: Migrants","2020",0,,"Coverage of occupational injuries: Reported injuries | Type of cases of occupational injuries: Cases of occupational injury","Geographical coverage: Total national, excluding overseas territories | Reference group coverage: Employees"
"Georgia","ADM - Administrative Records","SDG indicator 8.8.1 - Fatal occupational injuries per 100'000 workers","Sex: Male","Migrant status: Non migrants","2020",6,,"Coverage of occupational injuries: Reported injuries | Type of cases of occupational injuries: Cases of occupational injury","Geographical coverage: Total national, excluding overseas territories | Reference group coverage: Employees"
"Georgia","ADM - Administrative Records","SDG indicator 8.8.1 - Fatal occupational injuries per 100'000 workers","Sex: Female","Migrant status: Total","2020",0,,"Coverage of occupational injuries: Reported injuries | Type of cases of occupational injuries: Cases of occupational injury","Geographical coverage: Total national, excluding overseas territories | Reference group coverage: Employees"
"Georgia","ADM - Administrative Records","SDG indicator 8.8.1 - Fatal occupational injuries per 100'000 workers","Sex: Female","Migrant status: Migrants","2020",0,,"Coverage of occupational injuries: Reported injuries | Type of cases of occupational injuries: Cases of occupational injury","Geographical coverage: Total national, excluding overseas territories | Reference group coverage: Employees"
"Georgia","ADM - Administrative Records","SDG indicator 8.8.1 - Fatal occupational injuries per 100'000 workers","Sex: Female","Migrant status: Non migrants","2020",0,,"Coverage of occupational injuries: Reported injuries | Type of cases of occupational injuries: Cases of occupational injury","Geographical coverage: Total national, excluding overseas territories | Reference group coverage: Employees"
"Georgia","ADM - Administrative Records","SDG indicator 8.8.1 - Fatal occupational injuries per 100'000 workers","Sex: Total","Migrant status: Total","2019",3,,"Coverage of occupational injuries: Reported injuries | Type of cases of occupational injuries: Cases of occupational injury","Geographical coverage: Total national, excluding overseas territories | Reference group coverage: Employees"
"Georgia","ADM - Administrative Records","SDG indicator 8.8.1 - Fatal occupational injuries per 100'000 workers","Sex: Male","Migrant status: Total","2019",6,,"Coverage of occupational injuries: Reported injuries | Type of cases of occupational injuries: Cases of occupational injury","Geographical coverage: Total national, excluding overseas territories | Reference group coverage: Employees"
"Georgia","ADM - Administrative Records","SDG indicator 8.8.1 - Fatal occupational injuries per 100'000 workers","Sex: Female","Migrant status: Total","2019",0,,"Coverage of occupational injuries: Reported injuries | Type of cases of occupational injuries: Cases of occupational injury","Geographical coverage: Total national, excluding overseas territories | Reference group coverage: Employees"
"Guadeloupe","ADM - Annual Statement of Social Data","SDG indicator 8.8.1 - Fatal occupational injuries per 100'000 workers","Sex: Total","Migrant status: Total","2014",6.75,,"Coverage of occupational injuries: Compensated injuries | Type of cases of occupational injuries: Cases of occupational injury | Time period for occurrence of death: Deaths occurring within the same reference year","Reference group coverage: Insured persons"
"Greece","ADM-IR - Insurance Records","SDG indicator 8.8.1 - Fatal occupational injuries per 100'000 workers","Sex: Total","Migrant status: Total","2022",0.62,,"Coverage of occupational injuries: Reported injuries | Type of cases of occupational injuries: Including cases of injury due to commuting accidents","Repository: ILO calculations based on Eurostat data | Reference group coverage: Insured persons"
"Greece","ADM-IR - Insurance Records","SDG indicator 8.8.1 - Fatal occupational injuries per 100'000 workers","Sex: Total","Migrant status: Total","2021",0.58,,"Coverage of occupational injuries: Reported injuries | Type of cases of occupational injuries: Including cases of injury due to commuting accidents","Repository: ILO calculations based on Eurostat data | Reference group coverage: Insured persons"
"Greece","ADM-IR - Insurance Records","SDG indicator 8.8.1 - Fatal occupational injuries per 100'000 workers","Sex: Total","Migrant status: Total","2020",0.88,,"Coverage of occupational injuries: Reported injuries | Type of cases of occupational injuries: Including cases of injury due to commuting accidents","Repository: ILO calculations based on Eurostat data | Reference group coverage: Insured persons"
"Greece","ADM-IR - Insurance Records","SDG indicator 8.8.1 - Fatal occupational injuries per 100'000 workers","Sex: Total","Migrant status: Total","2019",0.92,,"Coverage of occupational injuries: Reported injuries | Type of cases of occupational injuries: Including cases of injury due to commuting accidents","Repository: ILO calculations based on Eurostat data | Reference group coverage: Insured persons"
"Greece","ADM-IR - Insurance Records","SDG indicator 8.8.1 - Fatal occupational injuries per 100'000 workers","Sex: Total","Migrant status: Total","2018",1.45,,"Coverage of occupational injuries: Reported injuries | Type of cases of occupational injuries: Including cases of injury due to commuting accidents","Repository: ILO calculations based on Eurostat data | Reference group coverage: Insured persons"
"Greece","ADM-IR - Insurance Records","SDG indicator 8.8.1 - Fatal occupational injuries per 100'000 workers","Sex: Total","Migrant status: Total","2017",1.22,,"Coverage of occupational injuries: Reported injuries | Type of cases of occupational injuries: Including cases of injury due to commuting accidents","Repository: ILO calculations based on Eurostat data | Reference group coverage: Insured persons"
"Greece","ADM-IR - Insurance Records","SDG indicator 8.8.1 - Fatal occupational injuries per 100'000 workers","Sex: Total","Migrant status: Total","2016",0.9,,"Coverage of occupational injuries: Reported injuries | Type of cases of occupational injuries: Including cases of injury due to commuting accidents","Repository: ILO calculations based on Eurostat data | Reference group coverage: Insured persons"
"Greece","ADM-IR - Insurance Records","SDG indicator 8.8.1 - Fatal occupational injuries per 100'000 workers","Sex: Total","Migrant status: Migrants","2016",3.07,,"Coverage of occupational injuries: Reported injuries | Type of cases of occupational injuries: Including cases of injury due to commuting accidents","Repository: ILO calculations based on Eurostat data | Reference group coverage: Insured persons"
"Greece","ADM-IR - Insurance Records","SDG indicator 8.8.1 - Fatal occupational injuries per 100'000 workers","Sex: Total","Migrant status: Non migrants","2016",0.75,,"Coverage of occupational injuries: Reported injuries | Type of cases of occupational injuries: Including cases of injury due to commuting accidents","Repository: ILO calculations based on Eurostat data | Reference group coverage: Insured persons"
"Greece","ADM-IR - Insurance Records","SDG indicator 8.8.1 - Fatal occupational injuries per 100'000 workers","Sex: Male","Migrant status: Total","2016",1.46,,"Coverage of occupational injuries: Reported injuries | Type of cases of occupational injuries: Including cases of injury due to commuting accidents","Repository: ILO calculations based on Eurostat data | Reference group coverage: Insured persons"
"Greece","ADM-IR - Insurance Records","SDG indicator 8.8.1 - Fatal occupational injuries per 100'000 workers","Sex: Male","Migrant status: Migrants","2016",5.06,,"Coverage of occupational injuries: Reported injuries | Type of cases of occupational injuries: Including cases of injury due to commuting accidents","Repository: ILO calculations based on Eurostat data | Reference group coverage: Insured persons"
"Greece","ADM-IR - Insurance Records","SDG indicator 8.8.1 - Fatal occupational injuries per 100'000 workers","Sex: Male","Migrant status: Non migrants","2016",1.21,,"Coverage of occupational injuries: Reported injuries | Type of cases of occupational injuries: Including cases of injury due to commuting accidents","Repository: ILO calculations based on Eurostat data | Reference group coverage: Insured persons"
"Greece","ADM-IR - Insurance Records","SDG indicator 8.8.1 - Fatal occupational injuries per 100'000 workers","Sex: Female","Migrant status: Total","2016",0.13,,"Coverage of occupational injuries: Reported injuries | Type of cases of occupational injuries: Including cases of injury due to commuting accidents","Repository: ILO calculations based on Eurostat data | Reference group coverage: Insured persons"
"Greece","ADM-IR - Insurance Records","SDG indicator 8.8.1 - Fatal occupational injuries per 100'000 workers","Sex: Female","Migrant status: Non migrants","2016",0.14,,"Coverage of occupational injuries: Reported injuries | Type of cases of occupational injuries: Including cases of injury due to commuting accidents","Repository: ILO calculations based on Eurostat data | Reference group coverage: Insured persons"
"Greece","ADM-IR - Insurance Records","SDG indicator 8.8.1 - Fatal occupational injuries per 100'000 workers","Sex: Total","Migrant status: Total","2015",1.19,,"Coverage of occupational injuries: Reported injuries | Type of cases of occupational injuries: Including cases of injury due to commuting accidents","Repository: ILO calculations based on Eurostat data | Reference group coverage: Insured persons"
"Greece","ADM-IR - Insurance Records","SDG indicator 8.8.1 - Fatal occupational injuries per 100'000 workers","Sex: Total","Migrant status: Total","2014",0.79,,"Coverage of occupational injuries: Reported injuries | Type of cases of occupational injuries: Including cases of injury due to commuting accidents","Repository: ILO calculations based on Eurostat data | Reference group coverage: Insured persons"
"Greece","ADM-IR - Insurance Records","SDG indicator 8.8.1 - Fatal occupational injuries per 100'000 workers","Sex: Total","Migrant status: Total","2013",0.63,,"Coverage of occupational injuries: Reported injuries | Type of cases of occupational injuries: Including cases of injury due to commuting accidents","Repository: ILO calculations based on Eurostat data | Reference group coverage: Insured persons"
"Guatemala","ADM-IR - Records of the Guatemalan Social Security Institute","SDG indicator 8.8.1 - Fatal occupational injuries per 100'000 workers","Sex: Total","Migrant status: Total","2022",0.14,,"Coverage of occupational injuries: Reported injuries | Type of cases of occupational injuries: Cases of occupational injury","Reference group coverage: Employees"
"Guatemala","ADM-IR - Records of the Guatemalan Social Security Institute","SDG indicator 8.8.1 - Fatal occupational injuries per 100'000 workers","Sex: Total","Migrant status: Migrants","2022",0,,"Coverage of occupational injuries: Reported injuries | Type of cases of occupational injuries: Cases of occupational injury","Reference group coverage: Employees"
"Guatemala","ADM-IR - Records of the Guatemalan Social Security Institute","SDG indicator 8.8.1 - Fatal occupational injuries per 100'000 workers","Sex: Total","Migrant status: Non migrants","2022",0.14,,"Coverage of occupational injuries: Reported injuries | Type of cases of occupational injuries: Cases of occupational injury","Reference group coverage: Employees"
"Guatemala","ADM-IR - Records of the Guatemalan Social Security Institute","SDG indicator 8.8.1 - Fatal occupational injuries per 100'000 workers","Sex: Male","Migrant status: Total","2022",0.19,,"Coverage of occupational injuries: Reported injuries | Type of cases of occupational injuries: Cases of occupational injury","Reference group coverage: Employees"
"Guatemala","ADM-IR - Records of the Guatemalan Social Security Institute","SDG indicator 8.8.1 - Fatal occupational injuries per 100'000 workers","Sex: Male","Migrant status: Migrants","2022",0,,"Coverage of occupational injuries: Reported injuries | Type of cases of occupational injuries: Cases of occupational injury","Reference group coverage: Employees"
"Guatemala","ADM-IR - Records of the Guatemalan Social Security Institute","SDG indicator 8.8.1 - Fatal occupational injuries per 100'000 workers","Sex: Male","Migrant status: Non migrants","2022",0.19,,"Coverage of occupational injuries: Reported injuries | Type of cases of occupational injuries: Cases of occupational injury","Reference group coverage: Employees"
"Guatemala","ADM-IR - Records of the Guatemalan Social Security Institute","SDG indicator 8.8.1 - Fatal occupational injuries per 100'000 workers","Sex: Female","Migrant status: Total","2022",0,,"Coverage of occupational injuries: Reported injuries | Type of cases of occupational injuries: Cases of occupational injury","Reference group coverage: Employees"
"Guatemala","ADM-IR - Records of the Guatemalan Social Security Institute","SDG indicator 8.8.1 - Fatal occupational injuries per 100'000 workers","Sex: Female","Migrant status: Migrants","2022",0,,"Coverage of occupational injuries: Reported injuries | Type of cases of occupational injuries: Cases of occupational injury","Reference group coverage: Employees"
"Guatemala","ADM-IR - Records of the Guatemalan Social Security Institute","SDG indicator 8.8.1 - Fatal occupational injuries per 100'000 workers","Sex: Female","Migrant status: Non migrants","2022",0,,"Coverage of occupational injuries: Reported injuries | Type of cases of occupational injuries: Cases of occupational injury","Reference group coverage: Employees"
"French Guiana","OE - Official Estimates","SDG indicator 8.8.1 - Fatal occupational injuries per 100'000 workers","Sex: Total","Migrant status: Total","2014",0,,"Coverage of occupational injuries: Compensated injuries | Type of cases of occupational injuries: Cases of occupational injury | Time period for occurrence of death: Deaths occurring within the same reference year","Reference group coverage: Insured persons"
"Hong Kong, China","ADM-LIR - Labour Inspectorate Records","SDG indicator 8.8.1 - Fatal occupational injuries per 100'000 workers","Sex: Total","Migrant status: Total","2016",6.782,,"Coverage of occupational injuries: Reported injuries | Type of cases of occupational injuries: Including cases of occupational disease | Type of rate: Incidence rate (per 100'000 employees) | Time period for occurrence of death: Deaths occurring within the same reference year","Data reference period: End of the year | Geographical coverage: Government controlled areas | Reference group coverage: Employees"
"Hong Kong, China","ADM-LIR - Labour Inspectorate Records","SDG indicator 8.8.1 - Fatal occupational injuries per 100'000 workers","Sex: Total","Migrant status: Total","2015",6,,"Coverage of occupational injuries: Reported injuries | Type of cases of occupational injuries: Including cases of occupational disease | Type of rate: Incidence rate (per 100'000 employees) | Time period for occurrence of death: Deaths occurring within the same reference year","Data reference period: End of the year | Geographical coverage: Government controlled areas | Reference group coverage: Employees"
"Hong Kong, China","ADM-LIR - Labour Inspectorate Records","SDG indicator 8.8.1 - Fatal occupational injuries per 100'000 workers","Sex: Total","Migrant status: Total","2014",7,,"Coverage of occupational injuries: Reported injuries | Type of cases of occupational injuries: Including cases of occupational disease | Type of rate: Incidence rate (per 100'000 employees) | Time period for occurrence of death: Deaths occurring within the same reference year","Data reference period: End of the year | Geographical coverage: Government controlled areas | Reference group coverage: Employees"
"Hong Kong, China","ADM-LIR - Labour Inspectorate Records","SDG indicator 8.8.1 - Fatal occupational injuries per 100'000 workers","Sex: Total","Migrant status: Total","2013",7,,"Coverage of occupational injuries: Reported injuries | Type of cases of occupational injuries: Including cases of occupational disease | Type of rate: Incidence rate (per 100'000 employees) | Time period for occurrence of death: Deaths occurring within the same reference year","Data reference period: End of the year | Geographical coverage: Government controlled areas | Reference group coverage: Employees"
"Croatia","ADM-IR - Institute of Public Health","SDG indicator 8.8.1 - Fatal occupational injuries per 100'000 workers","Sex: Total","Migrant status: Total","2022",2.93,,"Coverage of occupational injuries: Reported injuries | Type of cases of occupational injuries: Including cases of injury due to commuting accidents","Repository: ILO calculations based on Eurostat data | Reference group coverage: Insured persons"
"Croatia","ADM-IR - Institute of Public Health","SDG indicator 8.8.1 - Fatal occupational injuries per 100'000 workers","Sex: Total","Migrant status: Total","2021",2.18,,"Coverage of occupational injuries: Reported injuries | Type of cases of occupational injuries: Including cases of injury due to commuting accidents","Repository: ILO calculations based on Eurostat data | Reference group coverage: Insured persons"
"Croatia","ADM-IR - Institute of Public Health","SDG indicator 8.8.1 - Fatal occupational injuries per 100'000 workers","Sex: Total","Migrant status: Total","2020",2.89,,"Coverage of occupational injuries: Reported injuries | Type of cases of occupational injuries: Including cases of injury due to commuting accidents","Repository: ILO calculations based on Eurostat data | Reference group coverage: Insured persons"
"Croatia","ADM-IR - Institute of Public Health","SDG indicator 8.8.1 - Fatal occupational injuries per 100'000 workers","Sex: Total","Migrant status: Total","2019",2.73,,"Coverage of occupational injuries: Reported injuries | Type of cases of occupational injuries: Including cases of injury due to commuting accidents","Repository: ILO calculations based on Eurostat data | Reference group coverage: Insured persons"
"Croatia","ADM-IR - Institute of Public Health","SDG indicator 8.8.1 - Fatal occupational injuries per 100'000 workers","Sex: Total","Migrant status: Total","2018",3.04,,"Coverage of occupational injuries: Reported injuries | Type of cases of occupational injuries: Including cases of injury due to commuting accidents","Repository: ILO calculations based on Eurostat data | Reference group coverage: Insured persons"
"Croatia","ADM-IR - Institute of Public Health","SDG indicator 8.8.1 - Fatal occupational injuries per 100'000 workers","Sex: Total","Migrant status: Total","2017",2.63,,"Coverage of occupational injuries: Reported injuries | Type of cases of occupational injuries: Including cases of injury due to commuting accidents","Repository: ILO calculations based on Eurostat data | Reference group coverage: Insured persons"
"Croatia","ADM-IR - Institute of Public Health","SDG indicator 8.8.1 - Fatal occupational injuries per 100'000 workers","Sex: Total","Migrant status: Total","2016",2.71,,"Coverage of occupational injuries: Reported injuries | Type of cases of occupational injuries: Including cases of injury due to commuting accidents","Reference group coverage: Insured persons"
"Croatia","ADM-IR - Institute of Public Health","SDG indicator 8.8.1 - Fatal occupational injuries per 100'000 workers","Sex: Total","Migrant status: Migrants","2016",0,,"Coverage of occupational injuries: Reported injuries | Type of cases of occupational injuries: Including cases of injury due to commuting accidents","Reference group coverage: Insured persons"
"Croatia","ADM-IR - Institute of Public Health","SDG indicator 8.8.1 - Fatal occupational injuries per 100'000 workers","Sex: Total","Migrant status: Non migrants","2016",2.71,,"Coverage of occupational injuries: Reported injuries | Type of cases of occupational injuries: Including cases of injury due to commuting accidents","Reference group coverage: Insured persons"
"Croatia","ADM-IR - Institute of Public Health","SDG indicator 8.8.1 - Fatal occupational injuries per 100'000 workers","Sex: Male","Migrant status: Total","2016",4.737,,"Coverage of occupational injuries: Reported injuries | Type of cases of occupational injuries: Including cases of injury due to commuting accidents","Reference group coverage: Insured persons"
"Croatia","ADM-IR - Institute of Public Health","SDG indicator 8.8.1 - Fatal occupational injuries per 100'000 workers","Sex: Male","Migrant status: Migrants","2016",0,,"Coverage of occupational injuries: Reported injuries | Type of cases of occupational injuries: Including cases of injury due to commuting accidents","Reference group coverage: Insured persons"
"Croatia","ADM-IR - Institute of Public Health","SDG indicator 8.8.1 - Fatal occupational injuries per 100'000 workers","Sex: Male","Migrant status: Non migrants","2016",4.737,,"Coverage of occupational injuries: Reported injuries | Type of cases of occupational injuries: Including cases of injury due to commuting accidents","Reference group coverage: Insured persons"
"Croatia","ADM-IR - Institute of Public Health","SDG indicator 8.8.1 - Fatal occupational injuries per 100'000 workers","Sex: Female","Migrant status: Total","2016",0.441,,"Coverage of occupational injuries: Reported injuries | Type of cases of occupational injuries: Including cases of injury due to commuting accidents","Reference group coverage: Insured persons"
"Croatia","ADM-IR - Institute of Public Health","SDG indicator 8.8.1 - Fatal occupational injuries per 100'000 workers","Sex: Female","Migrant status: Migrants","2016",0,,"Coverage of occupational injuries: Reported injuries | Type of cases of occupational injuries: Including cases of injury due to commuting accidents","Reference group coverage: Insured persons"
"Croatia","ADM-IR - Institute of Public Health","SDG indicator 8.8.1 - Fatal occupational injuries per 100'000 workers","Sex: Female","Migrant status: Non migrants","2016",0.441,,"Coverage of occupational injuries: Reported injuries | Type of cases of occupational injuries: Including cases of injury due to commuting accidents","Reference group coverage: Insured persons"
"Croatia","ADM-IR - Institute of Public Health","SDG indicator 8.8.1 - Fatal occupational injuries per 100'000 workers","Sex: Total","Migrant status: Total","2015",2.19,,"Coverage of occupational injuries: Reported injuries | Type of cases of occupational injuries: Including cases of injury due to commuting accidents","Repository: ILO calculations based on Eurostat data | Reference group coverage: Insured persons"
"Croatia","ADM-IR - Institute of Public Health","SDG indicator 8.8.1 - Fatal occupational injuries per 100'000 workers","Sex: Male","Migrant status: Total","2015",3.89,,"Coverage of occupational injuries: Reported injuries | Type of cases of occupational injuries: Including cases of injury due to commuting accidents","Repository: ILO calculations based on Eurostat data | Reference group coverage: Insured persons"
"Croatia","ADM-IR - Institute of Public Health","SDG indicator 8.8.1 - Fatal occupational injuries per 100'000 workers","Sex: Female","Migrant status: Total","2015",0.3,,"Coverage of occupational injuries: Reported injuries | Type of cases of occupational injuries: Including cases of injury due to commuting accidents","Repository: ILO calculations based on Eurostat data | Reference group coverage: Insured persons"
"Croatia","ADM-IR - Institute of Public Health","SDG indicator 8.8.1 - Fatal occupational injuries per 100'000 workers","Sex: Total","Migrant status: Total","2014",1.94,,"Coverage of occupational injuries: Reported injuries | Type of cases of occupational injuries: Including cases of injury due to commuting accidents","Repository: ILO calculations based on Eurostat data | Reference group coverage: Insured persons"
"Croatia","ADM-IR - Institute of Public Health","SDG indicator 8.8.1 - Fatal occupational injuries per 100'000 workers","Sex: Total","Migrant status: Total","2013",2.06,,"Coverage of occupational injuries: Reported injuries | Type of cases of occupational injuries: Including cases of injury due to commuting accidents","Repository: ILO calculations based on Eurostat data | Reference group coverage: Insured persons"
"Croatia","ADM-IR - Institute of Public Health","SDG indicator 8.8.1 - Fatal occupational injuries per 100'000 workers","Sex: Male","Migrant status: Total","2013",3.55,,"Coverage of occupational injuries: Reported injuries | Type of cases of occupational injuries: Including cases of injury due to commuting accidents","Repository: ILO calculations based on Eurostat data | Reference group coverage: Insured persons"
"Croatia","ADM-IR - Institute of Public Health","SDG indicator 8.8.1 - Fatal occupational injuries per 100'000 workers","Sex: Female","Migrant status: Total","2013",0.31,,"Coverage of occupational injuries: Reported injuries | Type of cases of occupational injuries: Including cases of injury due to commuting accidents","Repository: ILO calculations based on Eurostat data | Reference group coverage: Insured persons"
"Hungary","ADM-LIR - Labour Inspectorate Records","SDG indicator 8.8.1 - Fatal occupational injuries per 100'000 workers","Sex: Total","Migrant status: Total","2023",1.31,,"Coverage of occupational injuries: Reported injuries | Type of cases of occupational injuries: Cases of occupational injury","Reference group coverage: Employees"
"Hungary","ADM-LIR - Labour Inspectorate Records","SDG indicator 8.8.1 - Fatal occupational injuries per 100'000 workers","Sex: Total","Migrant status: Migrants","2023",0.06,,"Coverage of occupational injuries: Reported injuries | Type of cases of occupational injuries: Cases of occupational injury","Reference group coverage: Employees"
"Hungary","ADM-LIR - Labour Inspectorate Records","SDG indicator 8.8.1 - Fatal occupational injuries per 100'000 workers","Sex: Total","Migrant status: Non migrants","2023",1.25,,"Coverage of occupational injuries: Reported injuries | Type of cases of occupational injuries: Cases of occupational injury","Reference group coverage: Employees"
"Hungary","ADM-LIR - Labour Inspectorate Records","SDG indicator 8.8.1 - Fatal occupational injuries per 100'000 workers","Sex: Male","Migrant status: Total","2023",1.27,,"Coverage of occupational injuries: Reported injuries | Type of cases of occupational injuries: Cases of occupational injury","Reference group coverage: Employees"
"Hungary","ADM-LIR - Labour Inspectorate Records","SDG indicator 8.8.1 - Fatal occupational injuries per 100'000 workers","Sex: Male","Migrant status: Migrants","2023",0.06,,"Coverage of occupational injuries: Reported injuries | Type of cases of occupational injuries: Cases of occupational injury","Reference group coverage: Employees"
"Hungary","ADM-LIR - Labour Inspectorate Records","SDG indicator 8.8.1 - Fatal occupational injuries per 100'000 workers","Sex: Male","Migrant status: Non migrants","2023",1.21,,"Coverage of occupational injuries: Reported injuries | Type of cases of occupational injuries: Cases of occupational injury","Reference group coverage: Employees"
"Hungary","ADM-LIR - Labour Inspectorate Records","SDG indicator 8.8.1 - Fatal occupational injuries per 100'000 workers","Sex: Female","Migrant status: Total","2023",0.04,,"Coverage of occupational injuries: Reported injuries | Type of cases of occupational injuries: Cases of occupational injury","Reference group coverage: Employees"
"Hungary","ADM-LIR - Labour Inspectorate Records","SDG indicator 8.8.1 - Fatal occupational injuries per 100'000 workers","Sex: Female","Migrant status: Migrants","2023",0,,"Coverage of occupational injuries: Reported injuries | Type of cases of occupational injuries: Cases of occupational injury","Reference group coverage: Employees"
"Hungary","ADM-LIR - Labour Inspectorate Records","SDG indicator 8.8.1 - Fatal occupational injuries per 100'000 workers","Sex: Female","Migrant status: Non migrants","2023",0.04,,"Coverage of occupational injuries: Reported injuries | Type of cases of occupational injuries: Cases of occupational injury","Reference group coverage: Employees"
"Hungary","ADM-LIR - Labour Inspectorate Records","SDG indicator 8.8.1 - Fatal occupational injuries per 100'000 workers","Sex: Total","Migrant status: Total","2022",1.45,,"Coverage of occupational injuries: Reported injuries | Type of cases of occupational injuries: Cases of occupational injury","Reference group coverage: Employees"
"Hungary","ADM-LIR - Labour Inspectorate Records","SDG indicator 8.8.1 - Fatal occupational injuries per 100'000 workers","Sex: Total","Migrant status: Migrants","2022",0.09,,"Coverage of occupational injuries: Reported injuries | Type of cases of occupational injuries: Cases of occupational injury","Reference group coverage: Employees"
"Hungary","ADM-LIR - Labour Inspectorate Records","SDG indicator 8.8.1 - Fatal occupational injuries per 100'000 workers","Sex: Total","Migrant status: Non migrants","2022",1.36,,"Coverage of occupational injuries: Reported injuries | Type of cases of occupational injuries: Cases of occupational injury","Reference group coverage: Employees"
"Hungary","ADM-LIR - Labour Inspectorate Records","SDG indicator 8.8.1 - Fatal occupational injuries per 100'000 workers","Sex: Male","Migrant status: Total","2022",1.3,,"Coverage of occupational injuries: Reported injuries | Type of cases of occupational injuries: Cases of occupational injury","Reference group coverage: Employees"
"Hungary","ADM-LIR - Labour Inspectorate Records","SDG indicator 8.8.1 - Fatal occupational injuries per 100'000 workers","Sex: Male","Migrant status: Migrants","2022",0.11,,"Coverage of occupational injuries: Reported injuries | Type of cases of occupational injuries: Cases of occupational injury","Reference group coverage: Employees"
"Hungary","ADM-LIR - Labour Inspectorate Records","SDG indicator 8.8.1 - Fatal occupational injuries per 100'000 workers","Sex: Male","Migrant status: Non migrants","2022",1.19,,"Coverage of occupational injuries: Reported injuries | Type of cases of occupational injuries: Cases of occupational injury","Reference group coverage: Employees"
"Hungary","ADM-LIR - Labour Inspectorate Records","SDG indicator 8.8.1 - Fatal occupational injuries per 100'000 workers","Sex: Female","Migrant status: Total","2022",0.15,,"Coverage of occupational injuries: Reported injuries | Type of cases of occupational injuries: Cases of occupational injury","Reference group coverage: Employees"
"Hungary","ADM-LIR - Labour Inspectorate Records","SDG indicator 8.8.1 - Fatal occupational injuries per 100'000 workers","Sex: Female","Migrant status: Migrants","2022",0,,"Coverage of occupational injuries: Reported injuries | Type of cases of occupational injuries: Cases of occupational injury","Reference group coverage: Employees"
"Hungary","ADM-LIR - Labour Inspectorate Records","SDG indicator 8.8.1 - Fatal occupational injuries per 100'000 workers","Sex: Female","Migrant status: Non migrants","2022",0.15,,"Coverage of occupational injuries: Reported injuries | Type of cases of occupational injuries: Cases of occupational injury","Reference group coverage: Employees"
"Hungary","ADM-LIR - Labour Inspectorate Records","SDG indicator 8.8.1 - Fatal occupational injuries per 100'000 workers","Sex: Total","Migrant status: Total","2021",1.81,,"Coverage of occupational injuries: Reported injuries | Type of cases of occupational injuries: Cases of occupational injury","Reference group coverage: Employees"
"Hungary","ADM-LIR - Labour Inspectorate Records","SDG indicator 8.8.1 - Fatal occupational injuries per 100'000 workers","Sex: Total","Migrant status: Migrants","2021",0.09,,"Coverage of occupational injuries: Reported injuries | Type of cases of occupational injuries: Cases of occupational injury","Reference group coverage: Employees"
"Hungary","ADM-LIR - Labour Inspectorate Records","SDG indicator 8.8.1 - Fatal occupational injuries per 100'000 workers","Sex: Total","Migrant status: Non migrants","2021",1.73,,"Coverage of occupational injuries: Reported injuries | Type of cases of occupational injuries: Cases of occupational injury","Reference group coverage: Employees"
"Hungary","ADM-LIR - Labour Inspectorate Records","SDG indicator 8.8.1 - Fatal occupational injuries per 100'000 workers","Sex: Male","Migrant status: Total","2021",3.19,,"Coverage of occupational injuries: Reported injuries | Type of cases of occupational injuries: Cases of occupational injury","Reference group coverage: Employees"
"Hungary","ADM-LIR - Labour Inspectorate Records","SDG indicator 8.8.1 - Fatal occupational injuries per 100'000 workers","Sex: Male","Migrant status: Migrants","2021",0.06,,"Coverage of occupational injuries: Reported injuries | Type of cases of occupational injuries: Cases of occupational injury","Reference group coverage: Employees"
"Hungary","ADM-LIR - Labour Inspectorate Records","SDG indicator 8.8.1 - Fatal occupational injuries per 100'000 workers","Sex: Male","Migrant status: Non migrants","2021",1.64,,"Coverage of occupational injuries: Reported injuries | Type of cases of occupational injuries: Cases of occupational injury","Reference group coverage: Employees"
"Hungary","ADM-LIR - Labour Inspectorate Records","SDG indicator 8.8.1 - Fatal occupational injuries per 100'000 workers","Sex: Female","Migrant status: Total","2021",0.23,,"Coverage of occupational injuries: Reported injuries | Type of cases of occupational injuries: Cases of occupational injury","Reference group coverage: Employees"
"Hungary","ADM-LIR - Labour Inspectorate Records","SDG indicator 8.8.1 - Fatal occupational injuries per 100'000 workers","Sex: Female","Migrant status: Migrants","2021",0.02,,"Coverage of occupational injuries: Reported injuries | Type of cases of occupational injuries: Cases of occupational injury","Reference group coverage: Employees"
"Hungary","ADM-LIR - Labour Inspectorate Records","SDG indicator 8.8.1 - Fatal occupational injuries per 100'000 workers","Sex: Female","Migrant status: Non migrants","2021",0.09,,"Coverage of occupational injuries: Reported injuries | Type of cases of occupational injuries: Cases of occupational injury","Reference group coverage: Employees"
"Hungary","ADM-LIR - Labour Inspectorate Records","SDG indicator 8.8.1 - Fatal occupational injuries per 100'000 workers","Sex: Total","Migrant status: Total","2020",1.392,,"Coverage of occupational injuries: Reported injuries | Type of cases of occupational injuries: Cases of occupational injury","Reference group coverage: Employees"
"Hungary","ADM-LIR - Labour Inspectorate Records","SDG indicator 8.8.1 - Fatal occupational injuries per 100'000 workers","Sex: Total","Migrant status: Migrants","2020",0.044,,"Coverage of occupational injuries: Reported injuries | Type of cases of occupational injuries: Cases of occupational injury","Reference group coverage: Employees"
"Hungary","ADM-LIR - Labour Inspectorate Records","SDG indicator 8.8.1 - Fatal occupational injuries per 100'000 workers","Sex: Total","Migrant status: Non migrants","2020",1.348,,"Coverage of occupational injuries: Reported injuries | Type of cases of occupational injuries: Cases of occupational injury","Reference group coverage: Employees"
"Hungary","ADM-LIR - Labour Inspectorate Records","SDG indicator 8.8.1 - Fatal occupational injuries per 100'000 workers","Sex: Male","Migrant status: Total","2020",2.437,,"Coverage of occupational injuries: Reported injuries | Type of cases of occupational injuries: Cases of occupational injury","Reference group coverage: Employees"
"Hungary","ADM-LIR - Labour Inspectorate Records","SDG indicator 8.8.1 - Fatal occupational injuries per 100'000 workers","Sex: Male","Migrant status: Migrants","2020",0.081,,"Coverage of occupational injuries: Reported injuries | Type of cases of occupational injuries: Cases of occupational injury","Reference group coverage: Employees"
"Hungary","ADM-LIR - Labour Inspectorate Records","SDG indicator 8.8.1 - Fatal occupational injuries per 100'000 workers","Sex: Male","Migrant status: Non migrants","2020",2.356,,"Coverage of occupational injuries: Reported injuries | Type of cases of occupational injuries: Cases of occupational injury","Reference group coverage: Employees"
"Hungary","ADM-LIR - Labour Inspectorate Records","SDG indicator 8.8.1 - Fatal occupational injuries per 100'000 workers","Sex: Female","Migrant status: Total","2020",0.187,,"Coverage of occupational injuries: Reported injuries | Type of cases of occupational injuries: Cases of occupational injury","Reference group coverage: Employees"
"Hungary","ADM-LIR - Labour Inspectorate Records","SDG indicator 8.8.1 - Fatal occupational injuries per 100'000 workers","Sex: Female","Migrant status: Migrants","2020",0,,"Coverage of occupational injuries: Reported injuries | Type of cases of occupational injuries: Cases of occupational injury","Reference group coverage: Employees"
"Hungary","ADM-LIR - Labour Inspectorate Records","SDG indicator 8.8.1 - Fatal occupational injuries per 100'000 workers","Sex: Female","Migrant status: Non migrants","2020",0.187,,"Coverage of occupational injuries: Reported injuries | Type of cases of occupational injuries: Cases of occupational injury","Reference group coverage: Employees"
"Hungary","ADM-LIR - Labour Inspectorate Records","SDG indicator 8.8.1 - Fatal occupational injuries per 100'000 workers","Sex: Total","Migrant status: Total","2019",2.09,,"Coverage of occupational injuries: Reported injuries","Repository: ILO calculations based on Eurostat data | Reference group coverage: Employees"
"Hungary","ADM-LIR - Labour Inspectorate Records","SDG indicator 8.8.1 - Fatal occupational injuries per 100'000 workers","Sex: Total","Migrant status: Total","2018",1.97,,"Coverage of occupational injuries: Reported injuries","Repository: ILO calculations based on Eurostat data | Reference group coverage: Employees"
"Hungary","ADM-LIR - Labour Inspectorate Records","SDG indicator 8.8.1 - Fatal occupational injuries per 100'000 workers","Sex: Total","Migrant status: Total","2017",2.01,,"Coverage of occupational injuries: Reported injuries","Repository: ILO calculations based on Eurostat data | Reference group coverage: Employees"
"Hungary","ADM-LIR - Labour Inspectorate Records","SDG indicator 8.8.1 - Fatal occupational injuries per 100'000 workers","Sex: Total","Migrant status: Total","2016",1.8,,"Coverage of occupational injuries: Reported injuries | Type of cases of occupational injuries: Cases of occupational injury","Reference group coverage: Employees"
"Hungary","ADM-LIR - Labour Inspectorate Records","SDG indicator 8.8.1 - Fatal occupational injuries per 100'000 workers","Sex: Male","Migrant status: Total","2016",3.2,,"Coverage of occupational injuries: Reported injuries | Type of cases of occupational injuries: Cases of occupational injury","Reference group coverage: Employees"
"Hungary","ADM-LIR - Labour Inspectorate Records","SDG indicator 8.8.1 - Fatal occupational injuries per 100'000 workers","Sex: Female","Migrant status: Total","2016",0.2,,"Coverage of occupational injuries: Reported injuries | Type of cases of occupational injuries: Cases of occupational injury","Reference group coverage: Employees"
"Hungary","ADM-LIR - Labour Inspectorate Records","SDG indicator 8.8.1 - Fatal occupational injuries per 100'000 workers","Sex: Total","Migrant status: Total","2015",2.05,,"Coverage of occupational injuries: Reported injuries","Repository: ILO calculations based on Eurostat data | Reference group coverage: Employees"
"Hungary","ADM-LIR - Labour Inspectorate Records","SDG indicator 8.8.1 - Fatal occupational injuries per 100'000 workers","Sex: Male","Migrant status: Total","2015",3.42,,"Coverage of occupational injuries: Reported injuries","Repository: ILO calculations based on Eurostat data | Reference group coverage: Employees"
"Hungary","ADM-LIR - Labour Inspectorate Records","SDG indicator 8.8.1 - Fatal occupational injuries per 100'000 workers","Sex: Female","Migrant status: Total","2015",0.42,,"Coverage of occupational injuries: Reported injuries","Repository: ILO calculations based on Eurostat data | Reference group coverage: Employees"
"Hungary","ADM-LIR - Labour Inspectorate Records","SDG indicator 8.8.1 - Fatal occupational injuries per 100'000 workers","Sex: Total","Migrant status: Total","2014",2.01,,"Coverage of occupational injuries: Reported injuries","Repository: ILO calculations based on Eurostat data | Reference group coverage: Employees"
"Hungary","ADM-LIR - Labour Inspectorate Records","SDG indicator 8.8.1 - Fatal occupational injuries per 100'000 workers","Sex: Male","Migrant status: Total","2014",3.53,,"Coverage of occupational injuries: Reported injuries","Repository: ILO calculations based on Eurostat data | Reference group coverage: Employees"
"Hungary","ADM-LIR - Labour Inspectorate Records","SDG indicator 8.8.1 - Fatal occupational injuries per 100'000 workers","Sex: Female","Migrant status: Total","2014",0.21,,"Coverage of occupational injuries: Reported injuries","Repository: ILO calculations based on Eurostat data | Reference group coverage: Employees"
"Hungary","ADM-LIR - Labour Inspectorate Records","SDG indicator 8.8.1 - Fatal occupational injuries per 100'000 workers","Sex: Total","Migrant status: Total","2013",1.4,,"Coverage of occupational injuries: Reported injuries","Repository: ILO calculations based on Eurostat data | Reference group coverage: Employees"
"Ireland","ADM-LIR - Health and Safety Authority Records","SDG indicator 8.8.1 - Fatal occupational injuries per 100'000 workers","Sex: Total","Migrant status: Total","2022",0.97,,"Coverage of occupational injuries: Reported injuries","Repository: ILO calculations based on Eurostat data"
"Ireland","ADM-LIR - Health and Safety Authority Records","SDG indicator 8.8.1 - Fatal occupational injuries per 100'000 workers","Sex: Total","Migrant status: Total","2021",1.42,,"Coverage of occupational injuries: Reported injuries","Repository: ILO calculations based on Eurostat data"
"Ireland","ADM-LIR - Health and Safety Authority Records","SDG indicator 8.8.1 - Fatal occupational injuries per 100'000 workers","Sex: Total","Migrant status: Total","2020",1.79,,"Coverage of occupational injuries: Reported injuries","Repository: ILO calculations based on Eurostat data"
"Ireland","ADM-LIR - Health and Safety Authority Records","SDG indicator 8.8.1 - Fatal occupational injuries per 100'000 workers","Sex: Total","Migrant status: Total","2019",1.77,,"Coverage of occupational injuries: Reported injuries","Repository: ILO calculations based on Eurostat data"
"Ireland","ADM-LIR - Health and Safety Authority Records","SDG indicator 8.8.1 - Fatal occupational injuries per 100'000 workers","Sex: Total","Migrant status: Total","2018",1.51,,"Coverage of occupational injuries: Reported injuries","Repository: ILO calculations based on Eurostat data"
"Ireland","ADM-LIR - Health and Safety Authority Records","SDG indicator 8.8.1 - Fatal occupational injuries per 100'000 workers","Sex: Total","Migrant status: Total","2017",1.87,,"Coverage of occupational injuries: Reported injuries","Repository: ILO calculations based on Eurostat data"
"Ireland","ADM-LIR - Health and Safety Authority Records","SDG indicator 8.8.1 - Fatal occupational injuries per 100'000 workers","Sex: Total","Migrant status: Total","2016",2.14,,"Coverage of occupational injuries: Reported injuries","Repository: ILO calculations based on Eurostat data"
"Ireland","ADM-LIR - Health and Safety Authority Records","SDG indicator 8.8.1 - Fatal occupational injuries per 100'000 workers","Sex: Total","Migrant status: Total","2015",2.51,,"Coverage of occupational injuries: Reported injuries","Repository: ILO calculations based on Eurostat data"
"Ireland","ADM-LIR - Health and Safety Authority Records","SDG indicator 8.8.1 - Fatal occupational injuries per 100'000 workers","Sex: Total","Migrant status: Total","2014",2.46,,"Coverage of occupational injuries: Reported injuries","Repository: ILO calculations based on Eurostat data"
"Ireland","ADM-LIR - Health and Safety Authority Records","SDG indicator 8.8.1 - Fatal occupational injuries per 100'000 workers","Sex: Total","Migrant status: Total","2013",2.13,,"Coverage of occupational injuries: Reported injuries","Repository: ILO calculations based on Eurostat data"
"Iceland","ADM - Administrative records and related sources","SDG indicator 8.8.1 - Fatal occupational injuries per 100'000 workers","Sex: Total","Migrant status: Total","2023",1.38,,"Coverage of occupational injuries: Reported injuries | Type of cases of occupational injuries: Cases of occupational injury","Employment definition: Excluding own-use production workers"
"Iceland","ADM - Administrative records and related sources","SDG indicator 8.8.1 - Fatal occupational injuries per 100'000 workers","Sex: Total","Migrant status: Migrants","2023",0,,"Coverage of occupational injuries: Reported injuries | Type of cases of occupational injuries: Cases of occupational injury","Employment definition: Excluding own-use production workers"
"Iceland","ADM - Administrative records and related sources","SDG indicator 8.8.1 - Fatal occupational injuries per 100'000 workers","Sex: Total","Migrant status: Non migrants","2023",1.38,,"Coverage of occupational injuries: Reported injuries | Type of cases of occupational injuries: Cases of occupational injury","Employment definition: Excluding own-use production workers"
"Iceland","ADM - Administrative records and related sources","SDG indicator 8.8.1 - Fatal occupational injuries per 100'000 workers","Sex: Male","Migrant status: Total","2023",1.38,,"Coverage of occupational injuries: Reported injuries | Type of cases of occupational injuries: Cases of occupational injury","Employment definition: Excluding own-use production workers"
"Iceland","ADM - Administrative records and related sources","SDG indicator 8.8.1 - Fatal occupational injuries per 100'000 workers","Sex: Male","Migrant status: Migrants","2023",0,,"Coverage of occupational injuries: Reported injuries | Type of cases of occupational injuries: Cases of occupational injury","Employment definition: Excluding own-use production workers"
"Iceland","ADM - Administrative records and related sources","SDG indicator 8.8.1 - Fatal occupational injuries per 100'000 workers","Sex: Male","Migrant status: Non migrants","2023",1.38,,"Coverage of occupational injuries: Reported injuries | Type of cases of occupational injuries: Cases of occupational injury","Employment definition: Excluding own-use production workers"
"Iceland","ADM - Administrative records and related sources","SDG indicator 8.8.1 - Fatal occupational injuries per 100'000 workers","Sex: Female","Migrant status: Total","2023",0,,"Coverage of occupational injuries: Reported injuries | Type of cases of occupational injuries: Cases of occupational injury","Employment definition: Excluding own-use production workers"
"Iceland","ADM - Administrative records and related sources","SDG indicator 8.8.1 - Fatal occupational injuries per 100'000 workers","Sex: Female","Migrant status: Migrants","2023",0,,"Coverage of occupational injuries: Reported injuries | Type of cases of occupational injuries: Cases of occupational injury","Employment definition: Excluding own-use production workers"
"Iceland","ADM - Administrative records and related sources","SDG indicator 8.8.1 - Fatal occupational injuries per 100'000 workers","Sex: Female","Migrant status: Non migrants","2023",0,,"Coverage of occupational injuries: Reported injuries | Type of cases of occupational injuries: Cases of occupational injury","Employment definition: Excluding own-use production workers"
"Iceland","ADM - Administrative records and related sources","SDG indicator 8.8.1 - Fatal occupational injuries per 100'000 workers","Sex: Total","Migrant status: Total","2022",0.43,,"Coverage of occupational injuries: Reported injuries","Repository: ILO calculations based on Eurostat data | Reference group coverage: Employees"
"Iceland","ADM - Administrative records and related sources","SDG indicator 8.8.1 - Fatal occupational injuries per 100'000 workers","Sex: Total","Migrant status: Total","2021",0,,"Coverage of occupational injuries: Reported injuries","Repository: ILO calculations based on Eurostat data | Reference group coverage: Employees"
"Iceland","ADM - Administrative records and related sources","SDG indicator 8.8.1 - Fatal occupational injuries per 100'000 workers","Sex: Total","Migrant status: Total","2020",1.54,,"Coverage of occupational injuries: Reported injuries","Repository: ILO calculations based on Eurostat data | Reference group coverage: Employees"
"Iceland","ADM - Administrative records and related sources","SDG indicator 8.8.1 - Fatal occupational injuries per 100'000 workers","Sex: Total","Migrant status: Total","2019",0.99,,"Coverage of occupational injuries: Reported injuries","Repository: ILO calculations based on Eurostat data | Reference group coverage: Employees"
"Iceland","ADM - Administrative records and related sources","SDG indicator 8.8.1 - Fatal occupational injuries per 100'000 workers","Sex: Total","Migrant status: Total","2018",1.51,,"Coverage of occupational injuries: Reported injuries","Repository: ILO calculations based on Eurostat data | Reference group coverage: Employees"
"Iceland","ADM - Administrative records and related sources","SDG indicator 8.8.1 - Fatal occupational injuries per 100'000 workers","Sex: Total","Migrant status: Total","2017",1.03,,"Coverage of occupational injuries: Reported injuries","Repository: ILO calculations based on Eurostat data | Reference group coverage: Employees"
"Iceland","ADM - Administrative records and related sources","SDG indicator 8.8.1 - Fatal occupational injuries per 100'000 workers","Sex: Total","Migrant status: Total","2016",2.1,,"Coverage of occupational injuries: Reported injuries","Repository: ILO calculations based on Eurostat data | Reference group coverage: Employees"
"Iceland","ADM - Administrative records and related sources","SDG indicator 8.8.1 - Fatal occupational injuries per 100'000 workers","Sex: Total","Migrant status: Total","2015",1.09,,"Coverage of occupational injuries: Reported injuries","Repository: ILO calculations based on Eurostat data | Reference group coverage: Employees"
"Iceland","ADM - Administrative records and related sources","SDG indicator 8.8.1 - Fatal occupational injuries per 100'000 workers","Sex: Total","Migrant status: Total","2014",1.14,,"Coverage of occupational injuries: Reported injuries","Repository: ILO calculations based on Eurostat data | Reference group coverage: Employees"
"Iceland","ADM - Administrative records and related sources","SDG indicator 8.8.1 - Fatal occupational injuries per 100'000 workers","Sex: Total","Migrant status: Total","2013",0,,"Coverage of occupational injuries: Reported injuries","Repository: ILO calculations based on Eurostat data | Reference group coverage: Employees"
"Israel","ADM-LIR - Administrative Records of the Ministry of Industry, Trade and Labor","SDG indicator 8.8.1 - Fatal occupational injuries per 100'000 workers","Sex: Total","Migrant status: Total","2023",1.624,,"Coverage of occupational injuries: Reported injuries | Type of cases of occupational injuries: Cases of occupational injury","Data reference period: End of the year"
"Israel","ADM-LIR - Administrative Records of the Ministry of Industry, Trade and Labor","SDG indicator 8.8.1 - Fatal occupational injuries per 100'000 workers","Sex: Male","Migrant status: Total","2023",3.367,,"Coverage of occupational injuries: Reported injuries | Type of cases of occupational injuries: Cases of occupational injury","Data reference period: End of the year"
"Israel","ADM-IR - Records of the National Insurance Institute","SDG indicator 8.8.1 - Fatal occupational injuries per 100'000 workers","Sex: Total","Migrant status: Total","2022",1.11,,"Coverage of occupational injuries: Reported injuries | Type of cases of occupational injuries: Cases of occupational injury","Reference group coverage: Insured persons"
"Israel","ADM-IR - Records of the National Insurance Institute","SDG indicator 8.8.1 - Fatal occupational injuries per 100'000 workers","Sex: Male","Migrant status: Total","2022",2.32,,"Coverage of occupational injuries: Reported injuries | Type of cases of occupational injuries: Cases of occupational injury","Reference group coverage: Insured persons"
"Israel","ADM-LIR - Administrative Records of the Ministry of Industry, Trade and Labor","SDG indicator 8.8.1 - Fatal occupational injuries per 100'000 workers","Sex: Total","Migrant status: Total","2020",1.39,,"Coverage of occupational injuries: Reported injuries | Type of cases of occupational injuries: Cases of occupational injury","Data reference period: End of the year"
"Israel","ADM-LIR - Administrative Records of the Ministry of Industry, Trade and Labor","SDG indicator 8.8.1 - Fatal occupational injuries per 100'000 workers","Sex: Male","Migrant status: Total","2020",2.81,,"Coverage of occupational injuries: Reported injuries | Type of cases of occupational injuries: Cases of occupational injury","Data reference period: End of the year"
"Israel","ADM-LIR - Administrative Records of the Ministry of Industry, Trade and Labor","SDG indicator 8.8.1 - Fatal occupational injuries per 100'000 workers","Sex: Female","Migrant status: Total","2020",0.05,,"Coverage of occupational injuries: Reported injuries | Type of cases of occupational injuries: Cases of occupational injury","Data reference period: End of the year"
"Israel","ADM-LIR - Administrative Records of the Ministry of Industry, Trade and Labor","SDG indicator 8.8.1 - Fatal occupational injuries per 100'000 workers","Sex: Total","Migrant status: Total","2019",1.97,,"Coverage of occupational injuries: Reported injuries | Type of cases of occupational injuries: Cases of occupational injury","Data reference period: End of the year"
"Israel","ADM-LIR - Administrative Records of the Ministry of Industry, Trade and Labor","SDG indicator 8.8.1 - Fatal occupational injuries per 100'000 workers","Sex: Total","Migrant status: Total","2018",1.67,,"Coverage of occupational injuries: Reported injuries | Type of cases of occupational injuries: Cases of occupational injury","Data reference period: End of the year"
"Israel","ADM-LIR - Administrative Records of the Ministry of Industry, Trade and Labor","SDG indicator 8.8.1 - Fatal occupational injuries per 100'000 workers","Sex: Total","Migrant status: Total","2017",1.21,,"Coverage of occupational injuries: Compensated injuries | Type of cases of occupational injuries: Including cases of injury due to commuting accidents","Reference group coverage: Employees"
"Israel","ADM-IR - Records of the National Insurance Institute","SDG indicator 8.8.1 - Fatal occupational injuries per 100'000 workers","Sex: Total","Migrant status: Total","2016",1.44,,"Coverage of occupational injuries: Compensated injuries | Type of cases of occupational injuries: Including cases of occupational disease and cases of injury due to commuting accidents","Reference group coverage: Insured persons"
"Israel","ADM-LIR - Administrative Records of the Ministry of Industry, Trade and Labor","SDG indicator 8.8.1 - Fatal occupational injuries per 100'000 workers","Sex: Total","Migrant status: Total","2015",1.73,,"Coverage of occupational injuries: Compensated injuries | Type of cases of occupational injuries: Including cases of occupational disease and cases of injury due to commuting accidents | Type of rate: Incidence rate (per 100'000 employees) | Time period for occurrence of death: Deaths occurring within the same reference year","Data reference period: End of the year"
"Israel","ADM-LIR - Administrative Records of the Ministry of Industry, Trade and Labor","SDG indicator 8.8.1 - Fatal occupational injuries per 100'000 workers","Sex: Male","Migrant status: Total","2015",3.33,,"Coverage of occupational injuries: Compensated injuries | Type of cases of occupational injuries: Including cases of occupational disease and cases of injury due to commuting accidents | Type of rate: Incidence rate (per 100'000 employees) | Time period for occurrence of death: Deaths occurring within the same reference year","Data reference period: End of the year"
"Israel","ADM-LIR - Administrative Records of the Ministry of Industry, Trade and Labor","SDG indicator 8.8.1 - Fatal occupational injuries per 100'000 workers","Sex: Female","Migrant status: Total","2015",0.06,,"Coverage of occupational injuries: Compensated injuries | Type of cases of occupational injuries: Including cases of occupational disease and cases of injury due to commuting accidents | Type of rate: Incidence rate (per 100'000 employees) | Time period for occurrence of death: Deaths occurring within the same reference year","Data reference period: End of the year"
"Israel","ADM-LIR - Administrative Records of the Ministry of Industry, Trade and Labor","SDG indicator 8.8.1 - Fatal occupational injuries per 100'000 workers","Sex: Total","Migrant status: Total","2014",1.99,,"Coverage of occupational injuries: Compensated injuries | Type of cases of occupational injuries: Including cases of occupational disease and cases of injury due to commuting accidents | Type of rate: Incidence rate (per 100'000 employees) | Time period for occurrence of death: Deaths occurring within the same reference year","Data reference period: End of the year"
"Israel","ADM-LIR - Administrative Records of the Ministry of Industry, Trade and Labor","SDG indicator 8.8.1 - Fatal occupational injuries per 100'000 workers","Sex: Male","Migrant status: Total","2014",3.9,,"Coverage of occupational injuries: Compensated injuries | Type of cases of occupational injuries: Including cases of occupational disease and cases of injury due to commuting accidents | Type of rate: Incidence rate (per 100'000 employees) | Time period for occurrence of death: Deaths occurring within the same reference year","Data reference period: End of the year"
"Israel","ADM-LIR - Administrative Records of the Ministry of Industry, Trade and Labor","SDG indicator 8.8.1 - Fatal occupational injuries per 100'000 workers","Sex: Female","Migrant status: Total","2014",0,,"Coverage of occupational injuries: Compensated injuries | Type of cases of occupational injuries: Including cases of occupational disease and cases of injury due to commuting accidents | Type of rate: Incidence rate (per 100'000 employees) | Time period for occurrence of death: Deaths occurring within the same reference year","Data reference period: End of the year"
"Italy","ADM-IR - Insurance Records","SDG indicator 8.8.1 - Fatal occupational injuries per 100'000 workers","Sex: Total","Migrant status: Total","2022",2.03,,"Coverage of occupational injuries: Reported injuries | Type of cases of occupational injuries: Including cases of injury due to commuting accidents","Repository: ILO calculations based on Eurostat data"
"Italy","ADM-IR - Insurance Records","SDG indicator 8.8.1 - Fatal occupational injuries per 100'000 workers","Sex: Total","Migrant status: Total","2021",2.66,,"Coverage of occupational injuries: Reported injuries | Type of cases of occupational injuries: Including cases of injury due to commuting accidents","Repository: ILO calculations based on Eurostat data"
"Italy","ADM-IR - Insurance Records","SDG indicator 8.8.1 - Fatal occupational injuries per 100'000 workers","Sex: Total","Migrant status: Total","2020",3.39,,"Coverage of occupational injuries: Reported injuries | Type of cases of occupational injuries: Including cases of injury due to commuting accidents","Repository: ILO calculations based on Eurostat data"
"Italy","ADM-IR - Insurance Records","SDG indicator 8.8.1 - Fatal occupational injuries per 100'000 workers","Sex: Total","Migrant status: Total","2019",2.1,,"Coverage of occupational injuries: Reported injuries | Type of cases of occupational injuries: Including cases of injury due to commuting accidents","Repository: ILO calculations based on Eurostat data"
"Italy","ADM-IR - Insurance Records","SDG indicator 8.8.1 - Fatal occupational injuries per 100'000 workers","Sex: Total","Migrant status: Total","2018",2.25,,"Coverage of occupational injuries: Reported injuries | Type of cases of occupational injuries: Including cases of injury due to commuting accidents","Repository: ILO calculations based on Eurostat data"
"Italy","ADM-IR - Insurance Records","SDG indicator 8.8.1 - Fatal occupational injuries per 100'000 workers","Sex: Total","Migrant status: Total","2017",2.1,,"Coverage of occupational injuries: Reported injuries | Type of cases of occupational injuries: Including cases of injury due to commuting accidents","Repository: ILO calculations based on Eurostat data"
"Italy","ADM-IR - Insurance Records","SDG indicator 8.8.1 - Fatal occupational injuries per 100'000 workers","Sex: Total","Migrant status: Total","2016",2.11,,"Coverage of occupational injuries: Reported injuries | Type of cases of occupational injuries: Including cases of injury due to commuting accidents","Repository: ILO calculations based on Eurostat data"
"Italy","ADM-IR - Insurance Records","SDG indicator 8.8.1 - Fatal occupational injuries per 100'000 workers","Sex: Total","Migrant status: Total","2015",2.42,,"Coverage of occupational injuries: Reported injuries | Type of cases of occupational injuries: Including cases of injury due to commuting accidents","Repository: ILO calculations based on Eurostat data"
"Italy","ADM-IR - Insurance Records","SDG indicator 8.8.1 - Fatal occupational injuries per 100'000 workers","Sex: Total","Migrant status: Total","2014",2.34,,"Coverage of occupational injuries: Reported injuries | Type of cases of occupational injuries: Including cases of injury due to commuting accidents","Repository: ILO calculations based on Eurostat data"
"Italy","ADM-IR - Insurance Records","SDG indicator 8.8.1 - Fatal occupational injuries per 100'000 workers","Sex: Total","Migrant status: Total","2013",2.31,,"Coverage of occupational injuries: Reported injuries | Type of cases of occupational injuries: Including cases of injury due to commuting accidents","Repository: ILO calculations based on Eurostat data"
"Japan","ADM-LIR - Labour Standards Inspection Records","SDG indicator 8.8.1 - Fatal occupational injuries per 100'000 workers","Sex: Total","Migrant status: Total","2023",1.32,,,"Data reference period: End of the year"
"Japan","ADM-LIR - Labour Standards Inspection Records","SDG indicator 8.8.1 - Fatal occupational injuries per 100'000 workers","Sex: Total","Migrant status: Total","2021",1.54,,,"Data reference period: End of the year"
"Japan","ADM-LIR - Labour Standards Inspection Records","SDG indicator 8.8.1 - Fatal occupational injuries per 100'000 workers","Sex: Total","Migrant status: Total","2020",1.34,,"Coverage of occupational injuries: Reported injuries | Type of cases of occupational injuries: Including cases of occupational disease","Data reference period: End of the year"
"Japan","ES - Survey on Industrial Accidents","SDG indicator 8.8.1 - Fatal occupational injuries per 100'000 workers","Sex: Total","Migrant status: Total","2019",1.4,,"Coverage of occupational injuries: Reported injuries | Type of cases of occupational injuries: Including cases of occupational disease","Data reference period: May | Economic activity coverage: Excluding public administration | Reference group coverage: Employees | Establishment size coverage: All establishments with at least 100 employees"
"Japan","ES - Survey on Industrial Accidents","SDG indicator 8.8.1 - Fatal occupational injuries per 100'000 workers","Sex: Total","Migrant status: Total","2018",2,,"Coverage of occupational injuries: Reported injuries | Type of cases of occupational injuries: Including cases of occupational disease","Data reference period: May | Economic activity coverage: Excluding public administration | Reference group coverage: Employees | Establishment size coverage: All establishments with at least 100 employees"
"Japan","ES - Survey on Industrial Accidents","SDG indicator 8.8.1 - Fatal occupational injuries per 100'000 workers","Sex: Total","Migrant status: Total","2017",2,,"Coverage of occupational injuries: Reported injuries | Type of cases of occupational injuries: Including cases of occupational disease","Data reference period: May | Economic activity coverage: Excluding public administration | Reference group coverage: Employees | Establishment size coverage: All establishments with at least 100 employees"
"Japan","ES - Survey on Industrial Accidents","SDG indicator 8.8.1 - Fatal occupational injuries per 100'000 workers","Sex: Total","Migrant status: Total","2016",2,,"Coverage of occupational injuries: Reported injuries | Type of cases of occupational injuries: Including cases of occupational disease","Data reference period: May | Economic activity coverage: Excluding public administration | Reference group coverage: Employees | Establishment size coverage: All establishments with at least 100 employees"
"Kazakhstan","ADM-EBR - Businesses and Organizations register","SDG indicator 8.8.1 - Fatal occupational injuries per 100'000 workers","Sex: Total","Migrant status: Total","2017",4.3,,"Coverage of occupational injuries: Reported injuries | Type of cases of occupational injuries: Cases of occupational injury","Employment definition: Excluding own-use production workers | Population coverage: Excluding both institutional population and armed forces and/or conscripts | Institutional sector coverage: Public sector only | Reference group coverage: Wage earners / blue collar / production workers"
"Kazakhstan","ADM-EBR - Businesses and Organizations register","SDG indicator 8.8.1 - Fatal occupational injuries per 100'000 workers","Sex: Male","Migrant status: Total","2017",3.4,,"Coverage of occupational injuries: Reported injuries | Type of cases of occupational injuries: Cases of occupational injury","Employment definition: Excluding own-use production workers | Population coverage: Excluding both institutional population and armed forces and/or conscripts | Institutional sector coverage: Public sector only | Reference group coverage: Wage earners / blue collar / production workers"
"Kazakhstan","ADM-EBR - Businesses and Organizations register","SDG indicator 8.8.1 - Fatal occupational injuries per 100'000 workers","Sex: Female","Migrant status: Total","2017",0.9,,"Coverage of occupational injuries: Reported injuries | Type of cases of occupational injuries: Cases of occupational injury","Employment definition: Excluding own-use production workers | Population coverage: Excluding both institutional population and armed forces and/or conscripts | Institutional sector coverage: Public sector only | Reference group coverage: Wage earners / blue collar / production workers"
"Kazakhstan","ADM-EBR - Businesses and Organizations register","SDG indicator 8.8.1 - Fatal occupational injuries per 100'000 workers","Sex: Total","Migrant status: Total","2015",5,,"Coverage of occupational injuries: Reported injuries | Type of cases of occupational injuries: Cases of occupational injury | Type of rate: Incidence rate (per 100'000 workers employed) | Time period for occurrence of death: Deaths occurring within the same reference year","Institutional sector coverage: Public sector only | Reference group coverage: Wage earners / blue collar / production workers"
"Kazakhstan","ADM-EBR - Businesses and Organizations register","SDG indicator 8.8.1 - Fatal occupational injuries per 100'000 workers","Sex: Male","Migrant status: Total","2015",8.8,,"Coverage of occupational injuries: Reported injuries | Type of cases of occupational injuries: Cases of occupational injury | Type of rate: Incidence rate (per 100'000 workers employed) | Time period for occurrence of death: Deaths occurring within the same reference year","Institutional sector coverage: Public sector only | Reference group coverage: Wage earners / blue collar / production workers"
"Kazakhstan","ADM-EBR - Businesses and Organizations register","SDG indicator 8.8.1 - Fatal occupational injuries per 100'000 workers","Sex: Female","Migrant status: Total","2015",0.4,,"Coverage of occupational injuries: Reported injuries | Type of cases of occupational injuries: Cases of occupational injury | Type of rate: Incidence rate (per 100'000 workers employed) | Time period for occurrence of death: Deaths occurring within the same reference year","Institutional sector coverage: Public sector only | Reference group coverage: Wage earners / blue collar / production workers"
"Kazakhstan","ADM-EBR - Businesses and Organizations register","SDG indicator 8.8.1 - Fatal occupational injuries per 100'000 workers","Sex: Total","Migrant status: Total","2013",5.91,,"Coverage of occupational injuries: Reported injuries | Type of cases of occupational injuries: Cases of occupational injury | Time period for occurrence of death: No specified period for occurrence of deaths","Institutional sector coverage: Public sector only | Reference group coverage: Wage earners / blue collar / production workers"
"Kazakhstan","ADM-EBR - Businesses and Organizations register","SDG indicator 8.8.1 - Fatal occupational injuries per 100'000 workers","Sex: Male","Migrant status: Total","2013",10.32,,"Coverage of occupational injuries: Reported injuries | Type of cases of occupational injuries: Cases of occupational injury | Time period for occurrence of death: No specified period for occurrence of deaths","Institutional sector coverage: Public sector only | Reference group coverage: Wage earners / blue collar / production workers"
"Kazakhstan","ADM-EBR - Businesses and Organizations register","SDG indicator 8.8.1 - Fatal occupational injuries per 100'000 workers","Sex: Female","Migrant status: Total","2013",0.77,,"Coverage of occupational injuries: Reported injuries | Type of cases of occupational injuries: Cases of occupational injury | Time period for occurrence of death: No specified period for occurrence of deaths","Institutional sector coverage: Public sector only | Reference group coverage: Wage earners / blue collar / production workers"
"Kyrgyzstan","ADM-LIR - Labour Inspectorate Records","SDG indicator 8.8.1 - Fatal occupational injuries per 100'000 workers","Sex: Total","Migrant status: Total","2015",4.1,,"Coverage of occupational injuries: Reported injuries | Type of cases of occupational injuries: Cases of occupational injury | Type of rate: Incidence rate (per 100'000 workers employed) | Time period for occurrence of death: Deaths occurring within the same reference year","Data reference period: End of the year | Reference group coverage: Employees"
"Kyrgyzstan","ADM-LIR - Labour Inspectorate Records","SDG indicator 8.8.1 - Fatal occupational injuries per 100'000 workers","Sex: Male","Migrant status: Total","2015",8,,"Coverage of occupational injuries: Reported injuries | Type of cases of occupational injuries: Cases of occupational injury | Type of rate: Incidence rate (per 100'000 workers employed) | Time period for occurrence of death: Deaths occurring within the same reference year","Data reference period: End of the year | Reference group coverage: Employees"
"Kyrgyzstan","ADM-LIR - Labour Inspectorate Records","SDG indicator 8.8.1 - Fatal occupational injuries per 100'000 workers","Sex: Female","Migrant status: Total","2015",0.7,,"Coverage of occupational injuries: Reported injuries | Type of cases of occupational injuries: Cases of occupational injury | Type of rate: Incidence rate (per 100'000 workers employed) | Time period for occurrence of death: Deaths occurring within the same reference year","Data reference period: End of the year | Reference group coverage: Employees"
"Kyrgyzstan","ADM-LIR - Labour Inspectorate Records","SDG indicator 8.8.1 - Fatal occupational injuries per 100'000 workers","Sex: Total","Migrant status: Total","2013",6,,"Coverage of occupational injuries: Reported injuries | Type of cases of occupational injuries: Cases of occupational injury | Type of rate: Incidence rate (per 100'000 workers employed) | Time period for occurrence of death: Deaths occurring within the same reference year","Data reference period: End of the year | Reference group coverage: Employees"
"Kyrgyzstan","ADM-LIR - Labour Inspectorate Records","SDG indicator 8.8.1 - Fatal occupational injuries per 100'000 workers","Sex: Male","Migrant status: Total","2013",11,,"Coverage of occupational injuries: Reported injuries | Type of cases of occupational injuries: Cases of occupational injury | Type of rate: Incidence rate (per 100'000 workers employed) | Time period for occurrence of death: Deaths occurring within the same reference year","Data reference period: End of the year | Reference group coverage: Employees"
"Kyrgyzstan","ADM-LIR - Labour Inspectorate Records","SDG indicator 8.8.1 - Fatal occupational injuries per 100'000 workers","Sex: Female","Migrant status: Total","2013",1,,"Coverage of occupational injuries: Reported injuries | Type of cases of occupational injuries: Cases of occupational injury | Type of rate: Incidence rate (per 100'000 workers employed) | Time period for occurrence of death: Deaths occurring within the same reference year","Data reference period: End of the year | Reference group coverage: Employees"
"Republic of Korea","ADM-IR - Occupational Accidents and Injuries Records","SDG indicator 8.8.1 - Fatal occupational injuries per 100'000 workers","Sex: Total","Migrant status: Total","2023",3.93,,"Coverage of occupational injuries: Compensated injuries | Type of cases of occupational injuries: Cases of occupational injury","Data reference period: End of the year | Reference group coverage: Insured persons"
"Republic of Korea","ADM-IR - Occupational Accidents and Injuries Records","SDG indicator 8.8.1 - Fatal occupational injuries per 100'000 workers","Sex: Total","Migrant status: Total","2022",4.33,,"Coverage of occupational injuries: Compensated injuries | Type of cases of occupational injuries: Cases of occupational injury","Data reference period: End of the year | Reference group coverage: Insured persons"
"Republic of Korea","ADM-IR - Occupational Accidents and Injuries Records","SDG indicator 8.8.1 - Fatal occupational injuries per 100'000 workers","Sex: Total","Migrant status: Total","2021",4.27,,"Coverage of occupational injuries: Compensated injuries | Type of cases of occupational injuries: Cases of occupational injury","Data reference period: End of the year | Reference group coverage: Insured persons"
"Republic of Korea","ADM-IR - Occupational Accidents and Injuries Records","SDG indicator 8.8.1 - Fatal occupational injuries per 100'000 workers","Sex: Total","Migrant status: Total","2020",4.65,,"Coverage of occupational injuries: Compensated injuries | Type of cases of occupational injuries: Cases of occupational injury","Data reference period: End of the year | Reference group coverage: Insured persons"
"Republic of Korea","ADM-IR - Occupational Accidents and Injuries Records","SDG indicator 8.8.1 - Fatal occupational injuries per 100'000 workers","Sex: Total","Migrant status: Total","2019",4.57,,"Coverage of occupational injuries: Compensated injuries | Type of cases of occupational injuries: Cases of occupational injury","Data reference period: End of the year | Reference group coverage: Insured persons"
"Republic of Korea","ADM-IR - Occupational Accidents and Injuries Records","SDG indicator 8.8.1 - Fatal occupational injuries per 100'000 workers","Sex: Total","Migrant status: Total","2018",5.09,,"Coverage of occupational injuries: Compensated injuries | Type of cases of occupational injuries: Cases of occupational injury","Data reference period: End of the year | Reference group coverage: Insured persons"
"Republic of Korea","ADM-IR - Occupational Accidents and Injuries Records","SDG indicator 8.8.1 - Fatal occupational injuries per 100'000 workers","Sex: Total","Migrant status: Total","2017",5.19,,"Coverage of occupational injuries: Compensated injuries | Type of cases of occupational injuries: Cases of occupational injury","Data reference period: End of the year | Reference group coverage: Insured persons"
"Republic of Korea","ADM-IR - Occupational Accidents and Injuries Records","SDG indicator 8.8.1 - Fatal occupational injuries per 100'000 workers","Sex: Total","Migrant status: Total","2016",5.26,,"Coverage of occupational injuries: Compensated injuries | Type of cases of occupational injuries: Cases of occupational injury","Data reference period: End of the year | Reference group coverage: Insured persons"
"Republic of Korea","ADM-IR - Occupational Accidents and Injuries Records","SDG indicator 8.8.1 - Fatal occupational injuries per 100'000 workers","Sex: Total","Migrant status: Total","2015",5.31,,"Coverage of occupational injuries: Compensated injuries | Type of cases of occupational injuries: Cases of occupational injury","Data reference period: End of the year | Reference group coverage: Insured persons"
"Republic of Korea","ADM-IR - Occupational Accidents and Injuries Records","SDG indicator 8.8.1 - Fatal occupational injuries per 100'000 workers","Sex: Total","Migrant status: Total","2014",5.81,,"Coverage of occupational injuries: Compensated injuries | Type of cases of occupational injuries: Cases of occupational injury","Data reference period: End of the year | Reference group coverage: Insured persons"
"Republic of Korea","ADM-IR - Occupational Accidents and Injuries Records","SDG indicator 8.8.1 - Fatal occupational injuries per 100'000 workers","Sex: Total","Migrant status: Total","2013",7.06,,"Coverage of occupational injuries: Compensated injuries | Type of cases of occupational injuries: Cases of occupational injury","Data reference period: End of the year | Reference group coverage: Insured persons"
"Sri Lanka","ADM-LIR - Labour Inspectorate Records","SDG indicator 8.8.1 - Fatal occupational injuries per 100'000 workers","Sex: Total","Migrant status: Total","2023",0.61,,"Coverage of occupational injuries: Reported injuries | Type of cases of occupational injuries: Cases of occupational injury","Data reference period: End of the year | Reference group coverage: Employees"
"Sri Lanka","ADM-LIR - Labour Inspectorate Records","SDG indicator 8.8.1 - Fatal occupational injuries per 100'000 workers","Sex: Male","Migrant status: Total","2023",0.9,,"Coverage of occupational injuries: Reported injuries | Type of cases of occupational injuries: Cases of occupational injury","Data reference period: End of the year | Reference group coverage: Employees"
"Sri Lanka","ADM-LIR - Labour Inspectorate Records","SDG indicator 8.8.1 - Fatal occupational injuries per 100'000 workers","Sex: Female","Migrant status: Total","2023",0.05,,"Coverage of occupational injuries: Reported injuries | Type of cases of occupational injuries: Cases of occupational injury","Data reference period: End of the year | Reference group coverage: Employees"
"Sri Lanka","ADM-LIR - Labour Inspectorate Records","SDG indicator 8.8.1 - Fatal occupational injuries per 100'000 workers","Sex: Total","Migrant status: Total","2022",0.7,,"Coverage of occupational injuries: Reported injuries | Type of cases of occupational injuries: Cases of occupational injury","Data reference period: End of the year | Reference group coverage: Employees"
"Sri Lanka","ADM-LIR - Labour Inspectorate Records","SDG indicator 8.8.1 - Fatal occupational injuries per 100'000 workers","Sex: Male","Migrant status: Total","2022",0.94,,"Coverage of occupational injuries: Reported injuries | Type of cases of occupational injuries: Cases of occupational injury","Data reference period: End of the year | Reference group coverage: Employees"
"Sri Lanka","ADM-LIR - Labour Inspectorate Records","SDG indicator 8.8.1 - Fatal occupational injuries per 100'000 workers","Sex: Female","Migrant status: Total","2022",0.21,,"Coverage of occupational injuries: Reported injuries | Type of cases of occupational injuries: Cases of occupational injury","Data reference period: End of the year | Reference group coverage: Employees"
"Sri Lanka","ADM-LIR - Labour Inspectorate Records","SDG indicator 8.8.1 - Fatal occupational injuries per 100'000 workers","Sex: Total","Migrant status: Total","2021",0.76,,"Coverage of occupational injuries: Reported injuries | Type of cases of occupational injuries: Cases of occupational injury","Data reference period: End of the year | Reference group coverage: Employees"
"Sri Lanka","ADM-LIR - Labour Inspectorate Records","SDG indicator 8.8.1 - Fatal occupational injuries per 100'000 workers","Sex: Male","Migrant status: Total","2021",1.07,,"Coverage of occupational injuries: Reported injuries | Type of cases of occupational injuries: Cases of occupational injury","Data reference period: End of the year | Reference group coverage: Employees"
"Sri Lanka","ADM-LIR - Labour Inspectorate Records","SDG indicator 8.8.1 - Fatal occupational injuries per 100'000 workers","Sex: Female","Migrant status: Total","2021",0.15,,"Coverage of occupational injuries: Reported injuries | Type of cases of occupational injuries: Cases of occupational injury","Data reference period: End of the year | Reference group coverage: Employees"
"Sri Lanka","ADM-LIR - Labour Inspectorate Records","SDG indicator 8.8.1 - Fatal occupational injuries per 100'000 workers","Sex: Total","Migrant status: Total","2020",0.98,,"Coverage of occupational injuries: Reported injuries | Type of cases of occupational injuries: Cases of occupational injury","Data reference period: End of the year | Reference group coverage: Employees"
"Sri Lanka","ADM-LIR - Labour Inspectorate Records","SDG indicator 8.8.1 - Fatal occupational injuries per 100'000 workers","Sex: Male","Migrant status: Total","2020",1.15,,"Coverage of occupational injuries: Reported injuries | Type of cases of occupational injuries: Cases of occupational injury","Data reference period: End of the year | Reference group coverage: Employees"
"Sri Lanka","ADM-LIR - Labour Inspectorate Records","SDG indicator 8.8.1 - Fatal occupational injuries per 100'000 workers","Sex: Female","Migrant status: Total","2020",0.08,,"Coverage of occupational injuries: Reported injuries | Type of cases of occupational injuries: Cases of occupational injury","Data reference period: End of the year | Reference group coverage: Employees"
"Sri Lanka","ADM-LIR - Labour Inspectorate Records","SDG indicator 8.8.1 - Fatal occupational injuries per 100'000 workers","Sex: Total","Migrant status: Total","2019",0.98,,"Coverage of occupational injuries: Reported injuries | Type of cases of occupational injuries: Cases of occupational injury","Data reference period: End of the year | Reference group coverage: Employees"
"Sri Lanka","ADM-LIR - Labour Inspectorate Records","SDG indicator 8.8.1 - Fatal occupational injuries per 100'000 workers","Sex: Male","Migrant status: Total","2019",1.45,,"Coverage of occupational injuries: Reported injuries | Type of cases of occupational injuries: Cases of occupational injury","Data reference period: End of the year | Reference group coverage: Employees"
"Sri Lanka","ADM-LIR - Labour Inspectorate Records","SDG indicator 8.8.1 - Fatal occupational injuries per 100'000 workers","Sex: Female","Migrant status: Total","2019",0.07,,"Coverage of occupational injuries: Reported injuries | Type of cases of occupational injuries: Cases of occupational injury","Data reference period: End of the year | Reference group coverage: Employees"
"Sri Lanka","ADM-LIR - Labour Inspectorate Records","SDG indicator 8.8.1 - Fatal occupational injuries per 100'000 workers","Sex: Total","Migrant status: Total","2018",1.27,,"Coverage of occupational injuries: Reported injuries | Type of cases of occupational injuries: Cases of occupational injury","Data reference period: End of the year | Reference group coverage: Employees"
"Sri Lanka","ADM-LIR - Labour Inspectorate Records","SDG indicator 8.8.1 - Fatal occupational injuries per 100'000 workers","Sex: Male","Migrant status: Total","2018",1.72,,"Coverage of occupational injuries: Reported injuries | Type of cases of occupational injuries: Cases of occupational injury","Data reference period: End of the year | Reference group coverage: Employees"
"Sri Lanka","ADM-LIR - Labour Inspectorate Records","SDG indicator 8.8.1 - Fatal occupational injuries per 100'000 workers","Sex: Female","Migrant status: Total","2018",0.43,,"Coverage of occupational injuries: Reported injuries | Type of cases of occupational injuries: Cases of occupational injury","Data reference period: End of the year | Reference group coverage: Employees"
"Sri Lanka","ADM-LIR - Labour Inspectorate Records","SDG indicator 8.8.1 - Fatal occupational injuries per 100'000 workers","Sex: Total","Migrant status: Total","2017",0.83,,"Coverage of occupational injuries: Reported injuries | Type of cases of occupational injuries: Cases of occupational injury","Data reference period: End of the year | Reference group coverage: Employees"
"Sri Lanka","ADM-LIR - Labour Inspectorate Records","SDG indicator 8.8.1 - Fatal occupational injuries per 100'000 workers","Sex: Male","Migrant status: Total","2017",1.24,,"Coverage of occupational injuries: Reported injuries | Type of cases of occupational injuries: Cases of occupational injury","Data reference period: End of the year | Reference group coverage: Employees"
"Sri Lanka","ADM-LIR - Labour Inspectorate Records","SDG indicator 8.8.1 - Fatal occupational injuries per 100'000 workers","Sex: Female","Migrant status: Total","2017",0.1,,"Coverage of occupational injuries: Reported injuries | Type of cases of occupational injuries: Cases of occupational injury","Data reference period: End of the year | Reference group coverage: Employees"
"Sri Lanka","ADM-LIR - Labour Inspectorate Records","SDG indicator 8.8.1 - Fatal occupational injuries per 100'000 workers","Sex: Total","Migrant status: Total","2016",0.84,,"Coverage of occupational injuries: Reported injuries | Type of cases of occupational injuries: Cases of occupational injury","Data reference period: End of the year | Reference group coverage: Employees"
"Sri Lanka","ADM-LIR - Labour Inspectorate Records","SDG indicator 8.8.1 - Fatal occupational injuries per 100'000 workers","Sex: Male","Migrant status: Total","2016",1.25,,"Coverage of occupational injuries: Reported injuries | Type of cases of occupational injuries: Cases of occupational injury","Data reference period: End of the year | Reference group coverage: Employees"
"Sri Lanka","ADM-LIR - Labour Inspectorate Records","SDG indicator 8.8.1 - Fatal occupational injuries per 100'000 workers","Sex: Female","Migrant status: Total","2016",0.1,,"Coverage of occupational injuries: Reported injuries | Type of cases of occupational injuries: Cases of occupational injury","Data reference period: End of the year | Reference group coverage: Employees"
"Sri Lanka","ADM-LIR - Labour Inspectorate Records","SDG indicator 8.8.1 - Fatal occupational injuries per 100'000 workers","Sex: Total","Migrant status: Total","2015",0.97,,"Coverage of occupational injuries: Reported injuries | Type of cases of occupational injuries: Cases of occupational injury","Data reference period: End of the year | Reference group coverage: Employees"
"Sri Lanka","ADM-LIR - Labour Inspectorate Records","SDG indicator 8.8.1 - Fatal occupational injuries per 100'000 workers","Sex: Male","Migrant status: Total","2015",1.43,,"Coverage of occupational injuries: Reported injuries | Type of cases of occupational injuries: Cases of occupational injury","Data reference period: End of the year | Reference group coverage: Employees"
"Sri Lanka","ADM-LIR - Labour Inspectorate Records","SDG indicator 8.8.1 - Fatal occupational injuries per 100'000 workers","Sex: Female","Migrant status: Total","2015",0.11,,"Coverage of occupational injuries: Reported injuries | Type of cases of occupational injuries: Cases of occupational injury","Data reference period: End of the year | Reference group coverage: Employees"
"Sri Lanka","ADM-LIR - Labour Inspectorate Records","SDG indicator 8.8.1 - Fatal occupational injuries per 100'000 workers","Sex: Total","Migrant status: Total","2014",0.88,,"Coverage of occupational injuries: Reported injuries | Type of cases of occupational injuries: Cases of occupational injury","Data reference period: End of the year | Reference group coverage: Employees"
"Sri Lanka","ADM-LIR - Labour Inspectorate Records","SDG indicator 8.8.1 - Fatal occupational injuries per 100'000 workers","Sex: Male","Migrant status: Total","2014",1.28,,"Coverage of occupational injuries: Reported injuries | Type of cases of occupational injuries: Cases of occupational injury","Data reference period: End of the year | Reference group coverage: Employees"
"Sri Lanka","ADM-LIR - Labour Inspectorate Records","SDG indicator 8.8.1 - Fatal occupational injuries per 100'000 workers","Sex: Female","Migrant status: Total","2014",0.11,,"Coverage of occupational injuries: Reported injuries | Type of cases of occupational injuries: Cases of occupational injury","Data reference period: End of the year | Reference group coverage: Employees"
"Lithuania","ADM-LIR - Labour Inspectorate Records","SDG indicator 8.8.1 - Fatal occupational injuries per 100'000 workers","Sex: Total","Migrant status: Total","2023",2.8,,"Coverage of occupational injuries: Reported injuries | Type of cases of occupational injuries: Cases of occupational injury","Reference group coverage: Employees | Establishment size coverage: All establishments with at least 10 employees"
"Lithuania","ADM-LIR - Labour Inspectorate Records","SDG indicator 8.8.1 - Fatal occupational injuries per 100'000 workers","Sex: Male","Migrant status: Total","2023",4.8,,"Coverage of occupational injuries: Reported injuries | Type of cases of occupational injuries: Cases of occupational injury","Reference group coverage: Employees | Establishment size coverage: All establishments with at least 10 employees"
"Lithuania","ADM-LIR - Labour Inspectorate Records","SDG indicator 8.8.1 - Fatal occupational injuries per 100'000 workers","Sex: Female","Migrant status: Total","2023",0.7,,"Coverage of occupational injuries: Reported injuries | Type of cases of occupational injuries: Cases of occupational injury","Reference group coverage: Employees | Establishment size coverage: All establishments with at least 10 employees"
"Lithuania","ADM-LIR - Labour Inspectorate Records","SDG indicator 8.8.1 - Fatal occupational injuries per 100'000 workers","Sex: Total","Migrant status: Total","2022",2.38,,"Coverage of occupational injuries: Reported injuries","Repository: ILO calculations based on Eurostat data | Reference group coverage: Employees"
"Lithuania","ADM-LIR - Labour Inspectorate Records","SDG indicator 8.8.1 - Fatal occupational injuries per 100'000 workers","Sex: Total","Migrant status: Total","2021",3.75,,"Coverage of occupational injuries: Reported injuries","Repository: ILO calculations based on Eurostat data | Reference group coverage: Employees"
"Lithuania","ADM-LIR - Labour Inspectorate Records","SDG indicator 8.8.1 - Fatal occupational injuries per 100'000 workers","Sex: Total","Migrant status: Total","2020",3.17,,"Coverage of occupational injuries: Reported injuries","Repository: ILO calculations based on Eurostat data | Reference group coverage: Employees"
"Lithuania","ADM-LIR - Labour Inspectorate Records","SDG indicator 8.8.1 - Fatal occupational injuries per 100'000 workers","Sex: Total","Migrant status: Total","2019",3.04,,"Coverage of occupational injuries: Reported injuries","Repository: ILO calculations based on Eurostat data | Reference group coverage: Employees"
"Lithuania","ADM-LIR - Labour Inspectorate Records","SDG indicator 8.8.1 - Fatal occupational injuries per 100'000 workers","Sex: Total","Migrant status: Total","2018",3.05,,"Coverage of occupational injuries: Reported injuries","Repository: ILO calculations based on Eurostat data | Reference group coverage: Employees"
"Lithuania","ADM-LIR - Labour Inspectorate Records","SDG indicator 8.8.1 - Fatal occupational injuries per 100'000 workers","Sex: Total","Migrant status: Total","2017",2.77,,"Coverage of occupational injuries: Reported injuries","Repository: ILO calculations based on Eurostat data | Reference group coverage: Employees"
"Lithuania","ADM-LIR - Labour Inspectorate Records","SDG indicator 8.8.1 - Fatal occupational injuries per 100'000 workers","Sex: Total","Migrant status: Total","2016",3.69,,"Coverage of occupational injuries: Reported injuries","Repository: ILO calculations based on Eurostat data | Reference group coverage: Employees"
"Lithuania","ADM-LIR - Labour Inspectorate Records","SDG indicator 8.8.1 - Fatal occupational injuries per 100'000 workers","Sex: Total","Migrant status: Total","2015",4.14,,"Coverage of occupational injuries: Reported injuries","Repository: ILO calculations based on Eurostat data | Reference group coverage: Employees"
"Lithuania","ADM-LIR - Labour Inspectorate Records","SDG indicator 8.8.1 - Fatal occupational injuries per 100'000 workers","Sex: Male","Migrant status: Total","2015",8.07,,"Coverage of occupational injuries: Reported injuries","Repository: ILO calculations based on Eurostat data | Reference group coverage: Employees"
"Lithuania","ADM-LIR - Labour Inspectorate Records","SDG indicator 8.8.1 - Fatal occupational injuries per 100'000 workers","Sex: Female","Migrant status: Total","2015",0.37,,"Coverage of occupational injuries: Reported injuries","Repository: ILO calculations based on Eurostat data | Reference group coverage: Employees"
"Lithuania","ADM-LIR - Labour Inspectorate Records","SDG indicator 8.8.1 - Fatal occupational injuries per 100'000 workers","Sex: Total","Migrant status: Total","2014",5.26,,"Coverage of occupational injuries: Reported injuries","Repository: ILO calculations based on Eurostat data | Reference group coverage: Employees"
"Lithuania","ADM-LIR - Labour Inspectorate Records","SDG indicator 8.8.1 - Fatal occupational injuries per 100'000 workers","Sex: Male","Migrant status: Total","2014",10.36,,"Coverage of occupational injuries: Reported injuries","Repository: ILO calculations based on Eurostat data | Reference group coverage: Employees"
"Lithuania","ADM-LIR - Labour Inspectorate Records","SDG indicator 8.8.1 - Fatal occupational injuries per 100'000 workers","Sex: Female","Migrant status: Total","2014",0.37,,"Coverage of occupational injuries: Reported injuries","Repository: ILO calculations based on Eurostat data | Reference group coverage: Employees"
"Lithuania","ADM-LIR - Labour Inspectorate Records","SDG indicator 8.8.1 - Fatal occupational injuries per 100'000 workers","Sex: Total","Migrant status: Total","2013",5.83,,"Coverage of occupational injuries: Reported injuries","Repository: ILO calculations based on Eurostat data | Reference group coverage: Employees"
"Lithuania","ADM-LIR - Labour Inspectorate Records","SDG indicator 8.8.1 - Fatal occupational injuries per 100'000 workers","Sex: Male","Migrant status: Total","2013",11.57,,"Coverage of occupational injuries: Reported injuries","Repository: ILO calculations based on Eurostat data | Reference group coverage: Employees"
"Lithuania","ADM-LIR - Labour Inspectorate Records","SDG indicator 8.8.1 - Fatal occupational injuries per 100'000 workers","Sex: Female","Migrant status: Total","2013",0.38,,"Coverage of occupational injuries: Reported injuries","Repository: ILO calculations based on Eurostat data | Reference group coverage: Employees"
"Luxembourg","ADM-IR - Register of the Accident Insurance Association","SDG indicator 8.8.1 - Fatal occupational injuries per 100'000 workers","Sex: Total","Migrant status: Total","2023",1.82,,"Coverage of occupational injuries: Reported injuries | Type of cases of occupational injuries: Cases of occupational injury","Data reference period: Noncalendar year | Institutional sector coverage: Excluding certain categories of public workers"
"Luxembourg","ADM-IR - Register of the Accident Insurance Association","SDG indicator 8.8.1 - Fatal occupational injuries per 100'000 workers","Sex: Total","Migrant status: Migrants","2023",0.945,,"Coverage of occupational injuries: Reported injuries | Type of cases of occupational injuries: Cases of occupational injury","Data reference period: Noncalendar year | Institutional sector coverage: Excluding certain categories of public workers"
"Luxembourg","ADM-IR - Register of the Accident Insurance Association","SDG indicator 8.8.1 - Fatal occupational injuries per 100'000 workers","Sex: Total","Migrant status: Non migrants","2023",2.476,,"Coverage of occupational injuries: Reported injuries | Type of cases of occupational injuries: Cases of occupational injury","Data reference period: Noncalendar year | Institutional sector coverage: Excluding certain categories of public workers"
"Luxembourg","ADM-IR - Register of the Accident Insurance Association","SDG indicator 8.8.1 - Fatal occupational injuries per 100'000 workers","Sex: Male","Migrant status: Total","2023",2.939,,"Coverage of occupational injuries: Reported injuries | Type of cases of occupational injuries: Cases of occupational injury","Data reference period: Noncalendar year | Institutional sector coverage: Excluding certain categories of public workers"
"Luxembourg","ADM-IR - Register of the Accident Insurance Association","SDG indicator 8.8.1 - Fatal occupational injuries per 100'000 workers","Sex: Male","Migrant status: Migrants","2023",1.593,,"Coverage of occupational injuries: Reported injuries | Type of cases of occupational injuries: Cases of occupational injury","Data reference period: Noncalendar year | Institutional sector coverage: Excluding certain categories of public workers"
"Luxembourg","ADM-IR - Register of the Accident Insurance Association","SDG indicator 8.8.1 - Fatal occupational injuries per 100'000 workers","Sex: Male","Migrant status: Non migrants","2023",3.873,,"Coverage of occupational injuries: Reported injuries | Type of cases of occupational injuries: Cases of occupational injury","Data reference period: Noncalendar year | Institutional sector coverage: Excluding certain categories of public workers"
"Luxembourg","ADM-IR - Register of the Accident Insurance Association","SDG indicator 8.8.1 - Fatal occupational injuries per 100'000 workers","Sex: Female","Migrant status: Total","2023",0,,"Coverage of occupational injuries: Reported injuries | Type of cases of occupational injuries: Cases of occupational injury","Data reference period: Noncalendar year | Institutional sector coverage: Excluding certain categories of public workers"
"Luxembourg","ADM-IR - Register of the Accident Insurance Association","SDG indicator 8.8.1 - Fatal occupational injuries per 100'000 workers","Sex: Female","Migrant status: Migrants","2023",0,,"Coverage of occupational injuries: Reported injuries | Type of cases of occupational injuries: Cases of occupational injury","Data reference period: Noncalendar year | Institutional sector coverage: Excluding certain categories of public workers"
"Luxembourg","ADM-IR - Register of the Accident Insurance Association","SDG indicator 8.8.1 - Fatal occupational injuries per 100'000 workers","Sex: Female","Migrant status: Non migrants","2023",0,,"Coverage of occupational injuries: Reported injuries | Type of cases of occupational injuries: Cases of occupational injury","Data reference period: Noncalendar year | Institutional sector coverage: Excluding certain categories of public workers"
"Luxembourg","ADM-IR - Register of the Accident Insurance Association","SDG indicator 8.8.1 - Fatal occupational injuries per 100'000 workers","Sex: Total","Migrant status: Total","2022",1.846,,"Coverage of occupational injuries: Reported injuries | Type of cases of occupational injuries: Cases of occupational injury","Data reference period: Noncalendar year | Institutional sector coverage: Excluding certain categories of public workers"
"Luxembourg","ADM-IR - Register of the Accident Insurance Association","SDG indicator 8.8.1 - Fatal occupational injuries per 100'000 workers","Sex: Total","Migrant status: Migrants","2022",2.439,,"Coverage of occupational injuries: Reported injuries | Type of cases of occupational injuries: Cases of occupational injury","Data reference period: Noncalendar year | Institutional sector coverage: Excluding certain categories of public workers"
"Luxembourg","ADM-IR - Register of the Accident Insurance Association","SDG indicator 8.8.1 - Fatal occupational injuries per 100'000 workers","Sex: Total","Migrant status: Non migrants","2022",1.416,,"Coverage of occupational injuries: Reported injuries | Type of cases of occupational injuries: Cases of occupational injury","Data reference period: Noncalendar year | Institutional sector coverage: Excluding certain categories of public workers"
"Luxembourg","ADM-IR - Register of the Accident Insurance Association","SDG indicator 8.8.1 - Fatal occupational injuries per 100'000 workers","Sex: Male","Migrant status: Total","2022",2.96,,"Coverage of occupational injuries: Reported injuries | Type of cases of occupational injuries: Cases of occupational injury","Data reference period: Noncalendar year | Institutional sector coverage: Excluding certain categories of public workers"
"Luxembourg","ADM-IR - Register of the Accident Insurance Association","SDG indicator 8.8.1 - Fatal occupational injuries per 100'000 workers","Sex: Male","Migrant status: Migrants","2022",4.071,,"Coverage of occupational injuries: Reported injuries | Type of cases of occupational injuries: Cases of occupational injury","Data reference period: Noncalendar year | Institutional sector coverage: Excluding certain categories of public workers"
"Luxembourg","ADM-IR - Register of the Accident Insurance Association","SDG indicator 8.8.1 - Fatal occupational injuries per 100'000 workers","Sex: Male","Migrant status: Non migrants","2022",2.207,,"Coverage of occupational injuries: Reported injuries | Type of cases of occupational injuries: Cases of occupational injury","Data reference period: Noncalendar year | Institutional sector coverage: Excluding certain categories of public workers"
"Luxembourg","ADM-IR - Register of the Accident Insurance Association","SDG indicator 8.8.1 - Fatal occupational injuries per 100'000 workers","Sex: Female","Migrant status: Total","2022",0,,"Coverage of occupational injuries: Reported injuries | Type of cases of occupational injuries: Cases of occupational injury","Data reference period: Noncalendar year | Institutional sector coverage: Excluding certain categories of public workers"
"Luxembourg","ADM-IR - Register of the Accident Insurance Association","SDG indicator 8.8.1 - Fatal occupational injuries per 100'000 workers","Sex: Female","Migrant status: Migrants","2022",0,,"Coverage of occupational injuries: Reported injuries | Type of cases of occupational injuries: Cases of occupational injury","Data reference period: Noncalendar year | Institutional sector coverage: Excluding certain categories of public workers"
"Luxembourg","ADM-IR - Register of the Accident Insurance Association","SDG indicator 8.8.1 - Fatal occupational injuries per 100'000 workers","Sex: Female","Migrant status: Non migrants","2022",0,,"Coverage of occupational injuries: Reported injuries | Type of cases of occupational injuries: Cases of occupational injury","Data reference period: Noncalendar year | Institutional sector coverage: Excluding certain categories of public workers"
"Luxembourg","ADM-IR - Register of the Accident Insurance Association","SDG indicator 8.8.1 - Fatal occupational injuries per 100'000 workers","Sex: Total","Migrant status: Total","2021",1.492,,"Coverage of occupational injuries: Reported injuries | Type of cases of occupational injuries: Cases of occupational injury","Data reference period: Noncalendar year | Institutional sector coverage: Excluding certain categories of public workers"
"Luxembourg","ADM-IR - Register of the Accident Insurance Association","SDG indicator 8.8.1 - Fatal occupational injuries per 100'000 workers","Sex: Total","Migrant status: Migrants","2021",2.076,,"Coverage of occupational injuries: Reported injuries | Type of cases of occupational injuries: Cases of occupational injury","Data reference period: Noncalendar year | Institutional sector coverage: Excluding certain categories of public workers"
"Luxembourg","ADM-IR - Register of the Accident Insurance Association","SDG indicator 8.8.1 - Fatal occupational injuries per 100'000 workers","Sex: Total","Migrant status: Non migrants","2021",1.085,,"Coverage of occupational injuries: Reported injuries | Type of cases of occupational injuries: Cases of occupational injury","Data reference period: Noncalendar year | Institutional sector coverage: Excluding certain categories of public workers"
"Luxembourg","ADM-IR - Register of the Accident Insurance Association","SDG indicator 8.8.1 - Fatal occupational injuries per 100'000 workers","Sex: Male","Migrant status: Total","2021",2.036,,"Coverage of occupational injuries: Reported injuries | Type of cases of occupational injuries: Cases of occupational injury","Data reference period: Noncalendar year | Institutional sector coverage: Excluding certain categories of public workers"
"Luxembourg","ADM-IR - Register of the Accident Insurance Association","SDG indicator 8.8.1 - Fatal occupational injuries per 100'000 workers","Sex: Male","Migrant status: Migrants","2021",3.428,,"Coverage of occupational injuries: Reported injuries | Type of cases of occupational injuries: Cases of occupational injury","Data reference period: Noncalendar year | Institutional sector coverage: Excluding certain categories of public workers"
"Luxembourg","ADM-IR - Register of the Accident Insurance Association","SDG indicator 8.8.1 - Fatal occupational injuries per 100'000 workers","Sex: Male","Migrant status: Non migrants","2021",1.123,,"Coverage of occupational injuries: Reported injuries | Type of cases of occupational injuries: Cases of occupational injury","Data reference period: Noncalendar year | Institutional sector coverage: Excluding certain categories of public workers"
"Luxembourg","ADM-IR - Register of the Accident Insurance Association","SDG indicator 8.8.1 - Fatal occupational injuries per 100'000 workers","Sex: Female","Migrant status: Total","2021",0.573,,"Coverage of occupational injuries: Reported injuries | Type of cases of occupational injuries: Cases of occupational injury","Data reference period: Noncalendar year | Institutional sector coverage: Excluding certain categories of public workers"
"Luxembourg","ADM-IR - Register of the Accident Insurance Association","SDG indicator 8.8.1 - Fatal occupational injuries per 100'000 workers","Sex: Female","Migrant status: Migrants","2021",0,,"Coverage of occupational injuries: Reported injuries | Type of cases of occupational injuries: Cases of occupational injury","Data reference period: Noncalendar year | Institutional sector coverage: Excluding certain categories of public workers"
"Luxembourg","ADM-IR - Register of the Accident Insurance Association","SDG indicator 8.8.1 - Fatal occupational injuries per 100'000 workers","Sex: Female","Migrant status: Non migrants","2021",1.016,,"Coverage of occupational injuries: Reported injuries | Type of cases of occupational injuries: Cases of occupational injury","Data reference period: Noncalendar year | Institutional sector coverage: Excluding certain categories of public workers"
"Luxembourg","ADM-IR - Register of the Accident Insurance Association","SDG indicator 8.8.1 - Fatal occupational injuries per 100'000 workers","Sex: Total","Migrant status: Total","2020",1.54,,"Coverage of occupational injuries: Reported injuries","Repository: ILO calculations based on Eurostat data | Institutional sector coverage: Excluding certain categories of public workers"
"Luxembourg","ADM-IR - Register of the Accident Insurance Association","SDG indicator 8.8.1 - Fatal occupational injuries per 100'000 workers","Sex: Total","Migrant status: Migrants","2020",3.28,,"Coverage of occupational injuries: Reported injuries","Repository: ILO calculations based on Eurostat data | Institutional sector coverage: Excluding certain categories of public workers"
"Luxembourg","ADM-IR - Register of the Accident Insurance Association","SDG indicator 8.8.1 - Fatal occupational injuries per 100'000 workers","Sex: Total","Migrant status: Non migrants","2020",0.37,,"Coverage of occupational injuries: Reported injuries","Repository: ILO calculations based on Eurostat data | Institutional sector coverage: Excluding certain categories of public workers"
"Luxembourg","ADM-IR - Register of the Accident Insurance Association","SDG indicator 8.8.1 - Fatal occupational injuries per 100'000 workers","Sex: Male","Migrant status: Total","2020",2.46,,"Coverage of occupational injuries: Reported injuries","Repository: ILO calculations based on Eurostat data | Institutional sector coverage: Excluding certain categories of public workers"
"Luxembourg","ADM-IR - Register of the Accident Insurance Association","SDG indicator 8.8.1 - Fatal occupational injuries per 100'000 workers","Sex: Male","Migrant status: Migrants","2020",5.42,,"Coverage of occupational injuries: Reported injuries","Repository: ILO calculations based on Eurostat data | Institutional sector coverage: Excluding certain categories of public workers"
"Luxembourg","ADM-IR - Register of the Accident Insurance Association","SDG indicator 8.8.1 - Fatal occupational injuries per 100'000 workers","Sex: Male","Migrant status: Non migrants","2020",0.57,,"Coverage of occupational injuries: Reported injuries","Repository: ILO calculations based on Eurostat data | Institutional sector coverage: Excluding certain categories of public workers"
"Luxembourg","ADM-IR - Register of the Accident Insurance Association","SDG indicator 8.8.1 - Fatal occupational injuries per 100'000 workers","Sex: Total","Migrant status: Total","2019",2.523,,"Coverage of occupational injuries: Reported injuries | Type of cases of occupational injuries: Cases of occupational injury","Data reference period: Noncalendar year | Institutional sector coverage: Excluding certain categories of public workers"
"Luxembourg","ADM-IR - Register of the Accident Insurance Association","SDG indicator 8.8.1 - Fatal occupational injuries per 100'000 workers","Sex: Total","Migrant status: Migrants","2019",2.885,,"Coverage of occupational injuries: Reported injuries | Type of cases of occupational injuries: Cases of occupational injury","Data reference period: Noncalendar year | Institutional sector coverage: Excluding certain categories of public workers"
"Luxembourg","ADM-IR - Register of the Accident Insurance Association","SDG indicator 8.8.1 - Fatal occupational injuries per 100'000 workers","Sex: Total","Migrant status: Non migrants","2019",2.284,,"Coverage of occupational injuries: Reported injuries | Type of cases of occupational injuries: Cases of occupational injury","Data reference period: Noncalendar year | Institutional sector coverage: Excluding certain categories of public workers"
"Luxembourg","ADM-IR - Register of the Accident Insurance Association","SDG indicator 8.8.1 - Fatal occupational injuries per 100'000 workers","Sex: Male","Migrant status: Total","2019",3.995,,"Coverage of occupational injuries: Reported injuries | Type of cases of occupational injuries: Cases of occupational injury","Data reference period: Noncalendar year | Institutional sector coverage: Excluding certain categories of public workers"
"Luxembourg","ADM-IR - Register of the Accident Insurance Association","SDG indicator 8.8.1 - Fatal occupational injuries per 100'000 workers","Sex: Male","Migrant status: Migrants","2019",4.752,,"Coverage of occupational injuries: Reported injuries | Type of cases of occupational injuries: Cases of occupational injury","Data reference period: Noncalendar year | Institutional sector coverage: Excluding certain categories of public workers"
"Luxembourg","ADM-IR - Register of the Accident Insurance Association","SDG indicator 8.8.1 - Fatal occupational injuries per 100'000 workers","Sex: Male","Migrant status: Non migrants","2019",3.527,,"Coverage of occupational injuries: Reported injuries | Type of cases of occupational injuries: Cases of occupational injury","Data reference period: Noncalendar year | Institutional sector coverage: Excluding certain categories of public workers"
"Luxembourg","ADM-IR - Register of the Accident Insurance Association","SDG indicator 8.8.1 - Fatal occupational injuries per 100'000 workers","Sex: Female","Migrant status: Total","2019",0,,"Coverage of occupational injuries: Reported injuries | Type of cases of occupational injuries: Cases of occupational injury","Data reference period: Noncalendar year | Institutional sector coverage: Excluding certain categories of public workers"
"Luxembourg","ADM-IR - Register of the Accident Insurance Association","SDG indicator 8.8.1 - Fatal occupational injuries per 100'000 workers","Sex: Female","Migrant status: Migrants","2019",0,,"Coverage of occupational injuries: Reported injuries | Type of cases of occupational injuries: Cases of occupational injury","Data reference period: Noncalendar year | Institutional sector coverage: Excluding certain categories of public workers"
"Luxembourg","ADM-IR - Register of the Accident Insurance Association","SDG indicator 8.8.1 - Fatal occupational injuries per 100'000 workers","Sex: Female","Migrant status: Non migrants","2019",0,,"Coverage of occupational injuries: Reported injuries | Type of cases of occupational injuries: Cases of occupational injury","Data reference period: Noncalendar year | Institutional sector coverage: Excluding certain categories of public workers"
"Luxembourg","ADM-IR - Register of the Accident Insurance Association","SDG indicator 8.8.1 - Fatal occupational injuries per 100'000 workers","Sex: Total","Migrant status: Total","2018",4.013,,"Coverage of occupational injuries: Reported injuries | Type of cases of occupational injuries: Cases of occupational injury","Data reference period: Noncalendar year | Institutional sector coverage: Excluding certain categories of public workers"
"Luxembourg","ADM-IR - Register of the Accident Insurance Association","SDG indicator 8.8.1 - Fatal occupational injuries per 100'000 workers","Sex: Total","Migrant status: Migrants","2018",4.238,,"Coverage of occupational injuries: Reported injuries | Type of cases of occupational injuries: Cases of occupational injury","Data reference period: Noncalendar year | Institutional sector coverage: Excluding certain categories of public workers"
"Luxembourg","ADM-IR - Register of the Accident Insurance Association","SDG indicator 8.8.1 - Fatal occupational injuries per 100'000 workers","Sex: Total","Migrant status: Non migrants","2018",3.869,,"Coverage of occupational injuries: Reported injuries | Type of cases of occupational injuries: Cases of occupational injury","Data reference period: Noncalendar year | Institutional sector coverage: Excluding certain categories of public workers"
"Luxembourg","ADM-IR - Register of the Accident Insurance Association","SDG indicator 8.8.1 - Fatal occupational injuries per 100'000 workers","Sex: Male","Migrant status: Total","2018",6.333,,"Coverage of occupational injuries: Reported injuries | Type of cases of occupational injuries: Cases of occupational injury","Data reference period: Noncalendar year | Institutional sector coverage: Excluding certain categories of public workers"
"Luxembourg","ADM-IR - Register of the Accident Insurance Association","SDG indicator 8.8.1 - Fatal occupational injuries per 100'000 workers","Sex: Male","Migrant status: Migrants","2018",6.949,,"Coverage of occupational injuries: Reported injuries | Type of cases of occupational injuries: Cases of occupational injury","Data reference period: Noncalendar year | Institutional sector coverage: Excluding certain categories of public workers"
"Luxembourg","ADM-IR - Register of the Accident Insurance Association","SDG indicator 8.8.1 - Fatal occupational injuries per 100'000 workers","Sex: Male","Migrant status: Non migrants","2018",5.963,,"Coverage of occupational injuries: Reported injuries | Type of cases of occupational injuries: Cases of occupational injury","Data reference period: Noncalendar year | Institutional sector coverage: Excluding certain categories of public workers"
"Luxembourg","ADM-IR - Register of the Accident Insurance Association","SDG indicator 8.8.1 - Fatal occupational injuries per 100'000 workers","Sex: Female","Migrant status: Total","2018",0,,"Coverage of occupational injuries: Reported injuries | Type of cases of occupational injuries: Cases of occupational injury","Data reference period: Noncalendar year | Institutional sector coverage: Excluding certain categories of public workers"
"Luxembourg","ADM-IR - Register of the Accident Insurance Association","SDG indicator 8.8.1 - Fatal occupational injuries per 100'000 workers","Sex: Female","Migrant status: Migrants","2018",0,,"Coverage of occupational injuries: Reported injuries | Type of cases of occupational injuries: Cases of occupational injury","Data reference period: Noncalendar year | Institutional sector coverage: Excluding certain categories of public workers"
"Luxembourg","ADM-IR - Register of the Accident Insurance Association","SDG indicator 8.8.1 - Fatal occupational injuries per 100'000 workers","Sex: Female","Migrant status: Non migrants","2018",0,,"Coverage of occupational injuries: Reported injuries | Type of cases of occupational injuries: Cases of occupational injury","Data reference period: Noncalendar year | Institutional sector coverage: Excluding certain categories of public workers"
"Luxembourg","ADM-IR - Register of the Accident Insurance Association","SDG indicator 8.8.1 - Fatal occupational injuries per 100'000 workers","Sex: Total","Migrant status: Total","2017",2.74,,"Coverage of occupational injuries: Reported injuries","Repository: ILO calculations based on Eurostat data | Institutional sector coverage: Excluding certain categories of public workers"
"Luxembourg","ADM-IR - Register of the Accident Insurance Association","SDG indicator 8.8.1 - Fatal occupational injuries per 100'000 workers","Sex: Total","Migrant status: Total","2016",6.32,,"Coverage of occupational injuries: Reported injuries","Repository: ILO calculations based on Eurostat data | Institutional sector coverage: Excluding certain categories of public workers"
"Luxembourg","ADM-IR - Register of the Accident Insurance Association","SDG indicator 8.8.1 - Fatal occupational injuries per 100'000 workers","Sex: Total","Migrant status: Total","2015",3.3,,"Coverage of occupational injuries: Reported injuries","Repository: ILO calculations based on Eurostat data | Institutional sector coverage: Excluding certain categories of public workers"
"Luxembourg","ADM-IR - Register of the Accident Insurance Association","SDG indicator 8.8.1 - Fatal occupational injuries per 100'000 workers","Sex: Total","Migrant status: Total","2014",2.55,,"Coverage of occupational injuries: Reported injuries","Repository: ILO calculations based on Eurostat data | Institutional sector coverage: Excluding certain categories of public workers"
"Luxembourg","ADM-IR - Register of the Accident Insurance Association","SDG indicator 8.8.1 - Fatal occupational injuries per 100'000 workers","Sex: Total","Migrant status: Total","2013",1.6,,"Coverage of occupational injuries: Reported injuries","Repository: ILO calculations based on Eurostat data | Institutional sector coverage: Excluding certain categories of public workers"
"Latvia","ADM-LIR - State Labour Inspection Records","SDG indicator 8.8.1 - Fatal occupational injuries per 100'000 workers","Sex: Total","Migrant status: Total","2023",3.53,,"Coverage of occupational injuries: Reported injuries | Type of cases of occupational injuries: Cases of occupational injury","Data reference period: End of the year | Reference group coverage: Employees"
"Latvia","ADM-LIR - State Labour Inspection Records","SDG indicator 8.8.1 - Fatal occupational injuries per 100'000 workers","Sex: Male","Migrant status: Total","2023",7.35,,"Coverage of occupational injuries: Reported injuries | Type of cases of occupational injuries: Cases of occupational injury","Data reference period: End of the year | Reference group coverage: Employees"
"Latvia","ADM-LIR - State Labour Inspection Records","SDG indicator 8.8.1 - Fatal occupational injuries per 100'000 workers","Sex: Female","Migrant status: Total","2023",0,,"Coverage of occupational injuries: Reported injuries | Type of cases of occupational injuries: Cases of occupational injury","Data reference period: End of the year | Reference group coverage: Employees"
"Latvia","ADM-LIR - State Labour Inspection Records","SDG indicator 8.8.1 - Fatal occupational injuries per 100'000 workers","Sex: Total","Migrant status: Total","2022",2.98,,"Coverage of occupational injuries: Reported injuries","Repository: ILO calculations based on Eurostat data | Reference group coverage: Employees"
"Latvia","ADM-LIR - State Labour Inspection Records","SDG indicator 8.8.1 - Fatal occupational injuries per 100'000 workers","Sex: Total","Migrant status: Total","2021",5.051,,"Coverage of occupational injuries: Reported injuries | Type of cases of occupational injuries: Cases of occupational injury","Data reference period: End of the year | Reference group coverage: Employees"
"Latvia","ADM-LIR - State Labour Inspection Records","SDG indicator 8.8.1 - Fatal occupational injuries per 100'000 workers","Sex: Male","Migrant status: Total","2021",9.586,,"Coverage of occupational injuries: Reported injuries | Type of cases of occupational injuries: Cases of occupational injury","Data reference period: End of the year | Reference group coverage: Employees"
"Latvia","ADM-LIR - State Labour Inspection Records","SDG indicator 8.8.1 - Fatal occupational injuries per 100'000 workers","Sex: Female","Migrant status: Total","2021",0.775,,"Coverage of occupational injuries: Reported injuries | Type of cases of occupational injuries: Cases of occupational injury","Data reference period: End of the year | Reference group coverage: Employees"
"Latvia","ADM-LIR - State Labour Inspection Records","SDG indicator 8.8.1 - Fatal occupational injuries per 100'000 workers","Sex: Total","Migrant status: Total","2020",2.47,,"Coverage of occupational injuries: Reported injuries","Repository: ILO calculations based on Eurostat data | Reference group coverage: Employees"
"Latvia","ADM-LIR - State Labour Inspection Records","SDG indicator 8.8.1 - Fatal occupational injuries per 100'000 workers","Sex: Total","Migrant status: Total","2019",3.08,,"Coverage of occupational injuries: Reported injuries","Repository: ILO calculations based on Eurostat data | Reference group coverage: Employees"
"Latvia","ADM-LIR - State Labour Inspection Records","SDG indicator 8.8.1 - Fatal occupational injuries per 100'000 workers","Sex: Total","Migrant status: Total","2018",3.27,,"Coverage of occupational injuries: Reported injuries","Repository: ILO calculations based on Eurostat data | Reference group coverage: Employees"
"Latvia","ADM-LIR - State Labour Inspection Records","SDG indicator 8.8.1 - Fatal occupational injuries per 100'000 workers","Sex: Total","Migrant status: Total","2017",2.29,,"Coverage of occupational injuries: Reported injuries","Repository: ILO calculations based on Eurostat data | Reference group coverage: Employees"
"Latvia","ADM-LIR - State Labour Inspection Records","SDG indicator 8.8.1 - Fatal occupational injuries per 100'000 workers","Sex: Total","Migrant status: Total","2016",4.22,,"Coverage of occupational injuries: Reported injuries","Repository: ILO calculations based on Eurostat data | Reference group coverage: Employees"
"Latvia","ADM-LIR - State Labour Inspection Records","SDG indicator 8.8.1 - Fatal occupational injuries per 100'000 workers","Sex: Total","Migrant status: Total","2015",3.32,,"Coverage of occupational injuries: Reported injuries","Repository: ILO calculations based on Eurostat data | Reference group coverage: Employees"
"Latvia","ADM-LIR - State Labour Inspection Records","SDG indicator 8.8.1 - Fatal occupational injuries per 100'000 workers","Sex: Total","Migrant status: Total","2014",4.5,,"Coverage of occupational injuries: Reported injuries","Repository: ILO calculations based on Eurostat data | Reference group coverage: Employees"
"Latvia","ADM-LIR - State Labour Inspection Records","SDG indicator 8.8.1 - Fatal occupational injuries per 100'000 workers","Sex: Total","Migrant status: Total","2013",3.59,,"Coverage of occupational injuries: Reported injuries","Repository: ILO calculations based on Eurostat data | Reference group coverage: Employees"
"Macao, China","ADM-LIR - Labour Affairs Bureau","SDG indicator 8.8.1 - Fatal occupational injuries per 100'000 workers","Sex: Total","Migrant status: Total","2016",6.93,,"Coverage of occupational injuries: Reported injuries | Type of cases of occupational injuries: Including cases of injury due to commuting accidents","Data reference period: End of the year | Geographical coverage: Total national, excluding some areas"
"Macao, China","ADM-LIR - Labour Affairs Bureau","SDG indicator 8.8.1 - Fatal occupational injuries per 100'000 workers","Sex: Total","Migrant status: Migrants","2016",5.07,,"Coverage of occupational injuries: Reported injuries | Type of cases of occupational injuries: Including cases of injury due to commuting accidents","Data reference period: End of the year | Geographical coverage: Total national, excluding some areas"
"Macao, China","ADM-LIR - Labour Affairs Bureau","SDG indicator 8.8.1 - Fatal occupational injuries per 100'000 workers","Sex: Total","Migrant status: Non migrants","2016",6.5,,"Coverage of occupational injuries: Reported injuries | Type of cases of occupational injuries: Including cases of injury due to commuting accidents","Data reference period: End of the year | Geographical coverage: Total national, excluding some areas"
"Macao, China","ADM-LIR - Labour Affairs Bureau","SDG indicator 8.8.1 - Fatal occupational injuries per 100'000 workers","Sex: Male","Migrant status: Total","2016",11.93,,"Coverage of occupational injuries: Reported injuries | Type of cases of occupational injuries: Including cases of injury due to commuting accidents","Data reference period: End of the year | Geographical coverage: Total national, excluding some areas"
"Macao, China","ADM-LIR - Labour Affairs Bureau","SDG indicator 8.8.1 - Fatal occupational injuries per 100'000 workers","Sex: Male","Migrant status: Migrants","2016",7.9,,"Coverage of occupational injuries: Reported injuries | Type of cases of occupational injuries: Including cases of injury due to commuting accidents","Data reference period: End of the year | Geographical coverage: Total national, excluding some areas"
"Macao, China","ADM-LIR - Labour Affairs Bureau","SDG indicator 8.8.1 - Fatal occupational injuries per 100'000 workers","Sex: Male","Migrant status: Non migrants","2016",11.44,,"Coverage of occupational injuries: Reported injuries | Type of cases of occupational injuries: Including cases of injury due to commuting accidents","Data reference period: End of the year | Geographical coverage: Total national, excluding some areas"
"Macao, China","ADM-LIR - Labour Affairs Bureau","SDG indicator 8.8.1 - Fatal occupational injuries per 100'000 workers","Sex: Female","Migrant status: Total","2016",1.59,,"Coverage of occupational injuries: Reported injuries | Type of cases of occupational injuries: Including cases of injury due to commuting accidents","Data reference period: End of the year | Geographical coverage: Total national, excluding some areas"
"Macao, China","ADM-LIR - Labour Affairs Bureau","SDG indicator 8.8.1 - Fatal occupational injuries per 100'000 workers","Sex: Female","Migrant status: Migrants","2016",1.31,,"Coverage of occupational injuries: Reported injuries | Type of cases of occupational injuries: Including cases of injury due to commuting accidents","Data reference period: End of the year | Geographical coverage: Total national, excluding some areas"
"Macao, China","ADM-LIR - Labour Affairs Bureau","SDG indicator 8.8.1 - Fatal occupational injuries per 100'000 workers","Sex: Female","Migrant status: Non migrants","2016",1.46,,"Coverage of occupational injuries: Reported injuries | Type of cases of occupational injuries: Including cases of injury due to commuting accidents","Data reference period: End of the year | Geographical coverage: Total national, excluding some areas"
"Macao, China","ADM-LIR - Labour Affairs Bureau","SDG indicator 8.8.1 - Fatal occupational injuries per 100'000 workers","Sex: Total","Migrant status: Total","2015",5.04,,"Coverage of occupational injuries: Reported injuries | Type of cases of occupational injuries: Including cases of injury due to commuting accidents","Data reference period: End of the year | Geographical coverage: Total national, excluding some areas"
"Macao, China","ADM-LIR - Labour Affairs Bureau","SDG indicator 8.8.1 - Fatal occupational injuries per 100'000 workers","Sex: Total","Migrant status: Migrants","2015",5.51,,"Coverage of occupational injuries: Reported injuries | Type of cases of occupational injuries: Including cases of injury due to commuting accidents","Data reference period: End of the year | Geographical coverage: Total national, excluding some areas"
"Macao, China","ADM-LIR - Labour Affairs Bureau","SDG indicator 8.8.1 - Fatal occupational injuries per 100'000 workers","Sex: Total","Migrant status: Non migrants","2015",3.59,,"Coverage of occupational injuries: Reported injuries | Type of cases of occupational injuries: Including cases of injury due to commuting accidents","Data reference period: End of the year | Geographical coverage: Total national, excluding some areas"
"Macao, China","ADM-LIR - Labour Affairs Bureau","SDG indicator 8.8.1 - Fatal occupational injuries per 100'000 workers","Sex: Male","Migrant status: Total","2015",7.19,,"Coverage of occupational injuries: Reported injuries | Type of cases of occupational injuries: Including cases of injury due to commuting accidents","Data reference period: End of the year | Geographical coverage: Total national, excluding some areas"
"Macao, China","ADM-LIR - Labour Affairs Bureau","SDG indicator 8.8.1 - Fatal occupational injuries per 100'000 workers","Sex: Male","Migrant status: Migrants","2015",5.58,,"Coverage of occupational injuries: Reported injuries | Type of cases of occupational injuries: Including cases of injury due to commuting accidents","Data reference period: End of the year | Geographical coverage: Total national, excluding some areas"
"Macao, China","ADM-LIR - Labour Affairs Bureau","SDG indicator 8.8.1 - Fatal occupational injuries per 100'000 workers","Sex: Male","Migrant status: Non migrants","2015",6.46,,"Coverage of occupational injuries: Reported injuries | Type of cases of occupational injuries: Including cases of injury due to commuting accidents","Data reference period: End of the year | Geographical coverage: Total national, excluding some areas"
"Macao, China","ADM-LIR - Labour Affairs Bureau","SDG indicator 8.8.1 - Fatal occupational injuries per 100'000 workers","Sex: Female","Migrant status: Total","2015",2.66,,"Coverage of occupational injuries: Reported injuries | Type of cases of occupational injuries: Including cases of injury due to commuting accidents","Data reference period: End of the year | Geographical coverage: Total national, excluding some areas"
"Macao, China","ADM-LIR - Labour Affairs Bureau","SDG indicator 8.8.1 - Fatal occupational injuries per 100'000 workers","Sex: Female","Migrant status: Migrants","2015",5.39,,"Coverage of occupational injuries: Reported injuries | Type of cases of occupational injuries: Including cases of injury due to commuting accidents","Data reference period: End of the year | Geographical coverage: Total national, excluding some areas"
"Macao, China","ADM-LIR - Labour Affairs Bureau","SDG indicator 8.8.1 - Fatal occupational injuries per 100'000 workers","Sex: Female","Migrant status: Non migrants","2015",0.72,,"Coverage of occupational injuries: Reported injuries | Type of cases of occupational injuries: Including cases of injury due to commuting accidents","Data reference period: End of the year | Geographical coverage: Total national, excluding some areas"
"Macao, China","ADM-LIR - Labour Affairs Bureau","SDG indicator 8.8.1 - Fatal occupational injuries per 100'000 workers","Sex: Total","Migrant status: Total","2014",3.09,,"Coverage of occupational injuries: Reported injuries | Type of cases of occupational injuries: Including cases of injury due to commuting accidents","Data reference period: End of the year | Geographical coverage: Total national, excluding some areas"
"Macao, China","ADM-LIR - Labour Affairs Bureau","SDG indicator 8.8.1 - Fatal occupational injuries per 100'000 workers","Sex: Total","Migrant status: Migrants","2014",4.7,,"Coverage of occupational injuries: Reported injuries | Type of cases of occupational injuries: Including cases of injury due to commuting accidents","Data reference period: End of the year | Geographical coverage: Total national, excluding some areas"
"Macao, China","ADM-LIR - Labour Affairs Bureau","SDG indicator 8.8.1 - Fatal occupational injuries per 100'000 workers","Sex: Total","Migrant status: Non migrants","2014",1.45,,"Coverage of occupational injuries: Reported injuries | Type of cases of occupational injuries: Including cases of injury due to commuting accidents","Data reference period: End of the year | Geographical coverage: Total national, excluding some areas"
"Macao, China","ADM-LIR - Labour Affairs Bureau","SDG indicator 8.8.1 - Fatal occupational injuries per 100'000 workers","Sex: Male","Migrant status: Total","2014",5.41,,"Coverage of occupational injuries: Reported injuries | Type of cases of occupational injuries: Including cases of injury due to commuting accidents","Data reference period: End of the year | Geographical coverage: Total national, excluding some areas"
"Macao, China","ADM-LIR - Labour Affairs Bureau","SDG indicator 8.8.1 - Fatal occupational injuries per 100'000 workers","Sex: Male","Migrant status: Migrants","2014",6.81,,"Coverage of occupational injuries: Reported injuries | Type of cases of occupational injuries: Including cases of injury due to commuting accidents","Data reference period: End of the year | Geographical coverage: Total national, excluding some areas"
"Macao, China","ADM-LIR - Labour Affairs Bureau","SDG indicator 8.8.1 - Fatal occupational injuries per 100'000 workers","Sex: Male","Migrant status: Non migrants","2014",2.85,,"Coverage of occupational injuries: Reported injuries | Type of cases of occupational injuries: Including cases of injury due to commuting accidents","Data reference period: End of the year | Geographical coverage: Total national, excluding some areas"
"Macao, China","ADM-LIR - Labour Affairs Bureau","SDG indicator 8.8.1 - Fatal occupational injuries per 100'000 workers","Sex: Female","Migrant status: Total","2014",0.54,,"Coverage of occupational injuries: Reported injuries | Type of cases of occupational injuries: Including cases of injury due to commuting accidents","Data reference period: End of the year | Geographical coverage: Total national, excluding some areas"
"Macao, China","ADM-LIR - Labour Affairs Bureau","SDG indicator 8.8.1 - Fatal occupational injuries per 100'000 workers","Sex: Female","Migrant status: Migrants","2014",1.48,,"Coverage of occupational injuries: Reported injuries | Type of cases of occupational injuries: Including cases of injury due to commuting accidents","Data reference period: End of the year | Geographical coverage: Total national, excluding some areas"
"Macao, China","ADM-LIR - Labour Affairs Bureau","SDG indicator 8.8.1 - Fatal occupational injuries per 100'000 workers","Sex: Female","Migrant status: Non migrants","2014",0,,"Coverage of occupational injuries: Reported injuries | Type of cases of occupational injuries: Including cases of injury due to commuting accidents","Data reference period: End of the year | Geographical coverage: Total national, excluding some areas"
"Macao, China","ADM-LIR - Labour Affairs Bureau","SDG indicator 8.8.1 - Fatal occupational injuries per 100'000 workers","Sex: Total","Migrant status: Total","2013",4.99,,"Coverage of occupational injuries: Reported injuries | Type of cases of occupational injuries: Including cases of injury due to commuting accidents","Data reference period: End of the year | Geographical coverage: Total national, excluding some areas"
"Macao, China","ADM-LIR - Labour Affairs Bureau","SDG indicator 8.8.1 - Fatal occupational injuries per 100'000 workers","Sex: Total","Migrant status: Migrants","2013",5.08,,"Coverage of occupational injuries: Reported injuries | Type of cases of occupational injuries: Including cases of injury due to commuting accidents","Data reference period: End of the year | Geographical coverage: Total national, excluding some areas"
"Macao, China","ADM-LIR - Labour Affairs Bureau","SDG indicator 8.8.1 - Fatal occupational injuries per 100'000 workers","Sex: Total","Migrant status: Non migrants","2013",4.07,,"Coverage of occupational injuries: Reported injuries | Type of cases of occupational injuries: Including cases of injury due to commuting accidents","Data reference period: End of the year | Geographical coverage: Total national, excluding some areas"
"Macao, China","ADM-LIR - Labour Affairs Bureau","SDG indicator 8.8.1 - Fatal occupational injuries per 100'000 workers","Sex: Male","Migrant status: Total","2013",7.05,,"Coverage of occupational injuries: Reported injuries | Type of cases of occupational injuries: Including cases of injury due to commuting accidents","Data reference period: End of the year | Geographical coverage: Total national, excluding some areas"
"Macao, China","ADM-LIR - Labour Affairs Bureau","SDG indicator 8.8.1 - Fatal occupational injuries per 100'000 workers","Sex: Male","Migrant status: Migrants","2013",3.88,,"Coverage of occupational injuries: Reported injuries | Type of cases of occupational injuries: Including cases of injury due to commuting accidents","Data reference period: End of the year | Geographical coverage: Total national, excluding some areas"
"Macao, China","ADM-LIR - Labour Affairs Bureau","SDG indicator 8.8.1 - Fatal occupational injuries per 100'000 workers","Sex: Male","Migrant status: Non migrants","2013",7.34,,"Coverage of occupational injuries: Reported injuries | Type of cases of occupational injuries: Including cases of injury due to commuting accidents","Data reference period: End of the year | Geographical coverage: Total national, excluding some areas"
"Macao, China","ADM-LIR - Labour Affairs Bureau","SDG indicator 8.8.1 - Fatal occupational injuries per 100'000 workers","Sex: Female","Migrant status: Total","2013",2.83,,"Coverage of occupational injuries: Reported injuries | Type of cases of occupational injuries: Including cases of injury due to commuting accidents","Data reference period: End of the year | Geographical coverage: Total national, excluding some areas"
"Macao, China","ADM-LIR - Labour Affairs Bureau","SDG indicator 8.8.1 - Fatal occupational injuries per 100'000 workers","Sex: Female","Migrant status: Migrants","2013",6.62,,"Coverage of occupational injuries: Reported injuries | Type of cases of occupational injuries: Including cases of injury due to commuting accidents","Data reference period: End of the year | Geographical coverage: Total national, excluding some areas"
"Macao, China","ADM-LIR - Labour Affairs Bureau","SDG indicator 8.8.1 - Fatal occupational injuries per 100'000 workers","Sex: Female","Migrant status: Non migrants","2013",0.75,,"Coverage of occupational injuries: Reported injuries | Type of cases of occupational injuries: Including cases of injury due to commuting accidents","Data reference period: End of the year | Geographical coverage: Total national, excluding some areas"
"Republic of Moldova","ES - Survey on Accidents at Work","SDG indicator 8.8.1 - Fatal occupational injuries per 100'000 workers","Sex: Total","Migrant status: Total","2023",4,,"Coverage of occupational injuries: Reported injuries | Type of cases of occupational injuries: Cases of occupational injury","Geographical coverage: Total national, excluding some areas | Economic activity coverage: Excluding activities of households as employers and of extraterritorial organizations and bodies | Reference group coverage: Employees"
"Republic of Moldova","ES - Survey on Accidents at Work","SDG indicator 8.8.1 - Fatal occupational injuries per 100'000 workers","Sex: Male","Migrant status: Total","2023",7.8,,"Coverage of occupational injuries: Reported injuries | Type of cases of occupational injuries: Cases of occupational injury","Geographical coverage: Total national, excluding some areas | Economic activity coverage: Excluding activities of households as employers and of extraterritorial organizations and bodies | Reference group coverage: Employees"
"Republic of Moldova","ES - Survey on Accidents at Work","SDG indicator 8.8.1 - Fatal occupational injuries per 100'000 workers","Sex: Female","Migrant status: Total","2023",0.6,,"Coverage of occupational injuries: Reported injuries | Type of cases of occupational injuries: Cases of occupational injury","Geographical coverage: Total national, excluding some areas | Economic activity coverage: Excluding activities of households as employers and of extraterritorial organizations and bodies | Reference group coverage: Employees"
"Republic of Moldova","ES - Survey on Accidents at Work","SDG indicator 8.8.1 - Fatal occupational injuries per 100'000 workers","Sex: Total","Migrant status: Total","2022",4.8,,"Coverage of occupational injuries: Reported injuries | Type of cases of occupational injuries: Cases of occupational injury","Geographical coverage: Total national, excluding some areas | Economic activity coverage: Excluding activities of households as employers and of extraterritorial organizations and bodies | Reference group coverage: Employees"
"Republic of Moldova","ES - Survey on Accidents at Work","SDG indicator 8.8.1 - Fatal occupational injuries per 100'000 workers","Sex: Male","Migrant status: Total","2022",9.5,,"Coverage of occupational injuries: Reported injuries | Type of cases of occupational injuries: Cases of occupational injury","Geographical coverage: Total national, excluding some areas | Economic activity coverage: Excluding activities of households as employers and of extraterritorial organizations and bodies | Reference group coverage: Employees"
"Republic of Moldova","ES - Survey on Accidents at Work","SDG indicator 8.8.1 - Fatal occupational injuries per 100'000 workers","Sex: Female","Migrant status: Total","2022",0.6,,"Coverage of occupational injuries: Reported injuries | Type of cases of occupational injuries: Cases of occupational injury","Geographical coverage: Total national, excluding some areas | Economic activity coverage: Excluding activities of households as employers and of extraterritorial organizations and bodies | Reference group coverage: Employees"
"Republic of Moldova","ES - Survey on Accidents at Work","SDG indicator 8.8.1 - Fatal occupational injuries per 100'000 workers","Sex: Total","Migrant status: Total","2021",4.8,,"Coverage of occupational injuries: Reported injuries | Type of cases of occupational injuries: Cases of occupational injury","Geographical coverage: Total national, excluding some areas | Economic activity coverage: Excluding activities of households as employers and of extraterritorial organizations and bodies | Reference group coverage: Employees"
"Republic of Moldova","ES - Survey on Accidents at Work","SDG indicator 8.8.1 - Fatal occupational injuries per 100'000 workers","Sex: Male","Migrant status: Total","2021",10.1,,"Coverage of occupational injuries: Reported injuries | Type of cases of occupational injuries: Cases of occupational injury","Geographical coverage: Total national, excluding some areas | Economic activity coverage: Excluding activities of households as employers and of extraterritorial organizations and bodies | Reference group coverage: Employees"
"Republic of Moldova","ES - Survey on Accidents at Work","SDG indicator 8.8.1 - Fatal occupational injuries per 100'000 workers","Sex: Total","Migrant status: Total","2020",5.2,,"Coverage of occupational injuries: Reported injuries | Type of cases of occupational injuries: Cases of occupational injury","Geographical coverage: Total national, excluding some areas | Economic activity coverage: Excluding activities of households as employers and of extraterritorial organizations and bodies | Reference group coverage: Employees"
"Republic of Moldova","ES - Survey on Accidents at Work","SDG indicator 8.8.1 - Fatal occupational injuries per 100'000 workers","Sex: Male","Migrant status: Total","2020",10.9,,"Coverage of occupational injuries: Reported injuries | Type of cases of occupational injuries: Cases of occupational injury","Geographical coverage: Total national, excluding some areas | Economic activity coverage: Excluding activities of households as employers and of extraterritorial organizations and bodies | Reference group coverage: Employees"
"Republic of Moldova","ES - Survey on Accidents at Work","SDG indicator 8.8.1 - Fatal occupational injuries per 100'000 workers","Sex: Total","Migrant status: Total","2019",5.8,,"Coverage of occupational injuries: Reported injuries | Type of cases of occupational injuries: Cases of occupational injury","Geographical coverage: Total national, excluding some areas | Economic activity coverage: Excluding activities of households as employers and of extraterritorial organizations and bodies | Reference group coverage: Employees"
"Republic of Moldova","ES - Survey on Accidents at Work","SDG indicator 8.8.1 - Fatal occupational injuries per 100'000 workers","Sex: Male","Migrant status: Total","2019",11.4,,"Coverage of occupational injuries: Reported injuries | Type of cases of occupational injuries: Cases of occupational injury","Geographical coverage: Total national, excluding some areas | Economic activity coverage: Excluding activities of households as employers and of extraterritorial organizations and bodies | Reference group coverage: Employees"
"Republic of Moldova","ES - Survey on Accidents at Work","SDG indicator 8.8.1 - Fatal occupational injuries per 100'000 workers","Sex: Female","Migrant status: Total","2019",0.6,,"Coverage of occupational injuries: Reported injuries | Type of cases of occupational injuries: Cases of occupational injury","Geographical coverage: Total national, excluding some areas | Economic activity coverage: Excluding activities of households as employers and of extraterritorial organizations and bodies | Reference group coverage: Employees"
"Republic of Moldova","ES - Survey on Accidents at Work","SDG indicator 8.8.1 - Fatal occupational injuries per 100'000 workers","Sex: Total","Migrant status: Total","2018",6.2,,"Coverage of occupational injuries: Reported injuries | Type of cases of occupational injuries: Cases of occupational injury","Geographical coverage: Total national, excluding some areas | Economic activity coverage: Excluding activities of households as employers and of extraterritorial organizations and bodies | Reference group coverage: Employees"
"Republic of Moldova","ES - Survey on Accidents at Work","SDG indicator 8.8.1 - Fatal occupational injuries per 100'000 workers","Sex: Male","Migrant status: Total","2018",12.6,,"Coverage of occupational injuries: Reported injuries | Type of cases of occupational injuries: Cases of occupational injury","Geographical coverage: Total national, excluding some areas | Economic activity coverage: Excluding activities of households as employers and of extraterritorial organizations and bodies | Reference group coverage: Employees"
"Republic of Moldova","ES - Survey on Accidents at Work","SDG indicator 8.8.1 - Fatal occupational injuries per 100'000 workers","Sex: Female","Migrant status: Total","2018",0.3,,"Coverage of occupational injuries: Reported injuries | Type of cases of occupational injuries: Cases of occupational injury","Geographical coverage: Total national, excluding some areas | Economic activity coverage: Excluding activities of households as employers and of extraterritorial organizations and bodies | Reference group coverage: Employees"
"Republic of Moldova","ES - Survey on Accidents at Work","SDG indicator 8.8.1 - Fatal occupational injuries per 100'000 workers","Sex: Total","Migrant status: Total","2017",6.8,,"Coverage of occupational injuries: Reported injuries | Type of cases of occupational injuries: Cases of occupational injury","Geographical coverage: Total national, excluding some areas | Economic activity coverage: Excluding activities of households as employers and of extraterritorial organizations and bodies | Reference group coverage: Employees"
"Republic of Moldova","ES - Survey on Accidents at Work","SDG indicator 8.8.1 - Fatal occupational injuries per 100'000 workers","Sex: Male","Migrant status: Total","2017",14.5,,"Coverage of occupational injuries: Reported injuries | Type of cases of occupational injuries: Cases of occupational injury","Geographical coverage: Total national, excluding some areas | Economic activity coverage: Excluding activities of households as employers and of extraterritorial organizations and bodies | Reference group coverage: Employees"
"Republic of Moldova","ES - Survey on Accidents at Work","SDG indicator 8.8.1 - Fatal occupational injuries per 100'000 workers","Sex: Total","Migrant status: Total","2016",4.9,,"Coverage of occupational injuries: Reported injuries | Type of cases of occupational injuries: Cases of occupational injury","Geographical coverage: Total national, excluding some areas | Economic activity coverage: Excluding activities of households as employers and of extraterritorial organizations and bodies | Reference group coverage: Employees"
"Republic of Moldova","ES - Survey on Accidents at Work","SDG indicator 8.8.1 - Fatal occupational injuries per 100'000 workers","Sex: Male","Migrant status: Total","2016",9,,"Coverage of occupational injuries: Reported injuries | Type of cases of occupational injuries: Cases of occupational injury","Geographical coverage: Total national, excluding some areas | Economic activity coverage: Excluding activities of households as employers and of extraterritorial organizations and bodies | Reference group coverage: Employees"
"Republic of Moldova","ES - Survey on Accidents at Work","SDG indicator 8.8.1 - Fatal occupational injuries per 100'000 workers","Sex: Female","Migrant status: Total","2016",1.3,,"Coverage of occupational injuries: Reported injuries | Type of cases of occupational injuries: Cases of occupational injury","Geographical coverage: Total national, excluding some areas | Economic activity coverage: Excluding activities of households as employers and of extraterritorial organizations and bodies | Reference group coverage: Employees"
"Republic of Moldova","ES - Survey on Employment, Remuneration and Hours of Work","SDG indicator 8.8.1 - Fatal occupational injuries per 100'000 workers","Sex: Total","Migrant status: Total","2015",5.7,,"Coverage of occupational injuries: Reported injuries | Type of cases of occupational injuries: Cases of occupational injury | Type of rate: Incidence rate (per 100'000 employees) | Time period for occurrence of death: Deaths occurring within the same reference year","Geographical coverage: Total national, excluding some areas | Economic activity coverage: Excluding activities of households as employers and of extraterritorial organizations and bodies | Reference group coverage: Employees | Establishment size coverage: All establishments with at least 20 employees"
"Republic of Moldova","ES - Survey on Employment, Remuneration and Hours of Work","SDG indicator 8.8.1 - Fatal occupational injuries per 100'000 workers","Sex: Total","Migrant status: Total","2014",5.9,,"Coverage of occupational injuries: Reported injuries | Type of cases of occupational injuries: Cases of occupational injury | Type of rate: Incidence rate (per 100'000 employees) | Time period for occurrence of death: Deaths occurring within the same reference year","Geographical coverage: Total national, excluding some areas | Economic activity coverage: Excluding activities of households as employers and of extraterritorial organizations and bodies | Reference group coverage: Employees | Establishment size coverage: All establishments with at least 20 employees"
"Republic of Moldova","ES - Survey on Employment, Remuneration and Hours of Work","SDG indicator 8.8.1 - Fatal occupational injuries per 100'000 workers","Sex: Total","Migrant status: Total","2013",6.2,,"Coverage of occupational injuries: Reported injuries | Type of cases of occupational injuries: Cases of occupational injury | Type of rate: Incidence rate (per 100'000 employees) | Time period for occurrence of death: Deaths occurring within 1 year","Data reference period: End of the year | Geographical coverage: Total national, excluding some areas | Reference group coverage: Employees | Establishment size coverage: All establishments with at least 20 employees"
"Mexico","ADM-IR - Mexican Social Security Institute statistical report","SDG indicator 8.8.1 - Fatal occupational injuries per 100'000 workers","Sex: Total","Migrant status: Total","2021",7.69,,"Coverage of occupational injuries: Reported injuries | Type of cases of occupational injuries: Cases of occupational injury","Data reference period: End of the year"
"Mexico","ADM-IR - Mexican Social Security Institute statistical report","SDG indicator 8.8.1 - Fatal occupational injuries per 100'000 workers","Sex: Male","Migrant status: Total","2021",10.64,,"Coverage of occupational injuries: Reported injuries | Type of cases of occupational injuries: Cases of occupational injury","Data reference period: End of the year"
"Mexico","ADM-IR - Mexican Social Security Institute statistical report","SDG indicator 8.8.1 - Fatal occupational injuries per 100'000 workers","Sex: Female","Migrant status: Total","2021",3.04,,"Coverage of occupational injuries: Reported injuries | Type of cases of occupational injuries: Cases of occupational injury","Data reference period: End of the year"
"Mexico","ADM-IR - Mexican Social Security Institute statistical report","SDG indicator 8.8.1 - Fatal occupational injuries per 100'000 workers","Sex: Total","Migrant status: Total","2020",8.37,,"Coverage of occupational injuries: Reported injuries | Type of cases of occupational injuries: Cases of occupational injury","Data reference period: End of the year"
"Mexico","ADM-IR - Mexican Social Security Institute statistical report","SDG indicator 8.8.1 - Fatal occupational injuries per 100'000 workers","Sex: Male","Migrant status: Total","2020",11.6,,"Coverage of occupational injuries: Reported injuries | Type of cases of occupational injuries: Cases of occupational injury","Data reference period: End of the year"
"Mexico","ADM-IR - Mexican Social Security Institute statistical report","SDG indicator 8.8.1 - Fatal occupational injuries per 100'000 workers","Sex: Female","Migrant status: Total","2020",3.18,,"Coverage of occupational injuries: Reported injuries | Type of cases of occupational injuries: Cases of occupational injury","Data reference period: End of the year"
"Mexico","ADM-IR - Mexican Social Security Institute statistical report","SDG indicator 8.8.1 - Fatal occupational injuries per 100'000 workers","Sex: Total","Migrant status: Total","2019",6.59,,"Coverage of occupational injuries: Reported injuries | Type of cases of occupational injuries: Cases of occupational injury","Data reference period: End of the year"
"Mexico","ADM-IR - Mexican Social Security Institute statistical report","SDG indicator 8.8.1 - Fatal occupational injuries per 100'000 workers","Sex: Male","Migrant status: Total","2019",10.01,,"Coverage of occupational injuries: Reported injuries | Type of cases of occupational injuries: Cases of occupational injury","Data reference period: End of the year"
"Mexico","ADM-IR - Mexican Social Security Institute statistical report","SDG indicator 8.8.1 - Fatal occupational injuries per 100'000 workers","Sex: Female","Migrant status: Total","2019",1.01,,"Coverage of occupational injuries: Reported injuries | Type of cases of occupational injuries: Cases of occupational injury","Data reference period: End of the year"
"Mexico","ADM-IR - Mexican Social Security Institute statistical report","SDG indicator 8.8.1 - Fatal occupational injuries per 100'000 workers","Sex: Total","Migrant status: Total","2017",7.46,,"Coverage of occupational injuries: Reported injuries | Type of cases of occupational injuries: Including cases of occupational disease and cases of injury due to commuting accidents","Data reference period: End of the year"
"Mexico","ADM-IR - Mexican Social Security Institute statistical report","SDG indicator 8.8.1 - Fatal occupational injuries per 100'000 workers","Sex: Male","Migrant status: Total","2017",10.973,,"Coverage of occupational injuries: Reported injuries | Type of cases of occupational injuries: Including cases of occupational disease and cases of injury due to commuting accidents","Data reference period: End of the year"
"Mexico","ADM-IR - Mexican Social Security Institute statistical report","SDG indicator 8.8.1 - Fatal occupational injuries per 100'000 workers","Sex: Female","Migrant status: Total","2017",1.522,,"Coverage of occupational injuries: Reported injuries | Type of cases of occupational injuries: Including cases of occupational disease and cases of injury due to commuting accidents","Data reference period: End of the year"
"Mexico","ADM-IR - Mexican Social Security Institute statistical report","SDG indicator 8.8.1 - Fatal occupational injuries per 100'000 workers","Sex: Total","Migrant status: Total","2016",7.73,,"Coverage of occupational injuries: Reported injuries | Type of cases of occupational injuries: Including cases of occupational disease and cases of injury due to commuting accidents","Data reference period: End of the year"
"Mexico","ADM-IR - Mexican Social Security Institute statistical report","SDG indicator 8.8.1 - Fatal occupational injuries per 100'000 workers","Sex: Male","Migrant status: Total","2016",11.46,,"Coverage of occupational injuries: Reported injuries | Type of cases of occupational injuries: Including cases of occupational disease and cases of injury due to commuting accidents","Data reference period: End of the year"
"Mexico","ADM-IR - Mexican Social Security Institute statistical report","SDG indicator 8.8.1 - Fatal occupational injuries per 100'000 workers","Sex: Female","Migrant status: Total","2016",1.36,,"Coverage of occupational injuries: Reported injuries | Type of cases of occupational injuries: Including cases of occupational disease and cases of injury due to commuting accidents","Data reference period: End of the year"
"Mexico","ADM-IR - Mexican Social Security Institute statistical report","SDG indicator 8.8.1 - Fatal occupational injuries per 100'000 workers","Sex: Total","Migrant status: Total","2015",8.23,,"Coverage of occupational injuries: Reported injuries | Type of cases of occupational injuries: Cases of occupational injury | Type of rate: Incidence rate (per 100'000 persons insured) | Time period for occurrence of death: Deaths occurring within 1 year","Data reference period: End of the year"
"Mexico","ADM-IR - Mexican Social Security Institute statistical report","SDG indicator 8.8.1 - Fatal occupational injuries per 100'000 workers","Sex: Male","Migrant status: Total","2015",12.02,,"Coverage of occupational injuries: Reported injuries | Type of cases of occupational injuries: Cases of occupational injury | Type of rate: Incidence rate (per 100'000 persons insured) | Time period for occurrence of death: Deaths occurring within 1 year","Data reference period: End of the year"
"Mexico","ADM-IR - Mexican Social Security Institute statistical report","SDG indicator 8.8.1 - Fatal occupational injuries per 100'000 workers","Sex: Female","Migrant status: Total","2015",1.64,,"Coverage of occupational injuries: Reported injuries | Type of cases of occupational injuries: Cases of occupational injury | Type of rate: Incidence rate (per 100'000 persons insured) | Time period for occurrence of death: Deaths occurring within 1 year","Data reference period: End of the year"
"Mexico","ADM-IR - Mexican Social Security Institute statistical report","SDG indicator 8.8.1 - Fatal occupational injuries per 100'000 workers","Sex: Total","Migrant status: Total","2014",7.91,,"Coverage of occupational injuries: Reported injuries | Type of cases of occupational injuries: Cases of occupational injury | Type of rate: Incidence rate (per 100'000 workers exposed to risk) | Time period for occurrence of death: Deaths occurring within the same reference year","Data reference period: End of the year"
"Mexico","ADM-IR - Mexican Social Security Institute statistical report","SDG indicator 8.8.1 - Fatal occupational injuries per 100'000 workers","Sex: Male","Migrant status: Total","2014",11.51,,"Coverage of occupational injuries: Reported injuries | Type of cases of occupational injuries: Cases of occupational injury | Type of rate: Incidence rate (per 100'000 workers exposed to risk) | Time period for occurrence of death: Deaths occurring within the same reference year","Data reference period: End of the year"
"Mexico","ADM-IR - Mexican Social Security Institute statistical report","SDG indicator 8.8.1 - Fatal occupational injuries per 100'000 workers","Sex: Female","Migrant status: Total","2014",1.59,,"Coverage of occupational injuries: Reported injuries | Type of cases of occupational injuries: Cases of occupational injury | Type of rate: Incidence rate (per 100'000 workers exposed to risk) | Time period for occurrence of death: Deaths occurring within the same reference year","Data reference period: End of the year"
"Mexico","ADM-IR - Mexican Social Security Institute statistical report","SDG indicator 8.8.1 - Fatal occupational injuries per 100'000 workers","Sex: Total","Migrant status: Total","2013",8.09,,"Coverage of occupational injuries: Reported injuries | Type of cases of occupational injuries: Including cases of occupational disease and cases of injury due to commuting accidents | Type of rate: Incidence rate (per 100'000 workers exposed to risk) | Time period for occurrence of death: Deaths occurring within the same reference year","Data reference period: End of the year"
"Mexico","ADM-IR - Mexican Social Security Institute statistical report","SDG indicator 8.8.1 - Fatal occupational injuries per 100'000 workers","Sex: Male","Migrant status: Total","2013",11.76,,"Coverage of occupational injuries: Reported injuries | Type of cases of occupational injuries: Including cases of occupational disease and cases of injury due to commuting accidents | Type of rate: Incidence rate (per 100'000 workers exposed to risk) | Time period for occurrence of death: Deaths occurring within the same reference year","Data reference period: End of the year"
"Mexico","ADM-IR - Mexican Social Security Institute statistical report","SDG indicator 8.8.1 - Fatal occupational injuries per 100'000 workers","Sex: Female","Migrant status: Total","2013",1.66,,"Coverage of occupational injuries: Reported injuries | Type of cases of occupational injuries: Including cases of occupational disease and cases of injury due to commuting accidents | Type of rate: Incidence rate (per 100'000 workers exposed to risk) | Time period for occurrence of death: Deaths occurring within the same reference year","Data reference period: End of the year"
"Malta","ADM - Records of Injury Benefits","SDG indicator 8.8.1 - Fatal occupational injuries per 100'000 workers","Sex: Total","Migrant status: Total","2023",2,,"Coverage of occupational injuries: Compensated injuries | Type of cases of occupational injuries: Cases of occupational injury",
"Malta","ADM - Records of Injury Benefits","SDG indicator 8.8.1 - Fatal occupational injuries per 100'000 workers","Sex: Total","Migrant status: Migrants","2023",2,,"Coverage of occupational injuries: Compensated injuries | Type of cases of occupational injuries: Cases of occupational injury",
"Malta","ADM - Records of Injury Benefits","SDG indicator 8.8.1 - Fatal occupational injuries per 100'000 workers","Sex: Total","Migrant status: Non migrants","2023",2,,"Coverage of occupational injuries: Compensated injuries | Type of cases of occupational injuries: Cases of occupational injury",
"Malta","ADM - Records of Injury Benefits","SDG indicator 8.8.1 - Fatal occupational injuries per 100'000 workers","Sex: Male","Migrant status: Total","2023",3,,"Coverage of occupational injuries: Compensated injuries | Type of cases of occupational injuries: Cases of occupational injury",
"Malta","ADM - Records of Injury Benefits","SDG indicator 8.8.1 - Fatal occupational injuries per 100'000 workers","Sex: Male","Migrant status: Migrants","2023",3,,"Coverage of occupational injuries: Compensated injuries | Type of cases of occupational injuries: Cases of occupational injury",
"Malta","ADM - Records of Injury Benefits","SDG indicator 8.8.1 - Fatal occupational injuries per 100'000 workers","Sex: Male","Migrant status: Non migrants","2023",3,,"Coverage of occupational injuries: Compensated injuries | Type of cases of occupational injuries: Cases of occupational injury",
"Malta","ADM - Records of Injury Benefits","SDG indicator 8.8.1 - Fatal occupational injuries per 100'000 workers","Sex: Female","Migrant status: Total","2023",0,,"Coverage of occupational injuries: Compensated injuries | Type of cases of occupational injuries: Cases of occupational injury",
"Malta","ADM - Records of Injury Benefits","SDG indicator 8.8.1 - Fatal occupational injuries per 100'000 workers","Sex: Female","Migrant status: Migrants","2023",0,,"Coverage of occupational injuries: Compensated injuries | Type of cases of occupational injuries: Cases of occupational injury",
"Malta","ADM - Records of Injury Benefits","SDG indicator 8.8.1 - Fatal occupational injuries per 100'000 workers","Sex: Female","Migrant status: Non migrants","2023",0,,"Coverage of occupational injuries: Compensated injuries | Type of cases of occupational injuries: Cases of occupational injury",
"Malta","ADM - Records of Injury Benefits","SDG indicator 8.8.1 - Fatal occupational injuries per 100'000 workers","Sex: Total","Migrant status: Total","2022",5.28,,"Coverage of occupational injuries: Reported injuries","Repository: ILO calculations based on Eurostat data | Reference group coverage: Insured persons"
"Malta","ADM - Records of Injury Benefits","SDG indicator 8.8.1 - Fatal occupational injuries per 100'000 workers","Sex: Total","Migrant status: Total","2021",3.339,,"Coverage of occupational injuries: Compensated injuries | Type of cases of occupational injuries: Cases of occupational injury",
"Malta","ADM - Records of Injury Benefits","SDG indicator 8.8.1 - Fatal occupational injuries per 100'000 workers","Sex: Total","Migrant status: Migrants","2021",8.172,,"Coverage of occupational injuries: Compensated injuries | Type of cases of occupational injuries: Cases of occupational injury",
"Malta","ADM - Records of Injury Benefits","SDG indicator 8.8.1 - Fatal occupational injuries per 100'000 workers","Sex: Total","Migrant status: Non migrants","2021",1.53,,"Coverage of occupational injuries: Compensated injuries | Type of cases of occupational injuries: Cases of occupational injury",
"Malta","ADM - Records of Injury Benefits","SDG indicator 8.8.1 - Fatal occupational injuries per 100'000 workers","Sex: Male","Migrant status: Total","2021",5.673,,"Coverage of occupational injuries: Compensated injuries | Type of cases of occupational injuries: Cases of occupational injury",
"Malta","ADM - Records of Injury Benefits","SDG indicator 8.8.1 - Fatal occupational injuries per 100'000 workers","Sex: Male","Migrant status: Migrants","2021",14.501,,"Coverage of occupational injuries: Compensated injuries | Type of cases of occupational injuries: Cases of occupational injury",
"Malta","ADM - Records of Injury Benefits","SDG indicator 8.8.1 - Fatal occupational injuries per 100'000 workers","Sex: Male","Migrant status: Non migrants","2021",2.558,,"Coverage of occupational injuries: Compensated injuries | Type of cases of occupational injuries: Cases of occupational injury",
"Malta","ADM - Records of Injury Benefits","SDG indicator 8.8.1 - Fatal occupational injuries per 100'000 workers","Sex: Female","Migrant status: Total","2021",0,,"Coverage of occupational injuries: Compensated injuries | Type of cases of occupational injuries: Cases of occupational injury",
"Malta","ADM - Records of Injury Benefits","SDG indicator 8.8.1 - Fatal occupational injuries per 100'000 workers","Sex: Female","Migrant status: Migrants","2021",0,,"Coverage of occupational injuries: Compensated injuries | Type of cases of occupational injuries: Cases of occupational injury",
"Malta","ADM - Records of Injury Benefits","SDG indicator 8.8.1 - Fatal occupational injuries per 100'000 workers","Sex: Female","Migrant status: Non migrants","2021",0,,"Coverage of occupational injuries: Compensated injuries | Type of cases of occupational injuries: Cases of occupational injury",
"Malta","ADM - Records of Injury Benefits","SDG indicator 8.8.1 - Fatal occupational injuries per 100'000 workers","Sex: Total","Migrant status: Total","2020",2.682,,"Coverage of occupational injuries: Compensated injuries | Type of cases of occupational injuries: Cases of occupational injury",
"Malta","ADM - Records of Injury Benefits","SDG indicator 8.8.1 - Fatal occupational injuries per 100'000 workers","Sex: Total","Migrant status: Migrants","2020",4.381,,"Coverage of occupational injuries: Compensated injuries | Type of cases of occupational injuries: Cases of occupational injury",
"Malta","ADM - Records of Injury Benefits","SDG indicator 8.8.1 - Fatal occupational injuries per 100'000 workers","Sex: Total","Migrant status: Non migrants","2020",2.077,,"Coverage of occupational injuries: Compensated injuries | Type of cases of occupational injuries: Cases of occupational injury",
"Malta","ADM - Records of Injury Benefits","SDG indicator 8.8.1 - Fatal occupational injuries per 100'000 workers","Sex: Male","Migrant status: Total","2020",3.882,,"Coverage of occupational injuries: Compensated injuries | Type of cases of occupational injuries: Cases of occupational injury",
"Malta","ADM - Records of Injury Benefits","SDG indicator 8.8.1 - Fatal occupational injuries per 100'000 workers","Sex: Male","Migrant status: Migrants","2020",7.842,,"Coverage of occupational injuries: Compensated injuries | Type of cases of occupational injuries: Cases of occupational injury",
"Malta","ADM - Records of Injury Benefits","SDG indicator 8.8.1 - Fatal occupational injuries per 100'000 workers","Sex: Male","Migrant status: Non migrants","2020",2.58,,"Coverage of occupational injuries: Compensated injuries | Type of cases of occupational injuries: Cases of occupational injury",
"Malta","ADM - Records of Injury Benefits","SDG indicator 8.8.1 - Fatal occupational injuries per 100'000 workers","Sex: Female","Migrant status: Total","2020",0.939,,"Coverage of occupational injuries: Compensated injuries | Type of cases of occupational injuries: Cases of occupational injury",
"Malta","ADM - Records of Injury Benefits","SDG indicator 8.8.1 - Fatal occupational injuries per 100'000 workers","Sex: Female","Migrant status: Migrants","2020",0,,"Coverage of occupational injuries: Compensated injuries | Type of cases of occupational injuries: Cases of occupational injury",
"Malta","ADM - Records of Injury Benefits","SDG indicator 8.8.1 - Fatal occupational injuries per 100'000 workers","Sex: Female","Migrant status: Non migrants","2020",1.311,,"Coverage of occupational injuries: Compensated injuries | Type of cases of occupational injuries: Cases of occupational injury",
"Malta","ADM - Records of Injury Benefits","SDG indicator 8.8.1 - Fatal occupational injuries per 100'000 workers","Sex: Total","Migrant status: Total","2019",1.178,,"Coverage of occupational injuries: Compensated injuries | Type of cases of occupational injuries: Cases of occupational injury",
"Malta","ADM - Records of Injury Benefits","SDG indicator 8.8.1 - Fatal occupational injuries per 100'000 workers","Sex: Total","Migrant status: Migrants","2019",3.268,,"Coverage of occupational injuries: Compensated injuries | Type of cases of occupational injuries: Cases of occupational injury",
"Malta","ADM - Records of Injury Benefits","SDG indicator 8.8.1 - Fatal occupational injuries per 100'000 workers","Sex: Total","Migrant status: Non migrants","2019",0.517,,"Coverage of occupational injuries: Compensated injuries | Type of cases of occupational injuries: Cases of occupational injury",
"Malta","ADM - Records of Injury Benefits","SDG indicator 8.8.1 - Fatal occupational injuries per 100'000 workers","Sex: Male","Migrant status: Total","2019",1.97,,"Coverage of occupational injuries: Compensated injuries | Type of cases of occupational injuries: Cases of occupational injury",
"Malta","ADM - Records of Injury Benefits","SDG indicator 8.8.1 - Fatal occupational injuries per 100'000 workers","Sex: Male","Migrant status: Migrants","2019",5.897,,"Coverage of occupational injuries: Compensated injuries | Type of cases of occupational injuries: Cases of occupational injury",
"Malta","ADM - Records of Injury Benefits","SDG indicator 8.8.1 - Fatal occupational injuries per 100'000 workers","Sex: Male","Migrant status: Non migrants","2019",0.845,,"Coverage of occupational injuries: Compensated injuries | Type of cases of occupational injuries: Cases of occupational injury",
"Malta","ADM - Records of Injury Benefits","SDG indicator 8.8.1 - Fatal occupational injuries per 100'000 workers","Sex: Female","Migrant status: Total","2019",0,,"Coverage of occupational injuries: Compensated injuries | Type of cases of occupational injuries: Cases of occupational injury",
"Malta","ADM - Records of Injury Benefits","SDG indicator 8.8.1 - Fatal occupational injuries per 100'000 workers","Sex: Female","Migrant status: Migrants","2019",0,,"Coverage of occupational injuries: Compensated injuries | Type of cases of occupational injuries: Cases of occupational injury",
"Malta","ADM - Records of Injury Benefits","SDG indicator 8.8.1 - Fatal occupational injuries per 100'000 workers","Sex: Female","Migrant status: Non migrants","2019",0,,"Coverage of occupational injuries: Compensated injuries | Type of cases of occupational injuries: Cases of occupational injury",
"Malta","ADM - Records of Injury Benefits","SDG indicator 8.8.1 - Fatal occupational injuries per 100'000 workers","Sex: Total","Migrant status: Total","2018",1.677,,"Coverage of occupational injuries: Compensated injuries | Type of cases of occupational injuries: Cases of occupational injury",
"Malta","ADM - Records of Injury Benefits","SDG indicator 8.8.1 - Fatal occupational injuries per 100'000 workers","Sex: Total","Migrant status: Migrants","2018",6.123,,"Coverage of occupational injuries: Compensated injuries | Type of cases of occupational injuries: Cases of occupational injury",
"Malta","ADM - Records of Injury Benefits","SDG indicator 8.8.1 - Fatal occupational injuries per 100'000 workers","Sex: Total","Migrant status: Non migrants","2018",0.528,,"Coverage of occupational injuries: Compensated injuries | Type of cases of occupational injuries: Cases of occupational injury",
"Malta","ADM - Records of Injury Benefits","SDG indicator 8.8.1 - Fatal occupational injuries per 100'000 workers","Sex: Male","Migrant status: Total","2018",2.82,,"Coverage of occupational injuries: Compensated injuries | Type of cases of occupational injuries: Cases of occupational injury",
"Malta","ADM - Records of Injury Benefits","SDG indicator 8.8.1 - Fatal occupational injuries per 100'000 workers","Sex: Male","Migrant status: Migrants","2018",11.638,,"Coverage of occupational injuries: Compensated injuries | Type of cases of occupational injuries: Cases of occupational injury",
"Malta","ADM - Records of Injury Benefits","SDG indicator 8.8.1 - Fatal occupational injuries per 100'000 workers","Sex: Male","Migrant status: Non migrants","2018",0.862,,"Coverage of occupational injuries: Compensated injuries | Type of cases of occupational injuries: Cases of occupational injury",
"Malta","ADM - Records of Injury Benefits","SDG indicator 8.8.1 - Fatal occupational injuries per 100'000 workers","Sex: Female","Migrant status: Total","2018",0,,"Coverage of occupational injuries: Compensated injuries | Type of cases of occupational injuries: Cases of occupational injury",
"Malta","ADM - Records of Injury Benefits","SDG indicator 8.8.1 - Fatal occupational injuries per 100'000 workers","Sex: Female","Migrant status: Migrants","2018",0,,"Coverage of occupational injuries: Compensated injuries | Type of cases of occupational injuries: Cases of occupational injury",
"Malta","ADM - Records of Injury Benefits","SDG indicator 8.8.1 - Fatal occupational injuries per 100'000 workers","Sex: Female","Migrant status: Non migrants","2018",0,,"Coverage of occupational injuries: Compensated injuries | Type of cases of occupational injuries: Cases of occupational injury",
"Malta","ADM - Records of Injury Benefits","SDG indicator 8.8.1 - Fatal occupational injuries per 100'000 workers","Sex: Total","Migrant status: Total","2017",0.454,,"Coverage of occupational injuries: Compensated injuries | Type of cases of occupational injuries: Cases of occupational injury",
"Malta","ADM - Records of Injury Benefits","SDG indicator 8.8.1 - Fatal occupational injuries per 100'000 workers","Sex: Total","Migrant status: Migrants","2017",0,,"Coverage of occupational injuries: Compensated injuries | Type of cases of occupational injuries: Cases of occupational injury",
"Malta","ADM - Records of Injury Benefits","SDG indicator 8.8.1 - Fatal occupational injuries per 100'000 workers","Sex: Total","Migrant status: Non migrants","2017",0.547,,"Coverage of occupational injuries: Compensated injuries | Type of cases of occupational injuries: Cases of occupational injury",
"Malta","ADM - Records of Injury Benefits","SDG indicator 8.8.1 - Fatal occupational injuries per 100'000 workers","Sex: Male","Migrant status: Total","2017",0.755,,"Coverage of occupational injuries: Compensated injuries | Type of cases of occupational injuries: Cases of occupational injury",
"Malta","ADM - Records of Injury Benefits","SDG indicator 8.8.1 - Fatal occupational injuries per 100'000 workers","Sex: Male","Migrant status: Migrants","2017",0,,"Coverage of occupational injuries: Compensated injuries | Type of cases of occupational injuries: Cases of occupational injury",
"Malta","ADM - Records of Injury Benefits","SDG indicator 8.8.1 - Fatal occupational injuries per 100'000 workers","Sex: Male","Migrant status: Non migrants","2017",0.91,,"Coverage of occupational injuries: Compensated injuries | Type of cases of occupational injuries: Cases of occupational injury",
"Malta","ADM - Records of Injury Benefits","SDG indicator 8.8.1 - Fatal occupational injuries per 100'000 workers","Sex: Female","Migrant status: Total","2017",0,,"Coverage of occupational injuries: Compensated injuries | Type of cases of occupational injuries: Cases of occupational injury",
"Malta","ADM - Records of Injury Benefits","SDG indicator 8.8.1 - Fatal occupational injuries per 100'000 workers","Sex: Female","Migrant status: Migrants","2017",0,,"Coverage of occupational injuries: Compensated injuries | Type of cases of occupational injuries: Cases of occupational injury",
"Malta","ADM - Records of Injury Benefits","SDG indicator 8.8.1 - Fatal occupational injuries per 100'000 workers","Sex: Female","Migrant status: Non migrants","2017",0,,"Coverage of occupational injuries: Compensated injuries | Type of cases of occupational injuries: Cases of occupational injury",
"Malta","ADM - Records of Injury Benefits","SDG indicator 8.8.1 - Fatal occupational injuries per 100'000 workers","Sex: Total","Migrant status: Total","2016",3.363,,"Coverage of occupational injuries: Compensated injuries | Type of cases of occupational injuries: Cases of occupational injury",
"Malta","ADM - Records of Injury Benefits","SDG indicator 8.8.1 - Fatal occupational injuries per 100'000 workers","Sex: Total","Migrant status: Migrants","2016",16.473,,"Coverage of occupational injuries: Compensated injuries | Type of cases of occupational injuries: Cases of occupational injury",
"Malta","ADM - Records of Injury Benefits","SDG indicator 8.8.1 - Fatal occupational injuries per 100'000 workers","Sex: Total","Migrant status: Non migrants","2016",1.125,,"Coverage of occupational injuries: Compensated injuries | Type of cases of occupational injuries: Cases of occupational injury",
"Malta","ADM - Records of Injury Benefits","SDG indicator 8.8.1 - Fatal occupational injuries per 100'000 workers","Sex: Male","Migrant status: Total","2016",5.552,,"Coverage of occupational injuries: Compensated injuries | Type of cases of occupational injuries: Cases of occupational injury",
"Malta","ADM - Records of Injury Benefits","SDG indicator 8.8.1 - Fatal occupational injuries per 100'000 workers","Sex: Male","Migrant status: Migrants","2016",26.114,,"Coverage of occupational injuries: Compensated injuries | Type of cases of occupational injuries: Cases of occupational injury",
"Malta","ADM - Records of Injury Benefits","SDG indicator 8.8.1 - Fatal occupational injuries per 100'000 workers","Sex: Male","Migrant status: Non migrants","2016",1.87,,"Coverage of occupational injuries: Compensated injuries | Type of cases of occupational injuries: Cases of occupational injury",
"Malta","ADM - Records of Injury Benefits","SDG indicator 8.8.1 - Fatal occupational injuries per 100'000 workers","Sex: Female","Migrant status: Total","2016",0,,"Coverage of occupational injuries: Compensated injuries | Type of cases of occupational injuries: Cases of occupational injury",
"Malta","ADM - Records of Injury Benefits","SDG indicator 8.8.1 - Fatal occupational injuries per 100'000 workers","Sex: Female","Migrant status: Migrants","2016",0,,"Coverage of occupational injuries: Compensated injuries | Type of cases of occupational injuries: Cases of occupational injury",
"Malta","ADM - Records of Injury Benefits","SDG indicator 8.8.1 - Fatal occupational injuries per 100'000 workers","Sex: Female","Migrant status: Non migrants","2016",0,,"Coverage of occupational injuries: Compensated injuries | Type of cases of occupational injuries: Cases of occupational injury",
"Malta","ADM - Records of Injury Benefits","SDG indicator 8.8.1 - Fatal occupational injuries per 100'000 workers","Sex: Total","Migrant status: Total","2015",2.69,,"Coverage of occupational injuries: Reported injuries","Repository: ILO calculations based on Eurostat data | Reference group coverage: Insured persons"
"Malta","ADM - Records of Injury Benefits","SDG indicator 8.8.1 - Fatal occupational injuries per 100'000 workers","Sex: Total","Migrant status: Total","2014",2.2,,"Coverage of occupational injuries: Reported injuries","Repository: ILO calculations based on Eurostat data | Reference group coverage: Insured persons"
"Malta","ADM - Records of Injury Benefits","SDG indicator 8.8.1 - Fatal occupational injuries per 100'000 workers","Sex: Total","Migrant status: Total","2013",2.27,,"Coverage of occupational injuries: Reported injuries","Repository: ILO calculations based on Eurostat data | Reference group coverage: Insured persons"
"Myanmar","ADM-LIR - Labour Inspectorate Records","SDG indicator 8.8.1 - Fatal occupational injuries per 100'000 workers","Sex: Total","Migrant status: Total","2019",3.146,,"Coverage of occupational injuries: Reported injuries | Type of cases of occupational injuries: Cases of occupational injury","Data reference period: Noncalendar year | Reference group coverage: Employees"
"Myanmar","ADM-LIR - Labour Inspectorate Records","SDG indicator 8.8.1 - Fatal occupational injuries per 100'000 workers","Sex: Total","Migrant status: Non migrants","2019",3.146,,"Coverage of occupational injuries: Reported injuries | Type of cases of occupational injuries: Cases of occupational injury","Data reference period: Noncalendar year | Reference group coverage: Employees"
"Myanmar","ADM-LIR - Labour Inspectorate Records","SDG indicator 8.8.1 - Fatal occupational injuries per 100'000 workers","Sex: Male","Migrant status: Total","2019",8.55,,"Coverage of occupational injuries: Reported injuries | Type of cases of occupational injuries: Cases of occupational injury","Data reference period: Noncalendar year | Reference group coverage: Employees"
"Myanmar","ADM-LIR - Labour Inspectorate Records","SDG indicator 8.8.1 - Fatal occupational injuries per 100'000 workers","Sex: Male","Migrant status: Non migrants","2019",8.55,,"Coverage of occupational injuries: Reported injuries | Type of cases of occupational injuries: Cases of occupational injury","Data reference period: Noncalendar year | Reference group coverage: Employees"
"Myanmar","ADM-LIR - Labour Inspectorate Records","SDG indicator 8.8.1 - Fatal occupational injuries per 100'000 workers","Sex: Female","Migrant status: Total","2019",0,,"Coverage of occupational injuries: Reported injuries | Type of cases of occupational injuries: Cases of occupational injury","Data reference period: Noncalendar year | Reference group coverage: Employees"
"Myanmar","ADM-LIR - Labour Inspectorate Records","SDG indicator 8.8.1 - Fatal occupational injuries per 100'000 workers","Sex: Female","Migrant status: Non migrants","2019",0,,"Coverage of occupational injuries: Reported injuries | Type of cases of occupational injuries: Cases of occupational injury","Data reference period: Noncalendar year | Reference group coverage: Employees"
"Myanmar","ADM-LIR - Labour Inspectorate Records","SDG indicator 8.8.1 - Fatal occupational injuries per 100'000 workers","Sex: Total","Migrant status: Total","2018",2.4,,"Coverage of occupational injuries: Reported injuries | Type of cases of occupational injuries: Cases of occupational injury","Data reference period: Noncalendar year | Reference group coverage: Employees"
"Myanmar","ADM-LIR - Labour Inspectorate Records","SDG indicator 8.8.1 - Fatal occupational injuries per 100'000 workers","Sex: Male","Migrant status: Total","2018",5.9,,"Coverage of occupational injuries: Reported injuries | Type of cases of occupational injuries: Cases of occupational injury","Data reference period: Noncalendar year | Reference group coverage: Employees"
"Myanmar","ADM-LIR - Labour Inspectorate Records","SDG indicator 8.8.1 - Fatal occupational injuries per 100'000 workers","Sex: Female","Migrant status: Total","2018",0.3,,"Coverage of occupational injuries: Reported injuries | Type of cases of occupational injuries: Cases of occupational injury","Data reference period: Noncalendar year | Reference group coverage: Employees"
"Myanmar","ADM-LIR - Labour Inspectorate Records","SDG indicator 8.8.1 - Fatal occupational injuries per 100'000 workers","Sex: Total","Migrant status: Total","2017",2.6,,"Coverage of occupational injuries: Reported injuries | Type of cases of occupational injuries: Cases of occupational injury","Data reference period: Noncalendar year | Reference group coverage: Employees"
"Myanmar","ADM-LIR - Labour Inspectorate Records","SDG indicator 8.8.1 - Fatal occupational injuries per 100'000 workers","Sex: Male","Migrant status: Total","2017",6.6,,"Coverage of occupational injuries: Reported injuries | Type of cases of occupational injuries: Cases of occupational injury","Data reference period: Noncalendar year | Reference group coverage: Employees"
"Myanmar","ADM-LIR - Labour Inspectorate Records","SDG indicator 8.8.1 - Fatal occupational injuries per 100'000 workers","Sex: Female","Migrant status: Total","2017",0,,"Coverage of occupational injuries: Reported injuries | Type of cases of occupational injuries: Cases of occupational injury","Data reference period: Noncalendar year | Reference group coverage: Employees"
"Myanmar","ADM-LIR - Labour Inspectorate Records","SDG indicator 8.8.1 - Fatal occupational injuries per 100'000 workers","Sex: Total","Migrant status: Total","2016",4.6,,"Coverage of occupational injuries: Reported injuries | Type of cases of occupational injuries: Cases of occupational injury","Data reference period: Noncalendar year | Reference group coverage: Employees"
"Myanmar","ADM-LIR - Labour Inspectorate Records","SDG indicator 8.8.1 - Fatal occupational injuries per 100'000 workers","Sex: Male","Migrant status: Total","2016",10.2,,"Coverage of occupational injuries: Reported injuries | Type of cases of occupational injuries: Cases of occupational injury","Data reference period: Noncalendar year | Reference group coverage: Employees"
"Myanmar","ADM-LIR - Labour Inspectorate Records","SDG indicator 8.8.1 - Fatal occupational injuries per 100'000 workers","Sex: Female","Migrant status: Total","2016",0.5,,"Coverage of occupational injuries: Reported injuries | Type of cases of occupational injuries: Cases of occupational injury","Data reference period: Noncalendar year | Reference group coverage: Employees"
"Myanmar","ADM-LIR - Labour Inspectorate Records","SDG indicator 8.8.1 - Fatal occupational injuries per 100'000 workers","Sex: Total","Migrant status: Total","2015",4,,"Coverage of occupational injuries: Reported injuries | Type of cases of occupational injuries: Cases of occupational injury","Data reference period: Noncalendar year | Reference group coverage: Employees"
"Myanmar","ADM-LIR - Labour Inspectorate Records","SDG indicator 8.8.1 - Fatal occupational injuries per 100'000 workers","Sex: Male","Migrant status: Total","2015",8.9,,"Coverage of occupational injuries: Reported injuries | Type of cases of occupational injuries: Cases of occupational injury","Data reference period: Noncalendar year | Reference group coverage: Employees"
"Myanmar","ADM-LIR - Labour Inspectorate Records","SDG indicator 8.8.1 - Fatal occupational injuries per 100'000 workers","Sex: Female","Migrant status: Total","2015",0.3,,"Coverage of occupational injuries: Reported injuries | Type of cases of occupational injuries: Cases of occupational injury","Data reference period: Noncalendar year | Reference group coverage: Employees"
"Myanmar","ADM-LIR - Labour Inspectorate Records","SDG indicator 8.8.1 - Fatal occupational injuries per 100'000 workers","Sex: Total","Migrant status: Total","2014",2.91,,"Coverage of occupational injuries: Reported injuries | Type of cases of occupational injuries: Cases of occupational injury","Data reference period: Noncalendar year | Reference group coverage: Employees"
"Myanmar","ADM-LIR - Labour Inspectorate Records","SDG indicator 8.8.1 - Fatal occupational injuries per 100'000 workers","Sex: Male","Migrant status: Total","2014",5.91,,"Coverage of occupational injuries: Reported injuries | Type of cases of occupational injuries: Cases of occupational injury","Data reference period: Noncalendar year | Reference group coverage: Employees"
"Myanmar","ADM-LIR - Labour Inspectorate Records","SDG indicator 8.8.1 - Fatal occupational injuries per 100'000 workers","Sex: Female","Migrant status: Total","2014",0.64,,"Coverage of occupational injuries: Reported injuries | Type of cases of occupational injuries: Cases of occupational injury","Data reference period: Noncalendar year | Reference group coverage: Employees"
"Myanmar","ADM-LIR - Labour Inspectorate Records","SDG indicator 8.8.1 - Fatal occupational injuries per 100'000 workers","Sex: Total","Migrant status: Total","2013",3.68,,"Coverage of occupational injuries: Reported injuries | Type of cases of occupational injuries: Cases of occupational injury","Data reference period: Noncalendar year | Reference group coverage: Employees"
"Myanmar","ADM-LIR - Labour Inspectorate Records","SDG indicator 8.8.1 - Fatal occupational injuries per 100'000 workers","Sex: Male","Migrant status: Total","2013",7.18,,"Coverage of occupational injuries: Reported injuries | Type of cases of occupational injuries: Cases of occupational injury","Data reference period: Noncalendar year | Reference group coverage: Employees"
"Myanmar","ADM-LIR - Labour Inspectorate Records","SDG indicator 8.8.1 - Fatal occupational injuries per 100'000 workers","Sex: Female","Migrant status: Total","2013",0.44,,"Coverage of occupational injuries: Reported injuries | Type of cases of occupational injuries: Cases of occupational injury","Data reference period: Noncalendar year | Reference group coverage: Employees"
"Mongolia","ADM-EOR - Report of the Minister for Labour and Social Protection","SDG indicator 8.8.1 - Fatal occupational injuries per 100'000 workers","Sex: Total","Migrant status: Total","2022",4.8,,,"Data reference period: End of the year"
"Mongolia","ADM-EOR - Report of the Minister for Labour and Social Protection","SDG indicator 8.8.1 - Fatal occupational injuries per 100'000 workers","Sex: Male","Migrant status: Total","2022",8.1,,,"Data reference period: End of the year"
"Mongolia","ADM-EOR - Report of the Minister for Labour and Social Protection","SDG indicator 8.8.1 - Fatal occupational injuries per 100'000 workers","Sex: Female","Migrant status: Total","2022",1.1,,,"Data reference period: End of the year"
"Mongolia","ADM-EOR - Report of the Minister for Labour and Social Protection","SDG indicator 8.8.1 - Fatal occupational injuries per 100'000 workers","Sex: Total","Migrant status: Total","2021",3,,,"Data reference period: End of the year"
"Mongolia","ADM-EOR - Report of the Minister for Labour and Social Protection","SDG indicator 8.8.1 - Fatal occupational injuries per 100'000 workers","Sex: Male","Migrant status: Total","2021",6.2,,,"Data reference period: End of the year"
"Mongolia","ADM-EOR - Report of the Minister for Labour and Social Protection","SDG indicator 8.8.1 - Fatal occupational injuries per 100'000 workers","Sex: Female","Migrant status: Total","2021",0.2,,,"Data reference period: End of the year"
"Mongolia","ADM-EOR - Report of the Minister for Labour and Social Protection","SDG indicator 8.8.1 - Fatal occupational injuries per 100'000 workers","Sex: Total","Migrant status: Total","2020",3.4,,,"Data reference period: End of the year"
"Mongolia","ADM-EOR - Report of the Minister for Labour and Social Protection","SDG indicator 8.8.1 - Fatal occupational injuries per 100'000 workers","Sex: Male","Migrant status: Total","2020",6.5,,,"Data reference period: End of the year"
"Mongolia","ADM-EOR - Report of the Minister for Labour and Social Protection","SDG indicator 8.8.1 - Fatal occupational injuries per 100'000 workers","Sex: Female","Migrant status: Total","2020",0,,,"Data reference period: End of the year"
"Mongolia","ADM-EOR - Report of the Minister for Labour and Social Protection","SDG indicator 8.8.1 - Fatal occupational injuries per 100'000 workers","Sex: Total","Migrant status: Total","2019",4.5,,,"Data reference period: End of the year"
"Mongolia","ADM-EOR - Report of the Minister for Labour and Social Protection","SDG indicator 8.8.1 - Fatal occupational injuries per 100'000 workers","Sex: Male","Migrant status: Total","2019",8.2,,,"Data reference period: End of the year"
"Mongolia","ADM-EOR - Report of the Minister for Labour and Social Protection","SDG indicator 8.8.1 - Fatal occupational injuries per 100'000 workers","Sex: Female","Migrant status: Total","2019",0.4,,,"Data reference period: End of the year"
"Mongolia","ADM-EOR - Report of the Minister for Labour and Social Protection","SDG indicator 8.8.1 - Fatal occupational injuries per 100'000 workers","Sex: Total","Migrant status: Total","2018",2.4,,,"Data reference period: End of the year"
"Mongolia","ADM-EOR - Report of the Minister for Labour and Social Protection","SDG indicator 8.8.1 - Fatal occupational injuries per 100'000 workers","Sex: Male","Migrant status: Total","2018",4.5,,,"Data reference period: End of the year"
"Mongolia","ADM-EOR - Report of the Minister for Labour and Social Protection","SDG indicator 8.8.1 - Fatal occupational injuries per 100'000 workers","Sex: Female","Migrant status: Total","2018",0,,,"Data reference period: End of the year"
"Mongolia","ADM-EOR - Report of the Minister for Labour and Social Protection","SDG indicator 8.8.1 - Fatal occupational injuries per 100'000 workers","Sex: Total","Migrant status: Total","2017",2.18,,,"Data reference period: End of the year"
"Mongolia","OE - Official Estimates","SDG indicator 8.8.1 - Fatal occupational injuries per 100'000 workers","Sex: Total","Migrant status: Total","2016",2.7,,"Coverage of occupational injuries: Reported injuries | Type of cases of occupational injuries: Cases of occupational injury",
"Mauritius","ADM-LIR - Occupational, Safety and Health Division, Ministry of Labour, Human Resource Development and Training","SDG indicator 8.8.1 - Fatal occupational injuries per 100'000 workers","Sex: Total","Migrant status: Total","2023",2.6,,"Coverage of occupational injuries: Reported injuries | Type of cases of occupational injuries: Including cases of occupational disease and cases of injury due to commuting accidents","Establishment size coverage: All establishments with at least 10 employees"
"Mauritius","ADM-LIR - Occupational, Safety and Health Division, Ministry of Labour, Human Resource Development and Training","SDG indicator 8.8.1 - Fatal occupational injuries per 100'000 workers","Sex: Total","Migrant status: Migrants","2023",11.2,,"Coverage of occupational injuries: Reported injuries | Type of cases of occupational injuries: Including cases of occupational disease and cases of injury due to commuting accidents","Establishment size coverage: All establishments with at least 10 employees"
"Mauritius","ADM-LIR - Occupational, Safety and Health Division, Ministry of Labour, Human Resource Development and Training","SDG indicator 8.8.1 - Fatal occupational injuries per 100'000 workers","Sex: Total","Migrant status: Non migrants","2023",2.2,,"Coverage of occupational injuries: Reported injuries | Type of cases of occupational injuries: Including cases of occupational disease and cases of injury due to commuting accidents","Establishment size coverage: All establishments with at least 10 employees"
"Mauritius","ADM-LIR - Occupational, Safety and Health Division, Ministry of Labour, Human Resource Development and Training","SDG indicator 8.8.1 - Fatal occupational injuries per 100'000 workers","Sex: Male","Migrant status: Total","2023",4.3,,"Coverage of occupational injuries: Reported injuries | Type of cases of occupational injuries: Including cases of occupational disease and cases of injury due to commuting accidents","Establishment size coverage: All establishments with at least 10 employees"
"Mauritius","ADM-LIR - Occupational, Safety and Health Division, Ministry of Labour, Human Resource Development and Training","SDG indicator 8.8.1 - Fatal occupational injuries per 100'000 workers","Sex: Male","Migrant status: Migrants","2023",14.1,,"Coverage of occupational injuries: Reported injuries | Type of cases of occupational injuries: Including cases of occupational disease and cases of injury due to commuting accidents","Establishment size coverage: All establishments with at least 10 employees"
"Mauritius","ADM-LIR - Occupational, Safety and Health Division, Ministry of Labour, Human Resource Development and Training","SDG indicator 8.8.1 - Fatal occupational injuries per 100'000 workers","Sex: Male","Migrant status: Non migrants","2023",3.7,,"Coverage of occupational injuries: Reported injuries | Type of cases of occupational injuries: Including cases of occupational disease and cases of injury due to commuting accidents","Establishment size coverage: All establishments with at least 10 employees"
"Mauritius","ADM-LIR - Occupational, Safety and Health Division, Ministry of Labour, Human Resource Development and Training","SDG indicator 8.8.1 - Fatal occupational injuries per 100'000 workers","Sex: Female","Migrant status: Total","2023",0,,"Coverage of occupational injuries: Reported injuries | Type of cases of occupational injuries: Including cases of occupational disease and cases of injury due to commuting accidents","Establishment size coverage: All establishments with at least 10 employees"
"Mauritius","ADM-LIR - Occupational, Safety and Health Division, Ministry of Labour, Human Resource Development and Training","SDG indicator 8.8.1 - Fatal occupational injuries per 100'000 workers","Sex: Female","Migrant status: Migrants","2023",0,,"Coverage of occupational injuries: Reported injuries | Type of cases of occupational injuries: Including cases of occupational disease and cases of injury due to commuting accidents","Establishment size coverage: All establishments with at least 10 employees"
"Mauritius","ADM-LIR - Occupational, Safety and Health Division, Ministry of Labour, Human Resource Development and Training","SDG indicator 8.8.1 - Fatal occupational injuries per 100'000 workers","Sex: Female","Migrant status: Non migrants","2023",0,,"Coverage of occupational injuries: Reported injuries | Type of cases of occupational injuries: Including cases of occupational disease and cases of injury due to commuting accidents","Establishment size coverage: All establishments with at least 10 employees"
"Mauritius","ADM-LIR - Occupational, Safety and Health Division, Ministry of Labour, Human Resource Development and Training","SDG indicator 8.8.1 - Fatal occupational injuries per 100'000 workers","Sex: Total","Migrant status: Total","2022",1.3,,"Coverage of occupational injuries: Reported injuries | Type of cases of occupational injuries: Including cases of occupational disease and cases of injury due to commuting accidents",
"Mauritius","ADM-LIR - Occupational, Safety and Health Division, Ministry of Labour, Human Resource Development and Training","SDG indicator 8.8.1 - Fatal occupational injuries per 100'000 workers","Sex: Total","Migrant status: Migrants","2022",3.5,,"Coverage of occupational injuries: Reported injuries | Type of cases of occupational injuries: Including cases of occupational disease and cases of injury due to commuting accidents",
"Mauritius","ADM-LIR - Occupational, Safety and Health Division, Ministry of Labour, Human Resource Development and Training","SDG indicator 8.8.1 - Fatal occupational injuries per 100'000 workers","Sex: Total","Migrant status: Non migrants","2022",1.2,,"Coverage of occupational injuries: Reported injuries | Type of cases of occupational injuries: Including cases of occupational disease and cases of injury due to commuting accidents",
"Mauritius","ADM-LIR - Occupational, Safety and Health Division, Ministry of Labour, Human Resource Development and Training","SDG indicator 8.8.1 - Fatal occupational injuries per 100'000 workers","Sex: Male","Migrant status: Total","2022",2.1,,"Coverage of occupational injuries: Reported injuries | Type of cases of occupational injuries: Including cases of occupational disease and cases of injury due to commuting accidents",
"Mauritius","ADM-LIR - Occupational, Safety and Health Division, Ministry of Labour, Human Resource Development and Training","SDG indicator 8.8.1 - Fatal occupational injuries per 100'000 workers","Sex: Male","Migrant status: Migrants","2022",4.5,,"Coverage of occupational injuries: Reported injuries | Type of cases of occupational injuries: Including cases of occupational disease and cases of injury due to commuting accidents",
"Mauritius","ADM-LIR - Occupational, Safety and Health Division, Ministry of Labour, Human Resource Development and Training","SDG indicator 8.8.1 - Fatal occupational injuries per 100'000 workers","Sex: Male","Migrant status: Non migrants","2022",1.9,,"Coverage of occupational injuries: Reported injuries | Type of cases of occupational injuries: Including cases of occupational disease and cases of injury due to commuting accidents",
"Mauritius","ADM-LIR - Occupational, Safety and Health Division, Ministry of Labour, Human Resource Development and Training","SDG indicator 8.8.1 - Fatal occupational injuries per 100'000 workers","Sex: Female","Migrant status: Total","2022",0,,"Coverage of occupational injuries: Reported injuries | Type of cases of occupational injuries: Including cases of occupational disease and cases of injury due to commuting accidents",
"Mauritius","ADM-LIR - Occupational, Safety and Health Division, Ministry of Labour, Human Resource Development and Training","SDG indicator 8.8.1 - Fatal occupational injuries per 100'000 workers","Sex: Female","Migrant status: Migrants","2022",0,,"Coverage of occupational injuries: Reported injuries | Type of cases of occupational injuries: Including cases of occupational disease and cases of injury due to commuting accidents",
"Mauritius","ADM-LIR - Occupational, Safety and Health Division, Ministry of Labour, Human Resource Development and Training","SDG indicator 8.8.1 - Fatal occupational injuries per 100'000 workers","Sex: Female","Migrant status: Non migrants","2022",0,,"Coverage of occupational injuries: Reported injuries | Type of cases of occupational injuries: Including cases of occupational disease and cases of injury due to commuting accidents",
"Mauritius","ADM-LIR - Occupational, Safety and Health Division, Ministry of Labour, Human Resource Development and Training","SDG indicator 8.8.1 - Fatal occupational injuries per 100'000 workers","Sex: Total","Migrant status: Total","2021",1.7,,"Coverage of occupational injuries: Reported injuries | Type of cases of occupational injuries: Including cases of occupational disease and cases of injury due to commuting accidents",
"Mauritius","ADM-LIR - Occupational, Safety and Health Division, Ministry of Labour, Human Resource Development and Training","SDG indicator 8.8.1 - Fatal occupational injuries per 100'000 workers","Sex: Total","Migrant status: Total","2020",2.4,,"Coverage of occupational injuries: Reported injuries | Type of cases of occupational injuries: Including cases of occupational disease and cases of injury due to commuting accidents",
"Mauritius","ADM-LIR - Occupational, Safety and Health Division, Ministry of Labour, Human Resource Development and Training","SDG indicator 8.8.1 - Fatal occupational injuries per 100'000 workers","Sex: Total","Migrant status: Total","2019",2.1,,"Coverage of occupational injuries: Reported injuries | Type of cases of occupational injuries: Including cases of occupational disease and cases of injury due to commuting accidents",
"Mauritius","ADM-LIR - Occupational, Safety and Health Division, Ministry of Labour, Human Resource Development and Training","SDG indicator 8.8.1 - Fatal occupational injuries per 100'000 workers","Sex: Total","Migrant status: Total","2018",1.2,,"Coverage of occupational injuries: Reported injuries | Type of cases of occupational injuries: Including cases of occupational disease and cases of injury due to commuting accidents",
"Malaysia","ADM - Records of the Ministry of Human ReSources","SDG indicator 8.8.1 - Fatal occupational injuries per 100'000 workers","Sex: Total","Migrant status: Total","2022",14.58,,"Coverage of occupational injuries: Reported injuries | Type of cases of occupational injuries: Cases of occupational injury","Data reference period: End of the year | Institutional sector coverage: Private sector only | Reference group coverage: Employees"
"Malaysia","ADM - Records of the Ministry of Human ReSources","SDG indicator 8.8.1 - Fatal occupational injuries per 100'000 workers","Sex: Total","Migrant status: Migrants","2022",3.73,,"Coverage of occupational injuries: Reported injuries | Type of cases of occupational injuries: Cases of occupational injury","Data reference period: End of the year | Institutional sector coverage: Private sector only | Reference group coverage: Employees"
"Malaysia","ADM - Records of the Ministry of Human ReSources","SDG indicator 8.8.1 - Fatal occupational injuries per 100'000 workers","Sex: Total","Migrant status: Non migrants","2022",16.82,,"Coverage of occupational injuries: Reported injuries | Type of cases of occupational injuries: Cases of occupational injury","Data reference period: End of the year | Institutional sector coverage: Private sector only | Reference group coverage: Employees"
"Malaysia","ADM - Records of the Ministry of Human ReSources","SDG indicator 8.8.1 - Fatal occupational injuries per 100'000 workers","Sex: Male","Migrant status: Total","2022",21.15,,"Coverage of occupational injuries: Reported injuries | Type of cases of occupational injuries: Cases of occupational injury","Data reference period: End of the year | Institutional sector coverage: Private sector only | Reference group coverage: Employees"
"Malaysia","ADM - Records of the Ministry of Human ReSources","SDG indicator 8.8.1 - Fatal occupational injuries per 100'000 workers","Sex: Male","Migrant status: Migrants","2022",4.24,,"Coverage of occupational injuries: Reported injuries | Type of cases of occupational injuries: Cases of occupational injury","Data reference period: End of the year | Institutional sector coverage: Private sector only | Reference group coverage: Employees"
"Malaysia","ADM - Records of the Ministry of Human ReSources","SDG indicator 8.8.1 - Fatal occupational injuries per 100'000 workers","Sex: Male","Migrant status: Non migrants","2022",26.36,,"Coverage of occupational injuries: Reported injuries | Type of cases of occupational injuries: Cases of occupational injury","Data reference period: End of the year | Institutional sector coverage: Private sector only | Reference group coverage: Employees"
"Malaysia","ADM - Records of the Ministry of Human ReSources","SDG indicator 8.8.1 - Fatal occupational injuries per 100'000 workers","Sex: Female","Migrant status: Total","2022",3.9,,"Coverage of occupational injuries: Reported injuries | Type of cases of occupational injuries: Cases of occupational injury","Data reference period: End of the year | Institutional sector coverage: Private sector only | Reference group coverage: Employees"
"Malaysia","ADM - Records of the Ministry of Human ReSources","SDG indicator 8.8.1 - Fatal occupational injuries per 100'000 workers","Sex: Female","Migrant status: Migrants","2022",0.84,,"Coverage of occupational injuries: Reported injuries | Type of cases of occupational injuries: Cases of occupational injury","Data reference period: End of the year | Institutional sector coverage: Private sector only | Reference group coverage: Employees"
"Malaysia","ADM - Records of the Ministry of Human ReSources","SDG indicator 8.8.1 - Fatal occupational injuries per 100'000 workers","Sex: Female","Migrant status: Non migrants","2022",4.12,,"Coverage of occupational injuries: Reported injuries | Type of cases of occupational injuries: Cases of occupational injury","Data reference period: End of the year | Institutional sector coverage: Private sector only | Reference group coverage: Employees"
"Malaysia","ADM - Records of the Ministry of Human ReSources","SDG indicator 8.8.1 - Fatal occupational injuries per 100'000 workers","Sex: Total","Migrant status: Non migrants","2018",3.1,,"Coverage of occupational injuries: Reported injuries | Type of cases of occupational injuries: Cases of occupational injury","Data reference period: End of the year | Institutional sector coverage: Private sector only | Reference group coverage: Employees"
"Malaysia","ADM - Records of the Ministry of Human ReSources","SDG indicator 8.8.1 - Fatal occupational injuries per 100'000 workers","Sex: Male","Migrant status: Non migrants","2018",5.3,,"Coverage of occupational injuries: Reported injuries | Type of cases of occupational injuries: Cases of occupational injury","Data reference period: End of the year | Institutional sector coverage: Private sector only | Reference group coverage: Employees"
"Malaysia","ADM - Records of the Ministry of Human ReSources","SDG indicator 8.8.1 - Fatal occupational injuries per 100'000 workers","Sex: Female","Migrant status: Non migrants","2018",0.2,,"Coverage of occupational injuries: Reported injuries | Type of cases of occupational injuries: Cases of occupational injury","Data reference period: End of the year | Institutional sector coverage: Private sector only | Reference group coverage: Employees"
"Malaysia","ADM - Records of the Ministry of Human ReSources","SDG indicator 8.8.1 - Fatal occupational injuries per 100'000 workers","Sex: Total","Migrant status: Total","2017",3.8,,"Coverage of occupational injuries: Reported injuries | Type of cases of occupational injuries: Cases of occupational injury","Data reference period: End of the year | Institutional sector coverage: Private sector only | Reference group coverage: Employees"
"Malaysia","ADM - Records of the Ministry of Human ReSources","SDG indicator 8.8.1 - Fatal occupational injuries per 100'000 workers","Sex: Male","Migrant status: Total","2017",6.3,,"Coverage of occupational injuries: Reported injuries | Type of cases of occupational injuries: Cases of occupational injury","Data reference period: End of the year | Institutional sector coverage: Private sector only | Reference group coverage: Employees"
"Malaysia","ADM - Records of the Ministry of Human ReSources","SDG indicator 8.8.1 - Fatal occupational injuries per 100'000 workers","Sex: Female","Migrant status: Total","2017",0.4,,"Coverage of occupational injuries: Reported injuries | Type of cases of occupational injuries: Cases of occupational injury","Data reference period: End of the year | Institutional sector coverage: Private sector only | Reference group coverage: Employees"
"Malaysia","ADM - Records of the Ministry of Human ReSources","SDG indicator 8.8.1 - Fatal occupational injuries per 100'000 workers","Sex: Total","Migrant status: Total","2015",5,,"Coverage of occupational injuries: Reported injuries | Type of cases of occupational injuries: Cases of occupational injury | Type of rate: Incidence rate (per 100'000 persons insured) | Time period for occurrence of death: Deaths occurring within the same reference financial year","Data reference period: End of the year | Institutional sector coverage: Private sector only | Reference group coverage: Employees"
"Malaysia","ADM - Records of the Ministry of Human ReSources","SDG indicator 8.8.1 - Fatal occupational injuries per 100'000 workers","Sex: Male","Migrant status: Total","2015",8,,"Coverage of occupational injuries: Reported injuries | Type of cases of occupational injuries: Cases of occupational injury | Type of rate: Incidence rate (per 100'000 persons insured) | Time period for occurrence of death: Deaths occurring within the same reference financial year","Data reference period: End of the year | Institutional sector coverage: Private sector only | Reference group coverage: Employees"
"Malaysia","ADM - Records of the Ministry of Human ReSources","SDG indicator 8.8.1 - Fatal occupational injuries per 100'000 workers","Sex: Female","Migrant status: Total","2015",1,,"Coverage of occupational injuries: Reported injuries | Type of cases of occupational injuries: Cases of occupational injury | Type of rate: Incidence rate (per 100'000 persons insured) | Time period for occurrence of death: Deaths occurring within the same reference financial year","Data reference period: End of the year | Institutional sector coverage: Private sector only | Reference group coverage: Employees"
"Malaysia","ADM - Records of the Ministry of Human ReSources","SDG indicator 8.8.1 - Fatal occupational injuries per 100'000 workers","Sex: Total","Migrant status: Total","2013",5,,"Coverage of occupational injuries: Reported injuries | Type of cases of occupational injuries: Cases of occupational injury | Type of rate: Incidence rate (per 100'000 persons insured) | Time period for occurrence of death: Deaths occurring within the same reference financial year","Data reference period: End of the year | Institutional sector coverage: Private sector only | Reference group coverage: Employees"
"Malaysia","ADM - Records of the Ministry of Human ReSources","SDG indicator 8.8.1 - Fatal occupational injuries per 100'000 workers","Sex: Male","Migrant status: Total","2013",8,,"Coverage of occupational injuries: Reported injuries | Type of cases of occupational injuries: Cases of occupational injury | Type of rate: Incidence rate (per 100'000 persons insured) | Time period for occurrence of death: Deaths occurring within the same reference financial year","Data reference period: End of the year | Institutional sector coverage: Private sector only | Reference group coverage: Employees"
"Malaysia","ADM - Records of the Ministry of Human ReSources","SDG indicator 8.8.1 - Fatal occupational injuries per 100'000 workers","Sex: Female","Migrant status: Total","2013",0,,"Coverage of occupational injuries: Reported injuries | Type of cases of occupational injuries: Cases of occupational injury | Type of rate: Incidence rate (per 100'000 persons insured) | Time period for occurrence of death: Deaths occurring within the same reference financial year","Data reference period: End of the year | Institutional sector coverage: Private sector only | Reference group coverage: Employees"
"New Caledonia","ADM-IR - Records of the Enterprises' and Establishments' identification directory and of the Family allowances fund","SDG indicator 8.8.1 - Fatal occupational injuries per 100'000 workers","Sex: Total","Migrant status: Total","2015",7,,"Coverage of occupational injuries: Reported injuries | Type of cases of occupational injuries: Cases of occupational injury","Institutional sector coverage: Private sector only | Economic activity coverage: Excluding public administration | Reference group coverage: Employees"
"New Caledonia","ADM-IR - Records of the Enterprises' and Establishments' identification directory and of the Family allowances fund","SDG indicator 8.8.1 - Fatal occupational injuries per 100'000 workers","Sex: Total","Migrant status: Total","2014",5,,"Coverage of occupational injuries: Reported injuries | Type of cases of occupational injuries: Cases of occupational injury","Institutional sector coverage: Private sector only | Economic activity coverage: Excluding public administration | Reference group coverage: Employees"
"New Caledonia","ADM-IR - Records of the Enterprises' and Establishments' identification directory and of the Family allowances fund","SDG indicator 8.8.1 - Fatal occupational injuries per 100'000 workers","Sex: Total","Migrant status: Total","2013",11,,"Coverage of occupational injuries: Reported injuries | Type of cases of occupational injuries: Cases of occupational injury","Institutional sector coverage: Private sector only | Economic activity coverage: Excluding public administration | Reference group coverage: Employees"
"Netherlands","ADM-IR - Insurance Records","SDG indicator 8.8.1 - Fatal occupational injuries per 100'000 workers","Sex: Total","Migrant status: Total","2022",0.31,,"Coverage of occupational injuries: Reported injuries","Repository: ILO calculations based on Eurostat data | Reference group coverage: Employees"
"Netherlands","ADM-IR - Insurance Records","SDG indicator 8.8.1 - Fatal occupational injuries per 100'000 workers","Sex: Total","Migrant status: Total","2021",0.33,,"Coverage of occupational injuries: Reported injuries","Repository: ILO calculations based on Eurostat data | Reference group coverage: Employees"
"Netherlands","ADM-IR - Insurance Records","SDG indicator 8.8.1 - Fatal occupational injuries per 100'000 workers","Sex: Total","Migrant status: Total","2020",0.3,,"Coverage of occupational injuries: Reported injuries","Repository: ILO calculations based on Eurostat data | Reference group coverage: Employees"
"Netherlands","ADM-IR - Insurance Records","SDG indicator 8.8.1 - Fatal occupational injuries per 100'000 workers","Sex: Total","Migrant status: Total","2019",0.48,,"Coverage of occupational injuries: Reported injuries","Repository: ILO calculations based on Eurostat data | Reference group coverage: Employees"
"Netherlands","ADM-IR - Insurance Records","SDG indicator 8.8.1 - Fatal occupational injuries per 100'000 workers","Sex: Total","Migrant status: Total","2018",0.6,,"Coverage of occupational injuries: Reported injuries","Repository: ILO calculations based on Eurostat data | Reference group coverage: Employees"
"Netherlands","ADM-IR - Insurance Records","SDG indicator 8.8.1 - Fatal occupational injuries per 100'000 workers","Sex: Total","Migrant status: Total","2017",0.59,,"Coverage of occupational injuries: Reported injuries","Repository: ILO calculations based on Eurostat data | Reference group coverage: Employees"
"Netherlands","ADM-IR - Insurance Records","SDG indicator 8.8.1 - Fatal occupational injuries per 100'000 workers","Sex: Total","Migrant status: Total","2016",0.5,,"Coverage of occupational injuries: Reported injuries","Repository: ILO calculations based on Eurostat data | Reference group coverage: Employees"
"Netherlands","ADM-IR - Insurance Records","SDG indicator 8.8.1 - Fatal occupational injuries per 100'000 workers","Sex: Total","Migrant status: Total","2015",0.5,,"Coverage of occupational injuries: Reported injuries","Repository: ILO calculations based on Eurostat data | Reference group coverage: Employees"
"Netherlands","ADM-IR - Insurance Records","SDG indicator 8.8.1 - Fatal occupational injuries per 100'000 workers","Sex: Total","Migrant status: Total","2014",0.64,,"Coverage of occupational injuries: Reported injuries","Repository: ILO calculations based on Eurostat data | Reference group coverage: Employees"
"Netherlands","ADM-IR - Insurance Records","SDG indicator 8.8.1 - Fatal occupational injuries per 100'000 workers","Sex: Total","Migrant status: Total","2013",0.5,,"Coverage of occupational injuries: Reported injuries","Repository: ILO calculations based on Eurostat data | Reference group coverage: Employees"
"Norway","ADM-LIR - Directorate of labour Inspection Records","SDG indicator 8.8.1 - Fatal occupational injuries per 100'000 workers","Sex: Total","Migrant status: Total","2022",1.1,,"Coverage of occupational injuries: Reported injuries | Type of cases of occupational injuries: Including cases of injury due to commuting accidents","Repository: ILO calculations based on Eurostat data"
"Norway","ADM-LIR - Directorate of labour Inspection Records","SDG indicator 8.8.1 - Fatal occupational injuries per 100'000 workers","Sex: Total","Migrant status: Migrants","2022",0.58,,"Coverage of occupational injuries: Reported injuries | Type of cases of occupational injuries: Including cases of injury due to commuting accidents","Repository: ILO calculations based on Eurostat data"
"Norway","ADM-LIR - Directorate of labour Inspection Records","SDG indicator 8.8.1 - Fatal occupational injuries per 100'000 workers","Sex: Total","Migrant status: Non migrants","2022",1.22,,"Coverage of occupational injuries: Reported injuries | Type of cases of occupational injuries: Including cases of injury due to commuting accidents","Repository: ILO calculations based on Eurostat data"
"Norway","ADM-LIR - Directorate of labour Inspection Records","SDG indicator 8.8.1 - Fatal occupational injuries per 100'000 workers","Sex: Male","Migrant status: Total","2022",2.08,,"Coverage of occupational injuries: Reported injuries | Type of cases of occupational injuries: Including cases of injury due to commuting accidents","Repository: ILO calculations based on Eurostat data"
"Norway","ADM-LIR - Directorate of labour Inspection Records","SDG indicator 8.8.1 - Fatal occupational injuries per 100'000 workers","Sex: Male","Migrant status: Migrants","2022",1.07,,"Coverage of occupational injuries: Reported injuries | Type of cases of occupational injuries: Including cases of injury due to commuting accidents","Repository: ILO calculations based on Eurostat data"
"Norway","ADM-LIR - Directorate of labour Inspection Records","SDG indicator 8.8.1 - Fatal occupational injuries per 100'000 workers","Sex: Male","Migrant status: Non migrants","2022",2.32,,"Coverage of occupational injuries: Reported injuries | Type of cases of occupational injuries: Including cases of injury due to commuting accidents","Repository: ILO calculations based on Eurostat data"
"Norway","ADM-LIR - Directorate of labour Inspection Records","SDG indicator 8.8.1 - Fatal occupational injuries per 100'000 workers","Sex: Total","Migrant status: Total","2021",1.41,,"Coverage of occupational injuries: Reported injuries | Type of cases of occupational injuries: Including cases of injury due to commuting accidents","Repository: ILO calculations based on Eurostat data"
"Norway","ADM-LIR - Directorate of labour Inspection Records","SDG indicator 8.8.1 - Fatal occupational injuries per 100'000 workers","Sex: Total","Migrant status: Migrants","2021",1.65,,"Coverage of occupational injuries: Reported injuries | Type of cases of occupational injuries: Including cases of injury due to commuting accidents","Repository: ILO calculations based on Eurostat data"
"Norway","ADM-LIR - Directorate of labour Inspection Records","SDG indicator 8.8.1 - Fatal occupational injuries per 100'000 workers","Sex: Total","Migrant status: Non migrants","2021",1.36,,"Coverage of occupational injuries: Reported injuries | Type of cases of occupational injuries: Including cases of injury due to commuting accidents","Repository: ILO calculations based on Eurostat data"
"Norway","ADM-LIR - Directorate of labour Inspection Records","SDG indicator 8.8.1 - Fatal occupational injuries per 100'000 workers","Sex: Male","Migrant status: Total","2021",2.61,,"Coverage of occupational injuries: Reported injuries | Type of cases of occupational injuries: Including cases of injury due to commuting accidents","Repository: ILO calculations based on Eurostat data"
"Norway","ADM-LIR - Directorate of labour Inspection Records","SDG indicator 8.8.1 - Fatal occupational injuries per 100'000 workers","Sex: Male","Migrant status: Migrants","2021",3.02,,"Coverage of occupational injuries: Reported injuries | Type of cases of occupational injuries: Including cases of injury due to commuting accidents","Repository: ILO calculations based on Eurostat data"
"Norway","ADM-LIR - Directorate of labour Inspection Records","SDG indicator 8.8.1 - Fatal occupational injuries per 100'000 workers","Sex: Male","Migrant status: Non migrants","2021",2.52,,"Coverage of occupational injuries: Reported injuries | Type of cases of occupational injuries: Including cases of injury due to commuting accidents","Repository: ILO calculations based on Eurostat data"
"Norway","ADM-LIR - Directorate of labour Inspection Records","SDG indicator 8.8.1 - Fatal occupational injuries per 100'000 workers","Sex: Female","Migrant status: Total","2021",0.08,,"Coverage of occupational injuries: Reported injuries | Type of cases of occupational injuries: Including cases of injury due to commuting accidents","Repository: ILO calculations based on Eurostat data"
"Norway","ADM-LIR - Directorate of labour Inspection Records","SDG indicator 8.8.1 - Fatal occupational injuries per 100'000 workers","Sex: Female","Migrant status: Non migrants","2021",0.09,,"Coverage of occupational injuries: Reported injuries | Type of cases of occupational injuries: Including cases of injury due to commuting accidents","Repository: ILO calculations based on Eurostat data"
"Norway","ADM-LIR - Directorate of labour Inspection Records","SDG indicator 8.8.1 - Fatal occupational injuries per 100'000 workers","Sex: Total","Migrant status: Total","2020",1.53,,"Coverage of occupational injuries: Reported injuries | Type of cases of occupational injuries: Including cases of injury due to commuting accidents","Repository: ILO calculations based on Eurostat data"
"Norway","ADM-LIR - Directorate of labour Inspection Records","SDG indicator 8.8.1 - Fatal occupational injuries per 100'000 workers","Sex: Total","Migrant status: Migrants","2020",3.8,,"Coverage of occupational injuries: Reported injuries | Type of cases of occupational injuries: Including cases of injury due to commuting accidents","Repository: ILO calculations based on Eurostat data"
"Norway","ADM-LIR - Directorate of labour Inspection Records","SDG indicator 8.8.1 - Fatal occupational injuries per 100'000 workers","Sex: Total","Migrant status: Non migrants","2020",1.07,,"Coverage of occupational injuries: Reported injuries | Type of cases of occupational injuries: Including cases of injury due to commuting accidents","Repository: ILO calculations based on Eurostat data"
"Norway","ADM-LIR - Directorate of labour Inspection Records","SDG indicator 8.8.1 - Fatal occupational injuries per 100'000 workers","Sex: Male","Migrant status: Total","2020",2.82,,"Coverage of occupational injuries: Reported injuries | Type of cases of occupational injuries: Including cases of injury due to commuting accidents","Repository: ILO calculations based on Eurostat data"
"Norway","ADM-LIR - Directorate of labour Inspection Records","SDG indicator 8.8.1 - Fatal occupational injuries per 100'000 workers","Sex: Male","Migrant status: Migrants","2020",6.92,,"Coverage of occupational injuries: Reported injuries | Type of cases of occupational injuries: Including cases of injury due to commuting accidents","Repository: ILO calculations based on Eurostat data"
"Norway","ADM-LIR - Directorate of labour Inspection Records","SDG indicator 8.8.1 - Fatal occupational injuries per 100'000 workers","Sex: Male","Migrant status: Non migrants","2020",1.96,,"Coverage of occupational injuries: Reported injuries | Type of cases of occupational injuries: Including cases of injury due to commuting accidents","Repository: ILO calculations based on Eurostat data"
"Norway","ADM-LIR - Directorate of labour Inspection Records","SDG indicator 8.8.1 - Fatal occupational injuries per 100'000 workers","Sex: Female","Migrant status: Total","2020",0.08,,"Coverage of occupational injuries: Reported injuries | Type of cases of occupational injuries: Including cases of injury due to commuting accidents","Repository: ILO calculations based on Eurostat data"
"Norway","ADM-LIR - Directorate of labour Inspection Records","SDG indicator 8.8.1 - Fatal occupational injuries per 100'000 workers","Sex: Female","Migrant status: Non migrants","2020",0.09,,"Coverage of occupational injuries: Reported injuries | Type of cases of occupational injuries: Including cases of injury due to commuting accidents","Repository: ILO calculations based on Eurostat data"
"Norway","ADM-LIR - Directorate of labour Inspection Records","SDG indicator 8.8.1 - Fatal occupational injuries per 100'000 workers","Sex: Total","Migrant status: Total","2019",1.22,,"Coverage of occupational injuries: Reported injuries | Type of cases of occupational injuries: Including cases of injury due to commuting accidents","Repository: ILO calculations based on Eurostat data"
"Norway","ADM-LIR - Directorate of labour Inspection Records","SDG indicator 8.8.1 - Fatal occupational injuries per 100'000 workers","Sex: Total","Migrant status: Migrants","2019",1.11,,"Coverage of occupational injuries: Reported injuries | Type of cases of occupational injuries: Including cases of injury due to commuting accidents","Repository: ILO calculations based on Eurostat data"
"Norway","ADM-LIR - Directorate of labour Inspection Records","SDG indicator 8.8.1 - Fatal occupational injuries per 100'000 workers","Sex: Total","Migrant status: Non migrants","2019",1.24,,"Coverage of occupational injuries: Reported injuries | Type of cases of occupational injuries: Including cases of injury due to commuting accidents","Repository: ILO calculations based on Eurostat data"
"Norway","ADM-LIR - Directorate of labour Inspection Records","SDG indicator 8.8.1 - Fatal occupational injuries per 100'000 workers","Sex: Male","Migrant status: Total","2019",2.3,,"Coverage of occupational injuries: Reported injuries | Type of cases of occupational injuries: Including cases of injury due to commuting accidents","Repository: ILO calculations based on Eurostat data"
"Norway","ADM-LIR - Directorate of labour Inspection Records","SDG indicator 8.8.1 - Fatal occupational injuries per 100'000 workers","Sex: Male","Migrant status: Migrants","2019",2,,"Coverage of occupational injuries: Reported injuries | Type of cases of occupational injuries: Including cases of injury due to commuting accidents","Repository: ILO calculations based on Eurostat data"
"Norway","ADM-LIR - Directorate of labour Inspection Records","SDG indicator 8.8.1 - Fatal occupational injuries per 100'000 workers","Sex: Male","Migrant status: Non migrants","2019",2.37,,"Coverage of occupational injuries: Reported injuries | Type of cases of occupational injuries: Including cases of injury due to commuting accidents","Repository: ILO calculations based on Eurostat data"
"Norway","ADM-LIR - Directorate of labour Inspection Records","SDG indicator 8.8.1 - Fatal occupational injuries per 100'000 workers","Sex: Total","Migrant status: Total","2018",1.38,,"Coverage of occupational injuries: Reported injuries | Type of cases of occupational injuries: Including cases of injury due to commuting accidents","Repository: ILO calculations based on Eurostat data"
"Norway","ADM-LIR - Directorate of labour Inspection Records","SDG indicator 8.8.1 - Fatal occupational injuries per 100'000 workers","Sex: Total","Migrant status: Migrants","2018",1.61,,"Coverage of occupational injuries: Reported injuries | Type of cases of occupational injuries: Including cases of injury due to commuting accidents","Repository: ILO calculations based on Eurostat data"
"Norway","ADM-LIR - Directorate of labour Inspection Records","SDG indicator 8.8.1 - Fatal occupational injuries per 100'000 workers","Sex: Total","Migrant status: Non migrants","2018",1.33,,"Coverage of occupational injuries: Reported injuries | Type of cases of occupational injuries: Including cases of injury due to commuting accidents","Repository: ILO calculations based on Eurostat data"
"Norway","ADM-LIR - Directorate of labour Inspection Records","SDG indicator 8.8.1 - Fatal occupational injuries per 100'000 workers","Sex: Male","Migrant status: Total","2018",2.61,,"Coverage of occupational injuries: Reported injuries | Type of cases of occupational injuries: Including cases of injury due to commuting accidents","Repository: ILO calculations based on Eurostat data"
"Norway","ADM-LIR - Directorate of labour Inspection Records","SDG indicator 8.8.1 - Fatal occupational injuries per 100'000 workers","Sex: Male","Migrant status: Migrants","2018",2.91,,"Coverage of occupational injuries: Reported injuries | Type of cases of occupational injuries: Including cases of injury due to commuting accidents","Repository: ILO calculations based on Eurostat data"
"Norway","ADM-LIR - Directorate of labour Inspection Records","SDG indicator 8.8.1 - Fatal occupational injuries per 100'000 workers","Sex: Male","Migrant status: Non migrants","2018",2.55,,"Coverage of occupational injuries: Reported injuries | Type of cases of occupational injuries: Including cases of injury due to commuting accidents","Repository: ILO calculations based on Eurostat data"
"Norway","ADM-LIR - Directorate of labour Inspection Records","SDG indicator 8.8.1 - Fatal occupational injuries per 100'000 workers","Sex: Total","Migrant status: Total","2017",1.59,,"Coverage of occupational injuries: Reported injuries | Type of cases of occupational injuries: Including cases of injury due to commuting accidents","Repository: ILO calculations based on Eurostat data"
"Norway","ADM-LIR - Directorate of labour Inspection Records","SDG indicator 8.8.1 - Fatal occupational injuries per 100'000 workers","Sex: Total","Migrant status: Total","2016",1.66,,"Coverage of occupational injuries: Reported injuries | Type of cases of occupational injuries: Including cases of injury due to commuting accidents","Repository: ILO calculations based on Eurostat data"
"Norway","ADM-LIR - Directorate of labour Inspection Records","SDG indicator 8.8.1 - Fatal occupational injuries per 100'000 workers","Sex: Total","Migrant status: Total","2015",1.48,,"Coverage of occupational injuries: Reported injuries | Type of cases of occupational injuries: Including cases of injury due to commuting accidents","Repository: ILO calculations based on Eurostat data"
"Norway","ADM-LIR - Directorate of labour Inspection Records","SDG indicator 8.8.1 - Fatal occupational injuries per 100'000 workers","Sex: Total","Migrant status: Total","2014",1.71,,"Coverage of occupational injuries: Reported injuries | Type of cases of occupational injuries: Including cases of injury due to commuting accidents","Repository: ILO calculations based on Eurostat data"
"Norway","ADM-LIR - Directorate of labour Inspection Records","SDG indicator 8.8.1 - Fatal occupational injuries per 100'000 workers","Sex: Total","Migrant status: Total","2013",1.86,,"Coverage of occupational injuries: Reported injuries | Type of cases of occupational injuries: Including cases of injury due to commuting accidents","Repository: ILO calculations based on Eurostat data"
"Norway","ADM-LIR - Directorate of labour Inspection Records","SDG indicator 8.8.1 - Fatal occupational injuries per 100'000 workers","Sex: Male","Migrant status: Total","2013",3.22,,"Coverage of occupational injuries: Reported injuries | Type of cases of occupational injuries: Including cases of injury due to commuting accidents","Repository: ILO calculations based on Eurostat data"
"Norway","ADM-LIR - Directorate of labour Inspection Records","SDG indicator 8.8.1 - Fatal occupational injuries per 100'000 workers","Sex: Female","Migrant status: Total","2013",0.33,,"Coverage of occupational injuries: Reported injuries | Type of cases of occupational injuries: Including cases of injury due to commuting accidents","Repository: ILO calculations based on Eurostat data"
"New Zealand","ADM-IR - Insurance Records","SDG indicator 8.8.1 - Fatal occupational injuries per 100'000 workers","Sex: Total","Migrant status: Total","2015",2.3,,,
"Panama","ADM-LIR - Administrative Records of the Directorate for Labour Inspection","SDG indicator 8.8.1 - Fatal occupational injuries per 100'000 workers","Sex: Total","Migrant status: Total","2023",0.13,,"Coverage of occupational injuries: Reported injuries | Type of cases of occupational injuries: Cases of occupational injury","Data reference period: End of the year | Institutional sector coverage: Private sector only"
"Panama","ADM-LIR - Administrative Records of the Directorate for Labour Inspection","SDG indicator 8.8.1 - Fatal occupational injuries per 100'000 workers","Sex: Total","Migrant status: Migrants","2023",0.27,,"Coverage of occupational injuries: Reported injuries | Type of cases of occupational injuries: Cases of occupational injury","Data reference period: End of the year | Institutional sector coverage: Private sector only"
"Panama","ADM-LIR - Administrative Records of the Directorate for Labour Inspection","SDG indicator 8.8.1 - Fatal occupational injuries per 100'000 workers","Sex: Total","Migrant status: Non migrants","2023",0.12,,"Coverage of occupational injuries: Reported injuries | Type of cases of occupational injuries: Cases of occupational injury","Data reference period: End of the year | Institutional sector coverage: Private sector only"
"Panama","ADM-LIR - Administrative Records of the Directorate for Labour Inspection","SDG indicator 8.8.1 - Fatal occupational injuries per 100'000 workers","Sex: Male","Migrant status: Total","2023",0.14,,"Coverage of occupational injuries: Reported injuries | Type of cases of occupational injuries: Cases of occupational injury","Data reference period: End of the year | Institutional sector coverage: Private sector only"
"Panama","ADM-LIR - Administrative Records of the Directorate for Labour Inspection","SDG indicator 8.8.1 - Fatal occupational injuries per 100'000 workers","Sex: Male","Migrant status: Migrants","2023",0.41,,"Coverage of occupational injuries: Reported injuries | Type of cases of occupational injuries: Cases of occupational injury","Data reference period: End of the year | Institutional sector coverage: Private sector only"
"Panama","ADM-LIR - Administrative Records of the Directorate for Labour Inspection","SDG indicator 8.8.1 - Fatal occupational injuries per 100'000 workers","Sex: Male","Migrant status: Non migrants","2023",0.13,,"Coverage of occupational injuries: Reported injuries | Type of cases of occupational injuries: Cases of occupational injury","Data reference period: End of the year | Institutional sector coverage: Private sector only"
"Panama","ADM-LIR - Administrative Records of the Directorate for Labour Inspection","SDG indicator 8.8.1 - Fatal occupational injuries per 100'000 workers","Sex: Female","Migrant status: Total","2023",0.04,,"Coverage of occupational injuries: Reported injuries | Type of cases of occupational injuries: Cases of occupational injury","Data reference period: End of the year | Institutional sector coverage: Private sector only"
"Panama","ADM-LIR - Administrative Records of the Directorate for Labour Inspection","SDG indicator 8.8.1 - Fatal occupational injuries per 100'000 workers","Sex: Female","Migrant status: Migrants","2023",0,,"Coverage of occupational injuries: Reported injuries | Type of cases of occupational injuries: Cases of occupational injury","Data reference period: End of the year | Institutional sector coverage: Private sector only"
"Panama","ADM-LIR - Administrative Records of the Directorate for Labour Inspection","SDG indicator 8.8.1 - Fatal occupational injuries per 100'000 workers","Sex: Female","Migrant status: Non migrants","2023",0.04,,"Coverage of occupational injuries: Reported injuries | Type of cases of occupational injuries: Cases of occupational injury","Data reference period: End of the year | Institutional sector coverage: Private sector only"
"Panama","ADM-LIR - Administrative Records of the Directorate for Labour Inspection","SDG indicator 8.8.1 - Fatal occupational injuries per 100'000 workers","Sex: Total","Migrant status: Total","2022",1.004,,"Coverage of occupational injuries: Reported injuries | Type of cases of occupational injuries: Cases of occupational injury","Data reference period: End of the year | Institutional sector coverage: Private sector only"
"Panama","ADM-LIR - Administrative Records of the Directorate for Labour Inspection","SDG indicator 8.8.1 - Fatal occupational injuries per 100'000 workers","Sex: Total","Migrant status: Non migrants","2022",1.004,,"Coverage of occupational injuries: Reported injuries | Type of cases of occupational injuries: Cases of occupational injury","Data reference period: End of the year | Institutional sector coverage: Private sector only"
"Panama","ADM-LIR - Administrative Records of the Directorate for Labour Inspection","SDG indicator 8.8.1 - Fatal occupational injuries per 100'000 workers","Sex: Male","Migrant status: Total","2022",1.525,,"Coverage of occupational injuries: Reported injuries | Type of cases of occupational injuries: Cases of occupational injury","Data reference period: End of the year | Institutional sector coverage: Private sector only"
"Panama","ADM-LIR - Administrative Records of the Directorate for Labour Inspection","SDG indicator 8.8.1 - Fatal occupational injuries per 100'000 workers","Sex: Male","Migrant status: Non migrants","2022",1.525,,"Coverage of occupational injuries: Reported injuries | Type of cases of occupational injuries: Cases of occupational injury","Data reference period: End of the year | Institutional sector coverage: Private sector only"
"Panama","ADM-LIR - Administrative Records of the Directorate for Labour Inspection","SDG indicator 8.8.1 - Fatal occupational injuries per 100'000 workers","Sex: Female","Migrant status: Total","2022",0,,"Coverage of occupational injuries: Reported injuries | Type of cases of occupational injuries: Cases of occupational injury","Data reference period: End of the year | Institutional sector coverage: Private sector only"
"Panama","ADM-LIR - Administrative Records of the Directorate for Labour Inspection","SDG indicator 8.8.1 - Fatal occupational injuries per 100'000 workers","Sex: Female","Migrant status: Migrants","2022",0,,"Coverage of occupational injuries: Reported injuries | Type of cases of occupational injuries: Cases of occupational injury","Data reference period: End of the year | Institutional sector coverage: Private sector only"
"Panama","ADM-LIR - Administrative Records of the Directorate for Labour Inspection","SDG indicator 8.8.1 - Fatal occupational injuries per 100'000 workers","Sex: Female","Migrant status: Non migrants","2022",0,,"Coverage of occupational injuries: Reported injuries | Type of cases of occupational injuries: Cases of occupational injury","Data reference period: End of the year | Institutional sector coverage: Private sector only"
"Panama","ADM-LIR - Administrative Records of the Directorate for Labour Inspection","SDG indicator 8.8.1 - Fatal occupational injuries per 100'000 workers","Sex: Total","Migrant status: Total","2021",0.2,,"Coverage of occupational injuries: Reported injuries | Type of cases of occupational injuries: Cases of occupational injury","Data reference period: End of the year | Institutional sector coverage: Private sector only"
"Panama","ADM-LIR - Administrative Records of the Directorate for Labour Inspection","SDG indicator 8.8.1 - Fatal occupational injuries per 100'000 workers","Sex: Total","Migrant status: Migrants","2021",0,,"Coverage of occupational injuries: Reported injuries | Type of cases of occupational injuries: Cases of occupational injury","Data reference period: End of the year | Institutional sector coverage: Private sector only"
"Panama","ADM-LIR - Administrative Records of the Directorate for Labour Inspection","SDG indicator 8.8.1 - Fatal occupational injuries per 100'000 workers","Sex: Total","Migrant status: Non migrants","2021",0.21,,"Coverage of occupational injuries: Reported injuries | Type of cases of occupational injuries: Cases of occupational injury","Data reference period: End of the year | Institutional sector coverage: Private sector only"
"Panama","ADM-LIR - Administrative Records of the Directorate for Labour Inspection","SDG indicator 8.8.1 - Fatal occupational injuries per 100'000 workers","Sex: Male","Migrant status: Total","2021",0.3,,"Coverage of occupational injuries: Reported injuries | Type of cases of occupational injuries: Cases of occupational injury","Data reference period: End of the year | Institutional sector coverage: Private sector only"
"Panama","ADM-LIR - Administrative Records of the Directorate for Labour Inspection","SDG indicator 8.8.1 - Fatal occupational injuries per 100'000 workers","Sex: Male","Migrant status: Migrants","2021",0,,"Coverage of occupational injuries: Reported injuries | Type of cases of occupational injuries: Cases of occupational injury","Data reference period: End of the year | Institutional sector coverage: Private sector only"
"Panama","ADM-LIR - Administrative Records of the Directorate for Labour Inspection","SDG indicator 8.8.1 - Fatal occupational injuries per 100'000 workers","Sex: Male","Migrant status: Non migrants","2021",0.31,,"Coverage of occupational injuries: Reported injuries | Type of cases of occupational injuries: Cases of occupational injury","Data reference period: End of the year | Institutional sector coverage: Private sector only"
"Panama","ADM-LIR - Administrative Records of the Directorate for Labour Inspection","SDG indicator 8.8.1 - Fatal occupational injuries per 100'000 workers","Sex: Female","Migrant status: Total","2021",0,,"Coverage of occupational injuries: Reported injuries | Type of cases of occupational injuries: Cases of occupational injury","Data reference period: End of the year | Institutional sector coverage: Private sector only"
"Panama","ADM-LIR - Administrative Records of the Directorate for Labour Inspection","SDG indicator 8.8.1 - Fatal occupational injuries per 100'000 workers","Sex: Female","Migrant status: Migrants","2021",0,,"Coverage of occupational injuries: Reported injuries | Type of cases of occupational injuries: Cases of occupational injury","Data reference period: End of the year | Institutional sector coverage: Private sector only"
"Panama","ADM-LIR - Administrative Records of the Directorate for Labour Inspection","SDG indicator 8.8.1 - Fatal occupational injuries per 100'000 workers","Sex: Female","Migrant status: Non migrants","2021",0,,"Coverage of occupational injuries: Reported injuries | Type of cases of occupational injuries: Cases of occupational injury","Data reference period: End of the year | Institutional sector coverage: Private sector only"
"Panama","ADM-LIR - Administrative Records of the Directorate for Labour Inspection","SDG indicator 8.8.1 - Fatal occupational injuries per 100'000 workers","Sex: Total","Migrant status: Total","2020",0.311,,"Coverage of occupational injuries: Reported injuries | Type of cases of occupational injuries: Cases of occupational injury","Data reference period: End of the year | Institutional sector coverage: Private sector only"
"Panama","ADM-LIR - Administrative Records of the Directorate for Labour Inspection","SDG indicator 8.8.1 - Fatal occupational injuries per 100'000 workers","Sex: Total","Migrant status: Migrants","2020",0,,"Coverage of occupational injuries: Reported injuries | Type of cases of occupational injuries: Cases of occupational injury","Data reference period: End of the year | Institutional sector coverage: Private sector only"
"Panama","ADM-LIR - Administrative Records of the Directorate for Labour Inspection","SDG indicator 8.8.1 - Fatal occupational injuries per 100'000 workers","Sex: Total","Migrant status: Non migrants","2020",0.32,,"Coverage of occupational injuries: Reported injuries | Type of cases of occupational injuries: Cases of occupational injury","Data reference period: End of the year | Institutional sector coverage: Private sector only"
"Panama","ADM-LIR - Administrative Records of the Directorate for Labour Inspection","SDG indicator 8.8.1 - Fatal occupational injuries per 100'000 workers","Sex: Male","Migrant status: Total","2020",0.464,,"Coverage of occupational injuries: Reported injuries | Type of cases of occupational injuries: Cases of occupational injury","Data reference period: End of the year | Institutional sector coverage: Private sector only"
"Panama","ADM-LIR - Administrative Records of the Directorate for Labour Inspection","SDG indicator 8.8.1 - Fatal occupational injuries per 100'000 workers","Sex: Male","Migrant status: Migrants","2020",0,,"Coverage of occupational injuries: Reported injuries | Type of cases of occupational injuries: Cases of occupational injury","Data reference period: End of the year | Institutional sector coverage: Private sector only"
"Panama","ADM-LIR - Administrative Records of the Directorate for Labour Inspection","SDG indicator 8.8.1 - Fatal occupational injuries per 100'000 workers","Sex: Male","Migrant status: Non migrants","2020",0.481,,"Coverage of occupational injuries: Reported injuries | Type of cases of occupational injuries: Cases of occupational injury","Data reference period: End of the year | Institutional sector coverage: Private sector only"
"Panama","ADM-LIR - Administrative Records of the Directorate for Labour Inspection","SDG indicator 8.8.1 - Fatal occupational injuries per 100'000 workers","Sex: Female","Migrant status: Total","2020",0,,"Coverage of occupational injuries: Reported injuries | Type of cases of occupational injuries: Cases of occupational injury","Data reference period: End of the year | Institutional sector coverage: Private sector only"
"Panama","ADM-LIR - Administrative Records of the Directorate for Labour Inspection","SDG indicator 8.8.1 - Fatal occupational injuries per 100'000 workers","Sex: Female","Migrant status: Migrants","2020",0,,"Coverage of occupational injuries: Reported injuries | Type of cases of occupational injuries: Cases of occupational injury","Data reference period: End of the year | Institutional sector coverage: Private sector only"
"Panama","ADM-LIR - Administrative Records of the Directorate for Labour Inspection","SDG indicator 8.8.1 - Fatal occupational injuries per 100'000 workers","Sex: Female","Migrant status: Non migrants","2020",0,,"Coverage of occupational injuries: Reported injuries | Type of cases of occupational injuries: Cases of occupational injury","Data reference period: End of the year | Institutional sector coverage: Private sector only"
"Panama","ADM-LIR - Administrative Records of the Directorate for Labour Inspection","SDG indicator 8.8.1 - Fatal occupational injuries per 100'000 workers","Sex: Total","Migrant status: Total","2019",1.301,,"Coverage of occupational injuries: Reported injuries | Type of cases of occupational injuries: Cases of occupational injury","Data reference period: End of the year | Institutional sector coverage: Private sector only"
"Panama","ADM-LIR - Administrative Records of the Directorate for Labour Inspection","SDG indicator 8.8.1 - Fatal occupational injuries per 100'000 workers","Sex: Total","Migrant status: Migrants","2019",0,,"Coverage of occupational injuries: Reported injuries | Type of cases of occupational injuries: Cases of occupational injury","Data reference period: End of the year | Institutional sector coverage: Private sector only"
"Panama","ADM-LIR - Administrative Records of the Directorate for Labour Inspection","SDG indicator 8.8.1 - Fatal occupational injuries per 100'000 workers","Sex: Total","Migrant status: Non migrants","2019",1.342,,"Coverage of occupational injuries: Reported injuries | Type of cases of occupational injuries: Cases of occupational injury","Data reference period: End of the year | Institutional sector coverage: Private sector only"
"Panama","ADM-LIR - Administrative Records of the Directorate for Labour Inspection","SDG indicator 8.8.1 - Fatal occupational injuries per 100'000 workers","Sex: Male","Migrant status: Total","2019",1.905,,"Coverage of occupational injuries: Reported injuries | Type of cases of occupational injuries: Cases of occupational injury","Data reference period: End of the year | Institutional sector coverage: Private sector only"
"Panama","ADM-LIR - Administrative Records of the Directorate for Labour Inspection","SDG indicator 8.8.1 - Fatal occupational injuries per 100'000 workers","Sex: Male","Migrant status: Migrants","2019",0,,"Coverage of occupational injuries: Reported injuries | Type of cases of occupational injuries: Cases of occupational injury","Data reference period: End of the year | Institutional sector coverage: Private sector only"
"Panama","ADM-LIR - Administrative Records of the Directorate for Labour Inspection","SDG indicator 8.8.1 - Fatal occupational injuries per 100'000 workers","Sex: Male","Migrant status: Non migrants","2019",1.944,,"Coverage of occupational injuries: Reported injuries | Type of cases of occupational injuries: Cases of occupational injury","Data reference period: End of the year | Institutional sector coverage: Private sector only"
"Panama","ADM-LIR - Administrative Records of the Directorate for Labour Inspection","SDG indicator 8.8.1 - Fatal occupational injuries per 100'000 workers","Sex: Female","Migrant status: Total","2019",0,,"Coverage of occupational injuries: Reported injuries | Type of cases of occupational injuries: Cases of occupational injury","Data reference period: End of the year | Institutional sector coverage: Private sector only"
"Panama","ADM-LIR - Administrative Records of the Directorate for Labour Inspection","SDG indicator 8.8.1 - Fatal occupational injuries per 100'000 workers","Sex: Female","Migrant status: Migrants","2019",0,,"Coverage of occupational injuries: Reported injuries | Type of cases of occupational injuries: Cases of occupational injury","Data reference period: End of the year | Institutional sector coverage: Private sector only"
"Panama","ADM-LIR - Administrative Records of the Directorate for Labour Inspection","SDG indicator 8.8.1 - Fatal occupational injuries per 100'000 workers","Sex: Female","Migrant status: Non migrants","2019",0,,"Coverage of occupational injuries: Reported injuries | Type of cases of occupational injuries: Cases of occupational injury","Data reference period: End of the year | Institutional sector coverage: Private sector only"
"Panama","ADM-LIR - Administrative Records of the Directorate for Labour Inspection","SDG indicator 8.8.1 - Fatal occupational injuries per 100'000 workers","Sex: Total","Migrant status: Total","2018",1.306,,"Coverage of occupational injuries: Reported injuries | Type of cases of occupational injuries: Cases of occupational injury","Data reference period: End of the year | Institutional sector coverage: Private sector only"
"Panama","ADM-LIR - Administrative Records of the Directorate for Labour Inspection","SDG indicator 8.8.1 - Fatal occupational injuries per 100'000 workers","Sex: Total","Migrant status: Migrants","2018",8.823,,"Coverage of occupational injuries: Reported injuries | Type of cases of occupational injuries: Cases of occupational injury","Data reference period: End of the year | Institutional sector coverage: Private sector only"
"Panama","ADM-LIR - Administrative Records of the Directorate for Labour Inspection","SDG indicator 8.8.1 - Fatal occupational injuries per 100'000 workers","Sex: Total","Migrant status: Non migrants","2018",1.17,,"Coverage of occupational injuries: Reported injuries | Type of cases of occupational injuries: Cases of occupational injury","Data reference period: End of the year | Institutional sector coverage: Private sector only"
"Panama","ADM-LIR - Administrative Records of the Directorate for Labour Inspection","SDG indicator 8.8.1 - Fatal occupational injuries per 100'000 workers","Sex: Male","Migrant status: Total","2018",1.91,,"Coverage of occupational injuries: Reported injuries | Type of cases of occupational injuries: Cases of occupational injury","Data reference period: End of the year | Institutional sector coverage: Private sector only"
"Panama","ADM-LIR - Administrative Records of the Directorate for Labour Inspection","SDG indicator 8.8.1 - Fatal occupational injuries per 100'000 workers","Sex: Male","Migrant status: Migrants","2018",27.273,,"Coverage of occupational injuries: Reported injuries | Type of cases of occupational injuries: Cases of occupational injury","Data reference period: End of the year | Institutional sector coverage: Private sector only"
"Panama","ADM-LIR - Administrative Records of the Directorate for Labour Inspection","SDG indicator 8.8.1 - Fatal occupational injuries per 100'000 workers","Sex: Male","Migrant status: Non migrants","2018",1.695,,"Coverage of occupational injuries: Reported injuries | Type of cases of occupational injuries: Cases of occupational injury","Data reference period: End of the year | Institutional sector coverage: Private sector only"
"Panama","ADM-LIR - Administrative Records of the Directorate for Labour Inspection","SDG indicator 8.8.1 - Fatal occupational injuries per 100'000 workers","Sex: Female","Migrant status: Total","2018",0,,"Coverage of occupational injuries: Reported injuries | Type of cases of occupational injuries: Cases of occupational injury","Data reference period: End of the year | Institutional sector coverage: Private sector only"
"Panama","ADM-LIR - Administrative Records of the Directorate for Labour Inspection","SDG indicator 8.8.1 - Fatal occupational injuries per 100'000 workers","Sex: Female","Migrant status: Migrants","2018",0,,"Coverage of occupational injuries: Reported injuries | Type of cases of occupational injuries: Cases of occupational injury","Data reference period: End of the year | Institutional sector coverage: Private sector only"
"Panama","ADM-LIR - Administrative Records of the Directorate for Labour Inspection","SDG indicator 8.8.1 - Fatal occupational injuries per 100'000 workers","Sex: Female","Migrant status: Non migrants","2018",0,,"Coverage of occupational injuries: Reported injuries | Type of cases of occupational injuries: Cases of occupational injury","Data reference period: End of the year | Institutional sector coverage: Private sector only"
"Panama","ADM-LIR - Administrative Records of the Directorate for Labour Inspection","SDG indicator 8.8.1 - Fatal occupational injuries per 100'000 workers","Sex: Total","Migrant status: Total","2017",1.965,,"Coverage of occupational injuries: Reported injuries | Type of cases of occupational injuries: Cases of occupational injury","Data reference period: End of the year | Institutional sector coverage: Private sector only"
"Panama","ADM-LIR - Administrative Records of the Directorate for Labour Inspection","SDG indicator 8.8.1 - Fatal occupational injuries per 100'000 workers","Sex: Total","Migrant status: Migrants","2017",3.922,,"Coverage of occupational injuries: Reported injuries | Type of cases of occupational injuries: Cases of occupational injury","Data reference period: End of the year | Institutional sector coverage: Private sector only"
"Panama","ADM-LIR - Administrative Records of the Directorate for Labour Inspection","SDG indicator 8.8.1 - Fatal occupational injuries per 100'000 workers","Sex: Total","Migrant status: Non migrants","2017",1.887,,"Coverage of occupational injuries: Reported injuries | Type of cases of occupational injuries: Cases of occupational injury","Data reference period: End of the year | Institutional sector coverage: Private sector only"
"Panama","ADM-LIR - Administrative Records of the Directorate for Labour Inspection","SDG indicator 8.8.1 - Fatal occupational injuries per 100'000 workers","Sex: Male","Migrant status: Total","2017",3.009,,"Coverage of occupational injuries: Reported injuries | Type of cases of occupational injuries: Cases of occupational injury","Data reference period: End of the year | Institutional sector coverage: Private sector only"
"Panama","ADM-LIR - Administrative Records of the Directorate for Labour Inspection","SDG indicator 8.8.1 - Fatal occupational injuries per 100'000 workers","Sex: Male","Migrant status: Migrants","2017",6.25,,"Coverage of occupational injuries: Reported injuries | Type of cases of occupational injuries: Cases of occupational injury","Data reference period: End of the year | Institutional sector coverage: Private sector only"
"Panama","ADM-LIR - Administrative Records of the Directorate for Labour Inspection","SDG indicator 8.8.1 - Fatal occupational injuries per 100'000 workers","Sex: Male","Migrant status: Non migrants","2017",2.885,,"Coverage of occupational injuries: Reported injuries | Type of cases of occupational injuries: Cases of occupational injury","Data reference period: End of the year | Institutional sector coverage: Private sector only"
"Panama","ADM-LIR - Administrative Records of the Directorate for Labour Inspection","SDG indicator 8.8.1 - Fatal occupational injuries per 100'000 workers","Sex: Female","Migrant status: Total","2017",0,,"Coverage of occupational injuries: Reported injuries | Type of cases of occupational injuries: Cases of occupational injury","Data reference period: End of the year | Institutional sector coverage: Private sector only"
"Panama","ADM-LIR - Administrative Records of the Directorate for Labour Inspection","SDG indicator 8.8.1 - Fatal occupational injuries per 100'000 workers","Sex: Female","Migrant status: Migrants","2017",0,,"Coverage of occupational injuries: Reported injuries | Type of cases of occupational injuries: Cases of occupational injury","Data reference period: End of the year | Institutional sector coverage: Private sector only"
"Panama","ADM-LIR - Administrative Records of the Directorate for Labour Inspection","SDG indicator 8.8.1 - Fatal occupational injuries per 100'000 workers","Sex: Female","Migrant status: Non migrants","2017",0,,"Coverage of occupational injuries: Reported injuries | Type of cases of occupational injuries: Cases of occupational injury","Data reference period: End of the year | Institutional sector coverage: Private sector only"
"Panama","ADM-LIR - Administrative Records of the Directorate for Labour Inspection","SDG indicator 8.8.1 - Fatal occupational injuries per 100'000 workers","Sex: Total","Migrant status: Total","2016",4,,"Coverage of occupational injuries: Reported injuries | Type of cases of occupational injuries: Cases of occupational injury | Type of rate: Incidence rate (per 100'000 workers employed) | Time period for occurrence of death: Deaths occurring within 1 year","Data reference period: End of the year | Institutional sector coverage: Private sector only"
"Panama","ADM-LIR - Administrative Records of the Directorate for Labour Inspection","SDG indicator 8.8.1 - Fatal occupational injuries per 100'000 workers","Sex: Total","Migrant status: Migrants","2016",0.4,,"Coverage of occupational injuries: Reported injuries | Type of cases of occupational injuries: Cases of occupational injury | Type of rate: Incidence rate (per 100'000 workers employed) | Time period for occurrence of death: Deaths occurring within 1 year","Data reference period: End of the year | Institutional sector coverage: Private sector only"
"Panama","ADM-LIR - Administrative Records of the Directorate for Labour Inspection","SDG indicator 8.8.1 - Fatal occupational injuries per 100'000 workers","Sex: Total","Migrant status: Non migrants","2016",3.6,,"Coverage of occupational injuries: Reported injuries | Type of cases of occupational injuries: Cases of occupational injury | Type of rate: Incidence rate (per 100'000 workers employed) | Time period for occurrence of death: Deaths occurring within 1 year","Data reference period: End of the year | Institutional sector coverage: Private sector only"
"Panama","ADM-LIR - Administrative Records of the Directorate for Labour Inspection","SDG indicator 8.8.1 - Fatal occupational injuries per 100'000 workers","Sex: Male","Migrant status: Total","2016",0.4,,"Coverage of occupational injuries: Reported injuries | Type of cases of occupational injuries: Cases of occupational injury | Type of rate: Incidence rate (per 100'000 workers employed) | Time period for occurrence of death: Deaths occurring within 1 year","Data reference period: End of the year | Institutional sector coverage: Private sector only"
"Panama","ADM-LIR - Administrative Records of the Directorate for Labour Inspection","SDG indicator 8.8.1 - Fatal occupational injuries per 100'000 workers","Sex: Male","Migrant status: Migrants","2016",0.4,,"Coverage of occupational injuries: Reported injuries | Type of cases of occupational injuries: Cases of occupational injury | Type of rate: Incidence rate (per 100'000 workers employed) | Time period for occurrence of death: Deaths occurring within 1 year","Data reference period: End of the year | Institutional sector coverage: Private sector only"
"Panama","ADM-LIR - Administrative Records of the Directorate for Labour Inspection","SDG indicator 8.8.1 - Fatal occupational injuries per 100'000 workers","Sex: Male","Migrant status: Non migrants","2016",3.6,,"Coverage of occupational injuries: Reported injuries | Type of cases of occupational injuries: Cases of occupational injury | Type of rate: Incidence rate (per 100'000 workers employed) | Time period for occurrence of death: Deaths occurring within 1 year","Data reference period: End of the year | Institutional sector coverage: Private sector only"
"Panama","ADM-LIR - Administrative Records of the Directorate for Labour Inspection","SDG indicator 8.8.1 - Fatal occupational injuries per 100'000 workers","Sex: Total","Migrant status: Total","2015",1.5,,"Coverage of occupational injuries: Reported injuries | Type of cases of occupational injuries: Cases of occupational injury | Type of rate: Incidence rate (per 100'000 workers employed) | Time period for occurrence of death: Deaths occurring within 1 year","Data reference period: End of the year | Institutional sector coverage: Private sector only"
"Panama","ADM-LIR - Administrative Records of the Directorate for Labour Inspection","SDG indicator 8.8.1 - Fatal occupational injuries per 100'000 workers","Sex: Total","Migrant status: Total","2014",1.24,,"Coverage of occupational injuries: Reported injuries | Type of cases of occupational injuries: Cases of occupational injury | Time period for occurrence of death: Deaths occurring within 1 year","Data reference period: End of the year | Institutional sector coverage: Private sector only"
"Panama","ADM-LIR - Administrative Records of the Directorate for Labour Inspection","SDG indicator 8.8.1 - Fatal occupational injuries per 100'000 workers","Sex: Male","Migrant status: Total","2014",2.06,,"Coverage of occupational injuries: Reported injuries | Type of cases of occupational injuries: Cases of occupational injury | Time period for occurrence of death: Deaths occurring within 1 year","Data reference period: End of the year | Institutional sector coverage: Private sector only"
"Panama","ADM-LIR - Administrative Records of the Directorate for Labour Inspection","SDG indicator 8.8.1 - Fatal occupational injuries per 100'000 workers","Sex: Female","Migrant status: Total","2014",0,,"Coverage of occupational injuries: Reported injuries | Type of cases of occupational injuries: Cases of occupational injury | Time period for occurrence of death: Deaths occurring within 1 year","Data reference period: End of the year | Institutional sector coverage: Private sector only"
"Panama","ADM-LIR - Administrative Records of the Directorate for Labour Inspection","SDG indicator 8.8.1 - Fatal occupational injuries per 100'000 workers","Sex: Total","Migrant status: Total","2013",1.3,,"Coverage of occupational injuries: Reported injuries | Type of cases of occupational injuries: Cases of occupational injury | Type of rate: Incidence rate (per 100'000 workers employed) | Time period for occurrence of death: Deaths occurring within 1 year","Data reference period: End of the year | Institutional sector coverage: Private sector only"
"Panama","ADM-LIR - Administrative Records of the Directorate for Labour Inspection","SDG indicator 8.8.1 - Fatal occupational injuries per 100'000 workers","Sex: Male","Migrant status: Total","2013",2.2,,"Coverage of occupational injuries: Reported injuries | Type of cases of occupational injuries: Cases of occupational injury | Type of rate: Incidence rate (per 100'000 workers employed) | Time period for occurrence of death: Deaths occurring within 1 year","Data reference period: End of the year | Institutional sector coverage: Private sector only"
"Philippines","ES - Integrated Survey","SDG indicator 8.8.1 - Fatal occupational injuries per 100'000 workers","Sex: Total","Migrant status: Total","2021",3.2,,"Coverage of occupational injuries: Reported injuries | Type of cases of occupational injuries: Cases of occupational injury","Data reference period: End of the year | Institutional sector coverage: Private sector only | Economic activity coverage: Excluding activities of households as employers and of extraterritorial organizations and bodies | Establishment size coverage: All establishments with at least 20 employees"
"Philippines","ES - Integrated Survey","SDG indicator 8.8.1 - Fatal occupational injuries per 100'000 workers","Sex: Total","Migrant status: Total","2019",5.35,,"Coverage of occupational injuries: Reported injuries | Type of cases of occupational injuries: Cases of occupational injury","Data reference period: End of the year | Institutional sector coverage: Private sector only | Economic activity coverage: Excluding activities of households as employers and of extraterritorial organizations and bodies | Establishment size coverage: All establishments with at least 20 employees"
"Philippines","ES - Integrated Survey","SDG indicator 8.8.1 - Fatal occupational injuries per 100'000 workers","Sex: Total","Migrant status: Total","2017",9.6,,"Coverage of occupational injuries: Reported injuries | Type of cases of occupational injuries: Cases of occupational injury","Data reference period: End of the year | Institutional sector coverage: Private sector only | Economic activity coverage: Excluding activities of households as employers and of extraterritorial organizations and bodies | Establishment size coverage: All establishments with at least 20 employees"
"Philippines","ES - Integrated Survey","SDG indicator 8.8.1 - Fatal occupational injuries per 100'000 workers","Sex: Total","Migrant status: Total","2015",3.8,,"Coverage of occupational injuries: Reported injuries | Type of cases of occupational injuries: Cases of occupational injury","Institutional sector coverage: Private sector only | Economic activity coverage: Excluding public administration | Reference group coverage: Employees | Establishment size coverage: All establishments with at least 20 employees"
"Philippines","ES - Integrated Survey","SDG indicator 8.8.1 - Fatal occupational injuries per 100'000 workers","Sex: Total","Migrant status: Total","2013",6.4,,"Coverage of occupational injuries: Reported injuries | Type of cases of occupational injuries: Cases of occupational injury | Time period for occurrence of death: Deaths occurring within the same reference year","Data reference period: End of the year | Institutional sector coverage: Private sector only | Establishment size coverage: All establishments with at least 20 employees"
"Poland","ES - Statistical card on accident at Work","SDG indicator 8.8.1 - Fatal occupational injuries per 100'000 workers","Sex: Total","Migrant status: Total","2022",1.29,,,"Economic activity coverage: Excluding agriculture | Reference group coverage: Employees"
"Poland","ES - Statistical card on accident at Work","SDG indicator 8.8.1 - Fatal occupational injuries per 100'000 workers","Sex: Total","Migrant status: Migrants","2022",0,,,"Economic activity coverage: Excluding agriculture | Reference group coverage: Employees"
"Poland","ES - Statistical card on accident at Work","SDG indicator 8.8.1 - Fatal occupational injuries per 100'000 workers","Sex: Total","Migrant status: Non migrants","2022",0,,,"Economic activity coverage: Excluding agriculture | Reference group coverage: Employees"
"Poland","ES - Statistical card on accident at Work","SDG indicator 8.8.1 - Fatal occupational injuries per 100'000 workers","Sex: Male","Migrant status: Total","2022",2.29,,,"Economic activity coverage: Excluding agriculture | Reference group coverage: Employees"
"Poland","ES - Statistical card on accident at Work","SDG indicator 8.8.1 - Fatal occupational injuries per 100'000 workers","Sex: Male","Migrant status: Migrants","2022",0,,,"Economic activity coverage: Excluding agriculture | Reference group coverage: Employees"
"Poland","ES - Statistical card on accident at Work","SDG indicator 8.8.1 - Fatal occupational injuries per 100'000 workers","Sex: Male","Migrant status: Non migrants","2022",0,,,"Economic activity coverage: Excluding agriculture | Reference group coverage: Employees"
"Poland","ES - Statistical card on accident at Work","SDG indicator 8.8.1 - Fatal occupational injuries per 100'000 workers","Sex: Female","Migrant status: Total","2022",0.14,,,"Economic activity coverage: Excluding agriculture | Reference group coverage: Employees"
"Poland","ES - Statistical card on accident at Work","SDG indicator 8.8.1 - Fatal occupational injuries per 100'000 workers","Sex: Female","Migrant status: Migrants","2022",0,,,"Economic activity coverage: Excluding agriculture | Reference group coverage: Employees"
"Poland","ES - Statistical card on accident at Work","SDG indicator 8.8.1 - Fatal occupational injuries per 100'000 workers","Sex: Female","Migrant status: Non migrants","2022",0,,,"Economic activity coverage: Excluding agriculture | Reference group coverage: Employees"
"Poland","ES - Statistical card on accident at Work","SDG indicator 8.8.1 - Fatal occupational injuries per 100'000 workers","Sex: Total","Migrant status: Total","2021",1.51,,"Coverage of occupational injuries: Reported injuries | Type of cases of occupational injuries: Cases of occupational injury","Economic activity coverage: Excluding agriculture | Reference group coverage: Employees"
"Poland","ES - Statistical card on accident at Work","SDG indicator 8.8.1 - Fatal occupational injuries per 100'000 workers","Sex: Total","Migrant status: Migrants","2021",0,,"Coverage of occupational injuries: Reported injuries | Type of cases of occupational injuries: Cases of occupational injury","Economic activity coverage: Excluding agriculture | Reference group coverage: Employees"
"Poland","ES - Statistical card on accident at Work","SDG indicator 8.8.1 - Fatal occupational injuries per 100'000 workers","Sex: Total","Migrant status: Non migrants","2021",0,,"Coverage of occupational injuries: Reported injuries | Type of cases of occupational injuries: Cases of occupational injury","Economic activity coverage: Excluding agriculture | Reference group coverage: Employees"
"Poland","ES - Statistical card on accident at Work","SDG indicator 8.8.1 - Fatal occupational injuries per 100'000 workers","Sex: Male","Migrant status: Total","2021",1.71,,"Coverage of occupational injuries: Reported injuries | Type of cases of occupational injuries: Cases of occupational injury","Economic activity coverage: Excluding agriculture | Reference group coverage: Employees"
"Poland","ES - Statistical card on accident at Work","SDG indicator 8.8.1 - Fatal occupational injuries per 100'000 workers","Sex: Male","Migrant status: Migrants","2021",0,,"Coverage of occupational injuries: Reported injuries | Type of cases of occupational injuries: Cases of occupational injury","Economic activity coverage: Excluding agriculture | Reference group coverage: Employees"
"Poland","ES - Statistical card on accident at Work","SDG indicator 8.8.1 - Fatal occupational injuries per 100'000 workers","Sex: Male","Migrant status: Non migrants","2021",0,,"Coverage of occupational injuries: Reported injuries | Type of cases of occupational injuries: Cases of occupational injury","Economic activity coverage: Excluding agriculture | Reference group coverage: Employees"
"Poland","ES - Statistical card on accident at Work","SDG indicator 8.8.1 - Fatal occupational injuries per 100'000 workers","Sex: Female","Migrant status: Total","2021",0,,"Coverage of occupational injuries: Reported injuries | Type of cases of occupational injuries: Cases of occupational injury","Economic activity coverage: Excluding agriculture | Reference group coverage: Employees"
"Poland","ES - Statistical card on accident at Work","SDG indicator 8.8.1 - Fatal occupational injuries per 100'000 workers","Sex: Female","Migrant status: Migrants","2021",0,,"Coverage of occupational injuries: Reported injuries | Type of cases of occupational injuries: Cases of occupational injury","Economic activity coverage: Excluding agriculture | Reference group coverage: Employees"
"Poland","ES - Statistical card on accident at Work","SDG indicator 8.8.1 - Fatal occupational injuries per 100'000 workers","Sex: Female","Migrant status: Non migrants","2021",0,,"Coverage of occupational injuries: Reported injuries | Type of cases of occupational injuries: Cases of occupational injury","Economic activity coverage: Excluding agriculture | Reference group coverage: Employees"
"Poland","ES - Statistical card on accident at Work","SDG indicator 8.8.1 - Fatal occupational injuries per 100'000 workers","Sex: Total","Migrant status: Total","2020",1.38,,"Coverage of occupational injuries: Reported injuries","Reference group coverage: Insured persons"
"Poland","ES - Statistical card on accident at Work","SDG indicator 8.8.1 - Fatal occupational injuries per 100'000 workers","Sex: Male","Migrant status: Total","2020",2.46,,"Coverage of occupational injuries: Reported injuries","Reference group coverage: Insured persons"
"Poland","ES - Statistical card on accident at Work","SDG indicator 8.8.1 - Fatal occupational injuries per 100'000 workers","Sex: Female","Migrant status: Total","2020",0.11,,"Coverage of occupational injuries: Reported injuries","Reference group coverage: Insured persons"
"Poland","ES - Statistical card on accident at Work","SDG indicator 8.8.1 - Fatal occupational injuries per 100'000 workers","Sex: Total","Migrant status: Total","2019",1.32,,"Coverage of occupational injuries: Reported injuries","Repository: ILO calculations based on Eurostat data | Reference group coverage: Insured persons"
"Poland","ES - Statistical card on accident at Work","SDG indicator 8.8.1 - Fatal occupational injuries per 100'000 workers","Sex: Total","Migrant status: Total","2018",1.54,,"Coverage of occupational injuries: Reported injuries","Repository: ILO calculations based on Eurostat data | Reference group coverage: Insured persons"
"Poland","ES - Statistical card on accident at Work","SDG indicator 8.8.1 - Fatal occupational injuries per 100'000 workers","Sex: Total","Migrant status: Total","2017",2,,"Coverage of occupational injuries: Reported injuries","Repository: ILO calculations based on Eurostat data | Reference group coverage: Insured persons"
"Poland","ES - Statistical card on accident at Work","SDG indicator 8.8.1 - Fatal occupational injuries per 100'000 workers","Sex: Total","Migrant status: Total","2016",1.54,,"Coverage of occupational injuries: Reported injuries","Repository: ILO calculations based on Eurostat data | Reference group coverage: Insured persons"
"Poland","ES - Statistical card on accident at Work","SDG indicator 8.8.1 - Fatal occupational injuries per 100'000 workers","Sex: Total","Migrant status: Total","2015",2.5,,"Coverage of occupational injuries: Reported injuries","Repository: ILO calculations based on Eurostat data | Reference group coverage: Insured persons"
"Poland","ES - Statistical card on accident at Work","SDG indicator 8.8.1 - Fatal occupational injuries per 100'000 workers","Sex: Male","Migrant status: Total","2015",4.52,,"Coverage of occupational injuries: Reported injuries","Repository: ILO calculations based on Eurostat data | Reference group coverage: Insured persons"
"Poland","ES - Statistical card on accident at Work","SDG indicator 8.8.1 - Fatal occupational injuries per 100'000 workers","Sex: Female","Migrant status: Total","2015",0.29,,"Coverage of occupational injuries: Reported injuries","Repository: ILO calculations based on Eurostat data | Reference group coverage: Insured persons"
"Poland","ES - Statistical card on accident at Work","SDG indicator 8.8.1 - Fatal occupational injuries per 100'000 workers","Sex: Total","Migrant status: Total","2014",2.23,,"Coverage of occupational injuries: Reported injuries","Repository: ILO calculations based on Eurostat data | Reference group coverage: Insured persons"
"Poland","ES - Statistical card on accident at Work","SDG indicator 8.8.1 - Fatal occupational injuries per 100'000 workers","Sex: Total","Migrant status: Total","2013",1.83,,"Coverage of occupational injuries: Reported injuries","Repository: ILO calculations based on Eurostat data | Reference group coverage: Insured persons"
"Portugal","ADM-IR - Insurance Records","SDG indicator 8.8.1 - Fatal occupational injuries per 100'000 workers","Sex: Total","Migrant status: Total","2022",2.9,,"Coverage of occupational injuries: Reported injuries | Type of cases of occupational injuries: Including cases of injury due to commuting accidents","Reference group coverage: Insured persons"
"Portugal","ADM-IR - Insurance Records","SDG indicator 8.8.1 - Fatal occupational injuries per 100'000 workers","Sex: Male","Migrant status: Total","2022",5.5,,"Coverage of occupational injuries: Reported injuries | Type of cases of occupational injuries: Including cases of injury due to commuting accidents","Reference group coverage: Insured persons"
"Portugal","ADM-IR - Insurance Records","SDG indicator 8.8.1 - Fatal occupational injuries per 100'000 workers","Sex: Female","Migrant status: Total","2022",0.2,,"Coverage of occupational injuries: Reported injuries | Type of cases of occupational injuries: Including cases of injury due to commuting accidents","Reference group coverage: Insured persons"
"Portugal","ADM-IR - Insurance Records","SDG indicator 8.8.1 - Fatal occupational injuries per 100'000 workers","Sex: Total","Migrant status: Total","2021",2.8,,"Coverage of occupational injuries: Reported injuries | Type of cases of occupational injuries: Including cases of injury due to commuting accidents","Reference group coverage: Insured persons"
"Portugal","ADM-IR - Insurance Records","SDG indicator 8.8.1 - Fatal occupational injuries per 100'000 workers","Sex: Male","Migrant status: Total","2021",5.4,,"Coverage of occupational injuries: Reported injuries | Type of cases of occupational injuries: Including cases of injury due to commuting accidents","Reference group coverage: Insured persons"
"Portugal","ADM-IR - Insurance Records","SDG indicator 8.8.1 - Fatal occupational injuries per 100'000 workers","Sex: Female","Migrant status: Total","2021",0.2,,"Coverage of occupational injuries: Reported injuries | Type of cases of occupational injuries: Including cases of injury due to commuting accidents","Reference group coverage: Insured persons"
"Portugal","ADM-IR - Insurance Records","SDG indicator 8.8.1 - Fatal occupational injuries per 100'000 workers","Sex: Total","Migrant status: Total","2020",2.72,,"Coverage of occupational injuries: Reported injuries | Type of cases of occupational injuries: Including cases of injury due to commuting accidents","Repository: ILO calculations based on Eurostat data | Reference group coverage: Insured persons"
"Portugal","ADM-IR - Insurance Records","SDG indicator 8.8.1 - Fatal occupational injuries per 100'000 workers","Sex: Total","Migrant status: Total","2019",2.12,,"Coverage of occupational injuries: Reported injuries | Type of cases of occupational injuries: Including cases of injury due to commuting accidents","Repository: ILO calculations based on Eurostat data | Reference group coverage: Insured persons"
"Portugal","ADM-IR - Insurance Records","SDG indicator 8.8.1 - Fatal occupational injuries per 100'000 workers","Sex: Total","Migrant status: Total","2018",2.12,,"Coverage of occupational injuries: Reported injuries | Type of cases of occupational injuries: Including cases of injury due to commuting accidents","Repository: ILO calculations based on Eurostat data | Reference group coverage: Insured persons"
"Portugal","ADM-IR - Insurance Records","SDG indicator 8.8.1 - Fatal occupational injuries per 100'000 workers","Sex: Total","Migrant status: Total","2017",2.94,,"Coverage of occupational injuries: Reported injuries | Type of cases of occupational injuries: Including cases of injury due to commuting accidents","Repository: ILO calculations based on Eurostat data | Reference group coverage: Insured persons"
"Portugal","ADM-IR - Insurance Records","SDG indicator 8.8.1 - Fatal occupational injuries per 100'000 workers","Sex: Total","Migrant status: Total","2016",3,,"Coverage of occupational injuries: Reported injuries | Type of cases of occupational injuries: Including cases of injury due to commuting accidents","Repository: ILO calculations based on Eurostat data | Reference group coverage: Insured persons"
"Portugal","ADM-IR - Insurance Records","SDG indicator 8.8.1 - Fatal occupational injuries per 100'000 workers","Sex: Total","Migrant status: Total","2015",3.54,,"Coverage of occupational injuries: Reported injuries | Type of cases of occupational injuries: Including cases of injury due to commuting accidents","Repository: ILO calculations based on Eurostat data | Reference group coverage: Insured persons"
"Portugal","ADM-IR - Insurance Records","SDG indicator 8.8.1 - Fatal occupational injuries per 100'000 workers","Sex: Total","Migrant status: Total","2014",3.56,,"Coverage of occupational injuries: Reported injuries | Type of cases of occupational injuries: Including cases of injury due to commuting accidents","Repository: ILO calculations based on Eurostat data | Reference group coverage: Insured persons"
"Portugal","ADM-IR - Insurance Records","SDG indicator 8.8.1 - Fatal occupational injuries per 100'000 workers","Sex: Total","Migrant status: Total","2013",3.63,,"Coverage of occupational injuries: Reported injuries | Type of cases of occupational injuries: Including cases of injury due to commuting accidents","Repository: ILO calculations based on Eurostat data | Reference group coverage: Insured persons"
"Portugal","ADM-IR - Insurance Records","SDG indicator 8.8.1 - Fatal occupational injuries per 100'000 workers","Sex: Male","Migrant status: Total","2013",6.77,,"Coverage of occupational injuries: Reported injuries | Type of cases of occupational injuries: Including cases of injury due to commuting accidents","Repository: ILO calculations based on Eurostat data | Reference group coverage: Insured persons"
"Portugal","ADM-IR - Insurance Records","SDG indicator 8.8.1 - Fatal occupational injuries per 100'000 workers","Sex: Female","Migrant status: Total","2013",0.28,,"Coverage of occupational injuries: Reported injuries | Type of cases of occupational injuries: Including cases of injury due to commuting accidents","Repository: ILO calculations based on Eurostat data | Reference group coverage: Insured persons"
"Occupied Palestinian Territory","ADM - Records of the Labour Relations Department","SDG indicator 8.8.1 - Fatal occupational injuries per 100'000 workers","Sex: Total","Migrant status: Total","2020",1,,"Coverage of occupational injuries: Reported injuries | Type of cases of occupational injuries: Cases of occupational injury","Data reference period: End of the year | Geographical coverage: Main city or metropolitan area"
"Occupied Palestinian Territory","ADM - Records of the Labour Relations Department","SDG indicator 8.8.1 - Fatal occupational injuries per 100'000 workers","Sex: Total","Migrant status: Migrants","2020",0,,"Coverage of occupational injuries: Reported injuries | Type of cases of occupational injuries: Cases of occupational injury","Data reference period: End of the year | Geographical coverage: Main city or metropolitan area"
"Occupied Palestinian Territory","ADM - Records of the Labour Relations Department","SDG indicator 8.8.1 - Fatal occupational injuries per 100'000 workers","Sex: Total","Migrant status: Non migrants","2020",1,,"Coverage of occupational injuries: Reported injuries | Type of cases of occupational injuries: Cases of occupational injury","Data reference period: End of the year | Geographical coverage: Main city or metropolitan area"
"Occupied Palestinian Territory","ADM - Records of the Labour Relations Department","SDG indicator 8.8.1 - Fatal occupational injuries per 100'000 workers","Sex: Female","Migrant status: Total","2020",1,,"Coverage of occupational injuries: Reported injuries | Type of cases of occupational injuries: Cases of occupational injury","Data reference period: End of the year | Geographical coverage: Main city or metropolitan area"
"Occupied Palestinian Territory","ADM - Records of the Labour Relations Department","SDG indicator 8.8.1 - Fatal occupational injuries per 100'000 workers","Sex: Female","Migrant status: Migrants","2020",0,,"Coverage of occupational injuries: Reported injuries | Type of cases of occupational injuries: Cases of occupational injury","Data reference period: End of the year | Geographical coverage: Main city or metropolitan area"
"Occupied Palestinian Territory","ADM - Records of the Labour Relations Department","SDG indicator 8.8.1 - Fatal occupational injuries per 100'000 workers","Sex: Female","Migrant status: Non migrants","2020",1,,"Coverage of occupational injuries: Reported injuries | Type of cases of occupational injuries: Cases of occupational injury","Data reference period: End of the year | Geographical coverage: Main city or metropolitan area"
"Occupied Palestinian Territory","ADM - Records of the Labour Relations Department","SDG indicator 8.8.1 - Fatal occupational injuries per 100'000 workers","Sex: Total","Migrant status: Total","2015",38.38,,"Coverage of occupational injuries: Reported injuries | Type of cases of occupational injuries: Cases of occupational injury | Time period for occurrence of death: No specified period for occurrence of deaths","Data reference period: End of the year | Geographical coverage: Main city or metropolitan area | Reference group coverage: Employees"
"Occupied Palestinian Territory","ADM - Records of the Labour Relations Department","SDG indicator 8.8.1 - Fatal occupational injuries per 100'000 workers","Sex: Male","Migrant status: Total","2015",49.76,,"Coverage of occupational injuries: Reported injuries | Type of cases of occupational injuries: Cases of occupational injury | Time period for occurrence of death: No specified period for occurrence of deaths","Data reference period: End of the year | Geographical coverage: Main city or metropolitan area | Reference group coverage: Employees"
"Occupied Palestinian Territory","ADM - Records of the Labour Relations Department","SDG indicator 8.8.1 - Fatal occupational injuries per 100'000 workers","Sex: Female","Migrant status: Total","2015",0,,"Coverage of occupational injuries: Reported injuries | Type of cases of occupational injuries: Cases of occupational injury | Time period for occurrence of death: No specified period for occurrence of deaths","Data reference period: End of the year | Geographical coverage: Main city or metropolitan area | Reference group coverage: Employees"
"Qatar","ADM-LIR - Ministry of Public Health and Ministry of Labour","SDG indicator 8.8.1 - Fatal occupational injuries per 100'000 workers","Sex: Total","Migrant status: Total","2022",2.958,,"Coverage of occupational injuries: Nonstandard coverage of occupational injuries | Type of cases of occupational injuries: Cases of occupational injury","Employment definition: Excluding own-use production workers | Institutional sector coverage: Nonstandard institutional sector coverage | Economic activity coverage: Nonstandard economic activity coverage | Reference group coverage: Employees"
"Qatar","ADM-LIR - Ministry of Public Health and Ministry of Labour","SDG indicator 8.8.1 - Fatal occupational injuries per 100'000 workers","Sex: Total","Migrant status: Migrants","2022",3.136,,"Coverage of occupational injuries: Nonstandard coverage of occupational injuries | Type of cases of occupational injuries: Cases of occupational injury","Employment definition: Excluding own-use production workers | Institutional sector coverage: Nonstandard institutional sector coverage | Economic activity coverage: Nonstandard economic activity coverage | Reference group coverage: Employees"
"Qatar","ADM-LIR - Ministry of Public Health and Ministry of Labour","SDG indicator 8.8.1 - Fatal occupational injuries per 100'000 workers","Sex: Male","Migrant status: Total","2022",3.545,,"Coverage of occupational injuries: Nonstandard coverage of occupational injuries | Type of cases of occupational injuries: Cases of occupational injury","Employment definition: Excluding own-use production workers | Institutional sector coverage: Nonstandard institutional sector coverage | Economic activity coverage: Nonstandard economic activity coverage | Reference group coverage: Employees"
"Qatar","ADM-LIR - Ministry of Public Health and Ministry of Labour","SDG indicator 8.8.1 - Fatal occupational injuries per 100'000 workers","Sex: Male","Migrant status: Migrants","2022",3.695,,"Coverage of occupational injuries: Nonstandard coverage of occupational injuries | Type of cases of occupational injuries: Cases of occupational injury","Employment definition: Excluding own-use production workers | Institutional sector coverage: Nonstandard institutional sector coverage | Economic activity coverage: Nonstandard economic activity coverage | Reference group coverage: Employees"
"Qatar","ADM-LIR - Qatar Statistics Authority","SDG indicator 8.8.1 - Fatal occupational injuries per 100'000 workers","Sex: Total","Migrant status: Total","2018",5.873,,"Type of cases of occupational injuries: Cases of occupational injury","Institutional sector coverage: Private sector only"
"Qatar","ADM-LIR - Qatar Statistics Authority","SDG indicator 8.8.1 - Fatal occupational injuries per 100'000 workers","Sex: Total","Migrant status: Migrants","2018",6.186,,"Type of cases of occupational injuries: Cases of occupational injury","Institutional sector coverage: Private sector only"
"Qatar","ADM-LIR - Qatar Statistics Authority","SDG indicator 8.8.1 - Fatal occupational injuries per 100'000 workers","Sex: Total","Migrant status: Non migrants","2018",0,,"Type of cases of occupational injuries: Cases of occupational injury","Institutional sector coverage: Private sector only"
"Qatar","ADM-LIR - Qatar Statistics Authority","SDG indicator 8.8.1 - Fatal occupational injuries per 100'000 workers","Sex: Male","Migrant status: Total","2018",6.686,,"Type of cases of occupational injuries: Cases of occupational injury","Institutional sector coverage: Private sector only"
"Qatar","ADM-LIR - Qatar Statistics Authority","SDG indicator 8.8.1 - Fatal occupational injuries per 100'000 workers","Sex: Male","Migrant status: Migrants","2018",6.945,,"Type of cases of occupational injuries: Cases of occupational injury","Institutional sector coverage: Private sector only"
"Qatar","ADM-LIR - Qatar Statistics Authority","SDG indicator 8.8.1 - Fatal occupational injuries per 100'000 workers","Sex: Male","Migrant status: Non migrants","2018",0,,"Type of cases of occupational injuries: Cases of occupational injury","Institutional sector coverage: Private sector only"
"Qatar","ADM-LIR - Qatar Statistics Authority","SDG indicator 8.8.1 - Fatal occupational injuries per 100'000 workers","Sex: Female","Migrant status: Total","2018",0.703,,"Type of cases of occupational injuries: Cases of occupational injury","Institutional sector coverage: Private sector only"
"Qatar","ADM-LIR - Qatar Statistics Authority","SDG indicator 8.8.1 - Fatal occupational injuries per 100'000 workers","Sex: Female","Migrant status: Migrants","2018",0.812,,"Type of cases of occupational injuries: Cases of occupational injury","Institutional sector coverage: Private sector only"
"Qatar","ADM-LIR - Qatar Statistics Authority","SDG indicator 8.8.1 - Fatal occupational injuries per 100'000 workers","Sex: Female","Migrant status: Non migrants","2018",0,,"Type of cases of occupational injuries: Cases of occupational injury","Institutional sector coverage: Private sector only"
"Qatar","ADM-LIR - Qatar Statistics Authority","SDG indicator 8.8.1 - Fatal occupational injuries per 100'000 workers","Sex: Total","Migrant status: Total","2016",1.705,,"Type of cases of occupational injuries: Cases of occupational injury","Institutional sector coverage: Private sector only"
"Qatar","ADM-LIR - Qatar Statistics Authority","SDG indicator 8.8.1 - Fatal occupational injuries per 100'000 workers","Sex: Total","Migrant status: Migrants","2016",1.794,,"Type of cases of occupational injuries: Cases of occupational injury","Institutional sector coverage: Private sector only"
"Qatar","ADM-LIR - Qatar Statistics Authority","SDG indicator 8.8.1 - Fatal occupational injuries per 100'000 workers","Sex: Total","Migrant status: Non migrants","2016",0,,"Type of cases of occupational injuries: Cases of occupational injury","Institutional sector coverage: Private sector only"
"Qatar","ADM-LIR - Qatar Statistics Authority","SDG indicator 8.8.1 - Fatal occupational injuries per 100'000 workers","Sex: Male","Migrant status: Total","2016",1.965,,"Type of cases of occupational injuries: Cases of occupational injury","Institutional sector coverage: Private sector only"
"Qatar","ADM-LIR - Qatar Statistics Authority","SDG indicator 8.8.1 - Fatal occupational injuries per 100'000 workers","Sex: Male","Migrant status: Migrants","2016",2.039,,"Type of cases of occupational injuries: Cases of occupational injury","Institutional sector coverage: Private sector only"
"Qatar","ADM-LIR - Qatar Statistics Authority","SDG indicator 8.8.1 - Fatal occupational injuries per 100'000 workers","Sex: Male","Migrant status: Non migrants","2016",0,,"Type of cases of occupational injuries: Cases of occupational injury","Institutional sector coverage: Private sector only"
"Qatar","ADM-LIR - Qatar Statistics Authority","SDG indicator 8.8.1 - Fatal occupational injuries per 100'000 workers","Sex: Female","Migrant status: Total","2016",0,,"Type of cases of occupational injuries: Cases of occupational injury","Institutional sector coverage: Private sector only"
"Qatar","ADM-LIR - Qatar Statistics Authority","SDG indicator 8.8.1 - Fatal occupational injuries per 100'000 workers","Sex: Female","Migrant status: Migrants","2016",0,,"Type of cases of occupational injuries: Cases of occupational injury","Institutional sector coverage: Private sector only"
"Qatar","ADM-LIR - Qatar Statistics Authority","SDG indicator 8.8.1 - Fatal occupational injuries per 100'000 workers","Sex: Female","Migrant status: Non migrants","2016",0,,"Type of cases of occupational injuries: Cases of occupational injury","Institutional sector coverage: Private sector only"
"Réunion","ADM-IR - Insurance Records","SDG indicator 8.8.1 - Fatal occupational injuries per 100'000 workers","Sex: Total","Migrant status: Total","2014",2.26,,"Coverage of occupational injuries: Compensated injuries | Type of cases of occupational injuries: Cases of occupational injury | Time period for occurrence of death: Deaths occurring within the same reference year","Reference group coverage: Insured persons"
"Romania","ADM-LIR - Registration form for Work Accidents","SDG indicator 8.8.1 - Fatal occupational injuries per 100'000 workers","Sex: Total","Migrant status: Total","2023",2.254,,"Coverage of occupational injuries: Reported injuries | Type of cases of occupational injuries: Cases of occupational injury","Data reference period: End of the year"
"Romania","ADM-LIR - Registration form for Work Accidents","SDG indicator 8.8.1 - Fatal occupational injuries per 100'000 workers","Sex: Total","Migrant status: Migrants","2023",0,,"Coverage of occupational injuries: Reported injuries | Type of cases of occupational injuries: Cases of occupational injury","Data reference period: End of the year"
"Romania","ADM-LIR - Registration form for Work Accidents","SDG indicator 8.8.1 - Fatal occupational injuries per 100'000 workers","Sex: Total","Migrant status: Non migrants","2023",2.254,,"Coverage of occupational injuries: Reported injuries | Type of cases of occupational injuries: Cases of occupational injury","Data reference period: End of the year"
"Romania","ADM-LIR - Registration form for Work Accidents","SDG indicator 8.8.1 - Fatal occupational injuries per 100'000 workers","Sex: Male","Migrant status: Total","2023",3.961,,"Coverage of occupational injuries: Reported injuries | Type of cases of occupational injuries: Cases of occupational injury","Data reference period: End of the year"
"Romania","ADM-LIR - Registration form for Work Accidents","SDG indicator 8.8.1 - Fatal occupational injuries per 100'000 workers","Sex: Male","Migrant status: Migrants","2023",0,,"Coverage of occupational injuries: Reported injuries | Type of cases of occupational injuries: Cases of occupational injury","Data reference period: End of the year"
"Romania","ADM-LIR - Registration form for Work Accidents","SDG indicator 8.8.1 - Fatal occupational injuries per 100'000 workers","Sex: Male","Migrant status: Non migrants","2023",4.054,,"Coverage of occupational injuries: Reported injuries | Type of cases of occupational injuries: Cases of occupational injury","Data reference period: End of the year"
"Romania","ADM-LIR - Registration form for Work Accidents","SDG indicator 8.8.1 - Fatal occupational injuries per 100'000 workers","Sex: Female","Migrant status: Total","2023",0.436,,"Coverage of occupational injuries: Reported injuries | Type of cases of occupational injuries: Cases of occupational injury","Data reference period: End of the year"
"Romania","ADM-LIR - Registration form for Work Accidents","SDG indicator 8.8.1 - Fatal occupational injuries per 100'000 workers","Sex: Female","Migrant status: Migrants","2023",0,,"Coverage of occupational injuries: Reported injuries | Type of cases of occupational injuries: Cases of occupational injury","Data reference period: End of the year"
"Romania","ADM-LIR - Registration form for Work Accidents","SDG indicator 8.8.1 - Fatal occupational injuries per 100'000 workers","Sex: Female","Migrant status: Non migrants","2023",0.439,,"Coverage of occupational injuries: Reported injuries | Type of cases of occupational injuries: Cases of occupational injury","Data reference period: End of the year"
"Romania","ADM-LIR - Registration form for Work Accidents","SDG indicator 8.8.1 - Fatal occupational injuries per 100'000 workers","Sex: Total","Migrant status: Total","2022",1.79,,"Coverage of occupational injuries: Reported injuries | Type of cases of occupational injuries: Cases of occupational injury","Data reference period: End of the year"
"Romania","ADM-LIR - Registration form for Work Accidents","SDG indicator 8.8.1 - Fatal occupational injuries per 100'000 workers","Sex: Total","Migrant status: Migrants","2022",0,,"Coverage of occupational injuries: Reported injuries | Type of cases of occupational injuries: Cases of occupational injury","Data reference period: End of the year"
"Romania","ADM-LIR - Registration form for Work Accidents","SDG indicator 8.8.1 - Fatal occupational injuries per 100'000 workers","Sex: Total","Migrant status: Non migrants","2022",1.79,,"Coverage of occupational injuries: Reported injuries | Type of cases of occupational injuries: Cases of occupational injury","Data reference period: End of the year"
"Romania","ADM-LIR - Registration form for Work Accidents","SDG indicator 8.8.1 - Fatal occupational injuries per 100'000 workers","Sex: Male","Migrant status: Total","2022",1.64,,"Coverage of occupational injuries: Reported injuries | Type of cases of occupational injuries: Cases of occupational injury","Data reference period: End of the year"
"Romania","ADM-LIR - Registration form for Work Accidents","SDG indicator 8.8.1 - Fatal occupational injuries per 100'000 workers","Sex: Male","Migrant status: Migrants","2022",0,,"Coverage of occupational injuries: Reported injuries | Type of cases of occupational injuries: Cases of occupational injury","Data reference period: End of the year"
"Romania","ADM-LIR - Registration form for Work Accidents","SDG indicator 8.8.1 - Fatal occupational injuries per 100'000 workers","Sex: Male","Migrant status: Non migrants","2022",1.64,,"Coverage of occupational injuries: Reported injuries | Type of cases of occupational injuries: Cases of occupational injury","Data reference period: End of the year"
"Romania","ADM-LIR - Registration form for Work Accidents","SDG indicator 8.8.1 - Fatal occupational injuries per 100'000 workers","Sex: Female","Migrant status: Total","2022",0.15,,"Coverage of occupational injuries: Reported injuries | Type of cases of occupational injuries: Cases of occupational injury","Data reference period: End of the year"
"Romania","ADM-LIR - Registration form for Work Accidents","SDG indicator 8.8.1 - Fatal occupational injuries per 100'000 workers","Sex: Female","Migrant status: Migrants","2022",0,,"Coverage of occupational injuries: Reported injuries | Type of cases of occupational injuries: Cases of occupational injury","Data reference period: End of the year"
"Romania","ADM-LIR - Registration form for Work Accidents","SDG indicator 8.8.1 - Fatal occupational injuries per 100'000 workers","Sex: Female","Migrant status: Non migrants","2022",0.15,,"Coverage of occupational injuries: Reported injuries | Type of cases of occupational injuries: Cases of occupational injury","Data reference period: End of the year"
"Romania","ADM-LIR - Registration form for Work Accidents","SDG indicator 8.8.1 - Fatal occupational injuries per 100'000 workers","Sex: Total","Migrant status: Total","2021",2.63,,"Coverage of occupational injuries: Reported injuries | Type of cases of occupational injuries: Cases of occupational injury","Data reference period: End of the year"
"Romania","ADM-LIR - Registration form for Work Accidents","SDG indicator 8.8.1 - Fatal occupational injuries per 100'000 workers","Sex: Total","Migrant status: Total","2020",2.88,,"Coverage of occupational injuries: Reported injuries | Type of cases of occupational injuries: Cases of occupational injury","Data reference period: End of the year"
"Romania","ADM-LIR - Registration form for Work Accidents","SDG indicator 8.8.1 - Fatal occupational injuries per 100'000 workers","Sex: Total","Migrant status: Total","2019",4.14,,"Coverage of occupational injuries: Reported injuries | Type of cases of occupational injuries: Including cases of injury due to commuting accidents","Repository: ILO calculations based on Eurostat data"
"Romania","ADM-LIR - Registration form for Work Accidents","SDG indicator 8.8.1 - Fatal occupational injuries per 100'000 workers","Sex: Total","Migrant status: Total","2018",4.33,,"Coverage of occupational injuries: Reported injuries | Type of cases of occupational injuries: Including cases of injury due to commuting accidents","Repository: ILO calculations based on Eurostat data"
"Romania","ADM-LIR - Registration form for Work Accidents","SDG indicator 8.8.1 - Fatal occupational injuries per 100'000 workers","Sex: Total","Migrant status: Total","2017",4.49,,"Coverage of occupational injuries: Reported injuries | Type of cases of occupational injuries: Including cases of injury due to commuting accidents","Repository: ILO calculations based on Eurostat data"
"Romania","ADM-LIR - Registration form for Work Accidents","SDG indicator 8.8.1 - Fatal occupational injuries per 100'000 workers","Sex: Total","Migrant status: Total","2016",3.77,,"Coverage of occupational injuries: Reported injuries | Type of cases of occupational injuries: Cases of occupational injury","Data reference period: End of the year"
"Romania","ADM-LIR - Registration form for Work Accidents","SDG indicator 8.8.1 - Fatal occupational injuries per 100'000 workers","Sex: Total","Migrant status: Total","2015",5.82,,"Coverage of occupational injuries: Reported injuries | Type of cases of occupational injuries: Including cases of injury due to commuting accidents","Repository: ILO calculations based on Eurostat data"
"Romania","ADM-LIR - Registration form for Work Accidents","SDG indicator 8.8.1 - Fatal occupational injuries per 100'000 workers","Sex: Total","Migrant status: Total","2014",5.75,,"Coverage of occupational injuries: Reported injuries | Type of cases of occupational injuries: Including cases of injury due to commuting accidents","Repository: ILO calculations based on Eurostat data"
"Romania","ADM-LIR - Registration form for Work Accidents","SDG indicator 8.8.1 - Fatal occupational injuries per 100'000 workers","Sex: Total","Migrant status: Total","2013",5.66,,"Coverage of occupational injuries: Reported injuries | Type of cases of occupational injuries: Including cases of injury due to commuting accidents","Repository: ILO calculations based on Eurostat data"
"Russian Federation","ADM-RWO - Information on Injuries in the Workplace and Occupational diseases","SDG indicator 8.8.1 - Fatal occupational injuries per 100'000 workers","Sex: Total","Migrant status: Total","2023",5.3,,"Coverage of occupational injuries: Reported injuries | Type of cases of occupational injuries: Cases of occupational injury","Data reference period: October"
"Russian Federation","ADM-RWO - Information on Injuries in the Workplace and Occupational diseases","SDG indicator 8.8.1 - Fatal occupational injuries per 100'000 workers","Sex: Male","Migrant status: Total","2023",8.7,,"Coverage of occupational injuries: Reported injuries | Type of cases of occupational injuries: Cases of occupational injury","Data reference period: October"
"Russian Federation","ADM-RWO - Information on Injuries in the Workplace and Occupational diseases","SDG indicator 8.8.1 - Fatal occupational injuries per 100'000 workers","Sex: Female","Migrant status: Total","2023",0.7,,"Coverage of occupational injuries: Reported injuries | Type of cases of occupational injuries: Cases of occupational injury","Data reference period: October"
"Russian Federation","ADM-RWO - Information on Injuries in the Workplace and Occupational diseases","SDG indicator 8.8.1 - Fatal occupational injuries per 100'000 workers","Sex: Total","Migrant status: Total","2022",5,,"Coverage of occupational injuries: Reported injuries | Type of cases of occupational injuries: Cases of occupational injury","Data reference period: October"
"Russian Federation","ADM-RWO - Information on Injuries in the Workplace and Occupational diseases","SDG indicator 8.8.1 - Fatal occupational injuries per 100'000 workers","Sex: Male","Migrant status: Total","2022",9,,"Coverage of occupational injuries: Reported injuries | Type of cases of occupational injuries: Cases of occupational injury","Data reference period: October"
"Russian Federation","ADM-RWO - Information on Injuries in the Workplace and Occupational diseases","SDG indicator 8.8.1 - Fatal occupational injuries per 100'000 workers","Sex: Female","Migrant status: Total","2022",1,,"Coverage of occupational injuries: Reported injuries | Type of cases of occupational injuries: Cases of occupational injury","Data reference period: October"
"Russian Federation","ADM-RWO - Information on Injuries in the Workplace and Occupational diseases","SDG indicator 8.8.1 - Fatal occupational injuries per 100'000 workers","Sex: Total","Migrant status: Total","2021",6.031,,"Coverage of occupational injuries: Reported injuries | Type of cases of occupational injuries: Cases of occupational injury","Data reference period: October"
"Russian Federation","ADM-RWO - Information on Injuries in the Workplace and Occupational diseases","SDG indicator 8.8.1 - Fatal occupational injuries per 100'000 workers","Sex: Male","Migrant status: Total","2021",9.639,,"Coverage of occupational injuries: Reported injuries | Type of cases of occupational injuries: Cases of occupational injury","Data reference period: October"
"Russian Federation","ADM-RWO - Information on Injuries in the Workplace and Occupational diseases","SDG indicator 8.8.1 - Fatal occupational injuries per 100'000 workers","Sex: Female","Migrant status: Total","2021",1.049,,"Coverage of occupational injuries: Reported injuries | Type of cases of occupational injuries: Cases of occupational injury","Data reference period: October"
"Russian Federation","ADM-RWO - Information on Injuries in the Workplace and Occupational diseases","SDG indicator 8.8.1 - Fatal occupational injuries per 100'000 workers","Sex: Total","Migrant status: Total","2020",5,,"Coverage of occupational injuries: Reported injuries | Type of cases of occupational injuries: Cases of occupational injury",
"Russian Federation","ADM-RWO - Information on Injuries in the Workplace and Occupational diseases","SDG indicator 8.8.1 - Fatal occupational injuries per 100'000 workers","Sex: Male","Migrant status: Total","2020",7,,"Coverage of occupational injuries: Reported injuries | Type of cases of occupational injuries: Cases of occupational injury",
"Russian Federation","ADM-RWO - Information on Injuries in the Workplace and Occupational diseases","SDG indicator 8.8.1 - Fatal occupational injuries per 100'000 workers","Sex: Female","Migrant status: Total","2020",1,,"Coverage of occupational injuries: Reported injuries | Type of cases of occupational injuries: Cases of occupational injury",
"Russian Federation","ADM-RWO - Information on Injuries in the Workplace and Occupational diseases","SDG indicator 8.8.1 - Fatal occupational injuries per 100'000 workers","Sex: Total","Migrant status: Total","2019",5,,"Coverage of occupational injuries: Reported injuries | Type of cases of occupational injuries: Cases of occupational injury",
"Russian Federation","ADM-RWO - Information on Injuries in the Workplace and Occupational diseases","SDG indicator 8.8.1 - Fatal occupational injuries per 100'000 workers","Sex: Male","Migrant status: Total","2019",9,,"Coverage of occupational injuries: Reported injuries | Type of cases of occupational injuries: Cases of occupational injury",
"Russian Federation","ADM-RWO - Information on Injuries in the Workplace and Occupational diseases","SDG indicator 8.8.1 - Fatal occupational injuries per 100'000 workers","Sex: Female","Migrant status: Total","2019",1,,"Coverage of occupational injuries: Reported injuries | Type of cases of occupational injuries: Cases of occupational injury",
"Russian Federation","ADM-RWO - Information on Injuries in the Workplace and Occupational diseases","SDG indicator 8.8.1 - Fatal occupational injuries per 100'000 workers","Sex: Total","Migrant status: Total","2018",5,,"Coverage of occupational injuries: Reported injuries | Type of cases of occupational injuries: Cases of occupational injury",
"Russian Federation","ADM-RWO - Information on Injuries in the Workplace and Occupational diseases","SDG indicator 8.8.1 - Fatal occupational injuries per 100'000 workers","Sex: Male","Migrant status: Total","2018",9,,"Coverage of occupational injuries: Reported injuries | Type of cases of occupational injuries: Cases of occupational injury",
"Russian Federation","ADM-RWO - Information on Injuries in the Workplace and Occupational diseases","SDG indicator 8.8.1 - Fatal occupational injuries per 100'000 workers","Sex: Female","Migrant status: Total","2018",1,,"Coverage of occupational injuries: Reported injuries | Type of cases of occupational injuries: Cases of occupational injury",
"Russian Federation","ADM-RWO - Information on Injuries in the Workplace and Occupational diseases","SDG indicator 8.8.1 - Fatal occupational injuries per 100'000 workers","Sex: Total","Migrant status: Total","2017",6,,"Coverage of occupational injuries: Reported injuries | Type of cases of occupational injuries: Cases of occupational injury",
"Russian Federation","ADM-RWO - Information on Injuries in the Workplace and Occupational diseases","SDG indicator 8.8.1 - Fatal occupational injuries per 100'000 workers","Sex: Male","Migrant status: Total","2017",9,,"Coverage of occupational injuries: Reported injuries | Type of cases of occupational injuries: Cases of occupational injury",
"Russian Federation","ADM-RWO - Information on Injuries in the Workplace and Occupational diseases","SDG indicator 8.8.1 - Fatal occupational injuries per 100'000 workers","Sex: Female","Migrant status: Total","2017",1,,"Coverage of occupational injuries: Reported injuries | Type of cases of occupational injuries: Cases of occupational injury",
"Russian Federation","ADM-RWO - Information on Injuries in the Workplace and Occupational diseases","SDG indicator 8.8.1 - Fatal occupational injuries per 100'000 workers","Sex: Total","Migrant status: Total","2016",6,,"Coverage of occupational injuries: Reported injuries | Type of cases of occupational injuries: Cases of occupational injury",
"Russian Federation","ADM-RWO - Information on Injuries in the Workplace and Occupational diseases","SDG indicator 8.8.1 - Fatal occupational injuries per 100'000 workers","Sex: Male","Migrant status: Total","2016",10,,"Coverage of occupational injuries: Reported injuries | Type of cases of occupational injuries: Cases of occupational injury",
"Russian Federation","ADM-RWO - Information on Injuries in the Workplace and Occupational diseases","SDG indicator 8.8.1 - Fatal occupational injuries per 100'000 workers","Sex: Female","Migrant status: Total","2016",1,,"Coverage of occupational injuries: Reported injuries | Type of cases of occupational injuries: Cases of occupational injury",
"Russian Federation","ADM-RWO - Information on Injuries in the Workplace and Occupational diseases","SDG indicator 8.8.1 - Fatal occupational injuries per 100'000 workers","Sex: Total","Migrant status: Total","2015",6,,"Coverage of occupational injuries: Reported injuries | Type of cases of occupational injuries: Cases of occupational injury",
"Russian Federation","ADM-RWO - Information on Injuries in the Workplace and Occupational diseases","SDG indicator 8.8.1 - Fatal occupational injuries per 100'000 workers","Sex: Male","Migrant status: Total","2015",10,,"Coverage of occupational injuries: Reported injuries | Type of cases of occupational injuries: Cases of occupational injury",
"Russian Federation","ADM-RWO - Information on Injuries in the Workplace and Occupational diseases","SDG indicator 8.8.1 - Fatal occupational injuries per 100'000 workers","Sex: Female","Migrant status: Total","2015",1,,"Coverage of occupational injuries: Reported injuries | Type of cases of occupational injuries: Cases of occupational injury",
"Russian Federation","ADM-RWO - Information on Injuries in the Workplace and Occupational diseases","SDG indicator 8.8.1 - Fatal occupational injuries per 100'000 workers","Sex: Total","Migrant status: Total","2014",7,,"Coverage of occupational injuries: Reported injuries | Type of cases of occupational injuries: Cases of occupational injury",
"Russian Federation","ADM-RWO - Information on Injuries in the Workplace and Occupational diseases","SDG indicator 8.8.1 - Fatal occupational injuries per 100'000 workers","Sex: Male","Migrant status: Total","2014",11,,"Coverage of occupational injuries: Reported injuries | Type of cases of occupational injuries: Cases of occupational injury",
"Russian Federation","ADM-RWO - Information on Injuries in the Workplace and Occupational diseases","SDG indicator 8.8.1 - Fatal occupational injuries per 100'000 workers","Sex: Female","Migrant status: Total","2014",1,,"Coverage of occupational injuries: Reported injuries | Type of cases of occupational injuries: Cases of occupational injury",
"Russian Federation","ADM-RWO - Information on Injuries in the Workplace and Occupational diseases","SDG indicator 8.8.1 - Fatal occupational injuries per 100'000 workers","Sex: Total","Migrant status: Total","2013",8,,"Coverage of occupational injuries: Reported injuries | Type of cases of occupational injuries: Cases of occupational injury",
"Russian Federation","ADM-RWO - Information on Injuries in the Workplace and Occupational diseases","SDG indicator 8.8.1 - Fatal occupational injuries per 100'000 workers","Sex: Male","Migrant status: Total","2013",13,,"Coverage of occupational injuries: Reported injuries | Type of cases of occupational injuries: Cases of occupational injury",
"Russian Federation","ADM-RWO - Information on Injuries in the Workplace and Occupational diseases","SDG indicator 8.8.1 - Fatal occupational injuries per 100'000 workers","Sex: Female","Migrant status: Total","2013",1,,"Coverage of occupational injuries: Reported injuries | Type of cases of occupational injuries: Cases of occupational injury",
"Singapore","ADM-LIR - Administrative records and related sources","SDG indicator 8.8.1 - Fatal occupational injuries per 100'000 workers","Sex: Total","Migrant status: Total","2023",0.99,,"Coverage of occupational injuries: Reported injuries | Type of cases of occupational injuries: Cases of occupational injury","Data reference period: End of the year | Reference group coverage: Excluding employees in private domestic services"
"Singapore","ADM-LIR - Administrative records and related sources","SDG indicator 8.8.1 - Fatal occupational injuries per 100'000 workers","Sex: Total","Migrant status: Total","2022",1.3,,"Coverage of occupational injuries: Reported injuries | Type of cases of occupational injuries: Cases of occupational injury | Break in series: Change in definition or concept","Data reference period: End of the year | Reference group coverage: Excluding employees in private domestic services"
"Singapore","ADM-LIR - Administrative records and related sources","SDG indicator 8.8.1 - Fatal occupational injuries per 100'000 workers","Sex: Total","Migrant status: Total","2021",1.1,,"Coverage of occupational injuries: Reported injuries | Type of cases of occupational injuries: Cases of occupational injury | Break in series: Change in definition or concept","Data reference period: End of the year | Reference group coverage: Excluding employees in private domestic services"
"Singapore","ADM-LIR - Administrative records and related sources","SDG indicator 8.8.1 - Fatal occupational injuries per 100'000 workers","Sex: Total","Migrant status: Total","2020",0.9,,"Coverage of occupational injuries: Reported injuries, excluding those with less than four days of medical leave or less than 24 hours of hospitalization | Type of cases of occupational injuries: Cases of occupational injury","Data reference period: End of the year | Reference group coverage: Excluding employees in private domestic services"
"Singapore","ADM-LIR - Administrative records and related sources","SDG indicator 8.8.1 - Fatal occupational injuries per 100'000 workers","Sex: Total","Migrant status: Total","2019",1.1,,"Coverage of occupational injuries: Reported injuries, excluding those with less than four days of medical leave or less than 24 hours of hospitalization | Type of cases of occupational injuries: Cases of occupational injury","Data reference period: End of the year | Reference group coverage: Excluding employees in private domestic services"
"Singapore","ADM-LIR - Administrative records and related sources","SDG indicator 8.8.1 - Fatal occupational injuries per 100'000 workers","Sex: Total","Migrant status: Total","2018",1.2,,"Coverage of occupational injuries: Reported injuries, excluding those with less than four days of medical leave or less than 24 hours of hospitalization | Type of cases of occupational injuries: Cases of occupational injury","Employment definition: Excluding own-use production workers | Data reference period: End of the year | Reference group coverage: Excluding employees in private domestic services"
"Singapore","ADM-LIR - Administrative records and related sources","SDG indicator 8.8.1 - Fatal occupational injuries per 100'000 workers","Sex: Total","Migrant status: Total","2017",1.2,,"Coverage of occupational injuries: Reported injuries, excluding those with less than four days of medical leave or less than 24 hours of hospitalization | Type of cases of occupational injuries: Cases of occupational injury","Employment definition: Excluding own-use production workers | Data reference period: End of the year | Reference group coverage: Excluding employees in private domestic services"
"Singapore","ADM-LIR - Administrative records and related sources","SDG indicator 8.8.1 - Fatal occupational injuries per 100'000 workers","Sex: Total","Migrant status: Total","2016",1.9,,"Coverage of occupational injuries: Reported injuries, excluding those with less than four days of medical leave or less than 24 hours of hospitalization | Type of cases of occupational injuries: Cases of occupational injury","Data reference period: End of the year | Reference group coverage: Excluding employees in private domestic services"
"Singapore","ADM-LIR - Administrative records and related sources","SDG indicator 8.8.1 - Fatal occupational injuries per 100'000 workers","Sex: Total","Migrant status: Total","2015",1.9,,"Coverage of occupational injuries: Reported injuries | Type of cases of occupational injuries: Cases of occupational injury | Type of rate: Incidence rate (per 100'000 workers employed) | Time period for occurrence of death: Deaths occurring within the same reference year","Data reference period: End of the year | Reference group coverage: Excluding employees in private domestic services"
"Singapore","ADM-LIR - Administrative records and related sources","SDG indicator 8.8.1 - Fatal occupational injuries per 100'000 workers","Sex: Total","Migrant status: Total","2014",1.8,,"Coverage of occupational injuries: Reported injuries | Type of cases of occupational injuries: Cases of occupational injury | Type of rate: Incidence rate (per 100'000 workers employed) | Time period for occurrence of death: Deaths occurring within the same reference year","Data reference period: End of the year | Reference group coverage: Excluding employees in private domestic services"
"Singapore","ADM-LIR - Administrative records and related sources","SDG indicator 8.8.1 - Fatal occupational injuries per 100'000 workers","Sex: Total","Migrant status: Total","2013",2.1,,"Coverage of occupational injuries: Reported injuries | Type of cases of occupational injuries: Cases of occupational injury | Type of rate: Incidence rate (per 100'000 workers employed) | Time period for occurrence of death: Deaths occurring within the same reference year","Data reference period: End of the year | Reference group coverage: Excluding employees in private domestic services"
"Slovakia","ADM-LIR - Administrative data from the National Labour Inspectorate","SDG indicator 8.8.1 - Fatal occupational injuries per 100'000 workers","Sex: Total","Migrant status: Total","2023",0.86,,"Coverage of occupational injuries: Reported injuries | Type of cases of occupational injuries: Cases of occupational injury","Data reference period: End of the year | Reference group coverage: Employees"
"Slovakia","ADM-LIR - Administrative data from the National Labour Inspectorate","SDG indicator 8.8.1 - Fatal occupational injuries per 100'000 workers","Sex: Male","Migrant status: Total","2023",1.74,,"Coverage of occupational injuries: Reported injuries | Type of cases of occupational injuries: Cases of occupational injury","Data reference period: End of the year | Reference group coverage: Employees"
"Slovakia","ADM-LIR - Administrative data from the National Labour Inspectorate","SDG indicator 8.8.1 - Fatal occupational injuries per 100'000 workers","Sex: Female","Migrant status: Total","2023",0,,"Coverage of occupational injuries: Reported injuries | Type of cases of occupational injuries: Cases of occupational injury","Data reference period: End of the year | Reference group coverage: Employees"
"Slovakia","ADM-LIR - Administrative data from the National Labour Inspectorate","SDG indicator 8.8.1 - Fatal occupational injuries per 100'000 workers","Sex: Total","Migrant status: Total","2022",1.4,,"Coverage of occupational injuries: Reported injuries | Type of cases of occupational injuries: Cases of occupational injury","Data reference period: End of the year | Reference group coverage: Employees"
"Slovakia","ADM-LIR - Administrative data from the National Labour Inspectorate","SDG indicator 8.8.1 - Fatal occupational injuries per 100'000 workers","Sex: Male","Migrant status: Total","2022",2.74,,"Coverage of occupational injuries: Reported injuries | Type of cases of occupational injuries: Cases of occupational injury","Data reference period: End of the year | Reference group coverage: Employees"
"Slovakia","ADM-LIR - Administrative data from the National Labour Inspectorate","SDG indicator 8.8.1 - Fatal occupational injuries per 100'000 workers","Sex: Female","Migrant status: Total","2022",0.09,,"Coverage of occupational injuries: Reported injuries | Type of cases of occupational injuries: Cases of occupational injury","Data reference period: End of the year | Reference group coverage: Employees"
"Slovakia","ADM-LIR - Administrative data from the National Labour Inspectorate","SDG indicator 8.8.1 - Fatal occupational injuries per 100'000 workers","Sex: Total","Migrant status: Total","2021",1.52,,"Coverage of occupational injuries: Reported injuries | Type of cases of occupational injuries: Cases of occupational injury","Data reference period: End of the year | Reference group coverage: Employees"
"Slovakia","ADM-LIR - Administrative data from the National Labour Inspectorate","SDG indicator 8.8.1 - Fatal occupational injuries per 100'000 workers","Sex: Male","Migrant status: Total","2021",2.96,,"Coverage of occupational injuries: Reported injuries | Type of cases of occupational injuries: Cases of occupational injury","Data reference period: End of the year | Reference group coverage: Employees"
"Slovakia","ADM-LIR - Administrative data from the National Labour Inspectorate","SDG indicator 8.8.1 - Fatal occupational injuries per 100'000 workers","Sex: Female","Migrant status: Total","2021",0.09,,"Coverage of occupational injuries: Reported injuries | Type of cases of occupational injuries: Cases of occupational injury","Data reference period: End of the year | Reference group coverage: Employees"
"Slovakia","ADM-LIR - Administrative data from the National Labour Inspectorate","SDG indicator 8.8.1 - Fatal occupational injuries per 100'000 workers","Sex: Total","Migrant status: Total","2020",1.49,,"Coverage of occupational injuries: Reported injuries | Type of cases of occupational injuries: Cases of occupational injury","Data reference period: End of the year | Reference group coverage: Employees"
"Slovakia","ADM-LIR - Administrative data from the National Labour Inspectorate","SDG indicator 8.8.1 - Fatal occupational injuries per 100'000 workers","Sex: Male","Migrant status: Total","2020",2.86,,"Coverage of occupational injuries: Reported injuries | Type of cases of occupational injuries: Cases of occupational injury","Data reference period: End of the year | Reference group coverage: Employees"
"Slovakia","ADM-LIR - Administrative data from the National Labour Inspectorate","SDG indicator 8.8.1 - Fatal occupational injuries per 100'000 workers","Sex: Female","Migrant status: Total","2020",0,,"Coverage of occupational injuries: Reported injuries | Type of cases of occupational injuries: Cases of occupational injury","Data reference period: End of the year | Reference group coverage: Employees"
"Slovakia","ADM-LIR - Administrative data from the National Labour Inspectorate","SDG indicator 8.8.1 - Fatal occupational injuries per 100'000 workers","Sex: Total","Migrant status: Total","2019",1.5,,"Coverage of occupational injuries: Reported injuries","Repository: ILO calculations based on Eurostat data | Reference group coverage: Employees"
"Slovakia","ADM-LIR - Administrative data from the National Labour Inspectorate","SDG indicator 8.8.1 - Fatal occupational injuries per 100'000 workers","Sex: Total","Migrant status: Total","2018",1.83,,"Coverage of occupational injuries: Reported injuries","Repository: ILO calculations based on Eurostat data | Reference group coverage: Employees"
"Slovakia","ADM-LIR - Administrative data from the National Labour Inspectorate","SDG indicator 8.8.1 - Fatal occupational injuries per 100'000 workers","Sex: Total","Migrant status: Total","2017",2,,"Coverage of occupational injuries: Reported injuries","Repository: ILO calculations based on Eurostat data | Reference group coverage: Employees"
"Slovakia","ADM-LIR - Administrative data from the National Labour Inspectorate","SDG indicator 8.8.1 - Fatal occupational injuries per 100'000 workers","Sex: Total","Migrant status: Total","2016",2,,"Coverage of occupational injuries: Reported injuries | Type of cases of occupational injuries: Cases of occupational injury","Data reference period: End of the year | Reference group coverage: Employees"
"Slovakia","ADM-LIR - Administrative data from the National Labour Inspectorate","SDG indicator 8.8.1 - Fatal occupational injuries per 100'000 workers","Sex: Male","Migrant status: Total","2016",3,,"Coverage of occupational injuries: Reported injuries | Type of cases of occupational injuries: Cases of occupational injury","Data reference period: End of the year | Reference group coverage: Employees"
"Slovakia","ADM-LIR - Administrative data from the National Labour Inspectorate","SDG indicator 8.8.1 - Fatal occupational injuries per 100'000 workers","Sex: Female","Migrant status: Total","2016",0,,"Coverage of occupational injuries: Reported injuries | Type of cases of occupational injuries: Cases of occupational injury","Data reference period: End of the year | Reference group coverage: Employees"
"Slovakia","ADM-LIR - Administrative data from the National Labour Inspectorate","SDG indicator 8.8.1 - Fatal occupational injuries per 100'000 workers","Sex: Total","Migrant status: Total","2015",2.67,,"Coverage of occupational injuries: Reported injuries","Repository: ILO calculations based on Eurostat data | Reference group coverage: Employees"
"Slovakia","ADM-LIR - Administrative data from the National Labour Inspectorate","SDG indicator 8.8.1 - Fatal occupational injuries per 100'000 workers","Sex: Total","Migrant status: Total","2014",1.69,,"Coverage of occupational injuries: Reported injuries","Repository: ILO calculations based on Eurostat data | Reference group coverage: Employees"
"Slovakia","ADM-LIR - Administrative data from the National Labour Inspectorate","SDG indicator 8.8.1 - Fatal occupational injuries per 100'000 workers","Sex: Total","Migrant status: Total","2013",2.36,,"Coverage of occupational injuries: Reported injuries","Repository: ILO calculations based on Eurostat data | Reference group coverage: Employees"
"Slovenia","ADM - Compensated Injuries at Work Database Institute of Public Health of Republic of Slovenia","SDG indicator 8.8.1 - Fatal occupational injuries per 100'000 workers","Sex: Total","Migrant status: Total","2022",1.79,,"Coverage of occupational injuries: Reported injuries | Type of cases of occupational injuries: Including cases of injury due to commuting accidents",
"Slovenia","ADM - Compensated Injuries at Work Database Institute of Public Health of Republic of Slovenia","SDG indicator 8.8.1 - Fatal occupational injuries per 100'000 workers","Sex: Male","Migrant status: Total","2022",3.23,,"Coverage of occupational injuries: Reported injuries | Type of cases of occupational injuries: Including cases of injury due to commuting accidents",
"Slovenia","ADM - Compensated Injuries at Work Database Institute of Public Health of Republic of Slovenia","SDG indicator 8.8.1 - Fatal occupational injuries per 100'000 workers","Sex: Total","Migrant status: Total","2021",1.505,,"Coverage of occupational injuries: Reported injuries | Type of cases of occupational injuries: Including cases of injury due to commuting accidents",
"Slovenia","ADM - Compensated Injuries at Work Database Institute of Public Health of Republic of Slovenia","SDG indicator 8.8.1 - Fatal occupational injuries per 100'000 workers","Sex: Male","Migrant status: Total","2021",2.721,,"Coverage of occupational injuries: Reported injuries | Type of cases of occupational injuries: Including cases of injury due to commuting accidents",
"Slovenia","ADM - Compensated Injuries at Work Database Institute of Public Health of Republic of Slovenia","SDG indicator 8.8.1 - Fatal occupational injuries per 100'000 workers","Sex: Total","Migrant status: Total","2020",1.88,,"Coverage of occupational injuries: Reported injuries | Type of cases of occupational injuries: Including cases of injury due to commuting accidents",
"Slovenia","ADM - Compensated Injuries at Work Database Institute of Public Health of Republic of Slovenia","SDG indicator 8.8.1 - Fatal occupational injuries per 100'000 workers","Sex: Male","Migrant status: Total","2020",3,,"Coverage of occupational injuries: Reported injuries | Type of cases of occupational injuries: Including cases of injury due to commuting accidents",
"Slovenia","ADM - Compensated Injuries at Work Database Institute of Public Health of Republic of Slovenia","SDG indicator 8.8.1 - Fatal occupational injuries per 100'000 workers","Sex: Female","Migrant status: Total","2020",0.49,,"Coverage of occupational injuries: Reported injuries | Type of cases of occupational injuries: Including cases of injury due to commuting accidents",
"Slovenia","ADM - Compensated Injuries at Work Database Institute of Public Health of Republic of Slovenia","SDG indicator 8.8.1 - Fatal occupational injuries per 100'000 workers","Sex: Total","Migrant status: Total","2019",1.69,,"Coverage of occupational injuries: Reported injuries | Type of cases of occupational injuries: Including cases of injury due to commuting accidents",
"Slovenia","ADM - Compensated Injuries at Work Database Institute of Public Health of Republic of Slovenia","SDG indicator 8.8.1 - Fatal occupational injuries per 100'000 workers","Sex: Male","Migrant status: Total","2019",2.96,,"Coverage of occupational injuries: Reported injuries | Type of cases of occupational injuries: Including cases of injury due to commuting accidents",
"Slovenia","ADM - Compensated Injuries at Work Database Institute of Public Health of Republic of Slovenia","SDG indicator 8.8.1 - Fatal occupational injuries per 100'000 workers","Sex: Female","Migrant status: Total","2019",0,,"Coverage of occupational injuries: Reported injuries | Type of cases of occupational injuries: Including cases of injury due to commuting accidents",
"Slovenia","ADM - Compensated Injuries at Work Database Institute of Public Health of Republic of Slovenia","SDG indicator 8.8.1 - Fatal occupational injuries per 100'000 workers","Sex: Total","Migrant status: Total","2018",1.67,,"Coverage of occupational injuries: Reported injuries | Type of cases of occupational injuries: Including cases of injury due to commuting accidents","Repository: ILO calculations based on Eurostat data"
"Slovenia","ADM - Compensated Injuries at Work Database Institute of Public Health of Republic of Slovenia","SDG indicator 8.8.1 - Fatal occupational injuries per 100'000 workers","Sex: Total","Migrant status: Total","2017",1.85,,"Coverage of occupational injuries: Reported injuries | Type of cases of occupational injuries: Including cases of injury due to commuting accidents","Repository: ILO calculations based on Eurostat data"
"Slovenia","ADM - Compensated Injuries at Work Database Institute of Public Health of Republic of Slovenia","SDG indicator 8.8.1 - Fatal occupational injuries per 100'000 workers","Sex: Total","Migrant status: Total","2016",1.65,,"Coverage of occupational injuries: Reported injuries | Type of cases of occupational injuries: Including cases of injury due to commuting accidents","Repository: ILO calculations based on Eurostat data"
"Slovenia","ADM - Compensated Injuries at Work Database Institute of Public Health of Republic of Slovenia","SDG indicator 8.8.1 - Fatal occupational injuries per 100'000 workers","Sex: Total","Migrant status: Total","2015",2.79,,"Coverage of occupational injuries: Reported injuries | Type of cases of occupational injuries: Including cases of injury due to commuting accidents","Repository: ILO calculations based on Eurostat data"
"Slovenia","ADM - Compensated Injuries at Work Database Institute of Public Health of Republic of Slovenia","SDG indicator 8.8.1 - Fatal occupational injuries per 100'000 workers","Sex: Total","Migrant status: Total","2014",3.09,,"Coverage of occupational injuries: Reported injuries | Type of cases of occupational injuries: Including cases of injury due to commuting accidents","Repository: ILO calculations based on Eurostat data"
"Slovenia","ADM - Compensated Injuries at Work Database Institute of Public Health of Republic of Slovenia","SDG indicator 8.8.1 - Fatal occupational injuries per 100'000 workers","Sex: Male","Migrant status: Total","2014",5.15,,"Coverage of occupational injuries: Reported injuries | Type of cases of occupational injuries: Including cases of injury due to commuting accidents","Repository: ILO calculations based on Eurostat data"
"Slovenia","ADM - Compensated Injuries at Work Database Institute of Public Health of Republic of Slovenia","SDG indicator 8.8.1 - Fatal occupational injuries per 100'000 workers","Sex: Female","Migrant status: Total","2014",0.55,,"Coverage of occupational injuries: Reported injuries | Type of cases of occupational injuries: Including cases of injury due to commuting accidents","Repository: ILO calculations based on Eurostat data"
"Slovenia","ADM - Compensated Injuries at Work Database Institute of Public Health of Republic of Slovenia","SDG indicator 8.8.1 - Fatal occupational injuries per 100'000 workers","Sex: Total","Migrant status: Total","2013",2.63,,"Coverage of occupational injuries: Reported injuries | Type of cases of occupational injuries: Including cases of injury due to commuting accidents","Repository: ILO calculations based on Eurostat data"
"Slovenia","ADM - Compensated Injuries at Work Database Institute of Public Health of Republic of Slovenia","SDG indicator 8.8.1 - Fatal occupational injuries per 100'000 workers","Sex: Male","Migrant status: Total","2013",4.33,,"Coverage of occupational injuries: Reported injuries | Type of cases of occupational injuries: Including cases of injury due to commuting accidents","Repository: ILO calculations based on Eurostat data"
"Slovenia","ADM - Compensated Injuries at Work Database Institute of Public Health of Republic of Slovenia","SDG indicator 8.8.1 - Fatal occupational injuries per 100'000 workers","Sex: Female","Migrant status: Total","2013",0.56,,"Coverage of occupational injuries: Reported injuries | Type of cases of occupational injuries: Including cases of injury due to commuting accidents","Repository: ILO calculations based on Eurostat data"
"Sweden","ADM - Swedish injury database","SDG indicator 8.8.1 - Fatal occupational injuries per 100'000 workers","Sex: Total","Migrant status: Total","2023",1.024,,"Coverage of occupational injuries: Reported injuries | Type of cases of occupational injuries: Cases of occupational injury",
"Sweden","ADM - Swedish injury database","SDG indicator 8.8.1 - Fatal occupational injuries per 100'000 workers","Sex: Male","Migrant status: Total","2023",1.786,,"Coverage of occupational injuries: Reported injuries | Type of cases of occupational injuries: Cases of occupational injury",
"Sweden","ADM - Swedish injury database","SDG indicator 8.8.1 - Fatal occupational injuries per 100'000 workers","Sex: Female","Migrant status: Total","2023",0.194,,"Coverage of occupational injuries: Reported injuries | Type of cases of occupational injuries: Cases of occupational injury",
"Sweden","ADM - Swedish injury database","SDG indicator 8.8.1 - Fatal occupational injuries per 100'000 workers","Sex: Total","Migrant status: Total","2022",0.8,,"Coverage of occupational injuries: Reported injuries | Type of cases of occupational injuries: Cases of occupational injury",
"Sweden","ADM - Swedish injury database","SDG indicator 8.8.1 - Fatal occupational injuries per 100'000 workers","Sex: Male","Migrant status: Total","2022",1.2,,"Coverage of occupational injuries: Reported injuries | Type of cases of occupational injuries: Cases of occupational injury",
"Sweden","ADM - Swedish injury database","SDG indicator 8.8.1 - Fatal occupational injuries per 100'000 workers","Sex: Female","Migrant status: Total","2022",0.4,,"Coverage of occupational injuries: Reported injuries | Type of cases of occupational injuries: Cases of occupational injury",
"Sweden","ADM - Swedish injury database","SDG indicator 8.8.1 - Fatal occupational injuries per 100'000 workers","Sex: Total","Migrant status: Total","2021",0.8,,"Coverage of occupational injuries: Reported injuries | Type of cases of occupational injuries: Cases of occupational injury",
"Sweden","ADM - Swedish injury database","SDG indicator 8.8.1 - Fatal occupational injuries per 100'000 workers","Sex: Male","Migrant status: Total","2021",1.4,,"Coverage of occupational injuries: Reported injuries | Type of cases of occupational injuries: Cases of occupational injury",
"Sweden","ADM - Swedish injury database","SDG indicator 8.8.1 - Fatal occupational injuries per 100'000 workers","Sex: Female","Migrant status: Total","2021",0.1,,"Coverage of occupational injuries: Reported injuries | Type of cases of occupational injuries: Cases of occupational injury",
"Sweden","ADM - Swedish injury database","SDG indicator 8.8.1 - Fatal occupational injuries per 100'000 workers","Sex: Total","Migrant status: Total","2020",0.5,,"Coverage of occupational injuries: Reported injuries | Type of cases of occupational injuries: Cases of occupational injury",
"Sweden","ADM - Swedish injury database","SDG indicator 8.8.1 - Fatal occupational injuries per 100'000 workers","Sex: Male","Migrant status: Total","2020",0.9,,"Coverage of occupational injuries: Reported injuries | Type of cases of occupational injuries: Cases of occupational injury",
"Sweden","ADM - Swedish injury database","SDG indicator 8.8.1 - Fatal occupational injuries per 100'000 workers","Sex: Female","Migrant status: Total","2020",0,,"Coverage of occupational injuries: Reported injuries | Type of cases of occupational injuries: Cases of occupational injury",
"Sweden","ADM - Swedish injury database","SDG indicator 8.8.1 - Fatal occupational injuries per 100'000 workers","Sex: Total","Migrant status: Total","2019",0.7,,"Coverage of occupational injuries: Reported injuries | Type of cases of occupational injuries: Cases of occupational injury",
"Sweden","ADM - Swedish injury database","SDG indicator 8.8.1 - Fatal occupational injuries per 100'000 workers","Sex: Male","Migrant status: Total","2019",1.2,,"Coverage of occupational injuries: Reported injuries | Type of cases of occupational injuries: Cases of occupational injury",
"Sweden","ADM - Swedish injury database","SDG indicator 8.8.1 - Fatal occupational injuries per 100'000 workers","Sex: Female","Migrant status: Total","2019",0.2,,"Coverage of occupational injuries: Reported injuries | Type of cases of occupational injuries: Cases of occupational injury",
"Sweden","ADM - Swedish injury database","SDG indicator 8.8.1 - Fatal occupational injuries per 100'000 workers","Sex: Total","Migrant status: Total","2018",1.01,,"Coverage of occupational injuries: Reported injuries | Type of cases of occupational injuries: Including cases of injury due to commuting accidents","Repository: ILO calculations based on Eurostat data | Reference group coverage: Insured persons"
"Sweden","ADM - Swedish injury database","SDG indicator 8.8.1 - Fatal occupational injuries per 100'000 workers","Sex: Total","Migrant status: Total","2017",0.9,,"Coverage of occupational injuries: Reported injuries | Type of cases of occupational injuries: Including cases of injury due to commuting accidents","Repository: ILO calculations based on Eurostat data | Reference group coverage: Insured persons"
"Sweden","ADM - Swedish injury database","SDG indicator 8.8.1 - Fatal occupational injuries per 100'000 workers","Sex: Total","Migrant status: Total","2016",1,,"Coverage of occupational injuries: Reported injuries | Type of cases of occupational injuries: Cases of occupational injury",
"Sweden","ADM - Swedish injury database","SDG indicator 8.8.1 - Fatal occupational injuries per 100'000 workers","Sex: Male","Migrant status: Total","2016",1,,"Coverage of occupational injuries: Reported injuries | Type of cases of occupational injuries: Cases of occupational injury",
"Sweden","ADM - Swedish injury database","SDG indicator 8.8.1 - Fatal occupational injuries per 100'000 workers","Sex: Female","Migrant status: Total","2016",0,,"Coverage of occupational injuries: Reported injuries | Type of cases of occupational injuries: Cases of occupational injury",
"Sweden","ADM - Swedish injury database","SDG indicator 8.8.1 - Fatal occupational injuries per 100'000 workers","Sex: Total","Migrant status: Total","2015",0.73,,"Coverage of occupational injuries: Reported injuries | Type of cases of occupational injuries: Including cases of injury due to commuting accidents","Repository: ILO calculations based on Eurostat data | Reference group coverage: Insured persons"
"Sweden","ADM - Swedish injury database","SDG indicator 8.8.1 - Fatal occupational injuries per 100'000 workers","Sex: Male","Migrant status: Total","2015",1.32,,"Coverage of occupational injuries: Reported injuries | Type of cases of occupational injuries: Including cases of injury due to commuting accidents","Repository: ILO calculations based on Eurostat data | Reference group coverage: Insured persons"
"Sweden","ADM - Swedish injury database","SDG indicator 8.8.1 - Fatal occupational injuries per 100'000 workers","Sex: Female","Migrant status: Total","2015",0.09,,"Coverage of occupational injuries: Reported injuries | Type of cases of occupational injuries: Including cases of injury due to commuting accidents","Repository: ILO calculations based on Eurostat data | Reference group coverage: Insured persons"
"Sweden","ADM - Swedish injury database","SDG indicator 8.8.1 - Fatal occupational injuries per 100'000 workers","Sex: Total","Migrant status: Total","2014",0.87,,"Coverage of occupational injuries: Reported injuries | Type of cases of occupational injuries: Including cases of injury due to commuting accidents","Repository: ILO calculations based on Eurostat data | Reference group coverage: Insured persons"
"Sweden","ADM - Swedish injury database","SDG indicator 8.8.1 - Fatal occupational injuries per 100'000 workers","Sex: Total","Migrant status: Total","2013",0.77,,"Coverage of occupational injuries: Reported injuries | Type of cases of occupational injuries: Including cases of injury due to commuting accidents","Repository: ILO calculations based on Eurostat data | Reference group coverage: Insured persons"
"Seychelles","ADM-EOR - Employment office records","SDG indicator 8.8.1 - Fatal occupational injuries per 100'000 workers","Sex: Total","Migrant status: Total","2018",4.79,,"Coverage of occupational injuries: Reported injuries | Type of cases of occupational injuries: Cases of occupational injury","Data reference period: End of the year | Reference group coverage: Employees"
"Thailand","ADM-IR - Insurance Records of the Workmen's Compensation Fund","SDG indicator 8.8.1 - Fatal occupational injuries per 100'000 workers","Sex: Total","Migrant status: Total","2020",5.27,,"Coverage of occupational injuries: Reported injuries | Type of cases of occupational injuries: Including cases of occupational disease and cases of injury due to commuting accidents","Reference group coverage: Insured persons"
"Thailand","ADM-IR - Insurance Records of the Workmen's Compensation Fund","SDG indicator 8.8.1 - Fatal occupational injuries per 100'000 workers","Sex: Total","Migrant status: Total","2019",5.46,,"Coverage of occupational injuries: Compensated injuries | Type of cases of occupational injuries: Cases of occupational injury","Reference group coverage: Insured persons"
"Thailand","ADM-IR - Insurance Records of the Workmen's Compensation Fund","SDG indicator 8.8.1 - Fatal occupational injuries per 100'000 workers","Sex: Total","Migrant status: Total","2014",6.84,,"Coverage of occupational injuries: Compensated injuries | Type of cases of occupational injuries: Cases of occupational injury | Time period for occurrence of death: No specified period for occurrence of deaths","Reference group coverage: Insured persons"
"Thailand","ADM-IR - Insurance Records of the Workmen's Compensation Fund","SDG indicator 8.8.1 - Fatal occupational injuries per 100'000 workers","Sex: Total","Migrant status: Total","2013",7.13,,"Coverage of occupational injuries: Compensated injuries | Type of cases of occupational injuries: Cases of occupational injury | Time period for occurrence of death: No specified period for occurrence of deaths","Reference group coverage: Insured persons"
"Türkiye","ADM-IR - Social Insurance Institution reports","SDG indicator 8.8.1 - Fatal occupational injuries per 100'000 workers","Sex: Total","Migrant status: Total","2023",8.409,,"Coverage of occupational injuries: Reported injuries | Type of cases of occupational injuries: Cases of occupational injury","Reference group coverage: Employees"
"Türkiye","ADM-IR - Social Insurance Institution reports","SDG indicator 8.8.1 - Fatal occupational injuries per 100'000 workers","Sex: Total","Migrant status: Migrants","2023",4.692,,"Coverage of occupational injuries: Reported injuries | Type of cases of occupational injuries: Cases of occupational injury","Reference group coverage: Employees"
"Türkiye","ADM-IR - Social Insurance Institution reports","SDG indicator 8.8.1 - Fatal occupational injuries per 100'000 workers","Sex: Total","Migrant status: Non migrants","2023",8.467,,"Coverage of occupational injuries: Reported injuries | Type of cases of occupational injuries: Cases of occupational injury","Reference group coverage: Employees"
"Türkiye","ADM-IR - Social Insurance Institution reports","SDG indicator 8.8.1 - Fatal occupational injuries per 100'000 workers","Sex: Male","Migrant status: Total","2023",11.846,,"Coverage of occupational injuries: Reported injuries | Type of cases of occupational injuries: Cases of occupational injury","Reference group coverage: Employees"
"Türkiye","ADM-IR - Social Insurance Institution reports","SDG indicator 8.8.1 - Fatal occupational injuries per 100'000 workers","Sex: Male","Migrant status: Migrants","2023",6.096,,"Coverage of occupational injuries: Reported injuries | Type of cases of occupational injuries: Cases of occupational injury","Reference group coverage: Employees"
"Türkiye","ADM-IR - Social Insurance Institution reports","SDG indicator 8.8.1 - Fatal occupational injuries per 100'000 workers","Sex: Male","Migrant status: Non migrants","2023",11.941,,"Coverage of occupational injuries: Reported injuries | Type of cases of occupational injuries: Cases of occupational injury","Reference group coverage: Employees"
"Türkiye","ADM-IR - Social Insurance Institution reports","SDG indicator 8.8.1 - Fatal occupational injuries per 100'000 workers","Sex: Female","Migrant status: Total","2023",0.808,,"Coverage of occupational injuries: Reported injuries | Type of cases of occupational injuries: Cases of occupational injury","Reference group coverage: Employees"
"Türkiye","ADM-IR - Social Insurance Institution reports","SDG indicator 8.8.1 - Fatal occupational injuries per 100'000 workers","Sex: Female","Migrant status: Migrants","2023",1.002,,"Coverage of occupational injuries: Reported injuries | Type of cases of occupational injuries: Cases of occupational injury","Reference group coverage: Employees"
"Türkiye","ADM-IR - Social Insurance Institution reports","SDG indicator 8.8.1 - Fatal occupational injuries per 100'000 workers","Sex: Female","Migrant status: Non migrants","2023",0.805,,"Coverage of occupational injuries: Reported injuries | Type of cases of occupational injuries: Cases of occupational injury","Reference group coverage: Employees"
"Türkiye","ADM-IR - Social Insurance Institution reports","SDG indicator 8.8.1 - Fatal occupational injuries per 100'000 workers","Sex: Total","Migrant status: Total","2022",8.41,,"Coverage of occupational injuries: Reported injuries | Type of cases of occupational injuries: Cases of occupational injury","Reference group coverage: Employees"
"Türkiye","ADM-IR - Social Insurance Institution reports","SDG indicator 8.8.1 - Fatal occupational injuries per 100'000 workers","Sex: Total","Migrant status: Migrants","2022",4.69,,"Coverage of occupational injuries: Reported injuries | Type of cases of occupational injuries: Cases of occupational injury","Reference group coverage: Employees"
"Türkiye","ADM-IR - Social Insurance Institution reports","SDG indicator 8.8.1 - Fatal occupational injuries per 100'000 workers","Sex: Total","Migrant status: Non migrants","2022",8.47,,"Coverage of occupational injuries: Reported injuries | Type of cases of occupational injuries: Cases of occupational injury","Reference group coverage: Employees"
"Türkiye","ADM-IR - Social Insurance Institution reports","SDG indicator 8.8.1 - Fatal occupational injuries per 100'000 workers","Sex: Male","Migrant status: Total","2022",11.85,,"Coverage of occupational injuries: Reported injuries | Type of cases of occupational injuries: Cases of occupational injury","Reference group coverage: Employees"
"Türkiye","ADM-IR - Social Insurance Institution reports","SDG indicator 8.8.1 - Fatal occupational injuries per 100'000 workers","Sex: Male","Migrant status: Migrants","2022",6.1,,"Coverage of occupational injuries: Reported injuries | Type of cases of occupational injuries: Cases of occupational injury","Reference group coverage: Employees"
"Türkiye","ADM-IR - Social Insurance Institution reports","SDG indicator 8.8.1 - Fatal occupational injuries per 100'000 workers","Sex: Male","Migrant status: Non migrants","2022",11.94,,"Coverage of occupational injuries: Reported injuries | Type of cases of occupational injuries: Cases of occupational injury","Reference group coverage: Employees"
"Türkiye","ADM-IR - Social Insurance Institution reports","SDG indicator 8.8.1 - Fatal occupational injuries per 100'000 workers","Sex: Female","Migrant status: Total","2022",0.81,,"Coverage of occupational injuries: Reported injuries | Type of cases of occupational injuries: Cases of occupational injury","Reference group coverage: Employees"
"Türkiye","ADM-IR - Social Insurance Institution reports","SDG indicator 8.8.1 - Fatal occupational injuries per 100'000 workers","Sex: Female","Migrant status: Migrants","2022",1,,"Coverage of occupational injuries: Reported injuries | Type of cases of occupational injuries: Cases of occupational injury","Reference group coverage: Employees"
"Türkiye","ADM-IR - Social Insurance Institution reports","SDG indicator 8.8.1 - Fatal occupational injuries per 100'000 workers","Sex: Female","Migrant status: Non migrants","2022",0.81,,"Coverage of occupational injuries: Reported injuries | Type of cases of occupational injuries: Cases of occupational injury","Reference group coverage: Employees"
"Türkiye","ADM-IR - Social Insurance Institution reports","SDG indicator 8.8.1 - Fatal occupational injuries per 100'000 workers","Sex: Total","Migrant status: Total","2021",6.26,,"Coverage of occupational injuries: Reported injuries | Type of cases of occupational injuries: Cases of occupational injury","Reference group coverage: Employees"
"Türkiye","ADM-IR - Social Insurance Institution reports","SDG indicator 8.8.1 - Fatal occupational injuries per 100'000 workers","Sex: Total","Migrant status: Migrants","2021",5.71,,"Coverage of occupational injuries: Reported injuries | Type of cases of occupational injuries: Cases of occupational injury","Reference group coverage: Employees"
"Türkiye","ADM-IR - Social Insurance Institution reports","SDG indicator 8.8.1 - Fatal occupational injuries per 100'000 workers","Sex: Total","Migrant status: Non migrants","2021",6.26,,"Coverage of occupational injuries: Reported injuries | Type of cases of occupational injuries: Cases of occupational injury","Reference group coverage: Employees"
"Türkiye","ADM-IR - Social Insurance Institution reports","SDG indicator 8.8.1 - Fatal occupational injuries per 100'000 workers","Sex: Male","Migrant status: Total","2021",8.77,,"Coverage of occupational injuries: Reported injuries | Type of cases of occupational injuries: Cases of occupational injury","Reference group coverage: Employees"
"Türkiye","ADM-IR - Social Insurance Institution reports","SDG indicator 8.8.1 - Fatal occupational injuries per 100'000 workers","Sex: Male","Migrant status: Migrants","2021",7.84,,"Coverage of occupational injuries: Reported injuries | Type of cases of occupational injuries: Cases of occupational injury","Reference group coverage: Employees"
"Türkiye","ADM-IR - Social Insurance Institution reports","SDG indicator 8.8.1 - Fatal occupational injuries per 100'000 workers","Sex: Male","Migrant status: Non migrants","2021",8.78,,"Coverage of occupational injuries: Reported injuries | Type of cases of occupational injuries: Cases of occupational injury","Reference group coverage: Employees"
"Türkiye","ADM-IR - Social Insurance Institution reports","SDG indicator 8.8.1 - Fatal occupational injuries per 100'000 workers","Sex: Female","Migrant status: Total","2021",0.47,,"Coverage of occupational injuries: Reported injuries | Type of cases of occupational injuries: Cases of occupational injury","Reference group coverage: Employees"
"Türkiye","ADM-IR - Social Insurance Institution reports","SDG indicator 8.8.1 - Fatal occupational injuries per 100'000 workers","Sex: Female","Migrant status: Migrants","2021",0,,"Coverage of occupational injuries: Reported injuries | Type of cases of occupational injuries: Cases of occupational injury","Reference group coverage: Employees"
"Türkiye","ADM-IR - Social Insurance Institution reports","SDG indicator 8.8.1 - Fatal occupational injuries per 100'000 workers","Sex: Female","Migrant status: Non migrants","2021",0.48,,"Coverage of occupational injuries: Reported injuries | Type of cases of occupational injuries: Cases of occupational injury","Reference group coverage: Employees"
"Türkiye","ADM-IR - Social Insurance Institution reports","SDG indicator 8.8.1 - Fatal occupational injuries per 100'000 workers","Sex: Total","Migrant status: Total","2020",5.95,,"Coverage of occupational injuries: Reported injuries | Type of cases of occupational injuries: Cases of occupational injury | Minimum period of absence from work: Incapacities lasting more than 2 days | Time unit for measuring time lost: Calendar days",
"Türkiye","ADM-IR - Social Insurance Institution reports","SDG indicator 8.8.1 - Fatal occupational injuries per 100'000 workers","Sex: Total","Migrant status: Migrants","2020",3.96,,"Coverage of occupational injuries: Reported injuries | Type of cases of occupational injuries: Cases of occupational injury | Minimum period of absence from work: Incapacities lasting more than 2 days | Time unit for measuring time lost: Calendar days",
"Türkiye","ADM-IR - Social Insurance Institution reports","SDG indicator 8.8.1 - Fatal occupational injuries per 100'000 workers","Sex: Total","Migrant status: Non migrants","2020",5.98,,"Coverage of occupational injuries: Reported injuries | Type of cases of occupational injuries: Cases of occupational injury | Minimum period of absence from work: Incapacities lasting more than 2 days | Time unit for measuring time lost: Calendar days",
"Türkiye","ADM-IR - Social Insurance Institution reports","SDG indicator 8.8.1 - Fatal occupational injuries per 100'000 workers","Sex: Male","Migrant status: Total","2020",8.21,,"Coverage of occupational injuries: Reported injuries | Type of cases of occupational injuries: Cases of occupational injury | Minimum period of absence from work: Incapacities lasting more than 2 days | Time unit for measuring time lost: Calendar days",
"Türkiye","ADM-IR - Social Insurance Institution reports","SDG indicator 8.8.1 - Fatal occupational injuries per 100'000 workers","Sex: Male","Migrant status: Migrants","2020",5.7,,"Coverage of occupational injuries: Reported injuries | Type of cases of occupational injuries: Cases of occupational injury | Minimum period of absence from work: Incapacities lasting more than 2 days | Time unit for measuring time lost: Calendar days",
"Türkiye","ADM-IR - Social Insurance Institution reports","SDG indicator 8.8.1 - Fatal occupational injuries per 100'000 workers","Sex: Male","Migrant status: Non migrants","2020",8.24,,"Coverage of occupational injuries: Reported injuries | Type of cases of occupational injuries: Cases of occupational injury | Minimum period of absence from work: Incapacities lasting more than 2 days | Time unit for measuring time lost: Calendar days",
"Türkiye","ADM-IR - Social Insurance Institution reports","SDG indicator 8.8.1 - Fatal occupational injuries per 100'000 workers","Sex: Female","Migrant status: Total","2020",0.55,,"Coverage of occupational injuries: Reported injuries | Type of cases of occupational injuries: Cases of occupational injury | Minimum period of absence from work: Incapacities lasting more than 2 days | Time unit for measuring time lost: Calendar days",
"Türkiye","ADM-IR - Social Insurance Institution reports","SDG indicator 8.8.1 - Fatal occupational injuries per 100'000 workers","Sex: Female","Migrant status: Migrants","2020",0,,"Coverage of occupational injuries: Reported injuries | Type of cases of occupational injuries: Cases of occupational injury | Minimum period of absence from work: Incapacities lasting more than 2 days | Time unit for measuring time lost: Calendar days",
"Türkiye","ADM-IR - Social Insurance Institution reports","SDG indicator 8.8.1 - Fatal occupational injuries per 100'000 workers","Sex: Female","Migrant status: Non migrants","2020",0.56,,"Coverage of occupational injuries: Reported injuries | Type of cases of occupational injuries: Cases of occupational injury | Minimum period of absence from work: Incapacities lasting more than 2 days | Time unit for measuring time lost: Calendar days",
"Türkiye","ADM-IR - Social Insurance Institution reports","SDG indicator 8.8.1 - Fatal occupational injuries per 100'000 workers","Sex: Total","Migrant status: Total","2019",5.898,,"Coverage of occupational injuries: Reported injuries | Type of cases of occupational injuries: Cases of occupational injury | Minimum period of absence from work: Incapacities lasting more than 2 days | Time unit for measuring time lost: Calendar days",
"Türkiye","ADM-IR - Social Insurance Institution reports","SDG indicator 8.8.1 - Fatal occupational injuries per 100'000 workers","Sex: Total","Migrant status: Migrants","2019",4.774,,"Coverage of occupational injuries: Reported injuries | Type of cases of occupational injuries: Cases of occupational injury | Minimum period of absence from work: Incapacities lasting more than 2 days | Time unit for measuring time lost: Calendar days",
"Türkiye","ADM-IR - Social Insurance Institution reports","SDG indicator 8.8.1 - Fatal occupational injuries per 100'000 workers","Sex: Total","Migrant status: Non migrants","2019",5.91,,"Coverage of occupational injuries: Reported injuries | Type of cases of occupational injuries: Cases of occupational injury | Minimum period of absence from work: Incapacities lasting more than 2 days | Time unit for measuring time lost: Calendar days",
"Türkiye","ADM-IR - Social Insurance Institution reports","SDG indicator 8.8.1 - Fatal occupational injuries per 100'000 workers","Sex: Male","Migrant status: Total","2019",8.247,,"Coverage of occupational injuries: Reported injuries | Type of cases of occupational injuries: Cases of occupational injury | Minimum period of absence from work: Incapacities lasting more than 2 days | Time unit for measuring time lost: Calendar days",
"Türkiye","ADM-IR - Social Insurance Institution reports","SDG indicator 8.8.1 - Fatal occupational injuries per 100'000 workers","Sex: Male","Migrant status: Migrants","2019",6.668,,"Coverage of occupational injuries: Reported injuries | Type of cases of occupational injuries: Cases of occupational injury | Minimum period of absence from work: Incapacities lasting more than 2 days | Time unit for measuring time lost: Calendar days",
"Türkiye","ADM-IR - Social Insurance Institution reports","SDG indicator 8.8.1 - Fatal occupational injuries per 100'000 workers","Sex: Male","Migrant status: Non migrants","2019",8.265,,"Coverage of occupational injuries: Reported injuries | Type of cases of occupational injuries: Cases of occupational injury | Minimum period of absence from work: Incapacities lasting more than 2 days | Time unit for measuring time lost: Calendar days",
"Türkiye","ADM-IR - Social Insurance Institution reports","SDG indicator 8.8.1 - Fatal occupational injuries per 100'000 workers","Sex: Female","Migrant status: Total","2019",0.362,,"Coverage of occupational injuries: Reported injuries | Type of cases of occupational injuries: Cases of occupational injury | Minimum period of absence from work: Incapacities lasting more than 2 days | Time unit for measuring time lost: Calendar days",
"Türkiye","ADM-IR - Social Insurance Institution reports","SDG indicator 8.8.1 - Fatal occupational injuries per 100'000 workers","Sex: Female","Migrant status: Migrants","2019",0,,"Coverage of occupational injuries: Reported injuries | Type of cases of occupational injuries: Cases of occupational injury | Minimum period of absence from work: Incapacities lasting more than 2 days | Time unit for measuring time lost: Calendar days",
"Türkiye","ADM-IR - Social Insurance Institution reports","SDG indicator 8.8.1 - Fatal occupational injuries per 100'000 workers","Sex: Female","Migrant status: Non migrants","2019",0.366,,"Coverage of occupational injuries: Reported injuries | Type of cases of occupational injuries: Cases of occupational injury | Minimum period of absence from work: Incapacities lasting more than 2 days | Time unit for measuring time lost: Calendar days",
"Türkiye","ADM-IR - Social Insurance Institution reports","SDG indicator 8.8.1 - Fatal occupational injuries per 100'000 workers","Sex: Total","Migrant status: Total","2018",7.877,,"Coverage of occupational injuries: Reported injuries | Type of cases of occupational injuries: Cases of occupational injury | Minimum period of absence from work: Incapacities lasting more than 2 days | Time unit for measuring time lost: Calendar days",
"Türkiye","ADM-IR - Social Insurance Institution reports","SDG indicator 8.8.1 - Fatal occupational injuries per 100'000 workers","Sex: Total","Migrant status: Migrants","2018",8.656,,"Coverage of occupational injuries: Reported injuries | Type of cases of occupational injuries: Cases of occupational injury | Minimum period of absence from work: Incapacities lasting more than 2 days | Time unit for measuring time lost: Calendar days",
"Türkiye","ADM-IR - Social Insurance Institution reports","SDG indicator 8.8.1 - Fatal occupational injuries per 100'000 workers","Sex: Total","Migrant status: Non migrants","2018",7.871,,"Coverage of occupational injuries: Reported injuries | Type of cases of occupational injuries: Cases of occupational injury | Minimum period of absence from work: Incapacities lasting more than 2 days | Time unit for measuring time lost: Calendar days",
"Türkiye","ADM-IR - Social Insurance Institution reports","SDG indicator 8.8.1 - Fatal occupational injuries per 100'000 workers","Sex: Male","Migrant status: Total","2018",10.831,,"Coverage of occupational injuries: Reported injuries | Type of cases of occupational injuries: Cases of occupational injury | Minimum period of absence from work: Incapacities lasting more than 2 days | Time unit for measuring time lost: Calendar days",
"Türkiye","ADM-IR - Social Insurance Institution reports","SDG indicator 8.8.1 - Fatal occupational injuries per 100'000 workers","Sex: Male","Migrant status: Migrants","2018",12.967,,"Coverage of occupational injuries: Reported injuries | Type of cases of occupational injuries: Cases of occupational injury | Minimum period of absence from work: Incapacities lasting more than 2 days | Time unit for measuring time lost: Calendar days",
"Türkiye","ADM-IR - Social Insurance Institution reports","SDG indicator 8.8.1 - Fatal occupational injuries per 100'000 workers","Sex: Male","Migrant status: Non migrants","2018",10.814,,"Coverage of occupational injuries: Reported injuries | Type of cases of occupational injuries: Cases of occupational injury | Minimum period of absence from work: Incapacities lasting more than 2 days | Time unit for measuring time lost: Calendar days",
"Türkiye","ADM-IR - Social Insurance Institution reports","SDG indicator 8.8.1 - Fatal occupational injuries per 100'000 workers","Sex: Female","Migrant status: Total","2018",0.798,,"Coverage of occupational injuries: Reported injuries | Type of cases of occupational injuries: Cases of occupational injury | Minimum period of absence from work: Incapacities lasting more than 2 days | Time unit for measuring time lost: Calendar days",
"Türkiye","ADM-IR - Social Insurance Institution reports","SDG indicator 8.8.1 - Fatal occupational injuries per 100'000 workers","Sex: Female","Migrant status: Migrants","2018",0,,"Coverage of occupational injuries: Reported injuries | Type of cases of occupational injuries: Cases of occupational injury | Minimum period of absence from work: Incapacities lasting more than 2 days | Time unit for measuring time lost: Calendar days",
"Türkiye","ADM-IR - Social Insurance Institution reports","SDG indicator 8.8.1 - Fatal occupational injuries per 100'000 workers","Sex: Female","Migrant status: Non migrants","2018",0.806,,"Coverage of occupational injuries: Reported injuries | Type of cases of occupational injuries: Cases of occupational injury | Minimum period of absence from work: Incapacities lasting more than 2 days | Time unit for measuring time lost: Calendar days",
"Türkiye","ADM-IR - Social Insurance Institution reports","SDG indicator 8.8.1 - Fatal occupational injuries per 100'000 workers","Sex: Total","Migrant status: Total","2017",8.238,,"Coverage of occupational injuries: Reported injuries | Type of cases of occupational injuries: Cases of occupational injury | Minimum period of absence from work: Incapacities lasting more than 2 days | Time unit for measuring time lost: Calendar days",
"Türkiye","ADM-IR - Social Insurance Institution reports","SDG indicator 8.8.1 - Fatal occupational injuries per 100'000 workers","Sex: Total","Migrant status: Migrants","2017",6.977,,"Coverage of occupational injuries: Reported injuries | Type of cases of occupational injuries: Cases of occupational injury | Minimum period of absence from work: Incapacities lasting more than 2 days | Time unit for measuring time lost: Calendar days",
"Türkiye","ADM-IR - Social Insurance Institution reports","SDG indicator 8.8.1 - Fatal occupational injuries per 100'000 workers","Sex: Total","Migrant status: Non migrants","2017",8.246,,"Coverage of occupational injuries: Reported injuries | Type of cases of occupational injuries: Cases of occupational injury | Minimum period of absence from work: Incapacities lasting more than 2 days | Time unit for measuring time lost: Calendar days",
"Türkiye","ADM-IR - Social Insurance Institution reports","SDG indicator 8.8.1 - Fatal occupational injuries per 100'000 workers","Sex: Male","Migrant status: Total","2017",11.198,,"Coverage of occupational injuries: Reported injuries | Type of cases of occupational injuries: Cases of occupational injury | Minimum period of absence from work: Incapacities lasting more than 2 days | Time unit for measuring time lost: Calendar days",
"Türkiye","ADM-IR - Social Insurance Institution reports","SDG indicator 8.8.1 - Fatal occupational injuries per 100'000 workers","Sex: Male","Migrant status: Migrants","2017",10.607,,"Coverage of occupational injuries: Reported injuries | Type of cases of occupational injuries: Cases of occupational injury | Minimum period of absence from work: Incapacities lasting more than 2 days | Time unit for measuring time lost: Calendar days",
"Türkiye","ADM-IR - Social Insurance Institution reports","SDG indicator 8.8.1 - Fatal occupational injuries per 100'000 workers","Sex: Male","Migrant status: Non migrants","2017",11.202,,"Coverage of occupational injuries: Reported injuries | Type of cases of occupational injuries: Cases of occupational injury | Minimum period of absence from work: Incapacities lasting more than 2 days | Time unit for measuring time lost: Calendar days",
"Türkiye","ADM-IR - Social Insurance Institution reports","SDG indicator 8.8.1 - Fatal occupational injuries per 100'000 workers","Sex: Female","Migrant status: Total","2017",0.526,,"Coverage of occupational injuries: Reported injuries | Type of cases of occupational injuries: Cases of occupational injury | Minimum period of absence from work: Incapacities lasting more than 2 days | Time unit for measuring time lost: Calendar days",
"Türkiye","ADM-IR - Social Insurance Institution reports","SDG indicator 8.8.1 - Fatal occupational injuries per 100'000 workers","Sex: Female","Migrant status: Migrants","2017",0,,"Coverage of occupational injuries: Reported injuries | Type of cases of occupational injuries: Cases of occupational injury | Minimum period of absence from work: Incapacities lasting more than 2 days | Time unit for measuring time lost: Calendar days",
"Türkiye","ADM-IR - Social Insurance Institution reports","SDG indicator 8.8.1 - Fatal occupational injuries per 100'000 workers","Sex: Female","Migrant status: Non migrants","2017",0.531,,"Coverage of occupational injuries: Reported injuries | Type of cases of occupational injuries: Cases of occupational injury | Minimum period of absence from work: Incapacities lasting more than 2 days | Time unit for measuring time lost: Calendar days",
"Türkiye","ADM-IR - Social Insurance Institution reports","SDG indicator 8.8.1 - Fatal occupational injuries per 100'000 workers","Sex: Total","Migrant status: Total","2016",7.516,,"Coverage of occupational injuries: Reported injuries | Type of cases of occupational injuries: Cases of occupational injury | Minimum period of absence from work: Incapacities lasting more than 2 days | Time unit for measuring time lost: Calendar days",
"Türkiye","ADM-IR - Social Insurance Institution reports","SDG indicator 8.8.1 - Fatal occupational injuries per 100'000 workers","Sex: Total","Migrant status: Migrants","2016",5.039,,"Coverage of occupational injuries: Reported injuries | Type of cases of occupational injuries: Cases of occupational injury | Minimum period of absence from work: Incapacities lasting more than 2 days | Time unit for measuring time lost: Calendar days",
"Türkiye","ADM-IR - Social Insurance Institution reports","SDG indicator 8.8.1 - Fatal occupational injuries per 100'000 workers","Sex: Total","Migrant status: Non migrants","2016",7.529,,"Coverage of occupational injuries: Reported injuries | Type of cases of occupational injuries: Cases of occupational injury | Minimum period of absence from work: Incapacities lasting more than 2 days | Time unit for measuring time lost: Calendar days",
"Türkiye","ADM-IR - Social Insurance Institution reports","SDG indicator 8.8.1 - Fatal occupational injuries per 100'000 workers","Sex: Male","Migrant status: Total","2016",9.967,,"Coverage of occupational injuries: Reported injuries | Type of cases of occupational injuries: Cases of occupational injury | Minimum period of absence from work: Incapacities lasting more than 2 days | Time unit for measuring time lost: Calendar days",
"Türkiye","ADM-IR - Social Insurance Institution reports","SDG indicator 8.8.1 - Fatal occupational injuries per 100'000 workers","Sex: Male","Migrant status: Migrants","2016",9.517,,"Coverage of occupational injuries: Reported injuries | Type of cases of occupational injuries: Cases of occupational injury | Minimum period of absence from work: Incapacities lasting more than 2 days | Time unit for measuring time lost: Calendar days",
"Türkiye","ADM-IR - Social Insurance Institution reports","SDG indicator 8.8.1 - Fatal occupational injuries per 100'000 workers","Sex: Male","Migrant status: Non migrants","2016",9.969,,"Coverage of occupational injuries: Reported injuries | Type of cases of occupational injuries: Cases of occupational injury | Minimum period of absence from work: Incapacities lasting more than 2 days | Time unit for measuring time lost: Calendar days",
"Türkiye","ADM-IR - Social Insurance Institution reports","SDG indicator 8.8.1 - Fatal occupational injuries per 100'000 workers","Sex: Female","Migrant status: Total","2016",0.726,,"Coverage of occupational injuries: Reported injuries | Type of cases of occupational injuries: Cases of occupational injury | Minimum period of absence from work: Incapacities lasting more than 2 days | Time unit for measuring time lost: Calendar days",
"Türkiye","ADM-IR - Social Insurance Institution reports","SDG indicator 8.8.1 - Fatal occupational injuries per 100'000 workers","Sex: Female","Migrant status: Migrants","2016",0,,"Coverage of occupational injuries: Reported injuries | Type of cases of occupational injuries: Cases of occupational injury | Minimum period of absence from work: Incapacities lasting more than 2 days | Time unit for measuring time lost: Calendar days",
"Türkiye","ADM-IR - Social Insurance Institution reports","SDG indicator 8.8.1 - Fatal occupational injuries per 100'000 workers","Sex: Female","Migrant status: Non migrants","2016",0.733,,"Coverage of occupational injuries: Reported injuries | Type of cases of occupational injuries: Cases of occupational injury | Minimum period of absence from work: Incapacities lasting more than 2 days | Time unit for measuring time lost: Calendar days",
"Türkiye","ADM-IR - Social Insurance Institution reports","SDG indicator 8.8.1 - Fatal occupational injuries per 100'000 workers","Sex: Total","Migrant status: Total","2015",6.87,,"Coverage of occupational injuries: Reported injuries | Type of cases of occupational injuries: Cases of occupational injury | Minimum period of absence from work: Incapacities lasting more than 2 days | Time unit for measuring time lost: Calendar days",
"Türkiye","ADM-IR - Social Insurance Institution reports","SDG indicator 8.8.1 - Fatal occupational injuries per 100'000 workers","Sex: Total","Migrant status: Migrants","2015",0,,"Coverage of occupational injuries: Reported injuries | Type of cases of occupational injuries: Cases of occupational injury | Minimum period of absence from work: Incapacities lasting more than 2 days | Time unit for measuring time lost: Calendar days",
"Türkiye","ADM-IR - Social Insurance Institution reports","SDG indicator 8.8.1 - Fatal occupational injuries per 100'000 workers","Sex: Total","Migrant status: Non migrants","2015",6.9,,"Coverage of occupational injuries: Reported injuries | Type of cases of occupational injuries: Cases of occupational injury | Minimum period of absence from work: Incapacities lasting more than 2 days | Time unit for measuring time lost: Calendar days",
"Türkiye","ADM-IR - Social Insurance Institution reports","SDG indicator 8.8.1 - Fatal occupational injuries per 100'000 workers","Sex: Male","Migrant status: Total","2015",9.11,,"Coverage of occupational injuries: Reported injuries | Type of cases of occupational injuries: Cases of occupational injury | Minimum period of absence from work: Incapacities lasting more than 2 days | Time unit for measuring time lost: Calendar days",
"Türkiye","ADM-IR - Social Insurance Institution reports","SDG indicator 8.8.1 - Fatal occupational injuries per 100'000 workers","Sex: Male","Migrant status: Migrants","2015",0,,"Coverage of occupational injuries: Reported injuries | Type of cases of occupational injuries: Cases of occupational injury | Minimum period of absence from work: Incapacities lasting more than 2 days | Time unit for measuring time lost: Calendar days",
"Türkiye","ADM-IR - Social Insurance Institution reports","SDG indicator 8.8.1 - Fatal occupational injuries per 100'000 workers","Sex: Male","Migrant status: Non migrants","2015",9.13,,"Coverage of occupational injuries: Reported injuries | Type of cases of occupational injuries: Cases of occupational injury | Minimum period of absence from work: Incapacities lasting more than 2 days | Time unit for measuring time lost: Calendar days",
"Türkiye","ADM-IR - Social Insurance Institution reports","SDG indicator 8.8.1 - Fatal occupational injuries per 100'000 workers","Sex: Female","Migrant status: Total","2015",0.68,,"Coverage of occupational injuries: Reported injuries | Type of cases of occupational injuries: Cases of occupational injury | Minimum period of absence from work: Incapacities lasting more than 2 days | Time unit for measuring time lost: Calendar days",
"Türkiye","ADM-IR - Social Insurance Institution reports","SDG indicator 8.8.1 - Fatal occupational injuries per 100'000 workers","Sex: Female","Migrant status: Migrants","2015",0,,"Coverage of occupational injuries: Reported injuries | Type of cases of occupational injuries: Cases of occupational injury | Minimum period of absence from work: Incapacities lasting more than 2 days | Time unit for measuring time lost: Calendar days",
"Türkiye","ADM-IR - Social Insurance Institution reports","SDG indicator 8.8.1 - Fatal occupational injuries per 100'000 workers","Sex: Female","Migrant status: Non migrants","2015",0.69,,"Coverage of occupational injuries: Reported injuries | Type of cases of occupational injuries: Cases of occupational injury | Minimum period of absence from work: Incapacities lasting more than 2 days | Time unit for measuring time lost: Calendar days",
"Türkiye","ADM-IR - Social Insurance Institution reports","SDG indicator 8.8.1 - Fatal occupational injuries per 100'000 workers","Sex: Total","Migrant status: Total","2014",9.39,,"Coverage of occupational injuries: Reported injuries | Type of cases of occupational injuries: Cases of occupational injury | Minimum period of absence from work: Incapacities lasting more than 2 days | Time unit for measuring time lost: Calendar days",
"Türkiye","ADM-IR - Social Insurance Institution reports","SDG indicator 8.8.1 - Fatal occupational injuries per 100'000 workers","Sex: Total","Migrant status: Migrants","2014",1.19,,"Coverage of occupational injuries: Reported injuries | Type of cases of occupational injuries: Cases of occupational injury | Minimum period of absence from work: Incapacities lasting more than 2 days | Time unit for measuring time lost: Calendar days",
"Türkiye","ADM-IR - Social Insurance Institution reports","SDG indicator 8.8.1 - Fatal occupational injuries per 100'000 workers","Sex: Total","Migrant status: Non migrants","2014",9.43,,"Coverage of occupational injuries: Reported injuries | Type of cases of occupational injuries: Cases of occupational injury | Minimum period of absence from work: Incapacities lasting more than 2 days | Time unit for measuring time lost: Calendar days",
"Türkiye","ADM-IR - Social Insurance Institution reports","SDG indicator 8.8.1 - Fatal occupational injuries per 100'000 workers","Sex: Male","Migrant status: Total","2014",12.31,,"Coverage of occupational injuries: Reported injuries | Type of cases of occupational injuries: Cases of occupational injury | Minimum period of absence from work: Incapacities lasting more than 2 days | Time unit for measuring time lost: Calendar days",
"Türkiye","ADM-IR - Social Insurance Institution reports","SDG indicator 8.8.1 - Fatal occupational injuries per 100'000 workers","Sex: Male","Migrant status: Migrants","2014",0,,"Coverage of occupational injuries: Reported injuries | Type of cases of occupational injuries: Cases of occupational injury | Minimum period of absence from work: Incapacities lasting more than 2 days | Time unit for measuring time lost: Calendar days",
"Türkiye","ADM-IR - Social Insurance Institution reports","SDG indicator 8.8.1 - Fatal occupational injuries per 100'000 workers","Sex: Male","Migrant status: Non migrants","2014",12.35,,"Coverage of occupational injuries: Reported injuries | Type of cases of occupational injuries: Cases of occupational injury | Minimum period of absence from work: Incapacities lasting more than 2 days | Time unit for measuring time lost: Calendar days",
"Türkiye","ADM-IR - Social Insurance Institution reports","SDG indicator 8.8.1 - Fatal occupational injuries per 100'000 workers","Sex: Female","Migrant status: Total","2014",0.84,,"Coverage of occupational injuries: Reported injuries | Type of cases of occupational injuries: Cases of occupational injury | Minimum period of absence from work: Incapacities lasting more than 2 days | Time unit for measuring time lost: Calendar days",
"Türkiye","ADM-IR - Social Insurance Institution reports","SDG indicator 8.8.1 - Fatal occupational injuries per 100'000 workers","Sex: Female","Migrant status: Migrants","2014",2.11,,"Coverage of occupational injuries: Reported injuries | Type of cases of occupational injuries: Cases of occupational injury | Minimum period of absence from work: Incapacities lasting more than 2 days | Time unit for measuring time lost: Calendar days",
"Türkiye","ADM-IR - Social Insurance Institution reports","SDG indicator 8.8.1 - Fatal occupational injuries per 100'000 workers","Sex: Female","Migrant status: Non migrants","2014",0.82,,"Coverage of occupational injuries: Reported injuries | Type of cases of occupational injuries: Cases of occupational injury | Minimum period of absence from work: Incapacities lasting more than 2 days | Time unit for measuring time lost: Calendar days",
"Türkiye","ADM-IR - Social Insurance Institution reports","SDG indicator 8.8.1 - Fatal occupational injuries per 100'000 workers","Sex: Total","Migrant status: Total","2013",8.31,,"Coverage of occupational injuries: Reported injuries | Type of cases of occupational injuries: Cases of occupational injury | Minimum period of absence from work: Incapacities lasting more than 2 days | Time unit for measuring time lost: Calendar days | Break in series: Other or unspecified type of break",
"Türkiye","ADM-IR - Social Insurance Institution reports","SDG indicator 8.8.1 - Fatal occupational injuries per 100'000 workers","Sex: Total","Migrant status: Migrants","2013",2.77,,"Coverage of occupational injuries: Reported injuries | Type of cases of occupational injuries: Cases of occupational injury | Minimum period of absence from work: Incapacities lasting more than 2 days | Time unit for measuring time lost: Calendar days | Break in series: Other or unspecified type of break",
"Türkiye","ADM-IR - Social Insurance Institution reports","SDG indicator 8.8.1 - Fatal occupational injuries per 100'000 workers","Sex: Total","Migrant status: Non migrants","2013",8.34,,"Coverage of occupational injuries: Reported injuries | Type of cases of occupational injuries: Cases of occupational injury | Minimum period of absence from work: Incapacities lasting more than 2 days | Time unit for measuring time lost: Calendar days | Break in series: Other or unspecified type of break",
"Türkiye","ADM-IR - Social Insurance Institution reports","SDG indicator 8.8.1 - Fatal occupational injuries per 100'000 workers","Sex: Male","Migrant status: Total","2013",10.85,,"Coverage of occupational injuries: Reported injuries | Type of cases of occupational injuries: Cases of occupational injury | Minimum period of absence from work: Incapacities lasting more than 2 days | Time unit for measuring time lost: Calendar days | Break in series: Other or unspecified type of break",
"Türkiye","ADM-IR - Social Insurance Institution reports","SDG indicator 8.8.1 - Fatal occupational injuries per 100'000 workers","Sex: Male","Migrant status: Migrants","2013",3.22,,"Coverage of occupational injuries: Reported injuries | Type of cases of occupational injuries: Cases of occupational injury | Minimum period of absence from work: Incapacities lasting more than 2 days | Time unit for measuring time lost: Calendar days | Break in series: Other or unspecified type of break",
"Türkiye","ADM-IR - Social Insurance Institution reports","SDG indicator 8.8.1 - Fatal occupational injuries per 100'000 workers","Sex: Male","Migrant status: Non migrants","2013",10.87,,"Coverage of occupational injuries: Reported injuries | Type of cases of occupational injuries: Cases of occupational injury | Minimum period of absence from work: Incapacities lasting more than 2 days | Time unit for measuring time lost: Calendar days | Break in series: Other or unspecified type of break",
"Türkiye","ADM-IR - Social Insurance Institution reports","SDG indicator 8.8.1 - Fatal occupational injuries per 100'000 workers","Sex: Female","Migrant status: Total","2013",0.59,,"Coverage of occupational injuries: Reported injuries | Type of cases of occupational injuries: Cases of occupational injury | Minimum period of absence from work: Incapacities lasting more than 2 days | Time unit for measuring time lost: Calendar days | Break in series: Other or unspecified type of break",
"Türkiye","ADM-IR - Social Insurance Institution reports","SDG indicator 8.8.1 - Fatal occupational injuries per 100'000 workers","Sex: Female","Migrant status: Migrants","2013",2.43,,"Coverage of occupational injuries: Reported injuries | Type of cases of occupational injuries: Cases of occupational injury | Minimum period of absence from work: Incapacities lasting more than 2 days | Time unit for measuring time lost: Calendar days | Break in series: Other or unspecified type of break",
"Türkiye","ADM-IR - Social Insurance Institution reports","SDG indicator 8.8.1 - Fatal occupational injuries per 100'000 workers","Sex: Female","Migrant status: Non migrants","2013",0.57,,"Coverage of occupational injuries: Reported injuries | Type of cases of occupational injuries: Cases of occupational injury | Minimum period of absence from work: Incapacities lasting more than 2 days | Time unit for measuring time lost: Calendar days | Break in series: Other or unspecified type of break",
"Ukraine","Other - Reporting of the public authority","SDG indicator 8.8.1 - Fatal occupational injuries per 100'000 workers","Sex: Total","Migrant status: Total","2021",7.6,,"Coverage of occupational injuries: Reported injuries | Type of cases of occupational injuries: Cases of occupational injury","Data reference period: End of the year | Geographical coverage: Total national, excluding some areas | Reference group coverage: Insured persons"
"Ukraine","Other - Reporting of the public authority","SDG indicator 8.8.1 - Fatal occupational injuries per 100'000 workers","Sex: Male","Migrant status: Total","2021",10.8,,"Coverage of occupational injuries: Reported injuries | Type of cases of occupational injuries: Cases of occupational injury","Data reference period: End of the year | Geographical coverage: Total national, excluding some areas | Reference group coverage: Insured persons"
"Ukraine","Other - Reporting of the public authority","SDG indicator 8.8.1 - Fatal occupational injuries per 100'000 workers","Sex: Female","Migrant status: Total","2021",4.8,,"Coverage of occupational injuries: Reported injuries | Type of cases of occupational injuries: Cases of occupational injury","Data reference period: End of the year | Geographical coverage: Total national, excluding some areas | Reference group coverage: Insured persons"
"Ukraine","Other - Reporting of the public authority","SDG indicator 8.8.1 - Fatal occupational injuries per 100'000 workers","Sex: Total","Migrant status: Total","2020",5.4,,"Coverage of occupational injuries: Reported injuries | Type of cases of occupational injuries: Cases of occupational injury","Data reference period: End of the year | Geographical coverage: Total national, excluding some areas | Reference group coverage: Insured persons"
"Ukraine","Other - Reporting of the public authority","SDG indicator 8.8.1 - Fatal occupational injuries per 100'000 workers","Sex: Male","Migrant status: Total","2020",9.7,,"Coverage of occupational injuries: Reported injuries | Type of cases of occupational injuries: Cases of occupational injury","Data reference period: End of the year | Geographical coverage: Total national, excluding some areas | Reference group coverage: Insured persons"
"Ukraine","Other - Reporting of the public authority","SDG indicator 8.8.1 - Fatal occupational injuries per 100'000 workers","Sex: Female","Migrant status: Total","2020",0.7,,"Coverage of occupational injuries: Reported injuries | Type of cases of occupational injuries: Cases of occupational injury","Data reference period: End of the year | Geographical coverage: Total national, excluding some areas | Reference group coverage: Insured persons"
"Ukraine","Other - Reporting of the public authority","SDG indicator 8.8.1 - Fatal occupational injuries per 100'000 workers","Sex: Total","Migrant status: Total","2019",5.5,,"Coverage of occupational injuries: Reported injuries | Type of cases of occupational injuries: Cases of occupational injury","Data reference period: End of the year | Geographical coverage: Total national, excluding some areas | Reference group coverage: Insured persons"
"Ukraine","Other - Reporting of the public authority","SDG indicator 8.8.1 - Fatal occupational injuries per 100'000 workers","Sex: Male","Migrant status: Total","2019",11,,"Coverage of occupational injuries: Reported injuries | Type of cases of occupational injuries: Cases of occupational injury","Data reference period: End of the year | Geographical coverage: Total national, excluding some areas | Reference group coverage: Insured persons"
"Ukraine","Other - Reporting of the public authority","SDG indicator 8.8.1 - Fatal occupational injuries per 100'000 workers","Sex: Female","Migrant status: Total","2019",0.8,,"Coverage of occupational injuries: Reported injuries | Type of cases of occupational injuries: Cases of occupational injury","Data reference period: End of the year | Geographical coverage: Total national, excluding some areas | Reference group coverage: Insured persons"
"Ukraine","ES - Report on Occupational Injuries","SDG indicator 8.8.1 - Fatal occupational injuries per 100'000 workers","Sex: Total","Migrant status: Total","2018",3.6,,"Coverage of occupational injuries: Reported injuries | Type of cases of occupational injuries: Cases of occupational injury","Data reference period: End of the year | Geographical coverage: Total national, excluding some areas | Reference group coverage: Insured persons"
"Ukraine","ES - Report on Occupational Injuries","SDG indicator 8.8.1 - Fatal occupational injuries per 100'000 workers","Sex: Male","Migrant status: Total","2018",7,,"Coverage of occupational injuries: Reported injuries | Type of cases of occupational injuries: Cases of occupational injury","Data reference period: End of the year | Geographical coverage: Total national, excluding some areas | Reference group coverage: Insured persons"
"Ukraine","ES - Report on Occupational Injuries","SDG indicator 8.8.1 - Fatal occupational injuries per 100'000 workers","Sex: Female","Migrant status: Total","2018",0.7,,"Coverage of occupational injuries: Reported injuries | Type of cases of occupational injuries: Cases of occupational injury","Data reference period: End of the year | Geographical coverage: Total national, excluding some areas | Reference group coverage: Insured persons"
"Ukraine","ES - Report on Occupational Injuries","SDG indicator 8.8.1 - Fatal occupational injuries per 100'000 workers","Sex: Total","Migrant status: Total","2017",3.8,,"Coverage of occupational injuries: Reported injuries | Type of cases of occupational injuries: Cases of occupational injury","Data reference period: End of the year | Geographical coverage: Total national, excluding some areas | Reference group coverage: Insured persons"
"Ukraine","ES - Report on Occupational Injuries","SDG indicator 8.8.1 - Fatal occupational injuries per 100'000 workers","Sex: Male","Migrant status: Total","2017",7.3,,"Coverage of occupational injuries: Reported injuries | Type of cases of occupational injuries: Cases of occupational injury","Data reference period: End of the year | Geographical coverage: Total national, excluding some areas | Reference group coverage: Insured persons"
"Ukraine","ES - Report on Occupational Injuries","SDG indicator 8.8.1 - Fatal occupational injuries per 100'000 workers","Sex: Female","Migrant status: Total","2017",0.8,,"Coverage of occupational injuries: Reported injuries | Type of cases of occupational injuries: Cases of occupational injury","Data reference period: End of the year | Geographical coverage: Total national, excluding some areas | Reference group coverage: Insured persons"
"Ukraine","ES - Report on Occupational Injuries","SDG indicator 8.8.1 - Fatal occupational injuries per 100'000 workers","Sex: Total","Migrant status: Total","2016",4.5,,"Coverage of occupational injuries: Reported injuries | Type of cases of occupational injuries: Cases of occupational injury","Data reference period: End of the year | Geographical coverage: Total national, excluding some areas | Reference group coverage: Insured persons"
"Ukraine","ES - Report on Occupational Injuries","SDG indicator 8.8.1 - Fatal occupational injuries per 100'000 workers","Sex: Male","Migrant status: Total","2016",8.9,,"Coverage of occupational injuries: Reported injuries | Type of cases of occupational injuries: Cases of occupational injury","Data reference period: End of the year | Geographical coverage: Total national, excluding some areas | Reference group coverage: Insured persons"
"Ukraine","ES - Report on Occupational Injuries","SDG indicator 8.8.1 - Fatal occupational injuries per 100'000 workers","Sex: Female","Migrant status: Total","2016",0.8,,"Coverage of occupational injuries: Reported injuries | Type of cases of occupational injuries: Cases of occupational injury","Data reference period: End of the year | Geographical coverage: Total national, excluding some areas | Reference group coverage: Insured persons"
"Ukraine","ES - Report on Occupational Injuries","SDG indicator 8.8.1 - Fatal occupational injuries per 100'000 workers","Sex: Total","Migrant status: Total","2015",4,,"Coverage of occupational injuries: Reported injuries | Type of cases of occupational injuries: Cases of occupational injury | Type of rate: Incidence rate (per 100'000 workers employed) | Time period for occurrence of death: Deaths occurring within 1 year","Data reference period: End of the year | Geographical coverage: Total national, excluding some areas | Reference group coverage: Insured persons"
"Ukraine","ES - Report on Occupational Injuries","SDG indicator 8.8.1 - Fatal occupational injuries per 100'000 workers","Sex: Male","Migrant status: Total","2015",7.9,,"Coverage of occupational injuries: Reported injuries | Type of cases of occupational injuries: Cases of occupational injury | Type of rate: Incidence rate (per 100'000 workers employed) | Time period for occurrence of death: Deaths occurring within 1 year","Data reference period: End of the year | Geographical coverage: Total national, excluding some areas | Reference group coverage: Insured persons"
"Ukraine","ES - Report on Occupational Injuries","SDG indicator 8.8.1 - Fatal occupational injuries per 100'000 workers","Sex: Female","Migrant status: Total","2015",0.7,,"Coverage of occupational injuries: Reported injuries | Type of cases of occupational injuries: Cases of occupational injury | Type of rate: Incidence rate (per 100'000 workers employed) | Time period for occurrence of death: Deaths occurring within 1 year","Data reference period: End of the year | Geographical coverage: Total national, excluding some areas | Reference group coverage: Insured persons"
"Ukraine","ES - Report on Occupational Injuries","SDG indicator 8.8.1 - Fatal occupational injuries per 100'000 workers","Sex: Total","Migrant status: Total","2014",4.3,,"Coverage of occupational injuries: Reported injuries | Type of cases of occupational injuries: Cases of occupational injury | Type of rate: Incidence rate (per 100'000 workers employed) | Time period for occurrence of death: Deaths occurring within the same reference year","Data reference period: End of the year | Reference group coverage: Insured persons"
"Ukraine","ES - Report on Occupational Injuries","SDG indicator 8.8.1 - Fatal occupational injuries per 100'000 workers","Sex: Male","Migrant status: Total","2014",8.1,,"Coverage of occupational injuries: Reported injuries | Type of cases of occupational injuries: Cases of occupational injury | Type of rate: Incidence rate (per 100'000 workers employed) | Time period for occurrence of death: Deaths occurring within the same reference year","Data reference period: End of the year | Reference group coverage: Insured persons"
"Ukraine","ES - Report on Occupational Injuries","SDG indicator 8.8.1 - Fatal occupational injuries per 100'000 workers","Sex: Female","Migrant status: Total","2014",0.9,,"Coverage of occupational injuries: Reported injuries | Type of cases of occupational injuries: Cases of occupational injury | Type of rate: Incidence rate (per 100'000 workers employed) | Time period for occurrence of death: Deaths occurring within the same reference year","Data reference period: End of the year | Reference group coverage: Insured persons"
"Ukraine","ES - Report on Occupational Injuries","SDG indicator 8.8.1 - Fatal occupational injuries per 100'000 workers","Sex: Total","Migrant status: Total","2013",5.021,,"Coverage of occupational injuries: Reported injuries | Type of cases of occupational injuries: Cases of occupational injury | Type of rate: Incidence rate (per 100'000 workers employed) | Time period for occurrence of death: Deaths occurring within the same reference year","Data reference period: End of the year | Reference group coverage: Insured persons"
"Ukraine","ES - Report on Occupational Injuries","SDG indicator 8.8.1 - Fatal occupational injuries per 100'000 workers","Sex: Male","Migrant status: Total","2013",9.707,,"Coverage of occupational injuries: Reported injuries | Type of cases of occupational injuries: Cases of occupational injury | Type of rate: Incidence rate (per 100'000 workers employed) | Time period for occurrence of death: Deaths occurring within the same reference year","Data reference period: End of the year | Reference group coverage: Insured persons"
"Ukraine","ES - Report on Occupational Injuries","SDG indicator 8.8.1 - Fatal occupational injuries per 100'000 workers","Sex: Female","Migrant status: Total","2013",0.768,,"Coverage of occupational injuries: Reported injuries | Type of cases of occupational injuries: Cases of occupational injury | Type of rate: Incidence rate (per 100'000 workers employed) | Time period for occurrence of death: Deaths occurring within the same reference year","Data reference period: End of the year | Reference group coverage: Insured persons"
"Uruguay","ADM-IR - State Insurance Bank records","SDG indicator 8.8.1 - Fatal occupational injuries per 100'000 workers","Sex: Total","Migrant status: Total","2018",3.73,,"Coverage of occupational injuries: Reported injuries","Data reference period: End of the year"
"United States of America","ADM - Census of Fatal Occupational Injuries","SDG indicator 8.8.1 - Fatal occupational injuries per 100'000 workers","Sex: Total","Migrant status: Total","2022",3.7,,"Coverage of occupational injuries: Reported injuries | Type of cases of occupational injuries: Including cases of occupational disease",
"United States of America","ADM - Census of Fatal Occupational Injuries","SDG indicator 8.8.1 - Fatal occupational injuries per 100'000 workers","Sex: Male","Migrant status: Total","2022",6,,"Coverage of occupational injuries: Reported injuries | Type of cases of occupational injuries: Including cases of occupational disease",
"United States of America","ADM - Census of Fatal Occupational Injuries","SDG indicator 8.8.1 - Fatal occupational injuries per 100'000 workers","Sex: Female","Migrant status: Total","2022",0.7,,"Coverage of occupational injuries: Reported injuries | Type of cases of occupational injuries: Including cases of occupational disease",
"United States of America","ADM - Census of Fatal Occupational Injuries","SDG indicator 8.8.1 - Fatal occupational injuries per 100'000 workers","Sex: Total","Migrant status: Total","2018",5.25,,"Coverage of occupational injuries: Reported injuries | Type of cases of occupational injuries: Including cases of occupational disease","Institutional sector coverage: Private sector only | Institutional sector coverage: Excluding federal juridisctions | Economic activity coverage: Excluding public administration | Reference group coverage: Employees | Age coverage - minimum age: 16 years old"
"United States of America","ADM - Census of Fatal Occupational Injuries","SDG indicator 8.8.1 - Fatal occupational injuries per 100'000 workers","Sex: Total","Migrant status: Total","2017",5.25,,"Coverage of occupational injuries: Reported injuries | Type of cases of occupational injuries: Including cases of occupational disease","Institutional sector coverage: Private sector only | Institutional sector coverage: Excluding federal juridisctions | Economic activity coverage: Excluding public administration | Reference group coverage: Employees | Age coverage - minimum age: 16 years old"
"United States of America","ADM - Census of Fatal Occupational Injuries","SDG indicator 8.8.1 - Fatal occupational injuries per 100'000 workers","Sex: Total","Migrant status: Total","2016",5.24,,"Coverage of occupational injuries: Reported injuries | Type of cases of occupational injuries: Including cases of occupational disease","Institutional sector coverage: Private sector only | Institutional sector coverage: Excluding federal juridisctions | Economic activity coverage: Excluding public administration | Reference group coverage: Employees | Age coverage - minimum age: 16 years old"
"United States of America","ADM - Census of Fatal Occupational Injuries","SDG indicator 8.8.1 - Fatal occupational injuries per 100'000 workers","Sex: Total","Migrant status: Total","2015",4.83,,"Coverage of occupational injuries: Reported injuries | Type of cases of occupational injuries: Including cases of occupational disease","Institutional sector coverage: Private sector only | Institutional sector coverage: Excluding federal juridisctions | Economic activity coverage: Excluding public administration | Reference group coverage: Employees | Age coverage - minimum age: 16 years old"
"United States of America","ADM - Census of Fatal Occupational Injuries","SDG indicator 8.8.1 - Fatal occupational injuries per 100'000 workers","Sex: Total","Migrant status: Total","2014",5.26,,"Coverage of occupational injuries: Reported injuries | Type of cases of occupational injuries: Including cases of occupational disease","Institutional sector coverage: Private sector only | Institutional sector coverage: Excluding federal juridisctions | Economic activity coverage: Excluding public administration | Reference group coverage: Employees | Age coverage - minimum age: 16 years old"
"United States of America","ADM - Census of Fatal Occupational Injuries","SDG indicator 8.8.1 - Fatal occupational injuries per 100'000 workers","Sex: Total","Migrant status: Total","2013",5,,"Coverage of occupational injuries: Reported injuries | Type of cases of occupational injuries: Including cases of occupational disease","Institutional sector coverage: Private sector only | Institutional sector coverage: Excluding federal juridisctions | Economic activity coverage: Excluding public administration | Reference group coverage: Employees | Age coverage - minimum age: 16 years old"
"Uzbekistan","OE - Official Estimates","SDG indicator 8.8.1 - Fatal occupational injuries per 100'000 workers","Sex: Total","Migrant status: Total","2023",4,,"Coverage of occupational injuries: Reported injuries | Type of cases of occupational injuries: Cases of occupational injury",
"Uzbekistan","OE - Official Estimates","SDG indicator 8.8.1 - Fatal occupational injuries per 100'000 workers","Sex: Total","Migrant status: Non migrants","2023",4,,"Coverage of occupational injuries: Reported injuries | Type of cases of occupational injuries: Cases of occupational injury",
"Uzbekistan","OE - Official Estimates","SDG indicator 8.8.1 - Fatal occupational injuries per 100'000 workers","Sex: Male","Migrant status: Total","2023",3,,"Coverage of occupational injuries: Reported injuries | Type of cases of occupational injuries: Cases of occupational injury",
"Uzbekistan","OE - Official Estimates","SDG indicator 8.8.1 - Fatal occupational injuries per 100'000 workers","Sex: Male","Migrant status: Non migrants","2023",3,,"Coverage of occupational injuries: Reported injuries | Type of cases of occupational injuries: Cases of occupational injury",
"Uzbekistan","OE - Official Estimates","SDG indicator 8.8.1 - Fatal occupational injuries per 100'000 workers","Sex: Female","Migrant status: Total","2023",0.361,,"Coverage of occupational injuries: Reported injuries | Type of cases of occupational injuries: Cases of occupational injury",
"Uzbekistan","OE - Official Estimates","SDG indicator 8.8.1 - Fatal occupational injuries per 100'000 workers","Sex: Female","Migrant status: Non migrants","2023",0.361,,"Coverage of occupational injuries: Reported injuries | Type of cases of occupational injuries: Cases of occupational injury",
"Uzbekistan","OE - Official Estimates","SDG indicator 8.8.1 - Fatal occupational injuries per 100'000 workers","Sex: Total","Migrant status: Total","2022",3,,"Coverage of occupational injuries: Reported injuries | Type of cases of occupational injuries: Cases of occupational injury",
"Uzbekistan","OE - Official Estimates","SDG indicator 8.8.1 - Fatal occupational injuries per 100'000 workers","Sex: Total","Migrant status: Non migrants","2022",3,,"Coverage of occupational injuries: Reported injuries | Type of cases of occupational injuries: Cases of occupational injury",
"Uzbekistan","OE - Official Estimates","SDG indicator 8.8.1 - Fatal occupational injuries per 100'000 workers","Sex: Male","Migrant status: Total","2022",5.489,,"Coverage of occupational injuries: Reported injuries | Type of cases of occupational injuries: Cases of occupational injury",
"Uzbekistan","OE - Official Estimates","SDG indicator 8.8.1 - Fatal occupational injuries per 100'000 workers","Sex: Male","Migrant status: Non migrants","2022",5.489,,"Coverage of occupational injuries: Reported injuries | Type of cases of occupational injuries: Cases of occupational injury",
"Uzbekistan","OE - Official Estimates","SDG indicator 8.8.1 - Fatal occupational injuries per 100'000 workers","Sex: Female","Migrant status: Total","2022",0.361,,"Coverage of occupational injuries: Reported injuries | Type of cases of occupational injuries: Cases of occupational injury",
"Uzbekistan","OE - Official Estimates","SDG indicator 8.8.1 - Fatal occupational injuries per 100'000 workers","Sex: Female","Migrant status: Non migrants","2022",0.361,,"Coverage of occupational injuries: Reported injuries | Type of cases of occupational injuries: Cases of occupational injury",
"Uzbekistan","OE - Official Estimates","SDG indicator 8.8.1 - Fatal occupational injuries per 100'000 workers","Sex: Total","Migrant status: Total","2021",5.8,,"Coverage of occupational injuries: Reported injuries | Type of cases of occupational injuries: Cases of occupational injury",
"Uzbekistan","OE - Official Estimates","SDG indicator 8.8.1 - Fatal occupational injuries per 100'000 workers","Sex: Total","Migrant status: Migrants","2021",0,,"Coverage of occupational injuries: Reported injuries | Type of cases of occupational injuries: Cases of occupational injury",
"Uzbekistan","OE - Official Estimates","SDG indicator 8.8.1 - Fatal occupational injuries per 100'000 workers","Sex: Total","Migrant status: Non migrants","2021",5.8,,"Coverage of occupational injuries: Reported injuries | Type of cases of occupational injuries: Cases of occupational injury",
"Uzbekistan","OE - Official Estimates","SDG indicator 8.8.1 - Fatal occupational injuries per 100'000 workers","Sex: Male","Migrant status: Total","2021",7.5,,"Coverage of occupational injuries: Reported injuries | Type of cases of occupational injuries: Cases of occupational injury",
"Uzbekistan","OE - Official Estimates","SDG indicator 8.8.1 - Fatal occupational injuries per 100'000 workers","Sex: Male","Migrant status: Migrants","2021",0,,"Coverage of occupational injuries: Reported injuries | Type of cases of occupational injuries: Cases of occupational injury",
"Uzbekistan","OE - Official Estimates","SDG indicator 8.8.1 - Fatal occupational injuries per 100'000 workers","Sex: Male","Migrant status: Non migrants","2021",7.5,,"Coverage of occupational injuries: Reported injuries | Type of cases of occupational injuries: Cases of occupational injury",
"Uzbekistan","OE - Official Estimates","SDG indicator 8.8.1 - Fatal occupational injuries per 100'000 workers","Sex: Female","Migrant status: Total","2021",0.8,,"Coverage of occupational injuries: Reported injuries | Type of cases of occupational injuries: Cases of occupational injury",
"Uzbekistan","OE - Official Estimates","SDG indicator 8.8.1 - Fatal occupational injuries per 100'000 workers","Sex: Female","Migrant status: Migrants","2021",0,,"Coverage of occupational injuries: Reported injuries | Type of cases of occupational injuries: Cases of occupational injury",
"Uzbekistan","OE - Official Estimates","SDG indicator 8.8.1 - Fatal occupational injuries per 100'000 workers","Sex: Female","Migrant status: Non migrants","2021",0.8,,"Coverage of occupational injuries: Reported injuries | Type of cases of occupational injuries: Cases of occupational injury",
"Uzbekistan","OE - Official Estimates","SDG indicator 8.8.1 - Fatal occupational injuries per 100'000 workers","Sex: Total","Migrant status: Total","2020",2.9,,"Coverage of occupational injuries: Reported injuries | Type of cases of occupational injuries: Cases of occupational injury",
"Uzbekistan","OE - Official Estimates","SDG indicator 8.8.1 - Fatal occupational injuries per 100'000 workers","Sex: Total","Migrant status: Non migrants","2020",2.9,,"Coverage of occupational injuries: Reported injuries | Type of cases of occupational injuries: Cases of occupational injury",
"Uzbekistan","OE - Official Estimates","SDG indicator 8.8.1 - Fatal occupational injuries per 100'000 workers","Sex: Male","Migrant status: Total","2020",3.6,,"Coverage of occupational injuries: Reported injuries | Type of cases of occupational injuries: Cases of occupational injury",
"Uzbekistan","OE - Official Estimates","SDG indicator 8.8.1 - Fatal occupational injuries per 100'000 workers","Sex: Male","Migrant status: Non migrants","2020",3.6,,"Coverage of occupational injuries: Reported injuries | Type of cases of occupational injuries: Cases of occupational injury",
"Uzbekistan","OE - Official Estimates","SDG indicator 8.8.1 - Fatal occupational injuries per 100'000 workers","Sex: Female","Migrant status: Total","2020",0.7,,"Coverage of occupational injuries: Reported injuries | Type of cases of occupational injuries: Cases of occupational injury",
"Uzbekistan","OE - Official Estimates","SDG indicator 8.8.1 - Fatal occupational injuries per 100'000 workers","Sex: Female","Migrant status: Non migrants","2020",0.7,,"Coverage of occupational injuries: Reported injuries | Type of cases of occupational injuries: Cases of occupational injury",
"Uzbekistan","OE - Official Estimates","SDG indicator 8.8.1 - Fatal occupational injuries per 100'000 workers","Sex: Total","Migrant status: Total","2019",10,,"Coverage of occupational injuries: Reported injuries | Type of cases of occupational injuries: Cases of occupational injury",
"Uzbekistan","OE - Official Estimates","SDG indicator 8.8.1 - Fatal occupational injuries per 100'000 workers","Sex: Total","Migrant status: Non migrants","2019",10,,"Coverage of occupational injuries: Reported injuries | Type of cases of occupational injuries: Cases of occupational injury",
"Uzbekistan","OE - Official Estimates","SDG indicator 8.8.1 - Fatal occupational injuries per 100'000 workers","Sex: Male","Migrant status: Total","2019",12,,"Coverage of occupational injuries: Reported injuries | Type of cases of occupational injuries: Cases of occupational injury",
"Uzbekistan","OE - Official Estimates","SDG indicator 8.8.1 - Fatal occupational injuries per 100'000 workers","Sex: Male","Migrant status: Non migrants","2019",12,,"Coverage of occupational injuries: Reported injuries | Type of cases of occupational injuries: Cases of occupational injury",
"Uzbekistan","OE - Official Estimates","SDG indicator 8.8.1 - Fatal occupational injuries per 100'000 workers","Sex: Female","Migrant status: Total","2019",1,,"Coverage of occupational injuries: Reported injuries | Type of cases of occupational injuries: Cases of occupational injury",
"Uzbekistan","OE - Official Estimates","SDG indicator 8.8.1 - Fatal occupational injuries per 100'000 workers","Sex: Female","Migrant status: Non migrants","2019",1,,"Coverage of occupational injuries: Reported injuries | Type of cases of occupational injuries: Cases of occupational injury",
"Uzbekistan","OE - Official Estimates","SDG indicator 8.8.1 - Fatal occupational injuries per 100'000 workers","Sex: Total","Migrant status: Total","2018",8,,"Coverage of occupational injuries: Reported injuries | Type of cases of occupational injuries: Cases of occupational injury",
"Uzbekistan","OE - Official Estimates","SDG indicator 8.8.1 - Fatal occupational injuries per 100'000 workers","Sex: Total","Migrant status: Non migrants","2018",8,,"Coverage of occupational injuries: Reported injuries | Type of cases of occupational injuries: Cases of occupational injury",
"Uzbekistan","OE - Official Estimates","SDG indicator 8.8.1 - Fatal occupational injuries per 100'000 workers","Sex: Male","Migrant status: Total","2018",10,,"Coverage of occupational injuries: Reported injuries | Type of cases of occupational injuries: Cases of occupational injury",
"Uzbekistan","OE - Official Estimates","SDG indicator 8.8.1 - Fatal occupational injuries per 100'000 workers","Sex: Male","Migrant status: Non migrants","2018",10,,"Coverage of occupational injuries: Reported injuries | Type of cases of occupational injuries: Cases of occupational injury",
"Uzbekistan","OE - Official Estimates","SDG indicator 8.8.1 - Fatal occupational injuries per 100'000 workers","Sex: Female","Migrant status: Total","2018",1,,"Coverage of occupational injuries: Reported injuries | Type of cases of occupational injuries: Cases of occupational injury",
"Uzbekistan","OE - Official Estimates","SDG indicator 8.8.1 - Fatal occupational injuries per 100'000 workers","Sex: Female","Migrant status: Non migrants","2018",1,,"Coverage of occupational injuries: Reported injuries | Type of cases of occupational injuries: Cases of occupational injury",
"Uzbekistan","OE - Official Estimates","SDG indicator 8.8.1 - Fatal occupational injuries per 100'000 workers","Sex: Total","Migrant status: Total","2017",8,,"Coverage of occupational injuries: Reported injuries | Type of cases of occupational injuries: Cases of occupational injury",
"Uzbekistan","OE - Official Estimates","SDG indicator 8.8.1 - Fatal occupational injuries per 100'000 workers","Sex: Total","Migrant status: Non migrants","2017",8,,"Coverage of occupational injuries: Reported injuries | Type of cases of occupational injuries: Cases of occupational injury",
"Uzbekistan","OE - Official Estimates","SDG indicator 8.8.1 - Fatal occupational injuries per 100'000 workers","Sex: Male","Migrant status: Total","2017",10,,"Coverage of occupational injuries: Reported injuries | Type of cases of occupational injuries: Cases of occupational injury",
"Uzbekistan","OE - Official Estimates","SDG indicator 8.8.1 - Fatal occupational injuries per 100'000 workers","Sex: Male","Migrant status: Non migrants","2017",10,,"Coverage of occupational injuries: Reported injuries | Type of cases of occupational injuries: Cases of occupational injury",
"Uzbekistan","OE - Official Estimates","SDG indicator 8.8.1 - Fatal occupational injuries per 100'000 workers","Sex: Total","Migrant status: Total","2016",8,,"Coverage of occupational injuries: Reported injuries | Type of cases of occupational injuries: Cases of occupational injury",
"Uzbekistan","OE - Official Estimates","SDG indicator 8.8.1 - Fatal occupational injuries per 100'000 workers","Sex: Total","Migrant status: Non migrants","2016",8,,"Coverage of occupational injuries: Reported injuries | Type of cases of occupational injuries: Cases of occupational injury",
"Uzbekistan","OE - Official Estimates","SDG indicator 8.8.1 - Fatal occupational injuries per 100'000 workers","Sex: Male","Migrant status: Total","2016",10,,"Coverage of occupational injuries: Reported injuries | Type of cases of occupational injuries: Cases of occupational injury",
"Uzbekistan","OE - Official Estimates","SDG indicator 8.8.1 - Fatal occupational injuries per 100'000 workers","Sex: Male","Migrant status: Non migrants","2016",10,,"Coverage of occupational injuries: Reported injuries | Type of cases of occupational injuries: Cases of occupational injury",
"Uzbekistan","OE - Official Estimates","SDG indicator 8.8.1 - Fatal occupational injuries per 100'000 workers","Sex: Female","Migrant status: Total","2016",4,,"Coverage of occupational injuries: Reported injuries | Type of cases of occupational injuries: Cases of occupational injury",
"Uzbekistan","OE - Official Estimates","SDG indicator 8.8.1 - Fatal occupational injuries per 100'000 workers","Sex: Female","Migrant status: Non migrants","2016",4,,"Coverage of occupational injuries: Reported injuries | Type of cases of occupational injuries: Cases of occupational injury",
"Uzbekistan","OE - Official Estimates","SDG indicator 8.8.1 - Fatal occupational injuries per 100'000 workers","Sex: Total","Migrant status: Total","2015",9,,"Coverage of occupational injuries: Reported injuries | Type of cases of occupational injuries: Cases of occupational injury",
"Uzbekistan","OE - Official Estimates","SDG indicator 8.8.1 - Fatal occupational injuries per 100'000 workers","Sex: Total","Migrant status: Total","2014",11.2,,"Coverage of occupational injuries: Reported injuries | Type of cases of occupational injuries: Cases of occupational injury",
"Uzbekistan","OE - Official Estimates","SDG indicator 8.8.1 - Fatal occupational injuries per 100'000 workers","Sex: Male","Migrant status: Total","2014",14.2,,"Coverage of occupational injuries: Reported injuries | Type of cases of occupational injuries: Cases of occupational injury",
"Uzbekistan","OE - Official Estimates","SDG indicator 8.8.1 - Fatal occupational injuries per 100'000 workers","Sex: Female","Migrant status: Total","2014",0.7,,"Coverage of occupational injuries: Reported injuries | Type of cases of occupational injuries: Cases of occupational injury",
"Uzbekistan","OE - Official Estimates","SDG indicator 8.8.1 - Fatal occupational injuries per 100'000 workers","Sex: Total","Migrant status: Total","2013",11,,"Coverage of occupational injuries: Reported injuries | Type of cases of occupational injuries: Cases of occupational injury",
"Uzbekistan","OE - Official Estimates","SDG indicator 8.8.1 - Fatal occupational injuries per 100'000 workers","Sex: Male","Migrant status: Total","2013",14.3,,"Coverage of occupational injuries: Reported injuries | Type of cases of occupational injuries: Cases of occupational injury",
"Zimbabwe","ADM-IR - Records of the National Social Security","SDG indicator 8.8.1 - Fatal occupational injuries per 100'000 workers","Sex: Total","Migrant status: Total","2022",6,,"Coverage of occupational injuries: Reported injuries | Type of cases of occupational injuries: Cases of occupational injury","Data reference period: End of the year | Reference group coverage: Insured persons"
"Zimbabwe","ADM-IR - Records of the National Social Security","SDG indicator 8.8.1 - Fatal occupational injuries per 100'000 workers","Sex: Male","Migrant status: Total","2022",5.81,,"Coverage of occupational injuries: Reported injuries | Type of cases of occupational injuries: Cases of occupational injury","Data reference period: End of the year | Reference group coverage: Insured persons"
"Zimbabwe","ADM-IR - Records of the National Social Security","SDG indicator 8.8.1 - Fatal occupational injuries per 100'000 workers","Sex: Female","Migrant status: Total","2022",0.18,,"Coverage of occupational injuries: Reported injuries | Type of cases of occupational injuries: Cases of occupational injury","Data reference period: End of the year | Reference group coverage: Insured persons"
