"ref_area.label","source.label","indicator.label","time","obs_value","obs_status.label","note_indicator.label","note_source.label"
"Afghanistan","LFS - Labour Force Survey","SDG indicator 9.2.2 - Manufacturing employment as a proportion of total employment (%)","2021",6.399,,,"Repository: ILO-STATISTICS - Micro data processing | Data reference period: First quarter"
"Afghanistan","LFS - Labour Force Survey","SDG indicator 9.2.2 - Manufacturing employment as a proportion of total employment (%)","2020",8.228,"Break in series","Break in series: Methodology revised","Repository: ILO-STATISTICS - Micro data processing"
"Afghanistan","HIES - Households Living Conditions Survey","SDG indicator 9.2.2 - Manufacturing employment as a proportion of total employment (%)","2017",7.674,,,"Repository: ILO-STATISTICS - Micro data processing"
"Afghanistan","HIES - Households Living Conditions Survey","SDG indicator 9.2.2 - Manufacturing employment as a proportion of total employment (%)","2014",7.336,,,"Repository: ILO-STATISTICS - Micro data processing"
"Angola","LFS - Employment Survey","SDG indicator 9.2.2 - Manufacturing employment as a proportion of total employment (%)","2022",2.468,,,"Repository: ILO-STATISTICS - Micro data processing"
"Angola","LFS - Employment Survey","SDG indicator 9.2.2 - Manufacturing employment as a proportion of total employment (%)","2021",2.067,,,"Repository: ILO-STATISTICS - Micro data processing"
"Angola","LFS - Employment Survey","SDG indicator 9.2.2 - Manufacturing employment as a proportion of total employment (%)","2019",2.545,"Break in series","Break in series: Methodology revised","Repository: ILO-STATISTICS - Micro data processing"
"Angola","PC - Population Census","SDG indicator 9.2.2 - Manufacturing employment as a proportion of total employment (%)","2014",1.252,,,"Repository: ILO-STATISTICS - Micro data processing"
"Albania","LFS - Labour Force Survey","SDG indicator 9.2.2 - Manufacturing employment as a proportion of total employment (%)","2023",11.227,,,"Repository: ILO-STATISTICS - Micro data processing"
"Albania","LFS - Labour Force Survey","SDG indicator 9.2.2 - Manufacturing employment as a proportion of total employment (%)","2022",11.502,,,"Repository: ILO-STATISTICS - Micro data processing"
"Albania","LFS - Labour Force Survey","SDG indicator 9.2.2 - Manufacturing employment as a proportion of total employment (%)","2021",11.216,,,"Repository: ILO-STATISTICS - Micro data processing"
"Albania","LFS - Labour Force Survey","SDG indicator 9.2.2 - Manufacturing employment as a proportion of total employment (%)","2020",11.163,,,"Repository: ILO-STATISTICS - Micro data processing"
"Albania","LFS - Labour Force Survey","SDG indicator 9.2.2 - Manufacturing employment as a proportion of total employment (%)","2019",10.95,,,"Repository: ILO-STATISTICS - Micro data processing"
"Albania","LFS - Labour Force Survey","SDG indicator 9.2.2 - Manufacturing employment as a proportion of total employment (%)","2018",10.588,,,"Repository: ILO-STATISTICS - Micro data processing"
"Albania","LFS - Labour Force Survey","SDG indicator 9.2.2 - Manufacturing employment as a proportion of total employment (%)","2017",10.142,,,"Repository: ILO-STATISTICS - Micro data processing"
"Albania","LFS - Labour Force Survey","SDG indicator 9.2.2 - Manufacturing employment as a proportion of total employment (%)","2016",10.191,,,"Repository: ILO-STATISTICS - Micro data processing"
"Albania","LFS - Labour Force Survey","SDG indicator 9.2.2 - Manufacturing employment as a proportion of total employment (%)","2015",9.226,,,"Repository: ILO-STATISTICS - Micro data processing"
"Albania","LFS - Labour Force Survey","SDG indicator 9.2.2 - Manufacturing employment as a proportion of total employment (%)","2014",8.671,,,"Repository: ILO-STATISTICS - Micro data processing"
"United Arab Emirates","LFS - Labour Force Survey","SDG indicator 9.2.2 - Manufacturing employment as a proportion of total employment (%)","2023",8.556,,,"Repository: ILO-STATISTICS - Micro data processing"
"United Arab Emirates","LFS - Labour Force Survey","SDG indicator 9.2.2 - Manufacturing employment as a proportion of total employment (%)","2022",9.098,,,"Repository: ILO-STATISTICS - Micro data processing"
"United Arab Emirates","LFS - Labour Force Survey","SDG indicator 9.2.2 - Manufacturing employment as a proportion of total employment (%)","2021",9.381,,,"Repository: ILO-STATISTICS - Micro data processing"
"United Arab Emirates","LFS - Labour Force Survey","SDG indicator 9.2.2 - Manufacturing employment as a proportion of total employment (%)","2020",7.965,,,"Repository: ILO-STATISTICS - Micro data processing"
"United Arab Emirates","LFS - Labour Force Survey","SDG indicator 9.2.2 - Manufacturing employment as a proportion of total employment (%)","2019",9.219,,,"Repository: ILO-STATISTICS - Micro data processing"
"United Arab Emirates","LFS - Labour Force Survey","SDG indicator 9.2.2 - Manufacturing employment as a proportion of total employment (%)","2018",10.62,,,"Repository: ILO-STATISTICS - Micro data processing"
"United Arab Emirates","LFS - Labour Force Survey","SDG indicator 9.2.2 - Manufacturing employment as a proportion of total employment (%)","2017",4.908,"Break in series","Break in series: Methodology revised","Repository: ILO-STATISTICS - Micro data processing"
"United Arab Emirates","LFS - Labour Force Survey","SDG indicator 9.2.2 - Manufacturing employment as a proportion of total employment (%)","2016",6.172,,,"Age coverage - maximum age: 65 years old"
"Argentina","LFS - Permanent Household Survey, Urban","SDG indicator 9.2.2 - Manufacturing employment as a proportion of total employment (%)","2023",11.755,,,"Repository: ILO-STATISTICS - Micro data processing | Geographical coverage: Main cities or metropolitan areas"
"Argentina","LFS - Permanent Household Survey, Urban","SDG indicator 9.2.2 - Manufacturing employment as a proportion of total employment (%)","2022",11.639,,,"Repository: ILO-STATISTICS - Micro data processing | Geographical coverage: Main cities or metropolitan areas"
"Argentina","LFS - Permanent Household Survey, Urban","SDG indicator 9.2.2 - Manufacturing employment as a proportion of total employment (%)","2021",11.213,,,"Repository: ILO-STATISTICS - Micro data processing | Geographical coverage: Main cities or metropolitan areas"
"Argentina","LFS - Permanent Household Survey, Urban","SDG indicator 9.2.2 - Manufacturing employment as a proportion of total employment (%)","2020",12.039,,,"Repository: ILO-STATISTICS - Micro data processing | Geographical coverage: Main cities or metropolitan areas"
"Argentina","LFS - Permanent Household Survey, Urban","SDG indicator 9.2.2 - Manufacturing employment as a proportion of total employment (%)","2019",11.348,,,"Repository: ILO-STATISTICS - Micro data processing | Geographical coverage: Main cities or metropolitan areas"
"Argentina","LFS - Permanent Household Survey, Urban","SDG indicator 9.2.2 - Manufacturing employment as a proportion of total employment (%)","2018",11.22,,,"Repository: ILO-STATISTICS - Micro data processing | Geographical coverage: Main cities or metropolitan areas"
"Argentina","LFS - Permanent Household Survey, Urban","SDG indicator 9.2.2 - Manufacturing employment as a proportion of total employment (%)","2017",11.784,,,"Repository: ILO-STATISTICS - Micro data processing | Geographical coverage: Main cities or metropolitan areas"
"Argentina","LFS - Permanent Household Survey, Urban","SDG indicator 9.2.2 - Manufacturing employment as a proportion of total employment (%)","2014",13.047,,"Remarks: Warning on the use of statistical series: Statistical series published after January 2007 and before December 2015 should be used with caution. The INDEC, based on what is stated in decrees 181/15 and 55/16, is undertaking the investigations required to ensure the regularity of data collection, processing and dissemination procedures.","Repository: ILO-STATISTICS - Micro data processing | Geographical coverage: Main cities or metropolitan areas"
"Armenia","HIES - Households Living Conditions Survey","SDG indicator 9.2.2 - Manufacturing employment as a proportion of total employment (%)","2023",8.704,,,"Repository: ILO-STATISTICS - Micro data processing | Age coverage - maximum age: 75 years old"
"Armenia","HIES - Households Living Conditions Survey","SDG indicator 9.2.2 - Manufacturing employment as a proportion of total employment (%)","2022",10.172,,,"Repository: ILO-STATISTICS - Micro data processing | Age coverage - maximum age: 75 years old"
"Armenia","HIES - Households Living Conditions Survey","SDG indicator 9.2.2 - Manufacturing employment as a proportion of total employment (%)","2021",8.212,,,"Repository: ILO-STATISTICS - Micro data processing | Age coverage - maximum age: 75 years old"
"Armenia","HIES - Households Living Conditions Survey","SDG indicator 9.2.2 - Manufacturing employment as a proportion of total employment (%)","2020",8.824,,,"Repository: ILO-STATISTICS - Micro data processing | Age coverage - maximum age: 75 years old"
"Armenia","HIES - Households Living Conditions Survey","SDG indicator 9.2.2 - Manufacturing employment as a proportion of total employment (%)","2019",9.513,,,"Repository: ILO-STATISTICS - Micro data processing | Age coverage - maximum age: 75 years old"
"Armenia","HIES - Households Living Conditions Survey","SDG indicator 9.2.2 - Manufacturing employment as a proportion of total employment (%)","2018",9.253,,,"Repository: ILO-STATISTICS - Micro data processing | Age coverage - maximum age: 75 years old"
"Armenia","LFS - Household Labour Force Survey","SDG indicator 9.2.2 - Manufacturing employment as a proportion of total employment (%)","2017",9.135,,,"Repository: ILO-STATISTICS - Micro data processing | Age coverage - maximum age: 75 years old"
"Armenia","LFS - Household Labour Force Survey","SDG indicator 9.2.2 - Manufacturing employment as a proportion of total employment (%)","2016",8.269,,,"Repository: ILO-STATISTICS - Micro data processing | Age coverage - maximum age: 75 years old"
"Armenia","LFS - Household Labour Force Survey","SDG indicator 9.2.2 - Manufacturing employment as a proportion of total employment (%)","2015",7.851,,,"Repository: ILO-STATISTICS - Micro data processing | Age coverage - maximum age: 75 years old"
"Armenia","LFS - Household Labour Force Survey","SDG indicator 9.2.2 - Manufacturing employment as a proportion of total employment (%)","2014",8.343,"Break in series","Break in series: Methodology revised","Repository: ILO-STATISTICS - Micro data processing | Age coverage - maximum age: 75 years old"
"Antigua and Barbuda","LFS - Labour Force Survey","SDG indicator 9.2.2 - Manufacturing employment as a proportion of total employment (%)","2018",4.12,,,"Repository: ILO-STATISTICS - Micro data processing"
"Australia","LFS - Labour Force Survey","SDG indicator 9.2.2 - Manufacturing employment as a proportion of total employment (%)","2024",6.65,,,"Repository: ILO-STATISTICS - Micro data processing"
"Australia","LFS - Labour Force Survey","SDG indicator 9.2.2 - Manufacturing employment as a proportion of total employment (%)","2023",7.001,,,"Repository: ILO-STATISTICS - Micro data processing"
"Australia","LFS - Labour Force Survey","SDG indicator 9.2.2 - Manufacturing employment as a proportion of total employment (%)","2022",6.865,,,"Repository: ILO-STATISTICS - Micro data processing"
"Australia","LFS - Labour Force Survey","SDG indicator 9.2.2 - Manufacturing employment as a proportion of total employment (%)","2021",7.506,,,"Repository: ILO-STATISTICS - Micro data processing"
"Australia","LFS - Labour Force Survey","SDG indicator 9.2.2 - Manufacturing employment as a proportion of total employment (%)","2020",7.387,,,"Repository: ILO-STATISTICS - Micro data processing"
"Australia","LFS - Labour Force Survey","SDG indicator 9.2.2 - Manufacturing employment as a proportion of total employment (%)","2019",7.469,,,"Repository: ILO-STATISTICS - Micro data processing"
"Australia","LFS - Labour Force Survey","SDG indicator 9.2.2 - Manufacturing employment as a proportion of total employment (%)","2018",7.89,"Break in series","Break in series: Methodology revised","Repository: ILO-STATISTICS - Micro data processing"
"Australia","LFS - Labour Force Survey","SDG indicator 9.2.2 - Manufacturing employment as a proportion of total employment (%)","2017",7.237,,,
"Australia","LFS - Labour Force Survey","SDG indicator 9.2.2 - Manufacturing employment as a proportion of total employment (%)","2016",8.182,,,"Employment definition: Excluding own-use production workers | Geographical coverage: Total national, excluding overseas territories | Population coverage: Excluding both institutional population and armed forces and/or conscripts"
"Australia","LFS - Labour Force Survey","SDG indicator 9.2.2 - Manufacturing employment as a proportion of total employment (%)","2015",8.23,,"Working time arrangement coverage: Full-time and part time workers","Employment definition: Other nonstandard definition | Geographical coverage: Total national, excluding overseas territories | Population coverage: Excluding both institutional population and armed forces and/or conscripts"
"Australia","LFS - Labour Force Survey","SDG indicator 9.2.2 - Manufacturing employment as a proportion of total employment (%)","2014",8.688,,"Working time arrangement coverage: Full-time and part time workers","Employment definition: Other nonstandard definition | Geographical coverage: Total national, excluding overseas territories | Population coverage: Excluding both institutional population and armed forces and/or conscripts"
"Austria","LFS - Labour Force Survey","SDG indicator 9.2.2 - Manufacturing employment as a proportion of total employment (%)","2023",16.585,,,"Repository: ILO-STATISTICS - Micro data processing"
"Austria","LFS - Labour Force Survey","SDG indicator 9.2.2 - Manufacturing employment as a proportion of total employment (%)","2022",16.779,,,"Repository: ILO-STATISTICS - Micro data processing"
"Austria","LFS - Labour Force Survey","SDG indicator 9.2.2 - Manufacturing employment as a proportion of total employment (%)","2021",16.631,,,"Repository: ILO-STATISTICS - Micro data processing"
"Austria","LFS - Labour Force Survey","SDG indicator 9.2.2 - Manufacturing employment as a proportion of total employment (%)","2020",15.6,,,"Repository: ILO-STATISTICS - Micro data processing"
"Austria","LFS - Labour Force Survey","SDG indicator 9.2.2 - Manufacturing employment as a proportion of total employment (%)","2019",15.915,,,"Repository: ILO-STATISTICS - Micro data processing"
"Austria","LFS - Labour Force Survey","SDG indicator 9.2.2 - Manufacturing employment as a proportion of total employment (%)","2018",16.174,,,"Repository: ILO-STATISTICS - Micro data processing"
"Austria","LFS - Labour Force Survey","SDG indicator 9.2.2 - Manufacturing employment as a proportion of total employment (%)","2017",15.618,,,"Repository: ILO-STATISTICS - Micro data processing"
"Austria","LFS - Labour Force Survey","SDG indicator 9.2.2 - Manufacturing employment as a proportion of total employment (%)","2016",15.939,,,"Repository: ILO-STATISTICS - Micro data processing"
"Austria","LFS - Labour Force Survey","SDG indicator 9.2.2 - Manufacturing employment as a proportion of total employment (%)","2015",15.968,,,"Repository: ILO-STATISTICS - Micro data processing"
"Austria","LFS - Labour Force Survey","SDG indicator 9.2.2 - Manufacturing employment as a proportion of total employment (%)","2014",15.634,,,"Repository: ILO-STATISTICS - Micro data processing"
"Azerbaijan","LFS - Labour Force Survey","SDG indicator 9.2.2 - Manufacturing employment as a proportion of total employment (%)","2022",5.637,,,"Employment definition: Excluding own-use production workers | Data reference period: End of the year | Population coverage: Excluding both institutional population and armed forces and/or conscripts"
"Azerbaijan","LFS - Labour Force Survey","SDG indicator 9.2.2 - Manufacturing employment as a proportion of total employment (%)","2021",5.507,,,"Employment definition: Excluding own-use production workers | Data reference period: End of the year | Population coverage: Excluding both institutional population and armed forces and/or conscripts"
"Azerbaijan","LFS - Labour Force Survey","SDG indicator 9.2.2 - Manufacturing employment as a proportion of total employment (%)","2020",5.407,,,"Employment definition: Excluding own-use production workers | Data reference period: End of the year | Population coverage: Excluding both institutional population and armed forces and/or conscripts"
"Azerbaijan","LFS - Labour Force Survey","SDG indicator 9.2.2 - Manufacturing employment as a proportion of total employment (%)","2019",5.423,,,"Employment definition: Excluding own-use production workers | Data reference period: End of the year | Population coverage: Excluding both institutional population and armed forces and/or conscripts"
"Azerbaijan","LFS - Labour Force Survey","SDG indicator 9.2.2 - Manufacturing employment as a proportion of total employment (%)","2018",5.222,,,"Employment definition: Excluding own-use production workers | Data reference period: End of the year | Population coverage: Excluding both institutional population and armed forces and/or conscripts"
"Azerbaijan","LFS - Labour Force Survey","SDG indicator 9.2.2 - Manufacturing employment as a proportion of total employment (%)","2017",5.165,,,"Employment definition: Excluding own-use production workers | Data reference period: End of the year | Population coverage: Excluding both institutional population and armed forces and/or conscripts"
"Azerbaijan","LFS - Labour Force Survey","SDG indicator 9.2.2 - Manufacturing employment as a proportion of total employment (%)","2016",5.088,,,"Data reference period: End of the year | Population coverage: Excluding both institutional population and armed forces and/or conscripts"
"Azerbaijan","LFS - Labour Force Survey","SDG indicator 9.2.2 - Manufacturing employment as a proportion of total employment (%)","2015",4.919,,,"Data reference period: End of the year | Population coverage: Excluding both institutional population and armed forces and/or conscripts"
"Azerbaijan","LFS - Labour Force Survey","SDG indicator 9.2.2 - Manufacturing employment as a proportion of total employment (%)","2014",4.934,,,"Data reference period: End of the year | Population coverage: Excluding both institutional population and armed forces and/or conscripts"
"Burundi","HIES - Living Standards Survey","SDG indicator 9.2.2 - Manufacturing employment as a proportion of total employment (%)","2020",1.206,,,"Repository: ILO-STATISTICS - Micro data processing"
"Burundi","HIES - Living Standards Survey","SDG indicator 9.2.2 - Manufacturing employment as a proportion of total employment (%)","2017",1.746,,,"Geographical coverage: Main cities or metropolitan areas"
"Burundi","HIES - Living Standards Survey","SDG indicator 9.2.2 - Manufacturing employment as a proportion of total employment (%)","2014",1.77,,,"Repository: ILO-STATISTICS - Micro data processing"
"Belgium","LFS - EU Labour Force Survey","SDG indicator 9.2.2 - Manufacturing employment as a proportion of total employment (%)","2023",11.689,,,"Repository: ILO-STATISTICS - Micro data processing"
"Belgium","LFS - EU Labour Force Survey","SDG indicator 9.2.2 - Manufacturing employment as a proportion of total employment (%)","2022",12.045,,,"Repository: ILO-STATISTICS - Micro data processing"
"Belgium","LFS - EU Labour Force Survey","SDG indicator 9.2.2 - Manufacturing employment as a proportion of total employment (%)","2021",11.313,,,"Repository: ILO-STATISTICS - Micro data processing"
"Belgium","LFS - EU Labour Force Survey","SDG indicator 9.2.2 - Manufacturing employment as a proportion of total employment (%)","2020",12.473,,,"Repository: ILO-STATISTICS - Micro data processing"
"Belgium","LFS - EU Labour Force Survey","SDG indicator 9.2.2 - Manufacturing employment as a proportion of total employment (%)","2019",12.065,,,"Repository: ILO-STATISTICS - Micro data processing"
"Belgium","LFS - EU Labour Force Survey","SDG indicator 9.2.2 - Manufacturing employment as a proportion of total employment (%)","2018",12.35,,,"Repository: ILO-STATISTICS - Micro data processing"
"Belgium","LFS - EU Labour Force Survey","SDG indicator 9.2.2 - Manufacturing employment as a proportion of total employment (%)","2017",12.654,,,"Repository: ILO-STATISTICS - Micro data processing"
"Belgium","LFS - EU Labour Force Survey","SDG indicator 9.2.2 - Manufacturing employment as a proportion of total employment (%)","2016",12.446,,,"Repository: ILO-STATISTICS - Micro data processing"
"Belgium","LFS - EU Labour Force Survey","SDG indicator 9.2.2 - Manufacturing employment as a proportion of total employment (%)","2015",12.947,,,"Repository: ILO-STATISTICS - Micro data processing"
"Belgium","LFS - EU Labour Force Survey","SDG indicator 9.2.2 - Manufacturing employment as a proportion of total employment (%)","2014",12.798,,,"Repository: ILO-STATISTICS - Micro data processing"
"Benin","HIES - Monitoring Survey of the Modular and Integrated Survey of Household Living Conditions","SDG indicator 9.2.2 - Manufacturing employment as a proportion of total employment (%)","2022",14.223,,,"Repository: ILO-STATISTICS - Micro data processing"
"Benin","HIES - Monitoring Survey of the Modular and Integrated Survey of Household Living Conditions","SDG indicator 9.2.2 - Manufacturing employment as a proportion of total employment (%)","2019",13.749,,,"Repository: ILO-STATISTICS - Micro data processing"
"Burkina Faso","LFS - Regional Integrated Survey on Employment and the Informal Sector","SDG indicator 9.2.2 - Manufacturing employment as a proportion of total employment (%)","2023",14.649,,,"Repository: ILO-STATISTICS - Micro data processing"
"Burkina Faso","HIES - Harmonized Survey on Household Living Conditions","SDG indicator 9.2.2 - Manufacturing employment as a proportion of total employment (%)","2022",6.912,,,"Repository: ILO-STATISTICS - Micro data processing"
"Burkina Faso","HIES - Harmonized Survey on Household Living Conditions","SDG indicator 9.2.2 - Manufacturing employment as a proportion of total employment (%)","2019",5.391,,,"Repository: ILO-STATISTICS - Micro data processing"
"Burkina Faso","LFS - Regional Integrated Survey on Employment and the Informal Sector","SDG indicator 9.2.2 - Manufacturing employment as a proportion of total employment (%)","2018",15.372,,,"Repository: ILO-STATISTICS - Micro data processing"
"Burkina Faso","HIES - Continuous Multisectoral Survey","SDG indicator 9.2.2 - Manufacturing employment as a proportion of total employment (%)","2014",15.223,,,"Repository: ILO-STATISTICS - Micro data processing"
"Bangladesh","LFS - Labour Force Survey","SDG indicator 9.2.2 - Manufacturing employment as a proportion of total employment (%)","2022",11.261,,,"Repository: ILO-STATISTICS - Micro data processing"
"Bangladesh","LFS - Labour Force Survey","SDG indicator 9.2.2 - Manufacturing employment as a proportion of total employment (%)","2017",14.414,,,"Repository: ILO-STATISTICS - Micro data processing"
"Bangladesh","LFS - Labour Force Survey","SDG indicator 9.2.2 - Manufacturing employment as a proportion of total employment (%)","2016",14.438,,,"Population coverage: Excluding both institutional population and armed forces and/or conscripts"
"Bulgaria","LFS - EU Labour Force Survey","SDG indicator 9.2.2 - Manufacturing employment as a proportion of total employment (%)","2023",18.061,,,"Repository: ILO-STATISTICS - Micro data processing"
"Bulgaria","LFS - EU Labour Force Survey","SDG indicator 9.2.2 - Manufacturing employment as a proportion of total employment (%)","2022",18.318,,,"Repository: ILO-STATISTICS - Micro data processing"
"Bulgaria","LFS - EU Labour Force Survey","SDG indicator 9.2.2 - Manufacturing employment as a proportion of total employment (%)","2021",18.302,,,"Repository: ILO-STATISTICS - Micro data processing"
"Bulgaria","LFS - EU Labour Force Survey","SDG indicator 9.2.2 - Manufacturing employment as a proportion of total employment (%)","2020",18.553,,,"Repository: ILO-STATISTICS - Micro data processing"
"Bulgaria","LFS - EU Labour Force Survey","SDG indicator 9.2.2 - Manufacturing employment as a proportion of total employment (%)","2019",18.577,,,"Repository: ILO-STATISTICS - Micro data processing"
"Bulgaria","LFS - EU Labour Force Survey","SDG indicator 9.2.2 - Manufacturing employment as a proportion of total employment (%)","2018",19.016,,,"Repository: ILO-STATISTICS - Micro data processing"
"Bulgaria","LFS - EU Labour Force Survey","SDG indicator 9.2.2 - Manufacturing employment as a proportion of total employment (%)","2017",18.654,,,"Repository: ILO-STATISTICS - Micro data processing"
"Bulgaria","LFS - EU Labour Force Survey","SDG indicator 9.2.2 - Manufacturing employment as a proportion of total employment (%)","2016",19.991,,,"Repository: ILO-STATISTICS - Micro data processing"
"Bulgaria","LFS - EU Labour Force Survey","SDG indicator 9.2.2 - Manufacturing employment as a proportion of total employment (%)","2015",19.857,,,"Repository: ILO-STATISTICS - Micro data processing"
"Bulgaria","LFS - EU Labour Force Survey","SDG indicator 9.2.2 - Manufacturing employment as a proportion of total employment (%)","2014",19.233,,,"Repository: ILO-STATISTICS - Micro data processing"
"Bahrain","OE - Estimates of Central informatics organization","SDG indicator 9.2.2 - Manufacturing employment as a proportion of total employment (%)","2015",11.932,,,
"Bahamas","LFS - Labour Force & Household Survey","SDG indicator 9.2.2 - Manufacturing employment as a proportion of total employment (%)","2019",2.814,,,"Repository: ILO-STATISTICS - Micro data processing"
"Bosnia and Herzegovina","LFS - Labour Force Survey","SDG indicator 9.2.2 - Manufacturing employment as a proportion of total employment (%)","2023",17.623,"Break in series","Break in series: Methodology revised","Repository: ILO-STATISTICS - Micro data processing"
"Bosnia and Herzegovina","LFS - Labour Force Survey","SDG indicator 9.2.2 - Manufacturing employment as a proportion of total employment (%)","2022",17.664,"Break in series","Break in series: Methodology revised","Repository: ILO-STATISTICS - Micro data processing"
"Bosnia and Herzegovina","LFS - Labour Force Survey","SDG indicator 9.2.2 - Manufacturing employment as a proportion of total employment (%)","2021",17.308,"Break in series","Break in series: Methodology revised","Repository: ILO-STATISTICS - Micro data processing"
"Bosnia and Herzegovina","LFS - Labour Force Survey","SDG indicator 9.2.2 - Manufacturing employment as a proportion of total employment (%)","2020",18.921,"Break in series","Break in series: Methodology revised","Repository: ILO-STATISTICS - Micro data processing | Employment definition: Excluding own-use production workers"
"Bosnia and Herzegovina","LFS - Labour Force Survey","SDG indicator 9.2.2 - Manufacturing employment as a proportion of total employment (%)","2019",18.637,,,"Repository: ILO-STATISTICS - Micro data processing"
"Bosnia and Herzegovina","LFS - Labour Force Survey","SDG indicator 9.2.2 - Manufacturing employment as a proportion of total employment (%)","2018",17.686,,,"Repository: ILO-STATISTICS - Micro data processing"
"Bosnia and Herzegovina","LFS - Labour Force Survey","SDG indicator 9.2.2 - Manufacturing employment as a proportion of total employment (%)","2017",16.515,,,"Repository: ILO-STATISTICS - Micro data processing"
"Bosnia and Herzegovina","LFS - Labour Force Survey","SDG indicator 9.2.2 - Manufacturing employment as a proportion of total employment (%)","2016",17.294,,,"Repository: ILO-STATISTICS - Micro data processing"
"Bosnia and Herzegovina","LFS - Labour Force Survey","SDG indicator 9.2.2 - Manufacturing employment as a proportion of total employment (%)","2015",16.058,,,"Repository: ILO-STATISTICS - Micro data processing"
"Bosnia and Herzegovina","LFS - Labour Force Survey","SDG indicator 9.2.2 - Manufacturing employment as a proportion of total employment (%)","2014",16.05,,,"Repository: ILO-STATISTICS - Micro data processing"
"Belarus","LFS - Labour Force Survey","SDG indicator 9.2.2 - Manufacturing employment as a proportion of total employment (%)","2023",18.818,,,"Repository: ILO-STATISTICS - Micro data processing | Age coverage - maximum age: 74 years old"
"Belarus","LFS - Labour Force Survey","SDG indicator 9.2.2 - Manufacturing employment as a proportion of total employment (%)","2022",18.103,,,"Repository: ILO-STATISTICS - Micro data processing | Age coverage - maximum age: 74 years old"
"Belarus","LFS - Labour Force Survey","SDG indicator 9.2.2 - Manufacturing employment as a proportion of total employment (%)","2021",17.569,,,"Repository: ILO-STATISTICS - Micro data processing | Age coverage - maximum age: 74 years old"
"Belarus","LFS - Labour Force Survey","SDG indicator 9.2.2 - Manufacturing employment as a proportion of total employment (%)","2020",17.763,,,"Repository: ILO-STATISTICS - Micro data processing | Age coverage - maximum age: 74 years old"
"Belarus","LFS - Labour Force Survey","SDG indicator 9.2.2 - Manufacturing employment as a proportion of total employment (%)","2019",17.431,,,"Repository: ILO-STATISTICS - Micro data processing | Age coverage - maximum age: 74 years old"
"Belarus","LFS - Labour Force Survey","SDG indicator 9.2.2 - Manufacturing employment as a proportion of total employment (%)","2018",17.602,,,"Repository: ILO-STATISTICS - Micro data processing | Age coverage - maximum age: 74 years old"
"Belarus","LFS - Labour Force Survey","SDG indicator 9.2.2 - Manufacturing employment as a proportion of total employment (%)","2017",18.355,,,"Repository: ILO-STATISTICS - Micro data processing | Age coverage - maximum age: 74 years old"
"Belarus","LFS - Labour Force Survey","SDG indicator 9.2.2 - Manufacturing employment as a proportion of total employment (%)","2016",18.067,,,"Repository: ILO-STATISTICS - Micro data processing | Age coverage - maximum age: 74 years old"
"Belarus","OE - Labour Sources Estimates","SDG indicator 9.2.2 - Manufacturing employment as a proportion of total employment (%)","2015",20.478,,,"Age coverage - minimum age: 16 years old"
"Belize","LFS - Labour Force Survey","SDG indicator 9.2.2 - Manufacturing employment as a proportion of total employment (%)","2019",7.982,,,"Repository: ILO-STATISTICS - Micro data processing"
"Belize","LFS - Labour Force Survey","SDG indicator 9.2.2 - Manufacturing employment as a proportion of total employment (%)","2018",8.876,,,"Repository: ILO-STATISTICS - Micro data processing"
"Belize","LFS - Labour Force Survey","SDG indicator 9.2.2 - Manufacturing employment as a proportion of total employment (%)","2017",7.765,,,"Repository: ILO-STATISTICS - Micro data processing"
"Belize","LFS - Labour Force Survey","SDG indicator 9.2.2 - Manufacturing employment as a proportion of total employment (%)","2016",7.384,,,"Repository: ILO-STATISTICS - Micro data processing"
"Belize","LFS - Labour Force Survey","SDG indicator 9.2.2 - Manufacturing employment as a proportion of total employment (%)","2015",7.071,,,"Repository: ILO-STATISTICS - Micro data processing"
"Belize","LFS - Labour Force Survey","SDG indicator 9.2.2 - Manufacturing employment as a proportion of total employment (%)","2014",6.846,,,"Repository: ILO-STATISTICS - Micro data processing"
"Bolivia (Plurinational State of)","LFS - Continuous Employment Survey","SDG indicator 9.2.2 - Manufacturing employment as a proportion of total employment (%)","2023",11.565,,,"Repository: ILO-STATISTICS - Micro data processing"
"Bolivia (Plurinational State of)","LFS - Continuous Employment Survey","SDG indicator 9.2.2 - Manufacturing employment as a proportion of total employment (%)","2022",11.423,,,"Repository: ILO-STATISTICS - Micro data processing"
"Bolivia (Plurinational State of)","LFS - Continuous Employment Survey","SDG indicator 9.2.2 - Manufacturing employment as a proportion of total employment (%)","2021",11.428,"Break in series","Break in series: Methodology revised","Repository: ILO-STATISTICS - Micro data processing"
"Bolivia (Plurinational State of)","HIES - Household Survey","SDG indicator 9.2.2 - Manufacturing employment as a proportion of total employment (%)","2020",8.764,,,"Repository: ILO-STATISTICS - Micro data processing"
"Bolivia (Plurinational State of)","LFS - Continuous Employment Survey","SDG indicator 9.2.2 - Manufacturing employment as a proportion of total employment (%)","2019",11.219,,,"Repository: ILO-STATISTICS - Micro data processing"
"Bolivia (Plurinational State of)","LFS - Continuous Employment Survey","SDG indicator 9.2.2 - Manufacturing employment as a proportion of total employment (%)","2018",10.01,,,"Repository: ILO-STATISTICS - Micro data processing"
"Bolivia (Plurinational State of)","LFS - Continuous Employment Survey","SDG indicator 9.2.2 - Manufacturing employment as a proportion of total employment (%)","2017",9.866,,,"Repository: ILO-STATISTICS - Micro data processing"
"Bolivia (Plurinational State of)","LFS - Continuous Employment Survey","SDG indicator 9.2.2 - Manufacturing employment as a proportion of total employment (%)","2016",9.941,"Break in series","Break in series: Methodology revised","Repository: ILO-STATISTICS - Micro data processing"
"Bolivia (Plurinational State of)","HIES - Household Survey","SDG indicator 9.2.2 - Manufacturing employment as a proportion of total employment (%)","2015",8.623,,,"Repository: ILO-STATISTICS - Micro data processing"
"Bolivia (Plurinational State of)","HIES - Household Survey","SDG indicator 9.2.2 - Manufacturing employment as a proportion of total employment (%)","2014",9.409,,,"Repository: ILO-STATISTICS - Micro data processing"
"Brazil","HS - Continuous National Household Sample Survey","SDG indicator 9.2.2 - Manufacturing employment as a proportion of total employment (%)","2024",11.518,,,"Repository: ILO-STATISTICS - Micro data processing"
"Brazil","HS - Continuous National Household Sample Survey","SDG indicator 9.2.2 - Manufacturing employment as a proportion of total employment (%)","2023",11.504,,,"Repository: ILO-STATISTICS - Micro data processing"
"Brazil","HS - Continuous National Household Sample Survey","SDG indicator 9.2.2 - Manufacturing employment as a proportion of total employment (%)","2022",11.621,,,"Repository: ILO-STATISTICS - Micro data processing"
"Brazil","HS - Continuous National Household Sample Survey","SDG indicator 9.2.2 - Manufacturing employment as a proportion of total employment (%)","2021",11.774,,,"Repository: ILO-STATISTICS - Micro data processing"
"Brazil","HS - Continuous National Household Sample Survey","SDG indicator 9.2.2 - Manufacturing employment as a proportion of total employment (%)","2020",11.741,,,"Repository: ILO-STATISTICS - Micro data processing"
"Brazil","HS - Continuous National Household Sample Survey","SDG indicator 9.2.2 - Manufacturing employment as a proportion of total employment (%)","2019",11.593,,,"Repository: ILO-STATISTICS - Micro data processing"
"Brazil","HS - Continuous National Household Sample Survey","SDG indicator 9.2.2 - Manufacturing employment as a proportion of total employment (%)","2018",11.636,,,"Repository: ILO-STATISTICS - Micro data processing"
"Brazil","HS - Continuous National Household Sample Survey","SDG indicator 9.2.2 - Manufacturing employment as a proportion of total employment (%)","2017",11.709,,,"Repository: ILO-STATISTICS - Micro data processing"
"Brazil","HS - Continuous National Household Sample Survey","SDG indicator 9.2.2 - Manufacturing employment as a proportion of total employment (%)","2016",11.654,,,"Repository: ILO-STATISTICS - Micro data processing"
"Brazil","HS - Continuous National Household Sample Survey","SDG indicator 9.2.2 - Manufacturing employment as a proportion of total employment (%)","2015",12.772,,,"Repository: ILO-STATISTICS - Micro data processing"
"Brazil","HS - Continuous National Household Sample Survey","SDG indicator 9.2.2 - Manufacturing employment as a proportion of total employment (%)","2014",13.029,,,"Repository: ILO-STATISTICS - Micro data processing"
"Barbados","LFS - Labour Force Survey","SDG indicator 9.2.2 - Manufacturing employment as a proportion of total employment (%)","2023",2.526,,,"Repository: ILO-STATISTICS - Micro data processing"
"Barbados","LFS - Labour Force Survey","SDG indicator 9.2.2 - Manufacturing employment as a proportion of total employment (%)","2022",2.815,,,"Repository: ILO-STATISTICS - Micro data processing"
"Barbados","LFS - Labour Force Survey","SDG indicator 9.2.2 - Manufacturing employment as a proportion of total employment (%)","2019",2.788,,,"Repository: ILO-STATISTICS - Micro data processing"
"Barbados","LFS - Labour Force Survey","SDG indicator 9.2.2 - Manufacturing employment as a proportion of total employment (%)","2018",2.962,,,"Repository: ILO-STATISTICS - Micro data processing"
"Barbados","LFS - Labour Force Survey","SDG indicator 9.2.2 - Manufacturing employment as a proportion of total employment (%)","2017",3.055,,,"Repository: ILO-STATISTICS - Micro data processing"
"Barbados","LFS - Labour Force Survey","SDG indicator 9.2.2 - Manufacturing employment as a proportion of total employment (%)","2016",2.472,,,"Repository: ILO-STATISTICS - Micro data processing"
"Barbados","LFS - Labour Force Survey","SDG indicator 9.2.2 - Manufacturing employment as a proportion of total employment (%)","2015",2.631,"Break in series","Break in series: Methodology revised","Repository: ILO-STATISTICS - Micro data processing"
"Barbados","LFS - Labour Force Survey","SDG indicator 9.2.2 - Manufacturing employment as a proportion of total employment (%)","2014",7.677,,,
"Brunei Darussalam","LFS - Labour Force Survey","SDG indicator 9.2.2 - Manufacturing employment as a proportion of total employment (%)","2023",5.905,,,"Repository: ILO-STATISTICS - Micro data processing"
"Brunei Darussalam","LFS - Labour Force Survey","SDG indicator 9.2.2 - Manufacturing employment as a proportion of total employment (%)","2022",6.522,,,"Repository: ILO-STATISTICS - Micro data processing"
"Brunei Darussalam","LFS - Labour Force Survey","SDG indicator 9.2.2 - Manufacturing employment as a proportion of total employment (%)","2021",9.114,,,"Repository: ILO-STATISTICS - Micro data processing"
"Brunei Darussalam","LFS - Labour Force Survey","SDG indicator 9.2.2 - Manufacturing employment as a proportion of total employment (%)","2020",4.34,,,"Repository: ILO-STATISTICS - Micro data processing"
"Brunei Darussalam","LFS - Labour Force Survey","SDG indicator 9.2.2 - Manufacturing employment as a proportion of total employment (%)","2019",4.303,,,"Repository: ILO-STATISTICS - Micro data processing"
"Brunei Darussalam","LFS - Labour Force Survey","SDG indicator 9.2.2 - Manufacturing employment as a proportion of total employment (%)","2018",4.026,,,"Repository: ILO-STATISTICS - Micro data processing"
"Brunei Darussalam","LFS - Labour Force Survey","SDG indicator 9.2.2 - Manufacturing employment as a proportion of total employment (%)","2017",3.828,,,"Repository: ILO-STATISTICS - Micro data processing"
"Brunei Darussalam","LFS - Labour Force Survey","SDG indicator 9.2.2 - Manufacturing employment as a proportion of total employment (%)","2014",3.651,"Break in series","Break in series: Methodology revised","Repository: ILO-STATISTICS - Micro data processing"
"Bhutan","LFS - Labour Force Survey","SDG indicator 9.2.2 - Manufacturing employment as a proportion of total employment (%)","2023",6.671,,,"Repository: ILO-STATISTICS - Micro data processing"
"Bhutan","LFS - Labour Force Survey","SDG indicator 9.2.2 - Manufacturing employment as a proportion of total employment (%)","2022",6.803,,,"Repository: ILO-STATISTICS - Micro data processing"
"Bhutan","LFS - Labour Force Survey","SDG indicator 9.2.2 - Manufacturing employment as a proportion of total employment (%)","2021",6.795,,,"Repository: ILO-STATISTICS - Micro data processing"
"Bhutan","LFS - Labour Force Survey","SDG indicator 9.2.2 - Manufacturing employment as a proportion of total employment (%)","2020",7.847,,,"Repository: ILO-STATISTICS - Micro data processing"
"Bhutan","LFS - Labour Force Survey","SDG indicator 9.2.2 - Manufacturing employment as a proportion of total employment (%)","2019",7.485,,,"Repository: ILO-STATISTICS - Micro data processing"
"Bhutan","LFS - Labour Force Survey","SDG indicator 9.2.2 - Manufacturing employment as a proportion of total employment (%)","2018",6.589,,,"Repository: ILO-STATISTICS - Micro data processing"
"Bhutan","LFS - Labour Force Survey","SDG indicator 9.2.2 - Manufacturing employment as a proportion of total employment (%)","2015",6.484,,,"Data reference period: November | Geographical coverage: Total national, excluding overseas territories"
"Bhutan","LFS - Labour Force Survey","SDG indicator 9.2.2 - Manufacturing employment as a proportion of total employment (%)","2014",7.027,,,"Data reference period: November | Geographical coverage: Total national, excluding overseas territories"
"Botswana","HS - Multi-Topic Household Survey","SDG indicator 9.2.2 - Manufacturing employment as a proportion of total employment (%)","2023",6.547,,,"Repository: ILO-STATISTICS - Micro data processing"
"Botswana","HS - Multi-Topic Household Survey","SDG indicator 9.2.2 - Manufacturing employment as a proportion of total employment (%)","2022",6.344,,,"Repository: ILO-STATISTICS - Micro data processing"
"Botswana","HS - Multi-Topic Household Survey","SDG indicator 9.2.2 - Manufacturing employment as a proportion of total employment (%)","2021",7.028,,,"Repository: ILO-STATISTICS - Micro data processing"
"Botswana","HS - Multi-Topic Household Survey","SDG indicator 9.2.2 - Manufacturing employment as a proportion of total employment (%)","2020",5.995,,,"Repository: ILO-STATISTICS - Micro data processing"
"Botswana","HS - Multi-Topic Household Survey","SDG indicator 9.2.2 - Manufacturing employment as a proportion of total employment (%)","2019",6.726,"Break in series","Break in series: Methodology revised","Repository: ILO-STATISTICS - Micro data processing"
"Canada","LFS - Labour Force Survey","SDG indicator 9.2.2 - Manufacturing employment as a proportion of total employment (%)","2024",8.821,,,"Repository: ILO-STATISTICS - Micro data processing"
"Canada","LFS - Labour Force Survey","SDG indicator 9.2.2 - Manufacturing employment as a proportion of total employment (%)","2023",8.982,,,"Repository: ILO-STATISTICS - Micro data processing"
"Canada","LFS - Labour Force Survey","SDG indicator 9.2.2 - Manufacturing employment as a proportion of total employment (%)","2022",9.064,,,"Repository: ILO-STATISTICS - Micro data processing"
"Canada","LFS - Labour Force Survey","SDG indicator 9.2.2 - Manufacturing employment as a proportion of total employment (%)","2021",9.226,,,"Repository: ILO-STATISTICS - Micro data processing"
"Canada","LFS - Labour Force Survey","SDG indicator 9.2.2 - Manufacturing employment as a proportion of total employment (%)","2020",9.252,,,"Repository: ILO-STATISTICS - Micro data processing"
"Canada","LFS - Labour Force Survey","SDG indicator 9.2.2 - Manufacturing employment as a proportion of total employment (%)","2019",9.153,,,"Repository: ILO-STATISTICS - Micro data processing"
"Canada","LFS - Labour Force Survey","SDG indicator 9.2.2 - Manufacturing employment as a proportion of total employment (%)","2018",9.514,,,"Repository: ILO-STATISTICS - Micro data processing"
"Canada","LFS - Labour Force Survey","SDG indicator 9.2.2 - Manufacturing employment as a proportion of total employment (%)","2017",9.608,,,"Repository: ILO-STATISTICS - Micro data processing"
"Canada","LFS - Labour Force Survey","SDG indicator 9.2.2 - Manufacturing employment as a proportion of total employment (%)","2016",9.606,,,"Repository: ILO-STATISTICS - Micro data processing"
"Canada","LFS - Labour Force Survey","SDG indicator 9.2.2 - Manufacturing employment as a proportion of total employment (%)","2015",9.686,,,"Repository: ILO-STATISTICS - Micro data processing"
"Canada","LFS - Labour Force Survey","SDG indicator 9.2.2 - Manufacturing employment as a proportion of total employment (%)","2014",9.68,,,"Repository: ILO-STATISTICS - Micro data processing"
"Switzerland","LFS - Labour Force Survey","SDG indicator 9.2.2 - Manufacturing employment as a proportion of total employment (%)","2023",12.243,,,"Repository: ILO-STATISTICS - Micro data processing"
"Switzerland","LFS - Labour Force Survey","SDG indicator 9.2.2 - Manufacturing employment as a proportion of total employment (%)","2022",12.285,,,"Repository: ILO-STATISTICS - Micro data processing"
"Switzerland","LFS - Labour Force Survey","SDG indicator 9.2.2 - Manufacturing employment as a proportion of total employment (%)","2021",12.116,,,"Repository: ILO-STATISTICS - Micro data processing"
"Switzerland","LFS - Labour Force Survey","SDG indicator 9.2.2 - Manufacturing employment as a proportion of total employment (%)","2020",12.668,,,"Repository: ILO-STATISTICS - Micro data processing"
"Switzerland","LFS - Labour Force Survey","SDG indicator 9.2.2 - Manufacturing employment as a proportion of total employment (%)","2019",12.767,,,"Repository: ILO-STATISTICS - Micro data processing"
"Switzerland","LFS - Labour Force Survey","SDG indicator 9.2.2 - Manufacturing employment as a proportion of total employment (%)","2018",12.666,,,"Repository: ILO-STATISTICS - Micro data processing"
"Switzerland","LFS - Labour Force Survey","SDG indicator 9.2.2 - Manufacturing employment as a proportion of total employment (%)","2017",12.623,,,"Repository: ILO-STATISTICS - Micro data processing"
"Switzerland","LFS - Labour Force Survey","SDG indicator 9.2.2 - Manufacturing employment as a proportion of total employment (%)","2016",12.712,,,"Repository: ILO-STATISTICS - Micro data processing"
"Switzerland","LFS - Labour Force Survey","SDG indicator 9.2.2 - Manufacturing employment as a proportion of total employment (%)","2015",12.926,,,"Repository: ILO-STATISTICS - Micro data processing"
"Switzerland","LFS - Labour Force Survey","SDG indicator 9.2.2 - Manufacturing employment as a proportion of total employment (%)","2014",13.338,,,"Repository: ILO-STATISTICS - Micro data processing"
"Chile","LFS - National Employment Survey","SDG indicator 9.2.2 - Manufacturing employment as a proportion of total employment (%)","2024",9.428,,,"Repository: ILO-STATISTICS - Micro data processing"
"Chile","LFS - National Employment Survey","SDG indicator 9.2.2 - Manufacturing employment as a proportion of total employment (%)","2023",9.785,,,"Repository: ILO-STATISTICS - Micro data processing"
"Chile","LFS - National Employment Survey","SDG indicator 9.2.2 - Manufacturing employment as a proportion of total employment (%)","2022",9.873,,,"Repository: ILO-STATISTICS - Micro data processing"
"Chile","LFS - National Employment Survey","SDG indicator 9.2.2 - Manufacturing employment as a proportion of total employment (%)","2021",9.948,,,"Repository: ILO-STATISTICS - Micro data processing"
"Chile","LFS - National Employment Survey","SDG indicator 9.2.2 - Manufacturing employment as a proportion of total employment (%)","2020",10.071,"Break in series","Break in series: Methodology revised","Repository: ILO-STATISTICS - Micro data processing"
"Chile","LFS - National Employment Survey","SDG indicator 9.2.2 - Manufacturing employment as a proportion of total employment (%)","2019",9.803,,,"Repository: ILO-STATISTICS - Micro data processing"
"Chile","LFS - National Employment Survey","SDG indicator 9.2.2 - Manufacturing employment as a proportion of total employment (%)","2018",10.333,,,"Repository: ILO-STATISTICS - Micro data processing"
"Chile","LFS - National Employment Survey","SDG indicator 9.2.2 - Manufacturing employment as a proportion of total employment (%)","2017",10.726,,,"Repository: ILO-STATISTICS - Micro data processing"
"Chile","LFS - National Employment Survey","SDG indicator 9.2.2 - Manufacturing employment as a proportion of total employment (%)","2016",10.625,,,"Repository: ILO-STATISTICS - Micro data processing"
"Chile","LFS - National Employment Survey","SDG indicator 9.2.2 - Manufacturing employment as a proportion of total employment (%)","2015",11.151,,,"Repository: ILO-STATISTICS - Micro data processing"
"Chile","LFS - National Employment Survey","SDG indicator 9.2.2 - Manufacturing employment as a proportion of total employment (%)","2014",11.2,,,"Repository: ILO-STATISTICS - Micro data processing"
"China","LFS - National Labour Survey","SDG indicator 9.2.2 - Manufacturing employment as a proportion of total employment (%)","2023",29.065,,,"Employment definition: Excluding own-use production workers | Data reference period: End of the year | Geographical coverage: Total national, excluding some areas | Population coverage: Excluding armed forces and/or conscripts | Age coverage - minimum age: 16 years old"
"China","LFS - National Labour Survey","SDG indicator 9.2.2 - Manufacturing employment as a proportion of total employment (%)","2022",28.773,,,"Employment definition: Excluding own-use production workers | Data reference period: End of the year | Geographical coverage: Total national, excluding some areas | Population coverage: Excluding armed forces and/or conscripts | Age coverage - minimum age: 16 years old"
"China","LFS - National Labour Survey","SDG indicator 9.2.2 - Manufacturing employment as a proportion of total employment (%)","2021",29.084,,,"Employment definition: Excluding own-use production workers | Data reference period: End of the year | Geographical coverage: Total national, excluding some areas | Population coverage: Excluding armed forces and/or conscripts | Age coverage - minimum age: 16 years old"
"China","LFS - National Labour Survey","SDG indicator 9.2.2 - Manufacturing employment as a proportion of total employment (%)","2020",28.7,,,"Employment definition: Excluding own-use production workers | Data reference period: End of the year | Geographical coverage: Total national, excluding some areas | Population coverage: Excluding armed forces and/or conscripts | Age coverage - minimum age: 16 years old"
"China","LFS - National Labour Survey","SDG indicator 9.2.2 - Manufacturing employment as a proportion of total employment (%)","2019",28.144,,,"Employment definition: Excluding own-use production workers | Data reference period: End of the year | Geographical coverage: Total national, excluding some areas | Population coverage: Excluding armed forces and/or conscripts | Age coverage - minimum age: 16 years old"
"China","LFS - National Labour Survey","SDG indicator 9.2.2 - Manufacturing employment as a proportion of total employment (%)","2018",28.181,,,"Employment definition: Excluding own-use production workers | Data reference period: End of the year | Geographical coverage: Total national, excluding some areas | Population coverage: Excluding armed forces and/or conscripts | Age coverage - minimum age: 16 years old"
"China","LFS - National Labour Survey","SDG indicator 9.2.2 - Manufacturing employment as a proportion of total employment (%)","2017",28.612,,,"Employment definition: Excluding own-use production workers | Data reference period: End of the year | Geographical coverage: Total national, excluding some areas | Population coverage: Excluding armed forces and/or conscripts | Age coverage - minimum age: 16 years old"
"China","LFS - National Labour Survey","SDG indicator 9.2.2 - Manufacturing employment as a proportion of total employment (%)","2016",29.241,,,"Employment definition: Excluding own-use production workers | Data reference period: End of the year | Geographical coverage: Total national, excluding some areas | Population coverage: Excluding armed forces and/or conscripts | Age coverage - minimum age: 16 years old"
"Côte d'Ivoire","HIES - Living Standards Measurement Survey","SDG indicator 9.2.2 - Manufacturing employment as a proportion of total employment (%)","2022",9.584,,,"Repository: ILO-STATISTICS - Micro data processing"
"Côte d'Ivoire","LFS - National Survey on the Employment Situation","SDG indicator 9.2.2 - Manufacturing employment as a proportion of total employment (%)","2019",6.906,,,"Repository: ILO-STATISTICS - Micro data processing"
"Côte d'Ivoire","LFS - Regional Integrated Survey on Employment and the Informal Sector","SDG indicator 9.2.2 - Manufacturing employment as a proportion of total employment (%)","2017",9.12,,,"Repository: ILO-STATISTICS - Micro data processing"
"Côte d'Ivoire","LFS - National Survey on the Employment Situation","SDG indicator 9.2.2 - Manufacturing employment as a proportion of total employment (%)","2016",5.003,,,"Repository: ILO-STATISTICS - Micro data processing"
"Cameroon","HS - Household Survey","SDG indicator 9.2.2 - Manufacturing employment as a proportion of total employment (%)","2021",9.561,,,"Repository: ILO-STATISTICS - Micro data processing"
"Cameroon","HS - Household Survey","SDG indicator 9.2.2 - Manufacturing employment as a proportion of total employment (%)","2014",10.27,,,"Repository: ILO-STATISTICS - Micro data processing"
"Cook Islands","LFS - Labour Force Survey","SDG indicator 9.2.2 - Manufacturing employment as a proportion of total employment (%)","2019",3.792,"Break in series","Break in series: Methodology revised","Repository: ILO-STATISTICS - Micro data processing"
"Cook Islands","HIES - Household Income and Expenditure Survey","SDG indicator 9.2.2 - Manufacturing employment as a proportion of total employment (%)","2016",2.241,"Break in series","Break in series: Methodology revised","Repository: ILO-STATISTICS - Micro data processing"
"Colombia","LFS - Integrated Household Survey","SDG indicator 9.2.2 - Manufacturing employment as a proportion of total employment (%)","2024",10.71,,,"Repository: ILO-STATISTICS - Micro data processing"
"Colombia","LFS - Integrated Household Survey","SDG indicator 9.2.2 - Manufacturing employment as a proportion of total employment (%)","2023",10.537,,,"Repository: ILO-STATISTICS - Micro data processing"
"Colombia","LFS - Integrated Household Survey","SDG indicator 9.2.2 - Manufacturing employment as a proportion of total employment (%)","2022",10.637,"Break in series","Break in series: Methodology revised","Repository: ILO-STATISTICS - Micro data processing"
"Colombia","LFS - Integrated Household Survey","SDG indicator 9.2.2 - Manufacturing employment as a proportion of total employment (%)","2021",10.82,,,"Repository: ILO-STATISTICS - Micro data processing"
"Colombia","LFS - Integrated Household Survey","SDG indicator 9.2.2 - Manufacturing employment as a proportion of total employment (%)","2020",10.936,,,"Repository: ILO-STATISTICS - Micro data processing"
"Colombia","LFS - Integrated Household Survey","SDG indicator 9.2.2 - Manufacturing employment as a proportion of total employment (%)","2019",11.662,,,"Repository: ILO-STATISTICS - Micro data processing"
"Colombia","LFS - Integrated Household Survey","SDG indicator 9.2.2 - Manufacturing employment as a proportion of total employment (%)","2018",11.857,,,"Repository: ILO-STATISTICS - Micro data processing"
"Colombia","LFS - Integrated Household Survey","SDG indicator 9.2.2 - Manufacturing employment as a proportion of total employment (%)","2017",11.681,,,"Repository: ILO-STATISTICS - Micro data processing"
"Colombia","LFS - Integrated Household Survey","SDG indicator 9.2.2 - Manufacturing employment as a proportion of total employment (%)","2016",11.32,,,"Repository: ILO-STATISTICS - Micro data processing"
"Colombia","LFS - Integrated Household Survey","SDG indicator 9.2.2 - Manufacturing employment as a proportion of total employment (%)","2015",11.685,,,"Repository: ILO-STATISTICS - Micro data processing"
"Colombia","LFS - Integrated Household Survey","SDG indicator 9.2.2 - Manufacturing employment as a proportion of total employment (%)","2014",11.91,,,"Repository: ILO-STATISTICS - Micro data processing"
"Comoros","LFS - National Survey on Employment and the Informal Sector","SDG indicator 9.2.2 - Manufacturing employment as a proportion of total employment (%)","2021",5.254,,,"Repository: ILO-STATISTICS - Micro data processing"
"Comoros","LFS - National Survey on Employment and the Informal Sector","SDG indicator 9.2.2 - Manufacturing employment as a proportion of total employment (%)","2014",9.509,,,"Repository: ILO-STATISTICS - Micro data processing"
"Cabo Verde","LFS - Continuous Multi-Objective Survey Employment and Labor Market Statistics","SDG indicator 9.2.2 - Manufacturing employment as a proportion of total employment (%)","2019",9.647,,,"Employment definition: Including subsistence workers"
"Cabo Verde","LFS - Continuous Multi-Objective Survey Employment and Labor Market Statistics","SDG indicator 9.2.2 - Manufacturing employment as a proportion of total employment (%)","2018",9.48,,,"Employment definition: Including subsistence workers"
"Cabo Verde","LFS - Continuous Multi-Objective Survey Employment and Labor Market Statistics","SDG indicator 9.2.2 - Manufacturing employment as a proportion of total employment (%)","2017",9.501,,,
"Cabo Verde","LFS - Continuous Multi-Objective Survey Employment and Labor Market Statistics","SDG indicator 9.2.2 - Manufacturing employment as a proportion of total employment (%)","2015",6.908,"Break in series","Break in series: Methodology revised","Repository: ILO-STATISTICS - Micro data processing | Age coverage - minimum age: 16 years old"
"Costa Rica","LFS - Continuous Employment Survey","SDG indicator 9.2.2 - Manufacturing employment as a proportion of total employment (%)","2024",11.084,,,"Repository: ILO-STATISTICS - Micro data processing"
"Costa Rica","LFS - Continuous Employment Survey","SDG indicator 9.2.2 - Manufacturing employment as a proportion of total employment (%)","2023",12.222,,,"Repository: ILO-STATISTICS - Micro data processing"
"Costa Rica","LFS - Continuous Employment Survey","SDG indicator 9.2.2 - Manufacturing employment as a proportion of total employment (%)","2022",11.312,,,"Repository: ILO-STATISTICS - Micro data processing"
"Costa Rica","LFS - Continuous Employment Survey","SDG indicator 9.2.2 - Manufacturing employment as a proportion of total employment (%)","2021",10.046,,,"Repository: ILO-STATISTICS - Micro data processing"
"Costa Rica","LFS - Continuous Employment Survey","SDG indicator 9.2.2 - Manufacturing employment as a proportion of total employment (%)","2020",10.144,,,"Repository: ILO-STATISTICS - Micro data processing"
"Costa Rica","LFS - Continuous Employment Survey","SDG indicator 9.2.2 - Manufacturing employment as a proportion of total employment (%)","2019",10.06,,,"Repository: ILO-STATISTICS - Micro data processing"
"Costa Rica","LFS - Continuous Employment Survey","SDG indicator 9.2.2 - Manufacturing employment as a proportion of total employment (%)","2018",10.61,,,"Repository: ILO-STATISTICS - Micro data processing"
"Costa Rica","LFS - Continuous Employment Survey","SDG indicator 9.2.2 - Manufacturing employment as a proportion of total employment (%)","2017",9.818,,,"Repository: ILO-STATISTICS - Micro data processing"
"Costa Rica","LFS - Continuous Employment Survey","SDG indicator 9.2.2 - Manufacturing employment as a proportion of total employment (%)","2016",9.836,,,"Repository: ILO-STATISTICS - Micro data processing"
"Costa Rica","LFS - Continuous Employment Survey","SDG indicator 9.2.2 - Manufacturing employment as a proportion of total employment (%)","2015",10.448,,,"Repository: ILO-STATISTICS - Micro data processing"
"Costa Rica","LFS - Continuous Employment Survey","SDG indicator 9.2.2 - Manufacturing employment as a proportion of total employment (%)","2014",8.951,,,"Repository: ILO-STATISTICS - Micro data processing"
"Cuba","LFS - National Employment Survey","SDG indicator 9.2.2 - Manufacturing employment as a proportion of total employment (%)","2014",9.296,,,"Age coverage - minimum age: 17 years old"
"Curaçao","LFS - Labour Force Survey","SDG indicator 9.2.2 - Manufacturing employment as a proportion of total employment (%)","2018",6.731,,,"Employment definition: Including subsistence workers | Data reference period: Fourth quarter | Age coverage - maximum age: 64 years old"
"Cayman Islands","LFS - Labour Force Survey","SDG indicator 9.2.2 - Manufacturing employment as a proportion of total employment (%)","2015",1.129,,,"Data reference period: October"
"Cayman Islands","LFS - Labour Force Survey","SDG indicator 9.2.2 - Manufacturing employment as a proportion of total employment (%)","2014",1.819,,,"Data reference period: October | Age coverage - maximum age: 65 years old"
"Cyprus","LFS - Labour Force Survey","SDG indicator 9.2.2 - Manufacturing employment as a proportion of total employment (%)","2023",6.217,,,"Repository: ILO-STATISTICS - Micro data processing"
"Cyprus","LFS - Labour Force Survey","SDG indicator 9.2.2 - Manufacturing employment as a proportion of total employment (%)","2022",6.554,,,"Repository: ILO-STATISTICS - Micro data processing"
"Cyprus","LFS - Labour Force Survey","SDG indicator 9.2.2 - Manufacturing employment as a proportion of total employment (%)","2021",7.171,,,"Repository: ILO-STATISTICS - Micro data processing"
"Cyprus","LFS - Labour Force Survey","SDG indicator 9.2.2 - Manufacturing employment as a proportion of total employment (%)","2020",7.601,,,"Repository: ILO-STATISTICS - Micro data processing"
"Cyprus","LFS - Labour Force Survey","SDG indicator 9.2.2 - Manufacturing employment as a proportion of total employment (%)","2019",7.273,,,"Repository: ILO-STATISTICS - Micro data processing"
"Cyprus","LFS - Labour Force Survey","SDG indicator 9.2.2 - Manufacturing employment as a proportion of total employment (%)","2018",6.876,,,"Repository: ILO-STATISTICS - Micro data processing"
"Cyprus","LFS - Labour Force Survey","SDG indicator 9.2.2 - Manufacturing employment as a proportion of total employment (%)","2017",7.159,,,"Repository: ILO-STATISTICS - Micro data processing"
"Cyprus","LFS - Labour Force Survey","SDG indicator 9.2.2 - Manufacturing employment as a proportion of total employment (%)","2016",7.17,,,"Repository: ILO-STATISTICS - Micro data processing"
"Cyprus","LFS - Labour Force Survey","SDG indicator 9.2.2 - Manufacturing employment as a proportion of total employment (%)","2015",7.788,,,"Repository: ILO-STATISTICS - Micro data processing"
"Cyprus","LFS - Labour Force Survey","SDG indicator 9.2.2 - Manufacturing employment as a proportion of total employment (%)","2014",8.169,,,"Repository: ILO-STATISTICS - Micro data processing"
"Czechia","LFS - Labour Force Sample Survey","SDG indicator 9.2.2 - Manufacturing employment as a proportion of total employment (%)","2023",25.818,,,"Repository: ILO-STATISTICS - Micro data processing"
"Czechia","LFS - Labour Force Sample Survey","SDG indicator 9.2.2 - Manufacturing employment as a proportion of total employment (%)","2022",26.259,,,"Repository: ILO-STATISTICS - Micro data processing"
"Czechia","LFS - Labour Force Sample Survey","SDG indicator 9.2.2 - Manufacturing employment as a proportion of total employment (%)","2021",26.029,,,"Repository: ILO-STATISTICS - Micro data processing"
"Czechia","LFS - Labour Force Sample Survey","SDG indicator 9.2.2 - Manufacturing employment as a proportion of total employment (%)","2020",26.72,,,"Repository: ILO-STATISTICS - Micro data processing"
"Czechia","LFS - Labour Force Sample Survey","SDG indicator 9.2.2 - Manufacturing employment as a proportion of total employment (%)","2019",27.444,,,"Repository: ILO-STATISTICS - Micro data processing"
"Czechia","LFS - Labour Force Sample Survey","SDG indicator 9.2.2 - Manufacturing employment as a proportion of total employment (%)","2018",27.55,,,"Repository: ILO-STATISTICS - Micro data processing"
"Czechia","LFS - Labour Force Sample Survey","SDG indicator 9.2.2 - Manufacturing employment as a proportion of total employment (%)","2017",27.862,,,"Repository: ILO-STATISTICS - Micro data processing"
"Czechia","LFS - Labour Force Sample Survey","SDG indicator 9.2.2 - Manufacturing employment as a proportion of total employment (%)","2016",27.802,,,"Repository: ILO-STATISTICS - Micro data processing"
"Czechia","LFS - Labour Force Sample Survey","SDG indicator 9.2.2 - Manufacturing employment as a proportion of total employment (%)","2015",27.308,,,"Repository: ILO-STATISTICS - Micro data processing"
"Czechia","LFS - Labour Force Sample Survey","SDG indicator 9.2.2 - Manufacturing employment as a proportion of total employment (%)","2014",26.734,,,"Repository: ILO-STATISTICS - Micro data processing"
"Germany","LFS - EU Labour Force Survey","SDG indicator 9.2.2 - Manufacturing employment as a proportion of total employment (%)","2023",18.168,,,"Repository: ILO-STATISTICS - Micro data processing"
"Germany","LFS - EU Labour Force Survey","SDG indicator 9.2.2 - Manufacturing employment as a proportion of total employment (%)","2022",18.892,,,"Repository: ILO-STATISTICS - Micro data processing"
"Germany","LFS - EU Labour Force Survey","SDG indicator 9.2.2 - Manufacturing employment as a proportion of total employment (%)","2021",19.709,,,"Repository: ILO-STATISTICS - Micro data processing"
"Germany","LFS - EU Labour Force Survey","SDG indicator 9.2.2 - Manufacturing employment as a proportion of total employment (%)","2020",19.804,,,"Repository: ILO-STATISTICS - Micro data processing"
"Germany","LFS - EU Labour Force Survey","SDG indicator 9.2.2 - Manufacturing employment as a proportion of total employment (%)","2019",18.878,,,"Repository: ILO-STATISTICS - Micro data processing"
"Germany","LFS - EU Labour Force Survey","SDG indicator 9.2.2 - Manufacturing employment as a proportion of total employment (%)","2018",19.066,,,"Repository: ILO-STATISTICS - Micro data processing"
"Germany","LFS - EU Labour Force Survey","SDG indicator 9.2.2 - Manufacturing employment as a proportion of total employment (%)","2017",19.025,,,"Repository: ILO-STATISTICS - Micro data processing"
"Germany","LFS - EU Labour Force Survey","SDG indicator 9.2.2 - Manufacturing employment as a proportion of total employment (%)","2016",19.136,,,"Repository: ILO-STATISTICS - Micro data processing"
"Germany","LFS - EU Labour Force Survey","SDG indicator 9.2.2 - Manufacturing employment as a proportion of total employment (%)","2015",19.299,,,"Repository: ILO-STATISTICS - Micro data processing"
"Germany","LFS - EU Labour Force Survey","SDG indicator 9.2.2 - Manufacturing employment as a proportion of total employment (%)","2014",19.62,,,"Repository: ILO-STATISTICS - Micro data processing"
"Djibouti","HS - Djiboutian Household Survey","SDG indicator 9.2.2 - Manufacturing employment as a proportion of total employment (%)","2017",0.239,"Unreliable",,"Repository: ILO-STATISTICS - Micro data processing"
"Denmark","LFS - EU Labour Force Survey","SDG indicator 9.2.2 - Manufacturing employment as a proportion of total employment (%)","2023",11.175,,,"Repository: ILO-STATISTICS - Micro data processing"
"Denmark","LFS - EU Labour Force Survey","SDG indicator 9.2.2 - Manufacturing employment as a proportion of total employment (%)","2022",11.258,,,"Repository: ILO-STATISTICS - Micro data processing"
"Denmark","LFS - EU Labour Force Survey","SDG indicator 9.2.2 - Manufacturing employment as a proportion of total employment (%)","2021",11.434,,,"Repository: ILO-STATISTICS - Micro data processing"
"Denmark","LFS - EU Labour Force Survey","SDG indicator 9.2.2 - Manufacturing employment as a proportion of total employment (%)","2020",11.262,,,"Repository: ILO-STATISTICS - Micro data processing"
"Denmark","LFS - EU Labour Force Survey","SDG indicator 9.2.2 - Manufacturing employment as a proportion of total employment (%)","2019",10.962,,,"Repository: ILO-STATISTICS - Micro data processing"
"Denmark","LFS - EU Labour Force Survey","SDG indicator 9.2.2 - Manufacturing employment as a proportion of total employment (%)","2018",11.392,,,"Repository: ILO-STATISTICS - Micro data processing"
"Denmark","LFS - EU Labour Force Survey","SDG indicator 9.2.2 - Manufacturing employment as a proportion of total employment (%)","2017",11.502,,,"Repository: ILO-STATISTICS - Micro data processing"
"Denmark","LFS - EU Labour Force Survey","SDG indicator 9.2.2 - Manufacturing employment as a proportion of total employment (%)","2016",11.882,,,"Repository: ILO-STATISTICS - Micro data processing"
"Denmark","LFS - EU Labour Force Survey","SDG indicator 9.2.2 - Manufacturing employment as a proportion of total employment (%)","2015",11.963,,,"Repository: ILO-STATISTICS - Micro data processing"
"Denmark","LFS - EU Labour Force Survey","SDG indicator 9.2.2 - Manufacturing employment as a proportion of total employment (%)","2014",11.898,,,"Repository: ILO-STATISTICS - Micro data processing"
"Dominican Republic","LFS - Continuous National Labour Force Survey","SDG indicator 9.2.2 - Manufacturing employment as a proportion of total employment (%)","2023",9.917,,,"Repository: ILO-STATISTICS - Micro data processing"
"Dominican Republic","LFS - Continuous National Labour Force Survey","SDG indicator 9.2.2 - Manufacturing employment as a proportion of total employment (%)","2022",9.61,,,"Repository: ILO-STATISTICS - Micro data processing"
"Dominican Republic","LFS - Continuous National Labour Force Survey","SDG indicator 9.2.2 - Manufacturing employment as a proportion of total employment (%)","2021",9.935,,,"Repository: ILO-STATISTICS - Micro data processing"
"Dominican Republic","LFS - Continuous National Labour Force Survey","SDG indicator 9.2.2 - Manufacturing employment as a proportion of total employment (%)","2020",10.5,"Break in series","Break in series: Methodology revised","Repository: ILO-STATISTICS - Micro data processing"
"Dominican Republic","LFS - Continuous National Labour Force Survey","SDG indicator 9.2.2 - Manufacturing employment as a proportion of total employment (%)","2019",10.09,,,"Repository: ILO-STATISTICS - Micro data processing"
"Dominican Republic","LFS - Continuous National Labour Force Survey","SDG indicator 9.2.2 - Manufacturing employment as a proportion of total employment (%)","2018",9.866,,,"Repository: ILO-STATISTICS - Micro data processing"
"Dominican Republic","LFS - Continuous National Labour Force Survey","SDG indicator 9.2.2 - Manufacturing employment as a proportion of total employment (%)","2017",10.016,,,"Repository: ILO-STATISTICS - Micro data processing"
"Dominican Republic","LFS - Continuous National Labour Force Survey","SDG indicator 9.2.2 - Manufacturing employment as a proportion of total employment (%)","2016",10.186,,,"Repository: ILO-STATISTICS - Micro data processing"
"Dominican Republic","LFS - Continuous National Labour Force Survey","SDG indicator 9.2.2 - Manufacturing employment as a proportion of total employment (%)","2015",9.861,"Break in series","Break in series: Methodology revised","Repository: ILO-STATISTICS - Micro data processing"
"Dominican Republic","LFS - National Labour Force Survey","SDG indicator 9.2.2 - Manufacturing employment as a proportion of total employment (%)","2014",10.025,,,"Repository: ILO-STATISTICS - Micro data processing"
"Algeria","LFS - Household Employment Survey","SDG indicator 9.2.2 - Manufacturing employment as a proportion of total employment (%)","2017",10.716,,,"Data reference period: September"
"Algeria","LFS - Household Employment Survey","SDG indicator 9.2.2 - Manufacturing employment as a proportion of total employment (%)","2014",11.319,,,"Data reference period: September"
"Ecuador","LFS - National Survey on Employment, Unemployment and Underemployment","SDG indicator 9.2.2 - Manufacturing employment as a proportion of total employment (%)","2024",9.355,,,"Repository: ILO-STATISTICS - Micro data processing"
"Ecuador","LFS - National Survey on Employment, Unemployment and Underemployment","SDG indicator 9.2.2 - Manufacturing employment as a proportion of total employment (%)","2023",10.067,,,"Repository: ILO-STATISTICS - Micro data processing"
"Ecuador","LFS - National Survey on Employment, Unemployment and Underemployment","SDG indicator 9.2.2 - Manufacturing employment as a proportion of total employment (%)","2022",10.183,,,"Repository: ILO-STATISTICS - Micro data processing"
"Ecuador","LFS - National Survey on Employment, Unemployment and Underemployment","SDG indicator 9.2.2 - Manufacturing employment as a proportion of total employment (%)","2021",9.87,,,"Repository: ILO-STATISTICS - Micro data processing"
"Ecuador","LFS - National Survey on Employment, Unemployment and Underemployment","SDG indicator 9.2.2 - Manufacturing employment as a proportion of total employment (%)","2020",9.484,"Break in series","Break in series: Methodology revised","Repository: ILO-STATISTICS - Micro data processing"
"Ecuador","LFS - National Survey on Employment, Unemployment and Underemployment","SDG indicator 9.2.2 - Manufacturing employment as a proportion of total employment (%)","2019",10.261,,,"Repository: ILO-STATISTICS - Micro data processing"
"Ecuador","LFS - National Survey on Employment, Unemployment and Underemployment","SDG indicator 9.2.2 - Manufacturing employment as a proportion of total employment (%)","2018",10.932,,,"Repository: ILO-STATISTICS - Micro data processing"
"Ecuador","LFS - National Survey on Employment, Unemployment and Underemployment","SDG indicator 9.2.2 - Manufacturing employment as a proportion of total employment (%)","2017",10.814,,,"Repository: ILO-STATISTICS - Micro data processing"
"Ecuador","LFS - National Survey on Employment, Unemployment and Underemployment","SDG indicator 9.2.2 - Manufacturing employment as a proportion of total employment (%)","2016",10.773,,,"Repository: ILO-STATISTICS - Micro data processing"
"Ecuador","LFS - National Survey on Employment, Unemployment and Underemployment","SDG indicator 9.2.2 - Manufacturing employment as a proportion of total employment (%)","2015",10.996,,,"Repository: ILO-STATISTICS - Micro data processing"
"Ecuador","LFS - National Survey on Employment, Unemployment and Underemployment","SDG indicator 9.2.2 - Manufacturing employment as a proportion of total employment (%)","2014",10.814,"Break in series","Break in series: Methodology revised","Repository: ILO-STATISTICS - Micro data processing"
"Egypt","LFS - Labour Force Sample Survey","SDG indicator 9.2.2 - Manufacturing employment as a proportion of total employment (%)","2023",12.527,,,"Repository: ILO-STATISTICS - Micro data processing"
"Egypt","LFS - Labour Force Sample Survey","SDG indicator 9.2.2 - Manufacturing employment as a proportion of total employment (%)","2022",12.563,,,"Repository: ILO-STATISTICS - Micro data processing"
"Egypt","LFS - Labour Force Sample Survey","SDG indicator 9.2.2 - Manufacturing employment as a proportion of total employment (%)","2021",12.533,,,"Repository: ILO-STATISTICS - Micro data processing"
"Egypt","LFS - Labour Force Sample Survey","SDG indicator 9.2.2 - Manufacturing employment as a proportion of total employment (%)","2020",12.994,,,"Repository: ILO-STATISTICS - Micro data processing"
"Egypt","LFS - Labour Force Sample Survey","SDG indicator 9.2.2 - Manufacturing employment as a proportion of total employment (%)","2019",12.956,,,"Repository: ILO-STATISTICS - Micro data processing"
"Egypt","LFS - Labour Force Sample Survey","SDG indicator 9.2.2 - Manufacturing employment as a proportion of total employment (%)","2018",12.503,,,"Repository: ILO-STATISTICS - Micro data processing"
"Egypt","LFS - Labour Force Sample Survey","SDG indicator 9.2.2 - Manufacturing employment as a proportion of total employment (%)","2017",12.015,,,"Repository: ILO-STATISTICS - Micro data processing"
"Egypt","LFS - Labour Force Sample Survey","SDG indicator 9.2.2 - Manufacturing employment as a proportion of total employment (%)","2016",11.45,"Break in series","Break in series: Methodology revised","Repository: ILO-STATISTICS - Micro data processing"
"Egypt","LFS - Labour Force Sample Survey","SDG indicator 9.2.2 - Manufacturing employment as a proportion of total employment (%)","2015",11.223,,,"Repository: ILO-STATISTICS - Micro data processing"
"Egypt","LFS - Labour Force Sample Survey","SDG indicator 9.2.2 - Manufacturing employment as a proportion of total employment (%)","2014",11.142,,,
"Spain","LFS - Labour Force Survey","SDG indicator 9.2.2 - Manufacturing employment as a proportion of total employment (%)","2024",8.296,,,"Repository: ILO-STATISTICS - Micro data processing"
"Spain","LFS - EU Labour Force Survey","SDG indicator 9.2.2 - Manufacturing employment as a proportion of total employment (%)","2023",12.455,,,"Repository: ILO-STATISTICS - Micro data processing"
"Spain","LFS - EU Labour Force Survey","SDG indicator 9.2.2 - Manufacturing employment as a proportion of total employment (%)","2022",12.13,,,"Repository: ILO-STATISTICS - Micro data processing"
"Spain","LFS - EU Labour Force Survey","SDG indicator 9.2.2 - Manufacturing employment as a proportion of total employment (%)","2021",12.586,,,"Repository: ILO-STATISTICS - Micro data processing"
"Spain","LFS - EU Labour Force Survey","SDG indicator 9.2.2 - Manufacturing employment as a proportion of total employment (%)","2020",13.095,,,"Repository: ILO-STATISTICS - Micro data processing"
"Spain","LFS - EU Labour Force Survey","SDG indicator 9.2.2 - Manufacturing employment as a proportion of total employment (%)","2019",12.399,,,"Repository: ILO-STATISTICS - Micro data processing"
"Spain","LFS - EU Labour Force Survey","SDG indicator 9.2.2 - Manufacturing employment as a proportion of total employment (%)","2018",12.949,,,"Repository: ILO-STATISTICS - Micro data processing"
"Spain","LFS - EU Labour Force Survey","SDG indicator 9.2.2 - Manufacturing employment as a proportion of total employment (%)","2017",12.769,,,"Repository: ILO-STATISTICS - Micro data processing"
"Spain","LFS - EU Labour Force Survey","SDG indicator 9.2.2 - Manufacturing employment as a proportion of total employment (%)","2016",12.484,,,"Repository: ILO-STATISTICS - Micro data processing"
"Spain","LFS - EU Labour Force Survey","SDG indicator 9.2.2 - Manufacturing employment as a proportion of total employment (%)","2015",12.783,,,"Repository: ILO-STATISTICS - Micro data processing"
"Spain","LFS - EU Labour Force Survey","SDG indicator 9.2.2 - Manufacturing employment as a proportion of total employment (%)","2014",12.136,,,"Repository: ILO-STATISTICS - Micro data processing"
"Estonia","LFS - Labour Force Survey","SDG indicator 9.2.2 - Manufacturing employment as a proportion of total employment (%)","2023",17.183,,,"Repository: ILO-STATISTICS - Micro data processing"
"Estonia","LFS - Labour Force Survey","SDG indicator 9.2.2 - Manufacturing employment as a proportion of total employment (%)","2022",18.147,,,"Repository: ILO-STATISTICS - Micro data processing"
"Estonia","LFS - Labour Force Survey","SDG indicator 9.2.2 - Manufacturing employment as a proportion of total employment (%)","2021",18.203,,,"Repository: ILO-STATISTICS - Micro data processing"
"Estonia","LFS - Labour Force Survey","SDG indicator 9.2.2 - Manufacturing employment as a proportion of total employment (%)","2020",18.445,,,"Repository: ILO-STATISTICS - Micro data processing"
"Estonia","LFS - Labour Force Survey","SDG indicator 9.2.2 - Manufacturing employment as a proportion of total employment (%)","2019",18.459,,,"Repository: ILO-STATISTICS - Micro data processing"
"Estonia","LFS - Labour Force Survey","SDG indicator 9.2.2 - Manufacturing employment as a proportion of total employment (%)","2018",19.025,,,"Repository: ILO-STATISTICS - Micro data processing"
"Estonia","LFS - Labour Force Survey","SDG indicator 9.2.2 - Manufacturing employment as a proportion of total employment (%)","2017",19.049,,,"Repository: ILO-STATISTICS - Micro data processing"
"Estonia","LFS - Labour Force Survey","SDG indicator 9.2.2 - Manufacturing employment as a proportion of total employment (%)","2016",18.848,,,"Repository: ILO-STATISTICS - Micro data processing"
"Estonia","LFS - Labour Force Survey","SDG indicator 9.2.2 - Manufacturing employment as a proportion of total employment (%)","2015",19.129,,,"Repository: ILO-STATISTICS - Micro data processing"
"Estonia","LFS - Labour Force Survey","SDG indicator 9.2.2 - Manufacturing employment as a proportion of total employment (%)","2014",18.249,,,"Repository: ILO-STATISTICS - Micro data processing"
"Ethiopia","LFS - National Labor Force Survey","SDG indicator 9.2.2 - Manufacturing employment as a proportion of total employment (%)","2021",3.172,,,"Repository: ILO-STATISTICS - Micro data processing"
"Finland","LFS - EU Labour Force Survey","SDG indicator 9.2.2 - Manufacturing employment as a proportion of total employment (%)","2023",12.759,,,"Repository: ILO-STATISTICS - Micro data processing"
"Finland","LFS - EU Labour Force Survey","SDG indicator 9.2.2 - Manufacturing employment as a proportion of total employment (%)","2022",12.419,,,"Repository: ILO-STATISTICS - Micro data processing"
"Finland","LFS - EU Labour Force Survey","SDG indicator 9.2.2 - Manufacturing employment as a proportion of total employment (%)","2021",13.038,,,"Repository: ILO-STATISTICS - Micro data processing"
"Finland","LFS - EU Labour Force Survey","SDG indicator 9.2.2 - Manufacturing employment as a proportion of total employment (%)","2020",12.398,,,"Repository: ILO-STATISTICS - Micro data processing"
"Finland","LFS - EU Labour Force Survey","SDG indicator 9.2.2 - Manufacturing employment as a proportion of total employment (%)","2019",12.932,,,"Repository: ILO-STATISTICS - Micro data processing"
"Finland","LFS - EU Labour Force Survey","SDG indicator 9.2.2 - Manufacturing employment as a proportion of total employment (%)","2018",13.027,,,"Repository: ILO-STATISTICS - Micro data processing"
"Finland","LFS - EU Labour Force Survey","SDG indicator 9.2.2 - Manufacturing employment as a proportion of total employment (%)","2017",13.124,,,"Repository: ILO-STATISTICS - Micro data processing"
"Finland","LFS - EU Labour Force Survey","SDG indicator 9.2.2 - Manufacturing employment as a proportion of total employment (%)","2016",13.517,,,"Repository: ILO-STATISTICS - Micro data processing"
"Finland","LFS - EU Labour Force Survey","SDG indicator 9.2.2 - Manufacturing employment as a proportion of total employment (%)","2015",13.23,,,"Repository: ILO-STATISTICS - Micro data processing"
"Finland","LFS - EU Labour Force Survey","SDG indicator 9.2.2 - Manufacturing employment as a proportion of total employment (%)","2014",14.25,,,"Repository: ILO-STATISTICS - Micro data processing"
"Fiji","LFS - Employment, Unemployment Survey","SDG indicator 9.2.2 - Manufacturing employment as a proportion of total employment (%)","2016",5.641,,,"Repository: ILO-STATISTICS - Micro data processing"
"Fiji","LFS - Employment, Unemployment Survey","SDG indicator 9.2.2 - Manufacturing employment as a proportion of total employment (%)","2014",6.855,,,
"Falkland Islands, Malvinas","PC - Population Census","SDG indicator 9.2.2 - Manufacturing employment as a proportion of total employment (%)","2016",0,,,"Population coverage: Excluding armed forces and/or conscripts | Age coverage - maximum age: 64 years old"
"France","LFS - Employment Survey","SDG indicator 9.2.2 - Manufacturing employment as a proportion of total employment (%)","2023",11.09,,,"Repository: ILO-STATISTICS - Micro data processing"
"France","LFS - Employment Survey","SDG indicator 9.2.2 - Manufacturing employment as a proportion of total employment (%)","2022",10.936,,,"Repository: ILO-STATISTICS - Micro data processing"
"France","LFS - Employment Survey","SDG indicator 9.2.2 - Manufacturing employment as a proportion of total employment (%)","2021",10.958,,,"Repository: ILO-STATISTICS - Micro data processing"
"France","LFS - Employment Survey","SDG indicator 9.2.2 - Manufacturing employment as a proportion of total employment (%)","2020",11.479,,,"Repository: ILO-STATISTICS - Micro data processing"
"France","LFS - Employment Survey","SDG indicator 9.2.2 - Manufacturing employment as a proportion of total employment (%)","2019",11.769,,,"Repository: ILO-STATISTICS - Micro data processing"
"France","LFS - Employment Survey","SDG indicator 9.2.2 - Manufacturing employment as a proportion of total employment (%)","2018",11.68,,,"Repository: ILO-STATISTICS - Micro data processing"
"France","LFS - Employment Survey","SDG indicator 9.2.2 - Manufacturing employment as a proportion of total employment (%)","2017",12.203,,,"Repository: ILO-STATISTICS - Micro data processing"
"France","LFS - Employment Survey","SDG indicator 9.2.2 - Manufacturing employment as a proportion of total employment (%)","2016",12.155,,,"Repository: ILO-STATISTICS - Micro data processing"
"France","LFS - Employment Survey","SDG indicator 9.2.2 - Manufacturing employment as a proportion of total employment (%)","2015",12.206,,,"Repository: ILO-STATISTICS - Micro data processing"
"France","LFS - Employment Survey","SDG indicator 9.2.2 - Manufacturing employment as a proportion of total employment (%)","2014",12.145,,,"Repository: ILO-STATISTICS - Micro data processing"
"Micronesia (Federated States of)","HIES - Household Income and Expenditure Survey","SDG indicator 9.2.2 - Manufacturing employment as a proportion of total employment (%)","2014",2.345,,,"Repository: ILO-STATISTICS - Micro data processing"
"United Kingdom of Great Britain and Northern Ireland","LFS - Labour Force Survey","SDG indicator 9.2.2 - Manufacturing employment as a proportion of total employment (%)","2023",7.839,,,"Repository: ILO-STATISTICS - Micro data processing"
"United Kingdom of Great Britain and Northern Ireland","LFS - Labour Force Survey","SDG indicator 9.2.2 - Manufacturing employment as a proportion of total employment (%)","2022",8.283,,,"Repository: ILO-STATISTICS - Micro data processing"
"United Kingdom of Great Britain and Northern Ireland","LFS - Labour Force Survey","SDG indicator 9.2.2 - Manufacturing employment as a proportion of total employment (%)","2021",8.581,,,"Repository: ILO-STATISTICS - Micro data processing"
"United Kingdom of Great Britain and Northern Ireland","LFS - Labour Force Survey","SDG indicator 9.2.2 - Manufacturing employment as a proportion of total employment (%)","2020",8.664,,,"Repository: ILO-STATISTICS - Micro data processing"
"United Kingdom of Great Britain and Northern Ireland","LFS - Labour Force Survey","SDG indicator 9.2.2 - Manufacturing employment as a proportion of total employment (%)","2019",8.879,,,"Repository: ILO-STATISTICS - Micro data processing"
"United Kingdom of Great Britain and Northern Ireland","LFS - Labour Force Survey","SDG indicator 9.2.2 - Manufacturing employment as a proportion of total employment (%)","2018",8.929,,,"Repository: ILO-STATISTICS - Micro data processing"
"United Kingdom of Great Britain and Northern Ireland","LFS - Labour Force Survey","SDG indicator 9.2.2 - Manufacturing employment as a proportion of total employment (%)","2017",9.135,,,"Repository: ILO-STATISTICS - Micro data processing"
"United Kingdom of Great Britain and Northern Ireland","LFS - Labour Force Survey","SDG indicator 9.2.2 - Manufacturing employment as a proportion of total employment (%)","2016",9.36,,,"Repository: ILO-STATISTICS - Micro data processing"
"United Kingdom of Great Britain and Northern Ireland","LFS - Labour Force Survey","SDG indicator 9.2.2 - Manufacturing employment as a proportion of total employment (%)","2015",9.609,,,"Repository: ILO-STATISTICS - Micro data processing"
"United Kingdom of Great Britain and Northern Ireland","LFS - Labour Force Survey","SDG indicator 9.2.2 - Manufacturing employment as a proportion of total employment (%)","2014",7.374,,,"Repository: ILO-STATISTICS - Micro data processing"
"Georgia","LFS - Labour Force Survey","SDG indicator 9.2.2 - Manufacturing employment as a proportion of total employment (%)","2020",5.941,"Break in series","Break in series: Methodology revised","Repository: ILO-STATISTICS - Micro data processing"
"Georgia","LFS - Labour Force Survey","SDG indicator 9.2.2 - Manufacturing employment as a proportion of total employment (%)","2019",5.797,,,"Repository: ILO-STATISTICS - Micro data processing"
"Georgia","LFS - Labour Force Survey","SDG indicator 9.2.2 - Manufacturing employment as a proportion of total employment (%)","2018",6.21,,,"Repository: ILO-STATISTICS - Micro data processing"
"Georgia","LFS - Labour Force Survey","SDG indicator 9.2.2 - Manufacturing employment as a proportion of total employment (%)","2017",5.911,,,"Repository: ILO-STATISTICS - Micro data processing"
"Georgia","HS - Integrated Household Survey","SDG indicator 9.2.2 - Manufacturing employment as a proportion of total employment (%)","2016",5.357,,,"Repository: ILO-STATISTICS - Micro data processing"
"Georgia","HS - Integrated Household Survey","SDG indicator 9.2.2 - Manufacturing employment as a proportion of total employment (%)","2015",5.029,,,"Repository: ILO-STATISTICS - Micro data processing"
"Georgia","HS - Integrated Household Survey","SDG indicator 9.2.2 - Manufacturing employment as a proportion of total employment (%)","2014",5.24,,,"Repository: ILO-STATISTICS - Micro data processing"
"Ghana","HIES - Household Income and Expenditure Survey","SDG indicator 9.2.2 - Manufacturing employment as a proportion of total employment (%)","2022",11.383,,,"Repository: ILO-STATISTICS - Micro data processing"
"Ghana","PC - Population Census","SDG indicator 9.2.2 - Manufacturing employment as a proportion of total employment (%)","2021",7.607,,,"Repository: ILO-STATISTICS - Micro data processing"
"Ghana","HIES - Living Standards Survey","SDG indicator 9.2.2 - Manufacturing employment as a proportion of total employment (%)","2017",11.507,"Break in series","Break in series: Methodology revised","Repository: ILO-STATISTICS - Micro data processing"
"Ghana","LFS - Labour Force Survey","SDG indicator 9.2.2 - Manufacturing employment as a proportion of total employment (%)","2015",13.999,"Break in series","Break in series: Methodology revised","Repository: ILO-STATISTICS - Micro data processing"
"Gambia","LFS - Labour Force Survey","SDG indicator 9.2.2 - Manufacturing employment as a proportion of total employment (%)","2023",8.118,,,"Repository: ILO-STATISTICS - Micro data processing"
"Gambia","LFS - Labour Force Survey","SDG indicator 9.2.2 - Manufacturing employment as a proportion of total employment (%)","2018",1.31,"Break in series","Break in series: Methodology revised","Repository: ILO-STATISTICS - Micro data processing"
"Guinea-Bissau","HIES - Harmonized Survey on Household Living Conditions","SDG indicator 9.2.2 - Manufacturing employment as a proportion of total employment (%)","2022",5.084,,,"Repository: ILO-STATISTICS - Micro data processing"
"Guinea-Bissau","HIES - Harmonized Survey on Household Living Conditions","SDG indicator 9.2.2 - Manufacturing employment as a proportion of total employment (%)","2019",5.549,,,"Repository: ILO-STATISTICS - Micro data processing"
"Guinea-Bissau","LFS - Integrated Regional Survey on Employment and Informal Sector","SDG indicator 9.2.2 - Manufacturing employment as a proportion of total employment (%)","2018",4.424,,,"Repository: ILO-STATISTICS - Micro data processing"
"Greece","LFS - Labour Force Survey","SDG indicator 9.2.2 - Manufacturing employment as a proportion of total employment (%)","2023",9.945,,,"Repository: ILO-STATISTICS - Micro data processing"
"Greece","LFS - Labour Force Survey","SDG indicator 9.2.2 - Manufacturing employment as a proportion of total employment (%)","2022",9.971,,,"Repository: ILO-STATISTICS - Micro data processing"
"Greece","LFS - Labour Force Survey","SDG indicator 9.2.2 - Manufacturing employment as a proportion of total employment (%)","2021",9.929,,,"Repository: ILO-STATISTICS - Micro data processing"
"Greece","LFS - Labour Force Survey","SDG indicator 9.2.2 - Manufacturing employment as a proportion of total employment (%)","2020",9.641,,,"Repository: ILO-STATISTICS - Micro data processing"
"Greece","LFS - Labour Force Survey","SDG indicator 9.2.2 - Manufacturing employment as a proportion of total employment (%)","2019",9.622,,,"Repository: ILO-STATISTICS - Micro data processing"
"Greece","LFS - Labour Force Survey","SDG indicator 9.2.2 - Manufacturing employment as a proportion of total employment (%)","2018",9.398,,,"Repository: ILO-STATISTICS - Micro data processing"
"Greece","LFS - Labour Force Survey","SDG indicator 9.2.2 - Manufacturing employment as a proportion of total employment (%)","2017",9.613,,,"Repository: ILO-STATISTICS - Micro data processing"
"Greece","LFS - Labour Force Survey","SDG indicator 9.2.2 - Manufacturing employment as a proportion of total employment (%)","2016",9.537,,,"Repository: ILO-STATISTICS - Micro data processing"
"Greece","LFS - Labour Force Survey","SDG indicator 9.2.2 - Manufacturing employment as a proportion of total employment (%)","2015",9.328,,,"Repository: ILO-STATISTICS - Micro data processing"
"Greece","LFS - Labour Force Survey","SDG indicator 9.2.2 - Manufacturing employment as a proportion of total employment (%)","2014",9.012,,,"Repository: ILO-STATISTICS - Micro data processing"
"Grenada","LFS - Labour Force Survey","SDG indicator 9.2.2 - Manufacturing employment as a proportion of total employment (%)","2023",3.96,,,"Repository: ILO-STATISTICS - Micro data processing"
"Grenada","LFS - Labour Force Survey","SDG indicator 9.2.2 - Manufacturing employment as a proportion of total employment (%)","2021",7.433,,,"Repository: ILO-STATISTICS - Micro data processing"
"Grenada","LFS - Labour Force Survey","SDG indicator 9.2.2 - Manufacturing employment as a proportion of total employment (%)","2020",7.586,,,"Repository: ILO-STATISTICS - Micro data processing"
"Grenada","LFS - Labour Force Survey","SDG indicator 9.2.2 - Manufacturing employment as a proportion of total employment (%)","2019",6.998,,,"Repository: ILO-STATISTICS - Micro data processing"
"Grenada","LFS - Labour Force Survey","SDG indicator 9.2.2 - Manufacturing employment as a proportion of total employment (%)","2018",6.735,,,"Repository: ILO-STATISTICS - Micro data processing"
"Guatemala","HIES - Household Income and Expenditure Survey","SDG indicator 9.2.2 - Manufacturing employment as a proportion of total employment (%)","2023",13.824,,,"Repository: ILO-STATISTICS - Micro data processing"
"Guatemala","LFS - Employment and Income Survey","SDG indicator 9.2.2 - Manufacturing employment as a proportion of total employment (%)","2022",13.681,,"Unemployment definition: Two criteria (not in employment and seeking)","Repository: ILO-STATISTICS - Micro data processing"
"Guatemala","LFS - Employment and Income Survey","SDG indicator 9.2.2 - Manufacturing employment as a proportion of total employment (%)","2021",13.338,,,"Repository: ILO-STATISTICS - Micro data processing"
"Guatemala","LFS - Employment and Income Survey","SDG indicator 9.2.2 - Manufacturing employment as a proportion of total employment (%)","2019",11.646,,,"Repository: ILO-STATISTICS - Micro data processing"
"Guatemala","LFS - Employment and Income Survey","SDG indicator 9.2.2 - Manufacturing employment as a proportion of total employment (%)","2018",12.762,,,"Repository: ILO-STATISTICS - Micro data processing"
"Guatemala","LFS - Employment and Income Survey","SDG indicator 9.2.2 - Manufacturing employment as a proportion of total employment (%)","2017",12.734,,,"Repository: ILO-STATISTICS - Micro data processing"
"Guatemala","LFS - Employment and Income Survey","SDG indicator 9.2.2 - Manufacturing employment as a proportion of total employment (%)","2016",13.493,,,"Repository: ILO-STATISTICS - Micro data processing"
"Guatemala","LFS - Employment and Income Survey","SDG indicator 9.2.2 - Manufacturing employment as a proportion of total employment (%)","2015",12.819,,,"Repository: ILO-STATISTICS - Micro data processing"
"Guatemala","LFS - Employment and Income Survey","SDG indicator 9.2.2 - Manufacturing employment as a proportion of total employment (%)","2014",13.966,"Break in series","Break in series: Methodology revised","Repository: ILO-STATISTICS - Micro data processing"
"Guyana","LFS - Labour Force Survey","SDG indicator 9.2.2 - Manufacturing employment as a proportion of total employment (%)","2019",10.325,,,"Repository: ILO-STATISTICS - Micro data processing"
"Guyana","LFS - Labour Force Survey","SDG indicator 9.2.2 - Manufacturing employment as a proportion of total employment (%)","2018",10.624,"Break in series","Break in series: Methodology revised","Repository: ILO-STATISTICS - Micro data processing"
"Hong Kong, China","LFS - General Household Survey","SDG indicator 9.2.2 - Manufacturing employment as a proportion of total employment (%)","2023",2.411,,,"Repository: ILO-STATISTICS - Micro data processing"
"Hong Kong, China","LFS - General Household Survey","SDG indicator 9.2.2 - Manufacturing employment as a proportion of total employment (%)","2022",2.543,,,"Repository: ILO-STATISTICS - Micro data processing"
"Hong Kong, China","LFS - General Household Survey","SDG indicator 9.2.2 - Manufacturing employment as a proportion of total employment (%)","2021",2.569,,,"Repository: ILO-STATISTICS - Micro data processing"
"Hong Kong, China","LFS - General Household Survey","SDG indicator 9.2.2 - Manufacturing employment as a proportion of total employment (%)","2020",2.831,,,"Repository: ILO-STATISTICS - Micro data processing"
"Hong Kong, China","LFS - General Household Survey","SDG indicator 9.2.2 - Manufacturing employment as a proportion of total employment (%)","2019",2.705,,,"Repository: ILO-STATISTICS - Micro data processing"
"Hong Kong, China","LFS - General Household Survey","SDG indicator 9.2.2 - Manufacturing employment as a proportion of total employment (%)","2018",2.671,,,"Repository: ILO-STATISTICS - Micro data processing"
"Hong Kong, China","LFS - General Household Survey","SDG indicator 9.2.2 - Manufacturing employment as a proportion of total employment (%)","2017",2.913,,,"Repository: ILO-STATISTICS - Micro data processing"
"Hong Kong, China","LFS - General Household Survey","SDG indicator 9.2.2 - Manufacturing employment as a proportion of total employment (%)","2016",3.11,,,"Repository: ILO-STATISTICS - Micro data processing"
"Hong Kong, China","LFS - General Household Survey","SDG indicator 9.2.2 - Manufacturing employment as a proportion of total employment (%)","2015",3.007,,,"Repository: ILO-STATISTICS - Micro data processing"
"Hong Kong, China","LFS - General Household Survey","SDG indicator 9.2.2 - Manufacturing employment as a proportion of total employment (%)","2014",3.473,,,"Repository: ILO-STATISTICS - Micro data processing"
"Honduras","HS - Continous Multi-Purpose Household Survey","SDG indicator 9.2.2 - Manufacturing employment as a proportion of total employment (%)","2023",12.816,,,"Repository: ILO-STATISTICS - Micro data processing | Data reference period: Second quarter"
"Honduras","HS - Continous Multi-Purpose Household Survey","SDG indicator 9.2.2 - Manufacturing employment as a proportion of total employment (%)","2022",15.262,,,"Repository: ILO-STATISTICS - Micro data processing | Data reference period: Second quarter"
"Honduras","HS - Continous Multi-Purpose Household Survey","SDG indicator 9.2.2 - Manufacturing employment as a proportion of total employment (%)","2021",15.251,,,"Repository: ILO-STATISTICS - Micro data processing | Data reference period: Second quarter"
"Honduras","HS - Continous Multi-Purpose Household Survey","SDG indicator 9.2.2 - Manufacturing employment as a proportion of total employment (%)","2020",16.182,"Break in series","Break in series: Methodology revised","Repository: ILO-STATISTICS - Micro data processing | Data reference period: Second quarter"
"Honduras","HS - Continous Multi-Purpose Household Survey","SDG indicator 9.2.2 - Manufacturing employment as a proportion of total employment (%)","2019",13.717,,,"Repository: ILO-STATISTICS - Micro data processing | Data reference period: Second quarter"
"Honduras","HS - Continous Multi-Purpose Household Survey","SDG indicator 9.2.2 - Manufacturing employment as a proportion of total employment (%)","2018",13.633,"Break in series","Break in series: Methodology revised","Repository: ILO-STATISTICS - Micro data processing | Data reference period: Second quarter"
"Honduras","HS - Continous Multi-Purpose Household Survey","SDG indicator 9.2.2 - Manufacturing employment as a proportion of total employment (%)","2017",13.774,,,"Repository: ILO-STATISTICS - Micro data processing | Data reference period: Second quarter"
"Honduras","HS - Continous Multi-Purpose Household Survey","SDG indicator 9.2.2 - Manufacturing employment as a proportion of total employment (%)","2016",15.043,,,"Repository: ILO-STATISTICS - Micro data processing"
"Honduras","HS - Continous Multi-Purpose Household Survey","SDG indicator 9.2.2 - Manufacturing employment as a proportion of total employment (%)","2015",14.955,,,"Repository: ILO-STATISTICS - Micro data processing"
"Honduras","HS - Continous Multi-Purpose Household Survey","SDG indicator 9.2.2 - Manufacturing employment as a proportion of total employment (%)","2014",15.758,,,"Repository: ILO-STATISTICS - Micro data processing"
"Croatia","LFS - EU Labour Force Survey","SDG indicator 9.2.2 - Manufacturing employment as a proportion of total employment (%)","2023",16.768,,,"Repository: ILO-STATISTICS - Micro data processing"
"Croatia","LFS - EU Labour Force Survey","SDG indicator 9.2.2 - Manufacturing employment as a proportion of total employment (%)","2022",17.324,,,"Repository: ILO-STATISTICS - Micro data processing"
"Croatia","LFS - EU Labour Force Survey","SDG indicator 9.2.2 - Manufacturing employment as a proportion of total employment (%)","2021",17.597,,,"Repository: ILO-STATISTICS - Micro data processing"
"Croatia","LFS - EU Labour Force Survey","SDG indicator 9.2.2 - Manufacturing employment as a proportion of total employment (%)","2020",17.577,,,"Repository: ILO-STATISTICS - Micro data processing"
"Croatia","LFS - EU Labour Force Survey","SDG indicator 9.2.2 - Manufacturing employment as a proportion of total employment (%)","2019",17.831,,,"Repository: ILO-STATISTICS - Micro data processing"
"Croatia","LFS - EU Labour Force Survey","SDG indicator 9.2.2 - Manufacturing employment as a proportion of total employment (%)","2018",17.268,,,"Repository: ILO-STATISTICS - Micro data processing"
"Croatia","LFS - EU Labour Force Survey","SDG indicator 9.2.2 - Manufacturing employment as a proportion of total employment (%)","2017",16.739,,,"Repository: ILO-STATISTICS - Micro data processing"
"Croatia","LFS - EU Labour Force Survey","SDG indicator 9.2.2 - Manufacturing employment as a proportion of total employment (%)","2016",16.813,,,"Repository: ILO-STATISTICS - Micro data processing"
"Croatia","LFS - EU Labour Force Survey","SDG indicator 9.2.2 - Manufacturing employment as a proportion of total employment (%)","2015",16.567,,,"Repository: ILO-STATISTICS - Micro data processing"
"Croatia","LFS - EU Labour Force Survey","SDG indicator 9.2.2 - Manufacturing employment as a proportion of total employment (%)","2014",16.991,,,"Repository: ILO-STATISTICS - Micro data processing"
"Hungary","LFS - Labour Force Survey","SDG indicator 9.2.2 - Manufacturing employment as a proportion of total employment (%)","2023",20.809,,,"Repository: ILO-STATISTICS - Micro data processing"
"Hungary","LFS - Labour Force Survey","SDG indicator 9.2.2 - Manufacturing employment as a proportion of total employment (%)","2022",20.943,,,"Repository: ILO-STATISTICS - Micro data processing"
"Hungary","LFS - Labour Force Survey","SDG indicator 9.2.2 - Manufacturing employment as a proportion of total employment (%)","2021",21.126,,,"Repository: ILO-STATISTICS - Micro data processing"
"Hungary","LFS - Labour Force Survey","SDG indicator 9.2.2 - Manufacturing employment as a proportion of total employment (%)","2020",21.576,,,"Repository: ILO-STATISTICS - Micro data processing"
"Hungary","LFS - Labour Force Survey","SDG indicator 9.2.2 - Manufacturing employment as a proportion of total employment (%)","2019",22.139,,,"Repository: ILO-STATISTICS - Micro data processing"
"Hungary","LFS - Labour Force Survey","SDG indicator 9.2.2 - Manufacturing employment as a proportion of total employment (%)","2018",22.507,,,"Repository: ILO-STATISTICS - Micro data processing"
"Hungary","LFS - Labour Force Survey","SDG indicator 9.2.2 - Manufacturing employment as a proportion of total employment (%)","2017",22.408,,,"Repository: ILO-STATISTICS - Micro data processing"
"Hungary","LFS - Labour Force Survey","SDG indicator 9.2.2 - Manufacturing employment as a proportion of total employment (%)","2016",21.682,,,"Repository: ILO-STATISTICS - Micro data processing"
"Hungary","LFS - Labour Force Survey","SDG indicator 9.2.2 - Manufacturing employment as a proportion of total employment (%)","2015",21.412,,,"Repository: ILO-STATISTICS - Micro data processing"
"Hungary","LFS - Labour Force Survey","SDG indicator 9.2.2 - Manufacturing employment as a proportion of total employment (%)","2014",21.598,,,"Repository: ILO-STATISTICS - Micro data processing"
"Indonesia","LFS - National Labour Force Survey","SDG indicator 9.2.2 - Manufacturing employment as a proportion of total employment (%)","2023",13.707,,,"Repository: ILO-STATISTICS - Micro data processing"
"Indonesia","LFS - National Labour Force Survey","SDG indicator 9.2.2 - Manufacturing employment as a proportion of total employment (%)","2022",13.966,,,"Repository: ILO-STATISTICS - Micro data processing"
"Indonesia","LFS - National Labour Force Survey","SDG indicator 9.2.2 - Manufacturing employment as a proportion of total employment (%)","2021",13.918,"Break in series","Break in series: Methodology revised","Repository: ILO-STATISTICS - Micro data processing"
"Indonesia","LFS - National Labour Force Survey","SDG indicator 9.2.2 - Manufacturing employment as a proportion of total employment (%)","2020",13.779,,,"Repository: ILO-STATISTICS - Micro data processing"
"Indonesia","LFS - National Labour Force Survey","SDG indicator 9.2.2 - Manufacturing employment as a proportion of total employment (%)","2019",14.383,,,"Repository: ILO-STATISTICS - Micro data processing"
"Indonesia","LFS - National Labour Force Survey","SDG indicator 9.2.2 - Manufacturing employment as a proportion of total employment (%)","2018",14.391,,,"Repository: ILO-STATISTICS - Micro data processing"
"Indonesia","LFS - National Labour Force Survey","SDG indicator 9.2.2 - Manufacturing employment as a proportion of total employment (%)","2017",14.108,,,"Repository: ILO-STATISTICS - Micro data processing"
"Indonesia","LFS - National Labour Force Survey","SDG indicator 9.2.2 - Manufacturing employment as a proportion of total employment (%)","2016",13.529,,,"Repository: ILO-STATISTICS - Micro data processing"
"Indonesia","LFS - National Labour Force Survey","SDG indicator 9.2.2 - Manufacturing employment as a proportion of total employment (%)","2015",13.707,,,"Repository: ILO-STATISTICS - Micro data processing"
"Indonesia","LFS - National Labour Force Survey","SDG indicator 9.2.2 - Manufacturing employment as a proportion of total employment (%)","2014",13.473,,,"Repository: ILO-STATISTICS - Micro data processing"
"Isle of Man","PC - Population Census","SDG indicator 9.2.2 - Manufacturing employment as a proportion of total employment (%)","2016",4.599,,,"Population coverage: Nationals, residents | Age coverage - minimum age: 16 years old | Age coverage - maximum age: 65 for men and 63 for women"
"India","LFS - Periodic Labour Force Survey","SDG indicator 9.2.2 - Manufacturing employment as a proportion of total employment (%)","2023",11.984,,,"Repository: ILO-STATISTICS - Micro data processing"
"India","LFS - Periodic Labour Force Survey","SDG indicator 9.2.2 - Manufacturing employment as a proportion of total employment (%)","2022",11.688,,,"Repository: ILO-STATISTICS - Micro data processing"
"India","LFS - Periodic Labour Force Survey","SDG indicator 9.2.2 - Manufacturing employment as a proportion of total employment (%)","2021",11.534,,,"Repository: ILO-STATISTICS - Micro data processing"
"India","LFS - Periodic Labour Force Survey","SDG indicator 9.2.2 - Manufacturing employment as a proportion of total employment (%)","2020",11.331,,,"Repository: ILO-STATISTICS - Micro data processing"
"India","LFS - Periodic Labour Force Survey","SDG indicator 9.2.2 - Manufacturing employment as a proportion of total employment (%)","2019",12.326,,,"Repository: ILO-STATISTICS - Micro data processing"
"India","LFS - Periodic Labour Force Survey","SDG indicator 9.2.2 - Manufacturing employment as a proportion of total employment (%)","2018",12.491,,,"Repository: ILO-STATISTICS - Micro data processing"
"Ireland","LFS - EU Labour Force Survey","SDG indicator 9.2.2 - Manufacturing employment as a proportion of total employment (%)","2023",9.869,,,"Repository: ILO-STATISTICS - Micro data processing"
"Ireland","LFS - EU Labour Force Survey","SDG indicator 9.2.2 - Manufacturing employment as a proportion of total employment (%)","2022",11.348,,,"Repository: ILO-STATISTICS - Micro data processing"
"Ireland","LFS - EU Labour Force Survey","SDG indicator 9.2.2 - Manufacturing employment as a proportion of total employment (%)","2021",11.701,,,"Repository: ILO-STATISTICS - Micro data processing"
"Ireland","LFS - EU Labour Force Survey","SDG indicator 9.2.2 - Manufacturing employment as a proportion of total employment (%)","2020",11.451,,,"Repository: ILO-STATISTICS - Micro data processing"
"Ireland","LFS - EU Labour Force Survey","SDG indicator 9.2.2 - Manufacturing employment as a proportion of total employment (%)","2019",10.949,,,"Repository: ILO-STATISTICS - Micro data processing"
"Ireland","LFS - EU Labour Force Survey","SDG indicator 9.2.2 - Manufacturing employment as a proportion of total employment (%)","2018",11.037,,,"Repository: ILO-STATISTICS - Micro data processing"
"Ireland","LFS - EU Labour Force Survey","SDG indicator 9.2.2 - Manufacturing employment as a proportion of total employment (%)","2017",11.482,,,"Repository: ILO-STATISTICS - Micro data processing"
"Ireland","LFS - EU Labour Force Survey","SDG indicator 9.2.2 - Manufacturing employment as a proportion of total employment (%)","2016",11.655,,,"Repository: ILO-STATISTICS - Micro data processing"
"Ireland","LFS - EU Labour Force Survey","SDG indicator 9.2.2 - Manufacturing employment as a proportion of total employment (%)","2015",11.393,,,"Repository: ILO-STATISTICS - Micro data processing"
"Ireland","LFS - EU Labour Force Survey","SDG indicator 9.2.2 - Manufacturing employment as a proportion of total employment (%)","2014",11.162,,,"Repository: ILO-STATISTICS - Micro data processing"
"Iran (Islamic Republic of)","LFS - Labour Force Survey","SDG indicator 9.2.2 - Manufacturing employment as a proportion of total employment (%)","2023",17.812,,,"Repository: ILO-STATISTICS - Micro data processing"
"Iran (Islamic Republic of)","LFS - Labour Force Survey","SDG indicator 9.2.2 - Manufacturing employment as a proportion of total employment (%)","2022",17.761,,,"Repository: ILO-STATISTICS - Micro data processing"
"Iran (Islamic Republic of)","LFS - Labour Force Survey","SDG indicator 9.2.2 - Manufacturing employment as a proportion of total employment (%)","2021",17.38,,,"Repository: ILO-STATISTICS - Micro data processing"
"Iran (Islamic Republic of)","LFS - Labour Force Survey","SDG indicator 9.2.2 - Manufacturing employment as a proportion of total employment (%)","2020",17.431,,,"Repository: ILO-STATISTICS - Micro data processing"
"Iran (Islamic Republic of)","LFS - Labour Force Survey","SDG indicator 9.2.2 - Manufacturing employment as a proportion of total employment (%)","2019",17.561,,,"Repository: ILO-STATISTICS - Micro data processing"
"Iran (Islamic Republic of)","LFS - Labour Force Survey","SDG indicator 9.2.2 - Manufacturing employment as a proportion of total employment (%)","2018",17.514,"Break in series","Break in series: Methodology revised","Repository: ILO-STATISTICS - Micro data processing"
"Iran (Islamic Republic of)","LFS - Labour Force Survey","SDG indicator 9.2.2 - Manufacturing employment as a proportion of total employment (%)","2017",17.026,,,"Repository: ILO-STATISTICS - Micro data processing"
"Iran (Islamic Republic of)","LFS - Labour Force Survey","SDG indicator 9.2.2 - Manufacturing employment as a proportion of total employment (%)","2016",17.158,,,"Repository: ILO-STATISTICS - Micro data processing"
"Iran (Islamic Republic of)","LFS - Labour Force Survey","SDG indicator 9.2.2 - Manufacturing employment as a proportion of total employment (%)","2015",16.995,,,"Repository: ILO-STATISTICS - Micro data processing"
"Iran (Islamic Republic of)","LFS - Labour Force Survey","SDG indicator 9.2.2 - Manufacturing employment as a proportion of total employment (%)","2014",17.015,,,"Repository: ILO-STATISTICS - Micro data processing"
"Iraq","LFS - Labour Force Survey","SDG indicator 9.2.2 - Manufacturing employment as a proportion of total employment (%)","2021",6.173,,,"Repository: ILO-STATISTICS - Micro data processing"
"Iceland","LFS - EU Labour Force Survey","SDG indicator 9.2.2 - Manufacturing employment as a proportion of total employment (%)","2023",9.248,,,"Repository: ILO-STATISTICS - Micro data processing"
"Iceland","LFS - EU Labour Force Survey","SDG indicator 9.2.2 - Manufacturing employment as a proportion of total employment (%)","2022",8.666,,,"Repository: ILO-STATISTICS - Micro data processing"
"Iceland","LFS - EU Labour Force Survey","SDG indicator 9.2.2 - Manufacturing employment as a proportion of total employment (%)","2021",9.495,,,"Repository: ILO-STATISTICS - Micro data processing"
"Iceland","LFS - EU Labour Force Survey","SDG indicator 9.2.2 - Manufacturing employment as a proportion of total employment (%)","2020",9.632,,,"Repository: ILO-STATISTICS - Micro data processing"
"Iceland","LFS - EU Labour Force Survey","SDG indicator 9.2.2 - Manufacturing employment as a proportion of total employment (%)","2019",9.337,,,"Repository: ILO-STATISTICS - Micro data processing"
"Iceland","LFS - EU Labour Force Survey","SDG indicator 9.2.2 - Manufacturing employment as a proportion of total employment (%)","2018",9.081,,,"Repository: ILO-STATISTICS - Micro data processing"
"Iceland","LFS - EU Labour Force Survey","SDG indicator 9.2.2 - Manufacturing employment as a proportion of total employment (%)","2017",9.673,,,"Repository: ILO-STATISTICS - Micro data processing"
"Iceland","LFS - EU Labour Force Survey","SDG indicator 9.2.2 - Manufacturing employment as a proportion of total employment (%)","2016",10.056,,,"Repository: ILO-STATISTICS - Micro data processing"
"Iceland","LFS - EU Labour Force Survey","SDG indicator 9.2.2 - Manufacturing employment as a proportion of total employment (%)","2015",10.244,,,"Repository: ILO-STATISTICS - Micro data processing"
"Iceland","LFS - EU Labour Force Survey","SDG indicator 9.2.2 - Manufacturing employment as a proportion of total employment (%)","2014",11.075,,,"Repository: ILO-STATISTICS - Micro data processing"
"Israel","LFS - Labour Force Survey","SDG indicator 9.2.2 - Manufacturing employment as a proportion of total employment (%)","2023",9.124,,,"Repository: ILO-STATISTICS - Micro data processing"
"Israel","LFS - Labour Force Survey","SDG indicator 9.2.2 - Manufacturing employment as a proportion of total employment (%)","2022",9.371,,,"Repository: ILO-STATISTICS - Micro data processing"
"Israel","LFS - Labour Force Survey","SDG indicator 9.2.2 - Manufacturing employment as a proportion of total employment (%)","2021",9.681,,,"Repository: ILO-STATISTICS - Micro data processing"
"Israel","LFS - Labour Force Survey","SDG indicator 9.2.2 - Manufacturing employment as a proportion of total employment (%)","2020",9.43,,,"Repository: ILO-STATISTICS - Micro data processing"
"Israel","LFS - Labour Force Survey","SDG indicator 9.2.2 - Manufacturing employment as a proportion of total employment (%)","2019",9.966,,,"Repository: ILO-STATISTICS - Micro data processing"
"Israel","LFS - Labour Force Survey","SDG indicator 9.2.2 - Manufacturing employment as a proportion of total employment (%)","2018",10.671,,,"Repository: ILO-STATISTICS - Micro data processing"
"Israel","LFS - Labour Force Survey","SDG indicator 9.2.2 - Manufacturing employment as a proportion of total employment (%)","2017",10.897,,,"Repository: ILO-STATISTICS - Micro data processing"
"Israel","LFS - Labour Force Survey","SDG indicator 9.2.2 - Manufacturing employment as a proportion of total employment (%)","2016",11.155,,,"Repository: ILO-STATISTICS - Micro data processing"
"Israel","LFS - Labour Force Survey","SDG indicator 9.2.2 - Manufacturing employment as a proportion of total employment (%)","2015",11.343,,,"Repository: ILO-STATISTICS - Micro data processing"
"Israel","LFS - Labour Force Survey","SDG indicator 9.2.2 - Manufacturing employment as a proportion of total employment (%)","2014",11.578,,,"Repository: ILO-STATISTICS - Micro data processing"
"Italy","LFS - EU Labour Force Survey","SDG indicator 9.2.2 - Manufacturing employment as a proportion of total employment (%)","2023",18.321,,,"Repository: ILO-STATISTICS - Micro data processing"
"Italy","LFS - EU Labour Force Survey","SDG indicator 9.2.2 - Manufacturing employment as a proportion of total employment (%)","2022",18.435,,,"Repository: ILO-STATISTICS - Micro data processing"
"Italy","LFS - EU Labour Force Survey","SDG indicator 9.2.2 - Manufacturing employment as a proportion of total employment (%)","2021",18.554,,,"Repository: ILO-STATISTICS - Micro data processing"
"Italy","LFS - EU Labour Force Survey","SDG indicator 9.2.2 - Manufacturing employment as a proportion of total employment (%)","2020",18.768,,,"Repository: ILO-STATISTICS - Micro data processing"
"Italy","LFS - EU Labour Force Survey","SDG indicator 9.2.2 - Manufacturing employment as a proportion of total employment (%)","2019",18.531,,,"Repository: ILO-STATISTICS - Micro data processing"
"Italy","LFS - EU Labour Force Survey","SDG indicator 9.2.2 - Manufacturing employment as a proportion of total employment (%)","2018",18.414,,,"Repository: ILO-STATISTICS - Micro data processing"
"Italy","LFS - EU Labour Force Survey","SDG indicator 9.2.2 - Manufacturing employment as a proportion of total employment (%)","2017",18.19,,,"Repository: ILO-STATISTICS - Micro data processing"
"Italy","LFS - EU Labour Force Survey","SDG indicator 9.2.2 - Manufacturing employment as a proportion of total employment (%)","2016",18.228,,,"Repository: ILO-STATISTICS - Micro data processing"
"Italy","LFS - EU Labour Force Survey","SDG indicator 9.2.2 - Manufacturing employment as a proportion of total employment (%)","2015",18.348,,,"Repository: ILO-STATISTICS - Micro data processing"
"Italy","LFS - EU Labour Force Survey","SDG indicator 9.2.2 - Manufacturing employment as a proportion of total employment (%)","2014",18.557,,,"Repository: ILO-STATISTICS - Micro data processing"
"Jamaica","LFS - Labour Force Survey","SDG indicator 9.2.2 - Manufacturing employment as a proportion of total employment (%)","2023",3.462,,,"Repository: ILO-STATISTICS - Micro data processing"
"Jamaica","LFS - Labour Force Survey","SDG indicator 9.2.2 - Manufacturing employment as a proportion of total employment (%)","2022",6.316,,,"Repository: ILO-STATISTICS - Micro data processing"
"Jamaica","LFS - Labour Force Survey","SDG indicator 9.2.2 - Manufacturing employment as a proportion of total employment (%)","2021",6.342,,,"Repository: ILO-STATISTICS - Micro data processing"
"Jamaica","LFS - Labour Force Survey","SDG indicator 9.2.2 - Manufacturing employment as a proportion of total employment (%)","2020",6.132,,,"Repository: ILO-STATISTICS - Micro data processing"
"Jamaica","LFS - Labour Force Survey","SDG indicator 9.2.2 - Manufacturing employment as a proportion of total employment (%)","2019",6.344,,,"Repository: ILO-STATISTICS - Micro data processing"
"Jamaica","LFS - Labour Force Survey","SDG indicator 9.2.2 - Manufacturing employment as a proportion of total employment (%)","2018",6.545,,,"Repository: ILO-STATISTICS - Micro data processing"
"Jamaica","LFS - Labour Force Survey","SDG indicator 9.2.2 - Manufacturing employment as a proportion of total employment (%)","2017",6.628,,,"Repository: ILO-STATISTICS - Micro data processing"
"Jamaica","LFS - Labour Force Survey","SDG indicator 9.2.2 - Manufacturing employment as a proportion of total employment (%)","2016",6.592,,,"Repository: ILO-STATISTICS - Micro data processing"
"Jamaica","LFS - Labour Force Survey","SDG indicator 9.2.2 - Manufacturing employment as a proportion of total employment (%)","2015",6.408,,,"Age coverage - minimum age: 14 years old"
"Jamaica","LFS - Labour Force Survey","SDG indicator 9.2.2 - Manufacturing employment as a proportion of total employment (%)","2014",6.459,,,"Repository: ILO-STATISTICS - Micro data processing"
"Jordan","LFS - Employment and Unemployment Survey","SDG indicator 9.2.2 - Manufacturing employment as a proportion of total employment (%)","2023",8.409,,,"Repository: ILO-STATISTICS - Micro data processing"
"Jordan","LFS - Employment and Unemployment Survey","SDG indicator 9.2.2 - Manufacturing employment as a proportion of total employment (%)","2022",9.316,,,"Repository: ILO-STATISTICS - Micro data processing"
"Jordan","LFS - Employment and Unemployment Survey","SDG indicator 9.2.2 - Manufacturing employment as a proportion of total employment (%)","2021",9.322,,,"Repository: ILO-STATISTICS - Micro data processing"
"Jordan","LFS - Employment and Unemployment Survey","SDG indicator 9.2.2 - Manufacturing employment as a proportion of total employment (%)","2020",9.042,,,"Repository: ILO-STATISTICS - Micro data processing"
"Jordan","LFS - Employment and Unemployment Survey","SDG indicator 9.2.2 - Manufacturing employment as a proportion of total employment (%)","2019",8.868,,,"Repository: ILO-STATISTICS - Micro data processing"
"Jordan","LFS - Employment and Unemployment Survey","SDG indicator 9.2.2 - Manufacturing employment as a proportion of total employment (%)","2018",9.559,,,"Repository: ILO-STATISTICS - Micro data processing"
"Jordan","LFS - Employment and Unemployment Survey","SDG indicator 9.2.2 - Manufacturing employment as a proportion of total employment (%)","2017",10.855,"Break in series","Break in series: Methodology revised","Repository: ILO-STATISTICS - Micro data processing"
"Japan","LFS - Labour Force Survey","SDG indicator 9.2.2 - Manufacturing employment as a proportion of total employment (%)","2024",15.425,,,
"Japan","LFS - Labour Force Survey","SDG indicator 9.2.2 - Manufacturing employment as a proportion of total employment (%)","2023",15.637,,,
"Japan","LFS - Labour Force Survey","SDG indicator 9.2.2 - Manufacturing employment as a proportion of total employment (%)","2022",14.405,,,"Repository: ILO-STATISTICS - Micro data processing"
"Japan","LFS - Labour Force Survey","SDG indicator 9.2.2 - Manufacturing employment as a proportion of total employment (%)","2021",14.346,,,"Repository: ILO-STATISTICS - Micro data processing"
"Japan","LFS - Labour Force Survey","SDG indicator 9.2.2 - Manufacturing employment as a proportion of total employment (%)","2020",14.434,,,"Repository: ILO-STATISTICS - Micro data processing"
"Japan","LFS - Labour Force Survey","SDG indicator 9.2.2 - Manufacturing employment as a proportion of total employment (%)","2019",14.688,,,"Repository: ILO-STATISTICS - Micro data processing"
"Japan","LFS - Labour Force Survey","SDG indicator 9.2.2 - Manufacturing employment as a proportion of total employment (%)","2018",14.791,,,"Repository: ILO-STATISTICS - Micro data processing"
"Japan","LFS - Labour Force Survey","SDG indicator 9.2.2 - Manufacturing employment as a proportion of total employment (%)","2017",16.124,,,"Repository: ILO-STATISTICS - Micro data processing"
"Japan","LFS - Labour Force Survey","SDG indicator 9.2.2 - Manufacturing employment as a proportion of total employment (%)","2016",16.132,,,"Repository: ILO-STATISTICS - Micro data processing"
"Japan","LFS - Labour Force Survey","SDG indicator 9.2.2 - Manufacturing employment as a proportion of total employment (%)","2015",16.275,,,"Repository: ILO-STATISTICS - Micro data processing"
"Japan","LFS - Labour Force Survey","SDG indicator 9.2.2 - Manufacturing employment as a proportion of total employment (%)","2014",16.359,,,"Repository: ILO-STATISTICS - Micro data processing"
"Kazakhstan","LFS - Sample Survey of Employment","SDG indicator 9.2.2 - Manufacturing employment as a proportion of total employment (%)","2022",6.84,,,"Employment definition: Excluding own-use production workers | Population coverage: Excluding both institutional population and armed forces and/or conscripts"
"Kazakhstan","LFS - Sample Survey of Employment","SDG indicator 9.2.2 - Manufacturing employment as a proportion of total employment (%)","2020",6.663,,,"Employment definition: Excluding own-use production workers"
"Kazakhstan","LFS - Sample Survey of Employment","SDG indicator 9.2.2 - Manufacturing employment as a proportion of total employment (%)","2017",6.774,,,"Employment definition: Excluding own-use production workers | Population coverage: Excluding both institutional population and armed forces and/or conscripts"
"Kazakhstan","LFS - Sample Survey of Employment","SDG indicator 9.2.2 - Manufacturing employment as a proportion of total employment (%)","2015",6.407,,,"Population coverage: Excluding both institutional population and armed forces and/or conscripts"
"Kenya","HS - Continuous household survey","SDG indicator 9.2.2 - Manufacturing employment as a proportion of total employment (%)","2022",5.144,,,"Repository: ILO-STATISTICS - Micro data processing"
"Kenya","HS - Continuous household survey","SDG indicator 9.2.2 - Manufacturing employment as a proportion of total employment (%)","2021",5.104,,,"Repository: ILO-STATISTICS - Micro data processing"
"Kenya","HS - Continuous household survey","SDG indicator 9.2.2 - Manufacturing employment as a proportion of total employment (%)","2019",6.853,,,"Repository: ILO-STATISTICS - Micro data processing"
"Kyrgyzstan","LFS - Employment and Unemployment Survey","SDG indicator 9.2.2 - Manufacturing employment as a proportion of total employment (%)","2022",11.503,,,"Repository: ILO-STATISTICS - Micro data processing"
"Kyrgyzstan","LFS - Employment and Unemployment Survey","SDG indicator 9.2.2 - Manufacturing employment as a proportion of total employment (%)","2021",11.878,,,"Repository: ILO-STATISTICS - Micro data processing"
"Kyrgyzstan","LFS - Employment and Unemployment Survey","SDG indicator 9.2.2 - Manufacturing employment as a proportion of total employment (%)","2020",11.388,,,"Repository: ILO-STATISTICS - Micro data processing"
"Kyrgyzstan","LFS - Employment and Unemployment Survey","SDG indicator 9.2.2 - Manufacturing employment as a proportion of total employment (%)","2019",12.091,,,"Repository: ILO-STATISTICS - Micro data processing"
"Kyrgyzstan","LFS - Employment and Unemployment Survey","SDG indicator 9.2.2 - Manufacturing employment as a proportion of total employment (%)","2018",11.886,"Break in series","Break in series: Methodology revised","Repository: ILO-STATISTICS - Micro data processing"
"Kyrgyzstan","LFS - Employment and Unemployment Survey","SDG indicator 9.2.2 - Manufacturing employment as a proportion of total employment (%)","2017",12.801,,,"Repository: ILO-STATISTICS - Micro data processing"
"Kyrgyzstan","LFS - Employment and Unemployment Survey","SDG indicator 9.2.2 - Manufacturing employment as a proportion of total employment (%)","2016",7.671,,,"Repository: ILO-STATISTICS - Micro data processing"
"Kyrgyzstan","LFS - Employment and Unemployment Survey","SDG indicator 9.2.2 - Manufacturing employment as a proportion of total employment (%)","2015",7.466,,,"Repository: ILO-STATISTICS - Micro data processing"
"Kyrgyzstan","LFS - Employment and Unemployment Survey","SDG indicator 9.2.2 - Manufacturing employment as a proportion of total employment (%)","2014",7.081,,,"Repository: ILO-STATISTICS - Micro data processing"
"Cambodia","HIES - Household Socio-Economic Survey","SDG indicator 9.2.2 - Manufacturing employment as a proportion of total employment (%)","2021",16.47,,,"Repository: ILO-STATISTICS - Micro data processing"
"Cambodia","HIES - Household Socio-Economic Survey","SDG indicator 9.2.2 - Manufacturing employment as a proportion of total employment (%)","2020",15.767,,,"Repository: ILO-STATISTICS - Micro data processing"
"Cambodia","LFS - Labour Force Survey","SDG indicator 9.2.2 - Manufacturing employment as a proportion of total employment (%)","2019",15.094,"Break in series","Break in series: Methodology revised","Repository: ILO-STATISTICS - Micro data processing"
"Cambodia","HIES - Household Socio-Economic Survey","SDG indicator 9.2.2 - Manufacturing employment as a proportion of total employment (%)","2017",16.686,,,"Repository: ILO-STATISTICS - Micro data processing"
"Cambodia","HIES - Household Socio-Economic Survey","SDG indicator 9.2.2 - Manufacturing employment as a proportion of total employment (%)","2016",16.871,,,"Repository: ILO-STATISTICS - Micro data processing"
"Cambodia","HIES - Household Socio-Economic Survey","SDG indicator 9.2.2 - Manufacturing employment as a proportion of total employment (%)","2015",16.513,,,"Repository: ILO-STATISTICS - Micro data processing"
"Cambodia","HIES - Household Socio-Economic Survey","SDG indicator 9.2.2 - Manufacturing employment as a proportion of total employment (%)","2014",16.258,,,"Repository: ILO-STATISTICS - Micro data processing"
"Kiribati","PC - Population Census","SDG indicator 9.2.2 - Manufacturing employment as a proportion of total employment (%)","2020",3.953,,,"Repository: ILO-STATISTICS - Micro data processing"
"Kiribati","HIES - Household Income and Expenditure Survey","SDG indicator 9.2.2 - Manufacturing employment as a proportion of total employment (%)","2019",5.189,,,"Repository: ILO-STATISTICS - Micro data processing"
"Kiribati","PC - Population Census","SDG indicator 9.2.2 - Manufacturing employment as a proportion of total employment (%)","2015",14.259,,,"Repository: ILO-STATISTICS - Micro data processing"
"Republic of Korea","LFS - Economically Active Population Survey","SDG indicator 9.2.2 - Manufacturing employment as a proportion of total employment (%)","2024",15.525,,,"Repository: ILO-STATISTICS - Micro data processing"
"Republic of Korea","LFS - Economically Active Population Survey","SDG indicator 9.2.2 - Manufacturing employment as a proportion of total employment (%)","2023",15.624,,,"Repository: ILO-STATISTICS - Micro data processing"
"Republic of Korea","LFS - Economically Active Population Survey","SDG indicator 9.2.2 - Manufacturing employment as a proportion of total employment (%)","2022",15.952,,,"Repository: ILO-STATISTICS - Micro data processing"
"Republic of Korea","LFS - Economically Active Population Survey","SDG indicator 9.2.2 - Manufacturing employment as a proportion of total employment (%)","2021",15.941,,,"Repository: ILO-STATISTICS - Micro data processing"
"Republic of Korea","LFS - Economically Active Population Survey","SDG indicator 9.2.2 - Manufacturing employment as a proportion of total employment (%)","2020",16.192,,,"Repository: ILO-STATISTICS - Micro data processing"
"Republic of Korea","LFS - Economically Active Population Survey","SDG indicator 9.2.2 - Manufacturing employment as a proportion of total employment (%)","2019",16.265,,,"Repository: ILO-STATISTICS - Micro data processing"
"Republic of Korea","LFS - Economically Active Population Survey","SDG indicator 9.2.2 - Manufacturing employment as a proportion of total employment (%)","2018",16.75,,,"Repository: ILO-STATISTICS - Micro data processing"
"Republic of Korea","LFS - Economically Active Population Survey","SDG indicator 9.2.2 - Manufacturing employment as a proportion of total employment (%)","2017",17.013,,,"Repository: ILO-STATISTICS - Micro data processing"
"Republic of Korea","LFS - Economically Active Population Survey","SDG indicator 9.2.2 - Manufacturing employment as a proportion of total employment (%)","2016",17.288,,,"Repository: ILO-STATISTICS - Micro data processing"
"Republic of Korea","LFS - Economically Active Population Survey","SDG indicator 9.2.2 - Manufacturing employment as a proportion of total employment (%)","2015",17.5,"Break in series","Break in series: Methodology revised","Repository: ILO-STATISTICS - Micro data processing"
"Republic of Korea","LFS - Economically Active Population Survey","SDG indicator 9.2.2 - Manufacturing employment as a proportion of total employment (%)","2014",17.081,,,"Repository: ILO-STATISTICS - Micro data processing"
"Kosovo","LFS - Labour Force Survey","SDG indicator 9.2.2 - Manufacturing employment as a proportion of total employment (%)","2023",9.055,,,"Repository: ILO-STATISTICS - Micro data processing"
"Kosovo","LFS - Labour Force Survey","SDG indicator 9.2.2 - Manufacturing employment as a proportion of total employment (%)","2022",8.725,,,"Repository: ILO-STATISTICS - Micro data processing"
"Kosovo","LFS - Labour Force Survey","SDG indicator 9.2.2 - Manufacturing employment as a proportion of total employment (%)","2021",10.258,,,"Repository: ILO-STATISTICS - Micro data processing"
"Kosovo","LFS - Labour Force Survey","SDG indicator 9.2.2 - Manufacturing employment as a proportion of total employment (%)","2020",11.812,"Break in series","Break in series: Methodology revised","Repository: ILO-STATISTICS - Micro data processing"
"Kosovo","LFS - Labour Force Survey","SDG indicator 9.2.2 - Manufacturing employment as a proportion of total employment (%)","2019",11.725,"Break in series","Break in series: Methodology revised","Repository: ILO-STATISTICS - Micro data processing"
"Kosovo","LFS - Labour Force Survey","SDG indicator 9.2.2 - Manufacturing employment as a proportion of total employment (%)","2018",9.764,,,"Repository: ILO-STATISTICS - Micro data processing"
"Kosovo","LFS - Labour Force Survey","SDG indicator 9.2.2 - Manufacturing employment as a proportion of total employment (%)","2017",13.177,,,"Repository: ILO-STATISTICS - Micro data processing"
"Kosovo","LFS - Labour Force Survey","SDG indicator 9.2.2 - Manufacturing employment as a proportion of total employment (%)","2016",13.239,,,"Repository: ILO-STATISTICS - Micro data processing"
"Kosovo","LFS - Labour Force Survey","SDG indicator 9.2.2 - Manufacturing employment as a proportion of total employment (%)","2015",14.701,,,"Repository: ILO-STATISTICS - Micro data processing"
"Kosovo","LFS - Labour Force Survey","SDG indicator 9.2.2 - Manufacturing employment as a proportion of total employment (%)","2014",13.786,,,"Repository: ILO-STATISTICS - Micro data processing"
"Kuwait","OE - Official Estimates","SDG indicator 9.2.2 - Manufacturing employment as a proportion of total employment (%)","2017",5.646,,,"Data reference period: December"
"Kuwait","LFS - Labour Force Sample Survey","SDG indicator 9.2.2 - Manufacturing employment as a proportion of total employment (%)","2016",19.791,,,"Employment definition: Excluding own-use production workers | Data reference period: Fourth quarter | Population coverage: Excluding armed forces and/or conscripts"
"Lao People's Democratic Republic","LFS - Labour Force Survey","SDG indicator 9.2.2 - Manufacturing employment as a proportion of total employment (%)","2022",3.362,"Break in series","Break in series: Methodology revised","Repository: ILO-STATISTICS - Micro data processing"
"Lao People's Democratic Republic","LFS - Labour Force Survey","SDG indicator 9.2.2 - Manufacturing employment as a proportion of total employment (%)","2017",5.07,"Break in series","Break in series: Methodology revised","Repository: ILO-STATISTICS - Micro data processing"
"Lebanon","LFS - Labour Force Survey","SDG indicator 9.2.2 - Manufacturing employment as a proportion of total employment (%)","2019",10.848,"Break in series","Break in series: Methodology revised","Repository: ILO-STATISTICS - Micro data processing"
"Liberia","LFS - Labour Force Survey","SDG indicator 9.2.2 - Manufacturing employment as a proportion of total employment (%)","2017",1.727,"Break in series","Break in series: Methodology revised","Repository: ILO-STATISTICS - Micro data processing"
"Saint Lucia","LFS - Labour Force Survey","SDG indicator 9.2.2 - Manufacturing employment as a proportion of total employment (%)","2023",4.495,,,"Repository: ILO-STATISTICS - Micro data processing"
"Saint Lucia","LFS - Labour Force Survey","SDG indicator 9.2.2 - Manufacturing employment as a proportion of total employment (%)","2022",6.044,,,"Repository: ILO-STATISTICS - Micro data processing"
"Saint Lucia","LFS - Labour Force Survey","SDG indicator 9.2.2 - Manufacturing employment as a proportion of total employment (%)","2021",5.962,,,"Repository: ILO-STATISTICS - Micro data processing"
"Saint Lucia","LFS - Labour Force Survey","SDG indicator 9.2.2 - Manufacturing employment as a proportion of total employment (%)","2020",4.877,,,"Repository: ILO-STATISTICS - Micro data processing"
"Saint Lucia","LFS - Labour Force Survey","SDG indicator 9.2.2 - Manufacturing employment as a proportion of total employment (%)","2019",5.138,,,"Repository: ILO-STATISTICS - Micro data processing"
"Saint Lucia","LFS - Labour Force Survey","SDG indicator 9.2.2 - Manufacturing employment as a proportion of total employment (%)","2018",5.383,,,"Repository: ILO-STATISTICS - Micro data processing"
"Saint Lucia","LFS - Labour Force Survey","SDG indicator 9.2.2 - Manufacturing employment as a proportion of total employment (%)","2017",5.564,"Break in series","Break in series: Methodology revised","Repository: ILO-STATISTICS - Micro data processing"
"Sri Lanka","LFS - Labour Force Survey","SDG indicator 9.2.2 - Manufacturing employment as a proportion of total employment (%)","2022",17.291,,,"Repository: ILO-STATISTICS - Micro data processing"
"Sri Lanka","LFS - Labour Force Survey","SDG indicator 9.2.2 - Manufacturing employment as a proportion of total employment (%)","2021",16.791,,,"Repository: ILO-STATISTICS - Micro data processing"
"Sri Lanka","LFS - Labour Force Survey","SDG indicator 9.2.2 - Manufacturing employment as a proportion of total employment (%)","2020",17.473,,,"Repository: ILO-STATISTICS - Micro data processing"
"Sri Lanka","LFS - Labour Force Survey","SDG indicator 9.2.2 - Manufacturing employment as a proportion of total employment (%)","2019",18.389,,,"Repository: ILO-STATISTICS - Micro data processing"
"Sri Lanka","LFS - Labour Force Survey","SDG indicator 9.2.2 - Manufacturing employment as a proportion of total employment (%)","2018",18.264,,,"Repository: ILO-STATISTICS - Micro data processing"
"Sri Lanka","LFS - Labour Force Survey","SDG indicator 9.2.2 - Manufacturing employment as a proportion of total employment (%)","2017",19.26,,,"Repository: ILO-STATISTICS - Micro data processing"
"Sri Lanka","LFS - Labour Force Survey","SDG indicator 9.2.2 - Manufacturing employment as a proportion of total employment (%)","2016",17.875,,,"Repository: ILO-STATISTICS - Micro data processing"
"Sri Lanka","LFS - Labour Force Survey","SDG indicator 9.2.2 - Manufacturing employment as a proportion of total employment (%)","2015",17.979,,,"Repository: ILO-STATISTICS - Micro data processing"
"Sri Lanka","LFS - Labour Force Survey","SDG indicator 9.2.2 - Manufacturing employment as a proportion of total employment (%)","2014",18.185,,,"Repository: ILO-STATISTICS - Micro data processing"
"Lesotho","LFS - Integrated Labour Force Survey","SDG indicator 9.2.2 - Manufacturing employment as a proportion of total employment (%)","2019",22.559,,,"Repository: ILO-STATISTICS - Micro data processing"
"Lithuania","LFS - EU Labour Force Survey","SDG indicator 9.2.2 - Manufacturing employment as a proportion of total employment (%)","2023",15.918,,,"Repository: ILO-STATISTICS - Micro data processing"
"Lithuania","LFS - EU Labour Force Survey","SDG indicator 9.2.2 - Manufacturing employment as a proportion of total employment (%)","2022",15.738,,,"Repository: ILO-STATISTICS - Micro data processing"
"Lithuania","LFS - EU Labour Force Survey","SDG indicator 9.2.2 - Manufacturing employment as a proportion of total employment (%)","2021",16.552,,,"Repository: ILO-STATISTICS - Micro data processing"
"Lithuania","LFS - EU Labour Force Survey","SDG indicator 9.2.2 - Manufacturing employment as a proportion of total employment (%)","2020",15.809,,,"Repository: ILO-STATISTICS - Micro data processing"
"Lithuania","LFS - EU Labour Force Survey","SDG indicator 9.2.2 - Manufacturing employment as a proportion of total employment (%)","2019",15.877,,,"Repository: ILO-STATISTICS - Micro data processing"
"Lithuania","LFS - EU Labour Force Survey","SDG indicator 9.2.2 - Manufacturing employment as a proportion of total employment (%)","2018",15.985,,,"Repository: ILO-STATISTICS - Micro data processing"
"Lithuania","LFS - EU Labour Force Survey","SDG indicator 9.2.2 - Manufacturing employment as a proportion of total employment (%)","2017",15.406,,,"Repository: ILO-STATISTICS - Micro data processing"
"Lithuania","LFS - EU Labour Force Survey","SDG indicator 9.2.2 - Manufacturing employment as a proportion of total employment (%)","2016",15.441,,,"Repository: ILO-STATISTICS - Micro data processing"
"Lithuania","LFS - EU Labour Force Survey","SDG indicator 9.2.2 - Manufacturing employment as a proportion of total employment (%)","2015",15.193,,,"Repository: ILO-STATISTICS - Micro data processing"
"Lithuania","LFS - EU Labour Force Survey","SDG indicator 9.2.2 - Manufacturing employment as a proportion of total employment (%)","2014",15.061,,,"Repository: ILO-STATISTICS - Micro data processing"
"Luxembourg","LFS - EU Labour Force Survey","SDG indicator 9.2.2 - Manufacturing employment as a proportion of total employment (%)","2023",2.868,,,"Repository: ILO-STATISTICS - Micro data processing"
"Luxembourg","LFS - EU Labour Force Survey","SDG indicator 9.2.2 - Manufacturing employment as a proportion of total employment (%)","2022",3.023,,,"Repository: ILO-STATISTICS - Micro data processing"
"Luxembourg","LFS - EU Labour Force Survey","SDG indicator 9.2.2 - Manufacturing employment as a proportion of total employment (%)","2021",3.211,,,"Repository: ILO-STATISTICS - Micro data processing"
"Luxembourg","LFS - EU Labour Force Survey","SDG indicator 9.2.2 - Manufacturing employment as a proportion of total employment (%)","2020",3.292,,,"Repository: ILO-STATISTICS - Micro data processing"
"Luxembourg","LFS - EU Labour Force Survey","SDG indicator 9.2.2 - Manufacturing employment as a proportion of total employment (%)","2019",3.455,,,"Repository: ILO-STATISTICS - Micro data processing"
"Luxembourg","LFS - EU Labour Force Survey","SDG indicator 9.2.2 - Manufacturing employment as a proportion of total employment (%)","2018",4.446,,,"Repository: ILO-STATISTICS - Micro data processing"
"Luxembourg","LFS - EU Labour Force Survey","SDG indicator 9.2.2 - Manufacturing employment as a proportion of total employment (%)","2017",3.419,,,"Repository: ILO-STATISTICS - Micro data processing"
"Luxembourg","LFS - EU Labour Force Survey","SDG indicator 9.2.2 - Manufacturing employment as a proportion of total employment (%)","2016",4.12,,,"Repository: ILO-STATISTICS - Micro data processing"
"Luxembourg","LFS - EU Labour Force Survey","SDG indicator 9.2.2 - Manufacturing employment as a proportion of total employment (%)","2015",4.342,,,"Repository: ILO-STATISTICS - Micro data processing"
"Luxembourg","LFS - EU Labour Force Survey","SDG indicator 9.2.2 - Manufacturing employment as a proportion of total employment (%)","2014",5.46,,,"Repository: ILO-STATISTICS - Micro data processing"
"Latvia","LFS - EU Labour Force Survey","SDG indicator 9.2.2 - Manufacturing employment as a proportion of total employment (%)","2023",13.188,,,"Repository: ILO-STATISTICS - Micro data processing"
"Latvia","LFS - EU Labour Force Survey","SDG indicator 9.2.2 - Manufacturing employment as a proportion of total employment (%)","2022",13.309,,,"Repository: ILO-STATISTICS - Micro data processing"
"Latvia","LFS - EU Labour Force Survey","SDG indicator 9.2.2 - Manufacturing employment as a proportion of total employment (%)","2021",13.385,,,"Repository: ILO-STATISTICS - Micro data processing"
"Latvia","LFS - EU Labour Force Survey","SDG indicator 9.2.2 - Manufacturing employment as a proportion of total employment (%)","2020",11.569,,,"Repository: ILO-STATISTICS - Micro data processing"
"Latvia","LFS - EU Labour Force Survey","SDG indicator 9.2.2 - Manufacturing employment as a proportion of total employment (%)","2019",13.15,,,"Repository: ILO-STATISTICS - Micro data processing"
"Latvia","LFS - EU Labour Force Survey","SDG indicator 9.2.2 - Manufacturing employment as a proportion of total employment (%)","2018",12.374,,,"Repository: ILO-STATISTICS - Micro data processing"
"Latvia","LFS - EU Labour Force Survey","SDG indicator 9.2.2 - Manufacturing employment as a proportion of total employment (%)","2017",13.171,,,"Repository: ILO-STATISTICS - Micro data processing"
"Latvia","LFS - EU Labour Force Survey","SDG indicator 9.2.2 - Manufacturing employment as a proportion of total employment (%)","2016",13.825,,,"Repository: ILO-STATISTICS - Micro data processing"
"Latvia","LFS - EU Labour Force Survey","SDG indicator 9.2.2 - Manufacturing employment as a proportion of total employment (%)","2015",12.984,,,"Repository: ILO-STATISTICS - Micro data processing"
"Latvia","LFS - EU Labour Force Survey","SDG indicator 9.2.2 - Manufacturing employment as a proportion of total employment (%)","2014",13.433,,,"Repository: ILO-STATISTICS - Micro data processing"
"Macao, China","LFS - Employment Survey","SDG indicator 9.2.2 - Manufacturing employment as a proportion of total employment (%)","2020",1.614,,,"Age coverage - minimum age: 16 years old"
"Macao, China","LFS - Employment Survey","SDG indicator 9.2.2 - Manufacturing employment as a proportion of total employment (%)","2019",1.618,,,"Age coverage - minimum age: 16 years old"
"Macao, China","LFS - Employment Survey","SDG indicator 9.2.2 - Manufacturing employment as a proportion of total employment (%)","2018",1.654,,,"Age coverage - minimum age: 16 years old"
"Macao, China","LFS - Employment Survey","SDG indicator 9.2.2 - Manufacturing employment as a proportion of total employment (%)","2017",1.718,,,"Age coverage - minimum age: 16 years old"
"Macao, China","LFS - Employment Survey","SDG indicator 9.2.2 - Manufacturing employment as a proportion of total employment (%)","2016",2.034,,,"Age coverage - minimum age: 16 years old"
"Macao, China","LFS - Employment Survey","SDG indicator 9.2.2 - Manufacturing employment as a proportion of total employment (%)","2015",1.722,,,"Age coverage - minimum age: 16 years old"
"Macao, China","LFS - Employment Survey","SDG indicator 9.2.2 - Manufacturing employment as a proportion of total employment (%)","2014",1.907,,,"Age coverage - minimum age: 16 years old"
"Morocco","LFS - National Employment Survey","SDG indicator 9.2.2 - Manufacturing employment as a proportion of total employment (%)","2022",11.019,,,"Employment definition: Excluding own-use production workers"
"Morocco","LFS - National Employment Survey","SDG indicator 9.2.2 - Manufacturing employment as a proportion of total employment (%)","2021",10.804,,,"Employment definition: Excluding own-use production workers"
"Morocco","PC - Population Census","SDG indicator 9.2.2 - Manufacturing employment as a proportion of total employment (%)","2014",11.415,,,"Repository: ILO-STATISTICS - Micro data processing"
"Republic of Moldova","LFS - Labour Force Survey","SDG indicator 9.2.2 - Manufacturing employment as a proportion of total employment (%)","2023",7.555,,,"Repository: ILO-STATISTICS - Micro data processing"
"Republic of Moldova","LFS - Labour Force Survey","SDG indicator 9.2.2 - Manufacturing employment as a proportion of total employment (%)","2022",6.959,,,"Repository: ILO-STATISTICS - Micro data processing"
"Republic of Moldova","LFS - Labour Force Survey","SDG indicator 9.2.2 - Manufacturing employment as a proportion of total employment (%)","2021",6.606,,,"Repository: ILO-STATISTICS - Micro data processing"
"Republic of Moldova","LFS - Labour Force Survey","SDG indicator 9.2.2 - Manufacturing employment as a proportion of total employment (%)","2020",6.575,,,"Repository: ILO-STATISTICS - Micro data processing"
"Republic of Moldova","LFS - Labour Force Survey","SDG indicator 9.2.2 - Manufacturing employment as a proportion of total employment (%)","2019",7.104,,,"Repository: ILO-STATISTICS - Micro data processing"
"Republic of Moldova","LFS - Labour Force Survey","SDG indicator 9.2.2 - Manufacturing employment as a proportion of total employment (%)","2018",6.061,,,"Repository: ILO-STATISTICS - Micro data processing"
"Republic of Moldova","LFS - Labour Force Survey","SDG indicator 9.2.2 - Manufacturing employment as a proportion of total employment (%)","2017",5.637,,,"Repository: ILO-STATISTICS - Micro data processing"
"Republic of Moldova","LFS - Labour Force Survey","SDG indicator 9.2.2 - Manufacturing employment as a proportion of total employment (%)","2016",5.924,,,"Repository: ILO-STATISTICS - Micro data processing"
"Republic of Moldova","LFS - Labour Force Survey","SDG indicator 9.2.2 - Manufacturing employment as a proportion of total employment (%)","2015",5.88,,,"Repository: ILO-STATISTICS - Micro data processing"
"Republic of Moldova","LFS - Labour Force Survey","SDG indicator 9.2.2 - Manufacturing employment as a proportion of total employment (%)","2014",5.921,,,"Repository: ILO-STATISTICS - Micro data processing"
"Madagascar","HS - Periodic Household Survey","SDG indicator 9.2.2 - Manufacturing employment as a proportion of total employment (%)","2022",5.395,"Break in series","Break in series: Methodology revised","Repository: ILO-STATISTICS - Micro data processing"
"Madagascar","LFS - National Survey on Employment and the Informal Sector","SDG indicator 9.2.2 - Manufacturing employment as a proportion of total employment (%)","2015",6.661,,,"Repository: ILO-STATISTICS - Micro data processing"
"Maldives","HIES - Household Income and Expenditure Survey","SDG indicator 9.2.2 - Manufacturing employment as a proportion of total employment (%)","2019",9.723,,,"Repository: ILO-STATISTICS - Micro data processing"
"Maldives","HIES - Household Income and Expenditure Survey","SDG indicator 9.2.2 - Manufacturing employment as a proportion of total employment (%)","2016",10.754,"Break in series","Break in series: Methodology revised","Repository: ILO-STATISTICS - Micro data processing"
"Maldives","PC - Population Census","SDG indicator 9.2.2 - Manufacturing employment as a proportion of total employment (%)","2014",11.233,,,"Repository: ILO-STATISTICS - Micro data processing"
"Mexico","LFS - National Occupation and Employment Survey","SDG indicator 9.2.2 - Manufacturing employment as a proportion of total employment (%)","2023",16.637,,,"Repository: ILO-STATISTICS - Micro data processing"
"Mexico","LFS - National Occupation and Employment Survey","SDG indicator 9.2.2 - Manufacturing employment as a proportion of total employment (%)","2022",16.654,,,"Repository: ILO-STATISTICS - Micro data processing"
"Mexico","LFS - National Occupation and Employment Survey","SDG indicator 9.2.2 - Manufacturing employment as a proportion of total employment (%)","2021",16.586,,,"Repository: ILO-STATISTICS - Micro data processing"
"Mexico","LFS - National Occupation and Employment Survey","SDG indicator 9.2.2 - Manufacturing employment as a proportion of total employment (%)","2020",16.571,"Break in series","Break in series: Methodology revised","Repository: ILO-STATISTICS - Micro data processing"
"Mexico","LFS - National Occupation and Employment Survey","SDG indicator 9.2.2 - Manufacturing employment as a proportion of total employment (%)","2019",16.854,,,"Repository: ILO-STATISTICS - Micro data processing"
"Mexico","LFS - National Occupation and Employment Survey","SDG indicator 9.2.2 - Manufacturing employment as a proportion of total employment (%)","2018",16.92,,,"Repository: ILO-STATISTICS - Micro data processing"
"Mexico","LFS - National Occupation and Employment Survey","SDG indicator 9.2.2 - Manufacturing employment as a proportion of total employment (%)","2017",16.855,,,"Repository: ILO-STATISTICS - Micro data processing"
"Mexico","LFS - National Occupation and Employment Survey","SDG indicator 9.2.2 - Manufacturing employment as a proportion of total employment (%)","2016",16.536,,,"Repository: ILO-STATISTICS - Micro data processing"
"Mexico","LFS - National Occupation and Employment Survey","SDG indicator 9.2.2 - Manufacturing employment as a proportion of total employment (%)","2015",16.227,,,"Repository: ILO-STATISTICS - Micro data processing"
"Mexico","LFS - National Occupation and Employment Survey","SDG indicator 9.2.2 - Manufacturing employment as a proportion of total employment (%)","2014",16.175,,,"Repository: ILO-STATISTICS - Micro data processing"
"Marshall Islands","PC - Population Census","SDG indicator 9.2.2 - Manufacturing employment as a proportion of total employment (%)","2021",4.261,"Break in series","Break in series: Methodology revised","Repository: ILO-STATISTICS - Micro data processing"
"Marshall Islands","HIES - Household Income and Expenditure Survey","SDG indicator 9.2.2 - Manufacturing employment as a proportion of total employment (%)","2019",3.143,,,"Repository: ILO-STATISTICS - Micro data processing"
"North Macedonia","LFS - Labour Force Survey","SDG indicator 9.2.2 - Manufacturing employment as a proportion of total employment (%)","2023",19.579,,,"Repository: ILO-STATISTICS - Micro data processing"
"North Macedonia","LFS - Labour Force Survey","SDG indicator 9.2.2 - Manufacturing employment as a proportion of total employment (%)","2022",19.703,,,"Repository: ILO-STATISTICS - Micro data processing"
"North Macedonia","LFS - Labour Force Survey","SDG indicator 9.2.2 - Manufacturing employment as a proportion of total employment (%)","2021",19.933,,,"Repository: ILO-STATISTICS - Micro data processing"
"North Macedonia","LFS - Labour Force Survey","SDG indicator 9.2.2 - Manufacturing employment as a proportion of total employment (%)","2020",20.014,,,"Repository: ILO-STATISTICS - Micro data processing"
"North Macedonia","LFS - Labour Force Survey","SDG indicator 9.2.2 - Manufacturing employment as a proportion of total employment (%)","2019",19.912,,,"Repository: ILO-STATISTICS - Micro data processing"
"North Macedonia","LFS - Labour Force Survey","SDG indicator 9.2.2 - Manufacturing employment as a proportion of total employment (%)","2018",20.133,,,"Repository: ILO-STATISTICS - Micro data processing"
"North Macedonia","LFS - Labour Force Survey","SDG indicator 9.2.2 - Manufacturing employment as a proportion of total employment (%)","2017",19.501,,,"Repository: ILO-STATISTICS - Micro data processing"
"North Macedonia","LFS - Labour Force Survey","SDG indicator 9.2.2 - Manufacturing employment as a proportion of total employment (%)","2016",19.088,,,"Repository: ILO-STATISTICS - Micro data processing"
"North Macedonia","LFS - Labour Force Survey","SDG indicator 9.2.2 - Manufacturing employment as a proportion of total employment (%)","2015",19.435,,,"Repository: ILO-STATISTICS - Micro data processing"
"North Macedonia","LFS - Labour Force Survey","SDG indicator 9.2.2 - Manufacturing employment as a proportion of total employment (%)","2014",19.26,,,"Repository: ILO-STATISTICS - Micro data processing"
"Mali","HIES - Harmonized Survey on Household Living Conditions","SDG indicator 9.2.2 - Manufacturing employment as a proportion of total employment (%)","2022",4.841,,,"Repository: ILO-STATISTICS - Micro data processing"
"Mali","LFS - Continous Household Employment Survey","SDG indicator 9.2.2 - Manufacturing employment as a proportion of total employment (%)","2020",6.524,,,"Repository: ILO-STATISTICS - Micro data processing"
"Mali","HIES - Harmonized Survey on Household Living Conditions","SDG indicator 9.2.2 - Manufacturing employment as a proportion of total employment (%)","2019",5.29,,,"Repository: ILO-STATISTICS - Micro data processing"
"Mali","LFS - Continous Household Employment Survey","SDG indicator 9.2.2 - Manufacturing employment as a proportion of total employment (%)","2018",4.231,,,"Repository: ILO-STATISTICS - Micro data processing"
"Mali","LFS - Continous Household Employment Survey","SDG indicator 9.2.2 - Manufacturing employment as a proportion of total employment (%)","2017",5.204,,,"Repository: ILO-STATISTICS - Micro data processing"
"Mali","LFS - Continous Household Employment Survey","SDG indicator 9.2.2 - Manufacturing employment as a proportion of total employment (%)","2016",3.862,,,"Repository: ILO-STATISTICS - Micro data processing"
"Mali","LFS - Continous Household Employment Survey","SDG indicator 9.2.2 - Manufacturing employment as a proportion of total employment (%)","2015",4.782,,,"Repository: ILO-STATISTICS - Micro data processing"
"Mali","LFS - Continous Household Employment Survey","SDG indicator 9.2.2 - Manufacturing employment as a proportion of total employment (%)","2014",4.957,"Break in series","Break in series: Methodology revised","Repository: ILO-STATISTICS - Micro data processing"
"Malta","LFS - Labour Force Survey","SDG indicator 9.2.2 - Manufacturing employment as a proportion of total employment (%)","2023",10.597,,,"Repository: ILO-STATISTICS - Micro data processing"
"Malta","LFS - Labour Force Survey","SDG indicator 9.2.2 - Manufacturing employment as a proportion of total employment (%)","2022",9.799,,,"Repository: ILO-STATISTICS - Micro data processing"
"Malta","LFS - Labour Force Survey","SDG indicator 9.2.2 - Manufacturing employment as a proportion of total employment (%)","2021",11.022,,,"Repository: ILO-STATISTICS - Micro data processing"
"Malta","LFS - Labour Force Survey","SDG indicator 9.2.2 - Manufacturing employment as a proportion of total employment (%)","2020",11.196,,,"Repository: ILO-STATISTICS - Micro data processing"
"Malta","LFS - Labour Force Survey","SDG indicator 9.2.2 - Manufacturing employment as a proportion of total employment (%)","2019",11.071,,,"Repository: ILO-STATISTICS - Micro data processing"
"Malta","LFS - Labour Force Survey","SDG indicator 9.2.2 - Manufacturing employment as a proportion of total employment (%)","2018",11.363,,,"Repository: ILO-STATISTICS - Micro data processing"
"Malta","LFS - Labour Force Survey","SDG indicator 9.2.2 - Manufacturing employment as a proportion of total employment (%)","2017",11.829,,,"Repository: ILO-STATISTICS - Micro data processing"
"Malta","LFS - Labour Force Survey","SDG indicator 9.2.2 - Manufacturing employment as a proportion of total employment (%)","2016",11.978,,,"Repository: ILO-STATISTICS - Micro data processing"
"Malta","LFS - Labour Force Survey","SDG indicator 9.2.2 - Manufacturing employment as a proportion of total employment (%)","2015",12.388,,,"Repository: ILO-STATISTICS - Micro data processing"
"Malta","LFS - Labour Force Survey","SDG indicator 9.2.2 - Manufacturing employment as a proportion of total employment (%)","2014",12.769,,,"Repository: ILO-STATISTICS - Micro data processing"
"Myanmar","LFS - Labour Force Survey","SDG indicator 9.2.2 - Manufacturing employment as a proportion of total employment (%)","2020",12.179,,,"Repository: ILO-STATISTICS - Micro data processing | Data reference period: First semester"
"Myanmar","LFS - Labour Force Survey","SDG indicator 9.2.2 - Manufacturing employment as a proportion of total employment (%)","2019",10.35,,,"Repository: ILO-STATISTICS - Micro data processing"
"Myanmar","LFS - Labour Force Survey","SDG indicator 9.2.2 - Manufacturing employment as a proportion of total employment (%)","2018",10.967,,,"Repository: ILO-STATISTICS - Micro data processing"
"Myanmar","LFS - Labour Force Survey","SDG indicator 9.2.2 - Manufacturing employment as a proportion of total employment (%)","2017",10.314,"Break in series","Break in series: Methodology revised","Repository: ILO-STATISTICS - Micro data processing"
"Myanmar","LFS - Labour Force Survey","SDG indicator 9.2.2 - Manufacturing employment as a proportion of total employment (%)","2015",10.869,"Break in series","Break in series: Methodology revised","Repository: ILO-STATISTICS - Micro data processing"
"Montenegro","LFS - Labour Force Survey","SDG indicator 9.2.2 - Manufacturing employment as a proportion of total employment (%)","2023",6.101,,,"Repository: ILO-STATISTICS - Micro data processing"
"Montenegro","LFS - Labour Force Survey","SDG indicator 9.2.2 - Manufacturing employment as a proportion of total employment (%)","2022",6.209,,,"Repository: ILO-STATISTICS - Micro data processing"
"Montenegro","LFS - Labour Force Survey","SDG indicator 9.2.2 - Manufacturing employment as a proportion of total employment (%)","2021",5.945,,,"Repository: ILO-STATISTICS - Micro data processing"
"Montenegro","LFS - Labour Force Survey","SDG indicator 9.2.2 - Manufacturing employment as a proportion of total employment (%)","2020",6.103,,,"Repository: ILO-STATISTICS - Micro data processing"
"Montenegro","LFS - Labour Force Survey","SDG indicator 9.2.2 - Manufacturing employment as a proportion of total employment (%)","2019",5.974,,,"Repository: ILO-STATISTICS - Micro data processing"
"Montenegro","LFS - Labour Force Survey","SDG indicator 9.2.2 - Manufacturing employment as a proportion of total employment (%)","2018",6.075,,,"Repository: ILO-STATISTICS - Micro data processing"
"Montenegro","LFS - Labour Force Survey","SDG indicator 9.2.2 - Manufacturing employment as a proportion of total employment (%)","2017",5.519,,,"Repository: ILO-STATISTICS - Micro data processing"
"Montenegro","LFS - Labour Force Survey","SDG indicator 9.2.2 - Manufacturing employment as a proportion of total employment (%)","2016",5.616,,,"Repository: ILO-STATISTICS - Micro data processing"
"Montenegro","LFS - Labour Force Survey","SDG indicator 9.2.2 - Manufacturing employment as a proportion of total employment (%)","2015",6.678,,,"Repository: ILO-STATISTICS - Micro data processing"
"Montenegro","LFS - Labour Force Survey","SDG indicator 9.2.2 - Manufacturing employment as a proportion of total employment (%)","2014",6.611,,,"Repository: ILO-STATISTICS - Micro data processing"
"Mongolia","LFS - Labour Force Survey","SDG indicator 9.2.2 - Manufacturing employment as a proportion of total employment (%)","2023",8.262,,,"Repository: ILO-STATISTICS - Micro data processing"
"Mongolia","LFS - Labour Force Survey","SDG indicator 9.2.2 - Manufacturing employment as a proportion of total employment (%)","2022",9.001,,,"Repository: ILO-STATISTICS - Micro data processing"
"Mongolia","LFS - Labour Force Survey","SDG indicator 9.2.2 - Manufacturing employment as a proportion of total employment (%)","2021",7.146,,,"Repository: ILO-STATISTICS - Micro data processing"
"Mongolia","LFS - Labour Force Survey","SDG indicator 9.2.2 - Manufacturing employment as a proportion of total employment (%)","2020",7.155,,,"Repository: ILO-STATISTICS - Micro data processing"
"Mongolia","LFS - Labour Force Survey","SDG indicator 9.2.2 - Manufacturing employment as a proportion of total employment (%)","2019",7.231,"Break in series","Break in series: Methodology revised","Repository: ILO-STATISTICS - Micro data processing"
"Mongolia","LFS - Labour Force Survey","SDG indicator 9.2.2 - Manufacturing employment as a proportion of total employment (%)","2018",8.045,,,"Repository: ILO-STATISTICS - Micro data processing"
"Mongolia","LFS - Labour Force Survey","SDG indicator 9.2.2 - Manufacturing employment as a proportion of total employment (%)","2017",7.515,,,"Repository: ILO-STATISTICS - Micro data processing"
"Mongolia","LFS - Labour Force Survey","SDG indicator 9.2.2 - Manufacturing employment as a proportion of total employment (%)","2016",7.501,,,"Repository: ILO-STATISTICS - Micro data processing"
"Mongolia","LFS - Labour Force Survey","SDG indicator 9.2.2 - Manufacturing employment as a proportion of total employment (%)","2015",7.06,,,"Repository: ILO-STATISTICS - Micro data processing"
"Mongolia","LFS - Labour Force Survey","SDG indicator 9.2.2 - Manufacturing employment as a proportion of total employment (%)","2014",7.698,,,"Repository: ILO-STATISTICS - Micro data processing"
"Mozambique","HIES - Household Budget Survey","SDG indicator 9.2.2 - Manufacturing employment as a proportion of total employment (%)","2022",2.749,,,"Repository: ILO-STATISTICS - Micro data processing"
"Mozambique","HIES - Household Budget Survey","SDG indicator 9.2.2 - Manufacturing employment as a proportion of total employment (%)","2015",4.063,,,"Repository: ILO-STATISTICS - Micro data processing"
"Mauritania","HIES - Living Standards Survey","SDG indicator 9.2.2 - Manufacturing employment as a proportion of total employment (%)","2019",6.549,,,"Repository: ILO-STATISTICS - Micro data processing"
"Mauritania","LFS - National Reference Survey on Employment and Informal Sector","SDG indicator 9.2.2 - Manufacturing employment as a proportion of total employment (%)","2017",11.166,,,"Repository: ILO-STATISTICS - Micro data processing | Age coverage - maximum age: 75 years old"
"Montserrat","LFS - Labour Force Survey","SDG indicator 9.2.2 - Manufacturing employment as a proportion of total employment (%)","2020",2.537,,,"Repository: ILO-STATISTICS - Micro data processing"
"Mauritius","LFS - Continuous Multi-Purpose Household Survey","SDG indicator 9.2.2 - Manufacturing employment as a proportion of total employment (%)","2023",11.166,,,"Repository: ILO-STATISTICS - Micro data processing | Age coverage - minimum age: 16 years old"
"Mauritius","LFS - Continuous Multi-Purpose Household Survey","SDG indicator 9.2.2 - Manufacturing employment as a proportion of total employment (%)","2022",9.889,,,"Repository: ILO-STATISTICS - Micro data processing | Age coverage - minimum age: 16 years old"
"Mauritius","LFS - Continuous Multi-Purpose Household Survey","SDG indicator 9.2.2 - Manufacturing employment as a proportion of total employment (%)","2021",11.28,,,"Repository: ILO-STATISTICS - Micro data processing | Age coverage - minimum age: 16 years old"
"Mauritius","LFS - Continuous Multi-Purpose Household Survey","SDG indicator 9.2.2 - Manufacturing employment as a proportion of total employment (%)","2020",13.29,"Break in series","Break in series: Methodology revised","Repository: ILO-STATISTICS - Micro data processing | Age coverage - minimum age: 16 years old | Age coverage - maximum age: 64 years old"
"Mauritius","LFS - Continuous Multi-Purpose Household Survey","SDG indicator 9.2.2 - Manufacturing employment as a proportion of total employment (%)","2019",12.732,,,"Repository: ILO-STATISTICS - Micro data processing | Age coverage - minimum age: 16 years old"
"Mauritius","LFS - Continuous Multi-Purpose Household Survey","SDG indicator 9.2.2 - Manufacturing employment as a proportion of total employment (%)","2018",12.991,,,"Repository: ILO-STATISTICS - Micro data processing | Age coverage - minimum age: 16 years old"
"Mauritius","LFS - Continuous Multi-Purpose Household Survey","SDG indicator 9.2.2 - Manufacturing employment as a proportion of total employment (%)","2017",12.994,,,"Repository: ILO-STATISTICS - Micro data processing | Age coverage - minimum age: 16 years old"
"Mauritius","LFS - Continuous Multi-Purpose Household Survey","SDG indicator 9.2.2 - Manufacturing employment as a proportion of total employment (%)","2016",14.038,,,"Repository: ILO-STATISTICS - Micro data processing | Age coverage - minimum age: 16 years old"
"Mauritius","LFS - Continuous Multi-Purpose Household Survey","SDG indicator 9.2.2 - Manufacturing employment as a proportion of total employment (%)","2015",14.22,,,"Repository: ILO-STATISTICS - Micro data processing | Age coverage - minimum age: 16 years old"
"Mauritius","LFS - Continuous Multi-Purpose Household Survey","SDG indicator 9.2.2 - Manufacturing employment as a proportion of total employment (%)","2014",13.921,,,"Repository: ILO-STATISTICS - Micro data processing | Age coverage - minimum age: 16 years old"
"Malaysia","LFS - Labour Force Survey","SDG indicator 9.2.2 - Manufacturing employment as a proportion of total employment (%)","2022",16.832,,,"Employment definition: Excluding own-use production workers | Age coverage - maximum age: 64 years old"
"Malaysia","LFS - Labour Force Survey","SDG indicator 9.2.2 - Manufacturing employment as a proportion of total employment (%)","2021",16.605,,,"Employment definition: Excluding own-use production workers | Age coverage - maximum age: 64 years old"
"Malaysia","LFS - Labour Force Survey","SDG indicator 9.2.2 - Manufacturing employment as a proportion of total employment (%)","2020",16.701,,,"Employment definition: Excluding own-use production workers | Age coverage - maximum age: 64 years old"
"Malaysia","LFS - Labour Force Survey","SDG indicator 9.2.2 - Manufacturing employment as a proportion of total employment (%)","2019",17.79,,,"Employment definition: Excluding own-use production workers | Age coverage - maximum age: 64 years old"
"Malaysia","LFS - Labour Force Survey","SDG indicator 9.2.2 - Manufacturing employment as a proportion of total employment (%)","2018",16.919,,,"Employment definition: Excluding own-use production workers | Age coverage - maximum age: 64 years old"
"Malaysia","LFS - Labour Force Survey","SDG indicator 9.2.2 - Manufacturing employment as a proportion of total employment (%)","2017",17.361,,,"Employment definition: Excluding own-use production workers | Age coverage - maximum age: 64 years old"
"Malaysia","LFS - Labour Force Survey","SDG indicator 9.2.2 - Manufacturing employment as a proportion of total employment (%)","2016",16.878,,,"Population coverage: Excluding institutional population | Age coverage - maximum age: 64 years old"
"Malaysia","LFS - Labour Force Survey","SDG indicator 9.2.2 - Manufacturing employment as a proportion of total employment (%)","2015",16.511,,,"Population coverage: Excluding institutional population | Age coverage - maximum age: 64 years old"
"Namibia","LFS - Labour Force Survey","SDG indicator 9.2.2 - Manufacturing employment as a proportion of total employment (%)","2018",7.199,,,"Repository: ILO-STATISTICS - Micro data processing"
"Namibia","LFS - Labour Force Survey","SDG indicator 9.2.2 - Manufacturing employment as a proportion of total employment (%)","2016",6.551,,,"Repository: ILO-STATISTICS - Micro data processing"
"Namibia","LFS - Labour Force Survey","SDG indicator 9.2.2 - Manufacturing employment as a proportion of total employment (%)","2014",4.017,,,"Repository: ILO-STATISTICS - Micro data processing"
"New Caledonia","LFS - Labour Force Survey","SDG indicator 9.2.2 - Manufacturing employment as a proportion of total employment (%)","2020",3.356,,,"Repository: ILO-STATISTICS - Micro data processing"
"New Caledonia","LFS - Labour Force Survey","SDG indicator 9.2.2 - Manufacturing employment as a proportion of total employment (%)","2019",2.539,,,"Repository: ILO-STATISTICS - Micro data processing"
"New Caledonia","LFS - Labour Force Survey","SDG indicator 9.2.2 - Manufacturing employment as a proportion of total employment (%)","2018",2.708,,,"Repository: ILO-STATISTICS - Micro data processing"
"New Caledonia","LFS - Labour Force Survey","SDG indicator 9.2.2 - Manufacturing employment as a proportion of total employment (%)","2017",3.646,,,"Repository: ILO-STATISTICS - Micro data processing"
"New Caledonia","PC - Population Census","SDG indicator 9.2.2 - Manufacturing employment as a proportion of total employment (%)","2014",14.466,,,"Data reference period: August"
"Niger","HIES - National Survey on Household Living Conditions","SDG indicator 9.2.2 - Manufacturing employment as a proportion of total employment (%)","2022",7.654,,,"Repository: ILO-STATISTICS - Micro data processing"
"Niger","HIES - National Survey on Household Living Conditions","SDG indicator 9.2.2 - Manufacturing employment as a proportion of total employment (%)","2019",6.421,,,"Repository: ILO-STATISTICS - Micro data processing"
"Niger","LFS - National Survey on Employment and the Informal Sector","SDG indicator 9.2.2 - Manufacturing employment as a proportion of total employment (%)","2017",20.071,"Break in series","Break in series: Methodology revised","Repository: ILO-STATISTICS - Micro data processing"
"Nigeria","LFS - Unemployment, Under-employment Watch","SDG indicator 9.2.2 - Manufacturing employment as a proportion of total employment (%)","2023",12.876,"Break in series","Break in series: Methodology revised","Repository: ILO-STATISTICS - Micro data processing"
"Nigeria","LFS - Unemployment, Under-employment Watch","SDG indicator 9.2.2 - Manufacturing employment as a proportion of total employment (%)","2022",14.143,,,"Repository: ILO-STATISTICS - Micro data processing"
"Nigeria","HIES - Socio Economic Survey","SDG indicator 9.2.2 - Manufacturing employment as a proportion of total employment (%)","2019",10.74,"Break in series","Break in series: Methodology revised","Repository: ILO-STATISTICS - Micro data processing"
"Nicaragua","HIES - National Household Survey on Measuring Living Conditions","SDG indicator 9.2.2 - Manufacturing employment as a proportion of total employment (%)","2014",11.511,"Break in series","Break in series: Methodology revised","Repository: ILO-STATISTICS - Micro data processing"
"Niue","PC - Population Census","SDG indicator 9.2.2 - Manufacturing employment as a proportion of total employment (%)","2022",,"Unreliable",,"Repository: ILO-STATISTICS - Micro data processing"
"Niue","PC - Population Census","SDG indicator 9.2.2 - Manufacturing employment as a proportion of total employment (%)","2017",1.461,"Unreliable",,"Repository: ILO-STATISTICS - Micro data processing"
"Niue","HIES - Household Income and Expenditure Survey","SDG indicator 9.2.2 - Manufacturing employment as a proportion of total employment (%)","2015",3.192,"Unreliable",,"Repository: ILO-STATISTICS - Micro data processing"
"Netherlands","LFS - EU Labour Force Survey","SDG indicator 9.2.2 - Manufacturing employment as a proportion of total employment (%)","2023",8.203,,,"Repository: ILO-STATISTICS - Micro data processing"
"Netherlands","LFS - EU Labour Force Survey","SDG indicator 9.2.2 - Manufacturing employment as a proportion of total employment (%)","2022",8.476,,,"Repository: ILO-STATISTICS - Micro data processing"
"Netherlands","LFS - EU Labour Force Survey","SDG indicator 9.2.2 - Manufacturing employment as a proportion of total employment (%)","2021",8.427,,,"Repository: ILO-STATISTICS - Micro data processing"
"Netherlands","LFS - EU Labour Force Survey","SDG indicator 9.2.2 - Manufacturing employment as a proportion of total employment (%)","2020",8.984,,,"Repository: ILO-STATISTICS - Micro data processing"
"Netherlands","LFS - EU Labour Force Survey","SDG indicator 9.2.2 - Manufacturing employment as a proportion of total employment (%)","2019",8.987,,,"Repository: ILO-STATISTICS - Micro data processing"
"Netherlands","LFS - EU Labour Force Survey","SDG indicator 9.2.2 - Manufacturing employment as a proportion of total employment (%)","2018",9.32,,,"Repository: ILO-STATISTICS - Micro data processing"
"Netherlands","LFS - EU Labour Force Survey","SDG indicator 9.2.2 - Manufacturing employment as a proportion of total employment (%)","2017",9.478,,,"Repository: ILO-STATISTICS - Micro data processing"
"Netherlands","LFS - EU Labour Force Survey","SDG indicator 9.2.2 - Manufacturing employment as a proportion of total employment (%)","2016",9.29,,,"Repository: ILO-STATISTICS - Micro data processing"
"Netherlands","LFS - EU Labour Force Survey","SDG indicator 9.2.2 - Manufacturing employment as a proportion of total employment (%)","2015",9.507,,,"Repository: ILO-STATISTICS - Micro data processing"
"Netherlands","LFS - EU Labour Force Survey","SDG indicator 9.2.2 - Manufacturing employment as a proportion of total employment (%)","2014",9.176,,,"Repository: ILO-STATISTICS - Micro data processing"
"Norway","LFS - EU Labour Force Survey","SDG indicator 9.2.2 - Manufacturing employment as a proportion of total employment (%)","2023",7.046,,,"Repository: ILO-STATISTICS - Micro data processing"
"Norway","LFS - EU Labour Force Survey","SDG indicator 9.2.2 - Manufacturing employment as a proportion of total employment (%)","2022",7.087,,,"Repository: ILO-STATISTICS - Micro data processing"
"Norway","LFS - EU Labour Force Survey","SDG indicator 9.2.2 - Manufacturing employment as a proportion of total employment (%)","2021",7.115,,,"Repository: ILO-STATISTICS - Micro data processing"
"Norway","LFS - EU Labour Force Survey","SDG indicator 9.2.2 - Manufacturing employment as a proportion of total employment (%)","2020",7.631,,,"Repository: ILO-STATISTICS - Micro data processing"
"Norway","LFS - EU Labour Force Survey","SDG indicator 9.2.2 - Manufacturing employment as a proportion of total employment (%)","2019",7.673,,,"Repository: ILO-STATISTICS - Micro data processing"
"Norway","LFS - EU Labour Force Survey","SDG indicator 9.2.2 - Manufacturing employment as a proportion of total employment (%)","2018",7.606,,,"Repository: ILO-STATISTICS - Micro data processing"
"Norway","LFS - EU Labour Force Survey","SDG indicator 9.2.2 - Manufacturing employment as a proportion of total employment (%)","2017",8.262,,,"Repository: ILO-STATISTICS - Micro data processing"
"Norway","LFS - EU Labour Force Survey","SDG indicator 9.2.2 - Manufacturing employment as a proportion of total employment (%)","2016",7.985,,,"Repository: ILO-STATISTICS - Micro data processing"
"Norway","LFS - EU Labour Force Survey","SDG indicator 9.2.2 - Manufacturing employment as a proportion of total employment (%)","2015",8.523,,,"Repository: ILO-STATISTICS - Micro data processing"
"Norway","LFS - EU Labour Force Survey","SDG indicator 9.2.2 - Manufacturing employment as a proportion of total employment (%)","2014",9.125,,,"Repository: ILO-STATISTICS - Micro data processing"
"Nepal","LFS - Labour Force Survey","SDG indicator 9.2.2 - Manufacturing employment as a proportion of total employment (%)","2017",14.489,"Break in series","Break in series: Methodology revised","Repository: ILO-STATISTICS - Micro data processing"
"Nauru","PC - Population Census","SDG indicator 9.2.2 - Manufacturing employment as a proportion of total employment (%)","2021",1.393,,,"Repository: ILO-STATISTICS - Micro data processing"
"New Zealand","LFS - Household Labour Force Survey","SDG indicator 9.2.2 - Manufacturing employment as a proportion of total employment (%)","2023",8.591,,,
"New Zealand","LFS - Household Labour Force Survey","SDG indicator 9.2.2 - Manufacturing employment as a proportion of total employment (%)","2022",8.918,,,
"New Zealand","LFS - Household Labour Force Survey","SDG indicator 9.2.2 - Manufacturing employment as a proportion of total employment (%)","2021",8.737,,,
"New Zealand","LFS - Household Labour Force Survey","SDG indicator 9.2.2 - Manufacturing employment as a proportion of total employment (%)","2020",9.232,,,
"New Zealand","LFS - Household Labour Force Survey","SDG indicator 9.2.2 - Manufacturing employment as a proportion of total employment (%)","2019",9.135,,,
"New Zealand","LFS - Household Labour Force Survey","SDG indicator 9.2.2 - Manufacturing employment as a proportion of total employment (%)","2018",9.583,,,
"New Zealand","LFS - Household Labour Force Survey","SDG indicator 9.2.2 - Manufacturing employment as a proportion of total employment (%)","2017",9.908,,,
"New Zealand","LFS - Household Labour Force Survey","SDG indicator 9.2.2 - Manufacturing employment as a proportion of total employment (%)","2016",9.913,,,
"New Zealand","LFS - Household Labour Force Survey","SDG indicator 9.2.2 - Manufacturing employment as a proportion of total employment (%)","2015",11.188,,,"Geographical coverage: Total national, excluding overseas territories | Population coverage: Excluding both institutional population and armed forces and/or conscripts"
"New Zealand","LFS - Household Labour Force Survey","SDG indicator 9.2.2 - Manufacturing employment as a proportion of total employment (%)","2014",10.901,,,"Geographical coverage: Total national, excluding overseas territories | Population coverage: Excluding both institutional population and armed forces and/or conscripts"
"Oman","OE - Official Estimates","SDG indicator 9.2.2 - Manufacturing employment as a proportion of total employment (%)","2021",13.181,,,"Employment definition: Excluding own-use production workers | Population coverage: Excluding armed forces and/or conscripts"
"Oman","OE - Official Estimates","SDG indicator 9.2.2 - Manufacturing employment as a proportion of total employment (%)","2020",10.704,,,"Employment definition: Excluding own-use production workers | Population coverage: Excluding armed forces and/or conscripts | Age coverage - maximum age: 65 years old"
"Oman","OE - Official Estimates","SDG indicator 9.2.2 - Manufacturing employment as a proportion of total employment (%)","2018",11.956,,,"Data reference period: December | Age coverage - maximum age: 65 years old"
"Pakistan","LFS - Labour Force Survey","SDG indicator 9.2.2 - Manufacturing employment as a proportion of total employment (%)","2021",14.867,,,"Repository: ILO-STATISTICS - Micro data processing | Data reference period: Noncalendar year"
"Pakistan","LFS - Labour Force Survey","SDG indicator 9.2.2 - Manufacturing employment as a proportion of total employment (%)","2019",15.085,,,"Repository: ILO-STATISTICS - Micro data processing | Data reference period: Noncalendar year"
"Pakistan","LFS - Labour Force Survey","SDG indicator 9.2.2 - Manufacturing employment as a proportion of total employment (%)","2018",16.227,,,"Repository: ILO-STATISTICS - Micro data processing | Data reference period: Noncalendar year"
"Pakistan","LFS - Labour Force Survey","SDG indicator 9.2.2 - Manufacturing employment as a proportion of total employment (%)","2016",15.335,,,"Population coverage: Excluding both institutional population and armed forces and/or conscripts | Age coverage - minimum age: 10 years old | Age coverage - maximum age: 70 years old"
"Pakistan","LFS - Labour Force Survey","SDG indicator 9.2.2 - Manufacturing employment as a proportion of total employment (%)","2015",15.52,,,"Repository: ILO-STATISTICS - Micro data processing"
"Pakistan","LFS - Labour Force Survey","SDG indicator 9.2.2 - Manufacturing employment as a proportion of total employment (%)","2014",14.326,,,"Repository: ILO-STATISTICS - Micro data processing"
"Panama","LFS - Labour Market Survey","SDG indicator 9.2.2 - Manufacturing employment as a proportion of total employment (%)","2023",7.702,,,"Repository: ILO-STATISTICS - Micro data processing | Data reference period: October"
"Panama","HS - Multipurpose Household Survey","SDG indicator 9.2.2 - Manufacturing employment as a proportion of total employment (%)","2022",3.606,,,"Repository: ILO-STATISTICS - Micro data processing | Data reference period: October"
"Panama","LFS - Labour Market Survey","SDG indicator 9.2.2 - Manufacturing employment as a proportion of total employment (%)","2021",7.419,"Break in series","Break in series: Methodology revised","Repository: ILO-STATISTICS - Micro data processing | Data reference period: October"
"Panama","LFS - Labour Market Survey","SDG indicator 9.2.2 - Manufacturing employment as a proportion of total employment (%)","2020",9.04,"Break in series","Break in series: Methodology revised","Repository: ILO-STATISTICS - Micro data processing | Data reference period: August"
"Panama","LFS - Labour Market Survey","SDG indicator 9.2.2 - Manufacturing employment as a proportion of total employment (%)","2019",7.541,,,"Repository: ILO-STATISTICS - Micro data processing | Data reference period: August"
"Panama","LFS - Labour Market Survey","SDG indicator 9.2.2 - Manufacturing employment as a proportion of total employment (%)","2018",7.595,,,"Repository: ILO-STATISTICS - Micro data processing | Data reference period: August"
"Panama","LFS - Labour Market Survey","SDG indicator 9.2.2 - Manufacturing employment as a proportion of total employment (%)","2017",7.348,,,"Repository: ILO-STATISTICS - Micro data processing | Data reference period: August"
"Panama","LFS - Labour Market Survey","SDG indicator 9.2.2 - Manufacturing employment as a proportion of total employment (%)","2016",7.328,,,"Repository: ILO-STATISTICS - Micro data processing | Data reference period: August"
"Panama","LFS - Labour Market Survey","SDG indicator 9.2.2 - Manufacturing employment as a proportion of total employment (%)","2015",7.686,,,"Repository: ILO-STATISTICS - Micro data processing | Data reference period: August"
"Panama","LFS - Labour Market Survey","SDG indicator 9.2.2 - Manufacturing employment as a proportion of total employment (%)","2014",7.366,,,"Repository: ILO-STATISTICS - Micro data processing | Data reference period: August"
"Peru","LFS - Permanent Employment Survey, National","SDG indicator 9.2.2 - Manufacturing employment as a proportion of total employment (%)","2023",8.386,,,"Repository: ILO-STATISTICS - Micro data processing"
"Peru","LFS - Permanent Employment Survey, National","SDG indicator 9.2.2 - Manufacturing employment as a proportion of total employment (%)","2022",8.303,"Break in series","Break in series: Methodology revised","Repository: ILO-STATISTICS - Micro data processing"
"Peru","HS - National Household Survey","SDG indicator 9.2.2 - Manufacturing employment as a proportion of total employment (%)","2021",8.421,,,"Repository: ILO-STATISTICS - Micro data processing"
"Peru","HS - National Household Survey","SDG indicator 9.2.2 - Manufacturing employment as a proportion of total employment (%)","2020",8.324,"Break in series","Break in series: Methodology revised","Repository: ILO-STATISTICS - Micro data processing"
"Peru","HS - National Household Survey","SDG indicator 9.2.2 - Manufacturing employment as a proportion of total employment (%)","2019",8.698,,,"Repository: ILO-STATISTICS - Micro data processing"
"Peru","HS - National Household Survey","SDG indicator 9.2.2 - Manufacturing employment as a proportion of total employment (%)","2018",8.861,,,"Repository: ILO-STATISTICS - Micro data processing"
"Peru","HS - National Household Survey","SDG indicator 9.2.2 - Manufacturing employment as a proportion of total employment (%)","2017",9.165,,,"Repository: ILO-STATISTICS - Micro data processing"
"Peru","HS - National Household Survey","SDG indicator 9.2.2 - Manufacturing employment as a proportion of total employment (%)","2016",9.3,,,"Repository: ILO-STATISTICS - Micro data processing"
"Peru","HS - National Household Survey","SDG indicator 9.2.2 - Manufacturing employment as a proportion of total employment (%)","2015",9.183,,,"Repository: ILO-STATISTICS - Micro data processing"
"Peru","HS - National Household Survey","SDG indicator 9.2.2 - Manufacturing employment as a proportion of total employment (%)","2014",9.315,,,"Repository: ILO-STATISTICS - Micro data processing"
"Philippines","LFS - Labour Force Survey","SDG indicator 9.2.2 - Manufacturing employment as a proportion of total employment (%)","2022",7.89,,,"Repository: ILO-STATISTICS - Micro data processing"
"Philippines","LFS - Labour Force Survey","SDG indicator 9.2.2 - Manufacturing employment as a proportion of total employment (%)","2021",7.919,"Break in series","Break in series: Methodology revised","Repository: ILO-STATISTICS - Micro data processing"
"Philippines","LFS - Labour Force Survey","SDG indicator 9.2.2 - Manufacturing employment as a proportion of total employment (%)","2020",8.085,,,"Repository: ILO-STATISTICS - Micro data processing"
"Philippines","LFS - Labour Force Survey","SDG indicator 9.2.2 - Manufacturing employment as a proportion of total employment (%)","2019",8.528,,,"Repository: ILO-STATISTICS - Micro data processing"
"Philippines","LFS - Labour Force Survey","SDG indicator 9.2.2 - Manufacturing employment as a proportion of total employment (%)","2018",8.809,,,"Repository: ILO-STATISTICS - Micro data processing"
"Philippines","LFS - Labour Force Survey","SDG indicator 9.2.2 - Manufacturing employment as a proportion of total employment (%)","2017",8.631,,,"Repository: ILO-STATISTICS - Micro data processing"
"Philippines","LFS - Labour Force Survey","SDG indicator 9.2.2 - Manufacturing employment as a proportion of total employment (%)","2016",8.303,"Break in series","Break in series: Methodology revised","Repository: ILO-STATISTICS - Micro data processing"
"Philippines","LFS - Labour Force Survey","SDG indicator 9.2.2 - Manufacturing employment as a proportion of total employment (%)","2015",8.254,,,"Repository: ILO-STATISTICS - Micro data processing"
"Philippines","LFS - Labour Force Survey","SDG indicator 9.2.2 - Manufacturing employment as a proportion of total employment (%)","2014",8.345,,,"Repository: ILO-STATISTICS - Micro data processing"
"Palau","PC - Population Census","SDG indicator 9.2.2 - Manufacturing employment as a proportion of total employment (%)","2020",1.542,,,"Repository: ILO-STATISTICS - Micro data processing"
"Palau","HIES - Household Income and Expenditure Survey","SDG indicator 9.2.2 - Manufacturing employment as a proportion of total employment (%)","2014",0.537,"Unreliable",,"Repository: ILO-STATISTICS - Micro data processing"
"Papua New Guinea","HS - Socio-Demographic and Economic Survey","SDG indicator 9.2.2 - Manufacturing employment as a proportion of total employment (%)","2022",1.191,,,"Repository: ILO-STATISTICS - Micro data processing"
"Poland","LFS - Labour Force Survey","SDG indicator 9.2.2 - Manufacturing employment as a proportion of total employment (%)","2023",18.691,,,"Repository: ILO-STATISTICS - Micro data processing"
"Poland","LFS - Labour Force Survey","SDG indicator 9.2.2 - Manufacturing employment as a proportion of total employment (%)","2022",19.366,,,"Repository: ILO-STATISTICS - Micro data processing"
"Poland","LFS - Labour Force Survey","SDG indicator 9.2.2 - Manufacturing employment as a proportion of total employment (%)","2021",19.256,,,"Repository: ILO-STATISTICS - Micro data processing"
"Poland","LFS - Labour Force Survey","SDG indicator 9.2.2 - Manufacturing employment as a proportion of total employment (%)","2020",19.781,,,"Repository: ILO-STATISTICS - Micro data processing"
"Poland","LFS - Labour Force Survey","SDG indicator 9.2.2 - Manufacturing employment as a proportion of total employment (%)","2019",20.519,,,"Repository: ILO-STATISTICS - Micro data processing"
"Poland","LFS - Labour Force Survey","SDG indicator 9.2.2 - Manufacturing employment as a proportion of total employment (%)","2018",20.92,,,"Repository: ILO-STATISTICS - Micro data processing"
"Poland","LFS - Labour Force Survey","SDG indicator 9.2.2 - Manufacturing employment as a proportion of total employment (%)","2017",20.726,,,"Repository: ILO-STATISTICS - Micro data processing"
"Poland","LFS - Labour Force Survey","SDG indicator 9.2.2 - Manufacturing employment as a proportion of total employment (%)","2016",20.144,,,"Repository: ILO-STATISTICS - Micro data processing"
"Poland","LFS - Labour Force Survey","SDG indicator 9.2.2 - Manufacturing employment as a proportion of total employment (%)","2015",19.231,"Break in series","Break in series: Methodology revised","Repository: ILO-STATISTICS - Micro data processing"
"Poland","LFS - Labour Force Survey","SDG indicator 9.2.2 - Manufacturing employment as a proportion of total employment (%)","2014",19.061,,,"Repository: ILO-STATISTICS - Micro data processing"
"Portugal","LFS - EU Labour Force Survey","SDG indicator 9.2.2 - Manufacturing employment as a proportion of total employment (%)","2023",16.494,,,"Repository: ILO-STATISTICS - Micro data processing"
"Portugal","LFS - EU Labour Force Survey","SDG indicator 9.2.2 - Manufacturing employment as a proportion of total employment (%)","2022",16.7,,,"Repository: ILO-STATISTICS - Micro data processing"
"Portugal","LFS - EU Labour Force Survey","SDG indicator 9.2.2 - Manufacturing employment as a proportion of total employment (%)","2021",16.774,,,"Repository: ILO-STATISTICS - Micro data processing"
"Portugal","LFS - EU Labour Force Survey","SDG indicator 9.2.2 - Manufacturing employment as a proportion of total employment (%)","2020",17.035,,,"Repository: ILO-STATISTICS - Micro data processing"
"Portugal","LFS - EU Labour Force Survey","SDG indicator 9.2.2 - Manufacturing employment as a proportion of total employment (%)","2019",16.845,,,"Repository: ILO-STATISTICS - Micro data processing"
"Portugal","LFS - EU Labour Force Survey","SDG indicator 9.2.2 - Manufacturing employment as a proportion of total employment (%)","2018",17.033,,,"Repository: ILO-STATISTICS - Micro data processing"
"Portugal","LFS - EU Labour Force Survey","SDG indicator 9.2.2 - Manufacturing employment as a proportion of total employment (%)","2017",16.793,,,"Repository: ILO-STATISTICS - Micro data processing"
"Portugal","LFS - EU Labour Force Survey","SDG indicator 9.2.2 - Manufacturing employment as a proportion of total employment (%)","2016",16.719,,,"Repository: ILO-STATISTICS - Micro data processing"
"Portugal","LFS - EU Labour Force Survey","SDG indicator 9.2.2 - Manufacturing employment as a proportion of total employment (%)","2015",16.827,,,"Repository: ILO-STATISTICS - Micro data processing"
"Portugal","LFS - EU Labour Force Survey","SDG indicator 9.2.2 - Manufacturing employment as a proportion of total employment (%)","2014",16.37,,,"Repository: ILO-STATISTICS - Micro data processing"
"Paraguay","HS - Continuous Permanent Household Survey","SDG indicator 9.2.2 - Manufacturing employment as a proportion of total employment (%)","2023",10.267,,,"Repository: ILO-STATISTICS - Micro data processing"
"Paraguay","HS - Continuous Permanent Household Survey","SDG indicator 9.2.2 - Manufacturing employment as a proportion of total employment (%)","2022",10.501,,,"Repository: ILO-STATISTICS - Micro data processing"
"Paraguay","HS - Continuous Permanent Household Survey","SDG indicator 9.2.2 - Manufacturing employment as a proportion of total employment (%)","2021",10.668,,,"Repository: ILO-STATISTICS - Micro data processing"
"Paraguay","HS - Continuous Permanent Household Survey","SDG indicator 9.2.2 - Manufacturing employment as a proportion of total employment (%)","2020",10.386,,,"Repository: ILO-STATISTICS - Micro data processing"
"Paraguay","HS - Continuous Permanent Household Survey","SDG indicator 9.2.2 - Manufacturing employment as a proportion of total employment (%)","2019",10.426,,,"Repository: ILO-STATISTICS - Micro data processing"
"Paraguay","HS - Continuous Permanent Household Survey","SDG indicator 9.2.2 - Manufacturing employment as a proportion of total employment (%)","2018",11.024,,,"Repository: ILO-STATISTICS - Micro data processing"
"Paraguay","HS - Continuous Permanent Household Survey","SDG indicator 9.2.2 - Manufacturing employment as a proportion of total employment (%)","2017",11.154,,,"Repository: ILO-STATISTICS - Micro data processing"
"Paraguay","HS - Continous Household Survey","SDG indicator 9.2.2 - Manufacturing employment as a proportion of total employment (%)","2016",11.154,,,"Repository: ILO-STATISTICS - Micro data processing"
"Paraguay","HS - Continous Household Survey","SDG indicator 9.2.2 - Manufacturing employment as a proportion of total employment (%)","2015",12.421,,,"Repository: ILO-STATISTICS - Micro data processing"
"Paraguay","HS - Continous Household Survey","SDG indicator 9.2.2 - Manufacturing employment as a proportion of total employment (%)","2014",11.388,,,"Repository: ILO-STATISTICS - Micro data processing"
"Occupied Palestinian Territory","LFS - Labour Force Survey","SDG indicator 9.2.2 - Manufacturing employment as a proportion of total employment (%)","2022",12.396,,,"Repository: ILO-STATISTICS - Micro data processing"
"Occupied Palestinian Territory","LFS - Labour Force Survey","SDG indicator 9.2.2 - Manufacturing employment as a proportion of total employment (%)","2021",11.972,,,"Repository: ILO-STATISTICS - Micro data processing"
"Occupied Palestinian Territory","LFS - Labour Force Survey","SDG indicator 9.2.2 - Manufacturing employment as a proportion of total employment (%)","2020",12.758,,,"Repository: ILO-STATISTICS - Micro data processing"
"Occupied Palestinian Territory","LFS - Labour Force Survey","SDG indicator 9.2.2 - Manufacturing employment as a proportion of total employment (%)","2019",11.891,,,"Repository: ILO-STATISTICS - Micro data processing"
"Occupied Palestinian Territory","LFS - Labour Force Survey","SDG indicator 9.2.2 - Manufacturing employment as a proportion of total employment (%)","2018",12.312,,,"Repository: ILO-STATISTICS - Micro data processing"
"Occupied Palestinian Territory","LFS - Labour Force Survey","SDG indicator 9.2.2 - Manufacturing employment as a proportion of total employment (%)","2017",12.341,,,"Repository: ILO-STATISTICS - Micro data processing"
"Occupied Palestinian Territory","LFS - Labour Force Survey","SDG indicator 9.2.2 - Manufacturing employment as a proportion of total employment (%)","2016",12.506,,,"Repository: ILO-STATISTICS - Micro data processing"
"Occupied Palestinian Territory","LFS - Labour Force Survey","SDG indicator 9.2.2 - Manufacturing employment as a proportion of total employment (%)","2015",12.133,,,"Repository: ILO-STATISTICS - Micro data processing"
"Occupied Palestinian Territory","LFS - Labour Force Survey","SDG indicator 9.2.2 - Manufacturing employment as a proportion of total employment (%)","2014",11.797,,,"Repository: ILO-STATISTICS - Micro data processing"
"Qatar","LFS - Labor Force Sample Survey","SDG indicator 9.2.2 - Manufacturing employment as a proportion of total employment (%)","2022",5.071,,,"Employment definition: Excluding own-use production workers"
"Qatar","LFS - Labor Force Sample Survey","SDG indicator 9.2.2 - Manufacturing employment as a proportion of total employment (%)","2021",5.308,,,"Employment definition: Excluding own-use production workers"
"Qatar","LFS - Labor Force Sample Survey","SDG indicator 9.2.2 - Manufacturing employment as a proportion of total employment (%)","2020",4.704,,,"Employment definition: Excluding own-use production workers"
"Qatar","LFS - Labor Force Sample Survey","SDG indicator 9.2.2 - Manufacturing employment as a proportion of total employment (%)","2019",7.38,,,"Employment definition: Excluding own-use production workers | Data reference period: September"
"Qatar","LFS - Labor Force Sample Survey","SDG indicator 9.2.2 - Manufacturing employment as a proportion of total employment (%)","2018",7.268,,,"Employment definition: Excluding own-use production workers | Data reference period: September"
"Qatar","LFS - Labor Force Sample Survey","SDG indicator 9.2.2 - Manufacturing employment as a proportion of total employment (%)","2017",7.031,,,"Data reference period: September"
"Qatar","LFS - Labor Force Sample Survey","SDG indicator 9.2.2 - Manufacturing employment as a proportion of total employment (%)","2016",7.029,,,"Data reference period: September"
"Qatar","LFS - Labor Force Sample Survey","SDG indicator 9.2.2 - Manufacturing employment as a proportion of total employment (%)","2015",6.95,,,"Data reference period: September"
"Romania","LFS - Household Labour Force Survey","SDG indicator 9.2.2 - Manufacturing employment as a proportion of total employment (%)","2023",19.527,,,"Repository: ILO-STATISTICS - Micro data processing"
"Romania","LFS - Household Labour Force Survey","SDG indicator 9.2.2 - Manufacturing employment as a proportion of total employment (%)","2022",19.741,,,"Repository: ILO-STATISTICS - Micro data processing"
"Romania","LFS - Household Labour Force Survey","SDG indicator 9.2.2 - Manufacturing employment as a proportion of total employment (%)","2021",19.653,,,"Repository: ILO-STATISTICS - Micro data processing"
"Romania","LFS - Household Labour Force Survey","SDG indicator 9.2.2 - Manufacturing employment as a proportion of total employment (%)","2020",18.064,,,"Repository: ILO-STATISTICS - Micro data processing"
"Romania","LFS - Household Labour Force Survey","SDG indicator 9.2.2 - Manufacturing employment as a proportion of total employment (%)","2019",18.906,,,"Repository: ILO-STATISTICS - Micro data processing"
"Romania","LFS - Household Labour Force Survey","SDG indicator 9.2.2 - Manufacturing employment as a proportion of total employment (%)","2018",19.292,,,"Repository: ILO-STATISTICS - Micro data processing"
"Romania","LFS - Household Labour Force Survey","SDG indicator 9.2.2 - Manufacturing employment as a proportion of total employment (%)","2017",19.233,,,"Repository: ILO-STATISTICS - Micro data processing"
"Romania","LFS - Household Labour Force Survey","SDG indicator 9.2.2 - Manufacturing employment as a proportion of total employment (%)","2016",18.912,,,"Repository: ILO-STATISTICS - Micro data processing"
"Romania","LFS - Household Labour Force Survey","SDG indicator 9.2.2 - Manufacturing employment as a proportion of total employment (%)","2015",18.176,,,"Repository: ILO-STATISTICS - Micro data processing"
"Romania","LFS - Household Labour Force Survey","SDG indicator 9.2.2 - Manufacturing employment as a proportion of total employment (%)","2014",18.519,,,"Repository: ILO-STATISTICS - Micro data processing"
"Russian Federation","LFS - Labour Force Survey","SDG indicator 9.2.2 - Manufacturing employment as a proportion of total employment (%)","2023",13.959,,,"Repository: ILO-STATISTICS - Micro data processing"
"Russian Federation","LFS - Labour Force Survey","SDG indicator 9.2.2 - Manufacturing employment as a proportion of total employment (%)","2022",14.076,,,"Repository: ILO-STATISTICS - Micro data processing"
"Russian Federation","LFS - Labour Force Survey","SDG indicator 9.2.2 - Manufacturing employment as a proportion of total employment (%)","2021",14.129,,,"Repository: ILO-STATISTICS - Micro data processing"
"Russian Federation","LFS - Labour Force Survey","SDG indicator 9.2.2 - Manufacturing employment as a proportion of total employment (%)","2020",14.116,,,"Repository: ILO-STATISTICS - Micro data processing"
"Russian Federation","LFS - Labour Force Survey","SDG indicator 9.2.2 - Manufacturing employment as a proportion of total employment (%)","2019",14.173,,,"Repository: ILO-STATISTICS - Micro data processing"
"Russian Federation","LFS - Labour Force Survey","SDG indicator 9.2.2 - Manufacturing employment as a proportion of total employment (%)","2018",13.963,,,"Repository: ILO-STATISTICS - Micro data processing"
"Russian Federation","LFS - Labour Force Survey","SDG indicator 9.2.2 - Manufacturing employment as a proportion of total employment (%)","2017",14.055,,,"Repository: ILO-STATISTICS - Micro data processing"
"Russian Federation","LFS - Labour Force Survey","SDG indicator 9.2.2 - Manufacturing employment as a proportion of total employment (%)","2016",14.209,,,"Repository: ILO-STATISTICS - Micro data processing"
"Russian Federation","LFS - Labour Force Survey","SDG indicator 9.2.2 - Manufacturing employment as a proportion of total employment (%)","2015",14.144,,,"Repository: ILO-STATISTICS - Micro data processing"
"Russian Federation","LFS - Labour Force Survey","SDG indicator 9.2.2 - Manufacturing employment as a proportion of total employment (%)","2014",14.325,,,"Repository: ILO-STATISTICS - Micro data processing"
"Rwanda","LFS - Labour Force Survey","SDG indicator 9.2.2 - Manufacturing employment as a proportion of total employment (%)","2023",4.663,,,"Repository: ILO-STATISTICS - Micro data processing"
"Rwanda","LFS - Labour Force Survey","SDG indicator 9.2.2 - Manufacturing employment as a proportion of total employment (%)","2022",4.431,,,"Repository: ILO-STATISTICS - Micro data processing"
"Rwanda","LFS - Labour Force Survey","SDG indicator 9.2.2 - Manufacturing employment as a proportion of total employment (%)","2021",4.013,,,"Repository: ILO-STATISTICS - Micro data processing"
"Rwanda","LFS - Labour Force Survey","SDG indicator 9.2.2 - Manufacturing employment as a proportion of total employment (%)","2020",4.98,,,"Repository: ILO-STATISTICS - Micro data processing"
"Rwanda","LFS - Labour Force Survey","SDG indicator 9.2.2 - Manufacturing employment as a proportion of total employment (%)","2019",5.376,,,"Repository: ILO-STATISTICS - Micro data processing"
"Rwanda","LFS - Labour Force Survey","SDG indicator 9.2.2 - Manufacturing employment as a proportion of total employment (%)","2018",5.255,,,"Repository: ILO-STATISTICS - Micro data processing"
"Rwanda","LFS - Labour Force Survey","SDG indicator 9.2.2 - Manufacturing employment as a proportion of total employment (%)","2017",4.257,"Break in series","Break in series: Methodology revised","Repository: ILO-STATISTICS - Micro data processing"
"Rwanda","HIES - Integrated Household Survey on Living Conditions","SDG indicator 9.2.2 - Manufacturing employment as a proportion of total employment (%)","2014",2.113,"Break in series","Break in series: Methodology revised","Repository: ILO-STATISTICS - Micro data processing"
"Saudi Arabia","LFS - Labour Force Survey","SDG indicator 9.2.2 - Manufacturing employment as a proportion of total employment (%)","2023",8.897,,,"Repository: ILO-STATISTICS - Micro data processing"
"Saudi Arabia","LFS - Labour Force Survey","SDG indicator 9.2.2 - Manufacturing employment as a proportion of total employment (%)","2022",7.811,,,"Repository: ILO-STATISTICS - Micro data processing"
"Saudi Arabia","LFS - Labour Force Survey","SDG indicator 9.2.2 - Manufacturing employment as a proportion of total employment (%)","2021",8.866,,,"Repository: ILO-STATISTICS - Micro data processing"
"Saudi Arabia","LFS - Labour Force Survey","SDG indicator 9.2.2 - Manufacturing employment as a proportion of total employment (%)","2020",10.145,,,"Repository: ILO-STATISTICS - Micro data processing"
"Saudi Arabia","LFS - Labour Force Survey","SDG indicator 9.2.2 - Manufacturing employment as a proportion of total employment (%)","2018",8.77,,,"Repository: ILO-STATISTICS - Micro data processing"
"Saudi Arabia","LFS - Labour Force Survey","SDG indicator 9.2.2 - Manufacturing employment as a proportion of total employment (%)","2017",8.448,,,"Repository: ILO-STATISTICS - Micro data processing"
"Sudan","LFS - Labor Market Panel Survey","SDG indicator 9.2.2 - Manufacturing employment as a proportion of total employment (%)","2022",2.44,"Break in series","Break in series: Methodology revised","Repository: ILO-STATISTICS - Micro data processing"
"Senegal","HIES - Harmonized Survey on Household Living Conditions","SDG indicator 9.2.2 - Manufacturing employment as a proportion of total employment (%)","2022",15.313,,,"Repository: ILO-STATISTICS - Micro data processing"
"Senegal","LFS - National Employment Survey","SDG indicator 9.2.2 - Manufacturing employment as a proportion of total employment (%)","2019",12.861,,,"Repository: ILO-STATISTICS - Micro data processing"
"Senegal","LFS - National Employment Survey","SDG indicator 9.2.2 - Manufacturing employment as a proportion of total employment (%)","2016",6.69,,,"Repository: ILO-STATISTICS - Micro data processing"
"Senegal","LFS - National Employment Survey","SDG indicator 9.2.2 - Manufacturing employment as a proportion of total employment (%)","2015",6.149,,,"Repository: ILO-STATISTICS - Micro data processing"
"Singapore","LFS - Labour Force Survey","SDG indicator 9.2.2 - Manufacturing employment as a proportion of total employment (%)","2023",9.011,,,"Repository: ILO-STATISTICS - Micro data processing"
"Singapore","LFS - Labour Force Survey","SDG indicator 9.2.2 - Manufacturing employment as a proportion of total employment (%)","2022",9.568,,,"Repository: ILO-STATISTICS - Micro data processing"
"Singapore","LFS - Labour Force Survey","SDG indicator 9.2.2 - Manufacturing employment as a proportion of total employment (%)","2021",9.277,,,"Repository: ILO-STATISTICS - Micro data processing"
"Singapore","LFS - Labour Force Survey","SDG indicator 9.2.2 - Manufacturing employment as a proportion of total employment (%)","2020",9.583,,,"Data reference period: June | Population coverage: Nationals, residents"
"Singapore","LFS - Labour Force Survey","SDG indicator 9.2.2 - Manufacturing employment as a proportion of total employment (%)","2019",9.613,,,"Data reference period: June | Population coverage: Nationals, residents"
"Singapore","LFS - Labour Force Survey","SDG indicator 9.2.2 - Manufacturing employment as a proportion of total employment (%)","2018",10.337,,,"Data reference period: June | Population coverage: Nationals, residents"
"Singapore","LFS - Labour Force Survey","SDG indicator 9.2.2 - Manufacturing employment as a proportion of total employment (%)","2017",10.27,,,"Data reference period: June | Population coverage: Nationals, residents"
"Singapore","LFS - Labour Force Survey","SDG indicator 9.2.2 - Manufacturing employment as a proportion of total employment (%)","2016",10.493,,,"Data reference period: June | Population coverage: Nationals, residents"
"Singapore","LFS - Labour Force Survey","SDG indicator 9.2.2 - Manufacturing employment as a proportion of total employment (%)","2015",11.109,,,"Data reference period: June | Population coverage: Nationals, residents"
"Singapore","LFS - Labour Force Survey","SDG indicator 9.2.2 - Manufacturing employment as a proportion of total employment (%)","2014",11.852,,,"Data reference period: June | Population coverage: Nationals, residents"
"Sierra Leone","HS - Integrated Household Survey","SDG indicator 9.2.2 - Manufacturing employment as a proportion of total employment (%)","2018",4.122,,,"Repository: ILO-STATISTICS - Micro data processing"
"Sierra Leone","LFS - Labour Force Survey","SDG indicator 9.2.2 - Manufacturing employment as a proportion of total employment (%)","2014",2.822,,,"Repository: ILO-STATISTICS - Micro data processing"
"El Salvador","HS - Multi-purpose Household Survey","SDG indicator 9.2.2 - Manufacturing employment as a proportion of total employment (%)","2023",13.726,,,"Repository: ILO-STATISTICS - Micro data processing"
"El Salvador","HS - Multi-purpose Household Survey","SDG indicator 9.2.2 - Manufacturing employment as a proportion of total employment (%)","2022",14.525,,,"Repository: ILO-STATISTICS - Micro data processing"
"El Salvador","HS - Multi-purpose Household Survey","SDG indicator 9.2.2 - Manufacturing employment as a proportion of total employment (%)","2021",15.054,,,"Repository: ILO-STATISTICS - Micro data processing"
"El Salvador","HS - Multi-purpose Household Survey","SDG indicator 9.2.2 - Manufacturing employment as a proportion of total employment (%)","2020",16.111,,,"Repository: ILO-STATISTICS - Micro data processing"
"El Salvador","HS - Multi-purpose Household Survey","SDG indicator 9.2.2 - Manufacturing employment as a proportion of total employment (%)","2019",14.845,,,"Repository: ILO-STATISTICS - Micro data processing | Age coverage - minimum age: 16 years old"
"El Salvador","HS - Multi-purpose Household Survey","SDG indicator 9.2.2 - Manufacturing employment as a proportion of total employment (%)","2018",15.023,,,"Repository: ILO-STATISTICS - Micro data processing | Age coverage - minimum age: 16 years old"
"El Salvador","HS - Multi-purpose Household Survey","SDG indicator 9.2.2 - Manufacturing employment as a proportion of total employment (%)","2017",15.533,,,"Repository: ILO-STATISTICS - Micro data processing | Age coverage - minimum age: 16 years old"
"El Salvador","HS - Multi-purpose Household Survey","SDG indicator 9.2.2 - Manufacturing employment as a proportion of total employment (%)","2016",15.156,,,"Repository: ILO-STATISTICS - Micro data processing | Age coverage - minimum age: 16 years old"
"El Salvador","HS - Multi-purpose Household Survey","SDG indicator 9.2.2 - Manufacturing employment as a proportion of total employment (%)","2015",16.033,,,"Repository: ILO-STATISTICS - Micro data processing | Age coverage - minimum age: 16 years old"
"El Salvador","HS - Multi-purpose Household Survey","SDG indicator 9.2.2 - Manufacturing employment as a proportion of total employment (%)","2014",14.931,,,"Repository: ILO-STATISTICS - Micro data processing | Age coverage - minimum age: 16 years old"
"San Marino","OE - Estimates of the Office of economic planning, data processing and statistics","SDG indicator 9.2.2 - Manufacturing employment as a proportion of total employment (%)","2022",25.404,,,"Data reference period: End of the year | Age coverage - minimum age: 16 years old"
"San Marino","OE - Estimates of the Office of economic planning, data processing and statistics","SDG indicator 9.2.2 - Manufacturing employment as a proportion of total employment (%)","2021",25.667,,,"Data reference period: End of the year | Age coverage - minimum age: 16 years old"
"San Marino","OE - Estimates of the Office of economic planning, data processing and statistics","SDG indicator 9.2.2 - Manufacturing employment as a proportion of total employment (%)","2020",25.451,,,"Data reference period: End of the year | Age coverage - minimum age: 16 years old"
"San Marino","OE - Estimates of the Office of economic planning, data processing and statistics","SDG indicator 9.2.2 - Manufacturing employment as a proportion of total employment (%)","2019",24.987,,,"Data reference period: End of the year | Age coverage - minimum age: 16 years old"
"San Marino","OE - Estimates of the Office of economic planning, data processing and statistics","SDG indicator 9.2.2 - Manufacturing employment as a proportion of total employment (%)","2018",24.622,,,"Data reference period: End of the year | Age coverage - minimum age: 16 years old"
"San Marino","OE - Estimates of the Office of economic planning, data processing and statistics","SDG indicator 9.2.2 - Manufacturing employment as a proportion of total employment (%)","2016",27.483,,,"Data reference period: End of the year"
"San Marino","OE - Estimates of the Office of economic planning, data processing and statistics","SDG indicator 9.2.2 - Manufacturing employment as a proportion of total employment (%)","2015",26.849,,,
"Somalia","LFS - Labour Force Survey","SDG indicator 9.2.2 - Manufacturing employment as a proportion of total employment (%)","2019",10.663,,,"Repository: ILO-STATISTICS - Micro data processing"
"Serbia","LFS - Labour Force Survey","SDG indicator 9.2.2 - Manufacturing employment as a proportion of total employment (%)","2023",18.209,,,"Repository: ILO-STATISTICS - Micro data processing"
"Serbia","LFS - Labour Force Survey","SDG indicator 9.2.2 - Manufacturing employment as a proportion of total employment (%)","2022",18.661,,,"Repository: ILO-STATISTICS - Micro data processing"
"Serbia","LFS - Labour Force Survey","SDG indicator 9.2.2 - Manufacturing employment as a proportion of total employment (%)","2021",18.515,,,"Repository: ILO-STATISTICS - Micro data processing"
"Serbia","LFS - Labour Force Survey","SDG indicator 9.2.2 - Manufacturing employment as a proportion of total employment (%)","2020",18.721,,,"Repository: ILO-STATISTICS - Micro data processing"
"Serbia","LFS - Labour Force Survey","SDG indicator 9.2.2 - Manufacturing employment as a proportion of total employment (%)","2019",18.679,,,"Repository: ILO-STATISTICS - Micro data processing"
"Serbia","LFS - Labour Force Survey","SDG indicator 9.2.2 - Manufacturing employment as a proportion of total employment (%)","2018",18.285,,,"Repository: ILO-STATISTICS - Micro data processing"
"Serbia","LFS - Labour Force Survey","SDG indicator 9.2.2 - Manufacturing employment as a proportion of total employment (%)","2017",17.081,,,"Repository: ILO-STATISTICS - Micro data processing"
"Serbia","LFS - Labour Force Survey","SDG indicator 9.2.2 - Manufacturing employment as a proportion of total employment (%)","2016",16.501,,,"Repository: ILO-STATISTICS - Micro data processing"
"Serbia","LFS - Labour Force Survey","SDG indicator 9.2.2 - Manufacturing employment as a proportion of total employment (%)","2015",16.084,,,"Repository: ILO-STATISTICS - Micro data processing"
"Serbia","LFS - Labour Force Survey","SDG indicator 9.2.2 - Manufacturing employment as a proportion of total employment (%)","2014",15.88,"Break in series","Break in series: Methodology revised","Repository: ILO-STATISTICS - Micro data processing"
"Suriname","HIES - Survey on Living Conditions","SDG indicator 9.2.2 - Manufacturing employment as a proportion of total employment (%)","2016",12.71,,,"Repository: ILO-STATISTICS - Micro data processing"
"Suriname","LFS - Continuous Household Sample Survey","SDG indicator 9.2.2 - Manufacturing employment as a proportion of total employment (%)","2015",6.542,,,"Data reference period: First semester | Geographical coverage: Urban areas only | Population coverage: Excluding both institutional population and armed forces and/or conscripts | Age coverage - maximum age: 64 years old"
"Slovakia","LFS - Labour Force Survey","SDG indicator 9.2.2 - Manufacturing employment as a proportion of total employment (%)","2023",16.676,,,"Repository: ILO-STATISTICS - Micro data processing"
"Slovakia","LFS - Labour Force Survey","SDG indicator 9.2.2 - Manufacturing employment as a proportion of total employment (%)","2022",23.881,,,"Repository: ILO-STATISTICS - Micro data processing"
"Slovakia","LFS - Labour Force Survey","SDG indicator 9.2.2 - Manufacturing employment as a proportion of total employment (%)","2021",18.802,"Break in series","Break in series: Methodology revised","Repository: ILO-STATISTICS - Micro data processing"
"Slovakia","LFS - Labour Force Survey","SDG indicator 9.2.2 - Manufacturing employment as a proportion of total employment (%)","2020",25.049,,,"Repository: ILO-STATISTICS - Micro data processing"
"Slovakia","LFS - Labour Force Survey","SDG indicator 9.2.2 - Manufacturing employment as a proportion of total employment (%)","2019",24.613,,,"Repository: ILO-STATISTICS - Micro data processing"
"Slovakia","LFS - Labour Force Survey","SDG indicator 9.2.2 - Manufacturing employment as a proportion of total employment (%)","2018",24.513,,,"Repository: ILO-STATISTICS - Micro data processing"
"Slovakia","LFS - Labour Force Survey","SDG indicator 9.2.2 - Manufacturing employment as a proportion of total employment (%)","2017",24.635,,,"Repository: ILO-STATISTICS - Micro data processing"
"Slovakia","LFS - Labour Force Survey","SDG indicator 9.2.2 - Manufacturing employment as a proportion of total employment (%)","2016",6.106,,,"Repository: ILO-STATISTICS - Micro data processing"
"Slovakia","LFS - Labour Force Survey","SDG indicator 9.2.2 - Manufacturing employment as a proportion of total employment (%)","2015",18.688,,,"Repository: ILO-STATISTICS - Micro data processing"
"Slovakia","LFS - Labour Force Survey","SDG indicator 9.2.2 - Manufacturing employment as a proportion of total employment (%)","2014",24.648,,,"Repository: ILO-STATISTICS - Micro data processing"
"Slovenia","LFS - Labour Force Survey","SDG indicator 9.2.2 - Manufacturing employment as a proportion of total employment (%)","2023",22.556,,,"Repository: ILO-STATISTICS - Micro data processing"
"Slovenia","LFS - Labour Force Survey","SDG indicator 9.2.2 - Manufacturing employment as a proportion of total employment (%)","2022",21.907,,,"Repository: ILO-STATISTICS - Micro data processing"
"Slovenia","LFS - Labour Force Survey","SDG indicator 9.2.2 - Manufacturing employment as a proportion of total employment (%)","2021",22.062,,,"Repository: ILO-STATISTICS - Micro data processing"
"Slovenia","LFS - Labour Force Survey","SDG indicator 9.2.2 - Manufacturing employment as a proportion of total employment (%)","2020",25.249,,,"Repository: ILO-STATISTICS - Micro data processing"
"Slovenia","LFS - Labour Force Survey","SDG indicator 9.2.2 - Manufacturing employment as a proportion of total employment (%)","2019",25.598,,,"Repository: ILO-STATISTICS - Micro data processing"
"Slovenia","LFS - Labour Force Survey","SDG indicator 9.2.2 - Manufacturing employment as a proportion of total employment (%)","2018",24.847,,,"Repository: ILO-STATISTICS - Micro data processing"
"Slovenia","LFS - Labour Force Survey","SDG indicator 9.2.2 - Manufacturing employment as a proportion of total employment (%)","2017",25.194,,,"Repository: ILO-STATISTICS - Micro data processing"
"Slovenia","LFS - Labour Force Survey","SDG indicator 9.2.2 - Manufacturing employment as a proportion of total employment (%)","2016",25.117,,,"Repository: ILO-STATISTICS - Micro data processing"
"Slovenia","LFS - Labour Force Survey","SDG indicator 9.2.2 - Manufacturing employment as a proportion of total employment (%)","2015",23.397,,,"Repository: ILO-STATISTICS - Micro data processing"
"Slovenia","LFS - Labour Force Survey","SDG indicator 9.2.2 - Manufacturing employment as a proportion of total employment (%)","2014",22.52,,,"Repository: ILO-STATISTICS - Micro data processing"
"Sweden","LFS - EU Labour Force Survey","SDG indicator 9.2.2 - Manufacturing employment as a proportion of total employment (%)","2023",9.795,,,"Repository: ILO-STATISTICS - Micro data processing"
"Sweden","LFS - EU Labour Force Survey","SDG indicator 9.2.2 - Manufacturing employment as a proportion of total employment (%)","2022",9.361,,,"Repository: ILO-STATISTICS - Micro data processing"
"Sweden","LFS - EU Labour Force Survey","SDG indicator 9.2.2 - Manufacturing employment as a proportion of total employment (%)","2021",9.695,,,"Repository: ILO-STATISTICS - Micro data processing"
"Sweden","LFS - EU Labour Force Survey","SDG indicator 9.2.2 - Manufacturing employment as a proportion of total employment (%)","2020",9.883,,,"Repository: ILO-STATISTICS - Micro data processing"
"Sweden","LFS - EU Labour Force Survey","SDG indicator 9.2.2 - Manufacturing employment as a proportion of total employment (%)","2019",10.007,,,"Repository: ILO-STATISTICS - Micro data processing"
"Sweden","LFS - EU Labour Force Survey","SDG indicator 9.2.2 - Manufacturing employment as a proportion of total employment (%)","2018",10.018,,,"Repository: ILO-STATISTICS - Micro data processing"
"Sweden","LFS - EU Labour Force Survey","SDG indicator 9.2.2 - Manufacturing employment as a proportion of total employment (%)","2017",10.102,,,"Repository: ILO-STATISTICS - Micro data processing"
"Sweden","LFS - EU Labour Force Survey","SDG indicator 9.2.2 - Manufacturing employment as a proportion of total employment (%)","2016",10.204,,,"Repository: ILO-STATISTICS - Micro data processing"
"Sweden","LFS - EU Labour Force Survey","SDG indicator 9.2.2 - Manufacturing employment as a proportion of total employment (%)","2015",10.408,,,"Repository: ILO-STATISTICS - Micro data processing"
"Sweden","LFS - EU Labour Force Survey","SDG indicator 9.2.2 - Manufacturing employment as a proportion of total employment (%)","2014",10.673,,,"Repository: ILO-STATISTICS - Micro data processing"
"Eswatini","LFS - Labour Force Survey","SDG indicator 9.2.2 - Manufacturing employment as a proportion of total employment (%)","2021",11.609,,,"Repository: ILO-STATISTICS - Micro data processing"
"Eswatini","LFS - Labour Force Survey","SDG indicator 9.2.2 - Manufacturing employment as a proportion of total employment (%)","2016",15.835,,,"Repository: ILO-STATISTICS - Micro data processing"
"Seychelles","LFS - Labour Force Survey","SDG indicator 9.2.2 - Manufacturing employment as a proportion of total employment (%)","2023",5.324,,,"Repository: ILO-STATISTICS - Micro data processing"
"Seychelles","LFS - Labour Force Survey","SDG indicator 9.2.2 - Manufacturing employment as a proportion of total employment (%)","2020",5.905,,,"Repository: ILO-STATISTICS - Micro data processing"
"Seychelles","LFS - Labour Force Survey","SDG indicator 9.2.2 - Manufacturing employment as a proportion of total employment (%)","2019",5.75,,,"Repository: ILO-STATISTICS - Micro data processing"
"Seychelles","LFS - Labour Force Survey","SDG indicator 9.2.2 - Manufacturing employment as a proportion of total employment (%)","2018",5.368,,,"Repository: ILO-STATISTICS - Micro data processing"
"Seychelles","LFS - Labour Force Survey","SDG indicator 9.2.2 - Manufacturing employment as a proportion of total employment (%)","2017",6.312,,,"Repository: ILO-STATISTICS - Micro data processing"
"Seychelles","LFS - Labour Force Survey","SDG indicator 9.2.2 - Manufacturing employment as a proportion of total employment (%)","2016",7.012,,,"Repository: ILO-STATISTICS - Micro data processing"
"Seychelles","LFS - Labour Force Survey","SDG indicator 9.2.2 - Manufacturing employment as a proportion of total employment (%)","2015",7.295,,,"Repository: ILO-STATISTICS - Micro data processing"
"Seychelles","LFS - Labour Force Survey","SDG indicator 9.2.2 - Manufacturing employment as a proportion of total employment (%)","2014",6.834,"Break in series","Break in series: Methodology revised","Repository: ILO-STATISTICS - Micro data processing"
"Chad","HIES - Modular and Integrated Household Survey on Living Conditions","SDG indicator 9.2.2 - Manufacturing employment as a proportion of total employment (%)","2018",7.022,,,"Repository: ILO-STATISTICS - Micro data processing"
"Togo","HIES - Living Standards Measurement Survey","SDG indicator 9.2.2 - Manufacturing employment as a proportion of total employment (%)","2022",14.327,,,"Repository: ILO-STATISTICS - Micro data processing"
"Togo","HIES - Living Standards Measurement Survey","SDG indicator 9.2.2 - Manufacturing employment as a proportion of total employment (%)","2019",12.804,,,"Repository: ILO-STATISTICS - Micro data processing"
"Togo","LFS - Regional Integrated Survey on Employment and the Informal Sector","SDG indicator 9.2.2 - Manufacturing employment as a proportion of total employment (%)","2017",15.314,"Break in series","Break in series: Methodology revised","Repository: ILO-STATISTICS - Micro data processing | Age coverage - maximum age: 75 years old"
"Togo","HIES - Questionnaire on Indicators of Well-being","SDG indicator 9.2.2 - Manufacturing employment as a proportion of total employment (%)","2015",8.363,,,"Repository: ILO-STATISTICS - Micro data processing"
"Thailand","LFS - Labour Force Survey","SDG indicator 9.2.2 - Manufacturing employment as a proportion of total employment (%)","2023",15.684,,,"Repository: ILO-STATISTICS - Micro data processing"
"Thailand","LFS - Labour Force Survey","SDG indicator 9.2.2 - Manufacturing employment as a proportion of total employment (%)","2022",16.002,,,"Repository: ILO-STATISTICS - Micro data processing"
"Thailand","LFS - Labour Force Survey","SDG indicator 9.2.2 - Manufacturing employment as a proportion of total employment (%)","2021",15.685,,,"Repository: ILO-STATISTICS - Micro data processing"
"Thailand","LFS - Labour Force Survey","SDG indicator 9.2.2 - Manufacturing employment as a proportion of total employment (%)","2020",15.86,,,"Repository: ILO-STATISTICS - Micro data processing"
"Thailand","LFS - Labour Force Survey","SDG indicator 9.2.2 - Manufacturing employment as a proportion of total employment (%)","2019",16.283,,,"Repository: ILO-STATISTICS - Micro data processing"
"Thailand","LFS - Labour Force Survey","SDG indicator 9.2.2 - Manufacturing employment as a proportion of total employment (%)","2018",16.529,,,"Repository: ILO-STATISTICS - Micro data processing"
"Thailand","LFS - Labour Force Survey","SDG indicator 9.2.2 - Manufacturing employment as a proportion of total employment (%)","2017",16.305,,,"Repository: ILO-STATISTICS - Micro data processing"
"Thailand","LFS - Labour Force Survey","SDG indicator 9.2.2 - Manufacturing employment as a proportion of total employment (%)","2016",16.684,,,"Repository: ILO-STATISTICS - Micro data processing"
"Thailand","LFS - Labour Force Survey","SDG indicator 9.2.2 - Manufacturing employment as a proportion of total employment (%)","2015",16.976,,,"Repository: ILO-STATISTICS - Micro data processing"
"Thailand","LFS - Labour Force Survey","SDG indicator 9.2.2 - Manufacturing employment as a proportion of total employment (%)","2014",16.791,,,"Repository: ILO-STATISTICS - Micro data processing"
"Tajikistan","LFS - Labour Force Survey","SDG indicator 9.2.2 - Manufacturing employment as a proportion of total employment (%)","2018",5.419,,,"Employment definition: Excluding own-use production workers | Population coverage: Excluding armed forces and/or conscripts | Age coverage - maximum age: 74 years old"
"Tajikistan","LFS - Labour Force Survey","SDG indicator 9.2.2 - Manufacturing employment as a proportion of total employment (%)","2016",6.368,,,"Repository: ILO-STATISTICS - Micro data processing | Age coverage - maximum age: 75 years old"
"Timor-Leste","PC - Population Census","SDG indicator 9.2.2 - Manufacturing employment as a proportion of total employment (%)","2022",1.542,,,"Repository: ILO-STATISTICS - Micro data processing"
"Timor-Leste","LFS - Labour Force Survey","SDG indicator 9.2.2 - Manufacturing employment as a proportion of total employment (%)","2021",5.561,,,"Repository: ILO-STATISTICS - Micro data processing"
"Timor-Leste","LFS - Labour Force Survey","SDG indicator 9.2.2 - Manufacturing employment as a proportion of total employment (%)","2016",7.198,,,"Repository: ILO-STATISTICS - Micro data processing"
"Timor-Leste","PC - Population Census","SDG indicator 9.2.2 - Manufacturing employment as a proportion of total employment (%)","2015",1.49,,,"Repository: ILO-STATISTICS - Micro data processing"
"Tonga","LFS - Labour Force Survey","SDG indicator 9.2.2 - Manufacturing employment as a proportion of total employment (%)","2023",12.953,,,"Repository: ILO-STATISTICS - Micro data processing"
"Tonga","HIES - Household Income and Expenditure Survey","SDG indicator 9.2.2 - Manufacturing employment as a proportion of total employment (%)","2021",17.905,,,"Repository: ILO-STATISTICS - Micro data processing"
"Tonga","LFS - Labour Force Survey","SDG indicator 9.2.2 - Manufacturing employment as a proportion of total employment (%)","2018",17.347,"Break in series","Break in series: Methodology revised","Repository: ILO-STATISTICS - Micro data processing"
"Tonga","HIES - Household Income and Expenditure Survey","SDG indicator 9.2.2 - Manufacturing employment as a proportion of total employment (%)","2016",18.087,,,"Repository: ILO-STATISTICS - Micro data processing"
"Trinidad and Tobago","LFS - Continuous Sample Survey of the Population","SDG indicator 9.2.2 - Manufacturing employment as a proportion of total employment (%)","2023",7.025,,,"Repository: ILO-STATISTICS - Micro data processing"
"Trinidad and Tobago","LFS - Continuous Sample Survey of the Population","SDG indicator 9.2.2 - Manufacturing employment as a proportion of total employment (%)","2022",6.778,,,"Repository: ILO-STATISTICS - Micro data processing"
"Trinidad and Tobago","LFS - Continuous Sample Survey of the Population","SDG indicator 9.2.2 - Manufacturing employment as a proportion of total employment (%)","2021",7.069,,,"Repository: ILO-STATISTICS - Micro data processing"
"Trinidad and Tobago","LFS - Continuous Sample Survey of the Population","SDG indicator 9.2.2 - Manufacturing employment as a proportion of total employment (%)","2020",6.222,,,"Repository: ILO-STATISTICS - Micro data processing"
"Trinidad and Tobago","LFS - Continuous Sample Survey of the Population","SDG indicator 9.2.2 - Manufacturing employment as a proportion of total employment (%)","2019",7.437,,,"Repository: ILO-STATISTICS - Micro data processing"
"Trinidad and Tobago","LFS - Continuous Sample Survey of the Population","SDG indicator 9.2.2 - Manufacturing employment as a proportion of total employment (%)","2016",7.732,,,"Repository: ILO-STATISTICS - Micro data processing"
"Trinidad and Tobago","LFS - Continuous Sample Survey of the Population","SDG indicator 9.2.2 - Manufacturing employment as a proportion of total employment (%)","2015",8.091,,,"Repository: ILO-STATISTICS - Micro data processing"
"Trinidad and Tobago","LFS - Continuous Sample Survey of the Population","SDG indicator 9.2.2 - Manufacturing employment as a proportion of total employment (%)","2014",7.735,,,"Repository: ILO-STATISTICS - Micro data processing"
"Tunisia","LFS - National Population and Employment Survey","SDG indicator 9.2.2 - Manufacturing employment as a proportion of total employment (%)","2023",19.223,,,"Repository: ILO-STATISTICS - Micro data processing | Data reference period: Second quarter"
"Tunisia","LFS - National Population and Employment Survey","SDG indicator 9.2.2 - Manufacturing employment as a proportion of total employment (%)","2022",18.944,,,"Repository: ILO-STATISTICS - Micro data processing | Data reference period: Second quarter"
"Tunisia","LFS - National Population and Employment Survey","SDG indicator 9.2.2 - Manufacturing employment as a proportion of total employment (%)","2019",18.191,,,"Repository: ILO-STATISTICS - Micro data processing | Data reference period: Second quarter"
"Tunisia","LFS - National Population and Employment Survey","SDG indicator 9.2.2 - Manufacturing employment as a proportion of total employment (%)","2017",18.3,,,"Repository: ILO-STATISTICS - Micro data processing | Data reference period: Second quarter"
"Tunisia","LFS - National Population and Employment Survey","SDG indicator 9.2.2 - Manufacturing employment as a proportion of total employment (%)","2016",18.462,,,"Repository: ILO-STATISTICS - Micro data processing | Data reference period: Second quarter"
"Tunisia","LFS - National Population and Employment Survey","SDG indicator 9.2.2 - Manufacturing employment as a proportion of total employment (%)","2015",18.581,"Break in series","Break in series: Methodology revised","Repository: ILO-STATISTICS - Micro data processing | Data reference period: Second quarter"
"Tunisia","LFS - National Population and Employment Survey","SDG indicator 9.2.2 - Manufacturing employment as a proportion of total employment (%)","2014",18.946,,,
"Türkiye","LFS - EU Labour Force Survey","SDG indicator 9.2.2 - Manufacturing employment as a proportion of total employment (%)","2023",19.772,,,"Repository: Eurostat special tabulation"
"Türkiye","LFS - EU Labour Force Survey","SDG indicator 9.2.2 - Manufacturing employment as a proportion of total employment (%)","2022",20.064,,,"Repository: Eurostat special tabulation"
"Türkiye","LFS - EU Labour Force Survey","SDG indicator 9.2.2 - Manufacturing employment as a proportion of total employment (%)","2021",19.738,"Break in series","Break in series: Methodology revised","Repository: Eurostat special tabulation"
"Türkiye","LFS - EU Labour Force Survey","SDG indicator 9.2.2 - Manufacturing employment as a proportion of total employment (%)","2020",18.918,,,"Repository: OECD"
"Türkiye","LFS - EU Labour Force Survey","SDG indicator 9.2.2 - Manufacturing employment as a proportion of total employment (%)","2019",18.349,,,"Repository: OECD"
"Türkiye","LFS - EU Labour Force Survey","SDG indicator 9.2.2 - Manufacturing employment as a proportion of total employment (%)","2018",18.196,,,"Repository: OECD"
"Türkiye","LFS - EU Labour Force Survey","SDG indicator 9.2.2 - Manufacturing employment as a proportion of total employment (%)","2017",17.632,,,"Repository: OECD"
"Türkiye","LFS - EU Labour Force Survey","SDG indicator 9.2.2 - Manufacturing employment as a proportion of total employment (%)","2016",18.072,,,"Repository: OECD"
"Türkiye","LFS - EU Labour Force Survey","SDG indicator 9.2.2 - Manufacturing employment as a proportion of total employment (%)","2015",18.657,,,"Repository: Eurostat special tabulation"
"Türkiye","LFS - EU Labour Force Survey","SDG indicator 9.2.2 - Manufacturing employment as a proportion of total employment (%)","2014",19.031,"Break in series","Break in series: Methodology revised","Repository: Eurostat special tabulation"
"Tuvalu","PC - Population Census","SDG indicator 9.2.2 - Manufacturing employment as a proportion of total employment (%)","2022",10.437,,,"Repository: ILO-STATISTICS - Micro data processing"
"Tuvalu","PC - Population Census","SDG indicator 9.2.2 - Manufacturing employment as a proportion of total employment (%)","2017",9.347,,,"Repository: ILO-STATISTICS - Micro data processing"
"Tuvalu","HIES - Household Income and Expenditure Survey","SDG indicator 9.2.2 - Manufacturing employment as a proportion of total employment (%)","2016",3.742,,,"Repository: ILO-STATISTICS - Micro data processing"
"Taiwan, China","LFS - Labour Force Survey","SDG indicator 9.2.2 - Manufacturing employment as a proportion of total employment (%)","2020",26.432,,,
"Taiwan, China","LFS - Labour Force Survey","SDG indicator 9.2.2 - Manufacturing employment as a proportion of total employment (%)","2019",26.657,,,
"Taiwan, China","LFS - Labour Force Survey","SDG indicator 9.2.2 - Manufacturing employment as a proportion of total employment (%)","2018",26.794,,,
"Taiwan, China","LFS - Labour Force Survey","SDG indicator 9.2.2 - Manufacturing employment as a proportion of total employment (%)","2017",26.829,,,
"Taiwan, China","LFS - Labour Force Survey","SDG indicator 9.2.2 - Manufacturing employment as a proportion of total employment (%)","2016",26.875,,,
"Taiwan, China","LFS - Labour Force Survey","SDG indicator 9.2.2 - Manufacturing employment as a proportion of total employment (%)","2015",26.996,,,
"Taiwan, China","LFS - Labour Force Survey","SDG indicator 9.2.2 - Manufacturing employment as a proportion of total employment (%)","2014",27.141,,,
"Tanzania, United Republic of","LFS - Labour Force Survey","SDG indicator 9.2.2 - Manufacturing employment as a proportion of total employment (%)","2020",4.269,"Break in series","Break in series: Methodology revised","Repository: ILO-STATISTICS - Micro data processing"
"Tanzania, United Republic of","LFS - Labour Force Survey","SDG indicator 9.2.2 - Manufacturing employment as a proportion of total employment (%)","2014",2.965,"Break in series","Break in series: Methodology revised","Repository: ILO-STATISTICS - Micro data processing"
"Uganda","LFS - National Labour Force Survey","SDG indicator 9.2.2 - Manufacturing employment as a proportion of total employment (%)","2021",4.294,,,"Repository: ILO-STATISTICS - Micro data processing"
"Uganda","HIES - National Household Survey","SDG indicator 9.2.2 - Manufacturing employment as a proportion of total employment (%)","2019",3.806,,,"Repository: ILO-STATISTICS - Micro data processing"
"Uganda","LFS - National Labour Force Survey","SDG indicator 9.2.2 - Manufacturing employment as a proportion of total employment (%)","2017",4.095,"Break in series","Break in series: Methodology revised","Repository: ILO-STATISTICS - Micro data processing"
"Uganda","HIES - National Household Survey","SDG indicator 9.2.2 - Manufacturing employment as a proportion of total employment (%)","2014",2.538,,,"Repository: ILO-STATISTICS - Micro data processing"
"Ukraine","LFS - Labour Force Survey","SDG indicator 9.2.2 - Manufacturing employment as a proportion of total employment (%)","2021",13.248,,,"Repository: ILO-STATISTICS - Micro data processing"
"Ukraine","LFS - Labour Force Survey","SDG indicator 9.2.2 - Manufacturing employment as a proportion of total employment (%)","2020",13.06,,,"Repository: ILO-STATISTICS - Micro data processing"
"Ukraine","LFS - Labour Force Survey","SDG indicator 9.2.2 - Manufacturing employment as a proportion of total employment (%)","2019",13.217,,,"Repository: ILO-STATISTICS - Micro data processing"
"Ukraine","LFS - Labour Force Survey","SDG indicator 9.2.2 - Manufacturing employment as a proportion of total employment (%)","2018",12.647,"Break in series","Break in series: Methodology revised","Repository: ILO-STATISTICS - Micro data processing"
"Ukraine","LFS - Labour Force Survey","SDG indicator 9.2.2 - Manufacturing employment as a proportion of total employment (%)","2017",12.356,,,"Employment definition: Including subsistence workers | Geographical coverage: Total national, excluding some areas | Population coverage: Excluding both institutional population and armed forces and/or conscripts | Age coverage - maximum age: 70 years old"
"Ukraine","LFS - Labour Force Survey","SDG indicator 9.2.2 - Manufacturing employment as a proportion of total employment (%)","2016",12.275,,,"Geographical coverage: Total national, excluding some areas | Population coverage: Excluding both institutional population and armed forces and/or conscripts | Age coverage - maximum age: 70 years old"
"Ukraine","LFS - Labour Force Survey","SDG indicator 9.2.2 - Manufacturing employment as a proportion of total employment (%)","2015",12.58,,,"Geographical coverage: Total national, excluding some areas | Population coverage: Excluding both institutional population and armed forces and/or conscripts | Age coverage - maximum age: 70 years old"
"Ukraine","LFS - Labour Force Survey","SDG indicator 9.2.2 - Manufacturing employment as a proportion of total employment (%)","2014",12.998,,,"Geographical coverage: Total national, excluding some areas | Population coverage: Excluding both institutional population and armed forces and/or conscripts | Age coverage - maximum age: 70 years old"
"Uruguay","LFS - Continous Household Survey","SDG indicator 9.2.2 - Manufacturing employment as a proportion of total employment (%)","2023",9.918,,,"Repository: ILO-STATISTICS - Micro data processing"
"Uruguay","LFS - Continous Household Survey","SDG indicator 9.2.2 - Manufacturing employment as a proportion of total employment (%)","2022",9.62,"Break in series","Break in series: Methodology revised","Repository: ILO-STATISTICS - Micro data processing"
"Uruguay","LFS - Continous Household Survey","SDG indicator 9.2.2 - Manufacturing employment as a proportion of total employment (%)","2021",10.033,"Break in series","Break in series: Methodology revised","Repository: ILO-STATISTICS - Micro data processing"
"Uruguay","LFS - Continous Household Survey","SDG indicator 9.2.2 - Manufacturing employment as a proportion of total employment (%)","2020",10.246,"Break in series","Break in series: Methodology revised","Repository: ILO-STATISTICS - Micro data processing"
"Uruguay","LFS - Continous Household Survey","SDG indicator 9.2.2 - Manufacturing employment as a proportion of total employment (%)","2019",10.299,"Break in series","Break in series: Methodology revised","Repository: ILO-STATISTICS - Micro data processing"
"Uruguay","LFS - Continous Household Survey","SDG indicator 9.2.2 - Manufacturing employment as a proportion of total employment (%)","2018",10.407,,,"Repository: ILO-STATISTICS - Micro data processing"
"Uruguay","LFS - Continous Household Survey","SDG indicator 9.2.2 - Manufacturing employment as a proportion of total employment (%)","2017",10.717,,,"Repository: ILO-STATISTICS - Micro data processing"
"Uruguay","LFS - Continous Household Survey","SDG indicator 9.2.2 - Manufacturing employment as a proportion of total employment (%)","2016",11.261,,,"Repository: ILO-STATISTICS - Micro data processing"
"Uruguay","LFS - Continous Household Survey","SDG indicator 9.2.2 - Manufacturing employment as a proportion of total employment (%)","2015",11.073,,,"Repository: ILO-STATISTICS - Micro data processing"
"Uruguay","LFS - Continous Household Survey","SDG indicator 9.2.2 - Manufacturing employment as a proportion of total employment (%)","2014",11.55,,,"Repository: ILO-STATISTICS - Micro data processing"
"United States of America","LFS - Current Population Survey","SDG indicator 9.2.2 - Manufacturing employment as a proportion of total employment (%)","2024",9.659,,,"Repository: ILO-STATISTICS - Micro data processing | Age coverage - minimum age: 16 years old"
"United States of America","LFS - Current Population Survey","SDG indicator 9.2.2 - Manufacturing employment as a proportion of total employment (%)","2023",10.011,,,"Repository: ILO-STATISTICS - Micro data processing | Age coverage - minimum age: 16 years old"
"United States of America","LFS - Current Population Survey","SDG indicator 9.2.2 - Manufacturing employment as a proportion of total employment (%)","2022",9.919,,,"Repository: ILO-STATISTICS - Micro data processing | Age coverage - minimum age: 16 years old"
"United States of America","LFS - Current Population Survey","SDG indicator 9.2.2 - Manufacturing employment as a proportion of total employment (%)","2021",9.909,,,"Repository: ILO-STATISTICS - Micro data processing | Age coverage - minimum age: 16 years old"
"United States of America","LFS - Current Population Survey","SDG indicator 9.2.2 - Manufacturing employment as a proportion of total employment (%)","2020",10.123,"Break in series","Break in series: Methodology revised","Repository: ILO-STATISTICS - Micro data processing | Age coverage - minimum age: 16 years old"
"United States of America","LFS - Current Population Survey","SDG indicator 9.2.2 - Manufacturing employment as a proportion of total employment (%)","2019",10.419,,,"Repository: ILO-STATISTICS - Micro data processing | Age coverage - minimum age: 16 years old"
"United States of America","LFS - Current Population Survey","SDG indicator 9.2.2 - Manufacturing employment as a proportion of total employment (%)","2018",10.407,,,"Repository: ILO-STATISTICS - Micro data processing | Age coverage - minimum age: 16 years old"
"United States of America","LFS - Current Population Survey","SDG indicator 9.2.2 - Manufacturing employment as a proportion of total employment (%)","2017",10.441,,,"Repository: ILO-STATISTICS - Micro data processing | Age coverage - minimum age: 16 years old"
"United States of America","LFS - Current Population Survey","SDG indicator 9.2.2 - Manufacturing employment as a proportion of total employment (%)","2016",10.566,,,"Repository: ILO-STATISTICS - Micro data processing | Age coverage - minimum age: 16 years old"
"United States of America","LFS - Current Population Survey","SDG indicator 9.2.2 - Manufacturing employment as a proportion of total employment (%)","2015",10.699,,,"Repository: ILO-STATISTICS - Micro data processing | Age coverage - minimum age: 16 years old"
"United States of America","LFS - Current Population Survey","SDG indicator 9.2.2 - Manufacturing employment as a proportion of total employment (%)","2014",10.698,,,"Repository: ILO-STATISTICS - Micro data processing | Age coverage - minimum age: 16 years old"
"Uzbekistan","LFS - Labour Force Survey","SDG indicator 9.2.2 - Manufacturing employment as a proportion of total employment (%)","2020",8.953,,,"Repository: ILO-STATISTICS - Micro data processing"
"Uzbekistan","HS - General Household Survey","SDG indicator 9.2.2 - Manufacturing employment as a proportion of total employment (%)","2019",11.911,,,"Employment definition: Excluding own-use production workers | Age coverage - minimum age: 16 years old | Age coverage - maximum age: 60 for men and 55 for women"
"Uzbekistan","HS - General Household Survey","SDG indicator 9.2.2 - Manufacturing employment as a proportion of total employment (%)","2018",12.042,,,"Employment definition: Excluding own-use production workers | Age coverage - minimum age: 16 years old | Age coverage - maximum age: 60 for men and 55 for women"
"Uzbekistan","HS - General Household Survey","SDG indicator 9.2.2 - Manufacturing employment as a proportion of total employment (%)","2017",11.833,,,"Employment definition: Excluding own-use production workers | Age coverage - minimum age: 16 years old | Age coverage - maximum age: 60 for men and 55 for women"
"Uzbekistan","HS - General Household Survey","SDG indicator 9.2.2 - Manufacturing employment as a proportion of total employment (%)","2016",11.338,,,"Employment definition: Excluding own-use production workers | Age coverage - minimum age: 16 years old | Age coverage - maximum age: 60 for men and 55 for women"
"Uzbekistan","HS - General Household Survey","SDG indicator 9.2.2 - Manufacturing employment as a proportion of total employment (%)","2015",11.305,,,"Employment definition: Excluding own-use production workers | Age coverage - minimum age: 16 years old | Age coverage - maximum age: 60 for men and 55 for women"
"Uzbekistan","HS - General Household Survey","SDG indicator 9.2.2 - Manufacturing employment as a proportion of total employment (%)","2014",11.298,,,"Age coverage - minimum age: 16 years old | Age coverage - maximum age: 60 for men and 55 for women"
"Venezuela (Bolivarian Republic of)","LFS - Household Sample Survey","SDG indicator 9.2.2 - Manufacturing employment as a proportion of total employment (%)","2017",10.816,,,"Repository: ILO-STATISTICS - Micro data processing"
"Venezuela (Bolivarian Republic of)","LFS - Household Sample Survey","SDG indicator 9.2.2 - Manufacturing employment as a proportion of total employment (%)","2016",11.55,,,"Repository: ILO-STATISTICS - Micro data processing"
"Viet Nam","LFS - Labour Force Survey","SDG indicator 9.2.2 - Manufacturing employment as a proportion of total employment (%)","2023",21.726,,,"Repository: ILO-STATISTICS - Micro data processing"
"Viet Nam","LFS - Labour Force Survey","SDG indicator 9.2.2 - Manufacturing employment as a proportion of total employment (%)","2022",21.401,,,"Repository: ILO-STATISTICS - Micro data processing"
"Viet Nam","LFS - Labour Force Survey","SDG indicator 9.2.2 - Manufacturing employment as a proportion of total employment (%)","2021",20.978,,,"Repository: ILO-STATISTICS - Micro data processing"
"Viet Nam","LFS - Labour Force Survey","SDG indicator 9.2.2 - Manufacturing employment as a proportion of total employment (%)","2020",21.311,,,"Repository: ILO-STATISTICS - Micro data processing"
"Viet Nam","LFS - Labour Force Survey","SDG indicator 9.2.2 - Manufacturing employment as a proportion of total employment (%)","2019",20.227,,,"Repository: ILO-STATISTICS - Micro data processing | Employment definition: Excluding own-use production workers"
"Viet Nam","LFS - Labour Force Survey","SDG indicator 9.2.2 - Manufacturing employment as a proportion of total employment (%)","2018",17.912,,,"Repository: ILO-STATISTICS - Micro data processing"
"Viet Nam","LFS - Labour Force Survey","SDG indicator 9.2.2 - Manufacturing employment as a proportion of total employment (%)","2017",17.347,,,"Repository: ILO-STATISTICS - Micro data processing"
"Viet Nam","LFS - Labour Force Survey","SDG indicator 9.2.2 - Manufacturing employment as a proportion of total employment (%)","2016",16.665,,,"Repository: ILO-STATISTICS - Micro data processing"
"Viet Nam","LFS - Labour Force Survey","SDG indicator 9.2.2 - Manufacturing employment as a proportion of total employment (%)","2015",15.693,,,"Repository: ILO-STATISTICS - Micro data processing"
"Viet Nam","LFS - Labour Force Survey","SDG indicator 9.2.2 - Manufacturing employment as a proportion of total employment (%)","2014",14.439,,,"Repository: ILO-STATISTICS - Micro data processing"
"Vanuatu","PC - Population and Housing Census","SDG indicator 9.2.2 - Manufacturing employment as a proportion of total employment (%)","2020",3.983,,,"Repository: ILO-STATISTICS - Micro data processing"
"Vanuatu","HIES - Household Income and Expenditure Survey","SDG indicator 9.2.2 - Manufacturing employment as a proportion of total employment (%)","2019",4.016,,,"Repository: ILO-STATISTICS - Micro data processing"
"Wallis and Futuna","PC - Population Census","SDG indicator 9.2.2 - Manufacturing employment as a proportion of total employment (%)","2023",5.773,,,"Repository: ILO-STATISTICS - Micro data processing"
"Wallis and Futuna","HIES - Household Income and Expenditure Survey","SDG indicator 9.2.2 - Manufacturing employment as a proportion of total employment (%)","2019",4,,,"Repository: ILO-STATISTICS - Micro data processing"
"Wallis and Futuna","PC - Population Census","SDG indicator 9.2.2 - Manufacturing employment as a proportion of total employment (%)","2018",2.983,,,"Repository: ILO-STATISTICS - Micro data processing"
"Samoa","LFS - Labour Force Survey","SDG indicator 9.2.2 - Manufacturing employment as a proportion of total employment (%)","2022",6.008,"Break in series","Break in series: Methodology revised","Repository: ILO-STATISTICS - Micro data processing"
"Samoa","LFS - Labour Force Survey","SDG indicator 9.2.2 - Manufacturing employment as a proportion of total employment (%)","2017",5.13,"Break in series","Break in series: Methodology revised","Repository: ILO-STATISTICS - Micro data processing"
"Samoa","LFS - Labour Force Survey","SDG indicator 9.2.2 - Manufacturing employment as a proportion of total employment (%)","2014",6.806,,,"Data reference period: October"
"World","ILO - Modelled Estimates","SDG indicator 9.2.2 - Manufacturing employment as a proportion of total employment (%)","2023",14.086,,,
"World","ILO - Modelled Estimates","SDG indicator 9.2.2 - Manufacturing employment as a proportion of total employment (%)","2022",14.071,,,
"World","ILO - Modelled Estimates","SDG indicator 9.2.2 - Manufacturing employment as a proportion of total employment (%)","2021",14.15,,,
"World","ILO - Modelled Estimates","SDG indicator 9.2.2 - Manufacturing employment as a proportion of total employment (%)","2020",14.157,,,
"World","ILO - Modelled Estimates","SDG indicator 9.2.2 - Manufacturing employment as a proportion of total employment (%)","2019",14.201,,,
"World","ILO - Modelled Estimates","SDG indicator 9.2.2 - Manufacturing employment as a proportion of total employment (%)","2018",14.262,,,
"World","ILO - Modelled Estimates","SDG indicator 9.2.2 - Manufacturing employment as a proportion of total employment (%)","2017",14.248,,,
"World","ILO - Modelled Estimates","SDG indicator 9.2.2 - Manufacturing employment as a proportion of total employment (%)","2016",14.221,,,
"World","ILO - Modelled Estimates","SDG indicator 9.2.2 - Manufacturing employment as a proportion of total employment (%)","2015",14.291,,,
"World","ILO - Modelled Estimates","SDG indicator 9.2.2 - Manufacturing employment as a proportion of total employment (%)","2014",14.435,,,
"World: Low income","ILO - Modelled Estimates","SDG indicator 9.2.2 - Manufacturing employment as a proportion of total employment (%)","2023",5.574,,,
"World: Low income","ILO - Modelled Estimates","SDG indicator 9.2.2 - Manufacturing employment as a proportion of total employment (%)","2022",5.574,,,
"World: Low income","ILO - Modelled Estimates","SDG indicator 9.2.2 - Manufacturing employment as a proportion of total employment (%)","2021",5.606,,,
"World: Low income","ILO - Modelled Estimates","SDG indicator 9.2.2 - Manufacturing employment as a proportion of total employment (%)","2020",5.669,,,
"World: Low income","ILO - Modelled Estimates","SDG indicator 9.2.2 - Manufacturing employment as a proportion of total employment (%)","2019",5.651,,,
"World: Low income","ILO - Modelled Estimates","SDG indicator 9.2.2 - Manufacturing employment as a proportion of total employment (%)","2018",5.72,,,
"World: Low income","ILO - Modelled Estimates","SDG indicator 9.2.2 - Manufacturing employment as a proportion of total employment (%)","2017",5.838,,,
"World: Low income","ILO - Modelled Estimates","SDG indicator 9.2.2 - Manufacturing employment as a proportion of total employment (%)","2016",5.884,,,
"World: Low income","ILO - Modelled Estimates","SDG indicator 9.2.2 - Manufacturing employment as a proportion of total employment (%)","2015",6,,,
"World: Low income","ILO - Modelled Estimates","SDG indicator 9.2.2 - Manufacturing employment as a proportion of total employment (%)","2014",6.038,,,
"World: Lower-middle income","ILO - Modelled Estimates","SDG indicator 9.2.2 - Manufacturing employment as a proportion of total employment (%)","2023",12.2,,,
"World: Lower-middle income","ILO - Modelled Estimates","SDG indicator 9.2.2 - Manufacturing employment as a proportion of total employment (%)","2022",12.024,,,
"World: Lower-middle income","ILO - Modelled Estimates","SDG indicator 9.2.2 - Manufacturing employment as a proportion of total employment (%)","2021",11.924,,,
"World: Lower-middle income","ILO - Modelled Estimates","SDG indicator 9.2.2 - Manufacturing employment as a proportion of total employment (%)","2020",11.741,,,
"World: Lower-middle income","ILO - Modelled Estimates","SDG indicator 9.2.2 - Manufacturing employment as a proportion of total employment (%)","2019",12.004,,,
"World: Lower-middle income","ILO - Modelled Estimates","SDG indicator 9.2.2 - Manufacturing employment as a proportion of total employment (%)","2018",12.063,,,
"World: Lower-middle income","ILO - Modelled Estimates","SDG indicator 9.2.2 - Manufacturing employment as a proportion of total employment (%)","2017",12.025,,,
"World: Lower-middle income","ILO - Modelled Estimates","SDG indicator 9.2.2 - Manufacturing employment as a proportion of total employment (%)","2016",11.944,,,
"World: Lower-middle income","ILO - Modelled Estimates","SDG indicator 9.2.2 - Manufacturing employment as a proportion of total employment (%)","2015",11.944,,,
"World: Lower-middle income","ILO - Modelled Estimates","SDG indicator 9.2.2 - Manufacturing employment as a proportion of total employment (%)","2014",11.831,,,
"World: Upper-middle income","ILO - Modelled Estimates","SDG indicator 9.2.2 - Manufacturing employment as a proportion of total employment (%)","2023",17.973,,,
"World: Upper-middle income","ILO - Modelled Estimates","SDG indicator 9.2.2 - Manufacturing employment as a proportion of total employment (%)","2022",17.966,,,
"World: Upper-middle income","ILO - Modelled Estimates","SDG indicator 9.2.2 - Manufacturing employment as a proportion of total employment (%)","2021",18.034,,,
"World: Upper-middle income","ILO - Modelled Estimates","SDG indicator 9.2.2 - Manufacturing employment as a proportion of total employment (%)","2020",18.062,,,
"World: Upper-middle income","ILO - Modelled Estimates","SDG indicator 9.2.2 - Manufacturing employment as a proportion of total employment (%)","2019",17.849,,,
"World: Upper-middle income","ILO - Modelled Estimates","SDG indicator 9.2.2 - Manufacturing employment as a proportion of total employment (%)","2018",17.823,,,
"World: Upper-middle income","ILO - Modelled Estimates","SDG indicator 9.2.2 - Manufacturing employment as a proportion of total employment (%)","2017",17.712,,,
"World: Upper-middle income","ILO - Modelled Estimates","SDG indicator 9.2.2 - Manufacturing employment as a proportion of total employment (%)","2016",17.629,,,
"World: Upper-middle income","ILO - Modelled Estimates","SDG indicator 9.2.2 - Manufacturing employment as a proportion of total employment (%)","2015",17.684,,,
"World: Upper-middle income","ILO - Modelled Estimates","SDG indicator 9.2.2 - Manufacturing employment as a proportion of total employment (%)","2014",18.045,,,
"World: High income","ILO - Modelled Estimates","SDG indicator 9.2.2 - Manufacturing employment as a proportion of total employment (%)","2023",12.874,,,
"World: High income","ILO - Modelled Estimates","SDG indicator 9.2.2 - Manufacturing employment as a proportion of total employment (%)","2022",12.977,,,
"World: High income","ILO - Modelled Estimates","SDG indicator 9.2.2 - Manufacturing employment as a proportion of total employment (%)","2021",13.136,,,
"World: High income","ILO - Modelled Estimates","SDG indicator 9.2.2 - Manufacturing employment as a proportion of total employment (%)","2020",13.352,,,
"World: High income","ILO - Modelled Estimates","SDG indicator 9.2.2 - Manufacturing employment as a proportion of total employment (%)","2019",13.366,,,
"World: High income","ILO - Modelled Estimates","SDG indicator 9.2.2 - Manufacturing employment as a proportion of total employment (%)","2018",13.466,,,
"World: High income","ILO - Modelled Estimates","SDG indicator 9.2.2 - Manufacturing employment as a proportion of total employment (%)","2017",13.538,,,
"World: High income","ILO - Modelled Estimates","SDG indicator 9.2.2 - Manufacturing employment as a proportion of total employment (%)","2016",13.606,,,
"World: High income","ILO - Modelled Estimates","SDG indicator 9.2.2 - Manufacturing employment as a proportion of total employment (%)","2015",13.696,,,
"World: High income","ILO - Modelled Estimates","SDG indicator 9.2.2 - Manufacturing employment as a proportion of total employment (%)","2014",13.764,,,
"Africa","ILO - Modelled Estimates","SDG indicator 9.2.2 - Manufacturing employment as a proportion of total employment (%)","2023",8.373,,,
"Africa","ILO - Modelled Estimates","SDG indicator 9.2.2 - Manufacturing employment as a proportion of total employment (%)","2022",8.33,,,
"Africa","ILO - Modelled Estimates","SDG indicator 9.2.2 - Manufacturing employment as a proportion of total employment (%)","2021",8.04,,,
"Africa","ILO - Modelled Estimates","SDG indicator 9.2.2 - Manufacturing employment as a proportion of total employment (%)","2020",7.943,,,
"Africa","ILO - Modelled Estimates","SDG indicator 9.2.2 - Manufacturing employment as a proportion of total employment (%)","2019",7.754,,,
"Africa","ILO - Modelled Estimates","SDG indicator 9.2.2 - Manufacturing employment as a proportion of total employment (%)","2018",7.691,,,
"Africa","ILO - Modelled Estimates","SDG indicator 9.2.2 - Manufacturing employment as a proportion of total employment (%)","2017",7.676,,,
"Africa","ILO - Modelled Estimates","SDG indicator 9.2.2 - Manufacturing employment as a proportion of total employment (%)","2016",7.589,,,
"Africa","ILO - Modelled Estimates","SDG indicator 9.2.2 - Manufacturing employment as a proportion of total employment (%)","2015",7.575,,,
"Africa","ILO - Modelled Estimates","SDG indicator 9.2.2 - Manufacturing employment as a proportion of total employment (%)","2014",7.454,,,
"Africa: Low income","ILO - Modelled Estimates","SDG indicator 9.2.2 - Manufacturing employment as a proportion of total employment (%)","2023",5.16,,,
"Africa: Low income","ILO - Modelled Estimates","SDG indicator 9.2.2 - Manufacturing employment as a proportion of total employment (%)","2022",5.156,,,
"Africa: Low income","ILO - Modelled Estimates","SDG indicator 9.2.2 - Manufacturing employment as a proportion of total employment (%)","2021",5.182,,,
"Africa: Low income","ILO - Modelled Estimates","SDG indicator 9.2.2 - Manufacturing employment as a proportion of total employment (%)","2020",5.244,,,
"Africa: Low income","ILO - Modelled Estimates","SDG indicator 9.2.2 - Manufacturing employment as a proportion of total employment (%)","2019",5.232,,,
"Africa: Low income","ILO - Modelled Estimates","SDG indicator 9.2.2 - Manufacturing employment as a proportion of total employment (%)","2018",5.307,,,
"Africa: Low income","ILO - Modelled Estimates","SDG indicator 9.2.2 - Manufacturing employment as a proportion of total employment (%)","2017",5.43,,,
"Africa: Low income","ILO - Modelled Estimates","SDG indicator 9.2.2 - Manufacturing employment as a proportion of total employment (%)","2016",5.455,,,
"Africa: Low income","ILO - Modelled Estimates","SDG indicator 9.2.2 - Manufacturing employment as a proportion of total employment (%)","2015",5.569,,,
"Africa: Low income","ILO - Modelled Estimates","SDG indicator 9.2.2 - Manufacturing employment as a proportion of total employment (%)","2014",5.579,,,
"Africa: Lower-middle income","ILO - Modelled Estimates","SDG indicator 9.2.2 - Manufacturing employment as a proportion of total employment (%)","2023",10.754,,,
"Africa: Lower-middle income","ILO - Modelled Estimates","SDG indicator 9.2.2 - Manufacturing employment as a proportion of total employment (%)","2022",10.635,,,
"Africa: Lower-middle income","ILO - Modelled Estimates","SDG indicator 9.2.2 - Manufacturing employment as a proportion of total employment (%)","2021",10.092,,,
"Africa: Lower-middle income","ILO - Modelled Estimates","SDG indicator 9.2.2 - Manufacturing employment as a proportion of total employment (%)","2020",9.839,,,
"Africa: Lower-middle income","ILO - Modelled Estimates","SDG indicator 9.2.2 - Manufacturing employment as a proportion of total employment (%)","2019",9.411,,,
"Africa: Lower-middle income","ILO - Modelled Estimates","SDG indicator 9.2.2 - Manufacturing employment as a proportion of total employment (%)","2018",9.211,,,
"Africa: Lower-middle income","ILO - Modelled Estimates","SDG indicator 9.2.2 - Manufacturing employment as a proportion of total employment (%)","2017",9.058,,,
"Africa: Lower-middle income","ILO - Modelled Estimates","SDG indicator 9.2.2 - Manufacturing employment as a proportion of total employment (%)","2016",8.857,,,
"Africa: Lower-middle income","ILO - Modelled Estimates","SDG indicator 9.2.2 - Manufacturing employment as a proportion of total employment (%)","2015",8.71,,,
"Africa: Lower-middle income","ILO - Modelled Estimates","SDG indicator 9.2.2 - Manufacturing employment as a proportion of total employment (%)","2014",8.434,,,
"Africa: Upper-middle income","ILO - Modelled Estimates","SDG indicator 9.2.2 - Manufacturing employment as a proportion of total employment (%)","2023",8.826,,,
"Africa: Upper-middle income","ILO - Modelled Estimates","SDG indicator 9.2.2 - Manufacturing employment as a proportion of total employment (%)","2022",9.218,,,
"Africa: Upper-middle income","ILO - Modelled Estimates","SDG indicator 9.2.2 - Manufacturing employment as a proportion of total employment (%)","2021",8.896,,,
"Africa: Upper-middle income","ILO - Modelled Estimates","SDG indicator 9.2.2 - Manufacturing employment as a proportion of total employment (%)","2020",9.154,,,
"Africa: Upper-middle income","ILO - Modelled Estimates","SDG indicator 9.2.2 - Manufacturing employment as a proportion of total employment (%)","2019",9.707,,,
"Africa: Upper-middle income","ILO - Modelled Estimates","SDG indicator 9.2.2 - Manufacturing employment as a proportion of total employment (%)","2018",9.78,,,
"Africa: Upper-middle income","ILO - Modelled Estimates","SDG indicator 9.2.2 - Manufacturing employment as a proportion of total employment (%)","2017",9.889,,,
"Africa: Upper-middle income","ILO - Modelled Estimates","SDG indicator 9.2.2 - Manufacturing employment as a proportion of total employment (%)","2016",9.96,,,
"Africa: Upper-middle income","ILO - Modelled Estimates","SDG indicator 9.2.2 - Manufacturing employment as a proportion of total employment (%)","2015",10.247,,,
"Africa: Upper-middle income","ILO - Modelled Estimates","SDG indicator 9.2.2 - Manufacturing employment as a proportion of total employment (%)","2014",10.532,,,
"Northern Africa","ILO - Modelled Estimates","SDG indicator 9.2.2 - Manufacturing employment as a proportion of total employment (%)","2023",10.674,,,
"Northern Africa","ILO - Modelled Estimates","SDG indicator 9.2.2 - Manufacturing employment as a proportion of total employment (%)","2022",10.7,,,
"Northern Africa","ILO - Modelled Estimates","SDG indicator 9.2.2 - Manufacturing employment as a proportion of total employment (%)","2021",10.792,,,
"Northern Africa","ILO - Modelled Estimates","SDG indicator 9.2.2 - Manufacturing employment as a proportion of total employment (%)","2020",11.028,,,
"Northern Africa","ILO - Modelled Estimates","SDG indicator 9.2.2 - Manufacturing employment as a proportion of total employment (%)","2019",11.033,,,
"Northern Africa","ILO - Modelled Estimates","SDG indicator 9.2.2 - Manufacturing employment as a proportion of total employment (%)","2018",10.926,,,
"Northern Africa","ILO - Modelled Estimates","SDG indicator 9.2.2 - Manufacturing employment as a proportion of total employment (%)","2017",10.782,,,
"Northern Africa","ILO - Modelled Estimates","SDG indicator 9.2.2 - Manufacturing employment as a proportion of total employment (%)","2016",10.707,,,
"Northern Africa","ILO - Modelled Estimates","SDG indicator 9.2.2 - Manufacturing employment as a proportion of total employment (%)","2015",10.723,,,
"Northern Africa","ILO - Modelled Estimates","SDG indicator 9.2.2 - Manufacturing employment as a proportion of total employment (%)","2014",10.838,,,
"Northern Africa: Lower-middle income","ILO - Modelled Estimates","SDG indicator 9.2.2 - Manufacturing employment as a proportion of total employment (%)","2023",12.675,,,
"Northern Africa: Lower-middle income","ILO - Modelled Estimates","SDG indicator 9.2.2 - Manufacturing employment as a proportion of total employment (%)","2022",12.688,,,
"Northern Africa: Lower-middle income","ILO - Modelled Estimates","SDG indicator 9.2.2 - Manufacturing employment as a proportion of total employment (%)","2021",12.656,,,
"Northern Africa: Lower-middle income","ILO - Modelled Estimates","SDG indicator 9.2.2 - Manufacturing employment as a proportion of total employment (%)","2020",12.98,,,
"Northern Africa: Lower-middle income","ILO - Modelled Estimates","SDG indicator 9.2.2 - Manufacturing employment as a proportion of total employment (%)","2019",12.913,,,
"Northern Africa: Lower-middle income","ILO - Modelled Estimates","SDG indicator 9.2.2 - Manufacturing employment as a proportion of total employment (%)","2018",12.616,,,
"Northern Africa: Lower-middle income","ILO - Modelled Estimates","SDG indicator 9.2.2 - Manufacturing employment as a proportion of total employment (%)","2017",12.281,,,
"Northern Africa: Lower-middle income","ILO - Modelled Estimates","SDG indicator 9.2.2 - Manufacturing employment as a proportion of total employment (%)","2016",11.904,,,
"Northern Africa: Lower-middle income","ILO - Modelled Estimates","SDG indicator 9.2.2 - Manufacturing employment as a proportion of total employment (%)","2015",11.769,,,
"Northern Africa: Lower-middle income","ILO - Modelled Estimates","SDG indicator 9.2.2 - Manufacturing employment as a proportion of total employment (%)","2014",11.751,,,
"Northern Africa: Upper-middle income","ILO - Modelled Estimates","SDG indicator 9.2.2 - Manufacturing employment as a proportion of total employment (%)","2023",10.08,,,
"Northern Africa: Upper-middle income","ILO - Modelled Estimates","SDG indicator 9.2.2 - Manufacturing employment as a proportion of total employment (%)","2022",10.13,,,
"Northern Africa: Upper-middle income","ILO - Modelled Estimates","SDG indicator 9.2.2 - Manufacturing employment as a proportion of total employment (%)","2021",10.175,,,
"Northern Africa: Upper-middle income","ILO - Modelled Estimates","SDG indicator 9.2.2 - Manufacturing employment as a proportion of total employment (%)","2020",10.279,,,
"Northern Africa: Upper-middle income","ILO - Modelled Estimates","SDG indicator 9.2.2 - Manufacturing employment as a proportion of total employment (%)","2019",10.297,,,
"Northern Africa: Upper-middle income","ILO - Modelled Estimates","SDG indicator 9.2.2 - Manufacturing employment as a proportion of total employment (%)","2018",10.42,,,
"Northern Africa: Upper-middle income","ILO - Modelled Estimates","SDG indicator 9.2.2 - Manufacturing employment as a proportion of total employment (%)","2017",10.451,,,
"Northern Africa: Upper-middle income","ILO - Modelled Estimates","SDG indicator 9.2.2 - Manufacturing employment as a proportion of total employment (%)","2016",10.844,,,
"Northern Africa: Upper-middle income","ILO - Modelled Estimates","SDG indicator 9.2.2 - Manufacturing employment as a proportion of total employment (%)","2015",11.025,,,
"Northern Africa: Upper-middle income","ILO - Modelled Estimates","SDG indicator 9.2.2 - Manufacturing employment as a proportion of total employment (%)","2014",11.198,,,
"Sub-Saharan Africa","ILO - Modelled Estimates","SDG indicator 9.2.2 - Manufacturing employment as a proportion of total employment (%)","2023",8.033,,,
"Sub-Saharan Africa","ILO - Modelled Estimates","SDG indicator 9.2.2 - Manufacturing employment as a proportion of total employment (%)","2022",7.972,,,
"Sub-Saharan Africa","ILO - Modelled Estimates","SDG indicator 9.2.2 - Manufacturing employment as a proportion of total employment (%)","2021",7.62,,,
"Sub-Saharan Africa","ILO - Modelled Estimates","SDG indicator 9.2.2 - Manufacturing employment as a proportion of total employment (%)","2020",7.475,,,
"Sub-Saharan Africa","ILO - Modelled Estimates","SDG indicator 9.2.2 - Manufacturing employment as a proportion of total employment (%)","2019",7.241,,,
"Sub-Saharan Africa","ILO - Modelled Estimates","SDG indicator 9.2.2 - Manufacturing employment as a proportion of total employment (%)","2018",7.181,,,
"Sub-Saharan Africa","ILO - Modelled Estimates","SDG indicator 9.2.2 - Manufacturing employment as a proportion of total employment (%)","2017",7.181,,,
"Sub-Saharan Africa","ILO - Modelled Estimates","SDG indicator 9.2.2 - Manufacturing employment as a proportion of total employment (%)","2016",7.08,,,
"Sub-Saharan Africa","ILO - Modelled Estimates","SDG indicator 9.2.2 - Manufacturing employment as a proportion of total employment (%)","2015",7.057,,,
"Sub-Saharan Africa","ILO - Modelled Estimates","SDG indicator 9.2.2 - Manufacturing employment as a proportion of total employment (%)","2014",6.886,,,
"Sub-Saharan Africa: Low income","ILO - Modelled Estimates","SDG indicator 9.2.2 - Manufacturing employment as a proportion of total employment (%)","2023",5.288,,,
"Sub-Saharan Africa: Low income","ILO - Modelled Estimates","SDG indicator 9.2.2 - Manufacturing employment as a proportion of total employment (%)","2022",5.282,,,
"Sub-Saharan Africa: Low income","ILO - Modelled Estimates","SDG indicator 9.2.2 - Manufacturing employment as a proportion of total employment (%)","2021",5.29,,,
"Sub-Saharan Africa: Low income","ILO - Modelled Estimates","SDG indicator 9.2.2 - Manufacturing employment as a proportion of total employment (%)","2020",5.342,,,
"Sub-Saharan Africa: Low income","ILO - Modelled Estimates","SDG indicator 9.2.2 - Manufacturing employment as a proportion of total employment (%)","2019",5.316,,,
"Sub-Saharan Africa: Low income","ILO - Modelled Estimates","SDG indicator 9.2.2 - Manufacturing employment as a proportion of total employment (%)","2018",5.374,,,
"Sub-Saharan Africa: Low income","ILO - Modelled Estimates","SDG indicator 9.2.2 - Manufacturing employment as a proportion of total employment (%)","2017",5.484,,,
"Sub-Saharan Africa: Low income","ILO - Modelled Estimates","SDG indicator 9.2.2 - Manufacturing employment as a proportion of total employment (%)","2016",5.487,,,
"Sub-Saharan Africa: Low income","ILO - Modelled Estimates","SDG indicator 9.2.2 - Manufacturing employment as a proportion of total employment (%)","2015",5.582,,,
"Sub-Saharan Africa: Low income","ILO - Modelled Estimates","SDG indicator 9.2.2 - Manufacturing employment as a proportion of total employment (%)","2014",5.566,,,
"Sub-Saharan Africa: Lower-middle income","ILO - Modelled Estimates","SDG indicator 9.2.2 - Manufacturing employment as a proportion of total employment (%)","2023",10.39,,,
"Sub-Saharan Africa: Lower-middle income","ILO - Modelled Estimates","SDG indicator 9.2.2 - Manufacturing employment as a proportion of total employment (%)","2022",10.238,,,
"Sub-Saharan Africa: Lower-middle income","ILO - Modelled Estimates","SDG indicator 9.2.2 - Manufacturing employment as a proportion of total employment (%)","2021",9.584,,,
"Sub-Saharan Africa: Lower-middle income","ILO - Modelled Estimates","SDG indicator 9.2.2 - Manufacturing employment as a proportion of total employment (%)","2020",9.224,,,
"Sub-Saharan Africa: Lower-middle income","ILO - Modelled Estimates","SDG indicator 9.2.2 - Manufacturing employment as a proportion of total employment (%)","2019",8.705,,,
"Sub-Saharan Africa: Lower-middle income","ILO - Modelled Estimates","SDG indicator 9.2.2 - Manufacturing employment as a proportion of total employment (%)","2018",8.52,,,
"Sub-Saharan Africa: Lower-middle income","ILO - Modelled Estimates","SDG indicator 9.2.2 - Manufacturing employment as a proportion of total employment (%)","2017",8.396,,,
"Sub-Saharan Africa: Lower-middle income","ILO - Modelled Estimates","SDG indicator 9.2.2 - Manufacturing employment as a proportion of total employment (%)","2016",8.213,,,
"Sub-Saharan Africa: Lower-middle income","ILO - Modelled Estimates","SDG indicator 9.2.2 - Manufacturing employment as a proportion of total employment (%)","2015",8.051,,,
"Sub-Saharan Africa: Lower-middle income","ILO - Modelled Estimates","SDG indicator 9.2.2 - Manufacturing employment as a proportion of total employment (%)","2014",7.701,,,
"Sub-Saharan Africa: Upper-middle income","ILO - Modelled Estimates","SDG indicator 9.2.2 - Manufacturing employment as a proportion of total employment (%)","2023",8.051,,,
"Sub-Saharan Africa: Upper-middle income","ILO - Modelled Estimates","SDG indicator 9.2.2 - Manufacturing employment as a proportion of total employment (%)","2022",8.633,,,
"Sub-Saharan Africa: Upper-middle income","ILO - Modelled Estimates","SDG indicator 9.2.2 - Manufacturing employment as a proportion of total employment (%)","2021",8.084,,,
"Sub-Saharan Africa: Upper-middle income","ILO - Modelled Estimates","SDG indicator 9.2.2 - Manufacturing employment as a proportion of total employment (%)","2020",8.475,,,
"Sub-Saharan Africa: Upper-middle income","ILO - Modelled Estimates","SDG indicator 9.2.2 - Manufacturing employment as a proportion of total employment (%)","2019",9.347,,,
"Sub-Saharan Africa: Upper-middle income","ILO - Modelled Estimates","SDG indicator 9.2.2 - Manufacturing employment as a proportion of total employment (%)","2018",9.39,,,
"Sub-Saharan Africa: Upper-middle income","ILO - Modelled Estimates","SDG indicator 9.2.2 - Manufacturing employment as a proportion of total employment (%)","2017",9.547,,,
"Sub-Saharan Africa: Upper-middle income","ILO - Modelled Estimates","SDG indicator 9.2.2 - Manufacturing employment as a proportion of total employment (%)","2016",9.411,,,
"Sub-Saharan Africa: Upper-middle income","ILO - Modelled Estimates","SDG indicator 9.2.2 - Manufacturing employment as a proportion of total employment (%)","2015",9.775,,,
"Sub-Saharan Africa: Upper-middle income","ILO - Modelled Estimates","SDG indicator 9.2.2 - Manufacturing employment as a proportion of total employment (%)","2014",10.111,,,
"Central Africa","ILO - Modelled Estimates","SDG indicator 9.2.2 - Manufacturing employment as a proportion of total employment (%)","2023",6.513,,,
"Central Africa","ILO - Modelled Estimates","SDG indicator 9.2.2 - Manufacturing employment as a proportion of total employment (%)","2022",6.513,,,
"Central Africa","ILO - Modelled Estimates","SDG indicator 9.2.2 - Manufacturing employment as a proportion of total employment (%)","2021",6.48,,,
"Central Africa","ILO - Modelled Estimates","SDG indicator 9.2.2 - Manufacturing employment as a proportion of total employment (%)","2020",6.589,,,
"Central Africa","ILO - Modelled Estimates","SDG indicator 9.2.2 - Manufacturing employment as a proportion of total employment (%)","2019",6.609,,,
"Central Africa","ILO - Modelled Estimates","SDG indicator 9.2.2 - Manufacturing employment as a proportion of total employment (%)","2018",6.585,,,
"Central Africa","ILO - Modelled Estimates","SDG indicator 9.2.2 - Manufacturing employment as a proportion of total employment (%)","2017",6.524,,,
"Central Africa","ILO - Modelled Estimates","SDG indicator 9.2.2 - Manufacturing employment as a proportion of total employment (%)","2016",6.472,,,
"Central Africa","ILO - Modelled Estimates","SDG indicator 9.2.2 - Manufacturing employment as a proportion of total employment (%)","2015",6.417,,,
"Central Africa","ILO - Modelled Estimates","SDG indicator 9.2.2 - Manufacturing employment as a proportion of total employment (%)","2014",6.337,,,
"Eastern Africa","ILO - Modelled Estimates","SDG indicator 9.2.2 - Manufacturing employment as a proportion of total employment (%)","2023",4.567,,,
"Eastern Africa","ILO - Modelled Estimates","SDG indicator 9.2.2 - Manufacturing employment as a proportion of total employment (%)","2022",4.56,,,
"Eastern Africa","ILO - Modelled Estimates","SDG indicator 9.2.2 - Manufacturing employment as a proportion of total employment (%)","2021",4.594,,,
"Eastern Africa","ILO - Modelled Estimates","SDG indicator 9.2.2 - Manufacturing employment as a proportion of total employment (%)","2020",4.595,,,
"Eastern Africa","ILO - Modelled Estimates","SDG indicator 9.2.2 - Manufacturing employment as a proportion of total employment (%)","2019",4.561,,,
"Eastern Africa","ILO - Modelled Estimates","SDG indicator 9.2.2 - Manufacturing employment as a proportion of total employment (%)","2018",4.653,,,
"Eastern Africa","ILO - Modelled Estimates","SDG indicator 9.2.2 - Manufacturing employment as a proportion of total employment (%)","2017",4.777,,,
"Eastern Africa","ILO - Modelled Estimates","SDG indicator 9.2.2 - Manufacturing employment as a proportion of total employment (%)","2016",4.813,,,
"Eastern Africa","ILO - Modelled Estimates","SDG indicator 9.2.2 - Manufacturing employment as a proportion of total employment (%)","2015",4.846,,,
"Eastern Africa","ILO - Modelled Estimates","SDG indicator 9.2.2 - Manufacturing employment as a proportion of total employment (%)","2014",4.824,,,
"Southern Africa","ILO - Modelled Estimates","SDG indicator 9.2.2 - Manufacturing employment as a proportion of total employment (%)","2023",8.594,,,
"Southern Africa","ILO - Modelled Estimates","SDG indicator 9.2.2 - Manufacturing employment as a proportion of total employment (%)","2022",9.216,,,
"Southern Africa","ILO - Modelled Estimates","SDG indicator 9.2.2 - Manufacturing employment as a proportion of total employment (%)","2021",8.605,,,
"Southern Africa","ILO - Modelled Estimates","SDG indicator 9.2.2 - Manufacturing employment as a proportion of total employment (%)","2020",8.936,,,
"Southern Africa","ILO - Modelled Estimates","SDG indicator 9.2.2 - Manufacturing employment as a proportion of total employment (%)","2019",9.841,,,
"Southern Africa","ILO - Modelled Estimates","SDG indicator 9.2.2 - Manufacturing employment as a proportion of total employment (%)","2018",9.87,,,
"Southern Africa","ILO - Modelled Estimates","SDG indicator 9.2.2 - Manufacturing employment as a proportion of total employment (%)","2017",10.031,,,
"Southern Africa","ILO - Modelled Estimates","SDG indicator 9.2.2 - Manufacturing employment as a proportion of total employment (%)","2016",9.863,,,
"Southern Africa","ILO - Modelled Estimates","SDG indicator 9.2.2 - Manufacturing employment as a proportion of total employment (%)","2015",10.212,,,
"Southern Africa","ILO - Modelled Estimates","SDG indicator 9.2.2 - Manufacturing employment as a proportion of total employment (%)","2014",10.558,,,
"Western Africa","ILO - Modelled Estimates","SDG indicator 9.2.2 - Manufacturing employment as a proportion of total employment (%)","2023",12.256,,,
"Western Africa","ILO - Modelled Estimates","SDG indicator 9.2.2 - Manufacturing employment as a proportion of total employment (%)","2022",12.078,,,
"Western Africa","ILO - Modelled Estimates","SDG indicator 9.2.2 - Manufacturing employment as a proportion of total employment (%)","2021",11.22,,,
"Western Africa","ILO - Modelled Estimates","SDG indicator 9.2.2 - Manufacturing employment as a proportion of total employment (%)","2020",10.746,,,
"Western Africa","ILO - Modelled Estimates","SDG indicator 9.2.2 - Manufacturing employment as a proportion of total employment (%)","2019",10.067,,,
"Western Africa","ILO - Modelled Estimates","SDG indicator 9.2.2 - Manufacturing employment as a proportion of total employment (%)","2018",9.808,,,
"Western Africa","ILO - Modelled Estimates","SDG indicator 9.2.2 - Manufacturing employment as a proportion of total employment (%)","2017",9.669,,,
"Western Africa","ILO - Modelled Estimates","SDG indicator 9.2.2 - Manufacturing employment as a proportion of total employment (%)","2016",9.421,,,
"Western Africa","ILO - Modelled Estimates","SDG indicator 9.2.2 - Manufacturing employment as a proportion of total employment (%)","2015",9.302,,,
"Western Africa","ILO - Modelled Estimates","SDG indicator 9.2.2 - Manufacturing employment as a proportion of total employment (%)","2014",8.869,,,
"Americas","ILO - Modelled Estimates","SDG indicator 9.2.2 - Manufacturing employment as a proportion of total employment (%)","2023",11.179,,,
"Americas","ILO - Modelled Estimates","SDG indicator 9.2.2 - Manufacturing employment as a proportion of total employment (%)","2022",11.171,,,
"Americas","ILO - Modelled Estimates","SDG indicator 9.2.2 - Manufacturing employment as a proportion of total employment (%)","2021",11.196,,,
"Americas","ILO - Modelled Estimates","SDG indicator 9.2.2 - Manufacturing employment as a proportion of total employment (%)","2020",11.251,,,
"Americas","ILO - Modelled Estimates","SDG indicator 9.2.2 - Manufacturing employment as a proportion of total employment (%)","2019",11.375,,,
"Americas","ILO - Modelled Estimates","SDG indicator 9.2.2 - Manufacturing employment as a proportion of total employment (%)","2018",11.45,,,
"Americas","ILO - Modelled Estimates","SDG indicator 9.2.2 - Manufacturing employment as a proportion of total employment (%)","2017",11.508,,,
"Americas","ILO - Modelled Estimates","SDG indicator 9.2.2 - Manufacturing employment as a proportion of total employment (%)","2016",11.572,,,
"Americas","ILO - Modelled Estimates","SDG indicator 9.2.2 - Manufacturing employment as a proportion of total employment (%)","2015",11.852,,,
"Americas","ILO - Modelled Estimates","SDG indicator 9.2.2 - Manufacturing employment as a proportion of total employment (%)","2014",11.941,,,
"Americas: Lower-middle income","ILO - Modelled Estimates","SDG indicator 9.2.2 - Manufacturing employment as a proportion of total employment (%)","2023",10.678,,,
"Americas: Lower-middle income","ILO - Modelled Estimates","SDG indicator 9.2.2 - Manufacturing employment as a proportion of total employment (%)","2022",11.028,,,
"Americas: Lower-middle income","ILO - Modelled Estimates","SDG indicator 9.2.2 - Manufacturing employment as a proportion of total employment (%)","2021",11.214,,,
"Americas: Lower-middle income","ILO - Modelled Estimates","SDG indicator 9.2.2 - Manufacturing employment as a proportion of total employment (%)","2020",10.462,,,
"Americas: Lower-middle income","ILO - Modelled Estimates","SDG indicator 9.2.2 - Manufacturing employment as a proportion of total employment (%)","2019",10.746,,,
"Americas: Lower-middle income","ILO - Modelled Estimates","SDG indicator 9.2.2 - Manufacturing employment as a proportion of total employment (%)","2018",10.337,,,
"Americas: Lower-middle income","ILO - Modelled Estimates","SDG indicator 9.2.2 - Manufacturing employment as a proportion of total employment (%)","2017",10.27,,,
"Americas: Lower-middle income","ILO - Modelled Estimates","SDG indicator 9.2.2 - Manufacturing employment as a proportion of total employment (%)","2016",10.59,,,
"Americas: Lower-middle income","ILO - Modelled Estimates","SDG indicator 9.2.2 - Manufacturing employment as a proportion of total employment (%)","2015",10.184,,,
"Americas: Lower-middle income","ILO - Modelled Estimates","SDG indicator 9.2.2 - Manufacturing employment as a proportion of total employment (%)","2014",10.638,,,
"Americas: Upper-middle income","ILO - Modelled Estimates","SDG indicator 9.2.2 - Manufacturing employment as a proportion of total employment (%)","2023",12.251,,,
"Americas: Upper-middle income","ILO - Modelled Estimates","SDG indicator 9.2.2 - Manufacturing employment as a proportion of total employment (%)","2022",12.27,,,
"Americas: Upper-middle income","ILO - Modelled Estimates","SDG indicator 9.2.2 - Manufacturing employment as a proportion of total employment (%)","2021",12.311,,,
"Americas: Upper-middle income","ILO - Modelled Estimates","SDG indicator 9.2.2 - Manufacturing employment as a proportion of total employment (%)","2020",12.328,,,
"Americas: Upper-middle income","ILO - Modelled Estimates","SDG indicator 9.2.2 - Manufacturing employment as a proportion of total employment (%)","2019",12.354,,,
"Americas: Upper-middle income","ILO - Modelled Estimates","SDG indicator 9.2.2 - Manufacturing employment as a proportion of total employment (%)","2018",12.477,,,
"Americas: Upper-middle income","ILO - Modelled Estimates","SDG indicator 9.2.2 - Manufacturing employment as a proportion of total employment (%)","2017",12.54,,,
"Americas: Upper-middle income","ILO - Modelled Estimates","SDG indicator 9.2.2 - Manufacturing employment as a proportion of total employment (%)","2016",12.546,,,
"Americas: Upper-middle income","ILO - Modelled Estimates","SDG indicator 9.2.2 - Manufacturing employment as a proportion of total employment (%)","2015",12.959,,,
"Americas: Upper-middle income","ILO - Modelled Estimates","SDG indicator 9.2.2 - Manufacturing employment as a proportion of total employment (%)","2014",13.088,,,
"Americas: High income","ILO - Modelled Estimates","SDG indicator 9.2.2 - Manufacturing employment as a proportion of total employment (%)","2023",9.838,,,
"Americas: High income","ILO - Modelled Estimates","SDG indicator 9.2.2 - Manufacturing employment as a proportion of total employment (%)","2022",9.769,,,
"Americas: High income","ILO - Modelled Estimates","SDG indicator 9.2.2 - Manufacturing employment as a proportion of total employment (%)","2021",9.785,,,
"Americas: High income","ILO - Modelled Estimates","SDG indicator 9.2.2 - Manufacturing employment as a proportion of total employment (%)","2020",9.989,,,
"Americas: High income","ILO - Modelled Estimates","SDG indicator 9.2.2 - Manufacturing employment as a proportion of total employment (%)","2019",10.199,,,
"Americas: High income","ILO - Modelled Estimates","SDG indicator 9.2.2 - Manufacturing employment as a proportion of total employment (%)","2018",10.252,,,
"Americas: High income","ILO - Modelled Estimates","SDG indicator 9.2.2 - Manufacturing employment as a proportion of total employment (%)","2017",10.306,,,
"Americas: High income","ILO - Modelled Estimates","SDG indicator 9.2.2 - Manufacturing employment as a proportion of total employment (%)","2016",10.413,,,
"Americas: High income","ILO - Modelled Estimates","SDG indicator 9.2.2 - Manufacturing employment as a proportion of total employment (%)","2015",10.556,,,
"Americas: High income","ILO - Modelled Estimates","SDG indicator 9.2.2 - Manufacturing employment as a proportion of total employment (%)","2014",10.557,,,
"Latin America and the Caribbean","ILO - Modelled Estimates","SDG indicator 9.2.2 - Manufacturing employment as a proportion of total employment (%)","2023",11.994,,,
"Latin America and the Caribbean","ILO - Modelled Estimates","SDG indicator 9.2.2 - Manufacturing employment as a proportion of total employment (%)","2022",12.031,,,
"Latin America and the Caribbean","ILO - Modelled Estimates","SDG indicator 9.2.2 - Manufacturing employment as a proportion of total employment (%)","2021",12.084,,,
"Latin America and the Caribbean","ILO - Modelled Estimates","SDG indicator 9.2.2 - Manufacturing employment as a proportion of total employment (%)","2020",12.066,,,
"Latin America and the Caribbean","ILO - Modelled Estimates","SDG indicator 9.2.2 - Manufacturing employment as a proportion of total employment (%)","2019",12.088,,,
"Latin America and the Caribbean","ILO - Modelled Estimates","SDG indicator 9.2.2 - Manufacturing employment as a proportion of total employment (%)","2018",12.193,,,
"Latin America and the Caribbean","ILO - Modelled Estimates","SDG indicator 9.2.2 - Manufacturing employment as a proportion of total employment (%)","2017",12.261,,,
"Latin America and the Caribbean","ILO - Modelled Estimates","SDG indicator 9.2.2 - Manufacturing employment as a proportion of total employment (%)","2016",12.289,,,
"Latin America and the Caribbean","ILO - Modelled Estimates","SDG indicator 9.2.2 - Manufacturing employment as a proportion of total employment (%)","2015",12.659,,,
"Latin America and the Caribbean","ILO - Modelled Estimates","SDG indicator 9.2.2 - Manufacturing employment as a proportion of total employment (%)","2014",12.802,,,
"Latin America and the Caribbean: Lower-middle income","ILO - Modelled Estimates","SDG indicator 9.2.2 - Manufacturing employment as a proportion of total employment (%)","2023",10.678,,,
"Latin America and the Caribbean: Lower-middle income","ILO - Modelled Estimates","SDG indicator 9.2.2 - Manufacturing employment as a proportion of total employment (%)","2022",11.028,,,
"Latin America and the Caribbean: Lower-middle income","ILO - Modelled Estimates","SDG indicator 9.2.2 - Manufacturing employment as a proportion of total employment (%)","2021",11.214,,,
"Latin America and the Caribbean: Lower-middle income","ILO - Modelled Estimates","SDG indicator 9.2.2 - Manufacturing employment as a proportion of total employment (%)","2020",10.462,,,
"Latin America and the Caribbean: Lower-middle income","ILO - Modelled Estimates","SDG indicator 9.2.2 - Manufacturing employment as a proportion of total employment (%)","2019",10.746,,,
"Latin America and the Caribbean: Lower-middle income","ILO - Modelled Estimates","SDG indicator 9.2.2 - Manufacturing employment as a proportion of total employment (%)","2018",10.337,,,
"Latin America and the Caribbean: Lower-middle income","ILO - Modelled Estimates","SDG indicator 9.2.2 - Manufacturing employment as a proportion of total employment (%)","2017",10.27,,,
"Latin America and the Caribbean: Lower-middle income","ILO - Modelled Estimates","SDG indicator 9.2.2 - Manufacturing employment as a proportion of total employment (%)","2016",10.59,,,
"Latin America and the Caribbean: Lower-middle income","ILO - Modelled Estimates","SDG indicator 9.2.2 - Manufacturing employment as a proportion of total employment (%)","2015",10.184,,,
"Latin America and the Caribbean: Lower-middle income","ILO - Modelled Estimates","SDG indicator 9.2.2 - Manufacturing employment as a proportion of total employment (%)","2014",10.638,,,
"Latin America and the Caribbean: Upper-middle income","ILO - Modelled Estimates","SDG indicator 9.2.2 - Manufacturing employment as a proportion of total employment (%)","2023",12.251,,,
"Latin America and the Caribbean: Upper-middle income","ILO - Modelled Estimates","SDG indicator 9.2.2 - Manufacturing employment as a proportion of total employment (%)","2022",12.27,,,
"Latin America and the Caribbean: Upper-middle income","ILO - Modelled Estimates","SDG indicator 9.2.2 - Manufacturing employment as a proportion of total employment (%)","2021",12.311,,,
"Latin America and the Caribbean: Upper-middle income","ILO - Modelled Estimates","SDG indicator 9.2.2 - Manufacturing employment as a proportion of total employment (%)","2020",12.328,,,
"Latin America and the Caribbean: Upper-middle income","ILO - Modelled Estimates","SDG indicator 9.2.2 - Manufacturing employment as a proportion of total employment (%)","2019",12.354,,,
"Latin America and the Caribbean: Upper-middle income","ILO - Modelled Estimates","SDG indicator 9.2.2 - Manufacturing employment as a proportion of total employment (%)","2018",12.477,,,
"Latin America and the Caribbean: Upper-middle income","ILO - Modelled Estimates","SDG indicator 9.2.2 - Manufacturing employment as a proportion of total employment (%)","2017",12.54,,,
"Latin America and the Caribbean: Upper-middle income","ILO - Modelled Estimates","SDG indicator 9.2.2 - Manufacturing employment as a proportion of total employment (%)","2016",12.546,,,
"Latin America and the Caribbean: Upper-middle income","ILO - Modelled Estimates","SDG indicator 9.2.2 - Manufacturing employment as a proportion of total employment (%)","2015",12.959,,,
"Latin America and the Caribbean: Upper-middle income","ILO - Modelled Estimates","SDG indicator 9.2.2 - Manufacturing employment as a proportion of total employment (%)","2014",13.088,,,
"Latin America and the Caribbean: High income","ILO - Modelled Estimates","SDG indicator 9.2.2 - Manufacturing employment as a proportion of total employment (%)","2023",9.063,,,
"Latin America and the Caribbean: High income","ILO - Modelled Estimates","SDG indicator 9.2.2 - Manufacturing employment as a proportion of total employment (%)","2022",9.043,,,
"Latin America and the Caribbean: High income","ILO - Modelled Estimates","SDG indicator 9.2.2 - Manufacturing employment as a proportion of total employment (%)","2021",9.14,,,
"Latin America and the Caribbean: High income","ILO - Modelled Estimates","SDG indicator 9.2.2 - Manufacturing employment as a proportion of total employment (%)","2020",9.459,,,
"Latin America and the Caribbean: High income","ILO - Modelled Estimates","SDG indicator 9.2.2 - Manufacturing employment as a proportion of total employment (%)","2019",9.132,,,
"Latin America and the Caribbean: High income","ILO - Modelled Estimates","SDG indicator 9.2.2 - Manufacturing employment as a proportion of total employment (%)","2018",9.496,,,
"Latin America and the Caribbean: High income","ILO - Modelled Estimates","SDG indicator 9.2.2 - Manufacturing employment as a proportion of total employment (%)","2017",9.715,,,
"Latin America and the Caribbean: High income","ILO - Modelled Estimates","SDG indicator 9.2.2 - Manufacturing employment as a proportion of total employment (%)","2016",9.736,,,
"Latin America and the Caribbean: High income","ILO - Modelled Estimates","SDG indicator 9.2.2 - Manufacturing employment as a proportion of total employment (%)","2015",10.12,,,
"Latin America and the Caribbean: High income","ILO - Modelled Estimates","SDG indicator 9.2.2 - Manufacturing employment as a proportion of total employment (%)","2014",10.165,,,
"Caribbean","ILO - Modelled Estimates","SDG indicator 9.2.2 - Manufacturing employment as a proportion of total employment (%)","2023",7.996,,,
"Caribbean","ILO - Modelled Estimates","SDG indicator 9.2.2 - Manufacturing employment as a proportion of total employment (%)","2022",7.908,,,
"Caribbean","ILO - Modelled Estimates","SDG indicator 9.2.2 - Manufacturing employment as a proportion of total employment (%)","2021",8.018,,,
"Caribbean","ILO - Modelled Estimates","SDG indicator 9.2.2 - Manufacturing employment as a proportion of total employment (%)","2020",8.175,,,
"Caribbean","ILO - Modelled Estimates","SDG indicator 9.2.2 - Manufacturing employment as a proportion of total employment (%)","2019",8.111,,,
"Caribbean","ILO - Modelled Estimates","SDG indicator 9.2.2 - Manufacturing employment as a proportion of total employment (%)","2018",8.127,,,
"Caribbean","ILO - Modelled Estimates","SDG indicator 9.2.2 - Manufacturing employment as a proportion of total employment (%)","2017",8.225,,,
"Caribbean","ILO - Modelled Estimates","SDG indicator 9.2.2 - Manufacturing employment as a proportion of total employment (%)","2016",8.342,,,
"Caribbean","ILO - Modelled Estimates","SDG indicator 9.2.2 - Manufacturing employment as a proportion of total employment (%)","2015",8.295,,,
"Caribbean","ILO - Modelled Estimates","SDG indicator 9.2.2 - Manufacturing employment as a proportion of total employment (%)","2014",8.432,,,
"Central America","ILO - Modelled Estimates","SDG indicator 9.2.2 - Manufacturing employment as a proportion of total employment (%)","2023",15.751,,,
"Central America","ILO - Modelled Estimates","SDG indicator 9.2.2 - Manufacturing employment as a proportion of total employment (%)","2022",15.794,,,
"Central America","ILO - Modelled Estimates","SDG indicator 9.2.2 - Manufacturing employment as a proportion of total employment (%)","2021",15.791,,,
"Central America","ILO - Modelled Estimates","SDG indicator 9.2.2 - Manufacturing employment as a proportion of total employment (%)","2020",15.826,,,
"Central America","ILO - Modelled Estimates","SDG indicator 9.2.2 - Manufacturing employment as a proportion of total employment (%)","2019",15.767,,,
"Central America","ILO - Modelled Estimates","SDG indicator 9.2.2 - Manufacturing employment as a proportion of total employment (%)","2018",15.936,,,
"Central America","ILO - Modelled Estimates","SDG indicator 9.2.2 - Manufacturing employment as a proportion of total employment (%)","2017",15.875,,,
"Central America","ILO - Modelled Estimates","SDG indicator 9.2.2 - Manufacturing employment as a proportion of total employment (%)","2016",15.764,,,
"Central America","ILO - Modelled Estimates","SDG indicator 9.2.2 - Manufacturing employment as a proportion of total employment (%)","2015",15.54,,,
"Central America","ILO - Modelled Estimates","SDG indicator 9.2.2 - Manufacturing employment as a proportion of total employment (%)","2014",15.55,,,
"South America","ILO - Modelled Estimates","SDG indicator 9.2.2 - Manufacturing employment as a proportion of total employment (%)","2023",10.857,,,
"South America","ILO - Modelled Estimates","SDG indicator 9.2.2 - Manufacturing employment as a proportion of total employment (%)","2022",10.918,,,
"South America","ILO - Modelled Estimates","SDG indicator 9.2.2 - Manufacturing employment as a proportion of total employment (%)","2021",10.974,,,
"South America","ILO - Modelled Estimates","SDG indicator 9.2.2 - Manufacturing employment as a proportion of total employment (%)","2020",10.947,,,
"South America","ILO - Modelled Estimates","SDG indicator 9.2.2 - Manufacturing employment as a proportion of total employment (%)","2019",11.015,,,
"South America","ILO - Modelled Estimates","SDG indicator 9.2.2 - Manufacturing employment as a proportion of total employment (%)","2018",11.114,,,
"South America","ILO - Modelled Estimates","SDG indicator 9.2.2 - Manufacturing employment as a proportion of total employment (%)","2017",11.241,,,
"South America","ILO - Modelled Estimates","SDG indicator 9.2.2 - Manufacturing employment as a proportion of total employment (%)","2016",11.326,,,
"South America","ILO - Modelled Estimates","SDG indicator 9.2.2 - Manufacturing employment as a proportion of total employment (%)","2015",11.977,,,
"South America","ILO - Modelled Estimates","SDG indicator 9.2.2 - Manufacturing employment as a proportion of total employment (%)","2014",12.179,,,
"Northern America","ILO - Modelled Estimates","SDG indicator 9.2.2 - Manufacturing employment as a proportion of total employment (%)","2023",9.9,,,
"Northern America","ILO - Modelled Estimates","SDG indicator 9.2.2 - Manufacturing employment as a proportion of total employment (%)","2022",9.826,,,
"Northern America","ILO - Modelled Estimates","SDG indicator 9.2.2 - Manufacturing employment as a proportion of total employment (%)","2021",9.835,,,
"Northern America","ILO - Modelled Estimates","SDG indicator 9.2.2 - Manufacturing employment as a proportion of total employment (%)","2020",10.03,,,
"Northern America","ILO - Modelled Estimates","SDG indicator 9.2.2 - Manufacturing employment as a proportion of total employment (%)","2019",10.285,,,
"Northern America","ILO - Modelled Estimates","SDG indicator 9.2.2 - Manufacturing employment as a proportion of total employment (%)","2018",10.313,,,
"Northern America","ILO - Modelled Estimates","SDG indicator 9.2.2 - Manufacturing employment as a proportion of total employment (%)","2017",10.353,,,
"Northern America","ILO - Modelled Estimates","SDG indicator 9.2.2 - Manufacturing employment as a proportion of total employment (%)","2016",10.468,,,
"Northern America","ILO - Modelled Estimates","SDG indicator 9.2.2 - Manufacturing employment as a proportion of total employment (%)","2015",10.592,,,
"Northern America","ILO - Modelled Estimates","SDG indicator 9.2.2 - Manufacturing employment as a proportion of total employment (%)","2014",10.589,,,
"Northern America: High income","ILO - Modelled Estimates","SDG indicator 9.2.2 - Manufacturing employment as a proportion of total employment (%)","2023",9.9,,,
"Northern America: High income","ILO - Modelled Estimates","SDG indicator 9.2.2 - Manufacturing employment as a proportion of total employment (%)","2022",9.826,,,
"Northern America: High income","ILO - Modelled Estimates","SDG indicator 9.2.2 - Manufacturing employment as a proportion of total employment (%)","2021",9.835,,,
"Northern America: High income","ILO - Modelled Estimates","SDG indicator 9.2.2 - Manufacturing employment as a proportion of total employment (%)","2020",10.03,,,
"Northern America: High income","ILO - Modelled Estimates","SDG indicator 9.2.2 - Manufacturing employment as a proportion of total employment (%)","2019",10.285,,,
"Northern America: High income","ILO - Modelled Estimates","SDG indicator 9.2.2 - Manufacturing employment as a proportion of total employment (%)","2018",10.313,,,
"Northern America: High income","ILO - Modelled Estimates","SDG indicator 9.2.2 - Manufacturing employment as a proportion of total employment (%)","2017",10.353,,,
"Northern America: High income","ILO - Modelled Estimates","SDG indicator 9.2.2 - Manufacturing employment as a proportion of total employment (%)","2016",10.468,,,
"Northern America: High income","ILO - Modelled Estimates","SDG indicator 9.2.2 - Manufacturing employment as a proportion of total employment (%)","2015",10.592,,,
"Northern America: High income","ILO - Modelled Estimates","SDG indicator 9.2.2 - Manufacturing employment as a proportion of total employment (%)","2014",10.589,,,
"Arab States","ILO - Modelled Estimates","SDG indicator 9.2.2 - Manufacturing employment as a proportion of total employment (%)","2023",7.827,,,
"Arab States","ILO - Modelled Estimates","SDG indicator 9.2.2 - Manufacturing employment as a proportion of total employment (%)","2022",7.92,,,
"Arab States","ILO - Modelled Estimates","SDG indicator 9.2.2 - Manufacturing employment as a proportion of total employment (%)","2021",8.328,,,
"Arab States","ILO - Modelled Estimates","SDG indicator 9.2.2 - Manufacturing employment as a proportion of total employment (%)","2020",8.541,,,
"Arab States","ILO - Modelled Estimates","SDG indicator 9.2.2 - Manufacturing employment as a proportion of total employment (%)","2019",8.314,,,
"Arab States","ILO - Modelled Estimates","SDG indicator 9.2.2 - Manufacturing employment as a proportion of total employment (%)","2018",8.538,,,
"Arab States","ILO - Modelled Estimates","SDG indicator 9.2.2 - Manufacturing employment as a proportion of total employment (%)","2017",8.533,,,
"Arab States","ILO - Modelled Estimates","SDG indicator 9.2.2 - Manufacturing employment as a proportion of total employment (%)","2016",8.399,,,
"Arab States","ILO - Modelled Estimates","SDG indicator 9.2.2 - Manufacturing employment as a proportion of total employment (%)","2015",8.638,,,
"Arab States","ILO - Modelled Estimates","SDG indicator 9.2.2 - Manufacturing employment as a proportion of total employment (%)","2014",8.615,,,
"Arab States: Lower-middle income","ILO - Modelled Estimates","SDG indicator 9.2.2 - Manufacturing employment as a proportion of total employment (%)","2023",10.357,,,
"Arab States: Lower-middle income","ILO - Modelled Estimates","SDG indicator 9.2.2 - Manufacturing employment as a proportion of total employment (%)","2022",10.449,,,
"Arab States: Lower-middle income","ILO - Modelled Estimates","SDG indicator 9.2.2 - Manufacturing employment as a proportion of total employment (%)","2021",10.38,,,
"Arab States: Lower-middle income","ILO - Modelled Estimates","SDG indicator 9.2.2 - Manufacturing employment as a proportion of total employment (%)","2020",10.378,,,
"Arab States: Lower-middle income","ILO - Modelled Estimates","SDG indicator 9.2.2 - Manufacturing employment as a proportion of total employment (%)","2019",10.168,,,
"Arab States: Lower-middle income","ILO - Modelled Estimates","SDG indicator 9.2.2 - Manufacturing employment as a proportion of total employment (%)","2018",10.647,,,
"Arab States: Lower-middle income","ILO - Modelled Estimates","SDG indicator 9.2.2 - Manufacturing employment as a proportion of total employment (%)","2017",11.318,,,
"Arab States: Lower-middle income","ILO - Modelled Estimates","SDG indicator 9.2.2 - Manufacturing employment as a proportion of total employment (%)","2016",11.534,,,
"Arab States: Lower-middle income","ILO - Modelled Estimates","SDG indicator 9.2.2 - Manufacturing employment as a proportion of total employment (%)","2015",11.706,,,
"Arab States: Lower-middle income","ILO - Modelled Estimates","SDG indicator 9.2.2 - Manufacturing employment as a proportion of total employment (%)","2014",11.839,,,
"Arab States: High income","ILO - Modelled Estimates","SDG indicator 9.2.2 - Manufacturing employment as a proportion of total employment (%)","2023",7.871,,,
"Arab States: High income","ILO - Modelled Estimates","SDG indicator 9.2.2 - Manufacturing employment as a proportion of total employment (%)","2022",8.037,,,
"Arab States: High income","ILO - Modelled Estimates","SDG indicator 9.2.2 - Manufacturing employment as a proportion of total employment (%)","2021",8.817,,,
"Arab States: High income","ILO - Modelled Estimates","SDG indicator 9.2.2 - Manufacturing employment as a proportion of total employment (%)","2020",9.188,,,
"Arab States: High income","ILO - Modelled Estimates","SDG indicator 9.2.2 - Manufacturing employment as a proportion of total employment (%)","2019",8.822,,,
"Arab States: High income","ILO - Modelled Estimates","SDG indicator 9.2.2 - Manufacturing employment as a proportion of total employment (%)","2018",9.111,,,
"Arab States: High income","ILO - Modelled Estimates","SDG indicator 9.2.2 - Manufacturing employment as a proportion of total employment (%)","2017",8.908,,,
"Arab States: High income","ILO - Modelled Estimates","SDG indicator 9.2.2 - Manufacturing employment as a proportion of total employment (%)","2016",8.572,,,
"Arab States: High income","ILO - Modelled Estimates","SDG indicator 9.2.2 - Manufacturing employment as a proportion of total employment (%)","2015",8.88,,,
"Arab States: High income","ILO - Modelled Estimates","SDG indicator 9.2.2 - Manufacturing employment as a proportion of total employment (%)","2014",8.79,,,
"Asia and the Pacific","ILO - Modelled Estimates","SDG indicator 9.2.2 - Manufacturing employment as a proportion of total employment (%)","2023",16.482,,,
"Asia and the Pacific","ILO - Modelled Estimates","SDG indicator 9.2.2 - Manufacturing employment as a proportion of total employment (%)","2022",16.404,,,
"Asia and the Pacific","ILO - Modelled Estimates","SDG indicator 9.2.2 - Manufacturing employment as a proportion of total employment (%)","2021",16.516,,,
"Asia and the Pacific","ILO - Modelled Estimates","SDG indicator 9.2.2 - Manufacturing employment as a proportion of total employment (%)","2020",16.493,,,
"Asia and the Pacific","ILO - Modelled Estimates","SDG indicator 9.2.2 - Manufacturing employment as a proportion of total employment (%)","2019",16.608,,,
"Asia and the Pacific","ILO - Modelled Estimates","SDG indicator 9.2.2 - Manufacturing employment as a proportion of total employment (%)","2018",16.679,,,
"Asia and the Pacific","ILO - Modelled Estimates","SDG indicator 9.2.2 - Manufacturing employment as a proportion of total employment (%)","2017",16.617,,,
"Asia and the Pacific","ILO - Modelled Estimates","SDG indicator 9.2.2 - Manufacturing employment as a proportion of total employment (%)","2016",16.553,,,
"Asia and the Pacific","ILO - Modelled Estimates","SDG indicator 9.2.2 - Manufacturing employment as a proportion of total employment (%)","2015",16.574,,,
"Asia and the Pacific","ILO - Modelled Estimates","SDG indicator 9.2.2 - Manufacturing employment as a proportion of total employment (%)","2014",16.782,,,
"Asia and the Pacific: Low income","ILO - Modelled Estimates","SDG indicator 9.2.2 - Manufacturing employment as a proportion of total employment (%)","2023",8.152,,,
"Asia and the Pacific: Low income","ILO - Modelled Estimates","SDG indicator 9.2.2 - Manufacturing employment as a proportion of total employment (%)","2022",8.181,,,
"Asia and the Pacific: Low income","ILO - Modelled Estimates","SDG indicator 9.2.2 - Manufacturing employment as a proportion of total employment (%)","2021",8.176,,,
"Asia and the Pacific: Low income","ILO - Modelled Estimates","SDG indicator 9.2.2 - Manufacturing employment as a proportion of total employment (%)","2020",8.209,,,
"Asia and the Pacific: Low income","ILO - Modelled Estimates","SDG indicator 9.2.2 - Manufacturing employment as a proportion of total employment (%)","2019",8.099,,,
"Asia and the Pacific: Low income","ILO - Modelled Estimates","SDG indicator 9.2.2 - Manufacturing employment as a proportion of total employment (%)","2018",8.121,,,
"Asia and the Pacific: Low income","ILO - Modelled Estimates","SDG indicator 9.2.2 - Manufacturing employment as a proportion of total employment (%)","2017",8.179,,,
"Asia and the Pacific: Low income","ILO - Modelled Estimates","SDG indicator 9.2.2 - Manufacturing employment as a proportion of total employment (%)","2016",8.345,,,
"Asia and the Pacific: Low income","ILO - Modelled Estimates","SDG indicator 9.2.2 - Manufacturing employment as a proportion of total employment (%)","2015",8.428,,,
"Asia and the Pacific: Low income","ILO - Modelled Estimates","SDG indicator 9.2.2 - Manufacturing employment as a proportion of total employment (%)","2014",8.528,,,
"Asia and the Pacific: Lower-middle income","ILO - Modelled Estimates","SDG indicator 9.2.2 - Manufacturing employment as a proportion of total employment (%)","2023",12.787,,,
"Asia and the Pacific: Lower-middle income","ILO - Modelled Estimates","SDG indicator 9.2.2 - Manufacturing employment as a proportion of total employment (%)","2022",12.578,,,
"Asia and the Pacific: Lower-middle income","ILO - Modelled Estimates","SDG indicator 9.2.2 - Manufacturing employment as a proportion of total employment (%)","2021",12.622,,,
"Asia and the Pacific: Lower-middle income","ILO - Modelled Estimates","SDG indicator 9.2.2 - Manufacturing employment as a proportion of total employment (%)","2020",12.468,,,
"Asia and the Pacific: Lower-middle income","ILO - Modelled Estimates","SDG indicator 9.2.2 - Manufacturing employment as a proportion of total employment (%)","2019",12.948,,,
"Asia and the Pacific: Lower-middle income","ILO - Modelled Estimates","SDG indicator 9.2.2 - Manufacturing employment as a proportion of total employment (%)","2018",13.099,,,
"Asia and the Pacific: Lower-middle income","ILO - Modelled Estimates","SDG indicator 9.2.2 - Manufacturing employment as a proportion of total employment (%)","2017",13.083,,,
"Asia and the Pacific: Lower-middle income","ILO - Modelled Estimates","SDG indicator 9.2.2 - Manufacturing employment as a proportion of total employment (%)","2016",13.026,,,
"Asia and the Pacific: Lower-middle income","ILO - Modelled Estimates","SDG indicator 9.2.2 - Manufacturing employment as a proportion of total employment (%)","2015",13.068,,,
"Asia and the Pacific: Lower-middle income","ILO - Modelled Estimates","SDG indicator 9.2.2 - Manufacturing employment as a proportion of total employment (%)","2014",12.985,,,
"Asia and the Pacific: Upper-middle income","ILO - Modelled Estimates","SDG indicator 9.2.2 - Manufacturing employment as a proportion of total employment (%)","2023",20.236,,,
"Asia and the Pacific: Upper-middle income","ILO - Modelled Estimates","SDG indicator 9.2.2 - Manufacturing employment as a proportion of total employment (%)","2022",20.183,,,
"Asia and the Pacific: Upper-middle income","ILO - Modelled Estimates","SDG indicator 9.2.2 - Manufacturing employment as a proportion of total employment (%)","2021",20.178,,,
"Asia and the Pacific: Upper-middle income","ILO - Modelled Estimates","SDG indicator 9.2.2 - Manufacturing employment as a proportion of total employment (%)","2020",20.189,,,
"Asia and the Pacific: Upper-middle income","ILO - Modelled Estimates","SDG indicator 9.2.2 - Manufacturing employment as a proportion of total employment (%)","2019",19.986,,,
"Asia and the Pacific: Upper-middle income","ILO - Modelled Estimates","SDG indicator 9.2.2 - Manufacturing employment as a proportion of total employment (%)","2018",19.91,,,
"Asia and the Pacific: Upper-middle income","ILO - Modelled Estimates","SDG indicator 9.2.2 - Manufacturing employment as a proportion of total employment (%)","2017",19.744,,,
"Asia and the Pacific: Upper-middle income","ILO - Modelled Estimates","SDG indicator 9.2.2 - Manufacturing employment as a proportion of total employment (%)","2016",19.61,,,
"Asia and the Pacific: Upper-middle income","ILO - Modelled Estimates","SDG indicator 9.2.2 - Manufacturing employment as a proportion of total employment (%)","2015",19.547,,,
"Asia and the Pacific: Upper-middle income","ILO - Modelled Estimates","SDG indicator 9.2.2 - Manufacturing employment as a proportion of total employment (%)","2014",19.964,,,
"Asia and the Pacific: High income","ILO - Modelled Estimates","SDG indicator 9.2.2 - Manufacturing employment as a proportion of total employment (%)","2023",15.053,,,
"Asia and the Pacific: High income","ILO - Modelled Estimates","SDG indicator 9.2.2 - Manufacturing employment as a proportion of total employment (%)","2022",15.082,,,
"Asia and the Pacific: High income","ILO - Modelled Estimates","SDG indicator 9.2.2 - Manufacturing employment as a proportion of total employment (%)","2021",15.096,,,
"Asia and the Pacific: High income","ILO - Modelled Estimates","SDG indicator 9.2.2 - Manufacturing employment as a proportion of total employment (%)","2020",15.242,,,
"Asia and the Pacific: High income","ILO - Modelled Estimates","SDG indicator 9.2.2 - Manufacturing employment as a proportion of total employment (%)","2019",15.367,,,
"Asia and the Pacific: High income","ILO - Modelled Estimates","SDG indicator 9.2.2 - Manufacturing employment as a proportion of total employment (%)","2018",15.616,,,
"Asia and the Pacific: High income","ILO - Modelled Estimates","SDG indicator 9.2.2 - Manufacturing employment as a proportion of total employment (%)","2017",15.767,,,
"Asia and the Pacific: High income","ILO - Modelled Estimates","SDG indicator 9.2.2 - Manufacturing employment as a proportion of total employment (%)","2016",15.909,,,
"Asia and the Pacific: High income","ILO - Modelled Estimates","SDG indicator 9.2.2 - Manufacturing employment as a proportion of total employment (%)","2015",16.142,,,
"Asia and the Pacific: High income","ILO - Modelled Estimates","SDG indicator 9.2.2 - Manufacturing employment as a proportion of total employment (%)","2014",16.182,,,
"Eastern Asia","ILO - Modelled Estimates","SDG indicator 9.2.2 - Manufacturing employment as a proportion of total employment (%)","2023",20.814,,,
"Eastern Asia","ILO - Modelled Estimates","SDG indicator 9.2.2 - Manufacturing employment as a proportion of total employment (%)","2022",20.769,,,
"Eastern Asia","ILO - Modelled Estimates","SDG indicator 9.2.2 - Manufacturing employment as a proportion of total employment (%)","2021",20.767,,,
"Eastern Asia","ILO - Modelled Estimates","SDG indicator 9.2.2 - Manufacturing employment as a proportion of total employment (%)","2020",20.826,,,
"Eastern Asia","ILO - Modelled Estimates","SDG indicator 9.2.2 - Manufacturing employment as a proportion of total employment (%)","2019",20.499,,,
"Eastern Asia","ILO - Modelled Estimates","SDG indicator 9.2.2 - Manufacturing employment as a proportion of total employment (%)","2018",20.404,,,
"Eastern Asia","ILO - Modelled Estimates","SDG indicator 9.2.2 - Manufacturing employment as a proportion of total employment (%)","2017",20.3,,,
"Eastern Asia","ILO - Modelled Estimates","SDG indicator 9.2.2 - Manufacturing employment as a proportion of total employment (%)","2016",20.21,,,
"Eastern Asia","ILO - Modelled Estimates","SDG indicator 9.2.2 - Manufacturing employment as a proportion of total employment (%)","2015",20.128,,,
"Eastern Asia","ILO - Modelled Estimates","SDG indicator 9.2.2 - Manufacturing employment as a proportion of total employment (%)","2014",20.611,,,
"Eastern Asia: Upper-middle income","ILO - Modelled Estimates","SDG indicator 9.2.2 - Manufacturing employment as a proportion of total employment (%)","2023",21.753,,,
"Eastern Asia: Upper-middle income","ILO - Modelled Estimates","SDG indicator 9.2.2 - Manufacturing employment as a proportion of total employment (%)","2022",21.698,,,
"Eastern Asia: Upper-middle income","ILO - Modelled Estimates","SDG indicator 9.2.2 - Manufacturing employment as a proportion of total employment (%)","2021",21.677,,,
"Eastern Asia: Upper-middle income","ILO - Modelled Estimates","SDG indicator 9.2.2 - Manufacturing employment as a proportion of total employment (%)","2020",21.748,,,
"Eastern Asia: Upper-middle income","ILO - Modelled Estimates","SDG indicator 9.2.2 - Manufacturing employment as a proportion of total employment (%)","2019",21.333,,,
"Eastern Asia: Upper-middle income","ILO - Modelled Estimates","SDG indicator 9.2.2 - Manufacturing employment as a proportion of total employment (%)","2018",21.184,,,
"Eastern Asia: Upper-middle income","ILO - Modelled Estimates","SDG indicator 9.2.2 - Manufacturing employment as a proportion of total employment (%)","2017",21.023,,,
"Eastern Asia: Upper-middle income","ILO - Modelled Estimates","SDG indicator 9.2.2 - Manufacturing employment as a proportion of total employment (%)","2016",20.892,,,
"Eastern Asia: Upper-middle income","ILO - Modelled Estimates","SDG indicator 9.2.2 - Manufacturing employment as a proportion of total employment (%)","2015",20.768,,,
"Eastern Asia: Upper-middle income","ILO - Modelled Estimates","SDG indicator 9.2.2 - Manufacturing employment as a proportion of total employment (%)","2014",21.328,,,
"Eastern Asia: High income","ILO - Modelled Estimates","SDG indicator 9.2.2 - Manufacturing employment as a proportion of total employment (%)","2023",16.508,,,
"Eastern Asia: High income","ILO - Modelled Estimates","SDG indicator 9.2.2 - Manufacturing employment as a proportion of total employment (%)","2022",16.542,,,
"Eastern Asia: High income","ILO - Modelled Estimates","SDG indicator 9.2.2 - Manufacturing employment as a proportion of total employment (%)","2021",16.453,,,
"Eastern Asia: High income","ILO - Modelled Estimates","SDG indicator 9.2.2 - Manufacturing employment as a proportion of total employment (%)","2020",16.585,,,
"Eastern Asia: High income","ILO - Modelled Estimates","SDG indicator 9.2.2 - Manufacturing employment as a proportion of total employment (%)","2019",16.738,,,
"Eastern Asia: High income","ILO - Modelled Estimates","SDG indicator 9.2.2 - Manufacturing employment as a proportion of total employment (%)","2018",16.919,,,
"Eastern Asia: High income","ILO - Modelled Estimates","SDG indicator 9.2.2 - Manufacturing employment as a proportion of total employment (%)","2017",17.1,,,
"Eastern Asia: High income","ILO - Modelled Estimates","SDG indicator 9.2.2 - Manufacturing employment as a proportion of total employment (%)","2016",17.193,,,
"Eastern Asia: High income","ILO - Modelled Estimates","SDG indicator 9.2.2 - Manufacturing employment as a proportion of total employment (%)","2015",17.346,,,
"Eastern Asia: High income","ILO - Modelled Estimates","SDG indicator 9.2.2 - Manufacturing employment as a proportion of total employment (%)","2014",17.31,,,
"South-Eastern Asia and the Pacific","ILO - Modelled Estimates","SDG indicator 9.2.2 - Manufacturing employment as a proportion of total employment (%)","2023",14.096,,,
"South-Eastern Asia and the Pacific","ILO - Modelled Estimates","SDG indicator 9.2.2 - Manufacturing employment as a proportion of total employment (%)","2022",13.99,,,
"South-Eastern Asia and the Pacific","ILO - Modelled Estimates","SDG indicator 9.2.2 - Manufacturing employment as a proportion of total employment (%)","2021",14.259,,,
"South-Eastern Asia and the Pacific","ILO - Modelled Estimates","SDG indicator 9.2.2 - Manufacturing employment as a proportion of total employment (%)","2020",14.026,,,
"South-Eastern Asia and the Pacific","ILO - Modelled Estimates","SDG indicator 9.2.2 - Manufacturing employment as a proportion of total employment (%)","2019",13.932,,,
"South-Eastern Asia and the Pacific","ILO - Modelled Estimates","SDG indicator 9.2.2 - Manufacturing employment as a proportion of total employment (%)","2018",13.851,,,
"South-Eastern Asia and the Pacific","ILO - Modelled Estimates","SDG indicator 9.2.2 - Manufacturing employment as a proportion of total employment (%)","2017",13.586,,,
"South-Eastern Asia and the Pacific","ILO - Modelled Estimates","SDG indicator 9.2.2 - Manufacturing employment as a proportion of total employment (%)","2016",13.295,,,
"South-Eastern Asia and the Pacific","ILO - Modelled Estimates","SDG indicator 9.2.2 - Manufacturing employment as a proportion of total employment (%)","2015",13.28,,,
"South-Eastern Asia and the Pacific","ILO - Modelled Estimates","SDG indicator 9.2.2 - Manufacturing employment as a proportion of total employment (%)","2014",13.007,,,
"South-Eastern Asia and the Pacific: Lower-middle income","ILO - Modelled Estimates","SDG indicator 9.2.2 - Manufacturing employment as a proportion of total employment (%)","2023",14.29,,,
"South-Eastern Asia and the Pacific: Lower-middle income","ILO - Modelled Estimates","SDG indicator 9.2.2 - Manufacturing employment as a proportion of total employment (%)","2022",14.126,,,
"South-Eastern Asia and the Pacific: Lower-middle income","ILO - Modelled Estimates","SDG indicator 9.2.2 - Manufacturing employment as a proportion of total employment (%)","2021",14.867,,,
"South-Eastern Asia and the Pacific: Lower-middle income","ILO - Modelled Estimates","SDG indicator 9.2.2 - Manufacturing employment as a proportion of total employment (%)","2020",14.329,,,
"South-Eastern Asia and the Pacific: Lower-middle income","ILO - Modelled Estimates","SDG indicator 9.2.2 - Manufacturing employment as a proportion of total employment (%)","2019",13.409,,,
"South-Eastern Asia and the Pacific: Lower-middle income","ILO - Modelled Estimates","SDG indicator 9.2.2 - Manufacturing employment as a proportion of total employment (%)","2018",13.043,,,
"South-Eastern Asia and the Pacific: Lower-middle income","ILO - Modelled Estimates","SDG indicator 9.2.2 - Manufacturing employment as a proportion of total employment (%)","2017",12.722,,,
"South-Eastern Asia and the Pacific: Lower-middle income","ILO - Modelled Estimates","SDG indicator 9.2.2 - Manufacturing employment as a proportion of total employment (%)","2016",12.372,,,
"South-Eastern Asia and the Pacific: Lower-middle income","ILO - Modelled Estimates","SDG indicator 9.2.2 - Manufacturing employment as a proportion of total employment (%)","2015",12.021,,,
"South-Eastern Asia and the Pacific: Lower-middle income","ILO - Modelled Estimates","SDG indicator 9.2.2 - Manufacturing employment as a proportion of total employment (%)","2014",11.541,,,
"South-Eastern Asia and the Pacific: Upper-middle income","ILO - Modelled Estimates","SDG indicator 9.2.2 - Manufacturing employment as a proportion of total employment (%)","2023",14.687,,,
"South-Eastern Asia and the Pacific: Upper-middle income","ILO - Modelled Estimates","SDG indicator 9.2.2 - Manufacturing employment as a proportion of total employment (%)","2022",14.616,,,
"South-Eastern Asia and the Pacific: Upper-middle income","ILO - Modelled Estimates","SDG indicator 9.2.2 - Manufacturing employment as a proportion of total employment (%)","2021",14.53,,,
"South-Eastern Asia and the Pacific: Upper-middle income","ILO - Modelled Estimates","SDG indicator 9.2.2 - Manufacturing employment as a proportion of total employment (%)","2020",14.469,,,
"South-Eastern Asia and the Pacific: Upper-middle income","ILO - Modelled Estimates","SDG indicator 9.2.2 - Manufacturing employment as a proportion of total employment (%)","2019",14.975,,,
"South-Eastern Asia and the Pacific: Upper-middle income","ILO - Modelled Estimates","SDG indicator 9.2.2 - Manufacturing employment as a proportion of total employment (%)","2018",15.049,,,
"South-Eastern Asia and the Pacific: Upper-middle income","ILO - Modelled Estimates","SDG indicator 9.2.2 - Manufacturing employment as a proportion of total employment (%)","2017",14.806,,,
"South-Eastern Asia and the Pacific: Upper-middle income","ILO - Modelled Estimates","SDG indicator 9.2.2 - Manufacturing employment as a proportion of total employment (%)","2016",14.504,,,
"South-Eastern Asia and the Pacific: Upper-middle income","ILO - Modelled Estimates","SDG indicator 9.2.2 - Manufacturing employment as a proportion of total employment (%)","2015",14.669,,,
"South-Eastern Asia and the Pacific: Upper-middle income","ILO - Modelled Estimates","SDG indicator 9.2.2 - Manufacturing employment as a proportion of total employment (%)","2014",14.477,,,
"South-Eastern Asia and the Pacific: High income","ILO - Modelled Estimates","SDG indicator 9.2.2 - Manufacturing employment as a proportion of total employment (%)","2023",7.22,,,
"South-Eastern Asia and the Pacific: High income","ILO - Modelled Estimates","SDG indicator 9.2.2 - Manufacturing employment as a proportion of total employment (%)","2022",7.148,,,
"South-Eastern Asia and the Pacific: High income","ILO - Modelled Estimates","SDG indicator 9.2.2 - Manufacturing employment as a proportion of total employment (%)","2021",7.569,,,
"South-Eastern Asia and the Pacific: High income","ILO - Modelled Estimates","SDG indicator 9.2.2 - Manufacturing employment as a proportion of total employment (%)","2020",7.572,,,
"South-Eastern Asia and the Pacific: High income","ILO - Modelled Estimates","SDG indicator 9.2.2 - Manufacturing employment as a proportion of total employment (%)","2019",7.589,,,
"South-Eastern Asia and the Pacific: High income","ILO - Modelled Estimates","SDG indicator 9.2.2 - Manufacturing employment as a proportion of total employment (%)","2018",8.14,,,
"South-Eastern Asia and the Pacific: High income","ILO - Modelled Estimates","SDG indicator 9.2.2 - Manufacturing employment as a proportion of total employment (%)","2017",8.051,,,
"South-Eastern Asia and the Pacific: High income","ILO - Modelled Estimates","SDG indicator 9.2.2 - Manufacturing employment as a proportion of total employment (%)","2016",8.405,,,
"South-Eastern Asia and the Pacific: High income","ILO - Modelled Estimates","SDG indicator 9.2.2 - Manufacturing employment as a proportion of total employment (%)","2015",9.043,,,
"South-Eastern Asia and the Pacific: High income","ILO - Modelled Estimates","SDG indicator 9.2.2 - Manufacturing employment as a proportion of total employment (%)","2014",9.439,,,
"South-Eastern Asia","ILO - Modelled Estimates","SDG indicator 9.2.2 - Manufacturing employment as a proportion of total employment (%)","2023",14.622,,,
"South-Eastern Asia","ILO - Modelled Estimates","SDG indicator 9.2.2 - Manufacturing employment as a proportion of total employment (%)","2022",14.512,,,
"South-Eastern Asia","ILO - Modelled Estimates","SDG indicator 9.2.2 - Manufacturing employment as a proportion of total employment (%)","2021",14.774,,,
"South-Eastern Asia","ILO - Modelled Estimates","SDG indicator 9.2.2 - Manufacturing employment as a proportion of total employment (%)","2020",14.506,,,
"South-Eastern Asia","ILO - Modelled Estimates","SDG indicator 9.2.2 - Manufacturing employment as a proportion of total employment (%)","2019",14.4,,,
"South-Eastern Asia","ILO - Modelled Estimates","SDG indicator 9.2.2 - Manufacturing employment as a proportion of total employment (%)","2018",14.284,,,
"South-Eastern Asia","ILO - Modelled Estimates","SDG indicator 9.2.2 - Manufacturing employment as a proportion of total employment (%)","2017",14.004,,,
"South-Eastern Asia","ILO - Modelled Estimates","SDG indicator 9.2.2 - Manufacturing employment as a proportion of total employment (%)","2016",13.669,,,
"South-Eastern Asia","ILO - Modelled Estimates","SDG indicator 9.2.2 - Manufacturing employment as a proportion of total employment (%)","2015",13.617,,,
"South-Eastern Asia","ILO - Modelled Estimates","SDG indicator 9.2.2 - Manufacturing employment as a proportion of total employment (%)","2014",13.306,,,
"Pacific Islands","ILO - Modelled Estimates","SDG indicator 9.2.2 - Manufacturing employment as a proportion of total employment (%)","2023",5.859,,,
"Pacific Islands","ILO - Modelled Estimates","SDG indicator 9.2.2 - Manufacturing employment as a proportion of total employment (%)","2022",5.778,,,
"Pacific Islands","ILO - Modelled Estimates","SDG indicator 9.2.2 - Manufacturing employment as a proportion of total employment (%)","2021",6.216,,,
"Pacific Islands","ILO - Modelled Estimates","SDG indicator 9.2.2 - Manufacturing employment as a proportion of total employment (%)","2020",6.225,,,
"Pacific Islands","ILO - Modelled Estimates","SDG indicator 9.2.2 - Manufacturing employment as a proportion of total employment (%)","2019",6.266,,,
"Pacific Islands","ILO - Modelled Estimates","SDG indicator 9.2.2 - Manufacturing employment as a proportion of total employment (%)","2018",6.709,,,
"Pacific Islands","ILO - Modelled Estimates","SDG indicator 9.2.2 - Manufacturing employment as a proportion of total employment (%)","2017",6.653,,,
"Pacific Islands","ILO - Modelled Estimates","SDG indicator 9.2.2 - Manufacturing employment as a proportion of total employment (%)","2016",6.973,,,
"Pacific Islands","ILO - Modelled Estimates","SDG indicator 9.2.2 - Manufacturing employment as a proportion of total employment (%)","2015",7.519,,,
"Pacific Islands","ILO - Modelled Estimates","SDG indicator 9.2.2 - Manufacturing employment as a proportion of total employment (%)","2014",7.823,,,
"Southern Asia","ILO - Modelled Estimates","SDG indicator 9.2.2 - Manufacturing employment as a proportion of total employment (%)","2023",12.647,,,
"Southern Asia","ILO - Modelled Estimates","SDG indicator 9.2.2 - Manufacturing employment as a proportion of total employment (%)","2022",12.434,,,
"Southern Asia","ILO - Modelled Estimates","SDG indicator 9.2.2 - Manufacturing employment as a proportion of total employment (%)","2021",12.313,,,
"Southern Asia","ILO - Modelled Estimates","SDG indicator 9.2.2 - Manufacturing employment as a proportion of total employment (%)","2020",12.23,,,
"Southern Asia","ILO - Modelled Estimates","SDG indicator 9.2.2 - Manufacturing employment as a proportion of total employment (%)","2019",12.972,,,
"Southern Asia","ILO - Modelled Estimates","SDG indicator 9.2.2 - Manufacturing employment as a proportion of total employment (%)","2018",13.217,,,
"Southern Asia","ILO - Modelled Estimates","SDG indicator 9.2.2 - Manufacturing employment as a proportion of total employment (%)","2017",13.243,,,
"Southern Asia","ILO - Modelled Estimates","SDG indicator 9.2.2 - Manufacturing employment as a proportion of total employment (%)","2016",13.254,,,
"Southern Asia","ILO - Modelled Estimates","SDG indicator 9.2.2 - Manufacturing employment as a proportion of total employment (%)","2015",13.373,,,
"Southern Asia","ILO - Modelled Estimates","SDG indicator 9.2.2 - Manufacturing employment as a proportion of total employment (%)","2014",13.38,,,
"Southern Asia: Lower-middle income","ILO - Modelled Estimates","SDG indicator 9.2.2 - Manufacturing employment as a proportion of total employment (%)","2023",12.49,,,
"Southern Asia: Lower-middle income","ILO - Modelled Estimates","SDG indicator 9.2.2 - Manufacturing employment as a proportion of total employment (%)","2022",12.264,,,
"Southern Asia: Lower-middle income","ILO - Modelled Estimates","SDG indicator 9.2.2 - Manufacturing employment as a proportion of total employment (%)","2021",12.172,,,
"Southern Asia: Lower-middle income","ILO - Modelled Estimates","SDG indicator 9.2.2 - Manufacturing employment as a proportion of total employment (%)","2020",12.075,,,
"Southern Asia: Lower-middle income","ILO - Modelled Estimates","SDG indicator 9.2.2 - Manufacturing employment as a proportion of total employment (%)","2019",12.848,,,
"Southern Asia: Lower-middle income","ILO - Modelled Estimates","SDG indicator 9.2.2 - Manufacturing employment as a proportion of total employment (%)","2018",13.111,,,
"Southern Asia: Lower-middle income","ILO - Modelled Estimates","SDG indicator 9.2.2 - Manufacturing employment as a proportion of total employment (%)","2017",13.162,,,
"Southern Asia: Lower-middle income","ILO - Modelled Estimates","SDG indicator 9.2.2 - Manufacturing employment as a proportion of total employment (%)","2016",13.17,,,
"Southern Asia: Lower-middle income","ILO - Modelled Estimates","SDG indicator 9.2.2 - Manufacturing employment as a proportion of total employment (%)","2015",13.3,,,
"Southern Asia: Lower-middle income","ILO - Modelled Estimates","SDG indicator 9.2.2 - Manufacturing employment as a proportion of total employment (%)","2014",13.307,,,
"Southern Asia: Upper-middle income","ILO - Modelled Estimates","SDG indicator 9.2.2 - Manufacturing employment as a proportion of total employment (%)","2023",18.288,,,
"Southern Asia: Upper-middle income","ILO - Modelled Estimates","SDG indicator 9.2.2 - Manufacturing employment as a proportion of total employment (%)","2022",18.247,,,
"Southern Asia: Upper-middle income","ILO - Modelled Estimates","SDG indicator 9.2.2 - Manufacturing employment as a proportion of total employment (%)","2021",17.306,,,
"Southern Asia: Upper-middle income","ILO - Modelled Estimates","SDG indicator 9.2.2 - Manufacturing employment as a proportion of total employment (%)","2020",17.36,,,
"Southern Asia: Upper-middle income","ILO - Modelled Estimates","SDG indicator 9.2.2 - Manufacturing employment as a proportion of total employment (%)","2019",17.493,,,
"Southern Asia: Upper-middle income","ILO - Modelled Estimates","SDG indicator 9.2.2 - Manufacturing employment as a proportion of total employment (%)","2018",17.454,,,
"Southern Asia: Upper-middle income","ILO - Modelled Estimates","SDG indicator 9.2.2 - Manufacturing employment as a proportion of total employment (%)","2017",16.976,,,
"Southern Asia: Upper-middle income","ILO - Modelled Estimates","SDG indicator 9.2.2 - Manufacturing employment as a proportion of total employment (%)","2016",17.11,,,
"Southern Asia: Upper-middle income","ILO - Modelled Estimates","SDG indicator 9.2.2 - Manufacturing employment as a proportion of total employment (%)","2015",16.952,,,
"Southern Asia: Upper-middle income","ILO - Modelled Estimates","SDG indicator 9.2.2 - Manufacturing employment as a proportion of total employment (%)","2014",16.976,,,
"Europe and Central Asia","ILO - Modelled Estimates","SDG indicator 9.2.2 - Manufacturing employment as a proportion of total employment (%)","2023",14.272,,,
"Europe and Central Asia","ILO - Modelled Estimates","SDG indicator 9.2.2 - Manufacturing employment as a proportion of total employment (%)","2022",14.426,,,
"Europe and Central Asia","ILO - Modelled Estimates","SDG indicator 9.2.2 - Manufacturing employment as a proportion of total employment (%)","2021",14.532,,,
"Europe and Central Asia","ILO - Modelled Estimates","SDG indicator 9.2.2 - Manufacturing employment as a proportion of total employment (%)","2020",14.584,,,
"Europe and Central Asia","ILO - Modelled Estimates","SDG indicator 9.2.2 - Manufacturing employment as a proportion of total employment (%)","2019",14.549,,,
"Europe and Central Asia","ILO - Modelled Estimates","SDG indicator 9.2.2 - Manufacturing employment as a proportion of total employment (%)","2018",14.537,,,
"Europe and Central Asia","ILO - Modelled Estimates","SDG indicator 9.2.2 - Manufacturing employment as a proportion of total employment (%)","2017",14.524,,,
"Europe and Central Asia","ILO - Modelled Estimates","SDG indicator 9.2.2 - Manufacturing employment as a proportion of total employment (%)","2016",14.562,,,
"Europe and Central Asia","ILO - Modelled Estimates","SDG indicator 9.2.2 - Manufacturing employment as a proportion of total employment (%)","2015",14.569,,,
"Europe and Central Asia","ILO - Modelled Estimates","SDG indicator 9.2.2 - Manufacturing employment as a proportion of total employment (%)","2014",14.679,,,
"Europe and Central Asia: Lower-middle income","ILO - Modelled Estimates","SDG indicator 9.2.2 - Manufacturing employment as a proportion of total employment (%)","2023",8.897,,,
"Europe and Central Asia: Lower-middle income","ILO - Modelled Estimates","SDG indicator 9.2.2 - Manufacturing employment as a proportion of total employment (%)","2022",8.834,,,
"Europe and Central Asia: Lower-middle income","ILO - Modelled Estimates","SDG indicator 9.2.2 - Manufacturing employment as a proportion of total employment (%)","2021",8.858,,,
"Europe and Central Asia: Lower-middle income","ILO - Modelled Estimates","SDG indicator 9.2.2 - Manufacturing employment as a proportion of total employment (%)","2020",8.81,,,
"Europe and Central Asia: Lower-middle income","ILO - Modelled Estimates","SDG indicator 9.2.2 - Manufacturing employment as a proportion of total employment (%)","2019",8.876,,,
"Europe and Central Asia: Lower-middle income","ILO - Modelled Estimates","SDG indicator 9.2.2 - Manufacturing employment as a proportion of total employment (%)","2018",8.839,,,
"Europe and Central Asia: Lower-middle income","ILO - Modelled Estimates","SDG indicator 9.2.2 - Manufacturing employment as a proportion of total employment (%)","2017",8.94,,,
"Europe and Central Asia: Lower-middle income","ILO - Modelled Estimates","SDG indicator 9.2.2 - Manufacturing employment as a proportion of total employment (%)","2016",8.935,,,
"Europe and Central Asia: Lower-middle income","ILO - Modelled Estimates","SDG indicator 9.2.2 - Manufacturing employment as a proportion of total employment (%)","2015",8.909,,,
"Europe and Central Asia: Lower-middle income","ILO - Modelled Estimates","SDG indicator 9.2.2 - Manufacturing employment as a proportion of total employment (%)","2014",8.896,,,
"Europe and Central Asia: Upper-middle income","ILO - Modelled Estimates","SDG indicator 9.2.2 - Manufacturing employment as a proportion of total employment (%)","2023",15.139,,,
"Europe and Central Asia: Upper-middle income","ILO - Modelled Estimates","SDG indicator 9.2.2 - Manufacturing employment as a proportion of total employment (%)","2022",15.137,,,
"Europe and Central Asia: Upper-middle income","ILO - Modelled Estimates","SDG indicator 9.2.2 - Manufacturing employment as a proportion of total employment (%)","2021",14.851,,,
"Europe and Central Asia: Upper-middle income","ILO - Modelled Estimates","SDG indicator 9.2.2 - Manufacturing employment as a proportion of total employment (%)","2020",14.407,,,
"Europe and Central Asia: Upper-middle income","ILO - Modelled Estimates","SDG indicator 9.2.2 - Manufacturing employment as a proportion of total employment (%)","2019",14.27,,,
"Europe and Central Asia: Upper-middle income","ILO - Modelled Estimates","SDG indicator 9.2.2 - Manufacturing employment as a proportion of total employment (%)","2018",14.098,,,
"Europe and Central Asia: Upper-middle income","ILO - Modelled Estimates","SDG indicator 9.2.2 - Manufacturing employment as a proportion of total employment (%)","2017",13.73,,,
"Europe and Central Asia: Upper-middle income","ILO - Modelled Estimates","SDG indicator 9.2.2 - Manufacturing employment as a proportion of total employment (%)","2016",13.779,,,
"Europe and Central Asia: Upper-middle income","ILO - Modelled Estimates","SDG indicator 9.2.2 - Manufacturing employment as a proportion of total employment (%)","2015",13.978,,,
"Europe and Central Asia: Upper-middle income","ILO - Modelled Estimates","SDG indicator 9.2.2 - Manufacturing employment as a proportion of total employment (%)","2014",14.16,,,
"Europe and Central Asia: High income","ILO - Modelled Estimates","SDG indicator 9.2.2 - Manufacturing employment as a proportion of total employment (%)","2023",14.362,,,
"Europe and Central Asia: High income","ILO - Modelled Estimates","SDG indicator 9.2.2 - Manufacturing employment as a proportion of total employment (%)","2022",14.562,,,
"Europe and Central Asia: High income","ILO - Modelled Estimates","SDG indicator 9.2.2 - Manufacturing employment as a proportion of total employment (%)","2021",14.769,,,
"Europe and Central Asia: High income","ILO - Modelled Estimates","SDG indicator 9.2.2 - Manufacturing employment as a proportion of total employment (%)","2020",14.947,,,
"Europe and Central Asia: High income","ILO - Modelled Estimates","SDG indicator 9.2.2 - Manufacturing employment as a proportion of total employment (%)","2019",14.93,,,
"Europe and Central Asia: High income","ILO - Modelled Estimates","SDG indicator 9.2.2 - Manufacturing employment as a proportion of total employment (%)","2018",14.959,,,
"Europe and Central Asia: High income","ILO - Modelled Estimates","SDG indicator 9.2.2 - Manufacturing employment as a proportion of total employment (%)","2017",15.028,,,
"Europe and Central Asia: High income","ILO - Modelled Estimates","SDG indicator 9.2.2 - Manufacturing employment as a proportion of total employment (%)","2016",15.067,,,
"Europe and Central Asia: High income","ILO - Modelled Estimates","SDG indicator 9.2.2 - Manufacturing employment as a proportion of total employment (%)","2015",15.026,,,
"Europe and Central Asia: High income","ILO - Modelled Estimates","SDG indicator 9.2.2 - Manufacturing employment as a proportion of total employment (%)","2014",15.121,,,
"Northern, Southern and Western Europe","ILO - Modelled Estimates","SDG indicator 9.2.2 - Manufacturing employment as a proportion of total employment (%)","2023",13.499,,,
"Northern, Southern and Western Europe","ILO - Modelled Estimates","SDG indicator 9.2.2 - Manufacturing employment as a proportion of total employment (%)","2022",13.685,,,
"Northern, Southern and Western Europe","ILO - Modelled Estimates","SDG indicator 9.2.2 - Manufacturing employment as a proportion of total employment (%)","2021",13.935,,,
"Northern, Southern and Western Europe","ILO - Modelled Estimates","SDG indicator 9.2.2 - Manufacturing employment as a proportion of total employment (%)","2020",14.203,,,
"Northern, Southern and Western Europe","ILO - Modelled Estimates","SDG indicator 9.2.2 - Manufacturing employment as a proportion of total employment (%)","2019",14.014,,,
"Northern, Southern and Western Europe","ILO - Modelled Estimates","SDG indicator 9.2.2 - Manufacturing employment as a proportion of total employment (%)","2018",14.023,,,
"Northern, Southern and Western Europe","ILO - Modelled Estimates","SDG indicator 9.2.2 - Manufacturing employment as a proportion of total employment (%)","2017",14.073,,,
"Northern, Southern and Western Europe","ILO - Modelled Estimates","SDG indicator 9.2.2 - Manufacturing employment as a proportion of total employment (%)","2016",14.148,,,
"Northern, Southern and Western Europe","ILO - Modelled Estimates","SDG indicator 9.2.2 - Manufacturing employment as a proportion of total employment (%)","2015",14.209,,,
"Northern, Southern and Western Europe","ILO - Modelled Estimates","SDG indicator 9.2.2 - Manufacturing employment as a proportion of total employment (%)","2014",14.294,,,
"Northern, Southern and Western Europe: Upper-middle income","ILO - Modelled Estimates","SDG indicator 9.2.2 - Manufacturing employment as a proportion of total employment (%)","2023",16.789,,,
"Northern, Southern and Western Europe: Upper-middle income","ILO - Modelled Estimates","SDG indicator 9.2.2 - Manufacturing employment as a proportion of total employment (%)","2022",16.827,,,
"Northern, Southern and Western Europe: Upper-middle income","ILO - Modelled Estimates","SDG indicator 9.2.2 - Manufacturing employment as a proportion of total employment (%)","2021",16.682,,,
"Northern, Southern and Western Europe: Upper-middle income","ILO - Modelled Estimates","SDG indicator 9.2.2 - Manufacturing employment as a proportion of total employment (%)","2020",17.043,,,
"Northern, Southern and Western Europe: Upper-middle income","ILO - Modelled Estimates","SDG indicator 9.2.2 - Manufacturing employment as a proportion of total employment (%)","2019",16.779,,,
"Northern, Southern and Western Europe: Upper-middle income","ILO - Modelled Estimates","SDG indicator 9.2.2 - Manufacturing employment as a proportion of total employment (%)","2018",16.367,,,
"Northern, Southern and Western Europe: Upper-middle income","ILO - Modelled Estimates","SDG indicator 9.2.2 - Manufacturing employment as a proportion of total employment (%)","2017",15.445,,,
"Northern, Southern and Western Europe: Upper-middle income","ILO - Modelled Estimates","SDG indicator 9.2.2 - Manufacturing employment as a proportion of total employment (%)","2016",15.302,,,
"Northern, Southern and Western Europe: Upper-middle income","ILO - Modelled Estimates","SDG indicator 9.2.2 - Manufacturing employment as a proportion of total employment (%)","2015",14.786,,,
"Northern, Southern and Western Europe: Upper-middle income","ILO - Modelled Estimates","SDG indicator 9.2.2 - Manufacturing employment as a proportion of total employment (%)","2014",14.623,,,
"Northern, Southern and Western Europe: High income","ILO - Modelled Estimates","SDG indicator 9.2.2 - Manufacturing employment as a proportion of total employment (%)","2023",13.397,,,
"Northern, Southern and Western Europe: High income","ILO - Modelled Estimates","SDG indicator 9.2.2 - Manufacturing employment as a proportion of total employment (%)","2022",13.587,,,
"Northern, Southern and Western Europe: High income","ILO - Modelled Estimates","SDG indicator 9.2.2 - Manufacturing employment as a proportion of total employment (%)","2021",13.85,,,
"Northern, Southern and Western Europe: High income","ILO - Modelled Estimates","SDG indicator 9.2.2 - Manufacturing employment as a proportion of total employment (%)","2020",14.115,,,
"Northern, Southern and Western Europe: High income","ILO - Modelled Estimates","SDG indicator 9.2.2 - Manufacturing employment as a proportion of total employment (%)","2019",13.928,,,
"Northern, Southern and Western Europe: High income","ILO - Modelled Estimates","SDG indicator 9.2.2 - Manufacturing employment as a proportion of total employment (%)","2018",13.951,,,
"Northern, Southern and Western Europe: High income","ILO - Modelled Estimates","SDG indicator 9.2.2 - Manufacturing employment as a proportion of total employment (%)","2017",14.031,,,
"Northern, Southern and Western Europe: High income","ILO - Modelled Estimates","SDG indicator 9.2.2 - Manufacturing employment as a proportion of total employment (%)","2016",14.113,,,
"Northern, Southern and Western Europe: High income","ILO - Modelled Estimates","SDG indicator 9.2.2 - Manufacturing employment as a proportion of total employment (%)","2015",14.192,,,
"Northern, Southern and Western Europe: High income","ILO - Modelled Estimates","SDG indicator 9.2.2 - Manufacturing employment as a proportion of total employment (%)","2014",14.284,,,
"Northern Europe","ILO - Modelled Estimates","SDG indicator 9.2.2 - Manufacturing employment as a proportion of total employment (%)","2023",9.628,,,
"Northern Europe","ILO - Modelled Estimates","SDG indicator 9.2.2 - Manufacturing employment as a proportion of total employment (%)","2022",9.69,,,
"Northern Europe","ILO - Modelled Estimates","SDG indicator 9.2.2 - Manufacturing employment as a proportion of total employment (%)","2021",9.867,,,
"Northern Europe","ILO - Modelled Estimates","SDG indicator 9.2.2 - Manufacturing employment as a proportion of total employment (%)","2020",9.918,,,
"Northern Europe","ILO - Modelled Estimates","SDG indicator 9.2.2 - Manufacturing employment as a proportion of total employment (%)","2019",9.909,,,
"Northern Europe","ILO - Modelled Estimates","SDG indicator 9.2.2 - Manufacturing employment as a proportion of total employment (%)","2018",9.855,,,
"Northern Europe","ILO - Modelled Estimates","SDG indicator 9.2.2 - Manufacturing employment as a proportion of total employment (%)","2017",10.039,,,
"Northern Europe","ILO - Modelled Estimates","SDG indicator 9.2.2 - Manufacturing employment as a proportion of total employment (%)","2016",10.307,,,
"Northern Europe","ILO - Modelled Estimates","SDG indicator 9.2.2 - Manufacturing employment as a proportion of total employment (%)","2015",10.413,,,
"Northern Europe","ILO - Modelled Estimates","SDG indicator 9.2.2 - Manufacturing employment as a proportion of total employment (%)","2014",10.577,,,
"Southern Europe","ILO - Modelled Estimates","SDG indicator 9.2.2 - Manufacturing employment as a proportion of total employment (%)","2023",15.413,,,
"Southern Europe","ILO - Modelled Estimates","SDG indicator 9.2.2 - Manufacturing employment as a proportion of total employment (%)","2022",15.557,,,
"Southern Europe","ILO - Modelled Estimates","SDG indicator 9.2.2 - Manufacturing employment as a proportion of total employment (%)","2021",15.596,,,
"Southern Europe","ILO - Modelled Estimates","SDG indicator 9.2.2 - Manufacturing employment as a proportion of total employment (%)","2020",15.912,,,
"Southern Europe","ILO - Modelled Estimates","SDG indicator 9.2.2 - Manufacturing employment as a proportion of total employment (%)","2019",15.788,,,
"Southern Europe","ILO - Modelled Estimates","SDG indicator 9.2.2 - Manufacturing employment as a proportion of total employment (%)","2018",15.71,,,
"Southern Europe","ILO - Modelled Estimates","SDG indicator 9.2.2 - Manufacturing employment as a proportion of total employment (%)","2017",15.568,,,
"Southern Europe","ILO - Modelled Estimates","SDG indicator 9.2.2 - Manufacturing employment as a proportion of total employment (%)","2016",15.493,,,
"Southern Europe","ILO - Modelled Estimates","SDG indicator 9.2.2 - Manufacturing employment as a proportion of total employment (%)","2015",15.461,,,
"Southern Europe","ILO - Modelled Estimates","SDG indicator 9.2.2 - Manufacturing employment as a proportion of total employment (%)","2014",15.46,,,
"Western Europe","ILO - Modelled Estimates","SDG indicator 9.2.2 - Manufacturing employment as a proportion of total employment (%)","2023",14.376,,,
"Western Europe","ILO - Modelled Estimates","SDG indicator 9.2.2 - Manufacturing employment as a proportion of total employment (%)","2022",14.666,,,
"Western Europe","ILO - Modelled Estimates","SDG indicator 9.2.2 - Manufacturing employment as a proportion of total employment (%)","2021",15.092,,,
"Western Europe","ILO - Modelled Estimates","SDG indicator 9.2.2 - Manufacturing employment as a proportion of total employment (%)","2020",15.472,,,
"Western Europe","ILO - Modelled Estimates","SDG indicator 9.2.2 - Manufacturing employment as a proportion of total employment (%)","2019",15.122,,,
"Western Europe","ILO - Modelled Estimates","SDG indicator 9.2.2 - Manufacturing employment as a proportion of total employment (%)","2018",15.225,,,
"Western Europe","ILO - Modelled Estimates","SDG indicator 9.2.2 - Manufacturing employment as a proportion of total employment (%)","2017",15.325,,,
"Western Europe","ILO - Modelled Estimates","SDG indicator 9.2.2 - Manufacturing employment as a proportion of total employment (%)","2016",15.4,,,
"Western Europe","ILO - Modelled Estimates","SDG indicator 9.2.2 - Manufacturing employment as a proportion of total employment (%)","2015",15.494,,,
"Western Europe","ILO - Modelled Estimates","SDG indicator 9.2.2 - Manufacturing employment as a proportion of total employment (%)","2014",15.575,,,
"Eastern Europe","ILO - Modelled Estimates","SDG indicator 9.2.2 - Manufacturing employment as a proportion of total employment (%)","2023",15.962,,,
"Eastern Europe","ILO - Modelled Estimates","SDG indicator 9.2.2 - Manufacturing employment as a proportion of total employment (%)","2022",16.084,,,
"Eastern Europe","ILO - Modelled Estimates","SDG indicator 9.2.2 - Manufacturing employment as a proportion of total employment (%)","2021",16.075,,,
"Eastern Europe","ILO - Modelled Estimates","SDG indicator 9.2.2 - Manufacturing employment as a proportion of total employment (%)","2020",16.077,,,
"Eastern Europe","ILO - Modelled Estimates","SDG indicator 9.2.2 - Manufacturing employment as a proportion of total employment (%)","2019",16.288,,,
"Eastern Europe","ILO - Modelled Estimates","SDG indicator 9.2.2 - Manufacturing employment as a proportion of total employment (%)","2018",16.206,,,
"Eastern Europe","ILO - Modelled Estimates","SDG indicator 9.2.2 - Manufacturing employment as a proportion of total employment (%)","2017",16.2,,,
"Eastern Europe","ILO - Modelled Estimates","SDG indicator 9.2.2 - Manufacturing employment as a proportion of total employment (%)","2016",16.121,,,
"Eastern Europe","ILO - Modelled Estimates","SDG indicator 9.2.2 - Manufacturing employment as a proportion of total employment (%)","2015",15.943,,,
"Eastern Europe","ILO - Modelled Estimates","SDG indicator 9.2.2 - Manufacturing employment as a proportion of total employment (%)","2014",16.071,,,
"Eastern Europe: Upper-middle income","ILO - Modelled Estimates","SDG indicator 9.2.2 - Manufacturing employment as a proportion of total employment (%)","2023",13.947,,,
"Eastern Europe: Upper-middle income","ILO - Modelled Estimates","SDG indicator 9.2.2 - Manufacturing employment as a proportion of total employment (%)","2022",13.763,,,
"Eastern Europe: Upper-middle income","ILO - Modelled Estimates","SDG indicator 9.2.2 - Manufacturing employment as a proportion of total employment (%)","2021",13.605,,,
"Eastern Europe: Upper-middle income","ILO - Modelled Estimates","SDG indicator 9.2.2 - Manufacturing employment as a proportion of total employment (%)","2020",13.504,,,
"Eastern Europe: Upper-middle income","ILO - Modelled Estimates","SDG indicator 9.2.2 - Manufacturing employment as a proportion of total employment (%)","2019",13.539,,,
"Eastern Europe: Upper-middle income","ILO - Modelled Estimates","SDG indicator 9.2.2 - Manufacturing employment as a proportion of total employment (%)","2018",13.141,,,
"Eastern Europe: Upper-middle income","ILO - Modelled Estimates","SDG indicator 9.2.2 - Manufacturing employment as a proportion of total employment (%)","2017",13.015,,,
"Eastern Europe: Upper-middle income","ILO - Modelled Estimates","SDG indicator 9.2.2 - Manufacturing employment as a proportion of total employment (%)","2016",12.9,,,
"Eastern Europe: Upper-middle income","ILO - Modelled Estimates","SDG indicator 9.2.2 - Manufacturing employment as a proportion of total employment (%)","2015",13.173,,,
"Eastern Europe: Upper-middle income","ILO - Modelled Estimates","SDG indicator 9.2.2 - Manufacturing employment as a proportion of total employment (%)","2014",13.537,,,
"Eastern Europe: High income","ILO - Modelled Estimates","SDG indicator 9.2.2 - Manufacturing employment as a proportion of total employment (%)","2023",16.345,,,
"Eastern Europe: High income","ILO - Modelled Estimates","SDG indicator 9.2.2 - Manufacturing employment as a proportion of total employment (%)","2022",16.555,,,
"Eastern Europe: High income","ILO - Modelled Estimates","SDG indicator 9.2.2 - Manufacturing employment as a proportion of total employment (%)","2021",16.624,,,
"Eastern Europe: High income","ILO - Modelled Estimates","SDG indicator 9.2.2 - Manufacturing employment as a proportion of total employment (%)","2020",16.663,,,
"Eastern Europe: High income","ILO - Modelled Estimates","SDG indicator 9.2.2 - Manufacturing employment as a proportion of total employment (%)","2019",16.926,,,
"Eastern Europe: High income","ILO - Modelled Estimates","SDG indicator 9.2.2 - Manufacturing employment as a proportion of total employment (%)","2018",16.913,,,
"Eastern Europe: High income","ILO - Modelled Estimates","SDG indicator 9.2.2 - Manufacturing employment as a proportion of total employment (%)","2017",16.938,,,
"Eastern Europe: High income","ILO - Modelled Estimates","SDG indicator 9.2.2 - Manufacturing employment as a proportion of total employment (%)","2016",16.878,,,
"Eastern Europe: High income","ILO - Modelled Estimates","SDG indicator 9.2.2 - Manufacturing employment as a proportion of total employment (%)","2015",16.602,,,
"Eastern Europe: High income","ILO - Modelled Estimates","SDG indicator 9.2.2 - Manufacturing employment as a proportion of total employment (%)","2014",16.677,,,
"Central Asia","ILO - Modelled Estimates","SDG indicator 9.2.2 - Manufacturing employment as a proportion of total employment (%)","2023",9.275,,,
"Central Asia","ILO - Modelled Estimates","SDG indicator 9.2.2 - Manufacturing employment as a proportion of total employment (%)","2022",9.209,,,
"Central Asia","ILO - Modelled Estimates","SDG indicator 9.2.2 - Manufacturing employment as a proportion of total employment (%)","2021",9.196,,,
"Central Asia","ILO - Modelled Estimates","SDG indicator 9.2.2 - Manufacturing employment as a proportion of total employment (%)","2020",9.171,,,
"Central Asia","ILO - Modelled Estimates","SDG indicator 9.2.2 - Manufacturing employment as a proportion of total employment (%)","2019",9.203,,,
"Central Asia","ILO - Modelled Estimates","SDG indicator 9.2.2 - Manufacturing employment as a proportion of total employment (%)","2018",9.173,,,
"Central Asia","ILO - Modelled Estimates","SDG indicator 9.2.2 - Manufacturing employment as a proportion of total employment (%)","2017",9.211,,,
"Central Asia","ILO - Modelled Estimates","SDG indicator 9.2.2 - Manufacturing employment as a proportion of total employment (%)","2016",9.2,,,
"Central Asia","ILO - Modelled Estimates","SDG indicator 9.2.2 - Manufacturing employment as a proportion of total employment (%)","2015",9.158,,,
"Central Asia","ILO - Modelled Estimates","SDG indicator 9.2.2 - Manufacturing employment as a proportion of total employment (%)","2014",9.1,,,
"Central and Western Asia: Lower-middle income","ILO - Modelled Estimates","SDG indicator 9.2.2 - Manufacturing employment as a proportion of total employment (%)","2023",8.897,,,
"Central and Western Asia: Lower-middle income","ILO - Modelled Estimates","SDG indicator 9.2.2 - Manufacturing employment as a proportion of total employment (%)","2022",8.834,,,
"Central and Western Asia: Lower-middle income","ILO - Modelled Estimates","SDG indicator 9.2.2 - Manufacturing employment as a proportion of total employment (%)","2021",8.858,,,
"Central and Western Asia: Lower-middle income","ILO - Modelled Estimates","SDG indicator 9.2.2 - Manufacturing employment as a proportion of total employment (%)","2020",8.81,,,
"Central and Western Asia: Lower-middle income","ILO - Modelled Estimates","SDG indicator 9.2.2 - Manufacturing employment as a proportion of total employment (%)","2019",8.876,,,
"Central and Western Asia: Lower-middle income","ILO - Modelled Estimates","SDG indicator 9.2.2 - Manufacturing employment as a proportion of total employment (%)","2018",8.839,,,
"Central and Western Asia: Lower-middle income","ILO - Modelled Estimates","SDG indicator 9.2.2 - Manufacturing employment as a proportion of total employment (%)","2017",8.94,,,
"Central and Western Asia: Lower-middle income","ILO - Modelled Estimates","SDG indicator 9.2.2 - Manufacturing employment as a proportion of total employment (%)","2016",8.935,,,
"Central and Western Asia: Lower-middle income","ILO - Modelled Estimates","SDG indicator 9.2.2 - Manufacturing employment as a proportion of total employment (%)","2015",8.909,,,
"Central and Western Asia: Lower-middle income","ILO - Modelled Estimates","SDG indicator 9.2.2 - Manufacturing employment as a proportion of total employment (%)","2014",8.896,,,
"Central and Western Asia: Upper-middle income","ILO - Modelled Estimates","SDG indicator 9.2.2 - Manufacturing employment as a proportion of total employment (%)","2023",15.43,,,
"Central and Western Asia: Upper-middle income","ILO - Modelled Estimates","SDG indicator 9.2.2 - Manufacturing employment as a proportion of total employment (%)","2022",15.54,,,
"Central and Western Asia: Upper-middle income","ILO - Modelled Estimates","SDG indicator 9.2.2 - Manufacturing employment as a proportion of total employment (%)","2021",15.249,,,
"Central and Western Asia: Upper-middle income","ILO - Modelled Estimates","SDG indicator 9.2.2 - Manufacturing employment as a proportion of total employment (%)","2020",14.548,,,
"Central and Western Asia: Upper-middle income","ILO - Modelled Estimates","SDG indicator 9.2.2 - Manufacturing employment as a proportion of total employment (%)","2019",14.338,,,
"Central and Western Asia: Upper-middle income","ILO - Modelled Estimates","SDG indicator 9.2.2 - Manufacturing employment as a proportion of total employment (%)","2018",14.321,,,
"Central and Western Asia: Upper-middle income","ILO - Modelled Estimates","SDG indicator 9.2.2 - Manufacturing employment as a proportion of total employment (%)","2017",13.9,,,
"Central and Western Asia: Upper-middle income","ILO - Modelled Estimates","SDG indicator 9.2.2 - Manufacturing employment as a proportion of total employment (%)","2016",14.077,,,
"Central and Western Asia: Upper-middle income","ILO - Modelled Estimates","SDG indicator 9.2.2 - Manufacturing employment as a proportion of total employment (%)","2015",14.339,,,
"Central and Western Asia: Upper-middle income","ILO - Modelled Estimates","SDG indicator 9.2.2 - Manufacturing employment as a proportion of total employment (%)","2014",14.471,,,
"Central and Western Asia: High income","ILO - Modelled Estimates","SDG indicator 9.2.2 - Manufacturing employment as a proportion of total employment (%)","2023",9.025,,,
"Central and Western Asia: High income","ILO - Modelled Estimates","SDG indicator 9.2.2 - Manufacturing employment as a proportion of total employment (%)","2022",9.196,,,
"Central and Western Asia: High income","ILO - Modelled Estimates","SDG indicator 9.2.2 - Manufacturing employment as a proportion of total employment (%)","2021",9.542,,,
"Central and Western Asia: High income","ILO - Modelled Estimates","SDG indicator 9.2.2 - Manufacturing employment as a proportion of total employment (%)","2020",9.368,,,
"Central and Western Asia: High income","ILO - Modelled Estimates","SDG indicator 9.2.2 - Manufacturing employment as a proportion of total employment (%)","2019",9.811,,,
"Central and Western Asia: High income","ILO - Modelled Estimates","SDG indicator 9.2.2 - Manufacturing employment as a proportion of total employment (%)","2018",10.4,,,
"Central and Western Asia: High income","ILO - Modelled Estimates","SDG indicator 9.2.2 - Manufacturing employment as a proportion of total employment (%)","2017",10.612,,,
"Central and Western Asia: High income","ILO - Modelled Estimates","SDG indicator 9.2.2 - Manufacturing employment as a proportion of total employment (%)","2016",10.825,,,
"Central and Western Asia: High income","ILO - Modelled Estimates","SDG indicator 9.2.2 - Manufacturing employment as a proportion of total employment (%)","2015",11.071,,,
"Central and Western Asia: High income","ILO - Modelled Estimates","SDG indicator 9.2.2 - Manufacturing employment as a proportion of total employment (%)","2014",11.312,,,
"Central and Western Asia","ILO - Modelled Estimates","SDG indicator 9.2.2 - Manufacturing employment as a proportion of total employment (%)","2023",13.424,,,
"Central and Western Asia","ILO - Modelled Estimates","SDG indicator 9.2.2 - Manufacturing employment as a proportion of total employment (%)","2022",13.496,,,
"Central and Western Asia","ILO - Modelled Estimates","SDG indicator 9.2.2 - Manufacturing employment as a proportion of total employment (%)","2021",13.3,,,
"Central and Western Asia","ILO - Modelled Estimates","SDG indicator 9.2.2 - Manufacturing employment as a proportion of total employment (%)","2020",12.778,,,
"Central and Western Asia","ILO - Modelled Estimates","SDG indicator 9.2.2 - Manufacturing employment as a proportion of total employment (%)","2019",12.715,,,
"Central and Western Asia","ILO - Modelled Estimates","SDG indicator 9.2.2 - Manufacturing employment as a proportion of total employment (%)","2018",12.759,,,
"Central and Western Asia","ILO - Modelled Estimates","SDG indicator 9.2.2 - Manufacturing employment as a proportion of total employment (%)","2017",12.503,,,
"Central and Western Asia","ILO - Modelled Estimates","SDG indicator 9.2.2 - Manufacturing employment as a proportion of total employment (%)","2016",12.62,,,
"Central and Western Asia","ILO - Modelled Estimates","SDG indicator 9.2.2 - Manufacturing employment as a proportion of total employment (%)","2015",12.801,,,
"Central and Western Asia","ILO - Modelled Estimates","SDG indicator 9.2.2 - Manufacturing employment as a proportion of total employment (%)","2014",12.886,,,
"Western Asia","ILO - Modelled Estimates","SDG indicator 9.2.2 - Manufacturing employment as a proportion of total employment (%)","2023",16.209,,,
"Western Asia","ILO - Modelled Estimates","SDG indicator 9.2.2 - Manufacturing employment as a proportion of total employment (%)","2022",16.391,,,
"Western Asia","ILO - Modelled Estimates","SDG indicator 9.2.2 - Manufacturing employment as a proportion of total employment (%)","2021",16.153,,,
"Western Asia","ILO - Modelled Estimates","SDG indicator 9.2.2 - Manufacturing employment as a proportion of total employment (%)","2020",15.333,,,
"Western Asia","ILO - Modelled Estimates","SDG indicator 9.2.2 - Manufacturing employment as a proportion of total employment (%)","2019",15.124,,,
"Western Asia","ILO - Modelled Estimates","SDG indicator 9.2.2 - Manufacturing employment as a proportion of total employment (%)","2018",15.153,,,
"Western Asia","ILO - Modelled Estimates","SDG indicator 9.2.2 - Manufacturing employment as a proportion of total employment (%)","2017",14.713,,,
"Western Asia","ILO - Modelled Estimates","SDG indicator 9.2.2 - Manufacturing employment as a proportion of total employment (%)","2016",14.965,,,
"Western Asia","ILO - Modelled Estimates","SDG indicator 9.2.2 - Manufacturing employment as a proportion of total employment (%)","2015",15.339,,,
"Western Asia","ILO - Modelled Estimates","SDG indicator 9.2.2 - Manufacturing employment as a proportion of total employment (%)","2014",15.583,,,
"European Union 28","ILO - Modelled Estimates","SDG indicator 9.2.2 - Manufacturing employment as a proportion of total employment (%)","2023",14.667,,,
"European Union 28","ILO - Modelled Estimates","SDG indicator 9.2.2 - Manufacturing employment as a proportion of total employment (%)","2022",14.93,,,
"European Union 28","ILO - Modelled Estimates","SDG indicator 9.2.2 - Manufacturing employment as a proportion of total employment (%)","2021",15.164,,,
"European Union 28","ILO - Modelled Estimates","SDG indicator 9.2.2 - Manufacturing employment as a proportion of total employment (%)","2020",15.399,,,
"European Union 28","ILO - Modelled Estimates","SDG indicator 9.2.2 - Manufacturing employment as a proportion of total employment (%)","2019",15.343,,,
"European Union 28","ILO - Modelled Estimates","SDG indicator 9.2.2 - Manufacturing employment as a proportion of total employment (%)","2018",15.429,,,
"European Union 28","ILO - Modelled Estimates","SDG indicator 9.2.2 - Manufacturing employment as a proportion of total employment (%)","2017",15.491,,,
"European Union 28","ILO - Modelled Estimates","SDG indicator 9.2.2 - Manufacturing employment as a proportion of total employment (%)","2016",15.486,,,
"European Union 28","ILO - Modelled Estimates","SDG indicator 9.2.2 - Manufacturing employment as a proportion of total employment (%)","2015",15.437,,,
"European Union 28","ILO - Modelled Estimates","SDG indicator 9.2.2 - Manufacturing employment as a proportion of total employment (%)","2014",15.49,,,
"G20","ILO - Modelled Estimates","SDG indicator 9.2.2 - Manufacturing employment as a proportion of total employment (%)","2023",14.369,,,
"G20","ILO - Modelled Estimates","SDG indicator 9.2.2 - Manufacturing employment as a proportion of total employment (%)","2022",14.358,,,
"G20","ILO - Modelled Estimates","SDG indicator 9.2.2 - Manufacturing employment as a proportion of total employment (%)","2021",14.418,,,
"G20","ILO - Modelled Estimates","SDG indicator 9.2.2 - Manufacturing employment as a proportion of total employment (%)","2020",14.439,,,
"G20","ILO - Modelled Estimates","SDG indicator 9.2.2 - Manufacturing employment as a proportion of total employment (%)","2019",14.531,,,
"G20","ILO - Modelled Estimates","SDG indicator 9.2.2 - Manufacturing employment as a proportion of total employment (%)","2018",14.579,,,
"G20","ILO - Modelled Estimates","SDG indicator 9.2.2 - Manufacturing employment as a proportion of total employment (%)","2017",14.585,,,
"G20","ILO - Modelled Estimates","SDG indicator 9.2.2 - Manufacturing employment as a proportion of total employment (%)","2016",14.572,,,
"G20","ILO - Modelled Estimates","SDG indicator 9.2.2 - Manufacturing employment as a proportion of total employment (%)","2015",14.648,,,
"G20","ILO - Modelled Estimates","SDG indicator 9.2.2 - Manufacturing employment as a proportion of total employment (%)","2014",14.857,,,
"ASEAN","ILO - Modelled Estimates","SDG indicator 9.2.2 - Manufacturing employment as a proportion of total employment (%)","2023",14.638,,,
"ASEAN","ILO - Modelled Estimates","SDG indicator 9.2.2 - Manufacturing employment as a proportion of total employment (%)","2022",14.528,,,
"ASEAN","ILO - Modelled Estimates","SDG indicator 9.2.2 - Manufacturing employment as a proportion of total employment (%)","2021",14.79,,,
"ASEAN","ILO - Modelled Estimates","SDG indicator 9.2.2 - Manufacturing employment as a proportion of total employment (%)","2020",14.521,,,
"ASEAN","ILO - Modelled Estimates","SDG indicator 9.2.2 - Manufacturing employment as a proportion of total employment (%)","2019",14.413,,,
"ASEAN","ILO - Modelled Estimates","SDG indicator 9.2.2 - Manufacturing employment as a proportion of total employment (%)","2018",14.296,,,
"ASEAN","ILO - Modelled Estimates","SDG indicator 9.2.2 - Manufacturing employment as a proportion of total employment (%)","2017",14.015,,,
"ASEAN","ILO - Modelled Estimates","SDG indicator 9.2.2 - Manufacturing employment as a proportion of total employment (%)","2016",13.679,,,
"ASEAN","ILO - Modelled Estimates","SDG indicator 9.2.2 - Manufacturing employment as a proportion of total employment (%)","2015",13.628,,,
"ASEAN","ILO - Modelled Estimates","SDG indicator 9.2.2 - Manufacturing employment as a proportion of total employment (%)","2014",13.319,,,
"BRICS","ILO - Modelled Estimates","SDG indicator 9.2.2 - Manufacturing employment as a proportion of total employment (%)","2023",16.876,,,
"BRICS","ILO - Modelled Estimates","SDG indicator 9.2.2 - Manufacturing employment as a proportion of total employment (%)","2022",16.824,,,
"BRICS","ILO - Modelled Estimates","SDG indicator 9.2.2 - Manufacturing employment as a proportion of total employment (%)","2021",16.939,,,
"BRICS","ILO - Modelled Estimates","SDG indicator 9.2.2 - Manufacturing employment as a proportion of total employment (%)","2020",16.948,,,
"BRICS","ILO - Modelled Estimates","SDG indicator 9.2.2 - Manufacturing employment as a proportion of total employment (%)","2019",17.077,,,
"BRICS","ILO - Modelled Estimates","SDG indicator 9.2.2 - Manufacturing employment as a proportion of total employment (%)","2018",17.106,,,
"BRICS","ILO - Modelled Estimates","SDG indicator 9.2.2 - Manufacturing employment as a proportion of total employment (%)","2017",17.092,,,
"BRICS","ILO - Modelled Estimates","SDG indicator 9.2.2 - Manufacturing employment as a proportion of total employment (%)","2016",17.088,,,
"BRICS","ILO - Modelled Estimates","SDG indicator 9.2.2 - Manufacturing employment as a proportion of total employment (%)","2015",17.139,,,
"BRICS","ILO - Modelled Estimates","SDG indicator 9.2.2 - Manufacturing employment as a proportion of total employment (%)","2014",17.537,,,
"World excluding BRICS","ILO - Modelled Estimates","SDG indicator 9.2.2 - Manufacturing employment as a proportion of total employment (%)","2023",12.02,,,
"World excluding BRICS","ILO - Modelled Estimates","SDG indicator 9.2.2 - Manufacturing employment as a proportion of total employment (%)","2022",12.038,,,
"World excluding BRICS","ILO - Modelled Estimates","SDG indicator 9.2.2 - Manufacturing employment as a proportion of total employment (%)","2021",12.05,,,
"World excluding BRICS","ILO - Modelled Estimates","SDG indicator 9.2.2 - Manufacturing employment as a proportion of total employment (%)","2020",12.076,,,
"World excluding BRICS","ILO - Modelled Estimates","SDG indicator 9.2.2 - Manufacturing employment as a proportion of total employment (%)","2019",12.05,,,
"World excluding BRICS","ILO - Modelled Estimates","SDG indicator 9.2.2 - Manufacturing employment as a proportion of total employment (%)","2018",12.115,,,
"World excluding BRICS","ILO - Modelled Estimates","SDG indicator 9.2.2 - Manufacturing employment as a proportion of total employment (%)","2017",12.075,,,
"World excluding BRICS","ILO - Modelled Estimates","SDG indicator 9.2.2 - Manufacturing employment as a proportion of total employment (%)","2016",12.005,,,
"World excluding BRICS","ILO - Modelled Estimates","SDG indicator 9.2.2 - Manufacturing employment as a proportion of total employment (%)","2015",12.062,,,
"World excluding BRICS","ILO - Modelled Estimates","SDG indicator 9.2.2 - Manufacturing employment as a proportion of total employment (%)","2014",11.984,,,
"G7","ILO - Modelled Estimates","SDG indicator 9.2.2 - Manufacturing employment as a proportion of total employment (%)","2023",12.41,,,
"G7","ILO - Modelled Estimates","SDG indicator 9.2.2 - Manufacturing employment as a proportion of total employment (%)","2022",12.442,,,
"G7","ILO - Modelled Estimates","SDG indicator 9.2.2 - Manufacturing employment as a proportion of total employment (%)","2021",12.563,,,
"G7","ILO - Modelled Estimates","SDG indicator 9.2.2 - Manufacturing employment as a proportion of total employment (%)","2020",12.771,,,
"G7","ILO - Modelled Estimates","SDG indicator 9.2.2 - Manufacturing employment as a proportion of total employment (%)","2019",12.772,,,
"G7","ILO - Modelled Estimates","SDG indicator 9.2.2 - Manufacturing employment as a proportion of total employment (%)","2018",12.8,,,
"G7","ILO - Modelled Estimates","SDG indicator 9.2.2 - Manufacturing employment as a proportion of total employment (%)","2017",12.889,,,
"G7","ILO - Modelled Estimates","SDG indicator 9.2.2 - Manufacturing employment as a proportion of total employment (%)","2016",12.995,,,
"G7","ILO - Modelled Estimates","SDG indicator 9.2.2 - Manufacturing employment as a proportion of total employment (%)","2015",13.124,,,
"G7","ILO - Modelled Estimates","SDG indicator 9.2.2 - Manufacturing employment as a proportion of total employment (%)","2014",13.211,,,
"MENA","ILO - Modelled Estimates","SDG indicator 9.2.2 - Manufacturing employment as a proportion of total employment (%)","2023",10.887,,,
"MENA","ILO - Modelled Estimates","SDG indicator 9.2.2 - Manufacturing employment as a proportion of total employment (%)","2022",10.967,,,
"MENA","ILO - Modelled Estimates","SDG indicator 9.2.2 - Manufacturing employment as a proportion of total employment (%)","2021",11.054,,,
"MENA","ILO - Modelled Estimates","SDG indicator 9.2.2 - Manufacturing employment as a proportion of total employment (%)","2020",11.269,,,
"MENA","ILO - Modelled Estimates","SDG indicator 9.2.2 - Manufacturing employment as a proportion of total employment (%)","2019",11.248,,,
"MENA","ILO - Modelled Estimates","SDG indicator 9.2.2 - Manufacturing employment as a proportion of total employment (%)","2018",11.274,,,
"MENA","ILO - Modelled Estimates","SDG indicator 9.2.2 - Manufacturing employment as a proportion of total employment (%)","2017",11.113,,,
"MENA","ILO - Modelled Estimates","SDG indicator 9.2.2 - Manufacturing employment as a proportion of total employment (%)","2016",11.007,,,
"MENA","ILO - Modelled Estimates","SDG indicator 9.2.2 - Manufacturing employment as a proportion of total employment (%)","2015",11.084,,,
"MENA","ILO - Modelled Estimates","SDG indicator 9.2.2 - Manufacturing employment as a proportion of total employment (%)","2014",11.124,,,
"Arab League","ILO - Modelled Estimates","SDG indicator 9.2.2 - Manufacturing employment as a proportion of total employment (%)","2023",9.371,,,
"Arab League","ILO - Modelled Estimates","SDG indicator 9.2.2 - Manufacturing employment as a proportion of total employment (%)","2022",9.444,,,
"Arab League","ILO - Modelled Estimates","SDG indicator 9.2.2 - Manufacturing employment as a proportion of total employment (%)","2021",9.688,,,
"Arab League","ILO - Modelled Estimates","SDG indicator 9.2.2 - Manufacturing employment as a proportion of total employment (%)","2020",9.898,,,
"Arab League","ILO - Modelled Estimates","SDG indicator 9.2.2 - Manufacturing employment as a proportion of total employment (%)","2019",9.806,,,
"Arab League","ILO - Modelled Estimates","SDG indicator 9.2.2 - Manufacturing employment as a proportion of total employment (%)","2018",9.866,,,
"Arab League","ILO - Modelled Estimates","SDG indicator 9.2.2 - Manufacturing employment as a proportion of total employment (%)","2017",9.806,,,
"Arab League","ILO - Modelled Estimates","SDG indicator 9.2.2 - Manufacturing employment as a proportion of total employment (%)","2016",9.708,,,
"Arab League","ILO - Modelled Estimates","SDG indicator 9.2.2 - Manufacturing employment as a proportion of total employment (%)","2015",9.828,,,
"Arab League","ILO - Modelled Estimates","SDG indicator 9.2.2 - Manufacturing employment as a proportion of total employment (%)","2014",9.891,,,
"CARICOM","ILO - Modelled Estimates","SDG indicator 9.2.2 - Manufacturing employment as a proportion of total employment (%)","2023",6.987,,,
"CARICOM","ILO - Modelled Estimates","SDG indicator 9.2.2 - Manufacturing employment as a proportion of total employment (%)","2022",6.974,,,
"CARICOM","ILO - Modelled Estimates","SDG indicator 9.2.2 - Manufacturing employment as a proportion of total employment (%)","2021",6.99,,,
"CARICOM","ILO - Modelled Estimates","SDG indicator 9.2.2 - Manufacturing employment as a proportion of total employment (%)","2020",7.05,,,
"CARICOM","ILO - Modelled Estimates","SDG indicator 9.2.2 - Manufacturing employment as a proportion of total employment (%)","2019",7.023,,,
"CARICOM","ILO - Modelled Estimates","SDG indicator 9.2.2 - Manufacturing employment as a proportion of total employment (%)","2018",7.067,,,
"CARICOM","ILO - Modelled Estimates","SDG indicator 9.2.2 - Manufacturing employment as a proportion of total employment (%)","2017",6.986,,,
"CARICOM","ILO - Modelled Estimates","SDG indicator 9.2.2 - Manufacturing employment as a proportion of total employment (%)","2016",7,,,
"CARICOM","ILO - Modelled Estimates","SDG indicator 9.2.2 - Manufacturing employment as a proportion of total employment (%)","2015",6.987,,,
"CARICOM","ILO - Modelled Estimates","SDG indicator 9.2.2 - Manufacturing employment as a proportion of total employment (%)","2014",6.969,,,
"European Union 27","ILO - Modelled Estimates","SDG indicator 9.2.2 - Manufacturing employment as a proportion of total employment (%)","2023",15.608,,,
"European Union 27","ILO - Modelled Estimates","SDG indicator 9.2.2 - Manufacturing employment as a proportion of total employment (%)","2022",15.9,,,
"European Union 27","ILO - Modelled Estimates","SDG indicator 9.2.2 - Manufacturing employment as a proportion of total employment (%)","2021",16.151,,,
"European Union 27","ILO - Modelled Estimates","SDG indicator 9.2.2 - Manufacturing employment as a proportion of total employment (%)","2020",16.429,,,
"European Union 27","ILO - Modelled Estimates","SDG indicator 9.2.2 - Manufacturing employment as a proportion of total employment (%)","2019",16.349,,,
"European Union 27","ILO - Modelled Estimates","SDG indicator 9.2.2 - Manufacturing employment as a proportion of total employment (%)","2018",16.478,,,
"European Union 27","ILO - Modelled Estimates","SDG indicator 9.2.2 - Manufacturing employment as a proportion of total employment (%)","2017",16.517,,,
"European Union 27","ILO - Modelled Estimates","SDG indicator 9.2.2 - Manufacturing employment as a proportion of total employment (%)","2016",16.465,,,
"European Union 27","ILO - Modelled Estimates","SDG indicator 9.2.2 - Manufacturing employment as a proportion of total employment (%)","2015",16.383,,,
"European Union 27","ILO - Modelled Estimates","SDG indicator 9.2.2 - Manufacturing employment as a proportion of total employment (%)","2014",16.401,,,
"Arab States: Low income","ILO - Modelled Estimates","SDG indicator 9.2.2 - Manufacturing employment as a proportion of total employment (%)","2023",7.836,,,
"Arab States: Low income","ILO - Modelled Estimates","SDG indicator 9.2.2 - Manufacturing employment as a proportion of total employment (%)","2022",7.762,,,
"Arab States: Low income","ILO - Modelled Estimates","SDG indicator 9.2.2 - Manufacturing employment as a proportion of total employment (%)","2021",7.734,,,
"Arab States: Low income","ILO - Modelled Estimates","SDG indicator 9.2.2 - Manufacturing employment as a proportion of total employment (%)","2020",7.728,,,
"Arab States: Low income","ILO - Modelled Estimates","SDG indicator 9.2.2 - Manufacturing employment as a proportion of total employment (%)","2019",7.666,,,
"Arab States: Low income","ILO - Modelled Estimates","SDG indicator 9.2.2 - Manufacturing employment as a proportion of total employment (%)","2018",7.637,,,
"Arab States: Low income","ILO - Modelled Estimates","SDG indicator 9.2.2 - Manufacturing employment as a proportion of total employment (%)","2017",7.695,,,
"Arab States: Low income","ILO - Modelled Estimates","SDG indicator 9.2.2 - Manufacturing employment as a proportion of total employment (%)","2016",7.817,,,
"Arab States: Low income","ILO - Modelled Estimates","SDG indicator 9.2.2 - Manufacturing employment as a proportion of total employment (%)","2015",8.029,,,
"Arab States: Low income","ILO - Modelled Estimates","SDG indicator 9.2.2 - Manufacturing employment as a proportion of total employment (%)","2014",8.13,,,
"APEC","ILO - Modelled Estimates","SDG indicator 9.2.2 - Manufacturing employment as a proportion of total employment (%)","2023",17.555,,,
"APEC","ILO - Modelled Estimates","SDG indicator 9.2.2 - Manufacturing employment as a proportion of total employment (%)","2022",17.506,,,
"APEC","ILO - Modelled Estimates","SDG indicator 9.2.2 - Manufacturing employment as a proportion of total employment (%)","2021",17.673,,,
"APEC","ILO - Modelled Estimates","SDG indicator 9.2.2 - Manufacturing employment as a proportion of total employment (%)","2020",17.69,,,
"APEC","ILO - Modelled Estimates","SDG indicator 9.2.2 - Manufacturing employment as a proportion of total employment (%)","2019",17.502,,,
"APEC","ILO - Modelled Estimates","SDG indicator 9.2.2 - Manufacturing employment as a proportion of total employment (%)","2018",17.448,,,
"APEC","ILO - Modelled Estimates","SDG indicator 9.2.2 - Manufacturing employment as a proportion of total employment (%)","2017",17.371,,,
"APEC","ILO - Modelled Estimates","SDG indicator 9.2.2 - Manufacturing employment as a proportion of total employment (%)","2016",17.284,,,
"APEC","ILO - Modelled Estimates","SDG indicator 9.2.2 - Manufacturing employment as a proportion of total employment (%)","2015",17.254,,,
"APEC","ILO - Modelled Estimates","SDG indicator 9.2.2 - Manufacturing employment as a proportion of total employment (%)","2014",17.509,,,
"World excluding India and China","ILO - Modelled Estimates","SDG indicator 9.2.2 - Manufacturing employment as a proportion of total employment (%)","2023",12.027,,,
"World excluding India and China","ILO - Modelled Estimates","SDG indicator 9.2.2 - Manufacturing employment as a proportion of total employment (%)","2022",12.056,,,
"World excluding India and China","ILO - Modelled Estimates","SDG indicator 9.2.2 - Manufacturing employment as a proportion of total employment (%)","2021",12.077,,,
"World excluding India and China","ILO - Modelled Estimates","SDG indicator 9.2.2 - Manufacturing employment as a proportion of total employment (%)","2020",12.101,,,
"World excluding India and China","ILO - Modelled Estimates","SDG indicator 9.2.2 - Manufacturing employment as a proportion of total employment (%)","2019",12.079,,,
"World excluding India and China","ILO - Modelled Estimates","SDG indicator 9.2.2 - Manufacturing employment as a proportion of total employment (%)","2018",12.137,,,
"World excluding India and China","ILO - Modelled Estimates","SDG indicator 9.2.2 - Manufacturing employment as a proportion of total employment (%)","2017",12.11,,,
"World excluding India and China","ILO - Modelled Estimates","SDG indicator 9.2.2 - Manufacturing employment as a proportion of total employment (%)","2016",12.05,,,
"World excluding India and China","ILO - Modelled Estimates","SDG indicator 9.2.2 - Manufacturing employment as a proportion of total employment (%)","2015",12.16,,,
"World excluding India and China","ILO - Modelled Estimates","SDG indicator 9.2.2 - Manufacturing employment as a proportion of total employment (%)","2014",12.118,,,
"World: Lower-middle income excluding India","ILO - Modelled Estimates","SDG indicator 9.2.2 - Manufacturing employment as a proportion of total employment (%)","2023",12.392,,,
"World: Lower-middle income excluding India","ILO - Modelled Estimates","SDG indicator 9.2.2 - Manufacturing employment as a proportion of total employment (%)","2022",12.316,,,
"World: Lower-middle income excluding India","ILO - Modelled Estimates","SDG indicator 9.2.2 - Manufacturing employment as a proportion of total employment (%)","2021",12.258,,,
"World: Lower-middle income excluding India","ILO - Modelled Estimates","SDG indicator 9.2.2 - Manufacturing employment as a proportion of total employment (%)","2020",12.084,,,
"World: Lower-middle income excluding India","ILO - Modelled Estimates","SDG indicator 9.2.2 - Manufacturing employment as a proportion of total employment (%)","2019",11.731,,,
"World: Lower-middle income excluding India","ILO - Modelled Estimates","SDG indicator 9.2.2 - Manufacturing employment as a proportion of total employment (%)","2018",11.703,,,
"World: Lower-middle income excluding India","ILO - Modelled Estimates","SDG indicator 9.2.2 - Manufacturing employment as a proportion of total employment (%)","2017",11.561,,,
"World: Lower-middle income excluding India","ILO - Modelled Estimates","SDG indicator 9.2.2 - Manufacturing employment as a proportion of total employment (%)","2016",11.323,,,
"World: Lower-middle income excluding India","ILO - Modelled Estimates","SDG indicator 9.2.2 - Manufacturing employment as a proportion of total employment (%)","2015",11.268,,,
"World: Lower-middle income excluding India","ILO - Modelled Estimates","SDG indicator 9.2.2 - Manufacturing employment as a proportion of total employment (%)","2014",10.971,,,
"World: Upper-middle income excluding China","ILO - Modelled Estimates","SDG indicator 9.2.2 - Manufacturing employment as a proportion of total employment (%)","2023",13.359,,,
"World: Upper-middle income excluding China","ILO - Modelled Estimates","SDG indicator 9.2.2 - Manufacturing employment as a proportion of total employment (%)","2022",13.383,,,
"World: Upper-middle income excluding China","ILO - Modelled Estimates","SDG indicator 9.2.2 - Manufacturing employment as a proportion of total employment (%)","2021",13.301,,,
"World: Upper-middle income excluding China","ILO - Modelled Estimates","SDG indicator 9.2.2 - Manufacturing employment as a proportion of total employment (%)","2020",13.267,,,
"World: Upper-middle income excluding China","ILO - Modelled Estimates","SDG indicator 9.2.2 - Manufacturing employment as a proportion of total employment (%)","2019",13.425,,,
"World: Upper-middle income excluding China","ILO - Modelled Estimates","SDG indicator 9.2.2 - Manufacturing employment as a proportion of total employment (%)","2018",13.478,,,
"World: Upper-middle income excluding China","ILO - Modelled Estimates","SDG indicator 9.2.2 - Manufacturing employment as a proportion of total employment (%)","2017",13.36,,,
"World: Upper-middle income excluding China","ILO - Modelled Estimates","SDG indicator 9.2.2 - Manufacturing employment as a proportion of total employment (%)","2016",13.273,,,
"World: Upper-middle income excluding China","ILO - Modelled Estimates","SDG indicator 9.2.2 - Manufacturing employment as a proportion of total employment (%)","2015",13.537,,,
"World: Upper-middle income excluding China","ILO - Modelled Estimates","SDG indicator 9.2.2 - Manufacturing employment as a proportion of total employment (%)","2014",13.581,,,
"Yemen","LFS - Labour Force Survey","SDG indicator 9.2.2 - Manufacturing employment as a proportion of total employment (%)","2014",5.504,"Break in series","Break in series: Methodology revised","Repository: ILO-STATISTICS - Micro data processing"
"South Africa","LFS - Quarterly Labour Force Survey","SDG indicator 9.2.2 - Manufacturing employment as a proportion of total employment (%)","2024",9.777,,,"Repository: ILO-STATISTICS - Micro data processing"
"South Africa","LFS - Quarterly Labour Force Survey","SDG indicator 9.2.2 - Manufacturing employment as a proportion of total employment (%)","2023",9.39,,,"Repository: ILO-STATISTICS - Micro data processing"
"South Africa","LFS - Quarterly Labour Force Survey","SDG indicator 9.2.2 - Manufacturing employment as a proportion of total employment (%)","2022",10.228,,,"Repository: ILO-STATISTICS - Micro data processing"
"South Africa","LFS - Quarterly Labour Force Survey","SDG indicator 9.2.2 - Manufacturing employment as a proportion of total employment (%)","2021",9.602,,,"Repository: ILO-STATISTICS - Micro data processing"
"South Africa","LFS - Quarterly Labour Force Survey","SDG indicator 9.2.2 - Manufacturing employment as a proportion of total employment (%)","2020",10.143,,,"Repository: ILO-STATISTICS - Micro data processing"
"South Africa","LFS - Quarterly Labour Force Survey","SDG indicator 9.2.2 - Manufacturing employment as a proportion of total employment (%)","2019",10.771,,,"Repository: ILO-STATISTICS - Micro data processing"
"South Africa","LFS - Quarterly Labour Force Survey","SDG indicator 9.2.2 - Manufacturing employment as a proportion of total employment (%)","2018",10.775,,,"Repository: ILO-STATISTICS - Micro data processing"
"South Africa","LFS - Quarterly Labour Force Survey","SDG indicator 9.2.2 - Manufacturing employment as a proportion of total employment (%)","2017",11.085,,,"Repository: ILO-STATISTICS - Micro data processing"
"South Africa","LFS - Quarterly Labour Force Survey","SDG indicator 9.2.2 - Manufacturing employment as a proportion of total employment (%)","2016",10.737,,,"Repository: ILO-STATISTICS - Micro data processing"
"South Africa","LFS - Quarterly Labour Force Survey","SDG indicator 9.2.2 - Manufacturing employment as a proportion of total employment (%)","2015",11.2,,,"Repository: ILO-STATISTICS - Micro data processing"
"South Africa","LFS - Quarterly Labour Force Survey","SDG indicator 9.2.2 - Manufacturing employment as a proportion of total employment (%)","2014",11.629,,,"Repository: ILO-STATISTICS - Micro data processing"
"Zambia","LFS - Labour Force Survey","SDG indicator 9.2.2 - Manufacturing employment as a proportion of total employment (%)","2023",4.941,,,"Repository: ILO-STATISTICS - Micro data processing"
"Zambia","LFS - Labour Force Survey","SDG indicator 9.2.2 - Manufacturing employment as a proportion of total employment (%)","2022",5.605,,,"Repository: ILO-STATISTICS - Micro data processing"
"Zambia","LFS - Labour Force Survey","SDG indicator 9.2.2 - Manufacturing employment as a proportion of total employment (%)","2021",5.767,,,"Repository: ILO-STATISTICS - Micro data processing"
"Zambia","LFS - Labour Force Survey","SDG indicator 9.2.2 - Manufacturing employment as a proportion of total employment (%)","2020",4.449,,,"Repository: ILO-STATISTICS - Micro data processing"
"Zambia","LFS - Labour Force Survey","SDG indicator 9.2.2 - Manufacturing employment as a proportion of total employment (%)","2019",4.426,,,"Repository: ILO-STATISTICS - Micro data processing"
"Zambia","LFS - Labour Force Survey","SDG indicator 9.2.2 - Manufacturing employment as a proportion of total employment (%)","2018",4.61,"Break in series","Break in series: Methodology revised","Repository: ILO-STATISTICS - Micro data processing"
"Zambia","LFS - Labour Force Survey","SDG indicator 9.2.2 - Manufacturing employment as a proportion of total employment (%)","2017",4.412,"Break in series","Break in series: Methodology revised","Repository: ILO-STATISTICS - Micro data processing"
"Zambia","HIES - Living Conditions Monitoring Survey","SDG indicator 9.2.2 - Manufacturing employment as a proportion of total employment (%)","2015",4.614,,,"Repository: ILO-STATISTICS - Micro data processing"
"Zimbabwe","LFS - Labour Force Survey","SDG indicator 9.2.2 - Manufacturing employment as a proportion of total employment (%)","2023",4.919,,,"Repository: ILO-STATISTICS - Micro data processing"
"Zimbabwe","LFS - Labour Force Survey","SDG indicator 9.2.2 - Manufacturing employment as a proportion of total employment (%)","2022",4.728,,,"Repository: ILO-STATISTICS - Micro data processing"
"Zimbabwe","LFS - Labour Force Survey","SDG indicator 9.2.2 - Manufacturing employment as a proportion of total employment (%)","2021",5.554,,,"Repository: ILO-STATISTICS - Micro data processing"
"Zimbabwe","LFS - Labour Force Survey","SDG indicator 9.2.2 - Manufacturing employment as a proportion of total employment (%)","2019",4.415,"Break in series","Break in series: Methodology revised","Repository: ILO-STATISTICS - Micro data processing"
"Zimbabwe","LFS - Labour Force Survey","SDG indicator 9.2.2 - Manufacturing employment as a proportion of total employment (%)","2014",4.03,,,"Repository: ILO-STATISTICS - Micro data processing"
