"ref_area.label","source.label","indicator.label","time","obs_value","obs_status.label","note_classif.label","note_indicator.label","note_source.label"
"Aruba","LFS - Labour Force Survey","SDG indicator 5.5.2 - Proportion of women in managerial positions (%)","2011",42.751,,,,
"Aruba","PC - Population and Housing Census","SDG indicator 5.5.2 - Proportion of women in managerial positions (%)","2010",40.961,,,,"Data reference period: September | Age coverage - minimum age: 14 years old"
"Aruba","LFS - Labour Force Survey","SDG indicator 5.5.2 - Proportion of women in managerial positions (%)","2007",40.25,,,,"Data reference period: October"
"Aruba","PC - Population and Housing Census","SDG indicator 5.5.2 - Proportion of women in managerial positions (%)","2000",35.867,,,,"Data reference period: October"
"Afghanistan","LFS - Labour Force Survey","SDG indicator 5.5.2 - Proportion of women in managerial positions (%)","2021",,"Unreliable",,,"Repository: ILO-STATISTICS - Micro data processing | Data reference period: First quarter"
"Afghanistan","LFS - Labour Force Survey","SDG indicator 5.5.2 - Proportion of women in managerial positions (%)","2020",4.891,"Unreliable",,,"Repository: ILO-STATISTICS - Micro data processing"
"Afghanistan","HIES - Households Living Conditions Survey","SDG indicator 5.5.2 - Proportion of women in managerial positions (%)","2017",4.055,"Unreliable",,,"Repository: ILO-STATISTICS - Micro data processing"
"Afghanistan","HIES - Households Living Conditions Survey","SDG indicator 5.5.2 - Proportion of women in managerial positions (%)","2014",6.369,"Unreliable",,,"Repository: ILO-STATISTICS - Micro data processing"
"Angola","LFS - Employment Survey","SDG indicator 5.5.2 - Proportion of women in managerial positions (%)","2022",16.653,,,,"Repository: ILO-STATISTICS - Micro data processing"
"Angola","LFS - Employment Survey","SDG indicator 5.5.2 - Proportion of women in managerial positions (%)","2021",15.358,,,,"Repository: ILO-STATISTICS - Micro data processing"
"Angola","LFS - Employment Survey","SDG indicator 5.5.2 - Proportion of women in managerial positions (%)","2019",13.308,"Break in series",,"Break in series: Methodology revised","Repository: ILO-STATISTICS - Micro data processing"
"Angola","PC - Population Census","SDG indicator 5.5.2 - Proportion of women in managerial positions (%)","2014",19.726,,,,"Repository: ILO-STATISTICS - Micro data processing"
"Angola","LFS - Employment Survey","SDG indicator 5.5.2 - Proportion of women in managerial positions (%)","2011",31.893,,,,
"Angola","LFS - Employment Survey","SDG indicator 5.5.2 - Proportion of women in managerial positions (%)","2010",29.764,,,,
"Angola","HIES - Core Welfare Indicators Questionnaire","SDG indicator 5.5.2 - Proportion of women in managerial positions (%)","2009",14.777,,,,"Repository: ILO-STATISTICS - Micro data processing"
"Angola","HIES - Core Welfare Indicators Questionnaire","SDG indicator 5.5.2 - Proportion of women in managerial positions (%)","2004",29.523,"Break in series",,"Break in series: Methodology revised","Repository: ILO-STATISTICS - Micro data processing"
"Anguilla","PC - Population Census","SDG indicator 5.5.2 - Proportion of women in managerial positions (%)","2001",52.032,,,,"Data reference period: May | Population coverage: Excluding armed forces and/or conscripts"
"Albania","LFS - Labour Force Survey","SDG indicator 5.5.2 - Proportion of women in managerial positions (%)","2023",23.497,,,,"Repository: ILO-STATISTICS - Micro data processing"
"Albania","LFS - Labour Force Survey","SDG indicator 5.5.2 - Proportion of women in managerial positions (%)","2022",26.175,,,,"Repository: ILO-STATISTICS - Micro data processing"
"Albania","LFS - Labour Force Survey","SDG indicator 5.5.2 - Proportion of women in managerial positions (%)","2021",27.361,,,,"Repository: ILO-STATISTICS - Micro data processing"
"Albania","LFS - Labour Force Survey","SDG indicator 5.5.2 - Proportion of women in managerial positions (%)","2020",34.849,,,,"Repository: ILO-STATISTICS - Micro data processing"
"Albania","LFS - Labour Force Survey","SDG indicator 5.5.2 - Proportion of women in managerial positions (%)","2019",34.115,,,,"Repository: ILO-STATISTICS - Micro data processing"
"Albania","LFS - Labour Force Survey","SDG indicator 5.5.2 - Proportion of women in managerial positions (%)","2018",29.251,,,,"Repository: ILO-STATISTICS - Micro data processing"
"Albania","LFS - Labour Force Survey","SDG indicator 5.5.2 - Proportion of women in managerial positions (%)","2017",22.646,,,,"Repository: ILO-STATISTICS - Micro data processing"
"Albania","LFS - Labour Force Survey","SDG indicator 5.5.2 - Proportion of women in managerial positions (%)","2016",24.143,,,,"Repository: ILO-STATISTICS - Micro data processing"
"Albania","LFS - Labour Force Survey","SDG indicator 5.5.2 - Proportion of women in managerial positions (%)","2015",19.762,,,,"Repository: ILO-STATISTICS - Micro data processing"
"Albania","LFS - Labour Force Survey","SDG indicator 5.5.2 - Proportion of women in managerial positions (%)","2014",18.679,,,,"Repository: ILO-STATISTICS - Micro data processing"
"Albania","LFS - Labour Force Survey","SDG indicator 5.5.2 - Proportion of women in managerial positions (%)","2013",31.926,,,,"Repository: ILO-STATISTICS - Micro data processing"
"Albania","LFS - Labour Force Survey","SDG indicator 5.5.2 - Proportion of women in managerial positions (%)","2012",16.07,,,,"Repository: ILO-STATISTICS - Micro data processing"
"Albania","LFS - Labour Force Survey","SDG indicator 5.5.2 - Proportion of women in managerial positions (%)","2010",19.1,,,,"Repository: ILO-STATISTICS - Micro data processing"
"Albania","LFS - Labour Force Survey","SDG indicator 5.5.2 - Proportion of women in managerial positions (%)","2009",22.466,,,,"Repository: ILO-STATISTICS - Micro data processing"
"Albania","LFS - Labour Force Survey","SDG indicator 5.5.2 - Proportion of women in managerial positions (%)","2008",23.744,,,,"Repository: ILO-STATISTICS - Micro data processing"
"Albania","LFS - Labour Force Survey","SDG indicator 5.5.2 - Proportion of women in managerial positions (%)","2007",20.47,"Break in series",,"Break in series: Methodology revised","Repository: ILO-STATISTICS - Micro data processing"
"Albania","HIES - Living Standards Survey","SDG indicator 5.5.2 - Proportion of women in managerial positions (%)","2002",13.056,,,,"Repository: ILO-STATISTICS - Micro data processing"
"Netherlands Antilles","LFS - Labour Force Survey","SDG indicator 5.5.2 - Proportion of women in managerial positions (%)","2007",34.231,,,,"Data reference period: October | Geographical coverage: Main city or metropolitan area"
"Netherlands Antilles","LFS - Labour Force Survey","SDG indicator 5.5.2 - Proportion of women in managerial positions (%)","2006",33.419,,,,"Data reference period: October | Geographical coverage: Main city or metropolitan area"
"Netherlands Antilles","LFS - Labour Force Survey","SDG indicator 5.5.2 - Proportion of women in managerial positions (%)","2005",32.959,,,,"Data reference period: October | Geographical coverage: Main city or metropolitan area"
"Netherlands Antilles","LFS - Labour Force Survey","SDG indicator 5.5.2 - Proportion of women in managerial positions (%)","2004",32.164,,,,"Data reference period: October | Geographical coverage: Main city or metropolitan area"
"Netherlands Antilles","LFS - Labour Force Survey","SDG indicator 5.5.2 - Proportion of women in managerial positions (%)","2003",32.94,,,,"Data reference period: October | Geographical coverage: Main city or metropolitan area"
"Netherlands Antilles","LFS - Labour Force Survey","SDG indicator 5.5.2 - Proportion of women in managerial positions (%)","2002",31.337,,,,"Data reference period: October | Geographical coverage: Main city or metropolitan area"
"Netherlands Antilles","LFS - Labour Force Survey","SDG indicator 5.5.2 - Proportion of women in managerial positions (%)","2001",31.339,,,,"Data reference period: October | Geographical coverage: Main city or metropolitan area"
"Netherlands Antilles","LFS - Labour Force Survey","SDG indicator 5.5.2 - Proportion of women in managerial positions (%)","2000",31.032,,,,"Data reference period: October | Geographical coverage: Main city or metropolitan area"
"United Arab Emirates","LFS - Labour Force Survey","SDG indicator 5.5.2 - Proportion of women in managerial positions (%)","2023",24.65,,,,"Repository: ILO-STATISTICS - Micro data processing"
"United Arab Emirates","LFS - Labour Force Survey","SDG indicator 5.5.2 - Proportion of women in managerial positions (%)","2022",23.434,,,,"Repository: ILO-STATISTICS - Micro data processing"
"United Arab Emirates","LFS - Labour Force Survey","SDG indicator 5.5.2 - Proportion of women in managerial positions (%)","2021",23.128,,,,"Repository: ILO-STATISTICS - Micro data processing"
"United Arab Emirates","LFS - Labour Force Survey","SDG indicator 5.5.2 - Proportion of women in managerial positions (%)","2020",17.738,,,,"Repository: ILO-STATISTICS - Micro data processing"
"United Arab Emirates","LFS - Labour Force Survey","SDG indicator 5.5.2 - Proportion of women in managerial positions (%)","2019",21.505,,,,"Repository: ILO-STATISTICS - Micro data processing"
"United Arab Emirates","LFS - Labour Force Survey","SDG indicator 5.5.2 - Proportion of women in managerial positions (%)","2018",15.782,,,,"Repository: ILO-STATISTICS - Micro data processing"
"United Arab Emirates","LFS - Labour Force Survey","SDG indicator 5.5.2 - Proportion of women in managerial positions (%)","2017",12.472,"Break in series",,"Break in series: Methodology revised","Repository: ILO-STATISTICS - Micro data processing"
"United Arab Emirates","LFS - Labour Force Survey","SDG indicator 5.5.2 - Proportion of women in managerial positions (%)","2016",14.57,,,,"Age coverage - maximum age: 65 years old"
"United Arab Emirates","LFS - Labour Force Survey","SDG indicator 5.5.2 - Proportion of women in managerial positions (%)","2008",9.945,,,,"Data reference period: February"
"United Arab Emirates","PC - Population Census","SDG indicator 5.5.2 - Proportion of women in managerial positions (%)","2005",10.168,,,,"Data reference period: December"
"United Arab Emirates","OE - Official Estimates","SDG indicator 5.5.2 - Proportion of women in managerial positions (%)","2000",7.806,,,,
"Argentina","LFS - Permanent Household Survey, Urban","SDG indicator 5.5.2 - Proportion of women in managerial positions (%)","2023",34.663,,,,"Repository: ILO-STATISTICS - Micro data processing | Geographical coverage: Main cities or metropolitan areas"
"Argentina","LFS - Permanent Household Survey, Urban","SDG indicator 5.5.2 - Proportion of women in managerial positions (%)","2022",33.647,,,,"Repository: ILO-STATISTICS - Micro data processing | Geographical coverage: Main cities or metropolitan areas"
"Argentina","LFS - Permanent Household Survey, Urban","SDG indicator 5.5.2 - Proportion of women in managerial positions (%)","2021",32.694,,,,"Repository: ILO-STATISTICS - Micro data processing | Geographical coverage: Main cities or metropolitan areas"
"Argentina","LFS - Permanent Household Survey, Urban","SDG indicator 5.5.2 - Proportion of women in managerial positions (%)","2020",32.975,,,,"Repository: ILO-STATISTICS - Micro data processing | Geographical coverage: Main cities or metropolitan areas"
"Argentina","LFS - Permanent Household Survey, Urban","SDG indicator 5.5.2 - Proportion of women in managerial positions (%)","2019",31.604,,,,"Repository: ILO-STATISTICS - Micro data processing | Geographical coverage: Main cities or metropolitan areas"
"Argentina","LFS - Permanent Household Survey, Urban","SDG indicator 5.5.2 - Proportion of women in managerial positions (%)","2018",32.565,,,,"Repository: ILO-STATISTICS - Micro data processing | Geographical coverage: Main cities or metropolitan areas"
"Argentina","LFS - Permanent Household Survey, Urban","SDG indicator 5.5.2 - Proportion of women in managerial positions (%)","2017",31.613,,,,"Repository: ILO-STATISTICS - Micro data processing | Geographical coverage: Main cities or metropolitan areas"
"Argentina","LFS - Permanent Household Survey, Urban","SDG indicator 5.5.2 - Proportion of women in managerial positions (%)","2014",30.621,,,"Remarks: Warning on the use of statistical series: Statistical series published after January 2007 and before December 2015 should be used with caution. The INDEC, based on what is stated in decrees 181/15 and 55/16, is undertaking the investigations required to ensure the regularity of data collection, processing and dissemination procedures.","Repository: ILO-STATISTICS - Micro data processing | Geographical coverage: Main cities or metropolitan areas"
"Argentina","LFS - Permanent Household Survey, Urban","SDG indicator 5.5.2 - Proportion of women in managerial positions (%)","2013",30.264,,,"Remarks: Warning on the use of statistical series: Statistical series published after January 2007 and before December 2015 should be used with caution. The INDEC, based on what is stated in decrees 181/15 and 55/16, is undertaking the investigations required to ensure the regularity of data collection, processing and dissemination procedures.","Repository: ILO-STATISTICS - Micro data processing | Geographical coverage: Main cities or metropolitan areas"
"Argentina","LFS - Permanent Household Survey, Urban","SDG indicator 5.5.2 - Proportion of women in managerial positions (%)","2012",30.403,,,"Remarks: Warning on the use of statistical series: Statistical series published after January 2007 and before December 2015 should be used with caution. The INDEC, based on what is stated in decrees 181/15 and 55/16, is undertaking the investigations required to ensure the regularity of data collection, processing and dissemination procedures.","Repository: ILO-STATISTICS - Micro data processing | Geographical coverage: Main cities or metropolitan areas"
"Argentina","LFS - Permanent Household Survey, Urban","SDG indicator 5.5.2 - Proportion of women in managerial positions (%)","2011",28.02,,,"Remarks: Warning on the use of statistical series: Statistical series published after January 2007 and before December 2015 should be used with caution. The INDEC, based on what is stated in decrees 181/15 and 55/16, is undertaking the investigations required to ensure the regularity of data collection, processing and dissemination procedures.","Repository: ILO-STATISTICS - Micro data processing | Geographical coverage: Main cities or metropolitan areas"
"Argentina","LFS - Permanent Household Survey, Urban","SDG indicator 5.5.2 - Proportion of women in managerial positions (%)","2010",29.846,,,"Remarks: Warning on the use of statistical series: Statistical series published after January 2007 and before December 2015 should be used with caution. The INDEC, based on what is stated in decrees 181/15 and 55/16, is undertaking the investigations required to ensure the regularity of data collection, processing and dissemination procedures.","Repository: ILO-STATISTICS - Micro data processing | Geographical coverage: Main cities or metropolitan areas"
"Argentina","LFS - Permanent Household Survey, Urban","SDG indicator 5.5.2 - Proportion of women in managerial positions (%)","2009",32.399,,,"Remarks: Warning on the use of statistical series: Statistical series published after January 2007 and before December 2015 should be used with caution. The INDEC, based on what is stated in decrees 181/15 and 55/16, is undertaking the investigations required to ensure the regularity of data collection, processing and dissemination procedures.","Repository: ILO-STATISTICS - Micro data processing | Geographical coverage: Main cities or metropolitan areas"
"Argentina","LFS - Permanent Household Survey, Urban","SDG indicator 5.5.2 - Proportion of women in managerial positions (%)","2008",27.857,,,"Remarks: Warning on the use of statistical series: Statistical series published after January 2007 and before December 2015 should be used with caution. The INDEC, based on what is stated in decrees 181/15 and 55/16, is undertaking the investigations required to ensure the regularity of data collection, processing and dissemination procedures.","Repository: ILO-STATISTICS - Micro data processing | Geographical coverage: Main cities or metropolitan areas"
"Argentina","LFS - Permanent Household Survey, Urban","SDG indicator 5.5.2 - Proportion of women in managerial positions (%)","2006",27.767,,,,"Repository: ILO-STATISTICS - Micro data processing | Geographical coverage: Main cities or metropolitan areas"
"Argentina","LFS - Permanent Household Survey, Urban","SDG indicator 5.5.2 - Proportion of women in managerial positions (%)","2005",26.429,,,,"Repository: ILO-STATISTICS - Micro data processing | Geographical coverage: Main cities or metropolitan areas"
"Argentina","LFS - Permanent Household Survey, Urban","SDG indicator 5.5.2 - Proportion of women in managerial positions (%)","2004",27.437,"Break in series",,"Break in series: Methodology revised","Repository: ILO-STATISTICS - Micro data processing | Geographical coverage: Main cities or metropolitan areas"
"Argentina","LFS - Permanent Household Survey, Urban","SDG indicator 5.5.2 - Proportion of women in managerial positions (%)","2003",28.95,,,"Break in series: Other or unspecified type of break","Data reference period: Second semester | Geographical coverage: Main cities or metropolitan areas | Age coverage - minimum age: 10 years old"
"Argentina","LFS - Permanent Household Survey, Urban","SDG indicator 5.5.2 - Proportion of women in managerial positions (%)","2002",25.766,,,,"Data reference period: Incomplete year | Geographical coverage: Main cities or metropolitan areas | Age coverage - minimum age: 10 years old"
"Argentina","LFS - Permanent Household Survey, Urban","SDG indicator 5.5.2 - Proportion of women in managerial positions (%)","2001",27.167,,,,"Data reference period: Incomplete year | Geographical coverage: Main cities or metropolitan areas | Age coverage - minimum age: 10 years old"
"Argentina","LFS - Permanent Household Survey, Urban","SDG indicator 5.5.2 - Proportion of women in managerial positions (%)","2000",27.4,,,,"Data reference period: Incomplete year | Geographical coverage: Main cities or metropolitan areas | Age coverage - minimum age: 10 years old"
"Armenia","LFS - Household Labour Force Survey","SDG indicator 5.5.2 - Proportion of women in managerial positions (%)","2017",28.71,,,,"Repository: ILO-STATISTICS - Micro data processing | Age coverage - maximum age: 75 years old"
"Armenia","LFS - Household Labour Force Survey","SDG indicator 5.5.2 - Proportion of women in managerial positions (%)","2016",29.521,,,,"Repository: ILO-STATISTICS - Micro data processing | Age coverage - maximum age: 75 years old"
"Armenia","LFS - Household Labour Force Survey","SDG indicator 5.5.2 - Proportion of women in managerial positions (%)","2015",29.066,,,,"Repository: ILO-STATISTICS - Micro data processing | Age coverage - maximum age: 75 years old"
"Armenia","LFS - Household Labour Force Survey","SDG indicator 5.5.2 - Proportion of women in managerial positions (%)","2014",32.386,"Break in series",,"Break in series: Methodology revised","Repository: ILO-STATISTICS - Micro data processing | Age coverage - maximum age: 75 years old"
"Armenia","PC - Population Census","SDG indicator 5.5.2 - Proportion of women in managerial positions (%)","2011",31.653,,,,"Data reference period: October | Population coverage: Excluding armed forces and/or conscripts | Age coverage - maximum age: 75 years old"
"Armenia","LFS - Household Labour Force Survey","SDG indicator 5.5.2 - Proportion of women in managerial positions (%)","2008",35.24,"Break in series",,"Break in series: Methodology revised","Repository: ILO-STATISTICS - Micro data processing | Age coverage - maximum age: 75 years old"
"Antigua and Barbuda","PC - Population Census","SDG indicator 5.5.2 - Proportion of women in managerial positions (%)","2001",45.06,,,,"Data reference period: May"
"Australia","LFS - Labour Force Survey","SDG indicator 5.5.2 - Proportion of women in managerial positions (%)","2024",41.723,,,,"Repository: ILO-STATISTICS - Micro data processing"
"Australia","LFS - Labour Force Survey","SDG indicator 5.5.2 - Proportion of women in managerial positions (%)","2023",41.122,,,,"Repository: ILO-STATISTICS - Micro data processing"
"Australia","LFS - Labour Force Survey","SDG indicator 5.5.2 - Proportion of women in managerial positions (%)","2022",40.359,,,,"Repository: ILO-STATISTICS - Micro data processing"
"Australia","LFS - Labour Force Survey","SDG indicator 5.5.2 - Proportion of women in managerial positions (%)","2021",39.485,,,,"Repository: ILO-STATISTICS - Micro data processing"
"Australia","LFS - Labour Force Survey","SDG indicator 5.5.2 - Proportion of women in managerial positions (%)","2020",39.8,,,,"Repository: ILO-STATISTICS - Micro data processing"
"Australia","LFS - Labour Force Survey","SDG indicator 5.5.2 - Proportion of women in managerial positions (%)","2019",39.046,,,,"Repository: ILO-STATISTICS - Micro data processing"
"Australia","LFS - Labour Force Survey","SDG indicator 5.5.2 - Proportion of women in managerial positions (%)","2018",37.722,"Break in series",,"Break in series: Methodology revised","Repository: ILO-STATISTICS - Micro data processing"
"Australia","HIES - Household, Income and Labour Dynamics Survey","SDG indicator 5.5.2 - Proportion of women in managerial positions (%)","2017",38.812,,,,"Repository: ILO-STATISTICS - Micro data processing"
"Australia","HIES - Household, Income and Labour Dynamics Survey","SDG indicator 5.5.2 - Proportion of women in managerial positions (%)","2016",39.137,,,,"Repository: ILO-STATISTICS - Micro data processing"
"Australia","HIES - Household, Income and Labour Dynamics Survey","SDG indicator 5.5.2 - Proportion of women in managerial positions (%)","2015",36.263,,,,"Repository: ILO-STATISTICS - Micro data processing"
"Australia","HIES - Household, Income and Labour Dynamics Survey","SDG indicator 5.5.2 - Proportion of women in managerial positions (%)","2014",37.759,,,,"Repository: ILO-STATISTICS - Micro data processing"
"Australia","HIES - Household, Income and Labour Dynamics Survey","SDG indicator 5.5.2 - Proportion of women in managerial positions (%)","2013",36.045,,,,"Repository: ILO-STATISTICS - Micro data processing"
"Australia","HIES - Household, Income and Labour Dynamics Survey","SDG indicator 5.5.2 - Proportion of women in managerial positions (%)","2012",33.325,,,,"Repository: ILO-STATISTICS - Micro data processing"
"Australia","HIES - Household, Income and Labour Dynamics Survey","SDG indicator 5.5.2 - Proportion of women in managerial positions (%)","2011",33.21,,,,"Repository: ILO-STATISTICS - Micro data processing"
"Australia","HIES - Household, Income and Labour Dynamics Survey","SDG indicator 5.5.2 - Proportion of women in managerial positions (%)","2010",34.547,,,,"Repository: ILO-STATISTICS - Micro data processing"
"Australia","HIES - Household, Income and Labour Dynamics Survey","SDG indicator 5.5.2 - Proportion of women in managerial positions (%)","2009",32.357,,,,"Repository: ILO-STATISTICS - Micro data processing"
"Australia","HIES - Household, Income and Labour Dynamics Survey","SDG indicator 5.5.2 - Proportion of women in managerial positions (%)","2008",38.654,,,,"Repository: ILO-STATISTICS - Micro data processing"
"Australia","HIES - Household, Income and Labour Dynamics Survey","SDG indicator 5.5.2 - Proportion of women in managerial positions (%)","2007",34.635,,,,"Repository: ILO-STATISTICS - Micro data processing"
"Australia","HIES - Household, Income and Labour Dynamics Survey","SDG indicator 5.5.2 - Proportion of women in managerial positions (%)","2006",32.602,,,,"Repository: ILO-STATISTICS - Micro data processing"
"Australia","HIES - Household, Income and Labour Dynamics Survey","SDG indicator 5.5.2 - Proportion of women in managerial positions (%)","2005",32.923,,,,"Repository: ILO-STATISTICS - Micro data processing"
"Australia","HIES - Household, Income and Labour Dynamics Survey","SDG indicator 5.5.2 - Proportion of women in managerial positions (%)","2004",32.011,,,,"Repository: ILO-STATISTICS - Micro data processing"
"Australia","HIES - Household, Income and Labour Dynamics Survey","SDG indicator 5.5.2 - Proportion of women in managerial positions (%)","2003",34.798,,,,"Repository: ILO-STATISTICS - Micro data processing"
"Australia","HIES - Household, Income and Labour Dynamics Survey","SDG indicator 5.5.2 - Proportion of women in managerial positions (%)","2002",31.572,,,,"Repository: ILO-STATISTICS - Micro data processing"
"Australia","HIES - Household, Income and Labour Dynamics Survey","SDG indicator 5.5.2 - Proportion of women in managerial positions (%)","2001",31.171,,,,"Repository: ILO-STATISTICS - Micro data processing"
"Australia","LFS - Labour Force Survey","SDG indicator 5.5.2 - Proportion of women in managerial positions (%)","2000",29.961,,,,"Population coverage: Excluding armed forces and/or conscripts"
"Austria","LFS - Labour Force Survey","SDG indicator 5.5.2 - Proportion of women in managerial positions (%)","2023",35.295,,,,"Repository: ILO-STATISTICS - Micro data processing"
"Austria","LFS - Labour Force Survey","SDG indicator 5.5.2 - Proportion of women in managerial positions (%)","2022",33.427,,,,"Repository: ILO-STATISTICS - Micro data processing"
"Austria","LFS - Labour Force Survey","SDG indicator 5.5.2 - Proportion of women in managerial positions (%)","2021",35.451,,,,"Repository: ILO-STATISTICS - Micro data processing"
"Austria","LFS - Labour Force Survey","SDG indicator 5.5.2 - Proportion of women in managerial positions (%)","2020",32.792,,,,"Repository: ILO-STATISTICS - Micro data processing"
"Austria","LFS - Labour Force Survey","SDG indicator 5.5.2 - Proportion of women in managerial positions (%)","2019",33.236,,,,"Repository: ILO-STATISTICS - Micro data processing"
"Austria","LFS - Labour Force Survey","SDG indicator 5.5.2 - Proportion of women in managerial positions (%)","2018",31.591,,,,"Repository: ILO-STATISTICS - Micro data processing"
"Austria","LFS - Labour Force Survey","SDG indicator 5.5.2 - Proportion of women in managerial positions (%)","2017",31.797,,,,"Repository: ILO-STATISTICS - Micro data processing"
"Austria","LFS - Labour Force Survey","SDG indicator 5.5.2 - Proportion of women in managerial positions (%)","2016",31.791,,,,"Repository: ILO-STATISTICS - Micro data processing"
"Austria","LFS - Labour Force Survey","SDG indicator 5.5.2 - Proportion of women in managerial positions (%)","2015",29.683,,,,"Repository: ILO-STATISTICS - Micro data processing"
"Austria","LFS - Labour Force Survey","SDG indicator 5.5.2 - Proportion of women in managerial positions (%)","2014",30.306,,,,"Repository: ILO-STATISTICS - Micro data processing"
"Austria","LFS - Labour Force Survey","SDG indicator 5.5.2 - Proportion of women in managerial positions (%)","2013",29.345,,,,"Repository: ILO-STATISTICS - Micro data processing"
"Austria","LFS - Labour Force Survey","SDG indicator 5.5.2 - Proportion of women in managerial positions (%)","2012",30.075,,,,"Repository: ILO-STATISTICS - Micro data processing"
"Austria","LFS - Labour Force Survey","SDG indicator 5.5.2 - Proportion of women in managerial positions (%)","2011",27.495,,,,"Repository: ILO-STATISTICS - Micro data processing"
"Austria","LFS - Labour Force Survey","SDG indicator 5.5.2 - Proportion of women in managerial positions (%)","2010",28.918,,,,"Repository: ILO-STATISTICS - Micro data processing"
"Austria","LFS - Labour Force Survey","SDG indicator 5.5.2 - Proportion of women in managerial positions (%)","2009",27.349,,,,"Repository: ILO-STATISTICS - Micro data processing"
"Austria","LFS - Labour Force Survey","SDG indicator 5.5.2 - Proportion of women in managerial positions (%)","2008",28.123,,,,"Repository: ILO-STATISTICS - Micro data processing"
"Austria","LFS - Labour Force Survey","SDG indicator 5.5.2 - Proportion of women in managerial positions (%)","2007",26.16,,,,"Repository: ILO-STATISTICS - Micro data processing"
"Austria","LFS - Labour Force Survey","SDG indicator 5.5.2 - Proportion of women in managerial positions (%)","2006",27.918,,,,"Repository: ILO-STATISTICS - Micro data processing"
"Austria","LFS - Labour Force Survey","SDG indicator 5.5.2 - Proportion of women in managerial positions (%)","2005",26.82,,,,"Repository: ILO-STATISTICS - Micro data processing"
"Austria","LFS - Labour Force Survey","SDG indicator 5.5.2 - Proportion of women in managerial positions (%)","2004",26.716,"Break in series",,"Break in series: Methodology revised","Repository: ILO-STATISTICS - Micro data processing"
"Austria","LFS - Labour Force Survey","SDG indicator 5.5.2 - Proportion of women in managerial positions (%)","2003",27.376,,,,"Repository: ILO-STATISTICS - Micro data processing"
"Austria","LFS - Labour Force Survey","SDG indicator 5.5.2 - Proportion of women in managerial positions (%)","2002",29.283,,,,"Repository: ILO-STATISTICS - Micro data processing"
"Austria","LFS - Labour Force Survey","SDG indicator 5.5.2 - Proportion of women in managerial positions (%)","2001",30.051,,,,"Repository: ILO-STATISTICS - Micro data processing"
"Austria","LFS - Labour Force Survey","SDG indicator 5.5.2 - Proportion of women in managerial positions (%)","2000",30.032,,,,"Repository: ILO-STATISTICS - Micro data processing"
"Azerbaijan","LFS - Labour Force Survey","SDG indicator 5.5.2 - Proportion of women in managerial positions (%)","2022",35.392,,,,"Employment definition: Excluding own-use production workers | Data reference period: End of the year | Population coverage: Excluding both institutional population and armed forces and/or conscripts"
"Azerbaijan","LFS - Labour Force Survey","SDG indicator 5.5.2 - Proportion of women in managerial positions (%)","2021",35.451,,,,"Employment definition: Excluding own-use production workers | Data reference period: End of the year | Population coverage: Excluding both institutional population and armed forces and/or conscripts"
"Azerbaijan","LFS - Labour Force Survey","SDG indicator 5.5.2 - Proportion of women in managerial positions (%)","2020",34.634,,,,"Employment definition: Excluding own-use production workers | Data reference period: End of the year | Population coverage: Excluding both institutional population and armed forces and/or conscripts"
"Azerbaijan","LFS - Labour Force Survey","SDG indicator 5.5.2 - Proportion of women in managerial positions (%)","2019",34.944,,,,"Employment definition: Excluding own-use production workers | Data reference period: End of the year | Population coverage: Excluding both institutional population and armed forces and/or conscripts"
"Azerbaijan","LFS - Labour Force Survey","SDG indicator 5.5.2 - Proportion of women in managerial positions (%)","2018",38.07,,,,"Employment definition: Excluding own-use production workers | Data reference period: End of the year | Population coverage: Excluding both institutional population and armed forces and/or conscripts"
"Azerbaijan","LFS - Labour Force Survey","SDG indicator 5.5.2 - Proportion of women in managerial positions (%)","2017",34.492,,,,"Employment definition: Excluding own-use production workers | Data reference period: End of the year | Population coverage: Excluding both institutional population and armed forces and/or conscripts"
"Azerbaijan","LFS - Labour Force Survey","SDG indicator 5.5.2 - Proportion of women in managerial positions (%)","2016",34.858,,,,"Data reference period: End of the year | Population coverage: Excluding both institutional population and armed forces and/or conscripts"
"Azerbaijan","LFS - Labour Force Survey","SDG indicator 5.5.2 - Proportion of women in managerial positions (%)","2015",35.065,,,,"Data reference period: End of the year | Population coverage: Excluding both institutional population and armed forces and/or conscripts"
"Azerbaijan","LFS - Labour Force Survey","SDG indicator 5.5.2 - Proportion of women in managerial positions (%)","2014",34.538,,,,"Data reference period: End of the year | Population coverage: Excluding both institutional population and armed forces and/or conscripts"
"Azerbaijan","LFS - Labour Force Survey","SDG indicator 5.5.2 - Proportion of women in managerial positions (%)","2013",32.99,,,,"Data reference period: End of the year | Population coverage: Excluding both institutional population and armed forces and/or conscripts"
"Azerbaijan","LFS - Labour Force Survey","SDG indicator 5.5.2 - Proportion of women in managerial positions (%)","2012",34.201,,,,"Data reference period: End of the year | Population coverage: Excluding both institutional population and armed forces and/or conscripts"
"Azerbaijan","LFS - Labour Force Survey","SDG indicator 5.5.2 - Proportion of women in managerial positions (%)","2011",32.8,,,,"Data reference period: End of the year | Population coverage: Excluding both institutional population and armed forces and/or conscripts"
"Azerbaijan","LFS - Labour Force Survey","SDG indicator 5.5.2 - Proportion of women in managerial positions (%)","2010",25.523,,,,"Data reference period: End of the year | Population coverage: Excluding both institutional population and armed forces and/or conscripts"
"Azerbaijan","LFS - Labour Force Survey","SDG indicator 5.5.2 - Proportion of women in managerial positions (%)","2009",19.196,,,,"Data reference period: End of the year | Population coverage: Excluding both institutional population and armed forces and/or conscripts"
"Azerbaijan","LFS - Labour Force Survey","SDG indicator 5.5.2 - Proportion of women in managerial positions (%)","2008",24.7,,,,"Population coverage: Excluding armed forces and/or conscripts"
"Azerbaijan","LFS - Labour Force Survey","SDG indicator 5.5.2 - Proportion of women in managerial positions (%)","2007",22.1,,,,"Population coverage: Excluding armed forces and/or conscripts"
"Azerbaijan","LFS - Labour Force Survey","SDG indicator 5.5.2 - Proportion of women in managerial positions (%)","2006",23.2,,,,"Population coverage: Excluding armed forces and/or conscripts"
"Azerbaijan","LFS - Labour Force Survey","SDG indicator 5.5.2 - Proportion of women in managerial positions (%)","2005",28.2,,,,"Population coverage: Excluding armed forces and/or conscripts"
"Azerbaijan","LFS - Labour Force Survey","SDG indicator 5.5.2 - Proportion of women in managerial positions (%)","2004",29.6,,,,"Population coverage: Excluding armed forces and/or conscripts"
"Azerbaijan","LFS - Labour Force Survey","SDG indicator 5.5.2 - Proportion of women in managerial positions (%)","2003",24.4,,,,"Population coverage: Excluding armed forces and/or conscripts"
"Azerbaijan","LFS - Labour Force Survey","SDG indicator 5.5.2 - Proportion of women in managerial positions (%)","2002",25.3,,,,"Population coverage: Excluding armed forces and/or conscripts"
"Azerbaijan","LFS - Labour Force Survey","SDG indicator 5.5.2 - Proportion of women in managerial positions (%)","2001",27.6,,,,"Population coverage: Excluding armed forces and/or conscripts"
"Azerbaijan","LFS - Labour Force Survey","SDG indicator 5.5.2 - Proportion of women in managerial positions (%)","2000",26.9,,,,"Population coverage: Excluding armed forces and/or conscripts"
"Burundi","HIES - Living Standards Survey","SDG indicator 5.5.2 - Proportion of women in managerial positions (%)","2020",33.792,,,,"Repository: ILO-STATISTICS - Micro data processing"
"Burundi","HIES - Living Standards Survey","SDG indicator 5.5.2 - Proportion of women in managerial positions (%)","2017",32.357,,,,"Geographical coverage: Main cities or metropolitan areas | Age coverage - minimum age: 10 years old"
"Burundi","HIES - Living Standards Survey","SDG indicator 5.5.2 - Proportion of women in managerial positions (%)","2014",27.359,,,,"Geographical coverage: Main cities or metropolitan areas | Age coverage - minimum age: 10 years old"
"Belgium","LFS - EU Labour Force Survey","SDG indicator 5.5.2 - Proportion of women in managerial positions (%)","2023",33.847,,,,"Repository: ILO-STATISTICS - Micro data processing"
"Belgium","LFS - EU Labour Force Survey","SDG indicator 5.5.2 - Proportion of women in managerial positions (%)","2022",36.501,,,,"Repository: ILO-STATISTICS - Micro data processing"
"Belgium","LFS - EU Labour Force Survey","SDG indicator 5.5.2 - Proportion of women in managerial positions (%)","2021",35.435,,,,"Repository: ILO-STATISTICS - Micro data processing"
"Belgium","LFS - EU Labour Force Survey","SDG indicator 5.5.2 - Proportion of women in managerial positions (%)","2020",35.977,,,,"Repository: ILO-STATISTICS - Micro data processing"
"Belgium","LFS - EU Labour Force Survey","SDG indicator 5.5.2 - Proportion of women in managerial positions (%)","2019",35.032,,,,"Repository: ILO-STATISTICS - Micro data processing"
"Belgium","LFS - EU Labour Force Survey","SDG indicator 5.5.2 - Proportion of women in managerial positions (%)","2018",34.035,,,,"Repository: ILO-STATISTICS - Micro data processing"
"Belgium","LFS - EU Labour Force Survey","SDG indicator 5.5.2 - Proportion of women in managerial positions (%)","2017",33.194,,,,"Repository: ILO-STATISTICS - Micro data processing"
"Belgium","LFS - EU Labour Force Survey","SDG indicator 5.5.2 - Proportion of women in managerial positions (%)","2016",32.658,,,,"Repository: ILO-STATISTICS - Micro data processing"
"Belgium","LFS - EU Labour Force Survey","SDG indicator 5.5.2 - Proportion of women in managerial positions (%)","2015",32.56,,,,"Repository: ILO-STATISTICS - Micro data processing"
"Belgium","LFS - EU Labour Force Survey","SDG indicator 5.5.2 - Proportion of women in managerial positions (%)","2014",31.653,,,,"Repository: ILO-STATISTICS - Micro data processing"
"Belgium","LFS - EU Labour Force Survey","SDG indicator 5.5.2 - Proportion of women in managerial positions (%)","2013",31.419,,,,"Repository: ILO-STATISTICS - Micro data processing"
"Belgium","LFS - EU Labour Force Survey","SDG indicator 5.5.2 - Proportion of women in managerial positions (%)","2012",32.439,,,,"Repository: ILO-STATISTICS - Micro data processing"
"Belgium","LFS - EU Labour Force Survey","SDG indicator 5.5.2 - Proportion of women in managerial positions (%)","2011",29.904,,,,"Repository: ILO-STATISTICS - Micro data processing"
"Belgium","LFS - EU Labour Force Survey","SDG indicator 5.5.2 - Proportion of women in managerial positions (%)","2010",34.102,,,,"Repository: ILO-STATISTICS - Micro data processing"
"Belgium","LFS - EU Labour Force Survey","SDG indicator 5.5.2 - Proportion of women in managerial positions (%)","2009",33.986,,,,"Repository: ILO-STATISTICS - Micro data processing"
"Belgium","LFS - EU Labour Force Survey","SDG indicator 5.5.2 - Proportion of women in managerial positions (%)","2008",32.678,,,,"Repository: ILO-STATISTICS - Micro data processing"
"Belgium","LFS - EU Labour Force Survey","SDG indicator 5.5.2 - Proportion of women in managerial positions (%)","2007",33.874,,,,"Repository: ILO-STATISTICS - Micro data processing"
"Belgium","LFS - EU Labour Force Survey","SDG indicator 5.5.2 - Proportion of women in managerial positions (%)","2006",31.469,,,,"Repository: ILO-STATISTICS - Micro data processing"
"Belgium","LFS - EU Labour Force Survey","SDG indicator 5.5.2 - Proportion of women in managerial positions (%)","2005",31.81,,,,"Repository: ILO-STATISTICS - Micro data processing"
"Belgium","LFS - EU Labour Force Survey","SDG indicator 5.5.2 - Proportion of women in managerial positions (%)","2004",29.875,,,,"Repository: ILO-STATISTICS - Micro data processing"
"Belgium","LFS - EU Labour Force Survey","SDG indicator 5.5.2 - Proportion of women in managerial positions (%)","2003",29.896,,,,"Repository: ILO-STATISTICS - Micro data processing"
"Belgium","LFS - EU Labour Force Survey","SDG indicator 5.5.2 - Proportion of women in managerial positions (%)","2002",31.803,,,,"Repository: ILO-STATISTICS - Micro data processing"
"Belgium","LFS - EU Labour Force Survey","SDG indicator 5.5.2 - Proportion of women in managerial positions (%)","2001",32.883,,,,"Repository: ILO-STATISTICS - Micro data processing"
"Belgium","LFS - EU Labour Force Survey","SDG indicator 5.5.2 - Proportion of women in managerial positions (%)","2000",32.071,,,,"Repository: ILO-STATISTICS - Micro data processing"
"Benin","HIES - Monitoring Survey of the Modular and Integrated Survey of Household Living Conditions","SDG indicator 5.5.2 - Proportion of women in managerial positions (%)","2022",60.359,,,,"Repository: ILO-STATISTICS - Micro data processing"
"Benin","PC - Population projections and Revised Studies on Social Demand 2002-2030","SDG indicator 5.5.2 - Proportion of women in managerial positions (%)","2013",22.153,,,,"Repository: ILO-STATISTICS - Micro data processing"
"Burkina Faso","LFS - Regional Integrated Survey on Employment and the Informal Sector","SDG indicator 5.5.2 - Proportion of women in managerial positions (%)","2023",69.915,,,,"Repository: ILO-STATISTICS - Micro data processing"
"Burkina Faso","HIES - Harmonized Survey on Household Living Conditions","SDG indicator 5.5.2 - Proportion of women in managerial positions (%)","2022",40.085,,,,"Repository: ILO-STATISTICS - Micro data processing"
"Burkina Faso","LFS - Regional Integrated Survey on Employment and the Informal Sector","SDG indicator 5.5.2 - Proportion of women in managerial positions (%)","2018",58.11,,,,"Repository: ILO-STATISTICS - Micro data processing"
"Burkina Faso","PC - Population Census","SDG indicator 5.5.2 - Proportion of women in managerial positions (%)","2006",30.951,,"Nonstandard age group: Excluding under age 5",,"Reference group coverage: Total employment"
"Bangladesh","LFS - Labour Force Survey","SDG indicator 5.5.2 - Proportion of women in managerial positions (%)","2022",7.321,,,,"Repository: ILO-STATISTICS - Micro data processing"
"Bangladesh","LFS - Labour Force Survey","SDG indicator 5.5.2 - Proportion of women in managerial positions (%)","2017",10.739,,,,"Repository: ILO-STATISTICS - Micro data processing"
"Bangladesh","LFS - Labour Force Survey","SDG indicator 5.5.2 - Proportion of women in managerial positions (%)","2016",11.376,,,,"Population coverage: Excluding both institutional population and armed forces and/or conscripts"
"Bangladesh","LFS - Labour Force Survey","SDG indicator 5.5.2 - Proportion of women in managerial positions (%)","2013",13.185,"Break in series",,"Break in series: Methodology revised","Repository: ILO-STATISTICS - Micro data processing"
"Bangladesh","PC - Population Census","SDG indicator 5.5.2 - Proportion of women in managerial positions (%)","2011",5.386,,,,"Data reference period: October"
"Bangladesh","LFS - Labour Force Survey","SDG indicator 5.5.2 - Proportion of women in managerial positions (%)","2010",14.754,"Break in series",,"Break in series: Methodology revised","Repository: ILO-STATISTICS - Micro data processing"
"Bangladesh","LFS - Labour Force Survey","SDG indicator 5.5.2 - Proportion of women in managerial positions (%)","2006",9.71,"Break in series",,"Break in series: Methodology revised","Repository: ILO-STATISTICS - Micro data processing"
"Bangladesh","LFS - Labour Force Survey","SDG indicator 5.5.2 - Proportion of women in managerial positions (%)","2003",23.389,,,,"Data reference period: Noncalendar year"
"Bulgaria","LFS - EU Labour Force Survey","SDG indicator 5.5.2 - Proportion of women in managerial positions (%)","2023",41.55,,,,"Repository: ILO-STATISTICS - Micro data processing"
"Bulgaria","LFS - EU Labour Force Survey","SDG indicator 5.5.2 - Proportion of women in managerial positions (%)","2022",39.819,,,,"Repository: ILO-STATISTICS - Micro data processing"
"Bulgaria","LFS - EU Labour Force Survey","SDG indicator 5.5.2 - Proportion of women in managerial positions (%)","2021",36.497,,,,"Repository: ILO-STATISTICS - Micro data processing"
"Bulgaria","LFS - EU Labour Force Survey","SDG indicator 5.5.2 - Proportion of women in managerial positions (%)","2020",40.313,,,,"Repository: ILO-STATISTICS - Micro data processing"
"Bulgaria","LFS - EU Labour Force Survey","SDG indicator 5.5.2 - Proportion of women in managerial positions (%)","2019",39.437,,,,"Repository: ILO-STATISTICS - Micro data processing"
"Bulgaria","LFS - EU Labour Force Survey","SDG indicator 5.5.2 - Proportion of women in managerial positions (%)","2018",39.146,,,,"Repository: ILO-STATISTICS - Micro data processing"
"Bulgaria","LFS - EU Labour Force Survey","SDG indicator 5.5.2 - Proportion of women in managerial positions (%)","2017",40.377,,,,"Repository: ILO-STATISTICS - Micro data processing"
"Bulgaria","LFS - EU Labour Force Survey","SDG indicator 5.5.2 - Proportion of women in managerial positions (%)","2016",36.71,,,,"Repository: ILO-STATISTICS - Micro data processing"
"Bulgaria","LFS - EU Labour Force Survey","SDG indicator 5.5.2 - Proportion of women in managerial positions (%)","2015",37.569,,,,"Repository: ILO-STATISTICS - Micro data processing"
"Bulgaria","LFS - EU Labour Force Survey","SDG indicator 5.5.2 - Proportion of women in managerial positions (%)","2014",36.334,,,,"Repository: ILO-STATISTICS - Micro data processing"
"Bulgaria","LFS - EU Labour Force Survey","SDG indicator 5.5.2 - Proportion of women in managerial positions (%)","2013",36.258,,,,"Repository: ILO-STATISTICS - Micro data processing"
"Bulgaria","LFS - EU Labour Force Survey","SDG indicator 5.5.2 - Proportion of women in managerial positions (%)","2012",36.855,,,,"Repository: ILO-STATISTICS - Micro data processing"
"Bulgaria","LFS - EU Labour Force Survey","SDG indicator 5.5.2 - Proportion of women in managerial positions (%)","2011",37.968,,,,"Repository: ILO-STATISTICS - Micro data processing"
"Bulgaria","LFS - EU Labour Force Survey","SDG indicator 5.5.2 - Proportion of women in managerial positions (%)","2010",33.693,,,,"Repository: ILO-STATISTICS - Micro data processing"
"Bulgaria","LFS - EU Labour Force Survey","SDG indicator 5.5.2 - Proportion of women in managerial positions (%)","2009",32.445,,,,"Repository: ILO-STATISTICS - Micro data processing"
"Bulgaria","LFS - EU Labour Force Survey","SDG indicator 5.5.2 - Proportion of women in managerial positions (%)","2008",31.52,,,,"Repository: ILO-STATISTICS - Micro data processing"
"Bulgaria","LFS - EU Labour Force Survey","SDG indicator 5.5.2 - Proportion of women in managerial positions (%)","2007",31.401,,,,"Repository: ILO-STATISTICS - Micro data processing"
"Bulgaria","LFS - EU Labour Force Survey","SDG indicator 5.5.2 - Proportion of women in managerial positions (%)","2006",31.613,,,,"Repository: ILO-STATISTICS - Micro data processing"
"Bulgaria","LFS - EU Labour Force Survey","SDG indicator 5.5.2 - Proportion of women in managerial positions (%)","2005",33.97,,,,"Repository: ILO-STATISTICS - Micro data processing"
"Bulgaria","LFS - EU Labour Force Survey","SDG indicator 5.5.2 - Proportion of women in managerial positions (%)","2004",34.412,,,,"Repository: ILO-STATISTICS - Micro data processing"
"Bulgaria","LFS - EU Labour Force Survey","SDG indicator 5.5.2 - Proportion of women in managerial positions (%)","2003",31.295,,,,"Repository: ILO-STATISTICS - Micro data processing"
"Bulgaria","LFS - EU Labour Force Survey","SDG indicator 5.5.2 - Proportion of women in managerial positions (%)","2002",33.543,,,,"Repository: ILO-STATISTICS - Micro data processing"
"Bulgaria","LFS - EU Labour Force Survey","SDG indicator 5.5.2 - Proportion of women in managerial positions (%)","2001",32.648,,,,"Repository: ILO-STATISTICS - Micro data processing"
"Bulgaria","LFS - EU Labour Force Survey","SDG indicator 5.5.2 - Proportion of women in managerial positions (%)","2000",29.823,,,,"Repository: ILO-STATISTICS - Micro data processing"
"Bahrain","OE - Estimates of Central informatics organization","SDG indicator 5.5.2 - Proportion of women in managerial positions (%)","2015",21.562,,,,
"Bahrain","LFS - Labour Force Survey","SDG indicator 5.5.2 - Proportion of women in managerial positions (%)","2004",10.588,,,,"Data reference period: November | Reference group coverage: Total employment"
"Bahrain","PC - Population Census","SDG indicator 5.5.2 - Proportion of women in managerial positions (%)","2001",12.319,,,,"Data reference period: April"
"Bahamas","LFS - Labour Force & Household Survey","SDG indicator 5.5.2 - Proportion of women in managerial positions (%)","2019",51.498,,,,"Repository: ILO-STATISTICS - Micro data processing"
"Bahamas","LFS - Labour Force & Household Survey","SDG indicator 5.5.2 - Proportion of women in managerial positions (%)","2011",51.642,,,,"Data reference period: May | Reference group coverage: Total employment"
"Bahamas","LFS - Labour Force & Household Survey","SDG indicator 5.5.2 - Proportion of women in managerial positions (%)","2009",44.414,,,,"Data reference period: May"
"Bahamas","LFS - Labour Force & Household Survey","SDG indicator 5.5.2 - Proportion of women in managerial positions (%)","2008",46.343,,,,"Data reference period: April | Population coverage: Excluding armed forces and/or conscripts"
"Bahamas","LFS - Labour Force & Household Survey","SDG indicator 5.5.2 - Proportion of women in managerial positions (%)","2007",43.242,,,,"Data reference period: April | Population coverage: Excluding armed forces and/or conscripts"
"Bahamas","LFS - Labour Force & Household Survey","SDG indicator 5.5.2 - Proportion of women in managerial positions (%)","2006",41.386,,,,"Data reference period: May | Population coverage: Excluding armed forces and/or conscripts"
"Bahamas","LFS - Labour Force & Household Survey","SDG indicator 5.5.2 - Proportion of women in managerial positions (%)","2005",45.789,,,,"Data reference period: April | Population coverage: Excluding armed forces and/or conscripts"
"Bahamas","LFS - Labour Force & Household Survey","SDG indicator 5.5.2 - Proportion of women in managerial positions (%)","2004",42.8,,,,"Data reference period: April | Population coverage: Excluding armed forces and/or conscripts"
"Bahamas","LFS - Labour Force & Household Survey","SDG indicator 5.5.2 - Proportion of women in managerial positions (%)","2003",40.373,,,,"Data reference period: April | Population coverage: Excluding armed forces and/or conscripts"
"Bahamas","LFS - Labour Force & Household Survey","SDG indicator 5.5.2 - Proportion of women in managerial positions (%)","2002",40.434,,,,"Data reference period: April | Population coverage: Excluding armed forces and/or conscripts"
"Bahamas","LFS - Labour Force & Household Survey","SDG indicator 5.5.2 - Proportion of women in managerial positions (%)","2001",39.936,,,,"Data reference period: April | Population coverage: Excluding armed forces and/or conscripts"
"Bosnia and Herzegovina","LFS - Labour Force Survey","SDG indicator 5.5.2 - Proportion of women in managerial positions (%)","2023",25.882,"Break in series",,"Break in series: Methodology revised","Repository: ILO-STATISTICS - Micro data processing"
"Bosnia and Herzegovina","LFS - Labour Force Survey","SDG indicator 5.5.2 - Proportion of women in managerial positions (%)","2022",24.074,"Break in series",,"Break in series: Methodology revised","Repository: ILO-STATISTICS - Micro data processing"
"Bosnia and Herzegovina","LFS - Labour Force Survey","SDG indicator 5.5.2 - Proportion of women in managerial positions (%)","2021",24.182,"Break in series",,"Break in series: Methodology revised","Repository: ILO-STATISTICS - Micro data processing"
"Bosnia and Herzegovina","LFS - Labour Force Survey","SDG indicator 5.5.2 - Proportion of women in managerial positions (%)","2020",25.124,"Break in series",,"Break in series: Methodology revised","Repository: ILO-STATISTICS - Micro data processing | Employment definition: Excluding own-use production workers"
"Bosnia and Herzegovina","LFS - Labour Force Survey","SDG indicator 5.5.2 - Proportion of women in managerial positions (%)","2019",24.319,,,,"Repository: ILO-STATISTICS - Micro data processing"
"Bosnia and Herzegovina","LFS - Labour Force Survey","SDG indicator 5.5.2 - Proportion of women in managerial positions (%)","2018",25.917,,,,"Repository: ILO-STATISTICS - Micro data processing"
"Bosnia and Herzegovina","LFS - Labour Force Survey","SDG indicator 5.5.2 - Proportion of women in managerial positions (%)","2017",20.291,,,,"Repository: ILO-STATISTICS - Micro data processing"
"Bosnia and Herzegovina","LFS - Labour Force Survey","SDG indicator 5.5.2 - Proportion of women in managerial positions (%)","2016",21.592,,,,"Repository: ILO-STATISTICS - Micro data processing"
"Bosnia and Herzegovina","LFS - Labour Force Survey","SDG indicator 5.5.2 - Proportion of women in managerial positions (%)","2015",22,,,,"Repository: ILO-STATISTICS - Micro data processing"
"Bosnia and Herzegovina","LFS - Labour Force Survey","SDG indicator 5.5.2 - Proportion of women in managerial positions (%)","2014",24.149,,,,"Repository: ILO-STATISTICS - Micro data processing"
"Bosnia and Herzegovina","LFS - Labour Force Survey","SDG indicator 5.5.2 - Proportion of women in managerial positions (%)","2013",22.791,,,,"Repository: ILO-STATISTICS - Micro data processing"
"Bosnia and Herzegovina","LFS - Labour Force Survey","SDG indicator 5.5.2 - Proportion of women in managerial positions (%)","2012",24.157,,,,"Repository: ILO-STATISTICS - Micro data processing"
"Bosnia and Herzegovina","LFS - Labour Force Survey","SDG indicator 5.5.2 - Proportion of women in managerial positions (%)","2011",21.416,,,,"Repository: ILO-STATISTICS - Micro data processing"
"Bosnia and Herzegovina","LFS - Labour Force Survey","SDG indicator 5.5.2 - Proportion of women in managerial positions (%)","2010",23.833,,,,"Repository: ILO-STATISTICS - Micro data processing"
"Bosnia and Herzegovina","LFS - Labour Force Survey","SDG indicator 5.5.2 - Proportion of women in managerial positions (%)","2009",25.245,,,,"Repository: ILO-STATISTICS - Micro data processing"
"Bosnia and Herzegovina","LFS - Labour Force Survey","SDG indicator 5.5.2 - Proportion of women in managerial positions (%)","2008",22.952,,,,"Repository: ILO-STATISTICS - Micro data processing"
"Bosnia and Herzegovina","LFS - Labour Force Survey","SDG indicator 5.5.2 - Proportion of women in managerial positions (%)","2007",16.121,,,,"Repository: ILO-STATISTICS - Micro data processing"
"Bosnia and Herzegovina","LFS - Labour Force Survey","SDG indicator 5.5.2 - Proportion of women in managerial positions (%)","2006",20.836,"Break in series",,"Break in series: Methodology revised","Repository: ILO-STATISTICS - Micro data processing"
"Bosnia and Herzegovina","HIES - Living Standards Survey","SDG indicator 5.5.2 - Proportion of women in managerial positions (%)","2001",18.897,,,,"Repository: ILO-STATISTICS - Micro data processing"
"Belarus","LFS - Labour Force Survey","SDG indicator 5.5.2 - Proportion of women in managerial positions (%)","2023",45.281,,,,"Repository: ILO-STATISTICS - Micro data processing | Age coverage - maximum age: 74 years old"
"Belarus","LFS - Labour Force Survey","SDG indicator 5.5.2 - Proportion of women in managerial positions (%)","2022",46.286,,,,"Repository: ILO-STATISTICS - Micro data processing | Age coverage - maximum age: 74 years old"
"Belarus","LFS - Labour Force Survey","SDG indicator 5.5.2 - Proportion of women in managerial positions (%)","2021",47.176,,,,"Repository: ILO-STATISTICS - Micro data processing | Age coverage - maximum age: 74 years old"
"Belarus","LFS - Labour Force Survey","SDG indicator 5.5.2 - Proportion of women in managerial positions (%)","2020",50.505,,,,"Repository: ILO-STATISTICS - Micro data processing | Age coverage - maximum age: 74 years old"
"Belarus","LFS - Labour Force Survey","SDG indicator 5.5.2 - Proportion of women in managerial positions (%)","2019",49.113,,,,"Repository: ILO-STATISTICS - Micro data processing | Age coverage - maximum age: 74 years old"
"Belarus","LFS - Labour Force Survey","SDG indicator 5.5.2 - Proportion of women in managerial positions (%)","2018",47.279,,,,"Repository: ILO-STATISTICS - Micro data processing | Age coverage - maximum age: 74 years old"
"Belarus","LFS - Labour Force Survey","SDG indicator 5.5.2 - Proportion of women in managerial positions (%)","2017",47.597,,,,"Repository: ILO-STATISTICS - Micro data processing | Age coverage - maximum age: 74 years old"
"Belarus","LFS - Labour Force Survey","SDG indicator 5.5.2 - Proportion of women in managerial positions (%)","2016",45.99,,,,"Repository: ILO-STATISTICS - Micro data processing | Age coverage - maximum age: 74 years old"
"Belize","LFS - Labour Force Survey","SDG indicator 5.5.2 - Proportion of women in managerial positions (%)","2019",56.692,,,,"Repository: ILO-STATISTICS - Micro data processing"
"Belize","LFS - Labour Force Survey","SDG indicator 5.5.2 - Proportion of women in managerial positions (%)","2018",56.972,,,,"Repository: ILO-STATISTICS - Micro data processing"
"Belize","LFS - Labour Force Survey","SDG indicator 5.5.2 - Proportion of women in managerial positions (%)","2017",51.079,,,,"Repository: ILO-STATISTICS - Micro data processing"
"Belize","LFS - Labour Force Survey","SDG indicator 5.5.2 - Proportion of women in managerial positions (%)","2016",38.662,,,,"Repository: ILO-STATISTICS - Micro data processing"
"Belize","LFS - Labour Force Survey","SDG indicator 5.5.2 - Proportion of women in managerial positions (%)","2015",46.433,,,,"Repository: ILO-STATISTICS - Micro data processing"
"Belize","LFS - Labour Force Survey","SDG indicator 5.5.2 - Proportion of women in managerial positions (%)","2014",39.277,,,,"Repository: ILO-STATISTICS - Micro data processing"
"Belize","LFS - Labour Force Survey","SDG indicator 5.5.2 - Proportion of women in managerial positions (%)","2005",41.261,,,,"Data reference period: April | Population coverage: Including armed forces and/or conscripts | Age coverage - minimum age: 14 years old"
"Bermuda","LFS - Labour Force Survey","SDG indicator 5.5.2 - Proportion of women in managerial positions (%)","2010",43.5,,,,"Data reference period: May | Age coverage - minimum age: 16 years old"
"Bermuda","LFS - Labour Force Survey","SDG indicator 5.5.2 - Proportion of women in managerial positions (%)","2009",48.91,,,,"Data reference period: May | Age coverage - minimum age: 16 years old"
"Bermuda","PC - Census of Population & Housing","SDG indicator 5.5.2 - Proportion of women in managerial positions (%)","2000",55.039,,,,"Data reference period: May"
"Bolivia (Plurinational State of)","LFS - Continuous Employment Survey","SDG indicator 5.5.2 - Proportion of women in managerial positions (%)","2023",33.655,,,,"Repository: ILO-STATISTICS - Micro data processing"
"Bolivia (Plurinational State of)","LFS - Continuous Employment Survey","SDG indicator 5.5.2 - Proportion of women in managerial positions (%)","2022",34.365,,,,"Repository: ILO-STATISTICS - Micro data processing"
"Bolivia (Plurinational State of)","LFS - Continuous Employment Survey","SDG indicator 5.5.2 - Proportion of women in managerial positions (%)","2021",35.162,"Break in series",,"Break in series: Methodology revised","Repository: ILO-STATISTICS - Micro data processing"
"Bolivia (Plurinational State of)","HIES - Household Survey","SDG indicator 5.5.2 - Proportion of women in managerial positions (%)","2020",30.08,,,,"Repository: ILO-STATISTICS - Micro data processing"
"Bolivia (Plurinational State of)","LFS - Continuous Employment Survey","SDG indicator 5.5.2 - Proportion of women in managerial positions (%)","2019",35.791,,,,"Repository: ILO-STATISTICS - Micro data processing"
"Bolivia (Plurinational State of)","LFS - Continuous Employment Survey","SDG indicator 5.5.2 - Proportion of women in managerial positions (%)","2018",38.839,,,,"Repository: ILO-STATISTICS - Micro data processing"
"Bolivia (Plurinational State of)","LFS - Continuous Employment Survey","SDG indicator 5.5.2 - Proportion of women in managerial positions (%)","2017",35.322,,,,"Repository: ILO-STATISTICS - Micro data processing"
"Bolivia (Plurinational State of)","LFS - Continuous Employment Survey","SDG indicator 5.5.2 - Proportion of women in managerial positions (%)","2016",35.678,"Break in series",,"Break in series: Methodology revised","Repository: ILO-STATISTICS - Micro data processing"
"Bolivia (Plurinational State of)","HIES - Household Survey","SDG indicator 5.5.2 - Proportion of women in managerial positions (%)","2015",37.146,,,,"Repository: ILO-STATISTICS - Micro data processing"
"Bolivia (Plurinational State of)","HIES - Household Survey","SDG indicator 5.5.2 - Proportion of women in managerial positions (%)","2014",39.416,,,,"Repository: ILO-STATISTICS - Micro data processing"
"Bolivia (Plurinational State of)","HIES - Household Survey","SDG indicator 5.5.2 - Proportion of women in managerial positions (%)","2013",34.171,,,,"Repository: ILO-STATISTICS - Micro data processing"
"Bolivia (Plurinational State of)","HIES - Household Survey","SDG indicator 5.5.2 - Proportion of women in managerial positions (%)","2012",31.816,,,,"Repository: ILO-STATISTICS - Micro data processing"
"Bolivia (Plurinational State of)","HIES - Household Survey","SDG indicator 5.5.2 - Proportion of women in managerial positions (%)","2011",35.653,,,,"Repository: ILO-STATISTICS - Micro data processing"
"Bolivia (Plurinational State of)","HIES - Household Survey","SDG indicator 5.5.2 - Proportion of women in managerial positions (%)","2009",38.807,,,,"Repository: ILO-STATISTICS - Micro data processing"
"Bolivia (Plurinational State of)","HIES - Household Survey","SDG indicator 5.5.2 - Proportion of women in managerial positions (%)","2008",35.125,,,,"Repository: ILO-STATISTICS - Micro data processing"
"Bolivia (Plurinational State of)","LFS - Continuous Employment Survey","SDG indicator 5.5.2 - Proportion of women in managerial positions (%)","2007",28.957,,,,"Population coverage: Excluding armed forces and/or conscripts | Age coverage - minimum age: 10 years old"
"Bolivia (Plurinational State of)","LFS - Continuous Employment Survey","SDG indicator 5.5.2 - Proportion of women in managerial positions (%)","2006",27.684,,,,"Population coverage: Excluding armed forces and/or conscripts | Age coverage - minimum age: 10 years old"
"Bolivia (Plurinational State of)","LFS - Continuous Employment Survey","SDG indicator 5.5.2 - Proportion of women in managerial positions (%)","2005",31.964,,,,"Population coverage: Excluding armed forces and/or conscripts | Age coverage - minimum age: 10 years old"
"Bolivia (Plurinational State of)","LFS - Continuous Employment Survey","SDG indicator 5.5.2 - Proportion of women in managerial positions (%)","2004",30.694,,,,"Population coverage: Excluding armed forces and/or conscripts | Age coverage - minimum age: 10 years old"
"Bolivia (Plurinational State of)","LFS - Continuous Employment Survey","SDG indicator 5.5.2 - Proportion of women in managerial positions (%)","2002",19.568,,,,"Population coverage: Excluding armed forces and/or conscripts | Age coverage - minimum age: 10 years old"
"Bolivia (Plurinational State of)","LFS - Continuous Employment Survey","SDG indicator 5.5.2 - Proportion of women in managerial positions (%)","2001",17.569,,,,"Population coverage: Excluding armed forces and/or conscripts | Age coverage - minimum age: 10 years old"
"Bolivia (Plurinational State of)","LFS - Continuous Employment Survey","SDG indicator 5.5.2 - Proportion of women in managerial positions (%)","2000",38.588,,,,"Population coverage: Excluding armed forces and/or conscripts | Age coverage - minimum age: 10 years old"
"Brazil","HS - Continuous National Household Sample Survey","SDG indicator 5.5.2 - Proportion of women in managerial positions (%)","2024",39.404,,,,"Repository: ILO-STATISTICS - Micro data processing"
"Brazil","HS - Continuous National Household Sample Survey","SDG indicator 5.5.2 - Proportion of women in managerial positions (%)","2023",39.787,,,,"Repository: ILO-STATISTICS - Micro data processing"
"Brazil","HS - Continuous National Household Sample Survey","SDG indicator 5.5.2 - Proportion of women in managerial positions (%)","2022",39.273,,,,"Repository: ILO-STATISTICS - Micro data processing"
"Brazil","HS - Continuous National Household Sample Survey","SDG indicator 5.5.2 - Proportion of women in managerial positions (%)","2021",38.783,,,,"Repository: ILO-STATISTICS - Micro data processing"
"Brazil","HS - Continuous National Household Sample Survey","SDG indicator 5.5.2 - Proportion of women in managerial positions (%)","2020",36.802,,,,"Repository: ILO-STATISTICS - Micro data processing"
"Brazil","HS - Continuous National Household Sample Survey","SDG indicator 5.5.2 - Proportion of women in managerial positions (%)","2019",38.45,,,,"Repository: ILO-STATISTICS - Micro data processing"
"Brazil","HS - Continuous National Household Sample Survey","SDG indicator 5.5.2 - Proportion of women in managerial positions (%)","2018",38.737,,,,"Repository: ILO-STATISTICS - Micro data processing"
"Brazil","HS - Continuous National Household Sample Survey","SDG indicator 5.5.2 - Proportion of women in managerial positions (%)","2017",39.139,,,,"Repository: ILO-STATISTICS - Micro data processing"
"Brazil","HS - Continuous National Household Sample Survey","SDG indicator 5.5.2 - Proportion of women in managerial positions (%)","2016",38.992,,,,"Repository: ILO-STATISTICS - Micro data processing"
"Brazil","HS - Continuous National Household Sample Survey","SDG indicator 5.5.2 - Proportion of women in managerial positions (%)","2015",38.526,,,,"Repository: ILO-STATISTICS - Micro data processing"
"Brazil","HS - Continuous National Household Sample Survey","SDG indicator 5.5.2 - Proportion of women in managerial positions (%)","2014",37.775,,,,"Repository: ILO-STATISTICS - Micro data processing"
"Brazil","HS - Continuous National Household Sample Survey","SDG indicator 5.5.2 - Proportion of women in managerial positions (%)","2013",37.282,,,,"Repository: ILO-STATISTICS - Micro data processing"
"Brazil","HS - Continuous National Household Sample Survey","SDG indicator 5.5.2 - Proportion of women in managerial positions (%)","2012",37.184,"Break in series",,"Break in series: Methodology revised","Repository: ILO-STATISTICS - Micro data processing"
"Brazil","HS - National Household Sample Survey","SDG indicator 5.5.2 - Proportion of women in managerial positions (%)","2011",36.096,,,,"Repository: ILO-STATISTICS - Micro data processing"
"Brazil","HS - National Household Sample Survey","SDG indicator 5.5.2 - Proportion of women in managerial positions (%)","2009",35.673,,,,"Repository: ILO-STATISTICS - Micro data processing"
"Brazil","HS - National Household Sample Survey","SDG indicator 5.5.2 - Proportion of women in managerial positions (%)","2008",35.692,,,,"Repository: ILO-STATISTICS - Micro data processing"
"Brazil","HS - National Household Sample Survey","SDG indicator 5.5.2 - Proportion of women in managerial positions (%)","2007",35.905,,,,"Repository: ILO-STATISTICS - Micro data processing"
"Brazil","HS - National Household Sample Survey","SDG indicator 5.5.2 - Proportion of women in managerial positions (%)","2006",34.922,,,,"Repository: ILO-STATISTICS - Micro data processing"
"Brazil","HS - National Household Sample Survey","SDG indicator 5.5.2 - Proportion of women in managerial positions (%)","2005",35.254,,,,"Repository: ILO-STATISTICS - Micro data processing"
"Brazil","HS - National Household Sample Survey","SDG indicator 5.5.2 - Proportion of women in managerial positions (%)","2004",33.77,,,,"Repository: ILO-STATISTICS - Micro data processing"
"Brazil","HS - National Household Sample Survey","SDG indicator 5.5.2 - Proportion of women in managerial positions (%)","2003",33.668,,,,"Repository: ILO-STATISTICS - Micro data processing"
"Brazil","HS - National Household Sample Survey","SDG indicator 5.5.2 - Proportion of women in managerial positions (%)","2002",32.467,,,,"Repository: ILO-STATISTICS - Micro data processing"
"Brazil","HS - National Household Sample Survey","SDG indicator 5.5.2 - Proportion of women in managerial positions (%)","2001",29.034,,,,"Repository: ILO-STATISTICS - Micro data processing"
"Barbados","LFS - Labour Force Survey","SDG indicator 5.5.2 - Proportion of women in managerial positions (%)","2023",52.08,,,,"Repository: ILO-STATISTICS - Micro data processing"
"Barbados","LFS - Labour Force Survey","SDG indicator 5.5.2 - Proportion of women in managerial positions (%)","2022",52.037,,,,"Repository: ILO-STATISTICS - Micro data processing"
"Barbados","LFS - Labour Force Survey","SDG indicator 5.5.2 - Proportion of women in managerial positions (%)","2021",47.42,,,,"Repository: ILO-STATISTICS - Micro data processing"
"Barbados","LFS - Labour Force Survey","SDG indicator 5.5.2 - Proportion of women in managerial positions (%)","2019",45.903,,,,"Repository: ILO-STATISTICS - Micro data processing"
"Barbados","HIES - Survey on Living Conditions","SDG indicator 5.5.2 - Proportion of women in managerial positions (%)","2016",54.897,,,,"Repository: ILO-STATISTICS - Micro data processing"
"Barbados","LFS - Labour Force Survey","SDG indicator 5.5.2 - Proportion of women in managerial positions (%)","2014",48.571,,,,"Population coverage: Excluding armed forces and/or conscripts"
"Barbados","LFS - Labour Force Survey","SDG indicator 5.5.2 - Proportion of women in managerial positions (%)","2013",48.246,,,,"Population coverage: Excluding armed forces and/or conscripts"
"Barbados","LFS - Labour Force Survey","SDG indicator 5.5.2 - Proportion of women in managerial positions (%)","2004",43.443,,,,"Population coverage: Excluding armed forces and/or conscripts"
"Barbados","LFS - Labour Force Survey","SDG indicator 5.5.2 - Proportion of women in managerial positions (%)","2003",44.898,,,,"Population coverage: Excluding armed forces and/or conscripts"
"Barbados","LFS - Labour Force Survey","SDG indicator 5.5.2 - Proportion of women in managerial positions (%)","2002",42.157,,,,
"Barbados","LFS - Labour Force Survey","SDG indicator 5.5.2 - Proportion of women in managerial positions (%)","2001",41.284,,,,
"Barbados","LFS - Labour Force Survey","SDG indicator 5.5.2 - Proportion of women in managerial positions (%)","2000",35.051,,,,
"Brunei Darussalam","LFS - Labour Force Survey","SDG indicator 5.5.2 - Proportion of women in managerial positions (%)","2023",39.202,,,,"Repository: ILO-STATISTICS - Micro data processing"
"Brunei Darussalam","LFS - Labour Force Survey","SDG indicator 5.5.2 - Proportion of women in managerial positions (%)","2022",32.383,,,,"Repository: ILO-STATISTICS - Micro data processing"
"Brunei Darussalam","LFS - Labour Force Survey","SDG indicator 5.5.2 - Proportion of women in managerial positions (%)","2021",42.604,,,,"Repository: ILO-STATISTICS - Micro data processing"
"Brunei Darussalam","LFS - Labour Force Survey","SDG indicator 5.5.2 - Proportion of women in managerial positions (%)","2020",36.454,,,,"Repository: ILO-STATISTICS - Micro data processing"
"Brunei Darussalam","LFS - Labour Force Survey","SDG indicator 5.5.2 - Proportion of women in managerial positions (%)","2019",33.007,,,,"Repository: ILO-STATISTICS - Micro data processing"
"Brunei Darussalam","LFS - Labour Force Survey","SDG indicator 5.5.2 - Proportion of women in managerial positions (%)","2018",36.589,,,,"Repository: ILO-STATISTICS - Micro data processing"
"Brunei Darussalam","LFS - Labour Force Survey","SDG indicator 5.5.2 - Proportion of women in managerial positions (%)","2017",41.275,,,,"Repository: ILO-STATISTICS - Micro data processing"
"Brunei Darussalam","LFS - Labour Force Survey","SDG indicator 5.5.2 - Proportion of women in managerial positions (%)","2014",33.642,"Break in series",,"Break in series: Methodology revised","Repository: ILO-STATISTICS - Micro data processing"
"Brunei Darussalam","PC - Population Census","SDG indicator 5.5.2 - Proportion of women in managerial positions (%)","2001",25.662,,,,"Data reference period: August"
"Bhutan","LFS - Labour Force Survey","SDG indicator 5.5.2 - Proportion of women in managerial positions (%)","2023",48.806,,,,"Repository: ILO-STATISTICS - Micro data processing"
"Bhutan","LFS - Labour Force Survey","SDG indicator 5.5.2 - Proportion of women in managerial positions (%)","2022",37.122,,,,"Repository: ILO-STATISTICS - Micro data processing"
"Bhutan","LFS - Labour Force Survey","SDG indicator 5.5.2 - Proportion of women in managerial positions (%)","2021",39.711,,,,"Repository: ILO-STATISTICS - Micro data processing"
"Bhutan","LFS - Labour Force Survey","SDG indicator 5.5.2 - Proportion of women in managerial positions (%)","2020",32.714,,,,"Repository: ILO-STATISTICS - Micro data processing"
"Bhutan","LFS - Labour Force Survey","SDG indicator 5.5.2 - Proportion of women in managerial positions (%)","2019",32.617,,,,"Repository: ILO-STATISTICS - Micro data processing"
"Bhutan","LFS - Labour Force Survey","SDG indicator 5.5.2 - Proportion of women in managerial positions (%)","2018",23.973,,,,"Repository: ILO-STATISTICS - Micro data processing"
"Bhutan","LFS - Labour Force Survey","SDG indicator 5.5.2 - Proportion of women in managerial positions (%)","2015",18.476,,,,"Data reference period: November | Geographical coverage: Total national, excluding overseas territories"
"Bhutan","LFS - Labour Force Survey","SDG indicator 5.5.2 - Proportion of women in managerial positions (%)","2014",16.464,,,,"Data reference period: November | Geographical coverage: Total national, excluding overseas territories"
"Bhutan","LFS - Labour Force Survey","SDG indicator 5.5.2 - Proportion of women in managerial positions (%)","2013",16.967,,,,"Data reference period: November | Geographical coverage: Total national, excluding overseas territories"
"Bhutan","LFS - Labour Force Survey","SDG indicator 5.5.2 - Proportion of women in managerial positions (%)","2012",27.613,,,,"Data reference period: March | Geographical coverage: Total national, excluding overseas territories"
"Bhutan","LFS - Labour Force Survey","SDG indicator 5.5.2 - Proportion of women in managerial positions (%)","2011",26.667,,,,"Data reference period: March | Geographical coverage: Total national, excluding overseas territories"
"Bhutan","LFS - Labour Force Survey","SDG indicator 5.5.2 - Proportion of women in managerial positions (%)","2010",49.231,,,,"Data reference period: March | Geographical coverage: Total national, excluding overseas territories"
"Bhutan","LFS - Labour Force Survey","SDG indicator 5.5.2 - Proportion of women in managerial positions (%)","2009",11.268,,,,"Data reference period: March | Geographical coverage: Total national, excluding overseas territories"
"Bhutan","LFS - Labour Force Survey","SDG indicator 5.5.2 - Proportion of women in managerial positions (%)","2006",12,,,,"Data reference period: Average of 2 monthly points | Reference group coverage: Total employment"
"Bhutan","LFS - Labour Force Survey","SDG indicator 5.5.2 - Proportion of women in managerial positions (%)","2005",14.36,,,,"Reference group coverage: Total employment"
"Botswana","HS - Multi-Topic Household Survey","SDG indicator 5.5.2 - Proportion of women in managerial positions (%)","2023",51.887,,,,"Repository: ILO-STATISTICS - Micro data processing"
"Botswana","HS - Multi-Topic Household Survey","SDG indicator 5.5.2 - Proportion of women in managerial positions (%)","2022",58.482,,,,"Repository: ILO-STATISTICS - Micro data processing"
"Botswana","HS - Multi-Topic Household Survey","SDG indicator 5.5.2 - Proportion of women in managerial positions (%)","2021",58.05,,,,"Repository: ILO-STATISTICS - Micro data processing"
"Botswana","HS - Multi-Topic Household Survey","SDG indicator 5.5.2 - Proportion of women in managerial positions (%)","2020",56.653,,,,"Repository: ILO-STATISTICS - Micro data processing"
"Botswana","HS - Multi-Topic Household Survey","SDG indicator 5.5.2 - Proportion of women in managerial positions (%)","2019",57.837,"Break in series",,"Break in series: Methodology revised","Repository: ILO-STATISTICS - Micro data processing"
"Botswana","HS - Core Welfare Indicators Survey, Poverty","SDG indicator 5.5.2 - Proportion of women in managerial positions (%)","2010",38.621,,,,
"Botswana","LFS - Labour Force Survey","SDG indicator 5.5.2 - Proportion of women in managerial positions (%)","2006",30.534,,,,"Repository: ILO-STATISTICS - Micro data processing"
"Botswana","LFS - Labour Force Survey","SDG indicator 5.5.2 - Proportion of women in managerial positions (%)","2003",32.977,,,,"Population coverage: Including armed forces and/or conscripts | Age coverage - minimum age: 12 years old"
"Botswana","PC - Population Census","SDG indicator 5.5.2 - Proportion of women in managerial positions (%)","2001",30.854,,,,"Data reference period: August | Population coverage: Excluding armed forces and/or conscripts | Age coverage - minimum age: 12 years old"
"Botswana","LFS - Labour Force Survey","SDG indicator 5.5.2 - Proportion of women in managerial positions (%)","2000",35.431,,,,"Population coverage: Including armed forces and/or conscripts | Age coverage - minimum age: 12 years old"
"Canada","LFS - Labour Force Survey","SDG indicator 5.5.2 - Proportion of women in managerial positions (%)","2021",35.59,,,,"Geographical coverage: Total national, excluding some areas"
"Canada","LFS - Labour Force Survey","SDG indicator 5.5.2 - Proportion of women in managerial positions (%)","2020",35.82,,,,"Geographical coverage: Total national, excluding some areas"
"Canada","LFS - Labour Force Survey","SDG indicator 5.5.2 - Proportion of women in managerial positions (%)","2019",35.28,,,,"Geographical coverage: Total national, excluding some areas"
"Canada","LFS - Labour Force Survey","SDG indicator 5.5.2 - Proportion of women in managerial positions (%)","2018",35.08,,,,"Geographical coverage: Total national, excluding some areas"
"Canada","LFS - Labour Force Survey","SDG indicator 5.5.2 - Proportion of women in managerial positions (%)","2017",34.54,,,,"Geographical coverage: Total national, excluding some areas"
"Canada","LFS - Labour Force Survey","SDG indicator 5.5.2 - Proportion of women in managerial positions (%)","2015",36.25,,,,"Geographical coverage: Total national, excluding some areas"
"Canada","LFS - Labour Force Survey","SDG indicator 5.5.2 - Proportion of women in managerial positions (%)","2014",35.519,,,,"Geographical coverage: Total national, excluding some areas"
"Canada","LFS - Labour Force Survey","SDG indicator 5.5.2 - Proportion of women in managerial positions (%)","2013",35.784,,,,"Geographical coverage: Total national, excluding some areas"
"Canada","LFS - Labour Force Survey","SDG indicator 5.5.2 - Proportion of women in managerial positions (%)","2012",36.429,,,,"Geographical coverage: Total national, excluding some areas"
"Canada","LFS - Labour Force Survey","SDG indicator 5.5.2 - Proportion of women in managerial positions (%)","2011",37.105,,,,"Geographical coverage: Total national, excluding some areas"
"Canada","LFS - Labour Force Survey","SDG indicator 5.5.2 - Proportion of women in managerial positions (%)","2010",36.762,,,,"Geographical coverage: Total national, excluding some areas"
"Canada","LFS - Labour Force Survey","SDG indicator 5.5.2 - Proportion of women in managerial positions (%)","2009",37.011,,,,"Geographical coverage: Total national, excluding some areas"
"Canada","LFS - Labour Force Survey","SDG indicator 5.5.2 - Proportion of women in managerial positions (%)","2008",35.992,,,,"Geographical coverage: Total national, excluding some areas | Population coverage: Excluding indigenous population"
"Canada","LFS - Labour Force Survey","SDG indicator 5.5.2 - Proportion of women in managerial positions (%)","2007",36.923,,,,"Geographical coverage: Total national, excluding some areas | Population coverage: Excluding indigenous population"
"Canada","LFS - Labour Force Survey","SDG indicator 5.5.2 - Proportion of women in managerial positions (%)","2006",36.246,,,,"Geographical coverage: Total national, excluding some areas | Population coverage: Excluding indigenous population"
"Canada","LFS - Labour Force Survey","SDG indicator 5.5.2 - Proportion of women in managerial positions (%)","2005",35.895,,,,"Geographical coverage: Total national, excluding some areas | Population coverage: Excluding indigenous population"
"Canada","LFS - Labour Force Survey","SDG indicator 5.5.2 - Proportion of women in managerial positions (%)","2004",36.486,,,,"Geographical coverage: Total national, excluding some areas | Population coverage: Excluding indigenous population"
"Canada","LFS - Labour Force Survey","SDG indicator 5.5.2 - Proportion of women in managerial positions (%)","2003",35.712,,,,"Geographical coverage: Total national, excluding some areas | Population coverage: Excluding indigenous population"
"Canada","LFS - Labour Force Survey","SDG indicator 5.5.2 - Proportion of women in managerial positions (%)","2002",34.057,,,,"Geographical coverage: Total national, excluding some areas | Population coverage: Excluding indigenous population"
"Canada","LFS - Labour Force Survey","SDG indicator 5.5.2 - Proportion of women in managerial positions (%)","2001",34.948,,,,"Geographical coverage: Total national, excluding some areas | Population coverage: Excluding indigenous population"
"Canada","LFS - Labour Force Survey","SDG indicator 5.5.2 - Proportion of women in managerial positions (%)","2000",35.475,,,,"Geographical coverage: Total national, excluding some areas | Population coverage: Excluding indigenous population"
"Switzerland","LFS - Labour Force Survey","SDG indicator 5.5.2 - Proportion of women in managerial positions (%)","2023",32.396,,,,"Repository: ILO-STATISTICS - Micro data processing"
"Switzerland","LFS - Labour Force Survey","SDG indicator 5.5.2 - Proportion of women in managerial positions (%)","2022",30.932,,,,"Repository: ILO-STATISTICS - Micro data processing"
"Switzerland","LFS - Labour Force Survey","SDG indicator 5.5.2 - Proportion of women in managerial positions (%)","2021",31.68,,,,"Repository: ILO-STATISTICS - Micro data processing"
"Switzerland","LFS - Labour Force Survey","SDG indicator 5.5.2 - Proportion of women in managerial positions (%)","2020",33.057,,,,"Repository: ILO-STATISTICS - Micro data processing"
"Switzerland","LFS - Labour Force Survey","SDG indicator 5.5.2 - Proportion of women in managerial positions (%)","2019",33.455,,,,"Repository: ILO-STATISTICS - Micro data processing"
"Switzerland","LFS - Labour Force Survey","SDG indicator 5.5.2 - Proportion of women in managerial positions (%)","2018",32.136,,,,"Repository: ILO-STATISTICS - Micro data processing"
"Switzerland","LFS - Labour Force Survey","SDG indicator 5.5.2 - Proportion of women in managerial positions (%)","2017",30.79,,,,"Repository: ILO-STATISTICS - Micro data processing"
"Switzerland","LFS - Labour Force Survey","SDG indicator 5.5.2 - Proportion of women in managerial positions (%)","2016",33.016,,,,"Repository: ILO-STATISTICS - Micro data processing"
"Switzerland","LFS - Labour Force Survey","SDG indicator 5.5.2 - Proportion of women in managerial positions (%)","2015",33.047,,,,"Repository: ILO-STATISTICS - Micro data processing"
"Switzerland","LFS - Labour Force Survey","SDG indicator 5.5.2 - Proportion of women in managerial positions (%)","2014",31.337,,,,"Repository: ILO-STATISTICS - Micro data processing"
"Switzerland","LFS - Labour Force Survey","SDG indicator 5.5.2 - Proportion of women in managerial positions (%)","2013",29.534,,,,"Repository: ILO-STATISTICS - Micro data processing"
"Switzerland","LFS - Labour Force Survey","SDG indicator 5.5.2 - Proportion of women in managerial positions (%)","2012",30.52,,,,"Repository: ILO-STATISTICS - Micro data processing"
"Switzerland","LFS - Labour Force Survey","SDG indicator 5.5.2 - Proportion of women in managerial positions (%)","2011",30.471,,,,"Repository: ILO-STATISTICS - Micro data processing"
"Switzerland","LFS - Labour Force Survey","SDG indicator 5.5.2 - Proportion of women in managerial positions (%)","2010",30.453,,,,"Repository: ILO-STATISTICS - Micro data processing"
"Switzerland","LFS - Labour Force Survey","SDG indicator 5.5.2 - Proportion of women in managerial positions (%)","2009",30.328,,,,"Repository: ILO-STATISTICS - Micro data processing"
"Switzerland","LFS - Labour Force Survey","SDG indicator 5.5.2 - Proportion of women in managerial positions (%)","2008",27.835,,,,"Repository: ILO-STATISTICS - Micro data processing"
"Switzerland","LFS - Labour Force Survey","SDG indicator 5.5.2 - Proportion of women in managerial positions (%)","2007",29.173,,,,"Repository: ILO-STATISTICS - Micro data processing"
"Switzerland","LFS - Labour Force Survey","SDG indicator 5.5.2 - Proportion of women in managerial positions (%)","2006",29.661,,,,"Repository: ILO-STATISTICS - Micro data processing"
"Switzerland","LFS - Labour Force Survey","SDG indicator 5.5.2 - Proportion of women in managerial positions (%)","2005",26.891,,,,"Repository: ILO-STATISTICS - Micro data processing"
"Switzerland","LFS - Labour Force Survey","SDG indicator 5.5.2 - Proportion of women in managerial positions (%)","2004",26.499,,,,"Repository: ILO-STATISTICS - Micro data processing"
"Switzerland","LFS - Labour Force Survey","SDG indicator 5.5.2 - Proportion of women in managerial positions (%)","2003",26.713,,,,"Repository: ILO-STATISTICS - Micro data processing"
"Switzerland","LFS - Labour Force Survey","SDG indicator 5.5.2 - Proportion of women in managerial positions (%)","2002",26.422,,,,"Repository: ILO-STATISTICS - Micro data processing"
"Switzerland","LFS - Labour Force Survey","SDG indicator 5.5.2 - Proportion of women in managerial positions (%)","2001",24.407,,,,"Repository: ILO-STATISTICS - Micro data processing"
"Switzerland","LFS - Labour Force Survey","SDG indicator 5.5.2 - Proportion of women in managerial positions (%)","2000",25.437,,,,"Repository: ILO-STATISTICS - Micro data processing"
"Chile","LFS - National Employment Survey","SDG indicator 5.5.2 - Proportion of women in managerial positions (%)","2024",29.925,,,,"Repository: ILO-STATISTICS - Micro data processing"
"Chile","LFS - National Employment Survey","SDG indicator 5.5.2 - Proportion of women in managerial positions (%)","2023",31.211,,,,"Repository: ILO-STATISTICS - Micro data processing"
"Chile","LFS - National Employment Survey","SDG indicator 5.5.2 - Proportion of women in managerial positions (%)","2022",29.561,,,,"Repository: ILO-STATISTICS - Micro data processing"
"Chile","LFS - National Employment Survey","SDG indicator 5.5.2 - Proportion of women in managerial positions (%)","2021",30.321,,,,"Repository: ILO-STATISTICS - Micro data processing"
"Chile","LFS - National Employment Survey","SDG indicator 5.5.2 - Proportion of women in managerial positions (%)","2020",27.384,"Break in series",,"Break in series: Methodology revised","Repository: ILO-STATISTICS - Micro data processing"
"Chile","LFS - National Employment Survey","SDG indicator 5.5.2 - Proportion of women in managerial positions (%)","2019",29.998,,,,"Repository: ILO-STATISTICS - Micro data processing"
"Chile","LFS - National Employment Survey","SDG indicator 5.5.2 - Proportion of women in managerial positions (%)","2018",30.677,,,,"Repository: ILO-STATISTICS - Micro data processing"
"Chile","LFS - National Employment Survey","SDG indicator 5.5.2 - Proportion of women in managerial positions (%)","2017",29.362,,,,"Repository: ILO-STATISTICS - Micro data processing"
"Chile","LFS - National Employment Survey","SDG indicator 5.5.2 - Proportion of women in managerial positions (%)","2016",26.334,,,,"Repository: ILO-STATISTICS - Micro data processing"
"Chile","LFS - National Employment Survey","SDG indicator 5.5.2 - Proportion of women in managerial positions (%)","2015",27.463,,,,"Repository: ILO-STATISTICS - Micro data processing"
"Chile","LFS - National Employment Survey","SDG indicator 5.5.2 - Proportion of women in managerial positions (%)","2014",25.98,,,,"Repository: ILO-STATISTICS - Micro data processing"
"Chile","LFS - National Employment Survey","SDG indicator 5.5.2 - Proportion of women in managerial positions (%)","2013",24.222,,,,"Repository: ILO-STATISTICS - Micro data processing"
"Chile","LFS - National Employment Survey","SDG indicator 5.5.2 - Proportion of women in managerial positions (%)","2012",23.272,,,,"Repository: ILO-STATISTICS - Micro data processing"
"Chile","LFS - National Employment Survey","SDG indicator 5.5.2 - Proportion of women in managerial positions (%)","2011",23.278,,,,"Repository: ILO-STATISTICS - Micro data processing"
"Chile","LFS - National Employment Survey","SDG indicator 5.5.2 - Proportion of women in managerial positions (%)","2010",23.349,"Break in series",,"Break in series: Methodology revised","Repository: ILO-STATISTICS - Micro data processing"
"Chile","HS - National Survey on Socio-Economic Conditions","SDG indicator 5.5.2 - Proportion of women in managerial positions (%)","2009",33.319,,,,"Repository: ILO-STATISTICS - Micro data processing"
"Chile","HS - National Survey on Socio-Economic Conditions","SDG indicator 5.5.2 - Proportion of women in managerial positions (%)","2006",40.189,,,,"Repository: ILO-STATISTICS - Micro data processing"
"Chile","HS - National Survey on Socio-Economic Conditions","SDG indicator 5.5.2 - Proportion of women in managerial positions (%)","2003",42.66,,,,"Repository: ILO-STATISTICS - Micro data processing"
"Chile","PC - Population and Housing Census","SDG indicator 5.5.2 - Proportion of women in managerial positions (%)","2002",32.723,,,,"Data reference period: April"
"Chile","HS - National Survey on Socio-Economic Conditions","SDG indicator 5.5.2 - Proportion of women in managerial positions (%)","2000",32.589,,,,"Repository: ILO-STATISTICS - Micro data processing"
"China","OE - Official Estimates","SDG indicator 5.5.2 - Proportion of women in managerial positions (%)","2005",16.753,,,,"Data reference period: End of the year | Population coverage: Excluding armed forces and/or conscripts"
"China","PC - Population Census","SDG indicator 5.5.2 - Proportion of women in managerial positions (%)","2000",16.547,,,,"Repository: ILO-STATISTICS - Micro data processing"
"Côte d'Ivoire","HIES - Living Standards Measurement Survey","SDG indicator 5.5.2 - Proportion of women in managerial positions (%)","2022",,"Unreliable",,,"Repository: ILO-STATISTICS - Micro data processing"
"Côte d'Ivoire","LFS - National Survey on the Employment Situation","SDG indicator 5.5.2 - Proportion of women in managerial positions (%)","2019",30.716,,,,"Repository: ILO-STATISTICS - Micro data processing"
"Côte d'Ivoire","LFS - Regional Integrated Survey on Employment and the Informal Sector","SDG indicator 5.5.2 - Proportion of women in managerial positions (%)","2017",56.889,,,,"Repository: ILO-STATISTICS - Micro data processing"
"Côte d'Ivoire","LFS - National Survey on the Employment Situation","SDG indicator 5.5.2 - Proportion of women in managerial positions (%)","2016",16.645,"Unreliable",,,"Repository: ILO-STATISTICS - Micro data processing"
"Cameroon","HS - Household Survey","SDG indicator 5.5.2 - Proportion of women in managerial positions (%)","2021",57.736,,,,"Repository: ILO-STATISTICS - Micro data processing"
"Cameroon","HS - Household Survey","SDG indicator 5.5.2 - Proportion of women in managerial positions (%)","2014",49.263,,,,"Repository: ILO-STATISTICS - Micro data processing"
"Congo, Democratic Republic of the","HIES - Indicator Cluster Survey","SDG indicator 5.5.2 - Proportion of women in managerial positions (%)","2020",41.944,,,,"Repository: ILO-STATISTICS - Micro data processing"
"Congo, Democratic Republic of the","LFS - Survey on Employment and household's living conditions","SDG indicator 5.5.2 - Proportion of women in managerial positions (%)","2012",20.179,"Break in series",,"Break in series: Methodology revised","Repository: ILO-STATISTICS - Micro data processing"
"Congo, Democratic Republic of the","LFS - Survey on Employment and household's living conditions","SDG indicator 5.5.2 - Proportion of women in managerial positions (%)","2005",7.775,"Break in series",,"Break in series: Methodology revised","Repository: ILO-STATISTICS - Micro data processing"
"Congo","LFS - Employment Survey","SDG indicator 5.5.2 - Proportion of women in managerial positions (%)","2009",69.38,"Unreliable",,,"Repository: ILO-STATISTICS - Micro data processing | Geographical coverage: Urban areas only"
"Cook Islands","LFS - Labour Force Survey","SDG indicator 5.5.2 - Proportion of women in managerial positions (%)","2019",59.772,"Break in series",,"Break in series: Methodology revised","Repository: ILO-STATISTICS - Micro data processing"
"Cook Islands","HIES - Household Income and Expenditure Survey","SDG indicator 5.5.2 - Proportion of women in managerial positions (%)","2016",42.324,"Break in series",,"Break in series: Methodology revised","Repository: ILO-STATISTICS - Micro data processing"
"Cook Islands","PC - Population Census","SDG indicator 5.5.2 - Proportion of women in managerial positions (%)","2011",47.502,,,,
"Cook Islands","PC - Population Census","SDG indicator 5.5.2 - Proportion of women in managerial positions (%)","2001",36.108,,,,"Data reference period: December"
"Colombia","LFS - Integrated Household Survey","SDG indicator 5.5.2 - Proportion of women in managerial positions (%)","2024",44.415,,,,"Repository: ILO-STATISTICS - Micro data processing"
"Colombia","LFS - Integrated Household Survey","SDG indicator 5.5.2 - Proportion of women in managerial positions (%)","2023",43.972,,,,"Repository: ILO-STATISTICS - Micro data processing"
"Colombia","LFS - Integrated Household Survey","SDG indicator 5.5.2 - Proportion of women in managerial positions (%)","2022",43.513,"Break in series",,"Break in series: Methodology revised","Repository: ILO-STATISTICS - Micro data processing"
"Colombia","LFS - Integrated Household Survey","SDG indicator 5.5.2 - Proportion of women in managerial positions (%)","2021",35.311,,,,"Repository: ILO-STATISTICS - Micro data processing"
"Colombia","LFS - Integrated Household Survey","SDG indicator 5.5.2 - Proportion of women in managerial positions (%)","2020",34.965,,,,"Repository: ILO-STATISTICS - Micro data processing"
"Colombia","LFS - Integrated Household Survey","SDG indicator 5.5.2 - Proportion of women in managerial positions (%)","2019",34.845,,,,"Repository: ILO-STATISTICS - Micro data processing"
"Colombia","LFS - Integrated Household Survey","SDG indicator 5.5.2 - Proportion of women in managerial positions (%)","2018",34.703,,,,"Repository: ILO-STATISTICS - Micro data processing"
"Colombia","LFS - Integrated Household Survey","SDG indicator 5.5.2 - Proportion of women in managerial positions (%)","2017",34.488,,,,"Repository: ILO-STATISTICS - Micro data processing"
"Colombia","LFS - Integrated Household Survey","SDG indicator 5.5.2 - Proportion of women in managerial positions (%)","2016",35.027,,,,"Repository: ILO-STATISTICS - Micro data processing"
"Colombia","LFS - Integrated Household Survey","SDG indicator 5.5.2 - Proportion of women in managerial positions (%)","2015",33.834,,,,"Repository: ILO-STATISTICS - Micro data processing"
"Colombia","LFS - Integrated Household Survey","SDG indicator 5.5.2 - Proportion of women in managerial positions (%)","2014",33.387,,,,"Repository: ILO-STATISTICS - Micro data processing"
"Colombia","LFS - Integrated Household Survey","SDG indicator 5.5.2 - Proportion of women in managerial positions (%)","2013",34.196,,,,"Repository: ILO-STATISTICS - Micro data processing"
"Colombia","LFS - Integrated Household Survey","SDG indicator 5.5.2 - Proportion of women in managerial positions (%)","2012",33.331,,,,"Repository: ILO-STATISTICS - Micro data processing"
"Colombia","LFS - Integrated Household Survey","SDG indicator 5.5.2 - Proportion of women in managerial positions (%)","2011",33.058,,,,"Repository: ILO-STATISTICS - Micro data processing"
"Colombia","LFS - Integrated Household Survey","SDG indicator 5.5.2 - Proportion of women in managerial positions (%)","2010",32.392,"Break in series",,"Break in series: Methodology revised","Repository: ILO-STATISTICS - Micro data processing"
"Colombia","LFS - Integrated Household Survey","SDG indicator 5.5.2 - Proportion of women in managerial positions (%)","2009",32.508,,,,"Repository: ILO-STATISTICS - Micro data processing"
"Colombia","LFS - Integrated Household Survey","SDG indicator 5.5.2 - Proportion of women in managerial positions (%)","2008",33.711,,,,"Repository: ILO-STATISTICS - Micro data processing"
"Colombia","LFS - Integrated Household Survey","SDG indicator 5.5.2 - Proportion of women in managerial positions (%)","2007",39.313,"Break in series",,"Break in series: Methodology revised","Repository: ILO-STATISTICS - Micro data processing"
"Colombia","HS - Continuous Household Survey","SDG indicator 5.5.2 - Proportion of women in managerial positions (%)","2005",31.801,,,,"Repository: ILO-STATISTICS - Micro data processing"
"Colombia","HS - Continuous Household Survey","SDG indicator 5.5.2 - Proportion of women in managerial positions (%)","2004",32.863,,,,"Repository: ILO-STATISTICS - Micro data processing"
"Colombia","HS - Continuous Household Survey","SDG indicator 5.5.2 - Proportion of women in managerial positions (%)","2003",32.77,,,,"Repository: ILO-STATISTICS - Micro data processing"
"Colombia","HS - Continuous Household Survey","SDG indicator 5.5.2 - Proportion of women in managerial positions (%)","2002",30.788,,,,"Repository: ILO-STATISTICS - Micro data processing"
"Comoros","LFS - National Survey on Employment and the Informal Sector","SDG indicator 5.5.2 - Proportion of women in managerial positions (%)","2021",51.129,,,,"Repository: ILO-STATISTICS - Micro data processing"
"Comoros","LFS - National Survey on Employment and the Informal Sector","SDG indicator 5.5.2 - Proportion of women in managerial positions (%)","2014",25.557,,,,"Repository: ILO-STATISTICS - Micro data processing"
"Comoros","HS - Integrated Household Survey","SDG indicator 5.5.2 - Proportion of women in managerial positions (%)","2004",26.133,,,,"Repository: ILO-STATISTICS - Micro data processing"
"Cabo Verde","LFS - Continuous Multi-Objective Survey Employment and Labor Market Statistics","SDG indicator 5.5.2 - Proportion of women in managerial positions (%)","2019",46.036,,,,"Employment definition: Including subsistence workers"
"Cabo Verde","LFS - Continuous Multi-Objective Survey Employment and Labor Market Statistics","SDG indicator 5.5.2 - Proportion of women in managerial positions (%)","2018",42.518,,,,"Employment definition: Including subsistence workers"
"Cabo Verde","LFS - Continuous Multi-Objective Survey Employment and Labor Market Statistics","SDG indicator 5.5.2 - Proportion of women in managerial positions (%)","2017",43.808,,,,
"Cabo Verde","LFS - Continuous Multi-Objective Survey Employment and Labor Market Statistics","SDG indicator 5.5.2 - Proportion of women in managerial positions (%)","2015",42.296,"Unreliable",,,"Repository: ILO-STATISTICS - Micro data processing | Age coverage - minimum age: 16 years old"
"Cabo Verde","LFS - Continuous Multi-Objective Survey Employment and Labor Market Statistics","SDG indicator 5.5.2 - Proportion of women in managerial positions (%)","2009",28.683,,,,"Repository: ILO-STATISTICS - Micro data processing"
"Costa Rica","LFS - Continuous Employment Survey","SDG indicator 5.5.2 - Proportion of women in managerial positions (%)","2024",49.118,,,,"Repository: ILO-STATISTICS - Micro data processing"
"Costa Rica","LFS - Continuous Employment Survey","SDG indicator 5.5.2 - Proportion of women in managerial positions (%)","2023",44.312,,,,"Repository: ILO-STATISTICS - Micro data processing"
"Costa Rica","LFS - Continuous Employment Survey","SDG indicator 5.5.2 - Proportion of women in managerial positions (%)","2022",45.989,,,,"Repository: ILO-STATISTICS - Micro data processing"
"Costa Rica","LFS - Continuous Employment Survey","SDG indicator 5.5.2 - Proportion of women in managerial positions (%)","2021",40.241,,,,"Repository: ILO-STATISTICS - Micro data processing"
"Costa Rica","LFS - Continuous Employment Survey","SDG indicator 5.5.2 - Proportion of women in managerial positions (%)","2020",59.413,,,,"Repository: ILO-STATISTICS - Micro data processing"
"Costa Rica","LFS - Continuous Employment Survey","SDG indicator 5.5.2 - Proportion of women in managerial positions (%)","2019",40.455,,,,"Repository: ILO-STATISTICS - Micro data processing"
"Costa Rica","LFS - Continuous Employment Survey","SDG indicator 5.5.2 - Proportion of women in managerial positions (%)","2018",37.145,,,,"Repository: ILO-STATISTICS - Micro data processing"
"Costa Rica","LFS - Continuous Employment Survey","SDG indicator 5.5.2 - Proportion of women in managerial positions (%)","2017",41.046,,,,"Repository: ILO-STATISTICS - Micro data processing"
"Costa Rica","HS - National Household Survey","SDG indicator 5.5.2 - Proportion of women in managerial positions (%)","2016",34.554,,,,"Repository: ILO-STATISTICS - Micro data processing"
"Costa Rica","HS - National Household Survey","SDG indicator 5.5.2 - Proportion of women in managerial positions (%)","2015",28.735,,,,"Repository: ILO-STATISTICS - Micro data processing"
"Costa Rica","HS - National Household Survey","SDG indicator 5.5.2 - Proportion of women in managerial positions (%)","2014",31.887,,,,"Repository: ILO-STATISTICS - Micro data processing"
"Costa Rica","HS - National Household Survey","SDG indicator 5.5.2 - Proportion of women in managerial positions (%)","2013",36.814,,,,"Repository: ILO-STATISTICS - Micro data processing"
"Costa Rica","HS - National Household Survey","SDG indicator 5.5.2 - Proportion of women in managerial positions (%)","2012",28.654,,,,"Repository: ILO-STATISTICS - Micro data processing"
"Costa Rica","HS - National Household Survey","SDG indicator 5.5.2 - Proportion of women in managerial positions (%)","2011",35.196,,,,"Data reference period: July | Age coverage - maximum age: 65 years old"
"Costa Rica","HS - National Household Survey","SDG indicator 5.5.2 - Proportion of women in managerial positions (%)","2010",29.953,,,,"Repository: ILO-STATISTICS - Micro data processing"
"Costa Rica","HS - National Household Survey","SDG indicator 5.5.2 - Proportion of women in managerial positions (%)","2008",30.422,,,,"Data reference period: July | Age coverage - minimum age: 12 years old"
"Costa Rica","HS - National Household Survey","SDG indicator 5.5.2 - Proportion of women in managerial positions (%)","2007",26.994,,,,"Data reference period: July | Age coverage - minimum age: 12 years old"
"Costa Rica","HS - National Household Survey","SDG indicator 5.5.2 - Proportion of women in managerial positions (%)","2006",29.915,,,,"Data reference period: July | Age coverage - minimum age: 12 years old"
"Costa Rica","HS - National Household Survey","SDG indicator 5.5.2 - Proportion of women in managerial positions (%)","2005",24.876,,,,"Data reference period: July | Age coverage - minimum age: 12 years old"
"Costa Rica","HS - National Household Survey","SDG indicator 5.5.2 - Proportion of women in managerial positions (%)","2004",26.178,,,,"Data reference period: July | Age coverage - minimum age: 12 years old"
"Costa Rica","HS - National Household Survey","SDG indicator 5.5.2 - Proportion of women in managerial positions (%)","2003",29.085,,,,"Data reference period: July | Age coverage - minimum age: 12 years old"
"Costa Rica","HS - National Household Survey","SDG indicator 5.5.2 - Proportion of women in managerial positions (%)","2002",26.136,,,,"Data reference period: July | Age coverage - minimum age: 12 years old"
"Costa Rica","HS - National Household Survey","SDG indicator 5.5.2 - Proportion of women in managerial positions (%)","2001",25.357,,,,"Data reference period: July | Age coverage - minimum age: 12 years old"
"Costa Rica","HS - National Household Survey","SDG indicator 5.5.2 - Proportion of women in managerial positions (%)","2000",32.94,,,,"Data reference period: July | Age coverage - minimum age: 12 years old"
"Cuba","LFS - National Employment Survey","SDG indicator 5.5.2 - Proportion of women in managerial positions (%)","2010",38.124,,,,"Age coverage - minimum age: 17 years old"
"Cuba","LFS - National Employment Survey","SDG indicator 5.5.2 - Proportion of women in managerial positions (%)","2009",32.513,,,,"Age coverage - minimum age: 17 years old"
"Curaçao","LFS - Labour Force Survey","SDG indicator 5.5.2 - Proportion of women in managerial positions (%)","2020",50.986,,,,"Employment definition: Including subsistence workers | Data reference period: Fourth quarter"
"Curaçao","LFS - Labour Force Survey","SDG indicator 5.5.2 - Proportion of women in managerial positions (%)","2018",42.413,,,,"Employment definition: Including subsistence workers | Data reference period: Fourth quarter | Age coverage - maximum age: 64 years old"
"Cayman Islands","LFS - Labour Force Survey","SDG indicator 5.5.2 - Proportion of women in managerial positions (%)","2015",42.447,,,,"Data reference period: October"
"Cayman Islands","LFS - Labour Force Survey","SDG indicator 5.5.2 - Proportion of women in managerial positions (%)","2014",38.119,,,,"Data reference period: October | Age coverage - maximum age: 65 years old"
"Cayman Islands","LFS - Labour Force Survey","SDG indicator 5.5.2 - Proportion of women in managerial positions (%)","2013",38.972,,,,"Data reference period: October"
"Cayman Islands","LFS - Labour Force Survey","SDG indicator 5.5.2 - Proportion of women in managerial positions (%)","2012",42.407,,,,"Data reference period: October"
"Cayman Islands","LFS - Labour Force Survey","SDG indicator 5.5.2 - Proportion of women in managerial positions (%)","2011",43.719,,,,"Data reference period: October"
"Cayman Islands","PC - Population Census","SDG indicator 5.5.2 - Proportion of women in managerial positions (%)","2010",41.935,,,,
"Cayman Islands","LFS - Labour Force Survey","SDG indicator 5.5.2 - Proportion of women in managerial positions (%)","2008",44.353,,,,"Data reference period: October | Population coverage: Excluding armed forces and/or conscripts"
"Cayman Islands","LFS - Labour Force Survey","SDG indicator 5.5.2 - Proportion of women in managerial positions (%)","2007",46.037,,,,"Data reference period: October | Population coverage: Excluding armed forces and/or conscripts"
"Cayman Islands","LFS - Labour Force Survey","SDG indicator 5.5.2 - Proportion of women in managerial positions (%)","2004",51.386,,,,"Data reference period: April | Population coverage: Excluding armed forces and/or conscripts"
"Cyprus","LFS - Labour Force Survey","SDG indicator 5.5.2 - Proportion of women in managerial positions (%)","2023",27.895,,,,"Repository: ILO-STATISTICS - Micro data processing"
"Cyprus","LFS - Labour Force Survey","SDG indicator 5.5.2 - Proportion of women in managerial positions (%)","2022",23.077,,,,"Repository: ILO-STATISTICS - Micro data processing"
"Cyprus","LFS - Labour Force Survey","SDG indicator 5.5.2 - Proportion of women in managerial positions (%)","2021",21.02,,,,"Repository: ILO-STATISTICS - Micro data processing"
"Cyprus","LFS - Labour Force Survey","SDG indicator 5.5.2 - Proportion of women in managerial positions (%)","2020",24.176,,,,"Repository: ILO-STATISTICS - Micro data processing"
"Cyprus","LFS - Labour Force Survey","SDG indicator 5.5.2 - Proportion of women in managerial positions (%)","2019",21.348,,,,"Repository: ILO-STATISTICS - Micro data processing"
"Cyprus","LFS - Labour Force Survey","SDG indicator 5.5.2 - Proportion of women in managerial positions (%)","2018",16.951,,,,"Repository: ILO-STATISTICS - Micro data processing"
"Cyprus","LFS - Labour Force Survey","SDG indicator 5.5.2 - Proportion of women in managerial positions (%)","2017",20.694,,,,"Repository: ILO-STATISTICS - Micro data processing"
"Cyprus","LFS - Labour Force Survey","SDG indicator 5.5.2 - Proportion of women in managerial positions (%)","2016",25.727,,,,"Repository: ILO-STATISTICS - Micro data processing"
"Cyprus","LFS - Labour Force Survey","SDG indicator 5.5.2 - Proportion of women in managerial positions (%)","2015",22.82,,,,"Repository: ILO-STATISTICS - Micro data processing"
"Cyprus","LFS - Labour Force Survey","SDG indicator 5.5.2 - Proportion of women in managerial positions (%)","2014",17.327,,,,"Repository: ILO-STATISTICS - Micro data processing"
"Cyprus","LFS - Labour Force Survey","SDG indicator 5.5.2 - Proportion of women in managerial positions (%)","2013",18.92,,,,"Repository: ILO-STATISTICS - Micro data processing"
"Cyprus","LFS - Labour Force Survey","SDG indicator 5.5.2 - Proportion of women in managerial positions (%)","2012",15.8,,,,"Repository: ILO-STATISTICS - Micro data processing"
"Cyprus","LFS - Labour Force Survey","SDG indicator 5.5.2 - Proportion of women in managerial positions (%)","2011",14.993,,,,"Repository: ILO-STATISTICS - Micro data processing"
"Cyprus","LFS - Labour Force Survey","SDG indicator 5.5.2 - Proportion of women in managerial positions (%)","2010",13.766,,,,"Repository: ILO-STATISTICS - Micro data processing"
"Cyprus","LFS - Labour Force Survey","SDG indicator 5.5.2 - Proportion of women in managerial positions (%)","2009",12.23,,,,"Repository: ILO-STATISTICS - Micro data processing"
"Cyprus","LFS - Labour Force Survey","SDG indicator 5.5.2 - Proportion of women in managerial positions (%)","2008",16.124,,,,"Repository: ILO-STATISTICS - Micro data processing"
"Cyprus","LFS - Labour Force Survey","SDG indicator 5.5.2 - Proportion of women in managerial positions (%)","2007",15.428,,,,"Repository: ILO-STATISTICS - Micro data processing"
"Cyprus","LFS - Labour Force Survey","SDG indicator 5.5.2 - Proportion of women in managerial positions (%)","2006",16.151,,,,"Repository: ILO-STATISTICS - Micro data processing"
"Cyprus","LFS - Labour Force Survey","SDG indicator 5.5.2 - Proportion of women in managerial positions (%)","2005",14.761,,,,"Repository: ILO-STATISTICS - Micro data processing"
"Cyprus","LFS - Labour Force Survey","SDG indicator 5.5.2 - Proportion of women in managerial positions (%)","2004",15.255,,,,"Repository: ILO-STATISTICS - Micro data processing"
"Cyprus","LFS - Labour Force Survey","SDG indicator 5.5.2 - Proportion of women in managerial positions (%)","2003",17.462,,,,"Repository: ILO-STATISTICS - Micro data processing"
"Cyprus","LFS - Labour Force Survey","SDG indicator 5.5.2 - Proportion of women in managerial positions (%)","2002",17.547,,,,"Repository: ILO-STATISTICS - Micro data processing"
"Cyprus","LFS - Labour Force Survey","SDG indicator 5.5.2 - Proportion of women in managerial positions (%)","2001",19.02,,,,"Repository: ILO-STATISTICS - Micro data processing"
"Cyprus","LFS - Labour Force Survey","SDG indicator 5.5.2 - Proportion of women in managerial positions (%)","2000",14.782,,,,"Repository: ILO-STATISTICS - Micro data processing"
"Czechia","LFS - Labour Force Sample Survey","SDG indicator 5.5.2 - Proportion of women in managerial positions (%)","2023",27.536,,,,"Repository: ILO-STATISTICS - Micro data processing"
"Czechia","LFS - Labour Force Sample Survey","SDG indicator 5.5.2 - Proportion of women in managerial positions (%)","2022",26.038,,,,"Repository: ILO-STATISTICS - Micro data processing"
"Czechia","LFS - Labour Force Sample Survey","SDG indicator 5.5.2 - Proportion of women in managerial positions (%)","2021",28.309,,,,"Repository: ILO-STATISTICS - Micro data processing"
"Czechia","LFS - Labour Force Sample Survey","SDG indicator 5.5.2 - Proportion of women in managerial positions (%)","2020",27.384,,,,"Repository: ILO-STATISTICS - Micro data processing"
"Czechia","LFS - Labour Force Sample Survey","SDG indicator 5.5.2 - Proportion of women in managerial positions (%)","2019",26.375,,,,"Repository: ILO-STATISTICS - Micro data processing"
"Czechia","LFS - Labour Force Sample Survey","SDG indicator 5.5.2 - Proportion of women in managerial positions (%)","2018",26.351,,,,"Repository: ILO-STATISTICS - Micro data processing"
"Czechia","LFS - Labour Force Sample Survey","SDG indicator 5.5.2 - Proportion of women in managerial positions (%)","2017",24.435,,,,"Repository: ILO-STATISTICS - Micro data processing"
"Czechia","LFS - Labour Force Sample Survey","SDG indicator 5.5.2 - Proportion of women in managerial positions (%)","2016",25.291,,,,"Repository: ILO-STATISTICS - Micro data processing"
"Czechia","LFS - Labour Force Sample Survey","SDG indicator 5.5.2 - Proportion of women in managerial positions (%)","2015",29.226,,,,"Repository: ILO-STATISTICS - Micro data processing"
"Czechia","LFS - Labour Force Sample Survey","SDG indicator 5.5.2 - Proportion of women in managerial positions (%)","2014",27.578,,,,"Repository: ILO-STATISTICS - Micro data processing"
"Czechia","LFS - Labour Force Sample Survey","SDG indicator 5.5.2 - Proportion of women in managerial positions (%)","2013",26.991,,,,"Repository: ILO-STATISTICS - Micro data processing"
"Czechia","LFS - Labour Force Sample Survey","SDG indicator 5.5.2 - Proportion of women in managerial positions (%)","2012",26.019,,,,"Repository: ILO-STATISTICS - Micro data processing"
"Czechia","LFS - Labour Force Sample Survey","SDG indicator 5.5.2 - Proportion of women in managerial positions (%)","2011",25.508,,,,"Repository: ILO-STATISTICS - Micro data processing"
"Czechia","LFS - Labour Force Sample Survey","SDG indicator 5.5.2 - Proportion of women in managerial positions (%)","2010",27.709,,,,"Repository: ILO-STATISTICS - Micro data processing"
"Czechia","LFS - Labour Force Sample Survey","SDG indicator 5.5.2 - Proportion of women in managerial positions (%)","2009",28.995,,,,"Repository: ILO-STATISTICS - Micro data processing"
"Czechia","LFS - Labour Force Sample Survey","SDG indicator 5.5.2 - Proportion of women in managerial positions (%)","2008",28.06,,,,"Repository: ILO-STATISTICS - Micro data processing"
"Czechia","LFS - Labour Force Sample Survey","SDG indicator 5.5.2 - Proportion of women in managerial positions (%)","2007",28.618,,,,"Repository: ILO-STATISTICS - Micro data processing"
"Czechia","LFS - Labour Force Sample Survey","SDG indicator 5.5.2 - Proportion of women in managerial positions (%)","2006",28.86,,,,"Repository: ILO-STATISTICS - Micro data processing"
"Czechia","LFS - Labour Force Sample Survey","SDG indicator 5.5.2 - Proportion of women in managerial positions (%)","2005",29.625,,,,"Repository: ILO-STATISTICS - Micro data processing"
"Czechia","LFS - Labour Force Sample Survey","SDG indicator 5.5.2 - Proportion of women in managerial positions (%)","2004",27.812,,,,"Repository: ILO-STATISTICS - Micro data processing"
"Czechia","LFS - Labour Force Sample Survey","SDG indicator 5.5.2 - Proportion of women in managerial positions (%)","2003",26.87,,,,"Repository: ILO-STATISTICS - Micro data processing"
"Czechia","LFS - Labour Force Sample Survey","SDG indicator 5.5.2 - Proportion of women in managerial positions (%)","2002",25.897,,,,"Repository: ILO-STATISTICS - Micro data processing"
"Czechia","LFS - Labour Force Sample Survey","SDG indicator 5.5.2 - Proportion of women in managerial positions (%)","2001",26.477,,,,"Repository: ILO-STATISTICS - Micro data processing"
"Czechia","LFS - Labour Force Sample Survey","SDG indicator 5.5.2 - Proportion of women in managerial positions (%)","2000",24.852,"Break in series",,"Break in series: Methodology revised","Repository: ILO-STATISTICS - Micro data processing"
"Germany","LFS - EU Labour Force Survey","SDG indicator 5.5.2 - Proportion of women in managerial positions (%)","2023",28.6,,,,"Repository: ILO-STATISTICS - Micro data processing"
"Germany","LFS - EU Labour Force Survey","SDG indicator 5.5.2 - Proportion of women in managerial positions (%)","2022",28.86,,,,"Repository: ILO-STATISTICS - Micro data processing"
"Germany","LFS - EU Labour Force Survey","SDG indicator 5.5.2 - Proportion of women in managerial positions (%)","2021",29.184,,,,"Repository: ILO-STATISTICS - Micro data processing"
"Germany","LFS - EU Labour Force Survey","SDG indicator 5.5.2 - Proportion of women in managerial positions (%)","2020",28.63,,,,"Repository: ILO-STATISTICS - Micro data processing"
"Germany","LFS - EU Labour Force Survey","SDG indicator 5.5.2 - Proportion of women in managerial positions (%)","2019",29.484,,,,"Repository: ILO-STATISTICS - Micro data processing"
"Germany","LFS - EU Labour Force Survey","SDG indicator 5.5.2 - Proportion of women in managerial positions (%)","2018",29.179,,,,"Repository: ILO-STATISTICS - Micro data processing"
"Germany","LFS - EU Labour Force Survey","SDG indicator 5.5.2 - Proportion of women in managerial positions (%)","2017",28.991,,,,"Repository: ILO-STATISTICS - Micro data processing"
"Germany","LFS - EU Labour Force Survey","SDG indicator 5.5.2 - Proportion of women in managerial positions (%)","2016",29.502,,,,"Repository: ILO-STATISTICS - Micro data processing"
"Germany","LFS - EU Labour Force Survey","SDG indicator 5.5.2 - Proportion of women in managerial positions (%)","2015",28.877,,,,"Repository: ILO-STATISTICS - Micro data processing"
"Germany","LFS - EU Labour Force Survey","SDG indicator 5.5.2 - Proportion of women in managerial positions (%)","2014",28.978,,,,"Repository: ILO-STATISTICS - Micro data processing"
"Germany","LFS - EU Labour Force Survey","SDG indicator 5.5.2 - Proportion of women in managerial positions (%)","2013",29.1,,,,"Repository: ILO-STATISTICS - Micro data processing"
"Germany","LFS - EU Labour Force Survey","SDG indicator 5.5.2 - Proportion of women in managerial positions (%)","2012",28.828,,,,"Repository: ILO-STATISTICS - Micro data processing"
"Germany","LFS - EU Labour Force Survey","SDG indicator 5.5.2 - Proportion of women in managerial positions (%)","2011",27.662,,,,"Repository: ILO-STATISTICS - Micro data processing"
"Germany","LFS - EU Labour Force Survey","SDG indicator 5.5.2 - Proportion of women in managerial positions (%)","2010",28.952,,,,"Repository: ILO-STATISTICS - Micro data processing"
"Germany","LFS - EU Labour Force Survey","SDG indicator 5.5.2 - Proportion of women in managerial positions (%)","2009",28.749,,,,"Repository: ILO-STATISTICS - Micro data processing"
"Germany","LFS - EU Labour Force Survey","SDG indicator 5.5.2 - Proportion of women in managerial positions (%)","2008",29.255,,,,"Repository: ILO-STATISTICS - Micro data processing"
"Germany","LFS - EU Labour Force Survey","SDG indicator 5.5.2 - Proportion of women in managerial positions (%)","2007",27.764,,,,"Repository: ILO-STATISTICS - Micro data processing"
"Germany","LFS - EU Labour Force Survey","SDG indicator 5.5.2 - Proportion of women in managerial positions (%)","2006",28.028,,,,"Repository: ILO-STATISTICS - Micro data processing"
"Germany","LFS - EU Labour Force Survey","SDG indicator 5.5.2 - Proportion of women in managerial positions (%)","2005",27.936,,,,"Repository: ILO-STATISTICS - Micro data processing"
"Germany","LFS - EU Labour Force Survey","SDG indicator 5.5.2 - Proportion of women in managerial positions (%)","2004",27.706,,,,"Repository: ILO-STATISTICS - Micro data processing"
"Germany","LFS - EU Labour Force Survey","SDG indicator 5.5.2 - Proportion of women in managerial positions (%)","2003",28.04,,,,"Repository: ILO-STATISTICS - Micro data processing"
"Germany","LFS - EU Labour Force Survey","SDG indicator 5.5.2 - Proportion of women in managerial positions (%)","2002",27.294,,,,"Repository: ILO-STATISTICS - Micro data processing"
"Germany","LFS - EU Labour Force Survey","SDG indicator 5.5.2 - Proportion of women in managerial positions (%)","2001",26.92,,,,"Repository: ILO-STATISTICS - Micro data processing"
"Germany","LFS - EU Labour Force Survey","SDG indicator 5.5.2 - Proportion of women in managerial positions (%)","2000",27.125,,,,"Repository: ILO-STATISTICS - Micro data processing"
"Djibouti","HS - Djiboutian Household Survey","SDG indicator 5.5.2 - Proportion of women in managerial positions (%)","2017",12.31,"Break in series",,"Break in series: Methodology revised","Repository: ILO-STATISTICS - Micro data processing"
"Dominica","PC - Population Census","SDG indicator 5.5.2 - Proportion of women in managerial positions (%)","2001",48.408,,,,"Data reference period: May"
"Denmark","LFS - EU Labour Force Survey","SDG indicator 5.5.2 - Proportion of women in managerial positions (%)","2023",31.754,,,,"Repository: ILO-STATISTICS - Micro data processing"
"Denmark","LFS - EU Labour Force Survey","SDG indicator 5.5.2 - Proportion of women in managerial positions (%)","2022",29.263,,,,"Repository: ILO-STATISTICS - Micro data processing"
"Denmark","LFS - EU Labour Force Survey","SDG indicator 5.5.2 - Proportion of women in managerial positions (%)","2021",28.223,,,,"Repository: ILO-STATISTICS - Micro data processing"
"Denmark","LFS - EU Labour Force Survey","SDG indicator 5.5.2 - Proportion of women in managerial positions (%)","2020",27.795,,,,"Repository: ILO-STATISTICS - Micro data processing"
"Denmark","LFS - EU Labour Force Survey","SDG indicator 5.5.2 - Proportion of women in managerial positions (%)","2019",26.756,,,,"Repository: ILO-STATISTICS - Micro data processing"
"Denmark","LFS - EU Labour Force Survey","SDG indicator 5.5.2 - Proportion of women in managerial positions (%)","2018",26.078,,,,"Repository: ILO-STATISTICS - Micro data processing"
"Denmark","LFS - EU Labour Force Survey","SDG indicator 5.5.2 - Proportion of women in managerial positions (%)","2017",26.26,,,,"Repository: ILO-STATISTICS - Micro data processing"
"Denmark","LFS - EU Labour Force Survey","SDG indicator 5.5.2 - Proportion of women in managerial positions (%)","2016",27.493,,,,"Repository: ILO-STATISTICS - Micro data processing"
"Denmark","LFS - EU Labour Force Survey","SDG indicator 5.5.2 - Proportion of women in managerial positions (%)","2015",26.308,,,,"Repository: ILO-STATISTICS - Micro data processing"
"Denmark","LFS - EU Labour Force Survey","SDG indicator 5.5.2 - Proportion of women in managerial positions (%)","2014",26.013,,,,"Repository: ILO-STATISTICS - Micro data processing"
"Denmark","LFS - EU Labour Force Survey","SDG indicator 5.5.2 - Proportion of women in managerial positions (%)","2013",26.732,,,,"Repository: ILO-STATISTICS - Micro data processing"
"Denmark","LFS - EU Labour Force Survey","SDG indicator 5.5.2 - Proportion of women in managerial positions (%)","2012",28.356,,,,"Repository: ILO-STATISTICS - Micro data processing"
"Denmark","LFS - EU Labour Force Survey","SDG indicator 5.5.2 - Proportion of women in managerial positions (%)","2011",27.82,,,,"Repository: ILO-STATISTICS - Micro data processing"
"Denmark","LFS - EU Labour Force Survey","SDG indicator 5.5.2 - Proportion of women in managerial positions (%)","2010",21.907,,,,"Repository: ILO-STATISTICS - Micro data processing"
"Denmark","LFS - EU Labour Force Survey","SDG indicator 5.5.2 - Proportion of women in managerial positions (%)","2009",24.572,,,,"Repository: ILO-STATISTICS - Micro data processing"
"Denmark","LFS - EU Labour Force Survey","SDG indicator 5.5.2 - Proportion of women in managerial positions (%)","2008",23.644,,,,"Repository: ILO-STATISTICS - Micro data processing"
"Denmark","LFS - EU Labour Force Survey","SDG indicator 5.5.2 - Proportion of women in managerial positions (%)","2007",28.302,,,,"Repository: ILO-STATISTICS - Micro data processing"
"Denmark","LFS - EU Labour Force Survey","SDG indicator 5.5.2 - Proportion of women in managerial positions (%)","2006",24.496,,,,"Repository: ILO-STATISTICS - Micro data processing"
"Denmark","LFS - EU Labour Force Survey","SDG indicator 5.5.2 - Proportion of women in managerial positions (%)","2005",24.188,,,,"Repository: ILO-STATISTICS - Micro data processing"
"Denmark","LFS - EU Labour Force Survey","SDG indicator 5.5.2 - Proportion of women in managerial positions (%)","2004",23.759,,,,"Repository: ILO-STATISTICS - Micro data processing"
"Denmark","LFS - EU Labour Force Survey","SDG indicator 5.5.2 - Proportion of women in managerial positions (%)","2003",25.773,,,,"Repository: ILO-STATISTICS - Micro data processing"
"Denmark","LFS - EU Labour Force Survey","SDG indicator 5.5.2 - Proportion of women in managerial positions (%)","2002",21.368,,,,"Repository: ILO-STATISTICS - Micro data processing"
"Denmark","LFS - EU Labour Force Survey","SDG indicator 5.5.2 - Proportion of women in managerial positions (%)","2001",20.968,,,,"Repository: ILO-STATISTICS - Micro data processing"
"Denmark","LFS - EU Labour Force Survey","SDG indicator 5.5.2 - Proportion of women in managerial positions (%)","2000",24.193,,,,"Repository: ILO-STATISTICS - Micro data processing"
"Dominican Republic","LFS - Continuous National Labour Force Survey","SDG indicator 5.5.2 - Proportion of women in managerial positions (%)","2023",43.947,,,,"Repository: ILO-STATISTICS - Micro data processing"
"Dominican Republic","LFS - Continuous National Labour Force Survey","SDG indicator 5.5.2 - Proportion of women in managerial positions (%)","2022",44.953,,,,"Repository: ILO-STATISTICS - Micro data processing"
"Dominican Republic","LFS - Continuous National Labour Force Survey","SDG indicator 5.5.2 - Proportion of women in managerial positions (%)","2021",42.822,,,,"Repository: ILO-STATISTICS - Micro data processing"
"Dominican Republic","LFS - Continuous National Labour Force Survey","SDG indicator 5.5.2 - Proportion of women in managerial positions (%)","2020",38.13,"Break in series",,"Break in series: Methodology revised","Repository: ILO-STATISTICS - Micro data processing"
"Dominican Republic","LFS - Continuous National Labour Force Survey","SDG indicator 5.5.2 - Proportion of women in managerial positions (%)","2019",40.52,,,,"Repository: ILO-STATISTICS - Micro data processing"
"Dominican Republic","LFS - Continuous National Labour Force Survey","SDG indicator 5.5.2 - Proportion of women in managerial positions (%)","2018",41.075,,,,"Repository: ILO-STATISTICS - Micro data processing"
"Dominican Republic","LFS - Continuous National Labour Force Survey","SDG indicator 5.5.2 - Proportion of women in managerial positions (%)","2017",41.425,,,,"Repository: ILO-STATISTICS - Micro data processing"
"Dominican Republic","LFS - Continuous National Labour Force Survey","SDG indicator 5.5.2 - Proportion of women in managerial positions (%)","2016",36.668,,,,"Repository: ILO-STATISTICS - Micro data processing"
"Dominican Republic","LFS - Continuous National Labour Force Survey","SDG indicator 5.5.2 - Proportion of women in managerial positions (%)","2015",36.637,"Break in series",,"Break in series: Methodology revised","Repository: ILO-STATISTICS - Micro data processing"
"Dominican Republic","LFS - National Labour Force Survey","SDG indicator 5.5.2 - Proportion of women in managerial positions (%)","2014",35.33,,,,"Repository: ILO-STATISTICS - Micro data processing"
"Dominican Republic","LFS - National Labour Force Survey","SDG indicator 5.5.2 - Proportion of women in managerial positions (%)","2013",36.867,,,,"Repository: ILO-STATISTICS - Micro data processing"
"Dominican Republic","LFS - National Labour Force Survey","SDG indicator 5.5.2 - Proportion of women in managerial positions (%)","2012",40.88,,,,"Repository: ILO-STATISTICS - Micro data processing"
"Dominican Republic","LFS - National Labour Force Survey","SDG indicator 5.5.2 - Proportion of women in managerial positions (%)","2011",42.473,,,,"Repository: ILO-STATISTICS - Micro data processing"
"Dominican Republic","LFS - National Labour Force Survey","SDG indicator 5.5.2 - Proportion of women in managerial positions (%)","2010",34.202,,,,"Repository: ILO-STATISTICS - Micro data processing"
"Dominican Republic","LFS - National Labour Force Survey","SDG indicator 5.5.2 - Proportion of women in managerial positions (%)","2009",31.091,,,,"Repository: ILO-STATISTICS - Micro data processing"
"Dominican Republic","LFS - National Labour Force Survey","SDG indicator 5.5.2 - Proportion of women in managerial positions (%)","2008",34.931,,,,"Repository: ILO-STATISTICS - Micro data processing"
"Dominican Republic","LFS - National Labour Force Survey","SDG indicator 5.5.2 - Proportion of women in managerial positions (%)","2007",30.788,,,,"Repository: ILO-STATISTICS - Micro data processing"
"Dominican Republic","LFS - National Labour Force Survey","SDG indicator 5.5.2 - Proportion of women in managerial positions (%)","2006",37.665,,,,"Repository: ILO-STATISTICS - Micro data processing"
"Dominican Republic","LFS - National Labour Force Survey","SDG indicator 5.5.2 - Proportion of women in managerial positions (%)","2005",32.385,,,,"Repository: ILO-STATISTICS - Micro data processing"
"Dominican Republic","LFS - National Labour Force Survey","SDG indicator 5.5.2 - Proportion of women in managerial positions (%)","2004",32.853,,,,"Repository: ILO-STATISTICS - Micro data processing"
"Dominican Republic","LFS - National Labour Force Survey","SDG indicator 5.5.2 - Proportion of women in managerial positions (%)","2003",31.07,,,,"Repository: ILO-STATISTICS - Micro data processing"
"Dominican Republic","LFS - National Labour Force Survey","SDG indicator 5.5.2 - Proportion of women in managerial positions (%)","2002",30.242,,,,"Repository: ILO-STATISTICS - Micro data processing"
"Dominican Republic","LFS - National Labour Force Survey","SDG indicator 5.5.2 - Proportion of women in managerial positions (%)","2001",30.67,,,,"Repository: ILO-STATISTICS - Micro data processing"
"Dominican Republic","LFS - National Labour Force Survey","SDG indicator 5.5.2 - Proportion of women in managerial positions (%)","2000",30.202,"Break in series",,"Break in series: Methodology revised","Repository: ILO-STATISTICS - Micro data processing"
"Algeria","LFS - Household Employment Survey","SDG indicator 5.5.2 - Proportion of women in managerial positions (%)","2017",8.365,,,,"Data reference period: September"
"Algeria","LFS - Household Employment Survey","SDG indicator 5.5.2 - Proportion of women in managerial positions (%)","2014",9.89,,,,"Data reference period: September"
"Algeria","LFS - Household Employment Survey","SDG indicator 5.5.2 - Proportion of women in managerial positions (%)","2013",10.606,,,,"Data reference period: September"
"Algeria","LFS - Household Employment Survey","SDG indicator 5.5.2 - Proportion of women in managerial positions (%)","2004",4.871,,,,"Data reference period: September"
"Algeria","LFS - Household Employment Survey","SDG indicator 5.5.2 - Proportion of women in managerial positions (%)","2003",5.686,,,,"Data reference period: September"
"Algeria","LFS - Household Employment Survey","SDG indicator 5.5.2 - Proportion of women in managerial positions (%)","2001",5.243,,,,"Data reference period: September"
"Ecuador","LFS - National Survey on Employment, Unemployment and Underemployment","SDG indicator 5.5.2 - Proportion of women in managerial positions (%)","2024",39.942,,,,"Repository: ILO-STATISTICS - Micro data processing"
"Ecuador","LFS - National Survey on Employment, Unemployment and Underemployment","SDG indicator 5.5.2 - Proportion of women in managerial positions (%)","2023",42.19,,,,"Repository: ILO-STATISTICS - Micro data processing"
"Ecuador","LFS - National Survey on Employment, Unemployment and Underemployment","SDG indicator 5.5.2 - Proportion of women in managerial positions (%)","2022",38.884,,,,"Repository: ILO-STATISTICS - Micro data processing"
"Ecuador","LFS - National Survey on Employment, Unemployment and Underemployment","SDG indicator 5.5.2 - Proportion of women in managerial positions (%)","2021",37.771,,,,"Repository: ILO-STATISTICS - Micro data processing"
"Ecuador","LFS - National Survey on Employment, Unemployment and Underemployment","SDG indicator 5.5.2 - Proportion of women in managerial positions (%)","2020",39.032,"Break in series",,"Break in series: Methodology revised","Repository: ILO-STATISTICS - Micro data processing"
"Ecuador","LFS - National Survey on Employment, Unemployment and Underemployment","SDG indicator 5.5.2 - Proportion of women in managerial positions (%)","2019",36.571,,,,"Repository: ILO-STATISTICS - Micro data processing"
"Ecuador","LFS - National Survey on Employment, Unemployment and Underemployment","SDG indicator 5.5.2 - Proportion of women in managerial positions (%)","2018",35.898,,,,"Repository: ILO-STATISTICS - Micro data processing"
"Ecuador","LFS - National Survey on Employment, Unemployment and Underemployment","SDG indicator 5.5.2 - Proportion of women in managerial positions (%)","2017",34.89,,,,"Repository: ILO-STATISTICS - Micro data processing"
"Ecuador","LFS - National Survey on Employment, Unemployment and Underemployment","SDG indicator 5.5.2 - Proportion of women in managerial positions (%)","2016",35.439,,,,"Repository: ILO-STATISTICS - Micro data processing"
"Ecuador","LFS - National Survey on Employment, Unemployment and Underemployment","SDG indicator 5.5.2 - Proportion of women in managerial positions (%)","2015",33.068,,,,"Repository: ILO-STATISTICS - Micro data processing"
"Ecuador","LFS - National Survey on Employment, Unemployment and Underemployment","SDG indicator 5.5.2 - Proportion of women in managerial positions (%)","2014",34.679,"Break in series",,"Break in series: Methodology revised","Repository: ILO-STATISTICS - Micro data processing"
"Ecuador","LFS - National Survey on Employment, Unemployment and Underemployment","SDG indicator 5.5.2 - Proportion of women in managerial positions (%)","2013",34.57,,,,"Repository: ILO-STATISTICS - Micro data processing"
"Ecuador","LFS - National Survey on Employment, Unemployment and Underemployment","SDG indicator 5.5.2 - Proportion of women in managerial positions (%)","2012",38.471,,,,"Repository: ILO-STATISTICS - Micro data processing"
"Ecuador","LFS - National Survey on Employment, Unemployment and Underemployment","SDG indicator 5.5.2 - Proportion of women in managerial positions (%)","2011",40.056,,,,"Repository: ILO-STATISTICS - Micro data processing"
"Ecuador","LFS - National Survey on Employment, Unemployment and Underemployment","SDG indicator 5.5.2 - Proportion of women in managerial positions (%)","2010",32.522,"Break in series",,"Break in series: Methodology revised","Repository: ILO-STATISTICS - Micro data processing"
"Ecuador","LFS - National Survey on Employment, Unemployment and Underemployment","SDG indicator 5.5.2 - Proportion of women in managerial positions (%)","2009",32.171,,,,"Repository: ILO-STATISTICS - Micro data processing"
"Ecuador","LFS - National Survey on Employment, Unemployment and Underemployment","SDG indicator 5.5.2 - Proportion of women in managerial positions (%)","2008",31.95,,,,"Repository: ILO-STATISTICS - Micro data processing"
"Ecuador","LFS - National Survey on Employment, Unemployment and Underemployment","SDG indicator 5.5.2 - Proportion of women in managerial positions (%)","2007",37.022,,,,"Repository: ILO-STATISTICS - Micro data processing"
"Ecuador","LFS - National Survey on Employment, Unemployment and Underemployment","SDG indicator 5.5.2 - Proportion of women in managerial positions (%)","2006",27.268,"Break in series",,"Break in series: Methodology revised","Repository: ILO-STATISTICS - Micro data processing"
"Ecuador","LFS - National Survey on Employment, Unemployment and Underemployment","SDG indicator 5.5.2 - Proportion of women in managerial positions (%)","2005",34.083,,,,"Repository: ILO-STATISTICS - Micro data processing"
"Ecuador","LFS - National Survey on Employment, Unemployment and Underemployment","SDG indicator 5.5.2 - Proportion of women in managerial positions (%)","2004",32.241,,,,"Repository: ILO-STATISTICS - Micro data processing"
"Ecuador","LFS - National Survey on Employment, Unemployment and Underemployment","SDG indicator 5.5.2 - Proportion of women in managerial positions (%)","2003",34.89,,,,"Repository: ILO-STATISTICS - Micro data processing"
"Ecuador","LFS - National Survey on Employment, Unemployment and Underemployment","SDG indicator 5.5.2 - Proportion of women in managerial positions (%)","2002",25.019,,,,"Data reference period: November | Geographical coverage: Urban areas only | Age coverage - minimum age: 10 years old"
"Ecuador","LFS - National Survey on Employment, Unemployment and Underemployment","SDG indicator 5.5.2 - Proportion of women in managerial positions (%)","2001",26.483,,,,"Repository: ILO-STATISTICS - Micro data processing"
"Ecuador","LFS - National Survey on Employment, Unemployment and Underemployment","SDG indicator 5.5.2 - Proportion of women in managerial positions (%)","2000",29.299,,,,"Data reference period: November | Geographical coverage: Urban areas only | Age coverage - minimum age: 10 years old"
"Egypt","LFS - Labour Force Sample Survey","SDG indicator 5.5.2 - Proportion of women in managerial positions (%)","2023",12.906,,,,"Repository: ILO-STATISTICS - Micro data processing"
"Egypt","LFS - Labour Force Sample Survey","SDG indicator 5.5.2 - Proportion of women in managerial positions (%)","2022",13.962,,,,"Repository: ILO-STATISTICS - Micro data processing"
"Egypt","LFS - Labour Force Sample Survey","SDG indicator 5.5.2 - Proportion of women in managerial positions (%)","2021",12.367,,,,"Repository: ILO-STATISTICS - Micro data processing"
"Egypt","LFS - Labour Force Sample Survey","SDG indicator 5.5.2 - Proportion of women in managerial positions (%)","2020",6.823,,,,"Repository: ILO-STATISTICS - Micro data processing"
"Egypt","LFS - Labour Force Sample Survey","SDG indicator 5.5.2 - Proportion of women in managerial positions (%)","2019",7.09,,,,"Repository: ILO-STATISTICS - Micro data processing"
"Egypt","LFS - Labour Force Sample Survey","SDG indicator 5.5.2 - Proportion of women in managerial positions (%)","2018",7.354,,,,"Repository: ILO-STATISTICS - Micro data processing"
"Egypt","LFS - Labour Force Sample Survey","SDG indicator 5.5.2 - Proportion of women in managerial positions (%)","2017",6.365,,,,"Repository: ILO-STATISTICS - Micro data processing"
"Egypt","LFS - Labour Force Sample Survey","SDG indicator 5.5.2 - Proportion of women in managerial positions (%)","2016",7.106,"Break in series",,"Break in series: Methodology revised","Repository: ILO-STATISTICS - Micro data processing"
"Egypt","LFS - Labour Force Sample Survey","SDG indicator 5.5.2 - Proportion of women in managerial positions (%)","2015",6.415,,,,"Repository: ILO-STATISTICS - Micro data processing"
"Egypt","LFS - Labour Force Sample Survey","SDG indicator 5.5.2 - Proportion of women in managerial positions (%)","2013",7.124,,,,"Repository: ILO-STATISTICS - Micro data processing"
"Egypt","LFS - Labour Force Sample Survey","SDG indicator 5.5.2 - Proportion of women in managerial positions (%)","2012",9.729,,,,"Repository: ILO-STATISTICS - Micro data processing"
"Egypt","LFS - Labour Force Sample Survey","SDG indicator 5.5.2 - Proportion of women in managerial positions (%)","2011",13.514,,,,"Repository: ILO-STATISTICS - Micro data processing"
"Egypt","LFS - Labour Force Sample Survey","SDG indicator 5.5.2 - Proportion of women in managerial positions (%)","2010",13.876,,,,"Repository: ILO-STATISTICS - Micro data processing"
"Egypt","LFS - Labour Force Sample Survey","SDG indicator 5.5.2 - Proportion of women in managerial positions (%)","2009",13.996,,,,"Repository: ILO-STATISTICS - Micro data processing"
"Egypt","LFS - Labour Force Sample Survey","SDG indicator 5.5.2 - Proportion of women in managerial positions (%)","2007",11.11,,,,"Data reference period: Incomplete year | Population coverage: Excluding armed forces and/or conscripts | Age coverage - maximum age: 64 years old"
"Egypt","LFS - Labour Force Sample Survey","SDG indicator 5.5.2 - Proportion of women in managerial positions (%)","2006",10.835,,,,"Data reference period: Incomplete year | Population coverage: Excluding armed forces and/or conscripts | Age coverage - maximum age: 64 years old"
"Egypt","LFS - Labour Force Sample Survey","SDG indicator 5.5.2 - Proportion of women in managerial positions (%)","2005",10.422,,,,"Data reference period: Incomplete year | Population coverage: Excluding armed forces and/or conscripts | Age coverage - maximum age: 64 years old"
"Egypt","LFS - Labour Force Sample Survey","SDG indicator 5.5.2 - Proportion of women in managerial positions (%)","2004",7.998,,,,"Data reference period: Incomplete year | Population coverage: Excluding armed forces and/or conscripts | Age coverage - maximum age: 64 years old"
"Egypt","LFS - Labour Force Sample Survey","SDG indicator 5.5.2 - Proportion of women in managerial positions (%)","2003",8.53,,,,"Data reference period: Incomplete year | Population coverage: Excluding armed forces and/or conscripts | Age coverage - maximum age: 64 years old"
"Egypt","LFS - Labour Force Sample Survey","SDG indicator 5.5.2 - Proportion of women in managerial positions (%)","2002",9.002,,,,"Data reference period: Incomplete year | Population coverage: Excluding armed forces and/or conscripts | Age coverage - maximum age: 64 years old"
"Egypt","LFS - Labour Force Sample Survey","SDG indicator 5.5.2 - Proportion of women in managerial positions (%)","2001",9.336,,,,"Data reference period: Incomplete year | Population coverage: Excluding armed forces and/or conscripts | Age coverage - maximum age: 64 years old"
"Egypt","LFS - Labour Force Sample Survey","SDG indicator 5.5.2 - Proportion of women in managerial positions (%)","2000",10.113,,,,"Data reference period: Incomplete year | Population coverage: Excluding armed forces and/or conscripts | Age coverage - maximum age: 64 years old"
"Spain","LFS - Labour Force Survey","SDG indicator 5.5.2 - Proportion of women in managerial positions (%)","2024",34.423,,,,"Repository: ILO-STATISTICS - Micro data processing"
"Spain","LFS - EU Labour Force Survey","SDG indicator 5.5.2 - Proportion of women in managerial positions (%)","2023",35.162,,,,"Repository: ILO-STATISTICS - Micro data processing"
"Spain","LFS - EU Labour Force Survey","SDG indicator 5.5.2 - Proportion of women in managerial positions (%)","2022",34.709,,,,"Repository: ILO-STATISTICS - Micro data processing"
"Spain","LFS - EU Labour Force Survey","SDG indicator 5.5.2 - Proportion of women in managerial positions (%)","2021",33.79,,,,"Repository: ILO-STATISTICS - Micro data processing"
"Spain","LFS - EU Labour Force Survey","SDG indicator 5.5.2 - Proportion of women in managerial positions (%)","2020",35.434,,,,"Repository: ILO-STATISTICS - Micro data processing"
"Spain","LFS - EU Labour Force Survey","SDG indicator 5.5.2 - Proportion of women in managerial positions (%)","2019",31.92,,,,"Repository: ILO-STATISTICS - Micro data processing"
"Spain","LFS - EU Labour Force Survey","SDG indicator 5.5.2 - Proportion of women in managerial positions (%)","2018",33.552,,,,"Repository: ILO-STATISTICS - Micro data processing"
"Spain","LFS - EU Labour Force Survey","SDG indicator 5.5.2 - Proportion of women in managerial positions (%)","2017",30.28,,,,"Repository: ILO-STATISTICS - Micro data processing"
"Spain","LFS - EU Labour Force Survey","SDG indicator 5.5.2 - Proportion of women in managerial positions (%)","2016",30.799,,,,"Repository: ILO-STATISTICS - Micro data processing"
"Spain","LFS - EU Labour Force Survey","SDG indicator 5.5.2 - Proportion of women in managerial positions (%)","2015",32.802,,,,"Repository: ILO-STATISTICS - Micro data processing"
"Spain","LFS - EU Labour Force Survey","SDG indicator 5.5.2 - Proportion of women in managerial positions (%)","2014",29.288,,,,"Repository: ILO-STATISTICS - Micro data processing"
"Spain","LFS - EU Labour Force Survey","SDG indicator 5.5.2 - Proportion of women in managerial positions (%)","2013",31.138,,,,"Repository: ILO-STATISTICS - Micro data processing"
"Spain","LFS - EU Labour Force Survey","SDG indicator 5.5.2 - Proportion of women in managerial positions (%)","2012",30.43,,,,"Repository: ILO-STATISTICS - Micro data processing"
"Spain","LFS - EU Labour Force Survey","SDG indicator 5.5.2 - Proportion of women in managerial positions (%)","2011",29.188,,,,"Repository: ILO-STATISTICS - Micro data processing"
"Spain","LFS - EU Labour Force Survey","SDG indicator 5.5.2 - Proportion of women in managerial positions (%)","2010",33.329,,,,"Repository: ILO-STATISTICS - Micro data processing"
"Spain","LFS - EU Labour Force Survey","SDG indicator 5.5.2 - Proportion of women in managerial positions (%)","2009",34.63,,,,"Repository: ILO-STATISTICS - Micro data processing"
"Spain","LFS - EU Labour Force Survey","SDG indicator 5.5.2 - Proportion of women in managerial positions (%)","2008",33.4,,,,"Repository: ILO-STATISTICS - Micro data processing"
"Spain","LFS - EU Labour Force Survey","SDG indicator 5.5.2 - Proportion of women in managerial positions (%)","2007",33.181,,,,"Repository: ILO-STATISTICS - Micro data processing"
"Spain","LFS - EU Labour Force Survey","SDG indicator 5.5.2 - Proportion of women in managerial positions (%)","2006",31.874,,,,"Repository: ILO-STATISTICS - Micro data processing"
"Spain","LFS - EU Labour Force Survey","SDG indicator 5.5.2 - Proportion of women in managerial positions (%)","2005",32.039,,,,"Repository: ILO-STATISTICS - Micro data processing"
"Spain","LFS - EU Labour Force Survey","SDG indicator 5.5.2 - Proportion of women in managerial positions (%)","2004",31.578,,,,"Repository: ILO-STATISTICS - Micro data processing"
"Spain","LFS - EU Labour Force Survey","SDG indicator 5.5.2 - Proportion of women in managerial positions (%)","2003",29.9,,,,"Repository: ILO-STATISTICS - Micro data processing"
"Spain","LFS - EU Labour Force Survey","SDG indicator 5.5.2 - Proportion of women in managerial positions (%)","2002",31.571,,,,"Repository: ILO-STATISTICS - Micro data processing"
"Spain","LFS - EU Labour Force Survey","SDG indicator 5.5.2 - Proportion of women in managerial positions (%)","2001",32.308,,,,"Repository: ILO-STATISTICS - Micro data processing"
"Spain","LFS - EU Labour Force Survey","SDG indicator 5.5.2 - Proportion of women in managerial positions (%)","2000",31.534,,,,"Repository: ILO-STATISTICS - Micro data processing"
"Estonia","LFS - Labour Force Survey","SDG indicator 5.5.2 - Proportion of women in managerial positions (%)","2023",34.442,,,,"Repository: ILO-STATISTICS - Micro data processing"
"Estonia","LFS - Labour Force Survey","SDG indicator 5.5.2 - Proportion of women in managerial positions (%)","2022",40.151,,,,"Repository: ILO-STATISTICS - Micro data processing"
"Estonia","LFS - Labour Force Survey","SDG indicator 5.5.2 - Proportion of women in managerial positions (%)","2021",41.178,,,,"Repository: ILO-STATISTICS - Micro data processing"
"Estonia","LFS - Labour Force Survey","SDG indicator 5.5.2 - Proportion of women in managerial positions (%)","2020",37.455,,,,"Repository: ILO-STATISTICS - Micro data processing"
"Estonia","LFS - Labour Force Survey","SDG indicator 5.5.2 - Proportion of women in managerial positions (%)","2019",37.841,,,,"Repository: ILO-STATISTICS - Micro data processing"
"Estonia","LFS - Labour Force Survey","SDG indicator 5.5.2 - Proportion of women in managerial positions (%)","2018",36.481,,,,"Repository: ILO-STATISTICS - Micro data processing"
"Estonia","LFS - Labour Force Survey","SDG indicator 5.5.2 - Proportion of women in managerial positions (%)","2017",38.886,,,,"Repository: ILO-STATISTICS - Micro data processing"
"Estonia","LFS - Labour Force Survey","SDG indicator 5.5.2 - Proportion of women in managerial positions (%)","2016",36.52,,,,"Repository: ILO-STATISTICS - Micro data processing"
"Estonia","LFS - Labour Force Survey","SDG indicator 5.5.2 - Proportion of women in managerial positions (%)","2015",31.064,,,,"Repository: ILO-STATISTICS - Micro data processing"
"Estonia","LFS - Labour Force Survey","SDG indicator 5.5.2 - Proportion of women in managerial positions (%)","2014",32.597,,,,"Repository: ILO-STATISTICS - Micro data processing"
"Estonia","LFS - Labour Force Survey","SDG indicator 5.5.2 - Proportion of women in managerial positions (%)","2013",33.395,,,,"Repository: ILO-STATISTICS - Micro data processing"
"Estonia","LFS - Labour Force Survey","SDG indicator 5.5.2 - Proportion of women in managerial positions (%)","2012",31.79,,,,"Repository: ILO-STATISTICS - Micro data processing"
"Estonia","LFS - Labour Force Survey","SDG indicator 5.5.2 - Proportion of women in managerial positions (%)","2011",35.362,,,,"Repository: ILO-STATISTICS - Micro data processing"
"Estonia","LFS - Labour Force Survey","SDG indicator 5.5.2 - Proportion of women in managerial positions (%)","2010",36.081,,,,"Repository: ILO-STATISTICS - Micro data processing"
"Estonia","LFS - Labour Force Survey","SDG indicator 5.5.2 - Proportion of women in managerial positions (%)","2009",35.321,,,,"Repository: ILO-STATISTICS - Micro data processing"
"Estonia","LFS - Labour Force Survey","SDG indicator 5.5.2 - Proportion of women in managerial positions (%)","2008",35.941,,,,"Repository: ILO-STATISTICS - Micro data processing"
"Estonia","LFS - Labour Force Survey","SDG indicator 5.5.2 - Proportion of women in managerial positions (%)","2007",33.523,,,,"Repository: ILO-STATISTICS - Micro data processing"
"Estonia","LFS - Labour Force Survey","SDG indicator 5.5.2 - Proportion of women in managerial positions (%)","2006",33.01,,,,"Repository: ILO-STATISTICS - Micro data processing"
"Estonia","LFS - Labour Force Survey","SDG indicator 5.5.2 - Proportion of women in managerial positions (%)","2005",37.219,,,,"Repository: ILO-STATISTICS - Micro data processing"
"Estonia","LFS - Labour Force Survey","SDG indicator 5.5.2 - Proportion of women in managerial positions (%)","2004",35.179,,,,"Repository: ILO-STATISTICS - Micro data processing"
"Estonia","LFS - Labour Force Survey","SDG indicator 5.5.2 - Proportion of women in managerial positions (%)","2003",31.23,,,,"Repository: ILO-STATISTICS - Micro data processing"
"Estonia","LFS - Labour Force Survey","SDG indicator 5.5.2 - Proportion of women in managerial positions (%)","2002",37.929,,,,"Repository: ILO-STATISTICS - Micro data processing"
"Estonia","LFS - Labour Force Survey","SDG indicator 5.5.2 - Proportion of women in managerial positions (%)","2001",36.903,,,,"Repository: ILO-STATISTICS - Micro data processing"
"Estonia","LFS - Labour Force Survey","SDG indicator 5.5.2 - Proportion of women in managerial positions (%)","2000",40.38,,,,"Repository: ILO-STATISTICS - Micro data processing"
"Ethiopia","LFS - National Labor Force Survey","SDG indicator 5.5.2 - Proportion of women in managerial positions (%)","2021",25.429,,,,"Repository: ILO-STATISTICS - Micro data processing"
"Ethiopia","LFS - National Labor Force Survey","SDG indicator 5.5.2 - Proportion of women in managerial positions (%)","2013",26.516,,,,"Repository: ILO-STATISTICS - Micro data processing"
"Ethiopia","LFS - National Labor Force Survey","SDG indicator 5.5.2 - Proportion of women in managerial positions (%)","2005",20.096,,,,"Repository: ILO-STATISTICS - Micro data processing"
"Finland","LFS - EU Labour Force Survey","SDG indicator 5.5.2 - Proportion of women in managerial positions (%)","2023",38.43,,,,"Repository: ILO-STATISTICS - Micro data processing"
"Finland","LFS - EU Labour Force Survey","SDG indicator 5.5.2 - Proportion of women in managerial positions (%)","2022",36.016,,,,"Repository: ILO-STATISTICS - Micro data processing"
"Finland","LFS - EU Labour Force Survey","SDG indicator 5.5.2 - Proportion of women in managerial positions (%)","2021",35.884,,,,"Repository: ILO-STATISTICS - Micro data processing"
"Finland","LFS - EU Labour Force Survey","SDG indicator 5.5.2 - Proportion of women in managerial positions (%)","2020",40.797,,,,"Repository: ILO-STATISTICS - Micro data processing"
"Finland","LFS - EU Labour Force Survey","SDG indicator 5.5.2 - Proportion of women in managerial positions (%)","2019",32.534,,,,"Repository: ILO-STATISTICS - Micro data processing"
"Finland","LFS - EU Labour Force Survey","SDG indicator 5.5.2 - Proportion of women in managerial positions (%)","2018",30.611,,,,"Repository: ILO-STATISTICS - Micro data processing"
"Finland","LFS - EU Labour Force Survey","SDG indicator 5.5.2 - Proportion of women in managerial positions (%)","2017",32.683,,,,"Repository: ILO-STATISTICS - Micro data processing"
"Finland","LFS - EU Labour Force Survey","SDG indicator 5.5.2 - Proportion of women in managerial positions (%)","2016",30.961,,,,"Repository: ILO-STATISTICS - Micro data processing"
"Finland","LFS - EU Labour Force Survey","SDG indicator 5.5.2 - Proportion of women in managerial positions (%)","2015",36.612,,,,"Repository: ILO-STATISTICS - Micro data processing"
"Finland","LFS - EU Labour Force Survey","SDG indicator 5.5.2 - Proportion of women in managerial positions (%)","2014",32.937,,,,"Repository: ILO-STATISTICS - Micro data processing"
"Finland","LFS - EU Labour Force Survey","SDG indicator 5.5.2 - Proportion of women in managerial positions (%)","2013",30.287,,,,"Repository: ILO-STATISTICS - Micro data processing"
"Finland","LFS - EU Labour Force Survey","SDG indicator 5.5.2 - Proportion of women in managerial positions (%)","2012",31.879,,,,"Repository: ILO-STATISTICS - Micro data processing"
"Finland","LFS - EU Labour Force Survey","SDG indicator 5.5.2 - Proportion of women in managerial positions (%)","2011",32.53,,,,"Repository: ILO-STATISTICS - Micro data processing"
"Finland","LFS - EU Labour Force Survey","SDG indicator 5.5.2 - Proportion of women in managerial positions (%)","2010",28.473,,,,"Repository: ILO-STATISTICS - Micro data processing"
"Finland","LFS - EU Labour Force Survey","SDG indicator 5.5.2 - Proportion of women in managerial positions (%)","2009",30.557,,,,"Repository: ILO-STATISTICS - Micro data processing"
"Finland","LFS - EU Labour Force Survey","SDG indicator 5.5.2 - Proportion of women in managerial positions (%)","2008",29.926,,,,"Repository: ILO-STATISTICS - Micro data processing"
"Finland","LFS - EU Labour Force Survey","SDG indicator 5.5.2 - Proportion of women in managerial positions (%)","2007",27.706,,,,"Repository: ILO-STATISTICS - Micro data processing"
"Finland","LFS - EU Labour Force Survey","SDG indicator 5.5.2 - Proportion of women in managerial positions (%)","2006",30.031,,,,"Repository: ILO-STATISTICS - Micro data processing"
"Finland","LFS - EU Labour Force Survey","SDG indicator 5.5.2 - Proportion of women in managerial positions (%)","2005",30.458,,,,"Repository: ILO-STATISTICS - Micro data processing"
"Finland","LFS - EU Labour Force Survey","SDG indicator 5.5.2 - Proportion of women in managerial positions (%)","2004",28.17,,,,"Repository: ILO-STATISTICS - Micro data processing"
"Finland","LFS - EU Labour Force Survey","SDG indicator 5.5.2 - Proportion of women in managerial positions (%)","2003",28.617,,,,"Repository: ILO-STATISTICS - Micro data processing"
"Finland","LFS - EU Labour Force Survey","SDG indicator 5.5.2 - Proportion of women in managerial positions (%)","2002",28.358,,,,"Repository: ILO-STATISTICS - Micro data processing"
"Finland","LFS - EU Labour Force Survey","SDG indicator 5.5.2 - Proportion of women in managerial positions (%)","2001",27.925,,,,"Repository: ILO-STATISTICS - Micro data processing"
"Finland","LFS - EU Labour Force Survey","SDG indicator 5.5.2 - Proportion of women in managerial positions (%)","2000",26.639,,,,"Repository: ILO-STATISTICS - Micro data processing"
"Fiji","LFS - Employment, Unemployment Survey","SDG indicator 5.5.2 - Proportion of women in managerial positions (%)","2016",38.885,,,,"Repository: ILO-STATISTICS - Micro data processing"
"Fiji","LFS - Employment, Unemployment Survey","SDG indicator 5.5.2 - Proportion of women in managerial positions (%)","2014",30.417,,,,
"Fiji","LFS - Employment, Unemployment Survey","SDG indicator 5.5.2 - Proportion of women in managerial positions (%)","2011",31.501,,,,"Repository: ILO-STATISTICS - Micro data processing"
"Fiji","LFS - Employment, Unemployment Survey","SDG indicator 5.5.2 - Proportion of women in managerial positions (%)","2007",23.766,,,,"Reference group coverage: Employees"
"Fiji","LFS - Employment, Unemployment Survey","SDG indicator 5.5.2 - Proportion of women in managerial positions (%)","2005",31.719,"Break in series",,"Break in series: Methodology revised","Repository: ILO-STATISTICS - Micro data processing"
"Fiji","LFS - Employment, Unemployment Survey","SDG indicator 5.5.2 - Proportion of women in managerial positions (%)","2004",27.164,,,,"Reference group coverage: Total employment"
"France","LFS - Employment Survey","SDG indicator 5.5.2 - Proportion of women in managerial positions (%)","2023",38.854,,,,"Repository: ILO-STATISTICS - Micro data processing"
"France","LFS - Employment Survey","SDG indicator 5.5.2 - Proportion of women in managerial positions (%)","2022",39.85,,,,"Repository: ILO-STATISTICS - Micro data processing"
"France","LFS - Employment Survey","SDG indicator 5.5.2 - Proportion of women in managerial positions (%)","2021",37.786,,,,"Repository: ILO-STATISTICS - Micro data processing"
"France","LFS - Employment Survey","SDG indicator 5.5.2 - Proportion of women in managerial positions (%)","2020",35.532,,,,"Repository: ILO-STATISTICS - Micro data processing"
"France","LFS - Employment Survey","SDG indicator 5.5.2 - Proportion of women in managerial positions (%)","2019",34.669,,,,"Repository: ILO-STATISTICS - Micro data processing"
"France","LFS - Employment Survey","SDG indicator 5.5.2 - Proportion of women in managerial positions (%)","2018",34.442,,,,"Repository: ILO-STATISTICS - Micro data processing"
"France","LFS - Employment Survey","SDG indicator 5.5.2 - Proportion of women in managerial positions (%)","2017",33.435,,,,"Repository: ILO-STATISTICS - Micro data processing"
"France","LFS - Employment Survey","SDG indicator 5.5.2 - Proportion of women in managerial positions (%)","2016",32.914,,,,"Repository: ILO-STATISTICS - Micro data processing"
"France","LFS - Employment Survey","SDG indicator 5.5.2 - Proportion of women in managerial positions (%)","2015",31.663,,,,"Repository: ILO-STATISTICS - Micro data processing"
"France","LFS - Employment Survey","SDG indicator 5.5.2 - Proportion of women in managerial positions (%)","2014",32.739,,,,"Repository: ILO-STATISTICS - Micro data processing"
"France","LFS - Employment Survey","SDG indicator 5.5.2 - Proportion of women in managerial positions (%)","2013",35.996,,,,"Repository: ILO-STATISTICS - Micro data processing"
"France","LFS - Employment Survey","SDG indicator 5.5.2 - Proportion of women in managerial positions (%)","2012",39.322,,,,"Repository: ILO-STATISTICS - Micro data processing"
"France","LFS - Employment Survey","SDG indicator 5.5.2 - Proportion of women in managerial positions (%)","2011",39.339,,,,"Repository: ILO-STATISTICS - Micro data processing"
"France","LFS - Employment Survey","SDG indicator 5.5.2 - Proportion of women in managerial positions (%)","2010",38.538,,,,"Repository: ILO-STATISTICS - Micro data processing"
"France","LFS - Employment Survey","SDG indicator 5.5.2 - Proportion of women in managerial positions (%)","2009",38.086,,,,"Repository: ILO-STATISTICS - Micro data processing"
"France","LFS - Employment Survey","SDG indicator 5.5.2 - Proportion of women in managerial positions (%)","2008",38.502,,,,"Repository: ILO-STATISTICS - Micro data processing"
"France","LFS - Employment Survey","SDG indicator 5.5.2 - Proportion of women in managerial positions (%)","2007",37.826,,,,"Repository: ILO-STATISTICS - Micro data processing"
"France","LFS - Employment Survey","SDG indicator 5.5.2 - Proportion of women in managerial positions (%)","2006",37.877,,,,"Repository: ILO-STATISTICS - Micro data processing"
"France","LFS - Employment Survey","SDG indicator 5.5.2 - Proportion of women in managerial positions (%)","2005",37.604,"Break in series",,"Break in series: Methodology revised","Repository: ILO-STATISTICS - Micro data processing"
"France","LFS - Employment Survey","SDG indicator 5.5.2 - Proportion of women in managerial positions (%)","2004",35.886,,,,"Repository: ILO-STATISTICS - Micro data processing"
"France","LFS - Employment Survey","SDG indicator 5.5.2 - Proportion of women in managerial positions (%)","2003",35.414,,,,"Repository: ILO-STATISTICS - Micro data processing"
"France","LFS - Employment Survey","SDG indicator 5.5.2 - Proportion of women in managerial positions (%)","2002",36.432,,,,"Repository: ILO-STATISTICS - Micro data processing"
"France","LFS - Employment Survey","SDG indicator 5.5.2 - Proportion of women in managerial positions (%)","2001",35.511,,,,"Repository: ILO-STATISTICS - Micro data processing"
"France","LFS - Employment Survey","SDG indicator 5.5.2 - Proportion of women in managerial positions (%)","2000",34.974,,,,"Repository: ILO-STATISTICS - Micro data processing"
"Micronesia (Federated States of)","HIES - Household Income and Expenditure Survey","SDG indicator 5.5.2 - Proportion of women in managerial positions (%)","2014",20.259,,,,"Repository: ILO-STATISTICS - Micro data processing"
"United Kingdom of Great Britain and Northern Ireland","LFS - Labour Force Survey","SDG indicator 5.5.2 - Proportion of women in managerial positions (%)","2023",40.244,,,,"Repository: ILO-STATISTICS - Micro data processing"
"United Kingdom of Great Britain and Northern Ireland","LFS - Labour Force Survey","SDG indicator 5.5.2 - Proportion of women in managerial positions (%)","2022",38.835,,,,"Repository: ILO-STATISTICS - Micro data processing"
"United Kingdom of Great Britain and Northern Ireland","LFS - Labour Force Survey","SDG indicator 5.5.2 - Proportion of women in managerial positions (%)","2021",38.846,,,,"Repository: ILO-STATISTICS - Micro data processing"
"United Kingdom of Great Britain and Northern Ireland","LFS - Labour Force Survey","SDG indicator 5.5.2 - Proportion of women in managerial positions (%)","2020",37.855,,,,"Repository: ILO-STATISTICS - Micro data processing"
"United Kingdom of Great Britain and Northern Ireland","LFS - Labour Force Survey","SDG indicator 5.5.2 - Proportion of women in managerial positions (%)","2019",37.204,,,,"Repository: ILO-STATISTICS - Micro data processing"
"United Kingdom of Great Britain and Northern Ireland","LFS - Labour Force Survey","SDG indicator 5.5.2 - Proportion of women in managerial positions (%)","2018",36.338,,,,"Repository: ILO-STATISTICS - Micro data processing"
"United Kingdom of Great Britain and Northern Ireland","LFS - Labour Force Survey","SDG indicator 5.5.2 - Proportion of women in managerial positions (%)","2017",36.177,,,,"Repository: ILO-STATISTICS - Micro data processing"
"United Kingdom of Great Britain and Northern Ireland","LFS - Labour Force Survey","SDG indicator 5.5.2 - Proportion of women in managerial positions (%)","2016",36.235,,,,"Repository: ILO-STATISTICS - Micro data processing"
"United Kingdom of Great Britain and Northern Ireland","LFS - Labour Force Survey","SDG indicator 5.5.2 - Proportion of women in managerial positions (%)","2015",35.358,,,,"Repository: ILO-STATISTICS - Micro data processing"
"United Kingdom of Great Britain and Northern Ireland","LFS - Labour Force Survey","SDG indicator 5.5.2 - Proportion of women in managerial positions (%)","2014",35.285,,,,"Repository: ILO-STATISTICS - Micro data processing"
"United Kingdom of Great Britain and Northern Ireland","LFS - Labour Force Survey","SDG indicator 5.5.2 - Proportion of women in managerial positions (%)","2013",34.007,,,,"Repository: ILO-STATISTICS - Micro data processing"
"United Kingdom of Great Britain and Northern Ireland","LFS - Labour Force Survey","SDG indicator 5.5.2 - Proportion of women in managerial positions (%)","2012",34.392,,,,"Repository: ILO-STATISTICS - Micro data processing"
"United Kingdom of Great Britain and Northern Ireland","LFS - Labour Force Survey","SDG indicator 5.5.2 - Proportion of women in managerial positions (%)","2011",34.548,,,,"Repository: ILO-STATISTICS - Micro data processing"
"United Kingdom of Great Britain and Northern Ireland","LFS - Labour Force Survey","SDG indicator 5.5.2 - Proportion of women in managerial positions (%)","2010",43.413,,,,"Repository: ILO-STATISTICS - Micro data processing"
"United Kingdom of Great Britain and Northern Ireland","LFS - Labour Force Survey","SDG indicator 5.5.2 - Proportion of women in managerial positions (%)","2009",43.331,,,,"Repository: ILO-STATISTICS - Micro data processing"
"United Kingdom of Great Britain and Northern Ireland","LFS - Labour Force Survey","SDG indicator 5.5.2 - Proportion of women in managerial positions (%)","2008",42.799,,,,"Repository: ILO-STATISTICS - Micro data processing"
"United Kingdom of Great Britain and Northern Ireland","LFS - Labour Force Survey","SDG indicator 5.5.2 - Proportion of women in managerial positions (%)","2007",42.834,,,,"Repository: ILO-STATISTICS - Micro data processing"
"United Kingdom of Great Britain and Northern Ireland","LFS - Labour Force Survey","SDG indicator 5.5.2 - Proportion of women in managerial positions (%)","2006",43.03,,,,"Repository: ILO-STATISTICS - Micro data processing"
"United Kingdom of Great Britain and Northern Ireland","LFS - Labour Force Survey","SDG indicator 5.5.2 - Proportion of women in managerial positions (%)","2005",43.067,"Break in series",,"Break in series: Methodology revised","Repository: ILO-STATISTICS - Micro data processing"
"United Kingdom of Great Britain and Northern Ireland","LFS - EU Labour Force Survey","SDG indicator 5.5.2 - Proportion of women in managerial positions (%)","2004",33.072,,,,"Repository: ILO-STATISTICS - Micro data processing"
"United Kingdom of Great Britain and Northern Ireland","LFS - EU Labour Force Survey","SDG indicator 5.5.2 - Proportion of women in managerial positions (%)","2003",32.302,,,,"Repository: ILO-STATISTICS - Micro data processing"
"United Kingdom of Great Britain and Northern Ireland","LFS - EU Labour Force Survey","SDG indicator 5.5.2 - Proportion of women in managerial positions (%)","2002",32.499,,,,"Repository: ILO-STATISTICS - Micro data processing"
"United Kingdom of Great Britain and Northern Ireland","LFS - EU Labour Force Survey","SDG indicator 5.5.2 - Proportion of women in managerial positions (%)","2001",30.852,,,,"Repository: ILO-STATISTICS - Micro data processing"
"United Kingdom of Great Britain and Northern Ireland","LFS - EU Labour Force Survey","SDG indicator 5.5.2 - Proportion of women in managerial positions (%)","2000",34.501,,,,"Repository: ILO-STATISTICS - Micro data processing"
"Georgia","LFS - Labour Force Survey","SDG indicator 5.5.2 - Proportion of women in managerial positions (%)","2020",36.125,"Break in series",,"Break in series: Methodology revised","Repository: ILO-STATISTICS - Micro data processing"
"Georgia","LFS - Labour Force Survey","SDG indicator 5.5.2 - Proportion of women in managerial positions (%)","2019",36.652,,,,"Repository: ILO-STATISTICS - Micro data processing"
"Georgia","LFS - Labour Force Survey","SDG indicator 5.5.2 - Proportion of women in managerial positions (%)","2018",35.683,,,,"Repository: ILO-STATISTICS - Micro data processing"
"Georgia","LFS - Labour Force Survey","SDG indicator 5.5.2 - Proportion of women in managerial positions (%)","2017",31.992,,,,"Repository: ILO-STATISTICS - Micro data processing"
"Georgia","HS - Integrated Household Survey","SDG indicator 5.5.2 - Proportion of women in managerial positions (%)","2016",44.175,,,,"Repository: ILO-STATISTICS - Micro data processing"
"Georgia","HS - Integrated Household Survey","SDG indicator 5.5.2 - Proportion of women in managerial positions (%)","2015",38.785,,,,"Repository: ILO-STATISTICS - Micro data processing"
"Georgia","HS - Integrated Household Survey","SDG indicator 5.5.2 - Proportion of women in managerial positions (%)","2014",33.755,,,,"Repository: ILO-STATISTICS - Micro data processing"
"Georgia","HS - Integrated Household Survey","SDG indicator 5.5.2 - Proportion of women in managerial positions (%)","2013",32.751,,,,"Repository: ILO-STATISTICS - Micro data processing"
"Georgia","HS - Integrated Household Survey","SDG indicator 5.5.2 - Proportion of women in managerial positions (%)","2012",31.007,,,,"Repository: ILO-STATISTICS - Micro data processing"
"Georgia","HS - Integrated Household Survey","SDG indicator 5.5.2 - Proportion of women in managerial positions (%)","2011",33.525,,,,"Repository: ILO-STATISTICS - Micro data processing"
"Georgia","HS - Integrated Household Survey","SDG indicator 5.5.2 - Proportion of women in managerial positions (%)","2010",29.767,,,,"Repository: ILO-STATISTICS - Micro data processing"
"Georgia","HS - Integrated Household Survey","SDG indicator 5.5.2 - Proportion of women in managerial positions (%)","2009",29.987,"Break in series",,"Break in series: Methodology revised","Repository: ILO-STATISTICS - Micro data processing"
"Georgia","HS - Integrated Household Survey","SDG indicator 5.5.2 - Proportion of women in managerial positions (%)","2007",33.993,,,,"Population coverage: Excluding armed forces and/or conscripts"
"Georgia","HS - Integrated Household Survey","SDG indicator 5.5.2 - Proportion of women in managerial positions (%)","2006",32.514,,,,"Population coverage: Excluding armed forces and/or conscripts"
"Georgia","HS - Integrated Household Survey","SDG indicator 5.5.2 - Proportion of women in managerial positions (%)","2005",26.263,,,,"Population coverage: Excluding armed forces and/or conscripts"
"Georgia","HS - Integrated Household Survey","SDG indicator 5.5.2 - Proportion of women in managerial positions (%)","2004",25.551,,,,"Population coverage: Excluding armed forces and/or conscripts"
"Georgia","HS - Integrated Household Survey","SDG indicator 5.5.2 - Proportion of women in managerial positions (%)","2003",28.351,,,,"Population coverage: Excluding armed forces and/or conscripts"
"Georgia","HS - Integrated Household Survey","SDG indicator 5.5.2 - Proportion of women in managerial positions (%)","2002",27.51,,,,"Population coverage: Excluding armed forces and/or conscripts"
"Georgia","HS - Integrated Household Survey","SDG indicator 5.5.2 - Proportion of women in managerial positions (%)","2001",23.442,,,,"Population coverage: Excluding armed forces and/or conscripts"
"Georgia","HS - Integrated Household Survey","SDG indicator 5.5.2 - Proportion of women in managerial positions (%)","2000",18.979,,,,"Population coverage: Excluding armed forces and/or conscripts"
"Ghana","HIES - Household Income and Expenditure Survey","SDG indicator 5.5.2 - Proportion of women in managerial positions (%)","2022",46.362,,,,"Repository: ILO-STATISTICS - Micro data processing"
"Ghana","PC - Population Census","SDG indicator 5.5.2 - Proportion of women in managerial positions (%)","2021",36.124,,,,"Repository: ILO-STATISTICS - Micro data processing"
"Ghana","HIES - Living Standards Survey","SDG indicator 5.5.2 - Proportion of women in managerial positions (%)","2017",33.725,"Break in series",,"Break in series: Methodology revised","Repository: ILO-STATISTICS - Micro data processing"
"Ghana","LFS - Labour Force Survey","SDG indicator 5.5.2 - Proportion of women in managerial positions (%)","2015",41.79,"Break in series",,"Break in series: Methodology revised","Repository: ILO-STATISTICS - Micro data processing"
"Ghana","HIES - Living Standards Survey","SDG indicator 5.5.2 - Proportion of women in managerial positions (%)","2013",40.775,"Break in series",,"Break in series: Methodology revised","Repository: ILO-STATISTICS - Micro data processing"
"Ghana","PC - Population Census","SDG indicator 5.5.2 - Proportion of women in managerial positions (%)","2010",50.391,,,,"Repository: ILO-STATISTICS - Micro data processing"
"Ghana","HIES - Living Standards Survey","SDG indicator 5.5.2 - Proportion of women in managerial positions (%)","2006",12.296,"Unreliable",,,"Repository: ILO-STATISTICS - Micro data processing"
"Ghana","PC - Population Census","SDG indicator 5.5.2 - Proportion of women in managerial positions (%)","2000",27.834,,,,"Repository: ILO-STATISTICS - Micro data processing"
"Guinea","LFS - National Survey on Employment and the Informal Sector","SDG indicator 5.5.2 - Proportion of women in managerial positions (%)","2019",23.38,"Unreliable",,,"Repository: ILO-STATISTICS - Micro data processing"
"Gambia","LFS - Labour Force Survey","SDG indicator 5.5.2 - Proportion of women in managerial positions (%)","2023",30.65,,,,"Repository: ILO-STATISTICS - Micro data processing"
"Gambia","LFS - Labour Force Survey","SDG indicator 5.5.2 - Proportion of women in managerial positions (%)","2018",19.577,"Unreliable",,,"Repository: ILO-STATISTICS - Micro data processing"
"Gambia","LFS - Labour Force Survey","SDG indicator 5.5.2 - Proportion of women in managerial positions (%)","2012",33.036,"Unreliable",,,"Repository: ILO-STATISTICS - Micro data processing"
"Guinea-Bissau","HIES - Harmonized Survey on Household Living Conditions","SDG indicator 5.5.2 - Proportion of women in managerial positions (%)","2022",19.89,"Unreliable",,,"Repository: ILO-STATISTICS - Micro data processing"
"Guinea-Bissau","LFS - Integrated Regional Survey on Employment and Informal Sector","SDG indicator 5.5.2 - Proportion of women in managerial positions (%)","2018",50.903,,,,"Repository: ILO-STATISTICS - Micro data processing"
"Greece","LFS - Labour Force Survey","SDG indicator 5.5.2 - Proportion of women in managerial positions (%)","2023",30.596,,,,"Repository: ILO-STATISTICS - Micro data processing"
"Greece","LFS - Labour Force Survey","SDG indicator 5.5.2 - Proportion of women in managerial positions (%)","2022",31.322,,,,"Repository: ILO-STATISTICS - Micro data processing"
"Greece","LFS - Labour Force Survey","SDG indicator 5.5.2 - Proportion of women in managerial positions (%)","2021",29.6,,,,"Repository: ILO-STATISTICS - Micro data processing"
"Greece","LFS - Labour Force Survey","SDG indicator 5.5.2 - Proportion of women in managerial positions (%)","2020",29.284,,,,"Repository: ILO-STATISTICS - Micro data processing"
"Greece","LFS - Labour Force Survey","SDG indicator 5.5.2 - Proportion of women in managerial positions (%)","2019",28.43,,,,"Repository: ILO-STATISTICS - Micro data processing"
"Greece","LFS - Labour Force Survey","SDG indicator 5.5.2 - Proportion of women in managerial positions (%)","2018",27.192,,,,"Repository: ILO-STATISTICS - Micro data processing"
"Greece","LFS - Labour Force Survey","SDG indicator 5.5.2 - Proportion of women in managerial positions (%)","2017",29.45,,,,"Repository: ILO-STATISTICS - Micro data processing"
"Greece","LFS - Labour Force Survey","SDG indicator 5.5.2 - Proportion of women in managerial positions (%)","2016",24.903,,,,"Repository: ILO-STATISTICS - Micro data processing"
"Greece","LFS - Labour Force Survey","SDG indicator 5.5.2 - Proportion of women in managerial positions (%)","2015",25.182,,,,"Repository: ILO-STATISTICS - Micro data processing"
"Greece","LFS - Labour Force Survey","SDG indicator 5.5.2 - Proportion of women in managerial positions (%)","2014",28.106,,,,"Repository: ILO-STATISTICS - Micro data processing"
"Greece","LFS - Labour Force Survey","SDG indicator 5.5.2 - Proportion of women in managerial positions (%)","2013",28.288,,,,"Repository: ILO-STATISTICS - Micro data processing"
"Greece","LFS - Labour Force Survey","SDG indicator 5.5.2 - Proportion of women in managerial positions (%)","2012",25.497,,,,"Repository: ILO-STATISTICS - Micro data processing"
"Greece","LFS - Labour Force Survey","SDG indicator 5.5.2 - Proportion of women in managerial positions (%)","2011",23.291,,,,"Repository: ILO-STATISTICS - Micro data processing"
"Greece","LFS - Labour Force Survey","SDG indicator 5.5.2 - Proportion of women in managerial positions (%)","2010",29.849,,,,"Repository: ILO-STATISTICS - Micro data processing"
"Greece","LFS - Labour Force Survey","SDG indicator 5.5.2 - Proportion of women in managerial positions (%)","2009",29.795,,,,"Repository: ILO-STATISTICS - Micro data processing"
"Greece","LFS - Labour Force Survey","SDG indicator 5.5.2 - Proportion of women in managerial positions (%)","2008",28.299,,,,"Repository: ILO-STATISTICS - Micro data processing"
"Greece","LFS - Labour Force Survey","SDG indicator 5.5.2 - Proportion of women in managerial positions (%)","2007",28.027,,,,"Repository: ILO-STATISTICS - Micro data processing"
"Greece","LFS - Labour Force Survey","SDG indicator 5.5.2 - Proportion of women in managerial positions (%)","2006",26.662,,,,"Repository: ILO-STATISTICS - Micro data processing"
"Greece","LFS - Labour Force Survey","SDG indicator 5.5.2 - Proportion of women in managerial positions (%)","2005",26.36,,,,"Repository: ILO-STATISTICS - Micro data processing"
"Greece","LFS - Labour Force Survey","SDG indicator 5.5.2 - Proportion of women in managerial positions (%)","2004",25.764,,,,"Repository: ILO-STATISTICS - Micro data processing"
"Greece","LFS - Labour Force Survey","SDG indicator 5.5.2 - Proportion of women in managerial positions (%)","2003",26.362,,,,"Repository: ILO-STATISTICS - Micro data processing"
"Greece","LFS - Labour Force Survey","SDG indicator 5.5.2 - Proportion of women in managerial positions (%)","2002",25.332,,,,"Repository: ILO-STATISTICS - Micro data processing"
"Greece","LFS - Labour Force Survey","SDG indicator 5.5.2 - Proportion of women in managerial positions (%)","2001",24.807,,,,"Repository: ILO-STATISTICS - Micro data processing"
"Greece","LFS - Labour Force Survey","SDG indicator 5.5.2 - Proportion of women in managerial positions (%)","2000",25.002,,,,"Repository: ILO-STATISTICS - Micro data processing"
"Grenada","LFS - Labour Force Survey","SDG indicator 5.5.2 - Proportion of women in managerial positions (%)","2023",45.112,,,,"Repository: ILO-STATISTICS - Micro data processing"
"Grenada","LFS - Labour Force Survey","SDG indicator 5.5.2 - Proportion of women in managerial positions (%)","2021",30.876,,,,"Repository: ILO-STATISTICS - Micro data processing"
"Grenada","LFS - Labour Force Survey","SDG indicator 5.5.2 - Proportion of women in managerial positions (%)","2020",33.844,,,,"Repository: ILO-STATISTICS - Micro data processing"
"Grenada","LFS - Labour Force Survey","SDG indicator 5.5.2 - Proportion of women in managerial positions (%)","2019",37.379,,,,"Repository: ILO-STATISTICS - Micro data processing"
"Grenada","LFS - Labour Force Survey","SDG indicator 5.5.2 - Proportion of women in managerial positions (%)","2018",37.003,,,,"Repository: ILO-STATISTICS - Micro data processing"
"Guatemala","HIES - Household Income and Expenditure Survey","SDG indicator 5.5.2 - Proportion of women in managerial positions (%)","2023",40.383,,,,"Repository: ILO-STATISTICS - Micro data processing"
"Guatemala","LFS - Employment and Income Survey","SDG indicator 5.5.2 - Proportion of women in managerial positions (%)","2022",35.308,,,"Unemployment definition: Two criteria (not in employment and seeking)","Repository: ILO-STATISTICS - Micro data processing"
"Guatemala","LFS - Employment and Income Survey","SDG indicator 5.5.2 - Proportion of women in managerial positions (%)","2021",45.854,,,,"Repository: ILO-STATISTICS - Micro data processing"
"Guatemala","LFS - Employment and Income Survey","SDG indicator 5.5.2 - Proportion of women in managerial positions (%)","2019",36.752,,,,"Repository: ILO-STATISTICS - Micro data processing"
"Guatemala","LFS - Employment and Income Survey","SDG indicator 5.5.2 - Proportion of women in managerial positions (%)","2018",34.14,,,,"Repository: ILO-STATISTICS - Micro data processing"
"Guatemala","LFS - Employment and Income Survey","SDG indicator 5.5.2 - Proportion of women in managerial positions (%)","2017",29.723,,,,"Repository: ILO-STATISTICS - Micro data processing"
"Guatemala","LFS - Employment and Income Survey","SDG indicator 5.5.2 - Proportion of women in managerial positions (%)","2016",44.641,,,,"Repository: ILO-STATISTICS - Micro data processing"
"Guatemala","LFS - Employment and Income Survey","SDG indicator 5.5.2 - Proportion of women in managerial positions (%)","2015",31.828,,,,"Repository: ILO-STATISTICS - Micro data processing"
"Guatemala","LFS - Employment and Income Survey","SDG indicator 5.5.2 - Proportion of women in managerial positions (%)","2014",34.54,"Break in series",,"Break in series: Methodology revised","Repository: ILO-STATISTICS - Micro data processing"
"Guatemala","LFS - Employment and Income Survey","SDG indicator 5.5.2 - Proportion of women in managerial positions (%)","2013",34.975,"Break in series",,"Break in series: Methodology revised","Repository: ILO-STATISTICS - Micro data processing"
"Guatemala","LFS - Employment and Income Survey","SDG indicator 5.5.2 - Proportion of women in managerial positions (%)","2012",44.846,,,,"Repository: ILO-STATISTICS - Micro data processing"
"Guatemala","LFS - Employment and Income Survey","SDG indicator 5.5.2 - Proportion of women in managerial positions (%)","2011",58.06,,,,"Repository: ILO-STATISTICS - Micro data processing"
"Guatemala","LFS - Employment and Income Survey","SDG indicator 5.5.2 - Proportion of women in managerial positions (%)","2010",57.537,"Break in series",,"Break in series: Methodology revised","Repository: ILO-STATISTICS - Micro data processing"
"Guatemala","HS - Living Conditions National Survey","SDG indicator 5.5.2 - Proportion of women in managerial positions (%)","2006",32.622,"Break in series",,"Break in series: Methodology revised","Repository: ILO-STATISTICS - Micro data processing"
"Guatemala","LFS - Employment and Income Survey","SDG indicator 5.5.2 - Proportion of women in managerial positions (%)","2004",26.516,"Break in series",,"Break in series: Methodology revised","Repository: ILO-STATISTICS - Micro data processing"
"Guatemala","LFS - Employment and Income Survey","SDG indicator 5.5.2 - Proportion of women in managerial positions (%)","2003",30.667,"Break in series",,"Break in series: Methodology revised","Repository: ILO-STATISTICS - Micro data processing"
"Guatemala","LFS - Employment and Income Survey","SDG indicator 5.5.2 - Proportion of women in managerial positions (%)","2002",36.754,"Break in series",,"Break in series: Methodology revised","Repository: ILO-STATISTICS - Micro data processing"
"Guyana","LFS - Labour Force Survey","SDG indicator 5.5.2 - Proportion of women in managerial positions (%)","2019",46.791,,,,"Repository: ILO-STATISTICS - Micro data processing"
"Guyana","LFS - Labour Force Survey","SDG indicator 5.5.2 - Proportion of women in managerial positions (%)","2018",40.512,"Break in series",,"Break in series: Methodology revised","Repository: ILO-STATISTICS - Micro data processing"
"Guyana","PC - Population Census","SDG indicator 5.5.2 - Proportion of women in managerial positions (%)","2002",25.437,,,,
"Hong Kong, China","LFS - General Household Survey","SDG indicator 5.5.2 - Proportion of women in managerial positions (%)","2023",37.98,,,,"Repository: ILO-STATISTICS - Micro data processing"
"Hong Kong, China","LFS - General Household Survey","SDG indicator 5.5.2 - Proportion of women in managerial positions (%)","2022",38.332,,,,"Repository: ILO-STATISTICS - Micro data processing"
"Hong Kong, China","LFS - General Household Survey","SDG indicator 5.5.2 - Proportion of women in managerial positions (%)","2021",38.393,,,,"Repository: ILO-STATISTICS - Micro data processing"
"Hong Kong, China","LFS - General Household Survey","SDG indicator 5.5.2 - Proportion of women in managerial positions (%)","2020",37.018,,,,"Repository: ILO-STATISTICS - Micro data processing"
"Hong Kong, China","LFS - General Household Survey","SDG indicator 5.5.2 - Proportion of women in managerial positions (%)","2019",35.435,,,,"Repository: ILO-STATISTICS - Micro data processing"
"Hong Kong, China","LFS - General Household Survey","SDG indicator 5.5.2 - Proportion of women in managerial positions (%)","2018",34.616,,,,"Repository: ILO-STATISTICS - Micro data processing"
"Hong Kong, China","LFS - General Household Survey","SDG indicator 5.5.2 - Proportion of women in managerial positions (%)","2017",35.481,,,,"Repository: ILO-STATISTICS - Micro data processing"
"Hong Kong, China","LFS - General Household Survey","SDG indicator 5.5.2 - Proportion of women in managerial positions (%)","2016",32.774,,,,"Repository: ILO-STATISTICS - Micro data processing"
"Hong Kong, China","LFS - General Household Survey","SDG indicator 5.5.2 - Proportion of women in managerial positions (%)","2015",33.052,,,,"Repository: ILO-STATISTICS - Micro data processing"
"Hong Kong, China","LFS - General Household Survey","SDG indicator 5.5.2 - Proportion of women in managerial positions (%)","2014",33.536,,,,"Repository: ILO-STATISTICS - Micro data processing"
"Hong Kong, China","LFS - General Household Survey","SDG indicator 5.5.2 - Proportion of women in managerial positions (%)","2013",30.996,,,,"Repository: ILO-STATISTICS - Micro data processing"
"Hong Kong, China","LFS - General Household Survey","SDG indicator 5.5.2 - Proportion of women in managerial positions (%)","2012",32.929,,,,"Repository: ILO-STATISTICS - Micro data processing"
"Hong Kong, China","LFS - General Household Survey","SDG indicator 5.5.2 - Proportion of women in managerial positions (%)","2011",32.215,,,,"Repository: ILO-STATISTICS - Micro data processing"
"Hong Kong, China","LFS - General Household Survey","SDG indicator 5.5.2 - Proportion of women in managerial positions (%)","2009",29.874,,,,"Population coverage: Excluding institutional population"
"Hong Kong, China","LFS - General Household Survey","SDG indicator 5.5.2 - Proportion of women in managerial positions (%)","2008",29.491,,,,"Population coverage: Excluding both institutional population and armed forces and/or conscripts"
"Hong Kong, China","LFS - General Household Survey","SDG indicator 5.5.2 - Proportion of women in managerial positions (%)","2007",29.775,,,,"Population coverage: Excluding both institutional population and armed forces and/or conscripts"
"Hong Kong, China","LFS - General Household Survey","SDG indicator 5.5.2 - Proportion of women in managerial positions (%)","2006",29.345,,,,"Population coverage: Excluding both institutional population and armed forces and/or conscripts"
"Hong Kong, China","LFS - General Household Survey","SDG indicator 5.5.2 - Proportion of women in managerial positions (%)","2005",27.089,,,,"Population coverage: Excluding both institutional population and armed forces and/or conscripts"
"Hong Kong, China","LFS - General Household Survey","SDG indicator 5.5.2 - Proportion of women in managerial positions (%)","2004",26.935,,,,"Population coverage: Excluding both institutional population and armed forces and/or conscripts"
"Hong Kong, China","LFS - General Household Survey","SDG indicator 5.5.2 - Proportion of women in managerial positions (%)","2003",26.125,,,,"Population coverage: Excluding both institutional population and armed forces and/or conscripts"
"Hong Kong, China","LFS - General Household Survey","SDG indicator 5.5.2 - Proportion of women in managerial positions (%)","2002",25.508,,,,"Population coverage: Excluding both institutional population and armed forces and/or conscripts"
"Hong Kong, China","LFS - General Household Survey","SDG indicator 5.5.2 - Proportion of women in managerial positions (%)","2001",25.736,,,,"Population coverage: Excluding both institutional population and armed forces and/or conscripts"
"Hong Kong, China","LFS - General Household Survey","SDG indicator 5.5.2 - Proportion of women in managerial positions (%)","2000",24.218,,,,"Population coverage: Excluding both institutional population and armed forces and/or conscripts"
"Honduras","HS - Continous Multi-Purpose Household Survey","SDG indicator 5.5.2 - Proportion of women in managerial positions (%)","2023",44.644,,,,"Repository: ILO-STATISTICS - Micro data processing | Data reference period: Second quarter"
"Honduras","HS - Continous Multi-Purpose Household Survey","SDG indicator 5.5.2 - Proportion of women in managerial positions (%)","2022",29.734,,,,"Repository: ILO-STATISTICS - Micro data processing | Data reference period: Second quarter"
"Honduras","HS - Continous Multi-Purpose Household Survey","SDG indicator 5.5.2 - Proportion of women in managerial positions (%)","2021",47.726,,,,"Repository: ILO-STATISTICS - Micro data processing | Data reference period: Second quarter"
"Honduras","HS - Continous Multi-Purpose Household Survey","SDG indicator 5.5.2 - Proportion of women in managerial positions (%)","2020",40.089,"Break in series",,"Break in series: Methodology revised","Repository: ILO-STATISTICS - Micro data processing | Data reference period: Second quarter"
"Honduras","HS - Continous Multi-Purpose Household Survey","SDG indicator 5.5.2 - Proportion of women in managerial positions (%)","2019",50.888,,,,"Repository: ILO-STATISTICS - Micro data processing | Data reference period: Second quarter"
"Honduras","HS - Continous Multi-Purpose Household Survey","SDG indicator 5.5.2 - Proportion of women in managerial positions (%)","2018",51.353,"Break in series",,"Break in series: Methodology revised","Repository: ILO-STATISTICS - Micro data processing | Data reference period: Second quarter"
"Honduras","HS - Continous Multi-Purpose Household Survey","SDG indicator 5.5.2 - Proportion of women in managerial positions (%)","2017",48.426,,,,"Repository: ILO-STATISTICS - Micro data processing | Data reference period: Second quarter"
"Honduras","HS - Continous Multi-Purpose Household Survey","SDG indicator 5.5.2 - Proportion of women in managerial positions (%)","2016",46.965,,,,"Repository: ILO-STATISTICS - Micro data processing"
"Honduras","HS - Continous Multi-Purpose Household Survey","SDG indicator 5.5.2 - Proportion of women in managerial positions (%)","2015",49.144,,,,"Repository: ILO-STATISTICS - Micro data processing"
"Honduras","HS - Continous Multi-Purpose Household Survey","SDG indicator 5.5.2 - Proportion of women in managerial positions (%)","2014",59.933,,,,"Repository: ILO-STATISTICS - Micro data processing"
"Honduras","HS - Continous Multi-Purpose Household Survey","SDG indicator 5.5.2 - Proportion of women in managerial positions (%)","2013",61.301,,,,"Repository: ILO-STATISTICS - Micro data processing"
"Honduras","HS - Continous Multi-Purpose Household Survey","SDG indicator 5.5.2 - Proportion of women in managerial positions (%)","2012",59.529,,,,"Repository: ILO-STATISTICS - Micro data processing"
"Honduras","HS - Continous Multi-Purpose Household Survey","SDG indicator 5.5.2 - Proportion of women in managerial positions (%)","2011",57.099,,,,"Repository: ILO-STATISTICS - Micro data processing"
"Honduras","HS - Continous Multi-Purpose Household Survey","SDG indicator 5.5.2 - Proportion of women in managerial positions (%)","2010",56.233,,,,"Repository: ILO-STATISTICS - Micro data processing"
"Honduras","HS - Continous Multi-Purpose Household Survey","SDG indicator 5.5.2 - Proportion of women in managerial positions (%)","2009",60.882,,,,"Repository: ILO-STATISTICS - Micro data processing"
"Honduras","HS - Continous Multi-Purpose Household Survey","SDG indicator 5.5.2 - Proportion of women in managerial positions (%)","2008",58.79,"Break in series",,"Break in series: Methodology revised","Repository: ILO-STATISTICS - Micro data processing"
"Honduras","HS - Continous Multi-Purpose Household Survey","SDG indicator 5.5.2 - Proportion of women in managerial positions (%)","2007",57.487,,,,"Repository: ILO-STATISTICS - Micro data processing"
"Honduras","HS - Continous Multi-Purpose Household Survey","SDG indicator 5.5.2 - Proportion of women in managerial positions (%)","2006",56.823,,,,"Repository: ILO-STATISTICS - Micro data processing"
"Honduras","HS - Continous Multi-Purpose Household Survey","SDG indicator 5.5.2 - Proportion of women in managerial positions (%)","2005",57.74,"Break in series",,"Break in series: Methodology revised","Repository: ILO-STATISTICS - Micro data processing"
"Croatia","LFS - EU Labour Force Survey","SDG indicator 5.5.2 - Proportion of women in managerial positions (%)","2023",23.87,,,,"Repository: ILO-STATISTICS - Micro data processing"
"Croatia","LFS - EU Labour Force Survey","SDG indicator 5.5.2 - Proportion of women in managerial positions (%)","2022",21.923,,,,"Repository: ILO-STATISTICS - Micro data processing"
"Croatia","LFS - EU Labour Force Survey","SDG indicator 5.5.2 - Proportion of women in managerial positions (%)","2021",28.352,,,,"Repository: ILO-STATISTICS - Micro data processing"
"Croatia","LFS - EU Labour Force Survey","SDG indicator 5.5.2 - Proportion of women in managerial positions (%)","2020",29.181,,,,"Repository: ILO-STATISTICS - Micro data processing"
"Croatia","LFS - EU Labour Force Survey","SDG indicator 5.5.2 - Proportion of women in managerial positions (%)","2019",27.454,,,,"Repository: ILO-STATISTICS - Micro data processing"
"Croatia","LFS - EU Labour Force Survey","SDG indicator 5.5.2 - Proportion of women in managerial positions (%)","2018",30.826,,,,"Repository: ILO-STATISTICS - Micro data processing"
"Croatia","LFS - EU Labour Force Survey","SDG indicator 5.5.2 - Proportion of women in managerial positions (%)","2017",29.292,,,,"Repository: ILO-STATISTICS - Micro data processing"
"Croatia","LFS - EU Labour Force Survey","SDG indicator 5.5.2 - Proportion of women in managerial positions (%)","2016",30.492,,,,"Repository: ILO-STATISTICS - Micro data processing"
"Croatia","LFS - EU Labour Force Survey","SDG indicator 5.5.2 - Proportion of women in managerial positions (%)","2015",26.812,,,,"Repository: ILO-STATISTICS - Micro data processing"
"Croatia","LFS - EU Labour Force Survey","SDG indicator 5.5.2 - Proportion of women in managerial positions (%)","2014",24.172,,,,"Repository: ILO-STATISTICS - Micro data processing"
"Croatia","LFS - EU Labour Force Survey","SDG indicator 5.5.2 - Proportion of women in managerial positions (%)","2013",24.958,,,,"Repository: ILO-STATISTICS - Micro data processing"
"Croatia","LFS - EU Labour Force Survey","SDG indicator 5.5.2 - Proportion of women in managerial positions (%)","2012",25.946,,,,"Repository: ILO-STATISTICS - Micro data processing"
"Croatia","LFS - EU Labour Force Survey","SDG indicator 5.5.2 - Proportion of women in managerial positions (%)","2011",23.946,,,,"Repository: ILO-STATISTICS - Micro data processing"
"Croatia","LFS - EU Labour Force Survey","SDG indicator 5.5.2 - Proportion of women in managerial positions (%)","2010",25.776,,,,"Repository: ILO-STATISTICS - Micro data processing"
"Croatia","LFS - EU Labour Force Survey","SDG indicator 5.5.2 - Proportion of women in managerial positions (%)","2009",25.153,,,,"Repository: ILO-STATISTICS - Micro data processing"
"Croatia","LFS - EU Labour Force Survey","SDG indicator 5.5.2 - Proportion of women in managerial positions (%)","2008",25.442,,,,"Repository: ILO-STATISTICS - Micro data processing"
"Croatia","LFS - EU Labour Force Survey","SDG indicator 5.5.2 - Proportion of women in managerial positions (%)","2007",20.701,,,,"Repository: ILO-STATISTICS - Micro data processing"
"Croatia","LFS - EU Labour Force Survey","SDG indicator 5.5.2 - Proportion of women in managerial positions (%)","2006",25.641,,,,"Repository: ILO-STATISTICS - Micro data processing"
"Croatia","LFS - EU Labour Force Survey","SDG indicator 5.5.2 - Proportion of women in managerial positions (%)","2005",24.028,,,,"Repository: ILO-STATISTICS - Micro data processing"
"Croatia","LFS - EU Labour Force Survey","SDG indicator 5.5.2 - Proportion of women in managerial positions (%)","2004",22.608,,,,"Repository: ILO-STATISTICS - Micro data processing"
"Croatia","LFS - EU Labour Force Survey","SDG indicator 5.5.2 - Proportion of women in managerial positions (%)","2003",24.594,,,,"Repository: ILO-STATISTICS - Micro data processing"
"Croatia","LFS - EU Labour Force Survey","SDG indicator 5.5.2 - Proportion of women in managerial positions (%)","2002",27.097,,,,"Repository: ILO-STATISTICS - Micro data processing"
"Croatia","LFS - EU Labour Force Survey","SDG indicator 5.5.2 - Proportion of women in managerial positions (%)","2001",24.668,,,,"Population coverage: Including armed forces and/or conscripts"
"Croatia","LFS - EU Labour Force Survey","SDG indicator 5.5.2 - Proportion of women in managerial positions (%)","2000",24.664,,,,"Population coverage: Including armed forces and/or conscripts"
"Haiti","PC - Population Census","SDG indicator 5.5.2 - Proportion of women in managerial positions (%)","2003",23.948,,,,"Age coverage - minimum age: 10 years old"
"Hungary","LFS - Labour Force Survey","SDG indicator 5.5.2 - Proportion of women in managerial positions (%)","2023",37.243,,,,"Repository: ILO-STATISTICS - Micro data processing"
"Hungary","LFS - Labour Force Survey","SDG indicator 5.5.2 - Proportion of women in managerial positions (%)","2022",37.505,,,,"Repository: ILO-STATISTICS - Micro data processing"
"Hungary","LFS - Labour Force Survey","SDG indicator 5.5.2 - Proportion of women in managerial positions (%)","2021",36.522,,,,"Repository: ILO-STATISTICS - Micro data processing"
"Hungary","LFS - Labour Force Survey","SDG indicator 5.5.2 - Proportion of women in managerial positions (%)","2020",39.289,,,,"Repository: ILO-STATISTICS - Micro data processing"
"Hungary","LFS - Labour Force Survey","SDG indicator 5.5.2 - Proportion of women in managerial positions (%)","2019",38.745,,,,"Repository: ILO-STATISTICS - Micro data processing"
"Hungary","LFS - Labour Force Survey","SDG indicator 5.5.2 - Proportion of women in managerial positions (%)","2018",38.252,,,,"Repository: ILO-STATISTICS - Micro data processing"
"Hungary","LFS - Labour Force Survey","SDG indicator 5.5.2 - Proportion of women in managerial positions (%)","2017",39.358,,,,"Repository: ILO-STATISTICS - Micro data processing"
"Hungary","LFS - Labour Force Survey","SDG indicator 5.5.2 - Proportion of women in managerial positions (%)","2016",39.361,,,,"Repository: ILO-STATISTICS - Micro data processing"
"Hungary","LFS - Labour Force Survey","SDG indicator 5.5.2 - Proportion of women in managerial positions (%)","2015",40.534,,,,"Repository: ILO-STATISTICS - Micro data processing"
"Hungary","LFS - Labour Force Survey","SDG indicator 5.5.2 - Proportion of women in managerial positions (%)","2014",39.825,,,,"Repository: ILO-STATISTICS - Micro data processing"
"Hungary","LFS - Labour Force Survey","SDG indicator 5.5.2 - Proportion of women in managerial positions (%)","2013",40.813,,,,"Repository: ILO-STATISTICS - Micro data processing"
"Hungary","LFS - Labour Force Survey","SDG indicator 5.5.2 - Proportion of women in managerial positions (%)","2012",38.931,,,,"Repository: ILO-STATISTICS - Micro data processing"
"Hungary","LFS - Labour Force Survey","SDG indicator 5.5.2 - Proportion of women in managerial positions (%)","2011",40.434,,,,"Repository: ILO-STATISTICS - Micro data processing"
"Hungary","LFS - Labour Force Survey","SDG indicator 5.5.2 - Proportion of women in managerial positions (%)","2010",36.478,,,,"Repository: ILO-STATISTICS - Micro data processing"
"Hungary","LFS - Labour Force Survey","SDG indicator 5.5.2 - Proportion of women in managerial positions (%)","2009",36.175,,,,"Repository: ILO-STATISTICS - Micro data processing"
"Hungary","LFS - Labour Force Survey","SDG indicator 5.5.2 - Proportion of women in managerial positions (%)","2008",36.5,,,,"Repository: ILO-STATISTICS - Micro data processing"
"Hungary","LFS - Labour Force Survey","SDG indicator 5.5.2 - Proportion of women in managerial positions (%)","2007",35.356,,,,"Repository: ILO-STATISTICS - Micro data processing"
"Hungary","LFS - Labour Force Survey","SDG indicator 5.5.2 - Proportion of women in managerial positions (%)","2006",36.626,,,,"Repository: ILO-STATISTICS - Micro data processing"
"Hungary","LFS - Labour Force Survey","SDG indicator 5.5.2 - Proportion of women in managerial positions (%)","2005",34.758,,,,"Repository: ILO-STATISTICS - Micro data processing"
"Hungary","LFS - Labour Force Survey","SDG indicator 5.5.2 - Proportion of women in managerial positions (%)","2004",33.663,,,,"Repository: ILO-STATISTICS - Micro data processing"
"Hungary","LFS - Labour Force Survey","SDG indicator 5.5.2 - Proportion of women in managerial positions (%)","2003",34.164,,,,"Repository: ILO-STATISTICS - Micro data processing"
"Hungary","LFS - Labour Force Survey","SDG indicator 5.5.2 - Proportion of women in managerial positions (%)","2002",35.736,,,,"Repository: ILO-STATISTICS - Micro data processing"
"Hungary","LFS - Labour Force Survey","SDG indicator 5.5.2 - Proportion of women in managerial positions (%)","2001",35.356,,,,"Repository: ILO-STATISTICS - Micro data processing"
"Hungary","LFS - Labour Force Survey","SDG indicator 5.5.2 - Proportion of women in managerial positions (%)","2000",33.526,,,,"Repository: ILO-STATISTICS - Micro data processing"
"Indonesia","LFS - National Labour Force Survey","SDG indicator 5.5.2 - Proportion of women in managerial positions (%)","2023",33.088,,,,"Repository: ILO-STATISTICS - Micro data processing"
"Indonesia","LFS - National Labour Force Survey","SDG indicator 5.5.2 - Proportion of women in managerial positions (%)","2022",31.665,,,,"Repository: ILO-STATISTICS - Micro data processing"
"Indonesia","LFS - National Labour Force Survey","SDG indicator 5.5.2 - Proportion of women in managerial positions (%)","2021",32.438,"Break in series",,"Break in series: Methodology revised","Repository: ILO-STATISTICS - Micro data processing"
"Indonesia","LFS - National Labour Force Survey","SDG indicator 5.5.2 - Proportion of women in managerial positions (%)","2020",32.614,,,,"Repository: ILO-STATISTICS - Micro data processing"
"Indonesia","LFS - National Labour Force Survey","SDG indicator 5.5.2 - Proportion of women in managerial positions (%)","2019",29.567,,,,"Repository: ILO-STATISTICS - Micro data processing"
"Indonesia","LFS - National Labour Force Survey","SDG indicator 5.5.2 - Proportion of women in managerial positions (%)","2017",27.459,,,,"Repository: ILO-STATISTICS - Micro data processing"
"Indonesia","LFS - National Labour Force Survey","SDG indicator 5.5.2 - Proportion of women in managerial positions (%)","2016",44.78,,,,"Repository: ILO-STATISTICS - Micro data processing"
"Indonesia","LFS - National Labour Force Survey","SDG indicator 5.5.2 - Proportion of women in managerial positions (%)","2015",22.379,,,,"Repository: ILO-STATISTICS - Micro data processing"
"Indonesia","LFS - National Labour Force Survey","SDG indicator 5.5.2 - Proportion of women in managerial positions (%)","2014",23.476,,,,"Repository: ILO-STATISTICS - Micro data processing"
"Indonesia","LFS - National Labour Force Survey","SDG indicator 5.5.2 - Proportion of women in managerial positions (%)","2013",21.604,"Break in series",,"Break in series: Methodology revised","Repository: ILO-STATISTICS - Micro data processing"
"Indonesia","LFS - National Labour Force Survey","SDG indicator 5.5.2 - Proportion of women in managerial positions (%)","2012",19.287,,,,"Repository: ILO-STATISTICS - Micro data processing"
"Indonesia","LFS - National Labour Force Survey","SDG indicator 5.5.2 - Proportion of women in managerial positions (%)","2010",20.875,,,,"Repository: ILO-STATISTICS - Micro data processing"
"Indonesia","LFS - National Labour Force Survey","SDG indicator 5.5.2 - Proportion of women in managerial positions (%)","2009",19.204,,,,"Repository: ILO-STATISTICS - Micro data processing"
"Indonesia","LFS - National Labour Force Survey","SDG indicator 5.5.2 - Proportion of women in managerial positions (%)","2008",21.343,"Break in series",,"Break in series: Methodology revised","Repository: ILO-STATISTICS - Micro data processing"
"Indonesia","LFS - National Labour Force Survey","SDG indicator 5.5.2 - Proportion of women in managerial positions (%)","2007",19.71,,,,"Repository: ILO-STATISTICS - Micro data processing"
"Isle of Man","PC - Population Census","SDG indicator 5.5.2 - Proportion of women in managerial positions (%)","2016",38.322,,,,"Population coverage: Nationals, residents | Age coverage - minimum age: 16 years old | Age coverage - maximum age: 65 for men and 63 for women"
"Isle of Man","PC - Population Census","SDG indicator 5.5.2 - Proportion of women in managerial positions (%)","2011",33.381,,,,"Data reference period: March"
"India","LFS - Periodic Labour Force Survey","SDG indicator 5.5.2 - Proportion of women in managerial positions (%)","2023",12.582,,,,"Repository: ILO-STATISTICS - Micro data processing"
"India","LFS - Periodic Labour Force Survey","SDG indicator 5.5.2 - Proportion of women in managerial positions (%)","2022",15.935,,,,"Repository: ILO-STATISTICS - Micro data processing"
"India","LFS - Periodic Labour Force Survey","SDG indicator 5.5.2 - Proportion of women in managerial positions (%)","2021",16.64,,,,"Repository: ILO-STATISTICS - Micro data processing"
"India","LFS - Periodic Labour Force Survey","SDG indicator 5.5.2 - Proportion of women in managerial positions (%)","2020",17.191,,,,"Repository: ILO-STATISTICS - Micro data processing"
"India","LFS - Periodic Labour Force Survey","SDG indicator 5.5.2 - Proportion of women in managerial positions (%)","2019",16.917,,,,"Repository: ILO-STATISTICS - Micro data processing"
"India","LFS - Periodic Labour Force Survey","SDG indicator 5.5.2 - Proportion of women in managerial positions (%)","2018",14.134,,,,"Repository: ILO-STATISTICS - Micro data processing"
"India","HS - National Sample Survey","SDG indicator 5.5.2 - Proportion of women in managerial positions (%)","2010",12.105,,,,"Repository: ILO-STATISTICS - Micro data processing"
"India","HS - National Sample Survey","SDG indicator 5.5.2 - Proportion of women in managerial positions (%)","2005",15.217,,,,"Geographical coverage: Total national, excluding some areas"
"India","HS - National Sample Survey","SDG indicator 5.5.2 - Proportion of women in managerial positions (%)","2000",13.955,,,,"Geographical coverage: Total national, excluding some areas"
"Ireland","LFS - EU Labour Force Survey","SDG indicator 5.5.2 - Proportion of women in managerial positions (%)","2023",37.932,,,,"Repository: ILO-STATISTICS - Micro data processing"
"Ireland","LFS - EU Labour Force Survey","SDG indicator 5.5.2 - Proportion of women in managerial positions (%)","2022",37.873,,,,"Repository: ILO-STATISTICS - Micro data processing"
"Ireland","LFS - EU Labour Force Survey","SDG indicator 5.5.2 - Proportion of women in managerial positions (%)","2021",38.195,,,,"Repository: ILO-STATISTICS - Micro data processing"
"Ireland","LFS - EU Labour Force Survey","SDG indicator 5.5.2 - Proportion of women in managerial positions (%)","2020",36.346,,,,"Repository: ILO-STATISTICS - Micro data processing"
"Ireland","LFS - EU Labour Force Survey","SDG indicator 5.5.2 - Proportion of women in managerial positions (%)","2019",35.278,,,,"Repository: ILO-STATISTICS - Micro data processing"
"Ireland","LFS - EU Labour Force Survey","SDG indicator 5.5.2 - Proportion of women in managerial positions (%)","2018",36.026,,,,"Repository: ILO-STATISTICS - Micro data processing"
"Ireland","LFS - EU Labour Force Survey","SDG indicator 5.5.2 - Proportion of women in managerial positions (%)","2017",36.193,,,,"Repository: ILO-STATISTICS - Micro data processing"
"Ireland","LFS - EU Labour Force Survey","SDG indicator 5.5.2 - Proportion of women in managerial positions (%)","2016",36.222,,,,"Repository: ILO-STATISTICS - Micro data processing"
"Ireland","LFS - EU Labour Force Survey","SDG indicator 5.5.2 - Proportion of women in managerial positions (%)","2015",34.62,,,,"Repository: ILO-STATISTICS - Micro data processing"
"Ireland","LFS - EU Labour Force Survey","SDG indicator 5.5.2 - Proportion of women in managerial positions (%)","2014",33.685,,,,"Repository: ILO-STATISTICS - Micro data processing"
"Ireland","LFS - EU Labour Force Survey","SDG indicator 5.5.2 - Proportion of women in managerial positions (%)","2013",33.314,,,,"Repository: ILO-STATISTICS - Micro data processing"
"Ireland","LFS - EU Labour Force Survey","SDG indicator 5.5.2 - Proportion of women in managerial positions (%)","2012",33.166,,,,"Repository: ILO-STATISTICS - Micro data processing"
"Ireland","LFS - EU Labour Force Survey","SDG indicator 5.5.2 - Proportion of women in managerial positions (%)","2011",33.753,,,,"Repository: ILO-STATISTICS - Micro data processing"
"Ireland","LFS - EU Labour Force Survey","SDG indicator 5.5.2 - Proportion of women in managerial positions (%)","2010",39.138,,,,"Repository: ILO-STATISTICS - Micro data processing"
"Ireland","LFS - EU Labour Force Survey","SDG indicator 5.5.2 - Proportion of women in managerial positions (%)","2009",39.519,,,,"Repository: ILO-STATISTICS - Micro data processing"
"Ireland","LFS - EU Labour Force Survey","SDG indicator 5.5.2 - Proportion of women in managerial positions (%)","2008",39.875,,,,"Repository: ILO-STATISTICS - Micro data processing"
"Ireland","LFS - EU Labour Force Survey","SDG indicator 5.5.2 - Proportion of women in managerial positions (%)","2007",38.593,,,,"Repository: ILO-STATISTICS - Micro data processing"
"Ireland","LFS - EU Labour Force Survey","SDG indicator 5.5.2 - Proportion of women in managerial positions (%)","2006",30.762,,,,"Repository: ILO-STATISTICS - Micro data processing"
"Ireland","LFS - EU Labour Force Survey","SDG indicator 5.5.2 - Proportion of women in managerial positions (%)","2005",30.624,,,,"Repository: ILO-STATISTICS - Micro data processing"
"Ireland","LFS - EU Labour Force Survey","SDG indicator 5.5.2 - Proportion of women in managerial positions (%)","2004",28.707,,,,"Repository: ILO-STATISTICS - Micro data processing"
"Ireland","LFS - EU Labour Force Survey","SDG indicator 5.5.2 - Proportion of women in managerial positions (%)","2003",28.69,,,,"Repository: ILO-STATISTICS - Micro data processing"
"Ireland","LFS - EU Labour Force Survey","SDG indicator 5.5.2 - Proportion of women in managerial positions (%)","2002",27.265,,,,"Repository: ILO-STATISTICS - Micro data processing"
"Ireland","LFS - EU Labour Force Survey","SDG indicator 5.5.2 - Proportion of women in managerial positions (%)","2001",27.529,,,,"Repository: ILO-STATISTICS - Micro data processing"
"Ireland","LFS - EU Labour Force Survey","SDG indicator 5.5.2 - Proportion of women in managerial positions (%)","2000",26.28,,,,"Repository: ILO-STATISTICS - Micro data processing"
"Iran (Islamic Republic of)","LFS - Labour Force Survey","SDG indicator 5.5.2 - Proportion of women in managerial positions (%)","2023",19.197,,,,"Repository: ILO-STATISTICS - Micro data processing"
"Iran (Islamic Republic of)","LFS - Labour Force Survey","SDG indicator 5.5.2 - Proportion of women in managerial positions (%)","2022",18.351,,,,"Repository: ILO-STATISTICS - Micro data processing"
"Iran (Islamic Republic of)","LFS - Labour Force Survey","SDG indicator 5.5.2 - Proportion of women in managerial positions (%)","2021",18.98,,,,"Repository: ILO-STATISTICS - Micro data processing"
"Iran (Islamic Republic of)","LFS - Labour Force Survey","SDG indicator 5.5.2 - Proportion of women in managerial positions (%)","2020",17.978,,,,"Repository: ILO-STATISTICS - Micro data processing"
"Iran (Islamic Republic of)","LFS - Labour Force Survey","SDG indicator 5.5.2 - Proportion of women in managerial positions (%)","2019",18.854,,,,"Repository: ILO-STATISTICS - Micro data processing"
"Iran (Islamic Republic of)","LFS - Labour Force Survey","SDG indicator 5.5.2 - Proportion of women in managerial positions (%)","2018",20.482,"Break in series",,"Break in series: Methodology revised","Repository: ILO-STATISTICS - Micro data processing"
"Iran (Islamic Republic of)","LFS - Labour Force Survey","SDG indicator 5.5.2 - Proportion of women in managerial positions (%)","2017",19.059,,,,"Repository: ILO-STATISTICS - Micro data processing"
"Iran (Islamic Republic of)","LFS - Labour Force Survey","SDG indicator 5.5.2 - Proportion of women in managerial positions (%)","2016",17.29,,,,"Repository: ILO-STATISTICS - Micro data processing"
"Iran (Islamic Republic of)","LFS - Labour Force Survey","SDG indicator 5.5.2 - Proportion of women in managerial positions (%)","2015",16.419,,,,"Repository: ILO-STATISTICS - Micro data processing"
"Iran (Islamic Republic of)","LFS - Labour Force Survey","SDG indicator 5.5.2 - Proportion of women in managerial positions (%)","2014",18.215,,,,"Repository: ILO-STATISTICS - Micro data processing"
"Iran (Islamic Republic of)","LFS - Labour Force Survey","SDG indicator 5.5.2 - Proportion of women in managerial positions (%)","2013",15.178,,,,"Repository: ILO-STATISTICS - Micro data processing"
"Iran (Islamic Republic of)","LFS - Labour Force Survey","SDG indicator 5.5.2 - Proportion of women in managerial positions (%)","2012",17.097,,,,"Repository: ILO-STATISTICS - Micro data processing"
"Iran (Islamic Republic of)","LFS - Labour Force Survey","SDG indicator 5.5.2 - Proportion of women in managerial positions (%)","2011",13.974,,,,"Repository: ILO-STATISTICS - Micro data processing"
"Iran (Islamic Republic of)","LFS - Labour Force Survey","SDG indicator 5.5.2 - Proportion of women in managerial positions (%)","2010",14.607,,,,"Repository: ILO-STATISTICS - Micro data processing"
"Iran (Islamic Republic of)","LFS - Labour Force Survey","SDG indicator 5.5.2 - Proportion of women in managerial positions (%)","2009",11.785,,,,"Repository: ILO-STATISTICS - Micro data processing"
"Iran (Islamic Republic of)","LFS - Labour Force Survey","SDG indicator 5.5.2 - Proportion of women in managerial positions (%)","2008",13.228,,,,"Repository: ILO-STATISTICS - Micro data processing"
"Iraq","LFS - Labour Force Survey","SDG indicator 5.5.2 - Proportion of women in managerial positions (%)","2021",15.002,,,,"Repository: ILO-STATISTICS - Micro data processing"
"Iraq","HIES - Household Socio-Economic Survey","SDG indicator 5.5.2 - Proportion of women in managerial positions (%)","2012",21.843,,,,"Repository: ILO-STATISTICS - Micro data processing"
"Iraq","HIES - Household Socio-Economic Survey","SDG indicator 5.5.2 - Proportion of women in managerial positions (%)","2007",11.754,"Break in series",,"Break in series: Methodology revised","Repository: ILO-STATISTICS - Micro data processing"
"Iceland","LFS - EU Labour Force Survey","SDG indicator 5.5.2 - Proportion of women in managerial positions (%)","2023",36.8,,,,"Repository: ILO-STATISTICS - Micro data processing"
"Iceland","LFS - EU Labour Force Survey","SDG indicator 5.5.2 - Proportion of women in managerial positions (%)","2022",39.622,,,,"Repository: ILO-STATISTICS - Micro data processing"
"Iceland","LFS - EU Labour Force Survey","SDG indicator 5.5.2 - Proportion of women in managerial positions (%)","2021",37.64,,,,"Repository: ILO-STATISTICS - Micro data processing"
"Iceland","LFS - EU Labour Force Survey","SDG indicator 5.5.2 - Proportion of women in managerial positions (%)","2020",38.643,,,,"Repository: ILO-STATISTICS - Micro data processing"
"Iceland","LFS - EU Labour Force Survey","SDG indicator 5.5.2 - Proportion of women in managerial positions (%)","2019",41.903,,,,"Repository: ILO-STATISTICS - Micro data processing"
"Iceland","LFS - EU Labour Force Survey","SDG indicator 5.5.2 - Proportion of women in managerial positions (%)","2018",41.458,,,,"Repository: ILO-STATISTICS - Micro data processing"
"Iceland","LFS - EU Labour Force Survey","SDG indicator 5.5.2 - Proportion of women in managerial positions (%)","2017",32.375,,,,"Repository: ILO-STATISTICS - Micro data processing"
"Iceland","LFS - EU Labour Force Survey","SDG indicator 5.5.2 - Proportion of women in managerial positions (%)","2016",34.151,,,,"Repository: ILO-STATISTICS - Micro data processing"
"Iceland","LFS - EU Labour Force Survey","SDG indicator 5.5.2 - Proportion of women in managerial positions (%)","2015",38.237,,,,"Repository: ILO-STATISTICS - Micro data processing"
"Iceland","LFS - EU Labour Force Survey","SDG indicator 5.5.2 - Proportion of women in managerial positions (%)","2014",37.163,,,,"Repository: ILO-STATISTICS - Micro data processing"
"Iceland","LFS - EU Labour Force Survey","SDG indicator 5.5.2 - Proportion of women in managerial positions (%)","2013",37.557,,,,"Repository: ILO-STATISTICS - Micro data processing"
"Iceland","LFS - EU Labour Force Survey","SDG indicator 5.5.2 - Proportion of women in managerial positions (%)","2012",39.895,,,,"Repository: ILO-STATISTICS - Micro data processing"
"Iceland","LFS - EU Labour Force Survey","SDG indicator 5.5.2 - Proportion of women in managerial positions (%)","2011",39.783,,,,"Repository: ILO-STATISTICS - Micro data processing"
"Iceland","LFS - EU Labour Force Survey","SDG indicator 5.5.2 - Proportion of women in managerial positions (%)","2010",34.296,,,,"Repository: ILO-STATISTICS - Micro data processing"
"Iceland","LFS - EU Labour Force Survey","SDG indicator 5.5.2 - Proportion of women in managerial positions (%)","2009",33.609,,,,"Repository: ILO-STATISTICS - Micro data processing"
"Iceland","LFS - EU Labour Force Survey","SDG indicator 5.5.2 - Proportion of women in managerial positions (%)","2008",32.901,,,,"Repository: ILO-STATISTICS - Micro data processing"
"Iceland","LFS - EU Labour Force Survey","SDG indicator 5.5.2 - Proportion of women in managerial positions (%)","2007",29.694,,,,"Repository: ILO-STATISTICS - Micro data processing"
"Iceland","LFS - EU Labour Force Survey","SDG indicator 5.5.2 - Proportion of women in managerial positions (%)","2006",29.35,,,,"Repository: ILO-STATISTICS - Micro data processing"
"Iceland","LFS - EU Labour Force Survey","SDG indicator 5.5.2 - Proportion of women in managerial positions (%)","2005",27.379,,,,"Repository: ILO-STATISTICS - Micro data processing"
"Iceland","LFS - EU Labour Force Survey","SDG indicator 5.5.2 - Proportion of women in managerial positions (%)","2004",33.597,,,,"Repository: ILO-STATISTICS - Micro data processing"
"Iceland","LFS - EU Labour Force Survey","SDG indicator 5.5.2 - Proportion of women in managerial positions (%)","2003",37.014,,,,"Repository: ILO-STATISTICS - Micro data processing"
"Iceland","LFS - EU Labour Force Survey","SDG indicator 5.5.2 - Proportion of women in managerial positions (%)","2002",29.383,,,,"Repository: ILO-STATISTICS - Micro data processing"
"Iceland","LFS - EU Labour Force Survey","SDG indicator 5.5.2 - Proportion of women in managerial positions (%)","2001",28.894,,,,"Repository: ILO-STATISTICS - Micro data processing"
"Iceland","LFS - EU Labour Force Survey","SDG indicator 5.5.2 - Proportion of women in managerial positions (%)","2000",29.008,,,,"Repository: ILO-STATISTICS - Micro data processing"
"Israel","LFS - Labour Force Survey","SDG indicator 5.5.2 - Proportion of women in managerial positions (%)","2023",30.708,,,,"Repository: ILO-STATISTICS - Micro data processing"
"Israel","LFS - Labour Force Survey","SDG indicator 5.5.2 - Proportion of women in managerial positions (%)","2022",31.84,,,,"Repository: ILO-STATISTICS - Micro data processing"
"Israel","LFS - Labour Force Survey","SDG indicator 5.5.2 - Proportion of women in managerial positions (%)","2021",29.046,,,,"Repository: ILO-STATISTICS - Micro data processing"
"Israel","LFS - Labour Force Survey","SDG indicator 5.5.2 - Proportion of women in managerial positions (%)","2020",28.012,,,,"Repository: ILO-STATISTICS - Micro data processing"
"Israel","LFS - Labour Force Survey","SDG indicator 5.5.2 - Proportion of women in managerial positions (%)","2019",30.369,,,,"Repository: ILO-STATISTICS - Micro data processing"
"Israel","LFS - Labour Force Survey","SDG indicator 5.5.2 - Proportion of women in managerial positions (%)","2018",33.85,,,,"Repository: ILO-STATISTICS - Micro data processing"
"Israel","LFS - Labour Force Survey","SDG indicator 5.5.2 - Proportion of women in managerial positions (%)","2017",34.555,,,,"Repository: ILO-STATISTICS - Micro data processing"
"Israel","LFS - Labour Force Survey","SDG indicator 5.5.2 - Proportion of women in managerial positions (%)","2016",34.154,,,,"Repository: ILO-STATISTICS - Micro data processing"
"Israel","LFS - Labour Force Survey","SDG indicator 5.5.2 - Proportion of women in managerial positions (%)","2015",32.266,,,,"Repository: ILO-STATISTICS - Micro data processing"
"Israel","LFS - Labour Force Survey","SDG indicator 5.5.2 - Proportion of women in managerial positions (%)","2014",32.87,,,,"Repository: ILO-STATISTICS - Micro data processing"
"Israel","LFS - Labour Force Survey","SDG indicator 5.5.2 - Proportion of women in managerial positions (%)","2013",32.684,,,,"Repository: ILO-STATISTICS - Micro data processing"
"Israel","LFS - Labour Force Survey","SDG indicator 5.5.2 - Proportion of women in managerial positions (%)","2012",32.097,"Break in series",,"Break in series: Methodology revised","Repository: ILO-STATISTICS - Micro data processing"
"Israel","LFS - Labour Force Survey","SDG indicator 5.5.2 - Proportion of women in managerial positions (%)","2011",35.455,,,,
"Israel","LFS - Labour Force Survey","SDG indicator 5.5.2 - Proportion of women in managerial positions (%)","2010",34.749,,,,
"Israel","LFS - Labour Force Survey","SDG indicator 5.5.2 - Proportion of women in managerial positions (%)","2009",31.169,,,,
"Israel","LFS - Labour Force Survey","SDG indicator 5.5.2 - Proportion of women in managerial positions (%)","2008",32.12,,,,"Population coverage: Excluding armed forces and/or conscripts"
"Israel","LFS - Labour Force Survey","SDG indicator 5.5.2 - Proportion of women in managerial positions (%)","2007",29.726,,,,"Population coverage: Excluding armed forces and/or conscripts"
"Israel","LFS - Labour Force Survey","SDG indicator 5.5.2 - Proportion of women in managerial positions (%)","2006",30.122,,,,"Population coverage: Excluding armed forces and/or conscripts"
"Israel","LFS - Labour Force Survey","SDG indicator 5.5.2 - Proportion of women in managerial positions (%)","2005",27.59,,,,"Population coverage: Excluding armed forces and/or conscripts"
"Israel","LFS - Labour Force Survey","SDG indicator 5.5.2 - Proportion of women in managerial positions (%)","2004",28.669,,,,"Population coverage: Excluding armed forces and/or conscripts"
"Israel","LFS - Labour Force Survey","SDG indicator 5.5.2 - Proportion of women in managerial positions (%)","2003",29.571,,,,"Population coverage: Excluding armed forces and/or conscripts"
"Israel","LFS - Labour Force Survey","SDG indicator 5.5.2 - Proportion of women in managerial positions (%)","2002",26.881,,,,"Population coverage: Excluding armed forces and/or conscripts"
"Israel","LFS - Labour Force Survey","SDG indicator 5.5.2 - Proportion of women in managerial positions (%)","2001",27.145,,,,"Population coverage: Excluding armed forces and/or conscripts"
"Israel","LFS - Labour Force Survey","SDG indicator 5.5.2 - Proportion of women in managerial positions (%)","2000",27.176,,,,"Population coverage: Excluding armed forces and/or conscripts"
"Italy","LFS - EU Labour Force Survey","SDG indicator 5.5.2 - Proportion of women in managerial positions (%)","2023",27.963,,,,"Repository: ILO-STATISTICS - Micro data processing"
"Italy","LFS - EU Labour Force Survey","SDG indicator 5.5.2 - Proportion of women in managerial positions (%)","2022",27.879,,,,"Repository: ILO-STATISTICS - Micro data processing"
"Italy","LFS - EU Labour Force Survey","SDG indicator 5.5.2 - Proportion of women in managerial positions (%)","2021",28.609,,,,"Repository: ILO-STATISTICS - Micro data processing"
"Italy","LFS - EU Labour Force Survey","SDG indicator 5.5.2 - Proportion of women in managerial positions (%)","2020",27.431,,,,"Repository: ILO-STATISTICS - Micro data processing"
"Italy","LFS - EU Labour Force Survey","SDG indicator 5.5.2 - Proportion of women in managerial positions (%)","2019",27.664,,,,"Repository: ILO-STATISTICS - Micro data processing"
"Italy","LFS - EU Labour Force Survey","SDG indicator 5.5.2 - Proportion of women in managerial positions (%)","2018",26.952,,,,"Repository: ILO-STATISTICS - Micro data processing"
"Italy","LFS - EU Labour Force Survey","SDG indicator 5.5.2 - Proportion of women in managerial positions (%)","2017",27.498,,,,"Repository: ILO-STATISTICS - Micro data processing"
"Italy","LFS - EU Labour Force Survey","SDG indicator 5.5.2 - Proportion of women in managerial positions (%)","2016",27.677,,,,"Repository: ILO-STATISTICS - Micro data processing"
"Italy","LFS - EU Labour Force Survey","SDG indicator 5.5.2 - Proportion of women in managerial positions (%)","2015",26.574,,,,"Repository: ILO-STATISTICS - Micro data processing"
"Italy","LFS - EU Labour Force Survey","SDG indicator 5.5.2 - Proportion of women in managerial positions (%)","2014",26.588,,,,"Repository: ILO-STATISTICS - Micro data processing"
"Italy","LFS - EU Labour Force Survey","SDG indicator 5.5.2 - Proportion of women in managerial positions (%)","2013",27.007,,,,"Repository: ILO-STATISTICS - Micro data processing"
"Italy","LFS - EU Labour Force Survey","SDG indicator 5.5.2 - Proportion of women in managerial positions (%)","2012",26.03,,,,"Repository: ILO-STATISTICS - Micro data processing"
"Italy","LFS - EU Labour Force Survey","SDG indicator 5.5.2 - Proportion of women in managerial positions (%)","2011",25.078,,,,"Repository: ILO-STATISTICS - Micro data processing"
"Italy","LFS - EU Labour Force Survey","SDG indicator 5.5.2 - Proportion of women in managerial positions (%)","2010",32.844,,,,"Repository: ILO-STATISTICS - Micro data processing"
"Italy","LFS - EU Labour Force Survey","SDG indicator 5.5.2 - Proportion of women in managerial positions (%)","2009",33.771,,,,"Repository: ILO-STATISTICS - Micro data processing"
"Italy","LFS - EU Labour Force Survey","SDG indicator 5.5.2 - Proportion of women in managerial positions (%)","2008",33.386,,,,"Repository: ILO-STATISTICS - Micro data processing"
"Italy","LFS - EU Labour Force Survey","SDG indicator 5.5.2 - Proportion of women in managerial positions (%)","2007",33.693,,,,"Repository: ILO-STATISTICS - Micro data processing"
"Italy","LFS - EU Labour Force Survey","SDG indicator 5.5.2 - Proportion of women in managerial positions (%)","2006",33.009,,,,"Repository: ILO-STATISTICS - Micro data processing"
"Italy","LFS - EU Labour Force Survey","SDG indicator 5.5.2 - Proportion of women in managerial positions (%)","2005",32.496,,,,"Repository: ILO-STATISTICS - Micro data processing"
"Italy","LFS - EU Labour Force Survey","SDG indicator 5.5.2 - Proportion of women in managerial positions (%)","2004",33.304,,,,"Repository: ILO-STATISTICS - Micro data processing"
"Italy","LFS - EU Labour Force Survey","SDG indicator 5.5.2 - Proportion of women in managerial positions (%)","2003",20.838,,,,"Repository: ILO-STATISTICS - Micro data processing"
"Italy","LFS - EU Labour Force Survey","SDG indicator 5.5.2 - Proportion of women in managerial positions (%)","2002",20.188,,,,"Repository: ILO-STATISTICS - Micro data processing"
"Italy","LFS - EU Labour Force Survey","SDG indicator 5.5.2 - Proportion of women in managerial positions (%)","2001",18.757,,,,"Repository: ILO-STATISTICS - Micro data processing"
"Italy","LFS - EU Labour Force Survey","SDG indicator 5.5.2 - Proportion of women in managerial positions (%)","2000",14.324,,,,"Repository: ILO-STATISTICS - Micro data processing"
"Jamaica","LFS - Labour Force Survey","SDG indicator 5.5.2 - Proportion of women in managerial positions (%)","2022",62.101,,,,"Repository: ILO-STATISTICS - Micro data processing"
"Jamaica","LFS - Labour Force Survey","SDG indicator 5.5.2 - Proportion of women in managerial positions (%)","2021",59.855,,,,"Repository: ILO-STATISTICS - Micro data processing"
"Jamaica","LFS - Labour Force Survey","SDG indicator 5.5.2 - Proportion of women in managerial positions (%)","2017",56.687,,,,"Employment definition: Excluding own-use production workers | Population coverage: Excluding both institutional population and armed forces and/or conscripts"
"Jamaica","LFS - Labour Force Survey","SDG indicator 5.5.2 - Proportion of women in managerial positions (%)","2014",63.913,,,,"Repository: ILO-STATISTICS - Micro data processing"
"Jamaica","LFS - Labour Force Survey","SDG indicator 5.5.2 - Proportion of women in managerial positions (%)","2013",63.984,,,,"Repository: ILO-STATISTICS - Micro data processing"
"Jamaica","LFS - Labour Force Survey","SDG indicator 5.5.2 - Proportion of women in managerial positions (%)","2012",62.505,,,,"Repository: ILO-STATISTICS - Micro data processing"
"Jamaica","LFS - Labour Force Survey","SDG indicator 5.5.2 - Proportion of women in managerial positions (%)","2011",60.264,,,,"Repository: ILO-STATISTICS - Micro data processing"
"Jamaica","LFS - Labour Force Survey","SDG indicator 5.5.2 - Proportion of women in managerial positions (%)","2010",63.273,,,,"Repository: ILO-STATISTICS - Micro data processing"
"Jamaica","LFS - Labour Force Survey","SDG indicator 5.5.2 - Proportion of women in managerial positions (%)","2009",61.454,,,,"Repository: ILO-STATISTICS - Micro data processing"
"Jamaica","LFS - Labour Force Survey","SDG indicator 5.5.2 - Proportion of women in managerial positions (%)","2008",61.371,,,,"Repository: ILO-STATISTICS - Micro data processing"
"Jersey","PC - Jersey Census","SDG indicator 5.5.2 - Proportion of women in managerial positions (%)","2001",29.509,,,,"Age coverage - minimum age: 16 years old"
"Jordan","LFS - Employment and Unemployment Survey","SDG indicator 5.5.2 - Proportion of women in managerial positions (%)","2023",52.314,,,,"Repository: ILO-STATISTICS - Micro data processing"
"Jordan","LFS - Employment and Unemployment Survey","SDG indicator 5.5.2 - Proportion of women in managerial positions (%)","2022",47.467,,,,"Repository: ILO-STATISTICS - Micro data processing"
"Jordan","LFS - Employment and Unemployment Survey","SDG indicator 5.5.2 - Proportion of women in managerial positions (%)","2021",57.244,,,,"Repository: ILO-STATISTICS - Micro data processing"
"Jordan","LFS - Employment and Unemployment Survey","SDG indicator 5.5.2 - Proportion of women in managerial positions (%)","2020",60.337,,,,"Repository: ILO-STATISTICS - Micro data processing"
"Jordan","LFS - Employment and Unemployment Survey","SDG indicator 5.5.2 - Proportion of women in managerial positions (%)","2019",61.956,,,,"Repository: ILO-STATISTICS - Micro data processing"
"Jordan","LFS - Employment and Unemployment Survey","SDG indicator 5.5.2 - Proportion of women in managerial positions (%)","2018",58.647,,,,"Repository: ILO-STATISTICS - Micro data processing"
"Jordan","LFS - Employment and Unemployment Survey","SDG indicator 5.5.2 - Proportion of women in managerial positions (%)","2017",63.299,"Break in series",,"Break in series: Methodology revised","Repository: ILO-STATISTICS - Micro data processing"
"Japan","LFS - Labour Force Survey","SDG indicator 5.5.2 - Proportion of women in managerial positions (%)","2024",16.26,,,,
"Japan","LFS - Labour Force Survey","SDG indicator 5.5.2 - Proportion of women in managerial positions (%)","2023",14.634,,,,
"Japan","LFS - Labour Force Survey","SDG indicator 5.5.2 - Proportion of women in managerial positions (%)","2022",13.269,,,,"Repository: ILO-STATISTICS - Micro data processing"
"Japan","LFS - Labour Force Survey","SDG indicator 5.5.2 - Proportion of women in managerial positions (%)","2021",13.115,,,,"Repository: ILO-STATISTICS - Micro data processing"
"Japan","LFS - Labour Force Survey","SDG indicator 5.5.2 - Proportion of women in managerial positions (%)","2020",13.061,,,,"Repository: ILO-STATISTICS - Micro data processing"
"Japan","LFS - Labour Force Survey","SDG indicator 5.5.2 - Proportion of women in managerial positions (%)","2019",14.724,,,,"Repository: ILO-STATISTICS - Micro data processing"
"Japan","LFS - Labour Force Survey","SDG indicator 5.5.2 - Proportion of women in managerial positions (%)","2018",14.384,,,,"Repository: ILO-STATISTICS - Micro data processing"
"Japan","LFS - Labour Force Survey","SDG indicator 5.5.2 - Proportion of women in managerial positions (%)","2017",12.778,,,,"Repository: ILO-STATISTICS - Micro data processing"
"Japan","LFS - Labour Force Survey","SDG indicator 5.5.2 - Proportion of women in managerial positions (%)","2016",13.327,,,,"Repository: ILO-STATISTICS - Micro data processing"
"Japan","LFS - Labour Force Survey","SDG indicator 5.5.2 - Proportion of women in managerial positions (%)","2015",12.047,,,,"Repository: ILO-STATISTICS - Micro data processing"
"Japan","LFS - Labour Force Survey","SDG indicator 5.5.2 - Proportion of women in managerial positions (%)","2014",11.387,,,,"Repository: ILO-STATISTICS - Micro data processing"
"Japan","LFS - Labour Force Survey","SDG indicator 5.5.2 - Proportion of women in managerial positions (%)","2013",10.851,,,,"Repository: ILO-STATISTICS - Micro data processing"
"Japan","LFS - Labour Force Survey","SDG indicator 5.5.2 - Proportion of women in managerial positions (%)","2012",11.307,"Break in series",,"Break in series: Methodology revised","Repository: ILO-STATISTICS - Micro data processing"
"Japan","LFS - Labour Force Survey","SDG indicator 5.5.2 - Proportion of women in managerial positions (%)","2011",11.735,,,,"Repository: ILO-STATISTICS - Micro data processing"
"Japan","LFS - Labour Force Survey","SDG indicator 5.5.2 - Proportion of women in managerial positions (%)","2010",10.412,,,,"Repository: ILO-STATISTICS - Micro data processing"
"Japan","LFS - Labour Force Survey","SDG indicator 5.5.2 - Proportion of women in managerial positions (%)","2009",10.235,,,,"Repository: ILO-STATISTICS - Micro data processing"
"Japan","LFS - Labour Force Survey","SDG indicator 5.5.2 - Proportion of women in managerial positions (%)","2008",9.528,,,,"Repository: ILO-STATISTICS - Micro data processing"
"Japan","LFS - Labour Force Survey","SDG indicator 5.5.2 - Proportion of women in managerial positions (%)","2007",9.51,,,,"Repository: ILO-STATISTICS - Micro data processing"
"Japan","LFS - Labour Force Survey","SDG indicator 5.5.2 - Proportion of women in managerial positions (%)","2006",10.213,,,,"Repository: ILO-STATISTICS - Micro data processing"
"Japan","LFS - Labour Force Survey","SDG indicator 5.5.2 - Proportion of women in managerial positions (%)","2005",9.93,,,,"Repository: ILO-STATISTICS - Micro data processing"
"Japan","LFS - Labour Force Survey","SDG indicator 5.5.2 - Proportion of women in managerial positions (%)","2004",9.536,,,,"Repository: ILO-STATISTICS - Micro data processing"
"Japan","LFS - Labour Force Survey","SDG indicator 5.5.2 - Proportion of women in managerial positions (%)","2003",9.489,,,,"Repository: ILO-STATISTICS - Micro data processing"
"Japan","LFS - Labour Force Survey","SDG indicator 5.5.2 - Proportion of women in managerial positions (%)","2002",9.713,,,,"Repository: ILO-STATISTICS - Micro data processing"
"Japan","LFS - Labour Force Survey","SDG indicator 5.5.2 - Proportion of women in managerial positions (%)","2001",9.158,,,,"Repository: ILO-STATISTICS - Micro data processing"
"Japan","LFS - Labour Force Survey","SDG indicator 5.5.2 - Proportion of women in managerial positions (%)","2000",9.411,,,,"Repository: ILO-STATISTICS - Micro data processing"
"Kazakhstan","LFS - Sample Survey of Employment","SDG indicator 5.5.2 - Proportion of women in managerial positions (%)","2017",36.959,,,,"Employment definition: Excluding own-use production workers | Population coverage: Excluding both institutional population and armed forces and/or conscripts"
"Kazakhstan","LFS - Sample Survey of Employment","SDG indicator 5.5.2 - Proportion of women in managerial positions (%)","2015",37.061,,,,"Population coverage: Excluding both institutional population and armed forces and/or conscripts"
"Kazakhstan","LFS - Sample Survey of Employment","SDG indicator 5.5.2 - Proportion of women in managerial positions (%)","2013",38.318,,,,"Population coverage: Excluding both institutional population and armed forces and/or conscripts"
"Kazakhstan","LFS - Sample Survey of Employment","SDG indicator 5.5.2 - Proportion of women in managerial positions (%)","2012",39.749,,,,"Population coverage: Excluding both institutional population and armed forces and/or conscripts"
"Kazakhstan","LFS - Sample Survey of Employment","SDG indicator 5.5.2 - Proportion of women in managerial positions (%)","2011",38.463,,,,"Population coverage: Excluding both institutional population and armed forces and/or conscripts"
"Kazakhstan","LFS - Sample Survey of Employment","SDG indicator 5.5.2 - Proportion of women in managerial positions (%)","2010",37.17,,,,"Population coverage: Excluding both institutional population and armed forces and/or conscripts"
"Kazakhstan","LFS - Sample Survey of Employment","SDG indicator 5.5.2 - Proportion of women in managerial positions (%)","2009",38.775,,,,"Population coverage: Excluding both institutional population and armed forces and/or conscripts"
"Kazakhstan","LFS - Sample Survey of Employment","SDG indicator 5.5.2 - Proportion of women in managerial positions (%)","2008",38.363,,,,"Population coverage: Excluding armed forces and/or conscripts"
"Kazakhstan","LFS - Sample Survey of Employment","SDG indicator 5.5.2 - Proportion of women in managerial positions (%)","2007",36.789,,,,"Population coverage: Excluding armed forces and/or conscripts"
"Kazakhstan","LFS - Sample Survey of Employment","SDG indicator 5.5.2 - Proportion of women in managerial positions (%)","2006",35.845,,,,"Population coverage: Excluding armed forces and/or conscripts"
"Kazakhstan","LFS - Sample Survey of Employment","SDG indicator 5.5.2 - Proportion of women in managerial positions (%)","2005",35.641,,,,"Population coverage: Excluding armed forces and/or conscripts"
"Kazakhstan","LFS - Sample Survey of Employment","SDG indicator 5.5.2 - Proportion of women in managerial positions (%)","2004",37.968,,,,"Population coverage: Excluding armed forces and/or conscripts"
"Kazakhstan","LFS - Sample Survey of Employment","SDG indicator 5.5.2 - Proportion of women in managerial positions (%)","2003",34.203,,,,"Population coverage: Excluding armed forces and/or conscripts"
"Kazakhstan","LFS - Sample Survey of Employment","SDG indicator 5.5.2 - Proportion of women in managerial positions (%)","2002",33.77,,,,"Population coverage: Excluding armed forces and/or conscripts"
"Kazakhstan","LFS - Sample Survey of Employment","SDG indicator 5.5.2 - Proportion of women in managerial positions (%)","2001",32.986,,,,"Population coverage: Excluding armed forces and/or conscripts"
"Kenya","HS - Continuous household survey","SDG indicator 5.5.2 - Proportion of women in managerial positions (%)","2022",58.647,,,,"Repository: ILO-STATISTICS - Micro data processing"
"Kenya","HS - Continuous household survey","SDG indicator 5.5.2 - Proportion of women in managerial positions (%)","2021",50.427,,,,"Repository: ILO-STATISTICS - Micro data processing"
"Kenya","HS - Continuous household survey","SDG indicator 5.5.2 - Proportion of women in managerial positions (%)","2019",49.624,,,,"Repository: ILO-STATISTICS - Micro data processing"
"Kenya","HIES - Household Budget Survey","SDG indicator 5.5.2 - Proportion of women in managerial positions (%)","2005",24.781,"Break in series",,"Break in series: Methodology revised","Repository: ILO-STATISTICS - Micro data processing"
"Kyrgyzstan","LFS - Employment and Unemployment Survey","SDG indicator 5.5.2 - Proportion of women in managerial positions (%)","2022",42.075,,,,"Repository: ILO-STATISTICS - Micro data processing"
"Kyrgyzstan","LFS - Employment and Unemployment Survey","SDG indicator 5.5.2 - Proportion of women in managerial positions (%)","2021",42.847,,,,"Repository: ILO-STATISTICS - Micro data processing"
"Kyrgyzstan","LFS - Employment and Unemployment Survey","SDG indicator 5.5.2 - Proportion of women in managerial positions (%)","2020",47.173,,,,"Repository: ILO-STATISTICS - Micro data processing"
"Kyrgyzstan","LFS - Employment and Unemployment Survey","SDG indicator 5.5.2 - Proportion of women in managerial positions (%)","2019",40.864,,,,"Repository: ILO-STATISTICS - Micro data processing"
"Kyrgyzstan","LFS - Employment and Unemployment Survey","SDG indicator 5.5.2 - Proportion of women in managerial positions (%)","2018",37.783,"Break in series",,"Break in series: Methodology revised","Repository: ILO-STATISTICS - Micro data processing"
"Kyrgyzstan","LFS - Employment and Unemployment Survey","SDG indicator 5.5.2 - Proportion of women in managerial positions (%)","2017",34.19,,,,"Repository: ILO-STATISTICS - Micro data processing"
"Kyrgyzstan","LFS - Employment and Unemployment Survey","SDG indicator 5.5.2 - Proportion of women in managerial positions (%)","2016",35.863,,,,"Repository: ILO-STATISTICS - Micro data processing"
"Kyrgyzstan","LFS - Employment and Unemployment Survey","SDG indicator 5.5.2 - Proportion of women in managerial positions (%)","2015",36.15,,,,"Repository: ILO-STATISTICS - Micro data processing"
"Kyrgyzstan","LFS - Employment and Unemployment Survey","SDG indicator 5.5.2 - Proportion of women in managerial positions (%)","2014",33.441,,,,"Repository: ILO-STATISTICS - Micro data processing"
"Kyrgyzstan","LFS - Employment and Unemployment Survey","SDG indicator 5.5.2 - Proportion of women in managerial positions (%)","2013",27.536,,,,"Repository: ILO-STATISTICS - Micro data processing"
"Kyrgyzstan","LFS - Employment and Unemployment Survey","SDG indicator 5.5.2 - Proportion of women in managerial positions (%)","2012",32.209,,,,"Repository: ILO-STATISTICS - Micro data processing"
"Kyrgyzstan","LFS - Employment and Unemployment Survey","SDG indicator 5.5.2 - Proportion of women in managerial positions (%)","2011",29.133,,,,"Repository: ILO-STATISTICS - Micro data processing"
"Kyrgyzstan","LFS - Employment and Unemployment Survey","SDG indicator 5.5.2 - Proportion of women in managerial positions (%)","2010",32.443,,,,"Repository: ILO-STATISTICS - Micro data processing"
"Kyrgyzstan","LFS - Employment and Unemployment Survey","SDG indicator 5.5.2 - Proportion of women in managerial positions (%)","2009",30.612,,,,
"Kyrgyzstan","LFS - Employment and Unemployment Survey","SDG indicator 5.5.2 - Proportion of women in managerial positions (%)","2006",35.163,,,,"Data reference period: November"
"Kyrgyzstan","LFS - Employment and Unemployment Survey","SDG indicator 5.5.2 - Proportion of women in managerial positions (%)","2005",30.05,,,,"Data reference period: November"
"Kyrgyzstan","LFS - Employment and Unemployment Survey","SDG indicator 5.5.2 - Proportion of women in managerial positions (%)","2004",25.151,,,,"Data reference period: November"
"Kyrgyzstan","LFS - Employment and Unemployment Survey","SDG indicator 5.5.2 - Proportion of women in managerial positions (%)","2003",25.748,,,,"Data reference period: November"
"Kyrgyzstan","LFS - Employment and Unemployment Survey","SDG indicator 5.5.2 - Proportion of women in managerial positions (%)","2002",27.742,,,,"Data reference period: November"
"Cambodia","HIES - Household Socio-Economic Survey","SDG indicator 5.5.2 - Proportion of women in managerial positions (%)","2021",29.233,,,,"Repository: ILO-STATISTICS - Micro data processing"
"Cambodia","HIES - Household Socio-Economic Survey","SDG indicator 5.5.2 - Proportion of women in managerial positions (%)","2020",34.633,,,,"Repository: ILO-STATISTICS - Micro data processing"
"Cambodia","LFS - Labour Force Survey","SDG indicator 5.5.2 - Proportion of women in managerial positions (%)","2019",30.992,"Break in series",,"Break in series: Methodology revised","Repository: ILO-STATISTICS - Micro data processing"
"Cambodia","HIES - Household Socio-Economic Survey","SDG indicator 5.5.2 - Proportion of women in managerial positions (%)","2017",24.096,,,,"Repository: ILO-STATISTICS - Micro data processing"
"Cambodia","HIES - Household Socio-Economic Survey","SDG indicator 5.5.2 - Proportion of women in managerial positions (%)","2016",34.139,,,,"Repository: ILO-STATISTICS - Micro data processing"
"Cambodia","HIES - Household Socio-Economic Survey","SDG indicator 5.5.2 - Proportion of women in managerial positions (%)","2015",29.486,,,,"Repository: ILO-STATISTICS - Micro data processing"
"Cambodia","HIES - Household Socio-Economic Survey","SDG indicator 5.5.2 - Proportion of women in managerial positions (%)","2014",24.301,,,,"Repository: ILO-STATISTICS - Micro data processing"
"Cambodia","HIES - Household Socio-Economic Survey","SDG indicator 5.5.2 - Proportion of women in managerial positions (%)","2013",28.493,,,,"Repository: ILO-STATISTICS - Micro data processing"
"Cambodia","LFS - Labour Force Survey","SDG indicator 5.5.2 - Proportion of women in managerial positions (%)","2012",30.881,"Break in series",,"Break in series: Methodology revised","Repository: ILO-STATISTICS - Micro data processing"
"Cambodia","HIES - Household Socio-Economic Survey","SDG indicator 5.5.2 - Proportion of women in managerial positions (%)","2011",19.376,"Unreliable",,,"Repository: ILO-STATISTICS - Micro data processing"
"Cambodia","HIES - Household Socio-Economic Survey","SDG indicator 5.5.2 - Proportion of women in managerial positions (%)","2010",18.007,,,,"Repository: ILO-STATISTICS - Micro data processing"
"Cambodia","HIES - Household Socio-Economic Survey","SDG indicator 5.5.2 - Proportion of women in managerial positions (%)","2009",18.389,,,,"Repository: ILO-STATISTICS - Micro data processing"
"Cambodia","HIES - Household Socio-Economic Survey","SDG indicator 5.5.2 - Proportion of women in managerial positions (%)","2008",18.695,,,,"Repository: ILO-STATISTICS - Micro data processing"
"Cambodia","HIES - Household Socio-Economic Survey","SDG indicator 5.5.2 - Proportion of women in managerial positions (%)","2007",27.65,"Break in series",,"Break in series: Methodology revised","Repository: ILO-STATISTICS - Micro data processing"
"Cambodia","HIES - Household Socio-Economic Survey","SDG indicator 5.5.2 - Proportion of women in managerial positions (%)","2003",17.994,,,,"Repository: ILO-STATISTICS - Micro data processing"
"Cambodia","LFS - Labour Force Survey","SDG indicator 5.5.2 - Proportion of women in managerial positions (%)","2001",13.815,,,,"Repository: ILO-STATISTICS - Micro data processing"
"Cambodia","LFS - Labour Force Survey","SDG indicator 5.5.2 - Proportion of women in managerial positions (%)","2000",12.566,"Unreliable",,,"Repository: ILO-STATISTICS - Micro data processing"
"Kiribati","PC - Population Census","SDG indicator 5.5.2 - Proportion of women in managerial positions (%)","2020",43.349,,,,"Repository: ILO-STATISTICS - Micro data processing"
"Kiribati","HIES - Household Income and Expenditure Survey","SDG indicator 5.5.2 - Proportion of women in managerial positions (%)","2019",40.241,,,,"Repository: ILO-STATISTICS - Micro data processing"
"Kiribati","PC - Population Census","SDG indicator 5.5.2 - Proportion of women in managerial positions (%)","2015",37.224,,,,"Repository: ILO-STATISTICS - Micro data processing"
"Kiribati","PC - Population Census","SDG indicator 5.5.2 - Proportion of women in managerial positions (%)","2010",36.453,,,,"Data reference period: November"
"Kiribati","PC - Population Census","SDG indicator 5.5.2 - Proportion of women in managerial positions (%)","2005",27.286,,,,"Data reference period: November"
"Republic of Korea","LFS - Economically Active Population Survey","SDG indicator 5.5.2 - Proportion of women in managerial positions (%)","2024",17.526,,,,"Repository: ILO-STATISTICS - Micro data processing"
"Republic of Korea","LFS - Economically Active Population Survey","SDG indicator 5.5.2 - Proportion of women in managerial positions (%)","2023",16.309,,,,"Repository: ILO-STATISTICS - Micro data processing"
"Republic of Korea","LFS - Economically Active Population Survey","SDG indicator 5.5.2 - Proportion of women in managerial positions (%)","2022",14.602,,,,"Repository: ILO-STATISTICS - Micro data processing"
"Republic of Korea","LFS - Economically Active Population Survey","SDG indicator 5.5.2 - Proportion of women in managerial positions (%)","2021",16.272,,,,"Repository: ILO-STATISTICS - Micro data processing"
"Republic of Korea","LFS - Economically Active Population Survey","SDG indicator 5.5.2 - Proportion of women in managerial positions (%)","2020",15.645,,,,"Repository: ILO-STATISTICS - Micro data processing"
"Republic of Korea","LFS - Economically Active Population Survey","SDG indicator 5.5.2 - Proportion of women in managerial positions (%)","2019",15.408,,,,"Repository: ILO-STATISTICS - Micro data processing"
"Republic of Korea","LFS - Economically Active Population Survey","SDG indicator 5.5.2 - Proportion of women in managerial positions (%)","2018",14.46,,,,"Repository: ILO-STATISTICS - Micro data processing"
"Republic of Korea","LFS - Economically Active Population Survey","SDG indicator 5.5.2 - Proportion of women in managerial positions (%)","2017",12.328,,,,"Repository: ILO-STATISTICS - Micro data processing"
"Republic of Korea","LFS - Economically Active Population Survey","SDG indicator 5.5.2 - Proportion of women in managerial positions (%)","2016",9.773,,,,"Repository: ILO-STATISTICS - Micro data processing"
"Republic of Korea","LFS - Economically Active Population Survey","SDG indicator 5.5.2 - Proportion of women in managerial positions (%)","2015",10.452,"Break in series",,"Break in series: Methodology revised","Repository: ILO-STATISTICS - Micro data processing"
"Republic of Korea","LFS - Economically Active Population Survey","SDG indicator 5.5.2 - Proportion of women in managerial positions (%)","2014",11.13,,,,"Repository: ILO-STATISTICS - Micro data processing"
"Republic of Korea","LFS - Economically Active Population Survey","SDG indicator 5.5.2 - Proportion of women in managerial positions (%)","2013",11.37,,,,"Repository: ILO-STATISTICS - Micro data processing"
"Republic of Korea","LFS - Economically Active Population Survey","SDG indicator 5.5.2 - Proportion of women in managerial positions (%)","2012",11.089,,,,"Repository: ILO-STATISTICS - Micro data processing"
"Republic of Korea","LFS - Economically Active Population Survey","SDG indicator 5.5.2 - Proportion of women in managerial positions (%)","2011",10.095,,,,"Repository: ILO-STATISTICS - Micro data processing"
"Republic of Korea","LFS - Economically Active Population Survey","SDG indicator 5.5.2 - Proportion of women in managerial positions (%)","2010",9.405,,,,"Repository: ILO-STATISTICS - Micro data processing"
"Republic of Korea","LFS - Economically Active Population Survey","SDG indicator 5.5.2 - Proportion of women in managerial positions (%)","2009",8.62,,,,"Repository: ILO-STATISTICS - Micro data processing"
"Republic of Korea","LFS - Economically Active Population Survey","SDG indicator 5.5.2 - Proportion of women in managerial positions (%)","2008",9.499,,,,"Repository: ILO-STATISTICS - Micro data processing"
"Republic of Korea","LFS - Economically Active Population Survey","SDG indicator 5.5.2 - Proportion of women in managerial positions (%)","2007",8.859,,,,"Repository: ILO-STATISTICS - Micro data processing"
"Republic of Korea","LFS - Economically Active Population Survey","SDG indicator 5.5.2 - Proportion of women in managerial positions (%)","2006",8.65,,,,"Repository: ILO-STATISTICS - Micro data processing"
"Republic of Korea","LFS - Economically Active Population Survey","SDG indicator 5.5.2 - Proportion of women in managerial positions (%)","2005",7.897,,,,"Repository: ILO-STATISTICS - Micro data processing"
"Republic of Korea","LFS - Economically Active Population Survey","SDG indicator 5.5.2 - Proportion of women in managerial positions (%)","2004",7.086,,,,"Repository: ILO-STATISTICS - Micro data processing"
"Republic of Korea","LFS - Economically Active Population Survey","SDG indicator 5.5.2 - Proportion of women in managerial positions (%)","2003",5.962,,,,"Repository: ILO-STATISTICS - Micro data processing"
"Republic of Korea","LFS - Economically Active Population Survey","SDG indicator 5.5.2 - Proportion of women in managerial positions (%)","2002",5.608,,,,"Repository: ILO-STATISTICS - Micro data processing"
"Republic of Korea","LFS - Economically Active Population Survey","SDG indicator 5.5.2 - Proportion of women in managerial positions (%)","2001",5.95,,,,"Repository: ILO-STATISTICS - Micro data processing"
"Republic of Korea","LFS - Economically Active Population Survey","SDG indicator 5.5.2 - Proportion of women in managerial positions (%)","2000",5.013,,,,"Repository: ILO-STATISTICS - Micro data processing"
"Kosovo","LFS - Labour Force Survey","SDG indicator 5.5.2 - Proportion of women in managerial positions (%)","2023",26.337,,,,"Repository: ILO-STATISTICS - Micro data processing"
"Kosovo","LFS - Labour Force Survey","SDG indicator 5.5.2 - Proportion of women in managerial positions (%)","2022",26.246,,,,"Repository: ILO-STATISTICS - Micro data processing"
"Kosovo","LFS - Labour Force Survey","SDG indicator 5.5.2 - Proportion of women in managerial positions (%)","2021",22.53,,,,"Repository: ILO-STATISTICS - Micro data processing"
"Kosovo","LFS - Labour Force Survey","SDG indicator 5.5.2 - Proportion of women in managerial positions (%)","2020",17.476,"Break in series",,"Break in series: Methodology revised","Repository: ILO-STATISTICS - Micro data processing"
"Kosovo","LFS - Labour Force Survey","SDG indicator 5.5.2 - Proportion of women in managerial positions (%)","2019",16.189,"Break in series",,"Break in series: Methodology revised","Repository: ILO-STATISTICS - Micro data processing"
"Kosovo","LFS - Labour Force Survey","SDG indicator 5.5.2 - Proportion of women in managerial positions (%)","2018",18.422,,,,"Repository: ILO-STATISTICS - Micro data processing"
"Kosovo","LFS - Labour Force Survey","SDG indicator 5.5.2 - Proportion of women in managerial positions (%)","2017",15.362,,,,"Repository: ILO-STATISTICS - Micro data processing"
"Kosovo","LFS - Labour Force Survey","SDG indicator 5.5.2 - Proportion of women in managerial positions (%)","2016",13.557,,,,"Repository: ILO-STATISTICS - Micro data processing"
"Kosovo","LFS - Labour Force Survey","SDG indicator 5.5.2 - Proportion of women in managerial positions (%)","2015",12.631,,,,"Repository: ILO-STATISTICS - Micro data processing"
"Kosovo","LFS - Labour Force Survey","SDG indicator 5.5.2 - Proportion of women in managerial positions (%)","2014",14.156,,,,"Repository: ILO-STATISTICS - Micro data processing"
"Kosovo","LFS - Labour Force Survey","SDG indicator 5.5.2 - Proportion of women in managerial positions (%)","2013",16.13,,,,"Repository: ILO-STATISTICS - Micro data processing"
"Kosovo","LFS - Labour Force Survey","SDG indicator 5.5.2 - Proportion of women in managerial positions (%)","2012",14.8,"Break in series",,"Break in series: Methodology revised","Repository: ILO-STATISTICS - Micro data processing"
"Kuwait","LFS - Labour Force Sample Survey","SDG indicator 5.5.2 - Proportion of women in managerial positions (%)","2016",13.613,,,,"Data reference period: Fourth quarter | Population coverage: Excluding armed forces and/or conscripts"
"Kuwait","LFS - Labour Force Sample Survey","SDG indicator 5.5.2 - Proportion of women in managerial positions (%)","2015",13.972,,,,"Data reference period: Fourth quarter | Population coverage: Excluding armed forces and/or conscripts"
"Kuwait","PC - Population Census","SDG indicator 5.5.2 - Proportion of women in managerial positions (%)","2005",13.864,,,,
"Lao People's Democratic Republic","LFS - Labour Force Survey","SDG indicator 5.5.2 - Proportion of women in managerial positions (%)","2022",25.681,"Break in series",,"Break in series: Methodology revised","Repository: ILO-STATISTICS - Micro data processing"
"Lao People's Democratic Republic","LFS - Labour Force Survey","SDG indicator 5.5.2 - Proportion of women in managerial positions (%)","2017",59.04,"Break in series",,"Break in series: Methodology revised","Repository: ILO-STATISTICS - Micro data processing"
"Lao People's Democratic Republic","LFS - Labour Force Survey","SDG indicator 5.5.2 - Proportion of women in managerial positions (%)","2010",31.752,"Break in series",,"Break in series: Methodology revised","Repository: ILO-STATISTICS - Micro data processing"
"Lebanon","LFS - Labour Force Survey","SDG indicator 5.5.2 - Proportion of women in managerial positions (%)","2019",21.206,"Break in series",,"Break in series: Methodology revised","Repository: ILO-STATISTICS - Micro data processing"
"Lebanon","HIES - Households Living Conditions Survey","SDG indicator 5.5.2 - Proportion of women in managerial positions (%)","2007",8.439,,,,"Data reference period: February"
"Lebanon","HIES - Households Living Conditions Survey","SDG indicator 5.5.2 - Proportion of women in managerial positions (%)","2004",11.161,,,,
"Liberia","LFS - Labour Force Survey","SDG indicator 5.5.2 - Proportion of women in managerial positions (%)","2017",52.643,"Break in series",,"Break in series: Methodology revised","Repository: ILO-STATISTICS - Micro data processing"
"Liberia","LFS - Labour Force Survey","SDG indicator 5.5.2 - Proportion of women in managerial positions (%)","2010",21.017,"Break in series",,"Break in series: Methodology revised","Repository: ILO-STATISTICS - Micro data processing"
"Saint Lucia","LFS - Labour Force Survey","SDG indicator 5.5.2 - Proportion of women in managerial positions (%)","2023",47.762,,,,"Repository: ILO-STATISTICS - Micro data processing"
"Saint Lucia","LFS - Labour Force Survey","SDG indicator 5.5.2 - Proportion of women in managerial positions (%)","2022",47.685,,,,"Repository: ILO-STATISTICS - Micro data processing"
"Saint Lucia","LFS - Labour Force Survey","SDG indicator 5.5.2 - Proportion of women in managerial positions (%)","2021",53.209,,,,"Repository: ILO-STATISTICS - Micro data processing"
"Saint Lucia","LFS - Labour Force Survey","SDG indicator 5.5.2 - Proportion of women in managerial positions (%)","2020",59.533,,,,"Repository: ILO-STATISTICS - Micro data processing"
"Saint Lucia","LFS - Labour Force Survey","SDG indicator 5.5.2 - Proportion of women in managerial positions (%)","2019",57.266,,,,"Repository: ILO-STATISTICS - Micro data processing"
"Saint Lucia","LFS - Labour Force Survey","SDG indicator 5.5.2 - Proportion of women in managerial positions (%)","2018",43.94,,,,"Repository: ILO-STATISTICS - Micro data processing"
"Saint Lucia","LFS - Labour Force Survey","SDG indicator 5.5.2 - Proportion of women in managerial positions (%)","2017",53.315,"Break in series",,"Break in series: Methodology revised","Repository: ILO-STATISTICS - Micro data processing"
"Saint Lucia","LFS - Labour Force Survey","SDG indicator 5.5.2 - Proportion of women in managerial positions (%)","2006",46.133,,,,"Reference group coverage: Total employment"
"Saint Lucia","LFS - Labour Force Survey","SDG indicator 5.5.2 - Proportion of women in managerial positions (%)","2005",50.35,,,,"Reference group coverage: Total employment"
"Saint Lucia","LFS - Labour Force Survey","SDG indicator 5.5.2 - Proportion of women in managerial positions (%)","2004",52.298,,,,
"Saint Lucia","LFS - Labour Force Survey","SDG indicator 5.5.2 - Proportion of women in managerial positions (%)","2003",59.413,,,,
"Saint Lucia","LFS - Labour Force Survey","SDG indicator 5.5.2 - Proportion of women in managerial positions (%)","2002",54.975,,,,
"Saint Lucia","LFS - Labour Force Survey","SDG indicator 5.5.2 - Proportion of women in managerial positions (%)","2000",55.424,,,,
"Sri Lanka","LFS - Labour Force Survey","SDG indicator 5.5.2 - Proportion of women in managerial positions (%)","2022",22.324,,,,"Repository: ILO-STATISTICS - Micro data processing"
"Sri Lanka","LFS - Labour Force Survey","SDG indicator 5.5.2 - Proportion of women in managerial positions (%)","2021",19.471,,,,"Repository: ILO-STATISTICS - Micro data processing"
"Sri Lanka","LFS - Labour Force Survey","SDG indicator 5.5.2 - Proportion of women in managerial positions (%)","2020",27.013,,,,"Repository: ILO-STATISTICS - Micro data processing"
"Sri Lanka","LFS - Labour Force Survey","SDG indicator 5.5.2 - Proportion of women in managerial positions (%)","2019",27.191,,,,"Repository: ILO-STATISTICS - Micro data processing"
"Sri Lanka","LFS - Labour Force Survey","SDG indicator 5.5.2 - Proportion of women in managerial positions (%)","2018",25.972,,,,"Repository: ILO-STATISTICS - Micro data processing"
"Sri Lanka","LFS - Labour Force Survey","SDG indicator 5.5.2 - Proportion of women in managerial positions (%)","2017",27.578,,,,"Repository: ILO-STATISTICS - Micro data processing"
"Sri Lanka","LFS - Labour Force Survey","SDG indicator 5.5.2 - Proportion of women in managerial positions (%)","2016",28.368,,,,"Repository: ILO-STATISTICS - Micro data processing"
"Sri Lanka","LFS - Labour Force Survey","SDG indicator 5.5.2 - Proportion of women in managerial positions (%)","2015",25.923,,,,"Repository: ILO-STATISTICS - Micro data processing"
"Sri Lanka","LFS - Labour Force Survey","SDG indicator 5.5.2 - Proportion of women in managerial positions (%)","2014",24.845,,,,"Repository: ILO-STATISTICS - Micro data processing"
"Sri Lanka","LFS - Labour Force Survey","SDG indicator 5.5.2 - Proportion of women in managerial positions (%)","2013",29.068,,,,"Repository: ILO-STATISTICS - Micro data processing"
"Sri Lanka","LFS - Labour Force Survey","SDG indicator 5.5.2 - Proportion of women in managerial positions (%)","2012",28.423,,,,
"Sri Lanka","LFS - Labour Force Survey","SDG indicator 5.5.2 - Proportion of women in managerial positions (%)","2011",23.15,"Break in series",,"Break in series: Methodology revised","Repository: ILO-STATISTICS - Micro data processing"
"Sri Lanka","LFS - Labour Force Survey","SDG indicator 5.5.2 - Proportion of women in managerial positions (%)","2010",25.491,"Break in series",,"Break in series: Methodology revised","Repository: ILO-STATISTICS - Micro data processing"
"Sri Lanka","LFS - Labour Force Survey","SDG indicator 5.5.2 - Proportion of women in managerial positions (%)","2009",25.076,,,,"Geographical coverage: Total national, excluding some areas | Population coverage: Excluding both institutional population and armed forces and/or conscripts | Age coverage - minimum age: 10 years old"
"Sri Lanka","LFS - Labour Force Survey","SDG indicator 5.5.2 - Proportion of women in managerial positions (%)","2008",23.934,,,,"Geographical coverage: Total national, excluding some areas | Age coverage - minimum age: 10 years old"
"Sri Lanka","LFS - Labour Force Survey","SDG indicator 5.5.2 - Proportion of women in managerial positions (%)","2007",23.794,,,,"Geographical coverage: Total national, excluding some areas | Age coverage - minimum age: 10 years old"
"Sri Lanka","LFS - Labour Force Survey","SDG indicator 5.5.2 - Proportion of women in managerial positions (%)","2006",20.513,,,,"Geographical coverage: Total national, excluding some areas | Age coverage - minimum age: 10 years old"
"Sri Lanka","LFS - Labour Force Survey","SDG indicator 5.5.2 - Proportion of women in managerial positions (%)","2005",22.387,,,,"Age coverage - minimum age: 10 years old"
"Sri Lanka","LFS - Labour Force Survey","SDG indicator 5.5.2 - Proportion of women in managerial positions (%)","2004",19.789,,,,"Geographical coverage: Total national, excluding some areas | Age coverage - minimum age: 10 years old"
"Sri Lanka","LFS - Labour Force Survey","SDG indicator 5.5.2 - Proportion of women in managerial positions (%)","2003",20.39,,,,"Geographical coverage: Total national, excluding some areas | Age coverage - minimum age: 10 years old"
"Sri Lanka","LFS - Labour Force Survey","SDG indicator 5.5.2 - Proportion of women in managerial positions (%)","2002",21.743,,,,"Geographical coverage: Total national, excluding some areas | Age coverage - minimum age: 10 years old"
"Lesotho","LFS - Integrated Labour Force Survey","SDG indicator 5.5.2 - Proportion of women in managerial positions (%)","2019",33.785,,,,"Repository: ILO-STATISTICS - Micro data processing"
"Lesotho","LFS - Integrated Labour Force Survey","SDG indicator 5.5.2 - Proportion of women in managerial positions (%)","2008",36.083,,,,"Age coverage - minimum age: 10 years old"
"Lesotho","PC - Population Census","SDG indicator 5.5.2 - Proportion of women in managerial positions (%)","2006",36.939,,,,"Data reference period: April | Age coverage - minimum age: 10 years old"
"Lithuania","LFS - EU Labour Force Survey","SDG indicator 5.5.2 - Proportion of women in managerial positions (%)","2023",36.844,,,,"Repository: ILO-STATISTICS - Micro data processing"
"Lithuania","LFS - EU Labour Force Survey","SDG indicator 5.5.2 - Proportion of women in managerial positions (%)","2022",38.554,,,,"Repository: ILO-STATISTICS - Micro data processing"
"Lithuania","LFS - EU Labour Force Survey","SDG indicator 5.5.2 - Proportion of women in managerial positions (%)","2021",36.975,,,,"Repository: ILO-STATISTICS - Micro data processing"
"Lithuania","LFS - EU Labour Force Survey","SDG indicator 5.5.2 - Proportion of women in managerial positions (%)","2020",37.898,,,,"Repository: ILO-STATISTICS - Micro data processing"
"Lithuania","LFS - EU Labour Force Survey","SDG indicator 5.5.2 - Proportion of women in managerial positions (%)","2019",39.237,,,,"Repository: ILO-STATISTICS - Micro data processing"
"Lithuania","LFS - EU Labour Force Survey","SDG indicator 5.5.2 - Proportion of women in managerial positions (%)","2018",39.243,,,,"Repository: ILO-STATISTICS - Micro data processing"
"Lithuania","LFS - EU Labour Force Survey","SDG indicator 5.5.2 - Proportion of women in managerial positions (%)","2017",39.311,,,,"Repository: ILO-STATISTICS - Micro data processing"
"Lithuania","LFS - EU Labour Force Survey","SDG indicator 5.5.2 - Proportion of women in managerial positions (%)","2016",39.419,,,,"Repository: ILO-STATISTICS - Micro data processing"
"Lithuania","LFS - EU Labour Force Survey","SDG indicator 5.5.2 - Proportion of women in managerial positions (%)","2015",39.612,,,,"Repository: ILO-STATISTICS - Micro data processing"
"Lithuania","LFS - EU Labour Force Survey","SDG indicator 5.5.2 - Proportion of women in managerial positions (%)","2014",38.551,,,,"Repository: ILO-STATISTICS - Micro data processing"
"Lithuania","LFS - EU Labour Force Survey","SDG indicator 5.5.2 - Proportion of women in managerial positions (%)","2013",39.584,,,,"Repository: ILO-STATISTICS - Micro data processing"
"Lithuania","LFS - EU Labour Force Survey","SDG indicator 5.5.2 - Proportion of women in managerial positions (%)","2012",38.901,,,,"Repository: ILO-STATISTICS - Micro data processing"
"Lithuania","LFS - EU Labour Force Survey","SDG indicator 5.5.2 - Proportion of women in managerial positions (%)","2011",39.106,,,,"Repository: ILO-STATISTICS - Micro data processing"
"Lithuania","LFS - EU Labour Force Survey","SDG indicator 5.5.2 - Proportion of women in managerial positions (%)","2010",41.079,,,,"Repository: ILO-STATISTICS - Micro data processing"
"Lithuania","LFS - EU Labour Force Survey","SDG indicator 5.5.2 - Proportion of women in managerial positions (%)","2009",39.237,,,,"Repository: ILO-STATISTICS - Micro data processing"
"Lithuania","LFS - EU Labour Force Survey","SDG indicator 5.5.2 - Proportion of women in managerial positions (%)","2008",40.176,,,,"Repository: ILO-STATISTICS - Micro data processing"
"Lithuania","LFS - EU Labour Force Survey","SDG indicator 5.5.2 - Proportion of women in managerial positions (%)","2007",38.122,,,,"Repository: ILO-STATISTICS - Micro data processing"
"Lithuania","LFS - EU Labour Force Survey","SDG indicator 5.5.2 - Proportion of women in managerial positions (%)","2006",40.49,,,,"Repository: ILO-STATISTICS - Micro data processing"
"Lithuania","LFS - EU Labour Force Survey","SDG indicator 5.5.2 - Proportion of women in managerial positions (%)","2005",43.168,,,,"Repository: ILO-STATISTICS - Micro data processing"
"Lithuania","LFS - EU Labour Force Survey","SDG indicator 5.5.2 - Proportion of women in managerial positions (%)","2004",45.374,,,,"Repository: ILO-STATISTICS - Micro data processing"
"Lithuania","LFS - EU Labour Force Survey","SDG indicator 5.5.2 - Proportion of women in managerial positions (%)","2003",40.807,,,,"Repository: ILO-STATISTICS - Micro data processing"
"Lithuania","LFS - EU Labour Force Survey","SDG indicator 5.5.2 - Proportion of women in managerial positions (%)","2002",47.023,,,,"Repository: ILO-STATISTICS - Micro data processing"
"Lithuania","LFS - EU Labour Force Survey","SDG indicator 5.5.2 - Proportion of women in managerial positions (%)","2001",46.378,,,,"Repository: ILO-STATISTICS - Micro data processing"
"Lithuania","LFS - EU Labour Force Survey","SDG indicator 5.5.2 - Proportion of women in managerial positions (%)","2000",42.679,,,,"Repository: ILO-STATISTICS - Micro data processing"
"Luxembourg","LFS - EU Labour Force Survey","SDG indicator 5.5.2 - Proportion of women in managerial positions (%)","2023",19.539,,,,"Repository: ILO-STATISTICS - Micro data processing"
"Luxembourg","LFS - EU Labour Force Survey","SDG indicator 5.5.2 - Proportion of women in managerial positions (%)","2022",26.591,,,,"Repository: ILO-STATISTICS - Micro data processing"
"Luxembourg","LFS - EU Labour Force Survey","SDG indicator 5.5.2 - Proportion of women in managerial positions (%)","2021",20.596,,,,"Repository: ILO-STATISTICS - Micro data processing"
"Luxembourg","LFS - EU Labour Force Survey","SDG indicator 5.5.2 - Proportion of women in managerial positions (%)","2020",27.634,,,,"Repository: ILO-STATISTICS - Micro data processing"
"Luxembourg","LFS - EU Labour Force Survey","SDG indicator 5.5.2 - Proportion of women in managerial positions (%)","2019",24.783,,,,"Repository: ILO-STATISTICS - Micro data processing"
"Luxembourg","LFS - EU Labour Force Survey","SDG indicator 5.5.2 - Proportion of women in managerial positions (%)","2018",25.522,,,,"Repository: ILO-STATISTICS - Micro data processing"
"Luxembourg","LFS - EU Labour Force Survey","SDG indicator 5.5.2 - Proportion of women in managerial positions (%)","2017",16.97,,,,"Repository: ILO-STATISTICS - Micro data processing"
"Luxembourg","LFS - EU Labour Force Survey","SDG indicator 5.5.2 - Proportion of women in managerial positions (%)","2016",26.549,,,,"Repository: ILO-STATISTICS - Micro data processing"
"Luxembourg","LFS - EU Labour Force Survey","SDG indicator 5.5.2 - Proportion of women in managerial positions (%)","2015",20.579,,,,"Repository: ILO-STATISTICS - Micro data processing"
"Luxembourg","LFS - EU Labour Force Survey","SDG indicator 5.5.2 - Proportion of women in managerial positions (%)","2014",21.961,,,,"Repository: ILO-STATISTICS - Micro data processing"
"Luxembourg","LFS - EU Labour Force Survey","SDG indicator 5.5.2 - Proportion of women in managerial positions (%)","2013",15.141,,,,"Repository: ILO-STATISTICS - Micro data processing"
"Luxembourg","LFS - EU Labour Force Survey","SDG indicator 5.5.2 - Proportion of women in managerial positions (%)","2012",18.021,,,,"Repository: ILO-STATISTICS - Micro data processing"
"Luxembourg","LFS - EU Labour Force Survey","SDG indicator 5.5.2 - Proportion of women in managerial positions (%)","2011",23.424,,,,"Repository: ILO-STATISTICS - Micro data processing"
"Luxembourg","LFS - EU Labour Force Survey","SDG indicator 5.5.2 - Proportion of women in managerial positions (%)","2010",23.906,,,,"Repository: ILO-STATISTICS - Micro data processing"
"Luxembourg","LFS - EU Labour Force Survey","SDG indicator 5.5.2 - Proportion of women in managerial positions (%)","2009",18.999,,,,"Repository: ILO-STATISTICS - Micro data processing"
"Luxembourg","LFS - EU Labour Force Survey","SDG indicator 5.5.2 - Proportion of women in managerial positions (%)","2008",27.523,,,,"Repository: ILO-STATISTICS - Micro data processing"
"Luxembourg","LFS - EU Labour Force Survey","SDG indicator 5.5.2 - Proportion of women in managerial positions (%)","2007",21.172,,,,"Repository: ILO-STATISTICS - Micro data processing"
"Luxembourg","LFS - EU Labour Force Survey","SDG indicator 5.5.2 - Proportion of women in managerial positions (%)","2006",26.757,,,,"Repository: ILO-STATISTICS - Micro data processing"
"Luxembourg","LFS - EU Labour Force Survey","SDG indicator 5.5.2 - Proportion of women in managerial positions (%)","2005",23.769,,,,"Repository: ILO-STATISTICS - Micro data processing"
"Luxembourg","LFS - EU Labour Force Survey","SDG indicator 5.5.2 - Proportion of women in managerial positions (%)","2004",26.702,,,,"Repository: ILO-STATISTICS - Micro data processing"
"Luxembourg","LFS - EU Labour Force Survey","SDG indicator 5.5.2 - Proportion of women in managerial positions (%)","2003",28.819,,,,"Repository: ILO-STATISTICS - Micro data processing"
"Luxembourg","LFS - EU Labour Force Survey","SDG indicator 5.5.2 - Proportion of women in managerial positions (%)","2002",22.076,,,,"Repository: ILO-STATISTICS - Micro data processing"
"Luxembourg","LFS - EU Labour Force Survey","SDG indicator 5.5.2 - Proportion of women in managerial positions (%)","2001",30.145,,,,"Repository: ILO-STATISTICS - Micro data processing"
"Luxembourg","LFS - EU Labour Force Survey","SDG indicator 5.5.2 - Proportion of women in managerial positions (%)","2000",26.912,,,,"Repository: ILO-STATISTICS - Micro data processing"
"Latvia","LFS - EU Labour Force Survey","SDG indicator 5.5.2 - Proportion of women in managerial positions (%)","2023",42.99,,,,"Repository: ILO-STATISTICS - Micro data processing"
"Latvia","LFS - EU Labour Force Survey","SDG indicator 5.5.2 - Proportion of women in managerial positions (%)","2022",45.25,,,,"Repository: ILO-STATISTICS - Micro data processing"
"Latvia","LFS - EU Labour Force Survey","SDG indicator 5.5.2 - Proportion of women in managerial positions (%)","2021",44.157,,,,"Repository: ILO-STATISTICS - Micro data processing"
"Latvia","LFS - EU Labour Force Survey","SDG indicator 5.5.2 - Proportion of women in managerial positions (%)","2020",53.375,,,,"Repository: ILO-STATISTICS - Micro data processing"
"Latvia","LFS - EU Labour Force Survey","SDG indicator 5.5.2 - Proportion of women in managerial positions (%)","2019",43.473,,,,"Repository: ILO-STATISTICS - Micro data processing"
"Latvia","LFS - EU Labour Force Survey","SDG indicator 5.5.2 - Proportion of women in managerial positions (%)","2018",44.655,,,,"Repository: ILO-STATISTICS - Micro data processing"
"Latvia","LFS - EU Labour Force Survey","SDG indicator 5.5.2 - Proportion of women in managerial positions (%)","2017",45.892,,,,"Repository: ILO-STATISTICS - Micro data processing"
"Latvia","LFS - EU Labour Force Survey","SDG indicator 5.5.2 - Proportion of women in managerial positions (%)","2016",47.248,,,,"Repository: ILO-STATISTICS - Micro data processing"
"Latvia","LFS - EU Labour Force Survey","SDG indicator 5.5.2 - Proportion of women in managerial positions (%)","2015",44.318,,,,"Repository: ILO-STATISTICS - Micro data processing"
"Latvia","LFS - EU Labour Force Survey","SDG indicator 5.5.2 - Proportion of women in managerial positions (%)","2014",44.097,,,,"Repository: ILO-STATISTICS - Micro data processing"
"Latvia","LFS - EU Labour Force Survey","SDG indicator 5.5.2 - Proportion of women in managerial positions (%)","2013",43.786,,,,"Repository: ILO-STATISTICS - Micro data processing"
"Latvia","LFS - EU Labour Force Survey","SDG indicator 5.5.2 - Proportion of women in managerial positions (%)","2012",45.806,,,,"Repository: ILO-STATISTICS - Micro data processing"
"Latvia","LFS - EU Labour Force Survey","SDG indicator 5.5.2 - Proportion of women in managerial positions (%)","2011",45.538,,,,"Repository: ILO-STATISTICS - Micro data processing"
"Latvia","LFS - EU Labour Force Survey","SDG indicator 5.5.2 - Proportion of women in managerial positions (%)","2010",42.068,,,,"Repository: ILO-STATISTICS - Micro data processing"
"Latvia","LFS - EU Labour Force Survey","SDG indicator 5.5.2 - Proportion of women in managerial positions (%)","2009",44.281,,,,"Repository: ILO-STATISTICS - Micro data processing"
"Latvia","LFS - EU Labour Force Survey","SDG indicator 5.5.2 - Proportion of women in managerial positions (%)","2008",42.538,,,,"Repository: ILO-STATISTICS - Micro data processing"
"Latvia","LFS - EU Labour Force Survey","SDG indicator 5.5.2 - Proportion of women in managerial positions (%)","2007",42.472,,,,"Repository: ILO-STATISTICS - Micro data processing"
"Latvia","LFS - EU Labour Force Survey","SDG indicator 5.5.2 - Proportion of women in managerial positions (%)","2006",40.209,,,,"Repository: ILO-STATISTICS - Micro data processing"
"Latvia","LFS - EU Labour Force Survey","SDG indicator 5.5.2 - Proportion of women in managerial positions (%)","2005",43.309,,,,"Repository: ILO-STATISTICS - Micro data processing"
"Latvia","LFS - EU Labour Force Survey","SDG indicator 5.5.2 - Proportion of women in managerial positions (%)","2004",43.573,,,,"Repository: ILO-STATISTICS - Micro data processing"
"Latvia","LFS - EU Labour Force Survey","SDG indicator 5.5.2 - Proportion of women in managerial positions (%)","2003",39.27,,,,"Repository: ILO-STATISTICS - Micro data processing"
"Latvia","LFS - EU Labour Force Survey","SDG indicator 5.5.2 - Proportion of women in managerial positions (%)","2002",40.315,,,,"Repository: ILO-STATISTICS - Micro data processing"
"Latvia","LFS - EU Labour Force Survey","SDG indicator 5.5.2 - Proportion of women in managerial positions (%)","2001",38.438,,,,"Repository: ILO-STATISTICS - Micro data processing"
"Latvia","LFS - EU Labour Force Survey","SDG indicator 5.5.2 - Proportion of women in managerial positions (%)","2000",37.142,,,,"Repository: ILO-STATISTICS - Micro data processing"
"Morocco","LFS - National Employment Survey","SDG indicator 5.5.2 - Proportion of women in managerial positions (%)","2022",12.381,,,,"Employment definition: Excluding own-use production workers"
"Morocco","LFS - National Employment Survey","SDG indicator 5.5.2 - Proportion of women in managerial positions (%)","2021",15.199,,,,"Employment definition: Excluding own-use production workers"
"Morocco","PC - Population Census","SDG indicator 5.5.2 - Proportion of women in managerial positions (%)","2014",16.162,,,,"Repository: ILO-STATISTICS - Micro data processing"
"Morocco","LFS - National Employment Survey","SDG indicator 5.5.2 - Proportion of women in managerial positions (%)","2008",12.795,,,,
"Morocco","LFS - National Employment Survey","SDG indicator 5.5.2 - Proportion of women in managerial positions (%)","2007",12.098,,,,
"Morocco","LFS - National Employment Survey","SDG indicator 5.5.2 - Proportion of women in managerial positions (%)","2006",11.886,,,,
"Morocco","LFS - National Employment Survey","SDG indicator 5.5.2 - Proportion of women in managerial positions (%)","2005",12.4,,,,
"Morocco","LFS - National Employment Survey","SDG indicator 5.5.2 - Proportion of women in managerial positions (%)","2004",10.756,,,,
"Republic of Moldova","LFS - Labour Force Survey","SDG indicator 5.5.2 - Proportion of women in managerial positions (%)","2023",43.568,,,,"Repository: ILO-STATISTICS - Micro data processing"
"Republic of Moldova","LFS - Labour Force Survey","SDG indicator 5.5.2 - Proportion of women in managerial positions (%)","2022",44.598,,,,"Repository: ILO-STATISTICS - Micro data processing"
"Republic of Moldova","LFS - Labour Force Survey","SDG indicator 5.5.2 - Proportion of women in managerial positions (%)","2021",44.59,,,,"Repository: ILO-STATISTICS - Micro data processing"
"Republic of Moldova","LFS - Labour Force Survey","SDG indicator 5.5.2 - Proportion of women in managerial positions (%)","2020",42.154,,,,"Repository: ILO-STATISTICS - Micro data processing"
"Republic of Moldova","LFS - Labour Force Survey","SDG indicator 5.5.2 - Proportion of women in managerial positions (%)","2019",45.676,,,,"Repository: ILO-STATISTICS - Micro data processing"
"Republic of Moldova","LFS - Labour Force Survey","SDG indicator 5.5.2 - Proportion of women in managerial positions (%)","2018",40.251,,,,"Repository: ILO-STATISTICS - Micro data processing"
"Republic of Moldova","LFS - Labour Force Survey","SDG indicator 5.5.2 - Proportion of women in managerial positions (%)","2017",41.453,,,,"Repository: ILO-STATISTICS - Micro data processing"
"Republic of Moldova","LFS - Labour Force Survey","SDG indicator 5.5.2 - Proportion of women in managerial positions (%)","2016",46.596,,,,"Repository: ILO-STATISTICS - Micro data processing"
"Republic of Moldova","LFS - Labour Force Survey","SDG indicator 5.5.2 - Proportion of women in managerial positions (%)","2015",48.467,,,,"Repository: ILO-STATISTICS - Micro data processing"
"Republic of Moldova","LFS - Labour Force Survey","SDG indicator 5.5.2 - Proportion of women in managerial positions (%)","2014",42.569,,,,"Repository: ILO-STATISTICS - Micro data processing"
"Republic of Moldova","LFS - Labour Force Survey","SDG indicator 5.5.2 - Proportion of women in managerial positions (%)","2013",39.173,,,,"Repository: ILO-STATISTICS - Micro data processing"
"Republic of Moldova","LFS - Labour Force Survey","SDG indicator 5.5.2 - Proportion of women in managerial positions (%)","2012",44.108,,,,"Repository: ILO-STATISTICS - Micro data processing"
"Republic of Moldova","LFS - Labour Force Survey","SDG indicator 5.5.2 - Proportion of women in managerial positions (%)","2011",39.37,,,,"Repository: ILO-STATISTICS - Micro data processing"
"Republic of Moldova","LFS - Labour Force Survey","SDG indicator 5.5.2 - Proportion of women in managerial positions (%)","2010",36.427,,,,"Repository: ILO-STATISTICS - Micro data processing"
"Republic of Moldova","LFS - Labour Force Survey","SDG indicator 5.5.2 - Proportion of women in managerial positions (%)","2009",38.652,,,,"Repository: ILO-STATISTICS - Micro data processing"
"Republic of Moldova","LFS - Labour Force Survey","SDG indicator 5.5.2 - Proportion of women in managerial positions (%)","2008",37.936,,,,"Repository: ILO-STATISTICS - Micro data processing"
"Republic of Moldova","LFS - Labour Force Survey","SDG indicator 5.5.2 - Proportion of women in managerial positions (%)","2007",40.153,,,,"Repository: ILO-STATISTICS - Micro data processing"
"Republic of Moldova","LFS - Labour Force Survey","SDG indicator 5.5.2 - Proportion of women in managerial positions (%)","2006",38.876,,,,"Repository: ILO-STATISTICS - Micro data processing"
"Republic of Moldova","LFS - Labour Force Survey","SDG indicator 5.5.2 - Proportion of women in managerial positions (%)","2005",38.815,,,,"Repository: ILO-STATISTICS - Micro data processing"
"Republic of Moldova","LFS - Labour Force Survey","SDG indicator 5.5.2 - Proportion of women in managerial positions (%)","2004",39.017,,,,"Repository: ILO-STATISTICS - Micro data processing"
"Republic of Moldova","LFS - Labour Force Survey","SDG indicator 5.5.2 - Proportion of women in managerial positions (%)","2003",39.432,,,,"Repository: ILO-STATISTICS - Micro data processing"
"Republic of Moldova","LFS - Labour Force Survey","SDG indicator 5.5.2 - Proportion of women in managerial positions (%)","2002",40.245,,,,"Repository: ILO-STATISTICS - Micro data processing"
"Republic of Moldova","LFS - Labour Force Survey","SDG indicator 5.5.2 - Proportion of women in managerial positions (%)","2001",37.488,,,,"Repository: ILO-STATISTICS - Micro data processing"
"Republic of Moldova","LFS - Labour Force Survey","SDG indicator 5.5.2 - Proportion of women in managerial positions (%)","2000",33.161,,,,"Repository: ILO-STATISTICS - Micro data processing"
"Madagascar","HS - Periodic Household Survey","SDG indicator 5.5.2 - Proportion of women in managerial positions (%)","2022",28.103,"Break in series",,"Break in series: Methodology revised","Repository: ILO-STATISTICS - Micro data processing"
"Madagascar","LFS - National Survey on Employment and the Informal Sector","SDG indicator 5.5.2 - Proportion of women in managerial positions (%)","2015",31.765,,,,"Repository: ILO-STATISTICS - Micro data processing"
"Madagascar","LFS - National Survey on Employment and the Informal Sector","SDG indicator 5.5.2 - Proportion of women in managerial positions (%)","2012",25.084,"Break in series",,"Break in series: Methodology revised","Repository: ILO-STATISTICS - Micro data processing"
"Madagascar","HS - Periodic Household Survey","SDG indicator 5.5.2 - Proportion of women in managerial positions (%)","2010",36.584,,,,"Data reference period: Fourth quarter | Age coverage - minimum age: Less than or equal to 9 years old"
"Madagascar","HS - Periodic Household Survey","SDG indicator 5.5.2 - Proportion of women in managerial positions (%)","2005",22.103,,,,"Population coverage: Excluding armed forces and/or conscripts | Age coverage - minimum age: Less than or equal to 9 years old"
"Madagascar","HS - Periodic Household Survey","SDG indicator 5.5.2 - Proportion of women in managerial positions (%)","2001",12.24,"Break in series",,"Break in series: Methodology revised","Repository: ILO-STATISTICS - Micro data processing"
"Maldives","HIES - Household Income and Expenditure Survey","SDG indicator 5.5.2 - Proportion of women in managerial positions (%)","2019",18.655,,,,"Repository: ILO-STATISTICS - Micro data processing"
"Maldives","HIES - Household Income and Expenditure Survey","SDG indicator 5.5.2 - Proportion of women in managerial positions (%)","2016",19.579,"Break in series",,"Break in series: Methodology revised","Repository: ILO-STATISTICS - Micro data processing"
"Maldives","PC - Population Census","SDG indicator 5.5.2 - Proportion of women in managerial positions (%)","2014",18.883,,,,"Repository: ILO-STATISTICS - Micro data processing"
"Maldives","HIES - Household Income and Expenditure Survey","SDG indicator 5.5.2 - Proportion of women in managerial positions (%)","2009",13.366,,,,"Repository: ILO-STATISTICS - Micro data processing"
"Maldives","PC - Population Census","SDG indicator 5.5.2 - Proportion of women in managerial positions (%)","2000",15.387,,,,"Population coverage: Excluding armed forces and/or conscripts | Age coverage - minimum age: 12 years old"
"Mexico","LFS - National Occupation and Employment Survey","SDG indicator 5.5.2 - Proportion of women in managerial positions (%)","2023",38.752,,,,"Repository: ILO-STATISTICS - Micro data processing"
"Mexico","LFS - National Occupation and Employment Survey","SDG indicator 5.5.2 - Proportion of women in managerial positions (%)","2022",39.179,,,,"Repository: ILO-STATISTICS - Micro data processing"
"Mexico","LFS - National Occupation and Employment Survey","SDG indicator 5.5.2 - Proportion of women in managerial positions (%)","2021",38.649,,,,"Repository: ILO-STATISTICS - Micro data processing"
"Mexico","LFS - National Occupation and Employment Survey","SDG indicator 5.5.2 - Proportion of women in managerial positions (%)","2020",38.533,"Break in series",,"Break in series: Methodology revised","Repository: ILO-STATISTICS - Micro data processing"
"Mexico","LFS - National Occupation and Employment Survey","SDG indicator 5.5.2 - Proportion of women in managerial positions (%)","2019",36.245,,,,"Repository: ILO-STATISTICS - Micro data processing"
"Mexico","LFS - National Occupation and Employment Survey","SDG indicator 5.5.2 - Proportion of women in managerial positions (%)","2018",36.166,,,,"Repository: ILO-STATISTICS - Micro data processing"
"Mexico","LFS - National Occupation and Employment Survey","SDG indicator 5.5.2 - Proportion of women in managerial positions (%)","2017",36.792,,,,"Repository: ILO-STATISTICS - Micro data processing"
"Mexico","LFS - National Occupation and Employment Survey","SDG indicator 5.5.2 - Proportion of women in managerial positions (%)","2016",36.247,,,,"Repository: ILO-STATISTICS - Micro data processing"
"Mexico","LFS - National Occupation and Employment Survey","SDG indicator 5.5.2 - Proportion of women in managerial positions (%)","2015",36.398,,,,"Repository: ILO-STATISTICS - Micro data processing"
"Mexico","LFS - National Occupation and Employment Survey","SDG indicator 5.5.2 - Proportion of women in managerial positions (%)","2014",35.55,,,,"Repository: ILO-STATISTICS - Micro data processing"
"Mexico","LFS - National Occupation and Employment Survey","SDG indicator 5.5.2 - Proportion of women in managerial positions (%)","2013",35.204,,,,"Repository: ILO-STATISTICS - Micro data processing"
"Mexico","LFS - National Occupation and Employment Survey","SDG indicator 5.5.2 - Proportion of women in managerial positions (%)","2004",25.303,,,,"Repository: ILO-STATISTICS - Micro data processing"
"Mexico","LFS - National Occupation and Employment Survey","SDG indicator 5.5.2 - Proportion of women in managerial positions (%)","2003",23.852,,,,"Repository: ILO-STATISTICS - Micro data processing"
"Mexico","LFS - National Occupation and Employment Survey","SDG indicator 5.5.2 - Proportion of women in managerial positions (%)","2002",23.23,"Break in series",,"Break in series: Methodology revised","Repository: ILO-STATISTICS - Micro data processing"
"Mexico","LFS - National Occupation and Employment Survey","SDG indicator 5.5.2 - Proportion of women in managerial positions (%)","2001",25.22,,,,"Data reference period: Second quarter | Age coverage - minimum age: 14 years old"
"Mexico","LFS - National Occupation and Employment Survey","SDG indicator 5.5.2 - Proportion of women in managerial positions (%)","2000",23.604,,,,"Data reference period: Second quarter | Age coverage - minimum age: 14 years old"
"Marshall Islands","PC - Population Census","SDG indicator 5.5.2 - Proportion of women in managerial positions (%)","2021",33.304,"Break in series",,"Break in series: Methodology revised","Repository: ILO-STATISTICS - Micro data processing"
"Marshall Islands","HIES - Household Income and Expenditure Survey","SDG indicator 5.5.2 - Proportion of women in managerial positions (%)","2019",33.287,,,,"Repository: ILO-STATISTICS - Micro data processing"
"North Macedonia","LFS - Labour Force Survey","SDG indicator 5.5.2 - Proportion of women in managerial positions (%)","2023",26.533,,,,"Repository: ILO-STATISTICS - Micro data processing"
"North Macedonia","LFS - Labour Force Survey","SDG indicator 5.5.2 - Proportion of women in managerial positions (%)","2022",28.69,,,,"Repository: ILO-STATISTICS - Micro data processing"
"North Macedonia","LFS - Labour Force Survey","SDG indicator 5.5.2 - Proportion of women in managerial positions (%)","2021",21.57,,,,"Repository: ILO-STATISTICS - Micro data processing"
"North Macedonia","LFS - Labour Force Survey","SDG indicator 5.5.2 - Proportion of women in managerial positions (%)","2020",20.58,,,,"Repository: ILO-STATISTICS - Micro data processing"
"North Macedonia","LFS - Labour Force Survey","SDG indicator 5.5.2 - Proportion of women in managerial positions (%)","2019",25.983,,,,"Repository: ILO-STATISTICS - Micro data processing"
"North Macedonia","LFS - Labour Force Survey","SDG indicator 5.5.2 - Proportion of women in managerial positions (%)","2018",26.857,,,,"Repository: ILO-STATISTICS - Micro data processing"
"North Macedonia","LFS - Labour Force Survey","SDG indicator 5.5.2 - Proportion of women in managerial positions (%)","2017",24.018,,,,"Repository: ILO-STATISTICS - Micro data processing"
"North Macedonia","LFS - Labour Force Survey","SDG indicator 5.5.2 - Proportion of women in managerial positions (%)","2016",25.27,,,,"Repository: ILO-STATISTICS - Micro data processing"
"North Macedonia","LFS - Labour Force Survey","SDG indicator 5.5.2 - Proportion of women in managerial positions (%)","2015",23.971,,,,"Repository: ILO-STATISTICS - Micro data processing"
"North Macedonia","LFS - Labour Force Survey","SDG indicator 5.5.2 - Proportion of women in managerial positions (%)","2014",29.017,,,,"Repository: ILO-STATISTICS - Micro data processing"
"North Macedonia","LFS - Labour Force Survey","SDG indicator 5.5.2 - Proportion of women in managerial positions (%)","2013",27.314,,,,"Repository: ILO-STATISTICS - Micro data processing"
"North Macedonia","LFS - Labour Force Survey","SDG indicator 5.5.2 - Proportion of women in managerial positions (%)","2012",23.072,,,,"Repository: ILO-STATISTICS - Micro data processing"
"North Macedonia","LFS - Labour Force Survey","SDG indicator 5.5.2 - Proportion of women in managerial positions (%)","2011",27.983,,,,"Repository: ILO-STATISTICS - Micro data processing"
"North Macedonia","LFS - Labour Force Survey","SDG indicator 5.5.2 - Proportion of women in managerial positions (%)","2010",26.959,,,,"Repository: ILO-STATISTICS - Micro data processing"
"North Macedonia","LFS - Labour Force Survey","SDG indicator 5.5.2 - Proportion of women in managerial positions (%)","2009",26.76,,,,"Repository: ILO-STATISTICS - Micro data processing"
"North Macedonia","LFS - Labour Force Survey","SDG indicator 5.5.2 - Proportion of women in managerial positions (%)","2008",28.537,,,,"Repository: ILO-STATISTICS - Micro data processing"
"North Macedonia","LFS - Labour Force Survey","SDG indicator 5.5.2 - Proportion of women in managerial positions (%)","2007",29.306,,,,"Repository: ILO-STATISTICS - Micro data processing"
"North Macedonia","LFS - Labour Force Survey","SDG indicator 5.5.2 - Proportion of women in managerial positions (%)","2006",26.437,"Break in series",,"Break in series: Methodology revised","Repository: ILO-STATISTICS - Micro data processing"
"North Macedonia","LFS - Labour Force Survey","SDG indicator 5.5.2 - Proportion of women in managerial positions (%)","2005",28.513,,,,
"North Macedonia","LFS - Labour Force Survey","SDG indicator 5.5.2 - Proportion of women in managerial positions (%)","2004",28.031,,,,
"North Macedonia","LFS - Labour Force Survey","SDG indicator 5.5.2 - Proportion of women in managerial positions (%)","2003",26.838,,,,"Data reference period: April"
"North Macedonia","LFS - Labour Force Survey","SDG indicator 5.5.2 - Proportion of women in managerial positions (%)","2002",19.035,,,,"Data reference period: April"
"Mali","HIES - Harmonized Survey on Household Living Conditions","SDG indicator 5.5.2 - Proportion of women in managerial positions (%)","2022",20.627,"Unreliable",,,"Repository: ILO-STATISTICS - Micro data processing"
"Mali","LFS - Continous Household Employment Survey","SDG indicator 5.5.2 - Proportion of women in managerial positions (%)","2020",,"Unreliable",,,"Repository: ILO-STATISTICS - Micro data processing"
"Mali","LFS - Continous Household Employment Survey","SDG indicator 5.5.2 - Proportion of women in managerial positions (%)","2018",17.444,"Unreliable",,,"Repository: ILO-STATISTICS - Micro data processing"
"Mali","LFS - Continous Household Employment Survey","SDG indicator 5.5.2 - Proportion of women in managerial positions (%)","2017",14.798,"Unreliable",,,"Repository: ILO-STATISTICS - Micro data processing"
"Mali","LFS - Continous Household Employment Survey","SDG indicator 5.5.2 - Proportion of women in managerial positions (%)","2016",,"Unreliable",,,"Repository: ILO-STATISTICS - Micro data processing"
"Mali","LFS - Continous Household Employment Survey","SDG indicator 5.5.2 - Proportion of women in managerial positions (%)","2015",,"Unreliable",,,"Repository: ILO-STATISTICS - Micro data processing"
"Mali","LFS - Continous Household Employment Survey","SDG indicator 5.5.2 - Proportion of women in managerial positions (%)","2013",,"Unreliable",,,"Repository: ILO-STATISTICS - Micro data processing"
"Malta","LFS - Labour Force Survey","SDG indicator 5.5.2 - Proportion of women in managerial positions (%)","2023",34.562,,,,"Repository: ILO-STATISTICS - Micro data processing"
"Malta","LFS - Labour Force Survey","SDG indicator 5.5.2 - Proportion of women in managerial positions (%)","2022",33.527,,,,"Repository: ILO-STATISTICS - Micro data processing"
"Malta","LFS - Labour Force Survey","SDG indicator 5.5.2 - Proportion of women in managerial positions (%)","2021",30.397,,,,"Repository: ILO-STATISTICS - Micro data processing"
"Malta","LFS - Labour Force Survey","SDG indicator 5.5.2 - Proportion of women in managerial positions (%)","2020",27.924,,,,"Repository: ILO-STATISTICS - Micro data processing"
"Malta","LFS - Labour Force Survey","SDG indicator 5.5.2 - Proportion of women in managerial positions (%)","2019",29.755,,,,"Repository: ILO-STATISTICS - Micro data processing"
"Malta","LFS - Labour Force Survey","SDG indicator 5.5.2 - Proportion of women in managerial positions (%)","2018",28.956,,,,"Repository: ILO-STATISTICS - Micro data processing"
"Malta","LFS - Labour Force Survey","SDG indicator 5.5.2 - Proportion of women in managerial positions (%)","2017",28.785,,,,"Repository: ILO-STATISTICS - Micro data processing"
"Malta","LFS - Labour Force Survey","SDG indicator 5.5.2 - Proportion of women in managerial positions (%)","2016",27.637,,,,"Repository: ILO-STATISTICS - Micro data processing"
"Malta","LFS - Labour Force Survey","SDG indicator 5.5.2 - Proportion of women in managerial positions (%)","2015",26.794,,,,"Repository: ILO-STATISTICS - Micro data processing"
"Malta","LFS - Labour Force Survey","SDG indicator 5.5.2 - Proportion of women in managerial positions (%)","2014",26.417,,,,"Repository: ILO-STATISTICS - Micro data processing"
"Malta","LFS - Labour Force Survey","SDG indicator 5.5.2 - Proportion of women in managerial positions (%)","2013",28.561,,,,"Repository: ILO-STATISTICS - Micro data processing"
"Malta","LFS - Labour Force Survey","SDG indicator 5.5.2 - Proportion of women in managerial positions (%)","2012",27.176,,,,"Repository: ILO-STATISTICS - Micro data processing"
"Malta","LFS - Labour Force Survey","SDG indicator 5.5.2 - Proportion of women in managerial positions (%)","2011",24.306,,,,"Repository: ILO-STATISTICS - Micro data processing"
"Malta","LFS - Labour Force Survey","SDG indicator 5.5.2 - Proportion of women in managerial positions (%)","2010",22.705,,,,"Repository: ILO-STATISTICS - Micro data processing"
"Malta","LFS - Labour Force Survey","SDG indicator 5.5.2 - Proportion of women in managerial positions (%)","2009",21.393,,,,"Repository: ILO-STATISTICS - Micro data processing"
"Malta","LFS - Labour Force Survey","SDG indicator 5.5.2 - Proportion of women in managerial positions (%)","2008",17.054,,,,"Repository: Eurostat special tabulation"
"Malta","LFS - Labour Force Survey","SDG indicator 5.5.2 - Proportion of women in managerial positions (%)","2007",17.966,,,,"Repository: Eurostat special tabulation"
"Malta","LFS - Labour Force Survey","SDG indicator 5.5.2 - Proportion of women in managerial positions (%)","2006",18.299,,,,"Repository: Eurostat special tabulation"
"Malta","LFS - Labour Force Survey","SDG indicator 5.5.2 - Proportion of women in managerial positions (%)","2005",18.042,"Break in series",,"Break in series: Methodology revised","Repository: Eurostat special tabulation"
"Malta","LFS - Labour Force Survey","SDG indicator 5.5.2 - Proportion of women in managerial positions (%)","2004",13.068,"Break in series",,"Break in series: Methodology revised","Repository: Eurostat special tabulation"
"Malta","LFS - Labour Force Survey","SDG indicator 5.5.2 - Proportion of women in managerial positions (%)","2003",19.08,"Unreliable",,,"Repository: Eurostat special tabulation"
"Malta","LFS - Labour Force Survey","SDG indicator 5.5.2 - Proportion of women in managerial positions (%)","2002",17.646,"Unreliable",,,"Repository: Eurostat special tabulation"
"Malta","LFS - Labour Force Survey","SDG indicator 5.5.2 - Proportion of women in managerial positions (%)","2001",15.329,"Unreliable",,,"Repository: Eurostat special tabulation"
"Malta","LFS - Labour Force Survey","SDG indicator 5.5.2 - Proportion of women in managerial positions (%)","2000",17.604,"Unreliable",,,"Repository: Eurostat special tabulation"
"Myanmar","LFS - Labour Force Survey","SDG indicator 5.5.2 - Proportion of women in managerial positions (%)","2020",27.813,,,,"Repository: ILO-STATISTICS - Micro data processing | Data reference period: First semester"
"Myanmar","LFS - Labour Force Survey","SDG indicator 5.5.2 - Proportion of women in managerial positions (%)","2019",35.719,,,,"Repository: ILO-STATISTICS - Micro data processing"
"Myanmar","LFS - Labour Force Survey","SDG indicator 5.5.2 - Proportion of women in managerial positions (%)","2018",32.342,,,,"Repository: ILO-STATISTICS - Micro data processing"
"Myanmar","LFS - Labour Force Survey","SDG indicator 5.5.2 - Proportion of women in managerial positions (%)","2017",35.547,"Break in series",,"Break in series: Methodology revised","Repository: ILO-STATISTICS - Micro data processing"
"Myanmar","LFS - Labour Force Survey","SDG indicator 5.5.2 - Proportion of women in managerial positions (%)","2015",28.36,"Break in series",,"Break in series: Methodology revised","Repository: ILO-STATISTICS - Micro data processing"
"Montenegro","LFS - Labour Force Survey","SDG indicator 5.5.2 - Proportion of women in managerial positions (%)","2023",24.459,,,,"Repository: ILO-STATISTICS - Micro data processing"
"Montenegro","LFS - Labour Force Survey","SDG indicator 5.5.2 - Proportion of women in managerial positions (%)","2022",38.815,,,,"Repository: ILO-STATISTICS - Micro data processing"
"Montenegro","LFS - Labour Force Survey","SDG indicator 5.5.2 - Proportion of women in managerial positions (%)","2021",36.329,,,,"Repository: ILO-STATISTICS - Micro data processing"
"Montenegro","LFS - Labour Force Survey","SDG indicator 5.5.2 - Proportion of women in managerial positions (%)","2020",32.119,,,,"Repository: ILO-STATISTICS - Micro data processing"
"Montenegro","LFS - Labour Force Survey","SDG indicator 5.5.2 - Proportion of women in managerial positions (%)","2019",35.775,,,,"Repository: ILO-STATISTICS - Micro data processing"
"Montenegro","LFS - Labour Force Survey","SDG indicator 5.5.2 - Proportion of women in managerial positions (%)","2018",28.77,,,,"Repository: ILO-STATISTICS - Micro data processing"
"Montenegro","LFS - Labour Force Survey","SDG indicator 5.5.2 - Proportion of women in managerial positions (%)","2017",22.142,,,,"Repository: ILO-STATISTICS - Micro data processing"
"Montenegro","LFS - Labour Force Survey","SDG indicator 5.5.2 - Proportion of women in managerial positions (%)","2016",29.365,,,,"Repository: ILO-STATISTICS - Micro data processing"
"Montenegro","LFS - Labour Force Survey","SDG indicator 5.5.2 - Proportion of women in managerial positions (%)","2015",22.335,,,,"Repository: ILO-STATISTICS - Micro data processing"
"Montenegro","LFS - Labour Force Survey","SDG indicator 5.5.2 - Proportion of women in managerial positions (%)","2014",26.672,,,,"Repository: ILO-STATISTICS - Micro data processing"
"Montenegro","LFS - Labour Force Survey","SDG indicator 5.5.2 - Proportion of women in managerial positions (%)","2013",25.421,,,,"Repository: ILO-STATISTICS - Micro data processing"
"Montenegro","LFS - Labour Force Survey","SDG indicator 5.5.2 - Proportion of women in managerial positions (%)","2012",26.806,,,,"Repository: ILO-STATISTICS - Micro data processing"
"Montenegro","LFS - Labour Force Survey","SDG indicator 5.5.2 - Proportion of women in managerial positions (%)","2011",30.507,,,,"Repository: ILO-STATISTICS - Micro data processing"
"Montenegro","LFS - Labour Force Survey","SDG indicator 5.5.2 - Proportion of women in managerial positions (%)","2010",30.189,,,,"Data reference period: October | Age coverage - maximum age: 64 years old"
"Montenegro","LFS - Labour Force Survey","SDG indicator 5.5.2 - Proportion of women in managerial positions (%)","2009",24.503,,,,"Data reference period: October | Age coverage - maximum age: 64 years old"
"Montenegro","LFS - Labour Force Survey","SDG indicator 5.5.2 - Proportion of women in managerial positions (%)","2008",23.358,,,,"Data reference period: October | Age coverage - maximum age: 64 years old"
"Montenegro","LFS - Labour Force Survey","SDG indicator 5.5.2 - Proportion of women in managerial positions (%)","2007",31.387,,,,"Data reference period: October | Age coverage - maximum age: 64 years old"
"Montenegro","LFS - Labour Force Survey","SDG indicator 5.5.2 - Proportion of women in managerial positions (%)","2005",19.674,,,,"Data reference period: October | Age coverage - maximum age: 64 years old"
"Montenegro","PC - Population Census","SDG indicator 5.5.2 - Proportion of women in managerial positions (%)","2003",26.533,,,,"Data reference period: October"
"Mongolia","LFS - Labour Force Survey","SDG indicator 5.5.2 - Proportion of women in managerial positions (%)","2023",51.216,,,,"Repository: ILO-STATISTICS - Micro data processing"
"Mongolia","LFS - Labour Force Survey","SDG indicator 5.5.2 - Proportion of women in managerial positions (%)","2022",42.676,,,,"Repository: ILO-STATISTICS - Micro data processing"
"Mongolia","LFS - Labour Force Survey","SDG indicator 5.5.2 - Proportion of women in managerial positions (%)","2021",43.52,,,,"Repository: ILO-STATISTICS - Micro data processing"
"Mongolia","LFS - Labour Force Survey","SDG indicator 5.5.2 - Proportion of women in managerial positions (%)","2020",49.059,,,,"Repository: ILO-STATISTICS - Micro data processing"
"Mongolia","LFS - Labour Force Survey","SDG indicator 5.5.2 - Proportion of women in managerial positions (%)","2019",42.984,"Break in series",,"Break in series: Methodology revised","Repository: ILO-STATISTICS - Micro data processing"
"Mongolia","LFS - Labour Force Survey","SDG indicator 5.5.2 - Proportion of women in managerial positions (%)","2018",38.926,,,,"Repository: ILO-STATISTICS - Micro data processing"
"Mongolia","LFS - Labour Force Survey","SDG indicator 5.5.2 - Proportion of women in managerial positions (%)","2017",42.449,,,,"Repository: ILO-STATISTICS - Micro data processing"
"Mongolia","LFS - Labour Force Survey","SDG indicator 5.5.2 - Proportion of women in managerial positions (%)","2016",40.786,,,,"Repository: ILO-STATISTICS - Micro data processing"
"Mongolia","LFS - Labour Force Survey","SDG indicator 5.5.2 - Proportion of women in managerial positions (%)","2015",40.571,,,,"Repository: ILO-STATISTICS - Micro data processing"
"Mongolia","LFS - Labour Force Survey","SDG indicator 5.5.2 - Proportion of women in managerial positions (%)","2014",38.043,,,,"Repository: ILO-STATISTICS - Micro data processing"
"Mongolia","LFS - Labour Force Survey","SDG indicator 5.5.2 - Proportion of women in managerial positions (%)","2013",41.298,,,,"Repository: ILO-STATISTICS - Micro data processing"
"Mongolia","LFS - Labour Force Survey","SDG indicator 5.5.2 - Proportion of women in managerial positions (%)","2012",41.888,,,,"Repository: ILO-STATISTICS - Micro data processing"
"Mongolia","LFS - Labour Force Survey","SDG indicator 5.5.2 - Proportion of women in managerial positions (%)","2011",38.781,,,,"Repository: ILO-STATISTICS - Micro data processing"
"Mongolia","LFS - Labour Force Survey","SDG indicator 5.5.2 - Proportion of women in managerial positions (%)","2010",37.617,,,,"Repository: ILO-STATISTICS - Micro data processing"
"Mongolia","LFS - Labour Force Survey","SDG indicator 5.5.2 - Proportion of women in managerial positions (%)","2009",38.709,,,,"Repository: ILO-STATISTICS - Micro data processing | Data reference period: Noncalendar year"
"Mongolia","LFS - Labour Force Survey","SDG indicator 5.5.2 - Proportion of women in managerial positions (%)","2008",42.446,"Break in series",,"Break in series: Methodology revised","Repository: ILO-STATISTICS - Micro data processing | Data reference period: Noncalendar year"
"Mongolia","OE - Official Estimates","SDG indicator 5.5.2 - Proportion of women in managerial positions (%)","2007",48.111,,,,"Data reference period: December | Age coverage - minimum age: 16 years old"
"Mongolia","LFS - Labour Force Survey","SDG indicator 5.5.2 - Proportion of women in managerial positions (%)","2006",38.246,,,,"Repository: ILO-STATISTICS - Micro data processing | Data reference period: Noncalendar year"
"Mongolia","OE - Official Estimates","SDG indicator 5.5.2 - Proportion of women in managerial positions (%)","2005",49.755,,,,"Data reference period: December | Age coverage - minimum age: 16 years old"
"Mongolia","LFS - Labour Force Survey","SDG indicator 5.5.2 - Proportion of women in managerial positions (%)","2003",31.747,,,,"Repository: ILO-STATISTICS - Micro data processing | Data reference period: Noncalendar year"
"Mongolia","PC - Population Census","SDG indicator 5.5.2 - Proportion of women in managerial positions (%)","2000",30.16,,,,"Repository: ILO-STATISTICS - Micro data processing"
"Mozambique","HIES - Household Budget Survey","SDG indicator 5.5.2 - Proportion of women in managerial positions (%)","2022",27.939,,,,"Repository: ILO-STATISTICS - Micro data processing"
"Mozambique","HIES - Household Budget Survey","SDG indicator 5.5.2 - Proportion of women in managerial positions (%)","2015",24.331,,,,"Repository: ILO-STATISTICS - Micro data processing"
"Montserrat","LFS - Labour Force Survey","SDG indicator 5.5.2 - Proportion of women in managerial positions (%)","2020",50.174,,,,"Repository: ILO-STATISTICS - Micro data processing"
"Mauritius","LFS - Continuous Multi-Purpose Household Survey","SDG indicator 5.5.2 - Proportion of women in managerial positions (%)","2023",33.911,,,,"Repository: ILO-STATISTICS - Micro data processing | Age coverage - minimum age: 16 years old"
"Mauritius","LFS - Continuous Multi-Purpose Household Survey","SDG indicator 5.5.2 - Proportion of women in managerial positions (%)","2022",27.872,,,,"Repository: ILO-STATISTICS - Micro data processing | Age coverage - minimum age: 16 years old"
"Mauritius","LFS - Continuous Multi-Purpose Household Survey","SDG indicator 5.5.2 - Proportion of women in managerial positions (%)","2021",38.959,,,,"Repository: ILO-STATISTICS - Micro data processing | Age coverage - minimum age: 16 years old"
"Mauritius","LFS - Continuous Multi-Purpose Household Survey","SDG indicator 5.5.2 - Proportion of women in managerial positions (%)","2019",30.206,,,,"Repository: ILO-STATISTICS - Micro data processing | Age coverage - minimum age: 16 years old"
"Mauritius","LFS - Continuous Multi-Purpose Household Survey","SDG indicator 5.5.2 - Proportion of women in managerial positions (%)","2018",32.143,,,,"Repository: ILO-STATISTICS - Micro data processing | Age coverage - minimum age: 16 years old"
"Mauritius","LFS - Continuous Multi-Purpose Household Survey","SDG indicator 5.5.2 - Proportion of women in managerial positions (%)","2017",30.095,,,,"Repository: ILO-STATISTICS - Micro data processing | Age coverage - minimum age: 16 years old"
"Mauritius","LFS - Continuous Multi-Purpose Household Survey","SDG indicator 5.5.2 - Proportion of women in managerial positions (%)","2016",30.603,,,,"Repository: ILO-STATISTICS - Micro data processing | Age coverage - minimum age: 16 years old"
"Mauritius","LFS - Continuous Multi-Purpose Household Survey","SDG indicator 5.5.2 - Proportion of women in managerial positions (%)","2015",28.886,,,,"Repository: ILO-STATISTICS - Micro data processing | Age coverage - minimum age: 16 years old"
"Mauritius","LFS - Continuous Multi-Purpose Household Survey","SDG indicator 5.5.2 - Proportion of women in managerial positions (%)","2014",28.538,,,,"Repository: ILO-STATISTICS - Micro data processing | Age coverage - minimum age: 16 years old"
"Mauritius","LFS - Continuous Multi-Purpose Household Survey","SDG indicator 5.5.2 - Proportion of women in managerial positions (%)","2013",32.559,,,,"Repository: ILO-STATISTICS - Micro data processing | Age coverage - minimum age: 16 years old"
"Mauritius","LFS - Continuous Multi-Purpose Household Survey","SDG indicator 5.5.2 - Proportion of women in managerial positions (%)","2012",23.03,,,,"Repository: ILO-STATISTICS - Micro data processing | Age coverage - minimum age: 16 years old"
"Mauritius","LFS - Continuous Multi-Purpose Household Survey","SDG indicator 5.5.2 - Proportion of women in managerial positions (%)","2011",22.168,,,,"Repository: ILO-STATISTICS - Micro data processing | Age coverage - minimum age: 16 years old"
"Mauritius","LFS - Continuous Multi-Purpose Household Survey","SDG indicator 5.5.2 - Proportion of women in managerial positions (%)","2010",26.189,,,,"Repository: ILO-STATISTICS - Micro data processing | Age coverage - minimum age: 16 years old"
"Mauritius","LFS - Continuous Multi-Purpose Household Survey","SDG indicator 5.5.2 - Proportion of women in managerial positions (%)","2009",25.602,,,,"Repository: ILO-STATISTICS - Micro data processing | Age coverage - minimum age: 16 years old"
"Mauritius","LFS - Continuous Multi-Purpose Household Survey","SDG indicator 5.5.2 - Proportion of women in managerial positions (%)","2008",22.996,,,,"Repository: ILO-STATISTICS - Micro data processing | Age coverage - minimum age: 16 years old"
"Mauritius","LFS - Continuous Multi-Purpose Household Survey","SDG indicator 5.5.2 - Proportion of women in managerial positions (%)","2007",20.194,,,,"Repository: ILO-STATISTICS - Micro data processing | Age coverage - minimum age: 16 years old"
"Mauritius","LFS - Continuous Multi-Purpose Household Survey","SDG indicator 5.5.2 - Proportion of women in managerial positions (%)","2006",15.33,,,,"Repository: ILO-STATISTICS - Micro data processing | Age coverage - minimum age: 16 years old"
"Mauritius","LFS - Continuous Multi-Purpose Household Survey","SDG indicator 5.5.2 - Proportion of women in managerial positions (%)","2005",24.688,,,,"Repository: ILO-STATISTICS - Micro data processing | Age coverage - minimum age: 16 years old"
"Mauritius","LFS - Continuous Multi-Purpose Household Survey","SDG indicator 5.5.2 - Proportion of women in managerial positions (%)","2004",20.498,,,,"Repository: ILO-STATISTICS - Micro data processing | Age coverage - minimum age: 16 years old"
"Mauritius","LFS - Continuous Multi-Purpose Household Survey","SDG indicator 5.5.2 - Proportion of women in managerial positions (%)","2003",24.32,"Break in series",,"Break in series: Methodology revised","Repository: ILO-STATISTICS - Micro data processing | Age coverage - minimum age: 16 years old"
"Mauritius","LFS - Continuous Multi-Purpose Household Survey","SDG indicator 5.5.2 - Proportion of women in managerial positions (%)","2002",18.86,,,,"Repository: ILO-STATISTICS - Micro data processing | Age coverage - minimum age: 16 years old"
"Mauritius","LFS - Continuous Multi-Purpose Household Survey","SDG indicator 5.5.2 - Proportion of women in managerial positions (%)","2001",19.612,"Break in series",,"Break in series: Methodology revised","Repository: ILO-STATISTICS - Micro data processing | Age coverage - minimum age: 16 years old"
"Mauritius","PC - Population Census","SDG indicator 5.5.2 - Proportion of women in managerial positions (%)","2000",22.026,,,,"Data reference period: July | Age coverage - minimum age: 12 years old"
"Malawi","LFS - Labour Force Survey","SDG indicator 5.5.2 - Proportion of women in managerial positions (%)","2013",15.623,"Break in series",,"Break in series: Methodology revised","Repository: ILO-STATISTICS - Micro data processing"
"Malaysia","LFS - Labour Force Survey","SDG indicator 5.5.2 - Proportion of women in managerial positions (%)","2022",24.6,,,,"Employment definition: Excluding own-use production workers | Age coverage - maximum age: 64 years old"
"Malaysia","LFS - Labour Force Survey","SDG indicator 5.5.2 - Proportion of women in managerial positions (%)","2021",24.047,,,,"Employment definition: Excluding own-use production workers | Age coverage - maximum age: 64 years old"
"Malaysia","LFS - Labour Force Survey","SDG indicator 5.5.2 - Proportion of women in managerial positions (%)","2020",24.852,,,,"Employment definition: Excluding own-use production workers | Age coverage - maximum age: 64 years old"
"Malaysia","LFS - Labour Force Survey","SDG indicator 5.5.2 - Proportion of women in managerial positions (%)","2019",23.283,,,,"Employment definition: Excluding own-use production workers | Age coverage - maximum age: 64 years old"
"Malaysia","LFS - Labour Force Survey","SDG indicator 5.5.2 - Proportion of women in managerial positions (%)","2018",24.648,,,,"Employment definition: Excluding own-use production workers | Age coverage - maximum age: 64 years old"
"Malaysia","LFS - Labour Force Survey","SDG indicator 5.5.2 - Proportion of women in managerial positions (%)","2017",22.106,,,,"Employment definition: Excluding own-use production workers | Age coverage - maximum age: 64 years old"
"Malaysia","LFS - Labour Force Survey","SDG indicator 5.5.2 - Proportion of women in managerial positions (%)","2016",20.41,,,,"Population coverage: Excluding institutional population | Age coverage - maximum age: 64 years old"
"Malaysia","LFS - Labour Force Survey","SDG indicator 5.5.2 - Proportion of women in managerial positions (%)","2015",22.53,,,,"Age coverage - maximum age: 64 years old"
"Malaysia","LFS - Labour Force Survey","SDG indicator 5.5.2 - Proportion of women in managerial positions (%)","2014",22.246,,,,"Age coverage - maximum age: 64 years old"
"Malaysia","LFS - Labour Force Survey","SDG indicator 5.5.2 - Proportion of women in managerial positions (%)","2013",22.07,,,,"Age coverage - maximum age: 64 years old"
"Malaysia","LFS - Labour Force Survey","SDG indicator 5.5.2 - Proportion of women in managerial positions (%)","2012",21.552,,,,"Age coverage - maximum age: 64 years old"
"Malaysia","LFS - Labour Force Survey","SDG indicator 5.5.2 - Proportion of women in managerial positions (%)","2011",22.646,,,,"Age coverage - maximum age: 64 years old"
"Malaysia","LFS - Labour Force Survey","SDG indicator 5.5.2 - Proportion of women in managerial positions (%)","2010",24.875,,,,"Age coverage - maximum age: 64 years old"
"Malaysia","LFS - Labour Force Survey","SDG indicator 5.5.2 - Proportion of women in managerial positions (%)","2009",23.125,,,,"Age coverage - maximum age: 64 years old"
"Malaysia","LFS - Labour Force Survey","SDG indicator 5.5.2 - Proportion of women in managerial positions (%)","2008",24.225,,,,"Population coverage: Excluding armed forces and/or conscripts | Age coverage - maximum age: 64 years old"
"Malaysia","LFS - Labour Force Survey","SDG indicator 5.5.2 - Proportion of women in managerial positions (%)","2007",23.014,,,,"Population coverage: Excluding armed forces and/or conscripts | Age coverage - maximum age: 64 years old"
"Malaysia","LFS - Labour Force Survey","SDG indicator 5.5.2 - Proportion of women in managerial positions (%)","2006",23.361,,,,"Population coverage: Excluding armed forces and/or conscripts | Age coverage - maximum age: 64 years old"
"Malaysia","LFS - Labour Force Survey","SDG indicator 5.5.2 - Proportion of women in managerial positions (%)","2005",25.47,,,,"Population coverage: Excluding armed forces and/or conscripts | Age coverage - maximum age: 64 years old"
"Malaysia","LFS - Labour Force Survey","SDG indicator 5.5.2 - Proportion of women in managerial positions (%)","2004",24.636,,,,"Population coverage: Excluding armed forces and/or conscripts | Age coverage - maximum age: 64 years old"
"Malaysia","LFS - Labour Force Survey","SDG indicator 5.5.2 - Proportion of women in managerial positions (%)","2003",23.201,,,,"Population coverage: Excluding armed forces and/or conscripts | Age coverage - maximum age: 64 years old"
"Malaysia","LFS - Labour Force Survey","SDG indicator 5.5.2 - Proportion of women in managerial positions (%)","2002",23.108,,,,"Population coverage: Excluding armed forces and/or conscripts | Age coverage - maximum age: 64 years old"
"Malaysia","LFS - Labour Force Survey","SDG indicator 5.5.2 - Proportion of women in managerial positions (%)","2001",21.799,,,,"Population coverage: Excluding armed forces and/or conscripts | Age coverage - maximum age: 64 years old"
"Malaysia","PC - Population and Housing Census","SDG indicator 5.5.2 - Proportion of women in managerial positions (%)","2000",22.542,,,,"Repository: ILO-STATISTICS - Micro data processing"
"Namibia","LFS - Labour Force Survey","SDG indicator 5.5.2 - Proportion of women in managerial positions (%)","2018",43.567,,,,"Repository: ILO-STATISTICS - Micro data processing"
"Namibia","LFS - Labour Force Survey","SDG indicator 5.5.2 - Proportion of women in managerial positions (%)","2016",39.899,,,,"Repository: ILO-STATISTICS - Micro data processing"
"Namibia","LFS - Labour Force Survey","SDG indicator 5.5.2 - Proportion of women in managerial positions (%)","2014",43.972,,,,"Repository: ILO-STATISTICS - Micro data processing"
"Namibia","LFS - Labour Force Survey","SDG indicator 5.5.2 - Proportion of women in managerial positions (%)","2013",42.602,,,,"Repository: ILO-STATISTICS - Micro data processing"
"Namibia","LFS - Labour Force Survey","SDG indicator 5.5.2 - Proportion of women in managerial positions (%)","2012",29.704,"Break in series",,"Break in series: Methodology revised","Repository: ILO-STATISTICS - Micro data processing"
"Namibia","HIES - Household Income and Expenditure Survey","SDG indicator 5.5.2 - Proportion of women in managerial positions (%)","2010",36.559,,,,"Repository: ILO-STATISTICS - Micro data processing"
"Namibia","LFS - Labour Force Survey","SDG indicator 5.5.2 - Proportion of women in managerial positions (%)","2004",35.977,,,,"Age coverage - maximum age: 69 years old"
"Namibia","LFS - Labour Force Survey","SDG indicator 5.5.2 - Proportion of women in managerial positions (%)","2000",30.189,,,,"Age coverage - maximum age: 69 years old"
"Niger","HIES - National Survey on Household Living Conditions","SDG indicator 5.5.2 - Proportion of women in managerial positions (%)","2022",,"Unreliable",,,"Repository: ILO-STATISTICS - Micro data processing"
"Niger","LFS - National Survey on Employment and the Informal Sector","SDG indicator 5.5.2 - Proportion of women in managerial positions (%)","2017",49.311,"Break in series",,"Break in series: Methodology revised","Repository: ILO-STATISTICS - Micro data processing"
"Nigeria","HIES - Socio Economic Survey","SDG indicator 5.5.2 - Proportion of women in managerial positions (%)","2019",64.426,"Break in series",,"Break in series: Methodology revised","Repository: ILO-STATISTICS - Micro data processing"
"Nigeria","HS - General Household Survey","SDG indicator 5.5.2 - Proportion of women in managerial positions (%)","2013",30.424,,,,"Repository: ILO-STATISTICS - Micro data processing"
"Nigeria","HS - General Household Survey","SDG indicator 5.5.2 - Proportion of women in managerial positions (%)","2011",33.058,"Break in series",,"Break in series: Methodology revised","Repository: ILO-STATISTICS - Micro data processing"
"Nicaragua","HIES - National Household Survey on Measuring Living Conditions","SDG indicator 5.5.2 - Proportion of women in managerial positions (%)","2014",35.206,"Break in series",,"Break in series: Methodology revised","Repository: ILO-STATISTICS - Micro data processing"
"Nicaragua","LFS - Continous Household Survey","SDG indicator 5.5.2 - Proportion of women in managerial positions (%)","2012",33.542,"Break in series",,"Break in series: Methodology revised","Repository: ILO-STATISTICS - Micro data processing"
"Nicaragua","LFS - Continous Household Survey","SDG indicator 5.5.2 - Proportion of women in managerial positions (%)","2006",40.994,,,,"Age coverage - minimum age: 10 years old"
"Nicaragua","LFS - Continous Household Survey","SDG indicator 5.5.2 - Proportion of women in managerial positions (%)","2005",40.338,,,,"Age coverage - minimum age: 10 years old"
"Nicaragua","LFS - Continous Household Survey","SDG indicator 5.5.2 - Proportion of women in managerial positions (%)","2004",38.532,,,,"Age coverage - minimum age: 10 years old"
"Nicaragua","LFS - Continous Household Survey","SDG indicator 5.5.2 - Proportion of women in managerial positions (%)","2003",40.182,,,,"Age coverage - minimum age: 10 years old"
"Nicaragua","HIES - National Household Survey on Measuring Living Conditions","SDG indicator 5.5.2 - Proportion of women in managerial positions (%)","2001",30.473,"Break in series",,"Break in series: Methodology revised","Repository: ILO-STATISTICS - Micro data processing"
"Niue","PC - Population Census","SDG indicator 5.5.2 - Proportion of women in managerial positions (%)","2022",46.923,,,,"Repository: ILO-STATISTICS - Micro data processing"
"Niue","PC - Population Census","SDG indicator 5.5.2 - Proportion of women in managerial positions (%)","2017",39.844,,,,"Repository: ILO-STATISTICS - Micro data processing"
"Niue","PC - Population Census","SDG indicator 5.5.2 - Proportion of women in managerial positions (%)","2001",31.915,,,,
"Netherlands","LFS - EU Labour Force Survey","SDG indicator 5.5.2 - Proportion of women in managerial positions (%)","2023",28.759,,,,"Repository: ILO-STATISTICS - Micro data processing"
"Netherlands","LFS - EU Labour Force Survey","SDG indicator 5.5.2 - Proportion of women in managerial positions (%)","2022",28.534,,,,"Repository: ILO-STATISTICS - Micro data processing"
"Netherlands","LFS - EU Labour Force Survey","SDG indicator 5.5.2 - Proportion of women in managerial positions (%)","2021",26.332,,,,"Repository: ILO-STATISTICS - Micro data processing"
"Netherlands","LFS - EU Labour Force Survey","SDG indicator 5.5.2 - Proportion of women in managerial positions (%)","2020",24.797,,,,"Repository: ILO-STATISTICS - Micro data processing"
"Netherlands","LFS - EU Labour Force Survey","SDG indicator 5.5.2 - Proportion of women in managerial positions (%)","2019",29.086,,,,"Repository: ILO-STATISTICS - Micro data processing"
"Netherlands","LFS - EU Labour Force Survey","SDG indicator 5.5.2 - Proportion of women in managerial positions (%)","2018",24.886,,,,"Repository: ILO-STATISTICS - Micro data processing"
"Netherlands","LFS - EU Labour Force Survey","SDG indicator 5.5.2 - Proportion of women in managerial positions (%)","2017",26.621,,,,"Repository: ILO-STATISTICS - Micro data processing"
"Netherlands","LFS - EU Labour Force Survey","SDG indicator 5.5.2 - Proportion of women in managerial positions (%)","2016",25.079,,,,"Repository: ILO-STATISTICS - Micro data processing"
"Netherlands","LFS - EU Labour Force Survey","SDG indicator 5.5.2 - Proportion of women in managerial positions (%)","2015",25.216,,,,"Repository: ILO-STATISTICS - Micro data processing"
"Netherlands","LFS - EU Labour Force Survey","SDG indicator 5.5.2 - Proportion of women in managerial positions (%)","2014",26.388,,,,"Repository: ILO-STATISTICS - Micro data processing"
"Netherlands","LFS - EU Labour Force Survey","SDG indicator 5.5.2 - Proportion of women in managerial positions (%)","2013",23.393,,,,"Repository: ILO-STATISTICS - Micro data processing"
"Netherlands","LFS - EU Labour Force Survey","SDG indicator 5.5.2 - Proportion of women in managerial positions (%)","2012",28.879,,,,"Repository: ILO-STATISTICS - Micro data processing"
"Netherlands","LFS - EU Labour Force Survey","SDG indicator 5.5.2 - Proportion of women in managerial positions (%)","2011",29.518,,,,"Repository: ILO-STATISTICS - Micro data processing"
"Netherlands","LFS - EU Labour Force Survey","SDG indicator 5.5.2 - Proportion of women in managerial positions (%)","2010",27.422,,,,"Repository: ILO-STATISTICS - Micro data processing"
"Netherlands","LFS - EU Labour Force Survey","SDG indicator 5.5.2 - Proportion of women in managerial positions (%)","2009",28.567,,,,"Repository: ILO-STATISTICS - Micro data processing"
"Netherlands","LFS - EU Labour Force Survey","SDG indicator 5.5.2 - Proportion of women in managerial positions (%)","2008",27.843,,,,"Repository: ILO-STATISTICS - Micro data processing"
"Netherlands","LFS - EU Labour Force Survey","SDG indicator 5.5.2 - Proportion of women in managerial positions (%)","2007",26.989,,,,"Repository: ILO-STATISTICS - Micro data processing"
"Netherlands","LFS - EU Labour Force Survey","SDG indicator 5.5.2 - Proportion of women in managerial positions (%)","2006",26.53,,,,"Repository: ILO-STATISTICS - Micro data processing"
"Netherlands","LFS - EU Labour Force Survey","SDG indicator 5.5.2 - Proportion of women in managerial positions (%)","2005",24.974,,,,"Repository: ILO-STATISTICS - Micro data processing"
"Netherlands","LFS - EU Labour Force Survey","SDG indicator 5.5.2 - Proportion of women in managerial positions (%)","2004",25.4,,,,"Repository: ILO-STATISTICS - Micro data processing"
"Netherlands","LFS - EU Labour Force Survey","SDG indicator 5.5.2 - Proportion of women in managerial positions (%)","2003",25.669,,,,"Repository: ILO-STATISTICS - Micro data processing"
"Netherlands","LFS - EU Labour Force Survey","SDG indicator 5.5.2 - Proportion of women in managerial positions (%)","2002",25.349,,,,"Repository: ILO-STATISTICS - Micro data processing"
"Netherlands","LFS - EU Labour Force Survey","SDG indicator 5.5.2 - Proportion of women in managerial positions (%)","2001",26.178,,,,"Repository: ILO-STATISTICS - Micro data processing"
"Netherlands","LFS - EU Labour Force Survey","SDG indicator 5.5.2 - Proportion of women in managerial positions (%)","2000",25.33,,,,"Repository: ILO-STATISTICS - Micro data processing"
"Norway","LFS - EU Labour Force Survey","SDG indicator 5.5.2 - Proportion of women in managerial positions (%)","2023",33.709,,,,"Repository: ILO-STATISTICS - Micro data processing"
"Norway","LFS - EU Labour Force Survey","SDG indicator 5.5.2 - Proportion of women in managerial positions (%)","2022",33.946,,,,"Repository: ILO-STATISTICS - Micro data processing"
"Norway","LFS - EU Labour Force Survey","SDG indicator 5.5.2 - Proportion of women in managerial positions (%)","2021",34.163,,,,"Repository: ILO-STATISTICS - Micro data processing"
"Norway","LFS - EU Labour Force Survey","SDG indicator 5.5.2 - Proportion of women in managerial positions (%)","2020",34.208,,,,"Repository: ILO-STATISTICS - Micro data processing"
"Norway","LFS - EU Labour Force Survey","SDG indicator 5.5.2 - Proportion of women in managerial positions (%)","2019",34.27,,,,"Repository: ILO-STATISTICS - Micro data processing"
"Norway","LFS - EU Labour Force Survey","SDG indicator 5.5.2 - Proportion of women in managerial positions (%)","2018",35.165,,,,"Repository: ILO-STATISTICS - Micro data processing"
"Norway","LFS - EU Labour Force Survey","SDG indicator 5.5.2 - Proportion of women in managerial positions (%)","2017",38.737,,,,"Repository: ILO-STATISTICS - Micro data processing"
"Norway","LFS - EU Labour Force Survey","SDG indicator 5.5.2 - Proportion of women in managerial positions (%)","2016",36.489,,,,"Repository: ILO-STATISTICS - Micro data processing"
"Norway","LFS - EU Labour Force Survey","SDG indicator 5.5.2 - Proportion of women in managerial positions (%)","2015",36.632,,,,"Repository: ILO-STATISTICS - Micro data processing"
"Norway","LFS - EU Labour Force Survey","SDG indicator 5.5.2 - Proportion of women in managerial positions (%)","2014",33.316,,,,"Repository: ILO-STATISTICS - Micro data processing"
"Norway","LFS - EU Labour Force Survey","SDG indicator 5.5.2 - Proportion of women in managerial positions (%)","2013",34.034,,,,"Repository: ILO-STATISTICS - Micro data processing"
"Norway","LFS - EU Labour Force Survey","SDG indicator 5.5.2 - Proportion of women in managerial positions (%)","2012",32.718,,,,"Repository: ILO-STATISTICS - Micro data processing"
"Norway","LFS - EU Labour Force Survey","SDG indicator 5.5.2 - Proportion of women in managerial positions (%)","2011",31.872,,,,"Repository: ILO-STATISTICS - Micro data processing"
"Norway","LFS - EU Labour Force Survey","SDG indicator 5.5.2 - Proportion of women in managerial positions (%)","2010",34.362,,,,"Repository: ILO-STATISTICS - Micro data processing"
"Norway","LFS - EU Labour Force Survey","SDG indicator 5.5.2 - Proportion of women in managerial positions (%)","2009",34.512,,,,"Repository: ILO-STATISTICS - Micro data processing"
"Norway","LFS - EU Labour Force Survey","SDG indicator 5.5.2 - Proportion of women in managerial positions (%)","2008",31.198,,,,"Repository: ILO-STATISTICS - Micro data processing"
"Norway","LFS - EU Labour Force Survey","SDG indicator 5.5.2 - Proportion of women in managerial positions (%)","2007",32.402,,,,"Repository: ILO-STATISTICS - Micro data processing"
"Norway","LFS - EU Labour Force Survey","SDG indicator 5.5.2 - Proportion of women in managerial positions (%)","2006",30.279,,,,"Repository: ILO-STATISTICS - Micro data processing"
"Norway","LFS - EU Labour Force Survey","SDG indicator 5.5.2 - Proportion of women in managerial positions (%)","2005",30.41,,,,"Repository: ILO-STATISTICS - Micro data processing"
"Norway","LFS - EU Labour Force Survey","SDG indicator 5.5.2 - Proportion of women in managerial positions (%)","2004",29.19,,,,"Repository: ILO-STATISTICS - Micro data processing"
"Norway","LFS - EU Labour Force Survey","SDG indicator 5.5.2 - Proportion of women in managerial positions (%)","2003",28.433,,,,"Repository: ILO-STATISTICS - Micro data processing"
"Norway","LFS - EU Labour Force Survey","SDG indicator 5.5.2 - Proportion of women in managerial positions (%)","2002",27.533,,,,"Repository: ILO-STATISTICS - Micro data processing"
"Norway","LFS - EU Labour Force Survey","SDG indicator 5.5.2 - Proportion of women in managerial positions (%)","2001",25.235,,,,"Repository: ILO-STATISTICS - Micro data processing"
"Norway","LFS - EU Labour Force Survey","SDG indicator 5.5.2 - Proportion of women in managerial positions (%)","2000",24.987,,,,"Repository: ILO-STATISTICS - Micro data processing"
"Nepal","LFS - Labour Force Survey","SDG indicator 5.5.2 - Proportion of women in managerial positions (%)","2017",13.167,"Break in series",,"Break in series: Methodology revised","Repository: ILO-STATISTICS - Micro data processing"
"Nepal","LFS - Labour Force Survey","SDG indicator 5.5.2 - Proportion of women in managerial positions (%)","2008",18.37,"Break in series",,"Break in series: Methodology revised","Repository: ILO-STATISTICS - Micro data processing"
"Nauru","PC - Population Census","SDG indicator 5.5.2 - Proportion of women in managerial positions (%)","2021",57.576,,,,"Repository: ILO-STATISTICS - Micro data processing"
"Nauru","HIES - Household Income and Expenditure Survey","SDG indicator 5.5.2 - Proportion of women in managerial positions (%)","2013",36.12,,,,"Repository: ILO-STATISTICS - Micro data processing"
"New Zealand","LFS - Household Labour Force Survey","SDG indicator 5.5.2 - Proportion of women in managerial positions (%)","2008",39.953,,,,"Population coverage: Excluding armed forces and/or conscripts"
"New Zealand","LFS - Household Labour Force Survey","SDG indicator 5.5.2 - Proportion of women in managerial positions (%)","2007",39.972,,,,"Population coverage: Excluding armed forces and/or conscripts"
"New Zealand","LFS - Household Labour Force Survey","SDG indicator 5.5.2 - Proportion of women in managerial positions (%)","2006",39.881,,,,"Population coverage: Excluding armed forces and/or conscripts"
"New Zealand","LFS - Household Labour Force Survey","SDG indicator 5.5.2 - Proportion of women in managerial positions (%)","2005",36.499,,,,"Population coverage: Excluding armed forces and/or conscripts"
"New Zealand","LFS - Household Labour Force Survey","SDG indicator 5.5.2 - Proportion of women in managerial positions (%)","2004",36.304,,,,"Population coverage: Excluding armed forces and/or conscripts"
"New Zealand","LFS - Household Labour Force Survey","SDG indicator 5.5.2 - Proportion of women in managerial positions (%)","2003",36.439,,,,"Population coverage: Excluding armed forces and/or conscripts"
"New Zealand","LFS - Household Labour Force Survey","SDG indicator 5.5.2 - Proportion of women in managerial positions (%)","2002",38.618,,,,"Population coverage: Excluding armed forces and/or conscripts"
"New Zealand","LFS - Household Labour Force Survey","SDG indicator 5.5.2 - Proportion of women in managerial positions (%)","2001",38.568,,,,"Population coverage: Excluding armed forces and/or conscripts"
"New Zealand","LFS - Household Labour Force Survey","SDG indicator 5.5.2 - Proportion of women in managerial positions (%)","2000",38.177,,,,"Population coverage: Excluding armed forces and/or conscripts"
"Oman","OE - Official Estimates","SDG indicator 5.5.2 - Proportion of women in managerial positions (%)","2021",28.723,,,,"Employment definition: Excluding own-use production workers | Population coverage: Excluding armed forces and/or conscripts"
"Oman","OE - Official Estimates","SDG indicator 5.5.2 - Proportion of women in managerial positions (%)","2020",25.936,,,,"Employment definition: Excluding own-use production workers | Population coverage: Excluding armed forces and/or conscripts | Age coverage - maximum age: 65 years old"
"Oman","OE - Official Estimates","SDG indicator 5.5.2 - Proportion of women in managerial positions (%)","2018",15.291,,,,"Data reference period: December | Age coverage - maximum age: 65 years old"
"Oman","OE - Official Estimates","SDG indicator 5.5.2 - Proportion of women in managerial positions (%)","2016",11.065,,,,"Age coverage - maximum age: 65 years old"
"Oman","OE - Official Estimates","SDG indicator 5.5.2 - Proportion of women in managerial positions (%)","2008",5.531,,,,"Data reference period: June | Population coverage: Excluding nationals in the private sector"
"Oman","OE - Official Estimates","SDG indicator 5.5.2 - Proportion of women in managerial positions (%)","2000",9.317,,,,"Population coverage: Nationals, residents | Age coverage - minimum age: 12 years old"
"Pakistan","LFS - Labour Force Survey","SDG indicator 5.5.2 - Proportion of women in managerial positions (%)","2021",5.707,,,,"Repository: ILO-STATISTICS - Micro data processing | Data reference period: Noncalendar year"
"Pakistan","LFS - Labour Force Survey","SDG indicator 5.5.2 - Proportion of women in managerial positions (%)","2019",4.473,,,,"Repository: ILO-STATISTICS - Micro data processing | Data reference period: Noncalendar year"
"Pakistan","LFS - Labour Force Survey","SDG indicator 5.5.2 - Proportion of women in managerial positions (%)","2018",4.929,,,,"Repository: ILO-STATISTICS - Micro data processing | Data reference period: Noncalendar year"
"Pakistan","LFS - Labour Force Survey","SDG indicator 5.5.2 - Proportion of women in managerial positions (%)","2016",2.868,,,,"Population coverage: Excluding both institutional population and armed forces and/or conscripts | Age coverage - minimum age: 10 years old | Age coverage - maximum age: 70 years old"
"Pakistan","LFS - Labour Force Survey","SDG indicator 5.5.2 - Proportion of women in managerial positions (%)","2015",2.868,,,,"Repository: ILO-STATISTICS - Micro data processing"
"Pakistan","LFS - Labour Force Survey","SDG indicator 5.5.2 - Proportion of women in managerial positions (%)","2014",4.151,,,,"Repository: ILO-STATISTICS - Micro data processing"
"Pakistan","LFS - Labour Force Survey","SDG indicator 5.5.2 - Proportion of women in managerial positions (%)","2013",3.018,"Break in series",,"Break in series: Methodology revised","Repository: ILO-STATISTICS - Micro data processing"
"Pakistan","HIES - Household Income and Expenditure Survey","SDG indicator 5.5.2 - Proportion of women in managerial positions (%)","2012",3.483,,,,"Repository: ILO-STATISTICS - Micro data processing"
"Pakistan","LFS - Labour Force Survey","SDG indicator 5.5.2 - Proportion of women in managerial positions (%)","2011",3.304,,,,"Repository: ILO-STATISTICS - Micro data processing"
"Pakistan","LFS - Labour Force Survey","SDG indicator 5.5.2 - Proportion of women in managerial positions (%)","2010",3.331,,,,"Repository: ILO-STATISTICS - Micro data processing"
"Pakistan","LFS - Labour Force Survey","SDG indicator 5.5.2 - Proportion of women in managerial positions (%)","2009",2.909,,,,"Repository: ILO-STATISTICS - Micro data processing"
"Pakistan","LFS - Labour Force Survey","SDG indicator 5.5.2 - Proportion of women in managerial positions (%)","2008",2.957,,,,"Repository: ILO-STATISTICS - Micro data processing"
"Pakistan","LFS - Labour Force Survey","SDG indicator 5.5.2 - Proportion of women in managerial positions (%)","2007",3.428,,,,"Repository: ILO-STATISTICS - Micro data processing"
"Pakistan","LFS - Labour Force Survey","SDG indicator 5.5.2 - Proportion of women in managerial positions (%)","2006",3.369,"Break in series",,"Break in series: Methodology revised","Repository: ILO-STATISTICS - Micro data processing"
"Pakistan","LFS - Labour Force Survey","SDG indicator 5.5.2 - Proportion of women in managerial positions (%)","2005",2.096,,,,"Data reference period: January | Population coverage: Excluding armed forces and/or conscripts | Age coverage - minimum age: 10 years old"
"Pakistan","LFS - Labour Force Survey","SDG indicator 5.5.2 - Proportion of women in managerial positions (%)","2004",2.095,,,,"Data reference period: January | Population coverage: Excluding armed forces and/or conscripts | Age coverage - minimum age: 10 years old"
"Pakistan","LFS - Labour Force Survey","SDG indicator 5.5.2 - Proportion of women in managerial positions (%)","2003",2.366,,,,"Data reference period: January | Population coverage: Excluding armed forces and/or conscripts | Age coverage - minimum age: 10 years old"
"Pakistan","LFS - Labour Force Survey","SDG indicator 5.5.2 - Proportion of women in managerial positions (%)","2002",2.359,,,,"Data reference period: January | Population coverage: Excluding armed forces and/or conscripts | Age coverage - minimum age: 10 years old"
"Pakistan","LFS - Labour Force Survey","SDG indicator 5.5.2 - Proportion of women in managerial positions (%)","2001",2.936,,,,"Data reference period: January | Population coverage: Excluding armed forces and/or conscripts | Age coverage - minimum age: 10 years old"
"Panama","LFS - Labour Market Survey","SDG indicator 5.5.2 - Proportion of women in managerial positions (%)","2023",46.347,,,,"Repository: ILO-STATISTICS - Micro data processing | Data reference period: October"
"Panama","HS - Multipurpose Household Survey","SDG indicator 5.5.2 - Proportion of women in managerial positions (%)","2022",39.253,,,,"Repository: ILO-STATISTICS - Micro data processing | Data reference period: October"
"Panama","LFS - Labour Market Survey","SDG indicator 5.5.2 - Proportion of women in managerial positions (%)","2021",46.11,"Break in series",,"Break in series: Methodology revised","Repository: ILO-STATISTICS - Micro data processing | Data reference period: October"
"Panama","LFS - Labour Market Survey","SDG indicator 5.5.2 - Proportion of women in managerial positions (%)","2020",45.842,"Break in series",,"Break in series: Methodology revised","Repository: ILO-STATISTICS - Micro data processing | Data reference period: August"
"Panama","LFS - Labour Market Survey","SDG indicator 5.5.2 - Proportion of women in managerial positions (%)","2019",47.375,,,,"Repository: ILO-STATISTICS - Micro data processing | Data reference period: August"
"Panama","LFS - Labour Market Survey","SDG indicator 5.5.2 - Proportion of women in managerial positions (%)","2018",48.493,,,,"Repository: ILO-STATISTICS - Micro data processing | Data reference period: August"
"Panama","LFS - Labour Market Survey","SDG indicator 5.5.2 - Proportion of women in managerial positions (%)","2017",42.653,,,,"Repository: ILO-STATISTICS - Micro data processing | Data reference period: August"
"Panama","LFS - Labour Market Survey","SDG indicator 5.5.2 - Proportion of women in managerial positions (%)","2016",42.486,,,,"Repository: ILO-STATISTICS - Micro data processing | Data reference period: August"
"Panama","LFS - Labour Market Survey","SDG indicator 5.5.2 - Proportion of women in managerial positions (%)","2015",43.971,,,,"Repository: ILO-STATISTICS - Micro data processing | Data reference period: August"
"Panama","LFS - Labour Market Survey","SDG indicator 5.5.2 - Proportion of women in managerial positions (%)","2014",42.555,,,,"Repository: ILO-STATISTICS - Micro data processing | Data reference period: August"
"Panama","LFS - Labour Market Survey","SDG indicator 5.5.2 - Proportion of women in managerial positions (%)","2013",41.789,,,,"Repository: ILO-STATISTICS - Micro data processing | Data reference period: August"
"Panama","LFS - Labour Market Survey","SDG indicator 5.5.2 - Proportion of women in managerial positions (%)","2012",45.632,,,,"Repository: ILO-STATISTICS - Micro data processing | Data reference period: August"
"Panama","LFS - Labour Market Survey","SDG indicator 5.5.2 - Proportion of women in managerial positions (%)","2011",46.568,,,,"Repository: ILO-STATISTICS - Micro data processing | Data reference period: August"
"Panama","LFS - Labour Market Survey","SDG indicator 5.5.2 - Proportion of women in managerial positions (%)","2010",47.897,,,,"Data reference period: August | Population coverage: Excluding institutional population"
"Panama","LFS - Labour Market Survey","SDG indicator 5.5.2 - Proportion of women in managerial positions (%)","2009",46.007,,,,"Data reference period: August | Population coverage: Excluding institutional population"
"Panama","LFS - Labour Market Survey","SDG indicator 5.5.2 - Proportion of women in managerial positions (%)","2008",48.077,,,,"Data reference period: August"
"Panama","LFS - Labour Market Survey","SDG indicator 5.5.2 - Proportion of women in managerial positions (%)","2007",43.548,,,,"Data reference period: August"
"Panama","LFS - Labour Market Survey","SDG indicator 5.5.2 - Proportion of women in managerial positions (%)","2006",45.049,,,,"Data reference period: August"
"Panama","LFS - Labour Market Survey","SDG indicator 5.5.2 - Proportion of women in managerial positions (%)","2005",42.662,,,,"Data reference period: August"
"Panama","LFS - Labour Market Survey","SDG indicator 5.5.2 - Proportion of women in managerial positions (%)","2004",39.642,,,,"Data reference period: August"
"Panama","LFS - Labour Market Survey","SDG indicator 5.5.2 - Proportion of women in managerial positions (%)","2003",39.532,,,,"Data reference period: August"
"Panama","LFS - Labour Market Survey","SDG indicator 5.5.2 - Proportion of women in managerial positions (%)","2002",37.613,,,,"Data reference period: August"
"Panama","LFS - Labour Market Survey","SDG indicator 5.5.2 - Proportion of women in managerial positions (%)","2001",40.388,,,,"Data reference period: August"
"Peru","LFS - Permanent Employment Survey, National","SDG indicator 5.5.2 - Proportion of women in managerial positions (%)","2023",37.243,,,,"Repository: ILO-STATISTICS - Micro data processing"
"Peru","LFS - Permanent Employment Survey, National","SDG indicator 5.5.2 - Proportion of women in managerial positions (%)","2022",31.262,"Break in series",,"Break in series: Methodology revised","Repository: ILO-STATISTICS - Micro data processing"
"Peru","HS - National Household Survey","SDG indicator 5.5.2 - Proportion of women in managerial positions (%)","2021",35.366,,,,"Repository: ILO-STATISTICS - Micro data processing"
"Peru","HS - National Household Survey","SDG indicator 5.5.2 - Proportion of women in managerial positions (%)","2020",34.722,"Break in series",,"Break in series: Methodology revised","Repository: ILO-STATISTICS - Micro data processing"
"Peru","HS - National Household Survey","SDG indicator 5.5.2 - Proportion of women in managerial positions (%)","2019",30.328,,,,"Repository: ILO-STATISTICS - Micro data processing"
"Peru","HS - National Household Survey","SDG indicator 5.5.2 - Proportion of women in managerial positions (%)","2018",28.778,,,,"Repository: ILO-STATISTICS - Micro data processing"
"Peru","HS - National Household Survey","SDG indicator 5.5.2 - Proportion of women in managerial positions (%)","2017",35.587,,,,"Repository: ILO-STATISTICS - Micro data processing"
"Peru","HS - National Household Survey","SDG indicator 5.5.2 - Proportion of women in managerial positions (%)","2016",32.755,,,,"Repository: ILO-STATISTICS - Micro data processing"
"Peru","HS - National Household Survey","SDG indicator 5.5.2 - Proportion of women in managerial positions (%)","2015",33.272,,,,"Repository: ILO-STATISTICS - Micro data processing"
"Peru","HS - National Household Survey","SDG indicator 5.5.2 - Proportion of women in managerial positions (%)","2014",24.837,,,,"Repository: ILO-STATISTICS - Micro data processing"
"Peru","HS - National Household Survey","SDG indicator 5.5.2 - Proportion of women in managerial positions (%)","2013",30.751,,,,"Repository: ILO-STATISTICS - Micro data processing"
"Peru","HS - National Household Survey","SDG indicator 5.5.2 - Proportion of women in managerial positions (%)","2012",29.057,,,,"Repository: ILO-STATISTICS - Micro data processing"
"Peru","HS - National Household Survey","SDG indicator 5.5.2 - Proportion of women in managerial positions (%)","2011",35.871,,,,"Repository: ILO-STATISTICS - Micro data processing"
"Peru","HS - National Household Survey","SDG indicator 5.5.2 - Proportion of women in managerial positions (%)","2010",27.859,,,,"Repository: ILO-STATISTICS - Micro data processing"
"Peru","HS - National Household Survey","SDG indicator 5.5.2 - Proportion of women in managerial positions (%)","2009",34.899,,,,"Repository: ILO-STATISTICS - Micro data processing"
"Peru","HS - National Household Survey","SDG indicator 5.5.2 - Proportion of women in managerial positions (%)","2008",19.008,,,,"Repository: ILO-STATISTICS - Micro data processing"
"Peru","HS - National Household Survey","SDG indicator 5.5.2 - Proportion of women in managerial positions (%)","2007",27.319,,,,"Repository: ILO-STATISTICS - Micro data processing"
"Peru","HS - National Household Survey","SDG indicator 5.5.2 - Proportion of women in managerial positions (%)","2006",27.975,,,,"Repository: ILO-STATISTICS - Micro data processing"
"Peru","HS - National Household Survey","SDG indicator 5.5.2 - Proportion of women in managerial positions (%)","2005",26.109,,,,"Repository: ILO-STATISTICS - Micro data processing"
"Peru","HS - National Household Survey","SDG indicator 5.5.2 - Proportion of women in managerial positions (%)","2004",25.476,,,,"Repository: ILO-STATISTICS - Micro data processing"
"Peru","HS - National Household Survey","SDG indicator 5.5.2 - Proportion of women in managerial positions (%)","2003",23.283,,,,"Repository: ILO-STATISTICS - Micro data processing"
"Peru","HS - National Household Survey","SDG indicator 5.5.2 - Proportion of women in managerial positions (%)","2002",23.322,"Break in series",,"Break in series: Methodology revised","Repository: ILO-STATISTICS - Micro data processing"
"Peru","HS - National Household Survey","SDG indicator 5.5.2 - Proportion of women in managerial positions (%)","2001",25.026,,,,"Repository: ILO-STATISTICS - Micro data processing"
"Peru","HS - National Household Survey","SDG indicator 5.5.2 - Proportion of women in managerial positions (%)","2000",24.356,"Unreliable",,,"Repository: ILO-STATISTICS - Micro data processing"
"Philippines","LFS - Labour Force Survey","SDG indicator 5.5.2 - Proportion of women in managerial positions (%)","2022",48.633,,,,"Repository: ILO-STATISTICS - Micro data processing"
"Philippines","LFS - Labour Force Survey","SDG indicator 5.5.2 - Proportion of women in managerial positions (%)","2021",53.375,"Break in series",,"Break in series: Methodology revised","Repository: ILO-STATISTICS - Micro data processing"
"Philippines","LFS - Labour Force Survey","SDG indicator 5.5.2 - Proportion of women in managerial positions (%)","2020",52.954,,,,"Repository: ILO-STATISTICS - Micro data processing"
"Philippines","LFS - Labour Force Survey","SDG indicator 5.5.2 - Proportion of women in managerial positions (%)","2019",50.512,,,,"Repository: ILO-STATISTICS - Micro data processing"
"Philippines","LFS - Labour Force Survey","SDG indicator 5.5.2 - Proportion of women in managerial positions (%)","2018",52.652,,,,"Repository: ILO-STATISTICS - Micro data processing"
"Philippines","LFS - Labour Force Survey","SDG indicator 5.5.2 - Proportion of women in managerial positions (%)","2017",51.502,,,,"Repository: ILO-STATISTICS - Micro data processing"
"Philippines","LFS - Labour Force Survey","SDG indicator 5.5.2 - Proportion of women in managerial positions (%)","2016",49.144,"Break in series",,"Break in series: Methodology revised","Repository: ILO-STATISTICS - Micro data processing"
"Philippines","LFS - Labour Force Survey","SDG indicator 5.5.2 - Proportion of women in managerial positions (%)","2015",47.065,,,,"Repository: ILO-STATISTICS - Micro data processing"
"Philippines","LFS - Labour Force Survey","SDG indicator 5.5.2 - Proportion of women in managerial positions (%)","2014",47.41,,,,"Repository: ILO-STATISTICS - Micro data processing"
"Philippines","LFS - Labour Force Survey","SDG indicator 5.5.2 - Proportion of women in managerial positions (%)","2013",47.54,,,,"Repository: ILO-STATISTICS - Micro data processing"
"Philippines","LFS - Labour Force Survey","SDG indicator 5.5.2 - Proportion of women in managerial positions (%)","2012",48.109,,,,"Repository: ILO-STATISTICS - Micro data processing"
"Philippines","LFS - Labour Force Survey","SDG indicator 5.5.2 - Proportion of women in managerial positions (%)","2011",52.992,,,,"Repository: ILO-STATISTICS - Micro data processing"
"Philippines","LFS - Labour Force Survey","SDG indicator 5.5.2 - Proportion of women in managerial positions (%)","2010",53.71,,,,"Repository: ILO-STATISTICS - Micro data processing"
"Philippines","LFS - Labour Force Survey","SDG indicator 5.5.2 - Proportion of women in managerial positions (%)","2009",54.587,,,,"Repository: ILO-STATISTICS - Micro data processing"
"Philippines","LFS - Labour Force Survey","SDG indicator 5.5.2 - Proportion of women in managerial positions (%)","2008",56.068,,,,"Repository: ILO-STATISTICS - Micro data processing"
"Philippines","LFS - Labour Force Survey","SDG indicator 5.5.2 - Proportion of women in managerial positions (%)","2007",59.247,,,,"Repository: ILO-STATISTICS - Micro data processing"
"Philippines","LFS - Labour Force Survey","SDG indicator 5.5.2 - Proportion of women in managerial positions (%)","2002",57.791,,,,"Population coverage: Excluding armed forces and/or conscripts"
"Palau","PC - Population Census","SDG indicator 5.5.2 - Proportion of women in managerial positions (%)","2020",46.77,,,,"Repository: ILO-STATISTICS - Micro data processing"
"Palau","HIES - Household Income and Expenditure Survey","SDG indicator 5.5.2 - Proportion of women in managerial positions (%)","2014",29.933,,,,"Repository: ILO-STATISTICS - Micro data processing"
"Palau","PC - Population Census","SDG indicator 5.5.2 - Proportion of women in managerial positions (%)","2000",26.782,,,,"Repository: ILO-STATISTICS - Micro data processing"
"Papua New Guinea","HS - Socio-Demographic and Economic Survey","SDG indicator 5.5.2 - Proportion of women in managerial positions (%)","2022",19.741,,,,"Repository: ILO-STATISTICS - Micro data processing"
"Papua New Guinea","HIES - Household Income and Expenditure Survey","SDG indicator 5.5.2 - Proportion of women in managerial positions (%)","2010",18.123,"Break in series",,"Break in series: Methodology revised","Repository: ILO-STATISTICS - Micro data processing"
"Poland","LFS - Labour Force Survey","SDG indicator 5.5.2 - Proportion of women in managerial positions (%)","2023",42.454,,,,"Repository: ILO-STATISTICS - Micro data processing"
"Poland","LFS - Labour Force Survey","SDG indicator 5.5.2 - Proportion of women in managerial positions (%)","2022",42.877,,,,"Repository: ILO-STATISTICS - Micro data processing"
"Poland","LFS - Labour Force Survey","SDG indicator 5.5.2 - Proportion of women in managerial positions (%)","2021",42.958,,,,"Repository: ILO-STATISTICS - Micro data processing"
"Poland","LFS - Labour Force Survey","SDG indicator 5.5.2 - Proportion of women in managerial positions (%)","2020",43.233,,,,"Repository: ILO-STATISTICS - Micro data processing"
"Poland","LFS - Labour Force Survey","SDG indicator 5.5.2 - Proportion of women in managerial positions (%)","2019",43.05,,,,"Repository: ILO-STATISTICS - Micro data processing"
"Poland","LFS - Labour Force Survey","SDG indicator 5.5.2 - Proportion of women in managerial positions (%)","2018",42.46,,,,"Repository: ILO-STATISTICS - Micro data processing"
"Poland","LFS - Labour Force Survey","SDG indicator 5.5.2 - Proportion of women in managerial positions (%)","2017",41.233,,,,"Repository: ILO-STATISTICS - Micro data processing"
"Poland","LFS - Labour Force Survey","SDG indicator 5.5.2 - Proportion of women in managerial positions (%)","2016",41.176,,,,"Repository: ILO-STATISTICS - Micro data processing"
"Poland","LFS - Labour Force Survey","SDG indicator 5.5.2 - Proportion of women in managerial positions (%)","2015",40.173,"Break in series",,"Break in series: Methodology revised","Repository: ILO-STATISTICS - Micro data processing"
"Poland","LFS - Labour Force Survey","SDG indicator 5.5.2 - Proportion of women in managerial positions (%)","2014",38.794,,,,"Repository: ILO-STATISTICS - Micro data processing"
"Poland","LFS - Labour Force Survey","SDG indicator 5.5.2 - Proportion of women in managerial positions (%)","2013",37.724,,,,"Repository: ILO-STATISTICS - Micro data processing"
"Poland","LFS - Labour Force Survey","SDG indicator 5.5.2 - Proportion of women in managerial positions (%)","2012",37.787,,,,"Repository: ILO-STATISTICS - Micro data processing"
"Poland","LFS - Labour Force Survey","SDG indicator 5.5.2 - Proportion of women in managerial positions (%)","2011",37.979,,,,"Repository: ILO-STATISTICS - Micro data processing"
"Poland","LFS - Labour Force Survey","SDG indicator 5.5.2 - Proportion of women in managerial positions (%)","2010",35.631,,,,"Repository: ILO-STATISTICS - Micro data processing"
"Poland","LFS - Labour Force Survey","SDG indicator 5.5.2 - Proportion of women in managerial positions (%)","2009",35.512,,,,"Repository: ILO-STATISTICS - Micro data processing"
"Poland","LFS - Labour Force Survey","SDG indicator 5.5.2 - Proportion of women in managerial positions (%)","2008",36.131,,,,"Repository: ILO-STATISTICS - Micro data processing"
"Poland","LFS - Labour Force Survey","SDG indicator 5.5.2 - Proportion of women in managerial positions (%)","2007",36.221,,,,"Repository: ILO-STATISTICS - Micro data processing"
"Poland","LFS - Labour Force Survey","SDG indicator 5.5.2 - Proportion of women in managerial positions (%)","2006",35.346,,,,"Repository: ILO-STATISTICS - Micro data processing"
"Poland","LFS - Labour Force Survey","SDG indicator 5.5.2 - Proportion of women in managerial positions (%)","2005",32.797,,,,"Repository: ILO-STATISTICS - Micro data processing"
"Poland","LFS - Labour Force Survey","SDG indicator 5.5.2 - Proportion of women in managerial positions (%)","2004",33.676,,,,"Repository: ILO-STATISTICS - Micro data processing"
"Poland","LFS - Labour Force Survey","SDG indicator 5.5.2 - Proportion of women in managerial positions (%)","2003",33.893,,,,"Repository: ILO-STATISTICS - Micro data processing"
"Poland","LFS - Labour Force Survey","SDG indicator 5.5.2 - Proportion of women in managerial positions (%)","2002",33.626,,,,"Repository: ILO-STATISTICS - Micro data processing"
"Poland","LFS - Labour Force Survey","SDG indicator 5.5.2 - Proportion of women in managerial positions (%)","2001",32.232,,,,"Repository: ILO-STATISTICS - Micro data processing"
"Poland","LFS - Labour Force Survey","SDG indicator 5.5.2 - Proportion of women in managerial positions (%)","2000",32.562,,,,"Repository: ILO-STATISTICS - Micro data processing"
"Puerto Rico","LFS - Household Survey","SDG indicator 5.5.2 - Proportion of women in managerial positions (%)","2008",43.066,,,,"Population coverage: Excluding armed forces and/or conscripts | Age coverage - minimum age: 16 years old"
"Puerto Rico","LFS - Household Survey","SDG indicator 5.5.2 - Proportion of women in managerial positions (%)","2007",41.06,,,,"Population coverage: Excluding armed forces and/or conscripts | Age coverage - minimum age: 16 years old"
"Puerto Rico","LFS - Household Survey","SDG indicator 5.5.2 - Proportion of women in managerial positions (%)","2006",40.523,,,,"Population coverage: Excluding armed forces and/or conscripts | Age coverage - minimum age: 16 years old"
"Puerto Rico","LFS - Household Survey","SDG indicator 5.5.2 - Proportion of women in managerial positions (%)","2005",41.333,,,,"Population coverage: Excluding armed forces and/or conscripts | Age coverage - minimum age: 16 years old"
"Puerto Rico","LFS - Household Survey","SDG indicator 5.5.2 - Proportion of women in managerial positions (%)","2004",41.611,,,,"Population coverage: Excluding armed forces and/or conscripts | Age coverage - minimum age: 16 years old"
"Puerto Rico","LFS - Household Survey","SDG indicator 5.5.2 - Proportion of women in managerial positions (%)","2003",41.096,,,,"Population coverage: Excluding armed forces and/or conscripts | Age coverage - minimum age: 16 years old"
"Puerto Rico","LFS - Household Survey","SDG indicator 5.5.2 - Proportion of women in managerial positions (%)","2002",40.741,,,,"Population coverage: Excluding armed forces and/or conscripts | Age coverage - minimum age: 16 years old"
"Puerto Rico","LFS - Household Survey","SDG indicator 5.5.2 - Proportion of women in managerial positions (%)","2001",38.931,,,,"Population coverage: Excluding armed forces and/or conscripts | Age coverage - minimum age: 16 years old"
"Puerto Rico","LFS - Household Survey","SDG indicator 5.5.2 - Proportion of women in managerial positions (%)","2000",36.986,,,,"Population coverage: Excluding armed forces and/or conscripts | Age coverage - minimum age: 16 years old"
"Portugal","LFS - EU Labour Force Survey","SDG indicator 5.5.2 - Proportion of women in managerial positions (%)","2023",37.794,,,,"Repository: ILO-STATISTICS - Micro data processing"
"Portugal","LFS - EU Labour Force Survey","SDG indicator 5.5.2 - Proportion of women in managerial positions (%)","2022",38.566,,,,"Repository: ILO-STATISTICS - Micro data processing"
"Portugal","LFS - EU Labour Force Survey","SDG indicator 5.5.2 - Proportion of women in managerial positions (%)","2021",34.896,,,,"Repository: ILO-STATISTICS - Micro data processing"
"Portugal","LFS - EU Labour Force Survey","SDG indicator 5.5.2 - Proportion of women in managerial positions (%)","2020",34.91,,,,"Repository: ILO-STATISTICS - Micro data processing"
"Portugal","LFS - EU Labour Force Survey","SDG indicator 5.5.2 - Proportion of women in managerial positions (%)","2019",37.158,,,,"Repository: ILO-STATISTICS - Micro data processing"
"Portugal","LFS - EU Labour Force Survey","SDG indicator 5.5.2 - Proportion of women in managerial positions (%)","2018",33.961,,,,"Repository: ILO-STATISTICS - Micro data processing"
"Portugal","LFS - EU Labour Force Survey","SDG indicator 5.5.2 - Proportion of women in managerial positions (%)","2017",34.191,,,,"Repository: ILO-STATISTICS - Micro data processing"
"Portugal","LFS - EU Labour Force Survey","SDG indicator 5.5.2 - Proportion of women in managerial positions (%)","2016",35.848,,,,"Repository: ILO-STATISTICS - Micro data processing"
"Portugal","LFS - EU Labour Force Survey","SDG indicator 5.5.2 - Proportion of women in managerial positions (%)","2015",32.527,,,,"Repository: ILO-STATISTICS - Micro data processing"
"Portugal","LFS - EU Labour Force Survey","SDG indicator 5.5.2 - Proportion of women in managerial positions (%)","2014",35.225,,,,"Repository: ILO-STATISTICS - Micro data processing"
"Portugal","LFS - EU Labour Force Survey","SDG indicator 5.5.2 - Proportion of women in managerial positions (%)","2013",33.781,,,,"Repository: ILO-STATISTICS - Micro data processing"
"Portugal","LFS - EU Labour Force Survey","SDG indicator 5.5.2 - Proportion of women in managerial positions (%)","2012",35.294,,,,"Repository: ILO-STATISTICS - Micro data processing"
"Portugal","LFS - EU Labour Force Survey","SDG indicator 5.5.2 - Proportion of women in managerial positions (%)","2011",33.559,,,,"Repository: ILO-STATISTICS - Micro data processing"
"Portugal","LFS - EU Labour Force Survey","SDG indicator 5.5.2 - Proportion of women in managerial positions (%)","2010",32.28,,,,"Repository: ILO-STATISTICS - Micro data processing"
"Portugal","LFS - EU Labour Force Survey","SDG indicator 5.5.2 - Proportion of women in managerial positions (%)","2009",31.784,,,,"Repository: ILO-STATISTICS - Micro data processing"
"Portugal","LFS - EU Labour Force Survey","SDG indicator 5.5.2 - Proportion of women in managerial positions (%)","2008",31.453,,,,"Repository: ILO-STATISTICS - Micro data processing"
"Portugal","LFS - EU Labour Force Survey","SDG indicator 5.5.2 - Proportion of women in managerial positions (%)","2007",31.834,,,,"Repository: ILO-STATISTICS - Micro data processing"
"Portugal","LFS - EU Labour Force Survey","SDG indicator 5.5.2 - Proportion of women in managerial positions (%)","2006",33.032,,,,"Repository: ILO-STATISTICS - Micro data processing"
"Portugal","LFS - EU Labour Force Survey","SDG indicator 5.5.2 - Proportion of women in managerial positions (%)","2005",34.062,,,,"Repository: ILO-STATISTICS - Micro data processing"
"Portugal","LFS - EU Labour Force Survey","SDG indicator 5.5.2 - Proportion of women in managerial positions (%)","2004",33.462,,,,"Repository: ILO-STATISTICS - Micro data processing"
"Portugal","LFS - EU Labour Force Survey","SDG indicator 5.5.2 - Proportion of women in managerial positions (%)","2003",32.2,,,,"Repository: ILO-STATISTICS - Micro data processing"
"Portugal","LFS - EU Labour Force Survey","SDG indicator 5.5.2 - Proportion of women in managerial positions (%)","2002",29.502,,,,"Repository: ILO-STATISTICS - Micro data processing"
"Portugal","LFS - EU Labour Force Survey","SDG indicator 5.5.2 - Proportion of women in managerial positions (%)","2001",30.805,,,,"Repository: ILO-STATISTICS - Micro data processing"
"Portugal","LFS - EU Labour Force Survey","SDG indicator 5.5.2 - Proportion of women in managerial positions (%)","2000",31.049,,,,"Repository: ILO-STATISTICS - Micro data processing"
"Paraguay","HS - Continuous Permanent Household Survey","SDG indicator 5.5.2 - Proportion of women in managerial positions (%)","2023",38.728,,,,"Repository: ILO-STATISTICS - Micro data processing"
"Paraguay","HS - Continuous Permanent Household Survey","SDG indicator 5.5.2 - Proportion of women in managerial positions (%)","2022",37.374,,,,"Repository: ILO-STATISTICS - Micro data processing"
"Paraguay","HS - Continuous Permanent Household Survey","SDG indicator 5.5.2 - Proportion of women in managerial positions (%)","2021",39.955,,,,"Repository: ILO-STATISTICS - Micro data processing"
"Paraguay","HS - Continuous Permanent Household Survey","SDG indicator 5.5.2 - Proportion of women in managerial positions (%)","2020",37.847,,,,"Repository: ILO-STATISTICS - Micro data processing"
"Paraguay","HS - Continuous Permanent Household Survey","SDG indicator 5.5.2 - Proportion of women in managerial positions (%)","2019",38.094,,,,"Repository: ILO-STATISTICS - Micro data processing"
"Paraguay","HS - Continuous Permanent Household Survey","SDG indicator 5.5.2 - Proportion of women in managerial positions (%)","2018",37.346,,,,"Repository: ILO-STATISTICS - Micro data processing"
"Paraguay","HS - Continuous Permanent Household Survey","SDG indicator 5.5.2 - Proportion of women in managerial positions (%)","2017",35.006,,,,"Repository: ILO-STATISTICS - Micro data processing"
"Paraguay","HS - Continous Household Survey","SDG indicator 5.5.2 - Proportion of women in managerial positions (%)","2016",36.548,,,,"Repository: ILO-STATISTICS - Micro data processing"
"Paraguay","HS - Continous Household Survey","SDG indicator 5.5.2 - Proportion of women in managerial positions (%)","2015",38.711,,,,"Repository: ILO-STATISTICS - Micro data processing"
"Paraguay","HS - Continous Household Survey","SDG indicator 5.5.2 - Proportion of women in managerial positions (%)","2014",33.818,,,,"Repository: ILO-STATISTICS - Micro data processing"
"Paraguay","HS - Continous Household Survey","SDG indicator 5.5.2 - Proportion of women in managerial positions (%)","2013",38.563,,,,"Repository: ILO-STATISTICS - Micro data processing"
"Paraguay","HS - Continous Household Survey","SDG indicator 5.5.2 - Proportion of women in managerial positions (%)","2012",32.342,,,,"Repository: ILO-STATISTICS - Micro data processing"
"Paraguay","HS - Continous Household Survey","SDG indicator 5.5.2 - Proportion of women in managerial positions (%)","2011",33.979,,,,"Repository: ILO-STATISTICS - Micro data processing"
"Paraguay","HS - Continous Household Survey","SDG indicator 5.5.2 - Proportion of women in managerial positions (%)","2010",32.035,,,,"Repository: ILO-STATISTICS - Micro data processing"
"Paraguay","HS - Continous Household Survey","SDG indicator 5.5.2 - Proportion of women in managerial positions (%)","2009",35.5,,,,"Repository: ILO-STATISTICS - Micro data processing"
"Paraguay","HS - Continous Household Survey","SDG indicator 5.5.2 - Proportion of women in managerial positions (%)","2008",33.996,,,,"Repository: ILO-STATISTICS - Micro data processing"
"Paraguay","HS - Continous Household Survey","SDG indicator 5.5.2 - Proportion of women in managerial positions (%)","2007",34.134,,,,"Repository: ILO-STATISTICS - Micro data processing"
"Paraguay","HS - Continous Household Survey","SDG indicator 5.5.2 - Proportion of women in managerial positions (%)","2006",38.344,,,,"Repository: ILO-STATISTICS - Micro data processing"
"Paraguay","HS - Continous Household Survey","SDG indicator 5.5.2 - Proportion of women in managerial positions (%)","2005",34.258,,,,"Repository: ILO-STATISTICS - Micro data processing"
"Paraguay","HS - Continous Household Survey","SDG indicator 5.5.2 - Proportion of women in managerial positions (%)","2004",30.224,,,,"Repository: ILO-STATISTICS - Micro data processing"
"Paraguay","HS - Continous Household Survey","SDG indicator 5.5.2 - Proportion of women in managerial positions (%)","2003",35.442,,,,"Repository: ILO-STATISTICS - Micro data processing"
"Paraguay","HS - Continous Household Survey","SDG indicator 5.5.2 - Proportion of women in managerial positions (%)","2002",34.827,"Break in series",,"Break in series: Methodology revised","Repository: ILO-STATISTICS - Micro data processing"
"Paraguay","HS - Continous Household Survey","SDG indicator 5.5.2 - Proportion of women in managerial positions (%)","2001",38.93,"Break in series",,"Break in series: Methodology revised","Repository: ILO-STATISTICS - Micro data processing"
"Occupied Palestinian Territory","LFS - Labour Force Survey","SDG indicator 5.5.2 - Proportion of women in managerial positions (%)","2022",19.831,,,,"Repository: ILO-STATISTICS - Micro data processing"
"Occupied Palestinian Territory","LFS - Labour Force Survey","SDG indicator 5.5.2 - Proportion of women in managerial positions (%)","2021",21.27,,,,"Repository: ILO-STATISTICS - Micro data processing"
"Occupied Palestinian Territory","LFS - Labour Force Survey","SDG indicator 5.5.2 - Proportion of women in managerial positions (%)","2020",21.651,,,,"Repository: ILO-STATISTICS - Micro data processing"
"Occupied Palestinian Territory","LFS - Labour Force Survey","SDG indicator 5.5.2 - Proportion of women in managerial positions (%)","2019",20.083,,,,"Repository: ILO-STATISTICS - Micro data processing"
"Occupied Palestinian Territory","LFS - Labour Force Survey","SDG indicator 5.5.2 - Proportion of women in managerial positions (%)","2018",17.707,,,,"Repository: ILO-STATISTICS - Micro data processing"
"Occupied Palestinian Territory","LFS - Labour Force Survey","SDG indicator 5.5.2 - Proportion of women in managerial positions (%)","2017",15.907,,,,"Repository: ILO-STATISTICS - Micro data processing"
"Occupied Palestinian Territory","LFS - Labour Force Survey","SDG indicator 5.5.2 - Proportion of women in managerial positions (%)","2016",19.285,,,,"Repository: ILO-STATISTICS - Micro data processing"
"Occupied Palestinian Territory","LFS - Labour Force Survey","SDG indicator 5.5.2 - Proportion of women in managerial positions (%)","2015",15.436,,,,"Repository: ILO-STATISTICS - Micro data processing"
"Occupied Palestinian Territory","LFS - Labour Force Survey","SDG indicator 5.5.2 - Proportion of women in managerial positions (%)","2014",15.21,,,,"Repository: ILO-STATISTICS - Micro data processing"
"Occupied Palestinian Territory","LFS - Labour Force Survey","SDG indicator 5.5.2 - Proportion of women in managerial positions (%)","2013",14.978,,,,"Repository: ILO-STATISTICS - Micro data processing"
"Occupied Palestinian Territory","LFS - Labour Force Survey","SDG indicator 5.5.2 - Proportion of women in managerial positions (%)","2012",14.522,,,,"Repository: ILO-STATISTICS - Micro data processing"
"Occupied Palestinian Territory","LFS - Labour Force Survey","SDG indicator 5.5.2 - Proportion of women in managerial positions (%)","2011",10.648,,,,"Repository: ILO-STATISTICS - Micro data processing"
"Occupied Palestinian Territory","LFS - Labour Force Survey","SDG indicator 5.5.2 - Proportion of women in managerial positions (%)","2010",12.081,,,,"Repository: ILO-STATISTICS - Micro data processing"
"Occupied Palestinian Territory","LFS - Labour Force Survey","SDG indicator 5.5.2 - Proportion of women in managerial positions (%)","2009",12.364,,,,"Repository: ILO-STATISTICS - Micro data processing"
"Occupied Palestinian Territory","LFS - Labour Force Survey","SDG indicator 5.5.2 - Proportion of women in managerial positions (%)","2008",9.741,,,,"Repository: ILO-STATISTICS - Micro data processing"
"Occupied Palestinian Territory","LFS - Labour Force Survey","SDG indicator 5.5.2 - Proportion of women in managerial positions (%)","2007",10.29,,,,"Repository: ILO-STATISTICS - Micro data processing"
"Occupied Palestinian Territory","LFS - Labour Force Survey","SDG indicator 5.5.2 - Proportion of women in managerial positions (%)","2006",11.887,,,,"Repository: ILO-STATISTICS - Micro data processing"
"Occupied Palestinian Territory","LFS - Labour Force Survey","SDG indicator 5.5.2 - Proportion of women in managerial positions (%)","2005",12.272,,,,"Repository: ILO-STATISTICS - Micro data processing"
"Occupied Palestinian Territory","LFS - Labour Force Survey","SDG indicator 5.5.2 - Proportion of women in managerial positions (%)","2004",11.165,,,,"Repository: ILO-STATISTICS - Micro data processing"
"Occupied Palestinian Territory","LFS - Labour Force Survey","SDG indicator 5.5.2 - Proportion of women in managerial positions (%)","2003",12.417,,,,"Repository: ILO-STATISTICS - Micro data processing"
"Occupied Palestinian Territory","LFS - Labour Force Survey","SDG indicator 5.5.2 - Proportion of women in managerial positions (%)","2002",9.642,,,,"Repository: ILO-STATISTICS - Micro data processing"
"Occupied Palestinian Territory","LFS - Labour Force Survey","SDG indicator 5.5.2 - Proportion of women in managerial positions (%)","2001",10.613,,,,"Repository: ILO-STATISTICS - Micro data processing"
"Occupied Palestinian Territory","LFS - Labour Force Survey","SDG indicator 5.5.2 - Proportion of women in managerial positions (%)","2000",12.468,"Break in series",,"Break in series: Methodology revised","Repository: ILO-STATISTICS - Micro data processing"
"Qatar","LFS - Labor Force Sample Survey","SDG indicator 5.5.2 - Proportion of women in managerial positions (%)","2022",13.777,,,,"Employment definition: Excluding own-use production workers"
"Qatar","LFS - Labor Force Sample Survey","SDG indicator 5.5.2 - Proportion of women in managerial positions (%)","2021",13.748,,,,"Employment definition: Excluding own-use production workers"
"Qatar","LFS - Labor Force Sample Survey","SDG indicator 5.5.2 - Proportion of women in managerial positions (%)","2020",10.748,,,,"Employment definition: Excluding own-use production workers"
"Qatar","LFS - Labor Force Sample Survey","SDG indicator 5.5.2 - Proportion of women in managerial positions (%)","2019",13.945,,,,"Employment definition: Excluding own-use production workers | Data reference period: September"
"Qatar","LFS - Labor Force Sample Survey","SDG indicator 5.5.2 - Proportion of women in managerial positions (%)","2018",13.956,,,,"Employment definition: Excluding own-use production workers | Data reference period: September"
"Qatar","LFS - Labor Force Sample Survey","SDG indicator 5.5.2 - Proportion of women in managerial positions (%)","2017",15.088,,,,"Employment definition: Excluding own-use production workers | Data reference period: September"
"Qatar","LFS - Labor Force Sample Survey","SDG indicator 5.5.2 - Proportion of women in managerial positions (%)","2016",14.913,,,,"Employment definition: Excluding own-use production workers | Data reference period: September"
"Qatar","LFS - Labor Force Sample Survey","SDG indicator 5.5.2 - Proportion of women in managerial positions (%)","2015",14.736,,,,"Employment definition: Excluding own-use production workers | Data reference period: September"
"Qatar","LFS - Labor Force Sample Survey","SDG indicator 5.5.2 - Proportion of women in managerial positions (%)","2013",12.218,,,,"Data reference period: September | Reference group coverage: Excluding temporarily absent from work | Age coverage - maximum age: 76 years or older, but bounded"
"Qatar","LFS - Labor Force Sample Survey","SDG indicator 5.5.2 - Proportion of women in managerial positions (%)","2009",4.36,,,,"Reference group coverage: Total employment"
"Qatar","LFS - Labor Force Sample Survey","SDG indicator 5.5.2 - Proportion of women in managerial positions (%)","2007",6.832,,,,"Data reference period: October"
"Qatar","LFS - Labor Force Sample Survey","SDG indicator 5.5.2 - Proportion of women in managerial positions (%)","2006",7.285,,,,"Data reference period: October"
"Qatar","PC - Population and Housing Census","SDG indicator 5.5.2 - Proportion of women in managerial positions (%)","2004",8.094,,,,"Data reference period: March"
"Qatar","LFS - Labor Force Sample Survey","SDG indicator 5.5.2 - Proportion of women in managerial positions (%)","2001",4.706,,,,"Data reference period: October | Reference group coverage: Nonstandard coverage of employed and/or unemployed persons"
"Réunion","LFS - Labour Force Survey","SDG indicator 5.5.2 - Proportion of women in managerial positions (%)","2012",30.822,,,,"Data reference period: Second quarter | Population coverage: Excluding both institutional population and armed forces and/or conscripts"
"Romania","LFS - Household Labour Force Survey","SDG indicator 5.5.2 - Proportion of women in managerial positions (%)","2023",33.411,,,,"Repository: ILO-STATISTICS - Micro data processing"
"Romania","LFS - Household Labour Force Survey","SDG indicator 5.5.2 - Proportion of women in managerial positions (%)","2022",33.029,,,,"Repository: ILO-STATISTICS - Micro data processing"
"Romania","LFS - Household Labour Force Survey","SDG indicator 5.5.2 - Proportion of women in managerial positions (%)","2021",35.835,,,,"Repository: ILO-STATISTICS - Micro data processing"
"Romania","LFS - Household Labour Force Survey","SDG indicator 5.5.2 - Proportion of women in managerial positions (%)","2020",34.963,,,,"Repository: ILO-STATISTICS - Micro data processing"
"Romania","LFS - Household Labour Force Survey","SDG indicator 5.5.2 - Proportion of women in managerial positions (%)","2019",33.564,,,,"Repository: ILO-STATISTICS - Micro data processing"
"Romania","LFS - Household Labour Force Survey","SDG indicator 5.5.2 - Proportion of women in managerial positions (%)","2018",31.63,,,,"Repository: ILO-STATISTICS - Micro data processing"
"Romania","LFS - Household Labour Force Survey","SDG indicator 5.5.2 - Proportion of women in managerial positions (%)","2017",30.366,,,,"Repository: ILO-STATISTICS - Micro data processing"
"Romania","LFS - Household Labour Force Survey","SDG indicator 5.5.2 - Proportion of women in managerial positions (%)","2016",33.61,,,,"Repository: ILO-STATISTICS - Micro data processing"
"Romania","LFS - Household Labour Force Survey","SDG indicator 5.5.2 - Proportion of women in managerial positions (%)","2015",31.477,,,,"Repository: ILO-STATISTICS - Micro data processing"
"Romania","LFS - Household Labour Force Survey","SDG indicator 5.5.2 - Proportion of women in managerial positions (%)","2014",31.665,,,,"Repository: ILO-STATISTICS - Micro data processing"
"Romania","LFS - Household Labour Force Survey","SDG indicator 5.5.2 - Proportion of women in managerial positions (%)","2013",31.247,,,,"Repository: ILO-STATISTICS - Micro data processing"
"Romania","LFS - Household Labour Force Survey","SDG indicator 5.5.2 - Proportion of women in managerial positions (%)","2012",31.062,,,,"Repository: ILO-STATISTICS - Micro data processing"
"Romania","LFS - Household Labour Force Survey","SDG indicator 5.5.2 - Proportion of women in managerial positions (%)","2011",30.839,,,,"Repository: ILO-STATISTICS - Micro data processing"
"Romania","LFS - Household Labour Force Survey","SDG indicator 5.5.2 - Proportion of women in managerial positions (%)","2010",31.053,,,,"Repository: ILO-STATISTICS - Micro data processing"
"Romania","LFS - Household Labour Force Survey","SDG indicator 5.5.2 - Proportion of women in managerial positions (%)","2009",31.256,,,,"Repository: ILO-STATISTICS - Micro data processing"
"Romania","LFS - Household Labour Force Survey","SDG indicator 5.5.2 - Proportion of women in managerial positions (%)","2008",29.535,,,,"Repository: ILO-STATISTICS - Micro data processing"
"Romania","LFS - Household Labour Force Survey","SDG indicator 5.5.2 - Proportion of women in managerial positions (%)","2007",28.206,,,,"Repository: ILO-STATISTICS - Micro data processing"
"Romania","LFS - Household Labour Force Survey","SDG indicator 5.5.2 - Proportion of women in managerial positions (%)","2006",30.184,,,,"Repository: ILO-STATISTICS - Micro data processing"
"Romania","LFS - Household Labour Force Survey","SDG indicator 5.5.2 - Proportion of women in managerial positions (%)","2005",29.18,,,,"Repository: ILO-STATISTICS - Micro data processing"
"Romania","LFS - Household Labour Force Survey","SDG indicator 5.5.2 - Proportion of women in managerial positions (%)","2004",28.882,,,,"Repository: ILO-STATISTICS - Micro data processing"
"Romania","LFS - Household Labour Force Survey","SDG indicator 5.5.2 - Proportion of women in managerial positions (%)","2003",33.217,,,,"Repository: ILO-STATISTICS - Micro data processing"
"Romania","LFS - Household Labour Force Survey","SDG indicator 5.5.2 - Proportion of women in managerial positions (%)","2002",33.246,,,,"Repository: ILO-STATISTICS - Micro data processing"
"Romania","LFS - Household Labour Force Survey","SDG indicator 5.5.2 - Proportion of women in managerial positions (%)","2001",28.456,,,,"Repository: ILO-STATISTICS - Micro data processing"
"Romania","LFS - Household Labour Force Survey","SDG indicator 5.5.2 - Proportion of women in managerial positions (%)","2000",26.797,,,,"Repository: ILO-STATISTICS - Micro data processing"
"Russian Federation","LFS - Labour Force Survey","SDG indicator 5.5.2 - Proportion of women in managerial positions (%)","2023",44.725,,,,"Repository: ILO-STATISTICS - Micro data processing"
"Russian Federation","LFS - Labour Force Survey","SDG indicator 5.5.2 - Proportion of women in managerial positions (%)","2022",44.03,,,,"Repository: ILO-STATISTICS - Micro data processing"
"Russian Federation","LFS - Labour Force Survey","SDG indicator 5.5.2 - Proportion of women in managerial positions (%)","2021",46.165,,,,"Repository: ILO-STATISTICS - Micro data processing"
"Russian Federation","LFS - Labour Force Survey","SDG indicator 5.5.2 - Proportion of women in managerial positions (%)","2020",45.753,,,,"Repository: ILO-STATISTICS - Micro data processing"
"Russian Federation","LFS - Labour Force Survey","SDG indicator 5.5.2 - Proportion of women in managerial positions (%)","2019",44.738,,,,"Repository: ILO-STATISTICS - Micro data processing"
"Russian Federation","LFS - Labour Force Survey","SDG indicator 5.5.2 - Proportion of women in managerial positions (%)","2018",41.917,,,,"Repository: ILO-STATISTICS - Micro data processing"
"Russian Federation","LFS - Labour Force Survey","SDG indicator 5.5.2 - Proportion of women in managerial positions (%)","2017",41.399,,,,"Repository: ILO-STATISTICS - Micro data processing"
"Russian Federation","LFS - Labour Force Survey","SDG indicator 5.5.2 - Proportion of women in managerial positions (%)","2016",42.177,,,,"Repository: ILO-STATISTICS - Micro data processing"
"Russian Federation","LFS - Labour Force Survey","SDG indicator 5.5.2 - Proportion of women in managerial positions (%)","2015",38.669,,,,"Repository: ILO-STATISTICS - Micro data processing"
"Russian Federation","LFS - Labour Force Survey","SDG indicator 5.5.2 - Proportion of women in managerial positions (%)","2014",38.129,,,,"Repository: ILO-STATISTICS - Micro data processing"
"Russian Federation","LFS - Labour Force Survey","SDG indicator 5.5.2 - Proportion of women in managerial positions (%)","2013",38.473,,,,"Repository: ILO-STATISTICS - Micro data processing"
"Russian Federation","LFS - Labour Force Survey","SDG indicator 5.5.2 - Proportion of women in managerial positions (%)","2012",39.187,,,,"Repository: ILO-STATISTICS - Micro data processing"
"Russian Federation","LFS - Labour Force Survey","SDG indicator 5.5.2 - Proportion of women in managerial positions (%)","2011",39.562,,,,"Repository: ILO-STATISTICS - Micro data processing"
"Russian Federation","LFS - Labour Force Survey","SDG indicator 5.5.2 - Proportion of women in managerial positions (%)","2010",38.694,"Break in series",,"Break in series: Methodology revised","Repository: ILO-STATISTICS - Micro data processing"
"Russian Federation","LFS - Labour Force Survey","SDG indicator 5.5.2 - Proportion of women in managerial positions (%)","2009",37.412,,,,"Geographical coverage: Total national, excluding some areas | Population coverage: Excluding institutional population | Age coverage - maximum age: 72 years old"
"Russian Federation","LFS - Labour Force Survey","SDG indicator 5.5.2 - Proportion of women in managerial positions (%)","2008",37.076,,,,"Age coverage - maximum age: 72 years old"
"Russian Federation","LFS - Labour Force Survey","SDG indicator 5.5.2 - Proportion of women in managerial positions (%)","2007",38.681,,,,"Age coverage - maximum age: 72 years old"
"Russian Federation","LFS - Labour Force Survey","SDG indicator 5.5.2 - Proportion of women in managerial positions (%)","2006",38.853,,,,"Age coverage - maximum age: 72 years old"
"Russian Federation","LFS - Labour Force Survey","SDG indicator 5.5.2 - Proportion of women in managerial positions (%)","2005",39.01,,,,"Age coverage - maximum age: 72 years old"
"Russian Federation","LFS - Labour Force Survey","SDG indicator 5.5.2 - Proportion of women in managerial positions (%)","2004",38.071,,,,"Age coverage - maximum age: 72 years old"
"Russian Federation","LFS - Labour Force Survey","SDG indicator 5.5.2 - Proportion of women in managerial positions (%)","2003",38.687,,,,"Age coverage - maximum age: 72 years old"
"Russian Federation","LFS - Labour Force Survey","SDG indicator 5.5.2 - Proportion of women in managerial positions (%)","2002",37.453,,,,"Age coverage - maximum age: 72 years old"
"Russian Federation","LFS - Labour Force Survey","SDG indicator 5.5.2 - Proportion of women in managerial positions (%)","2001",36.637,,,,"Age coverage - maximum age: 72 years old"
"Russian Federation","LFS - Labour Force Survey","SDG indicator 5.5.2 - Proportion of women in managerial positions (%)","2000",35.624,,,,"Age coverage - maximum age: 72 years old"
"Rwanda","LFS - Labour Force Survey","SDG indicator 5.5.2 - Proportion of women in managerial positions (%)","2023",37.827,,,,"Repository: ILO-STATISTICS - Micro data processing"
"Rwanda","LFS - Labour Force Survey","SDG indicator 5.5.2 - Proportion of women in managerial positions (%)","2022",23.647,,,,"Repository: ILO-STATISTICS - Micro data processing"
"Rwanda","LFS - Labour Force Survey","SDG indicator 5.5.2 - Proportion of women in managerial positions (%)","2021",35.012,,,,"Repository: ILO-STATISTICS - Micro data processing"
"Rwanda","LFS - Labour Force Survey","SDG indicator 5.5.2 - Proportion of women in managerial positions (%)","2020",33.375,,,,"Repository: ILO-STATISTICS - Micro data processing"
"Rwanda","LFS - Labour Force Survey","SDG indicator 5.5.2 - Proportion of women in managerial positions (%)","2019",28.616,,,,"Repository: ILO-STATISTICS - Micro data processing"
"Rwanda","LFS - Labour Force Survey","SDG indicator 5.5.2 - Proportion of women in managerial positions (%)","2018",31.937,,,,"Repository: ILO-STATISTICS - Micro data processing"
"Rwanda","LFS - Labour Force Survey","SDG indicator 5.5.2 - Proportion of women in managerial positions (%)","2017",36.275,"Break in series",,"Break in series: Methodology revised","Repository: ILO-STATISTICS - Micro data processing"
"Rwanda","HIES - Integrated Household Survey on Living Conditions","SDG indicator 5.5.2 - Proportion of women in managerial positions (%)","2014",14.087,"Break in series",,"Break in series: Methodology revised","Repository: ILO-STATISTICS - Micro data processing"
"Rwanda","PC - Population Census","SDG indicator 5.5.2 - Proportion of women in managerial positions (%)","2012",33.947,,,,"Data reference period: August | Population coverage: Excluding institutional population | Age coverage - minimum age: 16 years old"
"Saudi Arabia","LFS - Labour Force Survey","SDG indicator 5.5.2 - Proportion of women in managerial positions (%)","2023",15.097,,,,"Repository: ILO-STATISTICS - Micro data processing"
"Saudi Arabia","LFS - Labour Force Survey","SDG indicator 5.5.2 - Proportion of women in managerial positions (%)","2022",19.467,,,,"Repository: ILO-STATISTICS - Micro data processing"
"Saudi Arabia","LFS - Labour Force Survey","SDG indicator 5.5.2 - Proportion of women in managerial positions (%)","2021",16.668,,,,"Repository: ILO-STATISTICS - Micro data processing"
"Saudi Arabia","LFS - Labour Force Survey","SDG indicator 5.5.2 - Proportion of women in managerial positions (%)","2020",15.393,,,,"Repository: ILO-STATISTICS - Micro data processing"
"Saudi Arabia","LFS - Labour Force Survey","SDG indicator 5.5.2 - Proportion of women in managerial positions (%)","2019",7.609,,,,"Repository: ILO-STATISTICS - Micro data processing"
"Saudi Arabia","LFS - Labour Force Survey","SDG indicator 5.5.2 - Proportion of women in managerial positions (%)","2018",7.936,,,,"Repository: ILO-STATISTICS - Micro data processing"
"Saudi Arabia","LFS - Labour Force Survey","SDG indicator 5.5.2 - Proportion of women in managerial positions (%)","2017",6.871,,,,"Repository: ILO-STATISTICS - Micro data processing"
"Sudan","LFS - Labor Market Panel Survey","SDG indicator 5.5.2 - Proportion of women in managerial positions (%)","2022",24.239,"Unreliable",,,"Repository: ILO-STATISTICS - Micro data processing"
"Sudan","PC - Population and Housing Census","SDG indicator 5.5.2 - Proportion of women in managerial positions (%)","2008",9.066,,,,"Repository: ILO-STATISTICS - Micro data processing"
"Senegal","HIES - Harmonized Survey on Household Living Conditions","SDG indicator 5.5.2 - Proportion of women in managerial positions (%)","2022",27.249,,,,"Repository: ILO-STATISTICS - Micro data processing"
"Senegal","LFS - National Employment Survey","SDG indicator 5.5.2 - Proportion of women in managerial positions (%)","2019",15.218,"Unreliable",,,"Repository: ILO-STATISTICS - Micro data processing"
"Senegal","LFS - National Employment Survey","SDG indicator 5.5.2 - Proportion of women in managerial positions (%)","2016",24.857,"Unreliable",,,"Repository: ILO-STATISTICS - Micro data processing"
"Senegal","LFS - National Employment Survey","SDG indicator 5.5.2 - Proportion of women in managerial positions (%)","2015",23.162,,,,"Repository: ILO-STATISTICS - Micro data processing"
"Singapore","LFS - Labour Force Survey","SDG indicator 5.5.2 - Proportion of women in managerial positions (%)","2023",39.606,,,,"Repository: ILO-STATISTICS - Micro data processing"
"Singapore","LFS - Labour Force Survey","SDG indicator 5.5.2 - Proportion of women in managerial positions (%)","2022",40.277,,,,"Repository: ILO-STATISTICS - Micro data processing"
"Singapore","LFS - Labour Force Survey","SDG indicator 5.5.2 - Proportion of women in managerial positions (%)","2021",38.137,,,,"Repository: ILO-STATISTICS - Micro data processing"
"Singapore","LFS - Labour Force Survey","SDG indicator 5.5.2 - Proportion of women in managerial positions (%)","2020",37.171,,,,"Data reference period: June | Population coverage: Nationals, residents"
"Singapore","LFS - Labour Force Survey","SDG indicator 5.5.2 - Proportion of women in managerial positions (%)","2019",36.695,,,,"Data reference period: June | Population coverage: Nationals, residents"
"Singapore","LFS - Labour Force Survey","SDG indicator 5.5.2 - Proportion of women in managerial positions (%)","2018",35.831,,,,"Data reference period: June | Population coverage: Nationals, residents"
"Singapore","LFS - Labour Force Survey","SDG indicator 5.5.2 - Proportion of women in managerial positions (%)","2017",33.916,,,,"Data reference period: June | Population coverage: Nationals, residents"
"Singapore","LFS - Labour Force Survey","SDG indicator 5.5.2 - Proportion of women in managerial positions (%)","2016",34.756,,,,"Data reference period: June | Population coverage: Nationals, residents"
"Singapore","LFS - Labour Force Survey","SDG indicator 5.5.2 - Proportion of women in managerial positions (%)","2015",33.895,,,,"Data reference period: June | Population coverage: Nationals, residents"
"Singapore","LFS - Labour Force Survey","SDG indicator 5.5.2 - Proportion of women in managerial positions (%)","2014",33.859,,,,"Data reference period: June | Population coverage: Nationals, residents"
"Singapore","LFS - Labour Force Survey","SDG indicator 5.5.2 - Proportion of women in managerial positions (%)","2013",33.696,,,,"Data reference period: June | Population coverage: Nationals, residents"
"Singapore","LFS - Labour Force Survey","SDG indicator 5.5.2 - Proportion of women in managerial positions (%)","2012",33.776,,,,"Data reference period: June | Population coverage: Nationals, residents"
"Singapore","LFS - Labour Force Survey","SDG indicator 5.5.2 - Proportion of women in managerial positions (%)","2011",33.886,,,,"Data reference period: June | Population coverage: Nationals, residents"
"Singapore","LFS - Labour Force Survey","SDG indicator 5.5.2 - Proportion of women in managerial positions (%)","2010",34.308,,,,"Data reference period: June | Population coverage: Nationals, residents"
"Singapore","LFS - Labour Force Survey","SDG indicator 5.5.2 - Proportion of women in managerial positions (%)","2009",31.281,,,,"Data reference period: June | Population coverage: Nationals, residents"
"Singapore","LFS - Labour Force Survey","SDG indicator 5.5.2 - Proportion of women in managerial positions (%)","2008",31.362,,,,"Data reference period: June | Population coverage: Nationals, residents"
"Singapore","LFS - Labour Force Survey","SDG indicator 5.5.2 - Proportion of women in managerial positions (%)","2007",30.427,,,,"Data reference period: June | Population coverage: Nationals, residents"
"Singapore","LFS - Labour Force Survey","SDG indicator 5.5.2 - Proportion of women in managerial positions (%)","2006",30.978,,,,"Data reference period: June | Population coverage: Excluding non-permanent residents | Reference group coverage: Total employment"
"Singapore","LFS - Labour Force Survey","SDG indicator 5.5.2 - Proportion of women in managerial positions (%)","2004",27.654,,,,"Data reference period: June | Population coverage: Nationals, residents"
"Singapore","LFS - Labour Force Survey","SDG indicator 5.5.2 - Proportion of women in managerial positions (%)","2003",26.1,,,,"Data reference period: June | Population coverage: Nationals, residents"
"Singapore","LFS - Labour Force Survey","SDG indicator 5.5.2 - Proportion of women in managerial positions (%)","2002",26.136,,,,"Data reference period: June | Population coverage: Nationals, residents"
"Singapore","LFS - Labour Force Survey","SDG indicator 5.5.2 - Proportion of women in managerial positions (%)","2001",25.119,,,,"Data reference period: June | Population coverage: Nationals, residents"
"Singapore","PC - Population Census","SDG indicator 5.5.2 - Proportion of women in managerial positions (%)","2000",24.951,,,,"Data reference period: June"
"Solomon Islands","HIES - Household Income and Expenditure Survey","SDG indicator 5.5.2 - Proportion of women in managerial positions (%)","2013",25.657,,,,"Repository: ILO-STATISTICS - Micro data processing"
"Sierra Leone","HS - Integrated Household Survey","SDG indicator 5.5.2 - Proportion of women in managerial positions (%)","2018",35.913,,,,"Repository: ILO-STATISTICS - Micro data processing"
"Sierra Leone","LFS - Labour Force Survey","SDG indicator 5.5.2 - Proportion of women in managerial positions (%)","2014",37.853,"Unreliable",,,"Repository: ILO-STATISTICS - Micro data processing"
"El Salvador","HS - Multi-purpose Household Survey","SDG indicator 5.5.2 - Proportion of women in managerial positions (%)","2023",41.579,,,,"Repository: ILO-STATISTICS - Micro data processing"
"El Salvador","HS - Multi-purpose Household Survey","SDG indicator 5.5.2 - Proportion of women in managerial positions (%)","2022",40.533,,,,"Repository: ILO-STATISTICS - Micro data processing"
"El Salvador","HS - Multi-purpose Household Survey","SDG indicator 5.5.2 - Proportion of women in managerial positions (%)","2021",41.062,,,,"Repository: ILO-STATISTICS - Micro data processing"
"El Salvador","HS - Multi-purpose Household Survey","SDG indicator 5.5.2 - Proportion of women in managerial positions (%)","2020",46.696,,,,"Repository: ILO-STATISTICS - Micro data processing"
"El Salvador","HS - Multi-purpose Household Survey","SDG indicator 5.5.2 - Proportion of women in managerial positions (%)","2019",44.273,,,,"Repository: ILO-STATISTICS - Micro data processing | Age coverage - minimum age: 16 years old"
"El Salvador","HS - Multi-purpose Household Survey","SDG indicator 5.5.2 - Proportion of women in managerial positions (%)","2018",35.351,,,,"Repository: ILO-STATISTICS - Micro data processing | Age coverage - minimum age: 16 years old"
"El Salvador","HS - Multi-purpose Household Survey","SDG indicator 5.5.2 - Proportion of women in managerial positions (%)","2017",32.376,,,,"Repository: ILO-STATISTICS - Micro data processing | Age coverage - minimum age: 16 years old"
"El Salvador","HS - Multi-purpose Household Survey","SDG indicator 5.5.2 - Proportion of women in managerial positions (%)","2016",35.26,,,,"Repository: ILO-STATISTICS - Micro data processing | Age coverage - minimum age: 16 years old"
"El Salvador","HS - Multi-purpose Household Survey","SDG indicator 5.5.2 - Proportion of women in managerial positions (%)","2015",40.908,,,,"Repository: ILO-STATISTICS - Micro data processing | Age coverage - minimum age: 16 years old"
"El Salvador","HS - Multi-purpose Household Survey","SDG indicator 5.5.2 - Proportion of women in managerial positions (%)","2014",38.193,,,,"Repository: ILO-STATISTICS - Micro data processing | Age coverage - minimum age: 16 years old"
"El Salvador","HS - Multi-purpose Household Survey","SDG indicator 5.5.2 - Proportion of women in managerial positions (%)","2013",43.544,,,,"Repository: ILO-STATISTICS - Micro data processing | Age coverage - minimum age: 16 years old"
"El Salvador","HS - Multi-purpose Household Survey","SDG indicator 5.5.2 - Proportion of women in managerial positions (%)","2012",37.111,,,,"Repository: ILO-STATISTICS - Micro data processing | Age coverage - minimum age: 16 years old"
"El Salvador","HS - Multi-purpose Household Survey","SDG indicator 5.5.2 - Proportion of women in managerial positions (%)","2011",35.798,,,,"Repository: ILO-STATISTICS - Micro data processing | Age coverage - minimum age: 16 years old"
"El Salvador","HS - Multi-purpose Household Survey","SDG indicator 5.5.2 - Proportion of women in managerial positions (%)","2010",28.953,"Break in series",,"Break in series: Methodology revised","Repository: ILO-STATISTICS - Micro data processing | Age coverage - minimum age: 16 years old"
"El Salvador","HS - Multi-purpose Household Survey","SDG indicator 5.5.2 - Proportion of women in managerial positions (%)","2009",37.883,,,,"Age coverage - minimum age: 16 years old"
"El Salvador","HS - Multi-purpose Household Survey","SDG indicator 5.5.2 - Proportion of women in managerial positions (%)","2008",38.072,,,,"Age coverage - minimum age: 16 years old"
"El Salvador","LFS - Labour Force Survey","SDG indicator 5.5.2 - Proportion of women in managerial positions (%)","2007",24.665,,,,"Data reference period: December | Age coverage - minimum age: 10 years old"
"El Salvador","LFS - Labour Force Survey","SDG indicator 5.5.2 - Proportion of women in managerial positions (%)","2006",28.834,,,,"Data reference period: December | Age coverage - minimum age: 10 years old"
"El Salvador","LFS - Labour Force Survey","SDG indicator 5.5.2 - Proportion of women in managerial positions (%)","2005",27.348,,,,"Data reference period: December | Age coverage - minimum age: 10 years old"
"El Salvador","LFS - Labour Force Survey","SDG indicator 5.5.2 - Proportion of women in managerial positions (%)","2004",32.987,,,,"Data reference period: December | Age coverage - minimum age: 10 years old"
"El Salvador","LFS - Labour Force Survey","SDG indicator 5.5.2 - Proportion of women in managerial positions (%)","2003",32.098,,,,"Data reference period: December | Age coverage - minimum age: 10 years old"
"El Salvador","LFS - Labour Force Survey","SDG indicator 5.5.2 - Proportion of women in managerial positions (%)","2002",25.718,,,,"Data reference period: December | Age coverage - minimum age: 10 years old"
"El Salvador","LFS - Labour Force Survey","SDG indicator 5.5.2 - Proportion of women in managerial positions (%)","2001",25.354,,,,"Data reference period: December | Age coverage - minimum age: 10 years old"
"El Salvador","LFS - Labour Force Survey","SDG indicator 5.5.2 - Proportion of women in managerial positions (%)","2000",26.09,,,,"Data reference period: December | Age coverage - minimum age: 10 years old"
"San Marino","OE - Estimates of the Office of economic planning, data processing and statistics","SDG indicator 5.5.2 - Proportion of women in managerial positions (%)","2008",17.778,,,,"Data reference period: December"
"San Marino","OE - Estimates of the Office of economic planning, data processing and statistics","SDG indicator 5.5.2 - Proportion of women in managerial positions (%)","2007",18.976,,,,"Data reference period: December"
"Somalia","LFS - Labour Force Survey","SDG indicator 5.5.2 - Proportion of women in managerial positions (%)","2019",29.395,,,,"Repository: ILO-STATISTICS - Micro data processing"
"Serbia","LFS - Labour Force Survey","SDG indicator 5.5.2 - Proportion of women in managerial positions (%)","2023",36.089,,,,"Repository: ILO-STATISTICS - Micro data processing"
"Serbia","LFS - Labour Force Survey","SDG indicator 5.5.2 - Proportion of women in managerial positions (%)","2022",36.236,,,,"Repository: ILO-STATISTICS - Micro data processing"
"Serbia","LFS - Labour Force Survey","SDG indicator 5.5.2 - Proportion of women in managerial positions (%)","2021",34.885,,,,"Repository: ILO-STATISTICS - Micro data processing"
"Serbia","LFS - Labour Force Survey","SDG indicator 5.5.2 - Proportion of women in managerial positions (%)","2020",31.483,,,,"Repository: ILO-STATISTICS - Micro data processing"
"Serbia","LFS - Labour Force Survey","SDG indicator 5.5.2 - Proportion of women in managerial positions (%)","2019",32.737,,,,"Repository: ILO-STATISTICS - Micro data processing"
"Serbia","LFS - Labour Force Survey","SDG indicator 5.5.2 - Proportion of women in managerial positions (%)","2018",31.328,,,,"Repository: ILO-STATISTICS - Micro data processing"
"Serbia","LFS - Labour Force Survey","SDG indicator 5.5.2 - Proportion of women in managerial positions (%)","2017",30.692,,,,"Repository: ILO-STATISTICS - Micro data processing"
"Serbia","LFS - Labour Force Survey","SDG indicator 5.5.2 - Proportion of women in managerial positions (%)","2016",29.366,,,,"Repository: ILO-STATISTICS - Micro data processing"
"Serbia","LFS - Labour Force Survey","SDG indicator 5.5.2 - Proportion of women in managerial positions (%)","2015",28.586,,,,"Repository: ILO-STATISTICS - Micro data processing"
"Serbia","LFS - Labour Force Survey","SDG indicator 5.5.2 - Proportion of women in managerial positions (%)","2014",29.819,"Break in series",,"Break in series: Methodology revised","Repository: ILO-STATISTICS - Micro data processing"
"Serbia","LFS - Labour Force Survey","SDG indicator 5.5.2 - Proportion of women in managerial positions (%)","2013",31.46,"Break in series",,"Break in series: Methodology revised","Repository: ILO-STATISTICS - Micro data processing"
"Serbia","LFS - Labour Force Survey","SDG indicator 5.5.2 - Proportion of women in managerial positions (%)","2012",29.067,"Break in series",,"Break in series: Methodology revised","Repository: ILO-STATISTICS - Micro data processing"
"Serbia","LFS - Labour Force Survey","SDG indicator 5.5.2 - Proportion of women in managerial positions (%)","2011",32.799,,,,"Repository: ILO-STATISTICS - Micro data processing"
"Serbia","LFS - Labour Force Survey","SDG indicator 5.5.2 - Proportion of women in managerial positions (%)","2010",33.301,,,,"Repository: ILO-STATISTICS - Micro data processing"
"Serbia","LFS - Labour Force Survey","SDG indicator 5.5.2 - Proportion of women in managerial positions (%)","2009",35,,,,"Repository: ILO-STATISTICS - Micro data processing"
"Serbia","LFS - Labour Force Survey","SDG indicator 5.5.2 - Proportion of women in managerial positions (%)","2008",36.221,"Break in series",,"Break in series: Methodology revised","Repository: ILO-STATISTICS - Micro data processing"
"Serbia","LFS - Labour Force Survey","SDG indicator 5.5.2 - Proportion of women in managerial positions (%)","2007",35.387,,,,"Data reference period: October"
"Serbia","LFS - Labour Force Survey","SDG indicator 5.5.2 - Proportion of women in managerial positions (%)","2006",24.897,,,,"Data reference period: October"
"Serbia","LFS - Labour Force Survey","SDG indicator 5.5.2 - Proportion of women in managerial positions (%)","2005",24.782,,,,"Data reference period: October"
"Serbia","LFS - Labour Force Survey","SDG indicator 5.5.2 - Proportion of women in managerial positions (%)","2004",25.871,,,,"Data reference period: October"
"South Sudan","PC - Population and Housing Census","SDG indicator 5.5.2 - Proportion of women in managerial positions (%)","2008",21.698,,,,"Repository: ILO-STATISTICS - Micro data processing"
"Sao Tome and Principe","HIES - Household Budget Survey","SDG indicator 5.5.2 - Proportion of women in managerial positions (%)","2017",75.795,"Unreliable",,,"Repository: ILO-STATISTICS - Micro data processing | Age coverage - minimum age: Less than or equal to 9 years old"
"Sao Tome and Principe","PC - Population Census","SDG indicator 5.5.2 - Proportion of women in managerial positions (%)","2012",24.354,,,,
"Sao Tome and Principe","OE - Official Estimates","SDG indicator 5.5.2 - Proportion of women in managerial positions (%)","2005",32.143,,,,
"Sao Tome and Principe","OE - Official Estimates","SDG indicator 5.5.2 - Proportion of women in managerial positions (%)","2004",25.475,,,,
"Sao Tome and Principe","OE - Official Estimates","SDG indicator 5.5.2 - Proportion of women in managerial positions (%)","2003",25.746,,,,
"Suriname","HIES - Survey on Living Conditions","SDG indicator 5.5.2 - Proportion of women in managerial positions (%)","2016",43.246,,,,"Repository: ILO-STATISTICS - Micro data processing"
"Suriname","LFS - Continuous Household Sample Survey","SDG indicator 5.5.2 - Proportion of women in managerial positions (%)","2015",37.268,,,,"Data reference period: First semester | Geographical coverage: Urban areas only | Population coverage: Excluding both institutional population and armed forces and/or conscripts | Age coverage - maximum age: 64 years old"
"Suriname","LFS - Continuous Household Sample Survey","SDG indicator 5.5.2 - Proportion of women in managerial positions (%)","2013",35.807,,,,"Data reference period: First semester | Geographical coverage: Urban areas only | Population coverage: Excluding both institutional population and armed forces and/or conscripts | Age coverage - maximum age: 64 years old"
"Slovakia","LFS - Labour Force Survey","SDG indicator 5.5.2 - Proportion of women in managerial positions (%)","2023",33.271,,,,"Repository: ILO-STATISTICS - Micro data processing"
"Slovakia","LFS - Labour Force Survey","SDG indicator 5.5.2 - Proportion of women in managerial positions (%)","2022",38.04,,,,"Repository: ILO-STATISTICS - Micro data processing"
"Slovakia","LFS - Labour Force Survey","SDG indicator 5.5.2 - Proportion of women in managerial positions (%)","2021",37.993,"Break in series",,"Break in series: Methodology revised","Repository: ILO-STATISTICS - Micro data processing"
"Slovakia","LFS - Labour Force Survey","SDG indicator 5.5.2 - Proportion of women in managerial positions (%)","2020",35.527,,,,"Repository: ILO-STATISTICS - Micro data processing"
"Slovakia","LFS - Labour Force Survey","SDG indicator 5.5.2 - Proportion of women in managerial positions (%)","2019",33.74,,,,"Repository: ILO-STATISTICS - Micro data processing"
"Slovakia","LFS - Labour Force Survey","SDG indicator 5.5.2 - Proportion of women in managerial positions (%)","2018",32.142,,,,"Repository: ILO-STATISTICS - Micro data processing"
"Slovakia","LFS - Labour Force Survey","SDG indicator 5.5.2 - Proportion of women in managerial positions (%)","2017",32.54,,,,"Repository: ILO-STATISTICS - Micro data processing"
"Slovakia","LFS - Labour Force Survey","SDG indicator 5.5.2 - Proportion of women in managerial positions (%)","2016",35.073,,,,"Repository: ILO-STATISTICS - Micro data processing"
"Slovakia","LFS - Labour Force Survey","SDG indicator 5.5.2 - Proportion of women in managerial positions (%)","2015",31.386,,,,"Repository: ILO-STATISTICS - Micro data processing"
"Slovakia","LFS - Labour Force Survey","SDG indicator 5.5.2 - Proportion of women in managerial positions (%)","2014",31.38,,,,"Repository: ILO-STATISTICS - Micro data processing"
"Slovakia","LFS - Labour Force Survey","SDG indicator 5.5.2 - Proportion of women in managerial positions (%)","2013",32.301,,,,"Repository: ILO-STATISTICS - Micro data processing"
"Slovakia","LFS - Labour Force Survey","SDG indicator 5.5.2 - Proportion of women in managerial positions (%)","2012",33.114,,,,"Repository: ILO-STATISTICS - Micro data processing"
"Slovakia","LFS - Labour Force Survey","SDG indicator 5.5.2 - Proportion of women in managerial positions (%)","2011",31.432,,,,"Repository: ILO-STATISTICS - Micro data processing"
"Slovakia","LFS - Labour Force Survey","SDG indicator 5.5.2 - Proportion of women in managerial positions (%)","2010",34.161,,,,"Repository: ILO-STATISTICS - Micro data processing"
"Slovakia","LFS - Labour Force Survey","SDG indicator 5.5.2 - Proportion of women in managerial positions (%)","2009",32.244,,,,"Repository: ILO-STATISTICS - Micro data processing"
"Slovakia","LFS - Labour Force Survey","SDG indicator 5.5.2 - Proportion of women in managerial positions (%)","2008",29.669,,,,"Repository: ILO-STATISTICS - Micro data processing"
"Slovakia","LFS - Labour Force Survey","SDG indicator 5.5.2 - Proportion of women in managerial positions (%)","2007",30.944,,,,"Repository: ILO-STATISTICS - Micro data processing"
"Slovakia","LFS - Labour Force Survey","SDG indicator 5.5.2 - Proportion of women in managerial positions (%)","2006",27.884,,,,"Repository: ILO-STATISTICS - Micro data processing"
"Slovakia","LFS - Labour Force Survey","SDG indicator 5.5.2 - Proportion of women in managerial positions (%)","2005",30.764,,,,"Repository: ILO-STATISTICS - Micro data processing"
"Slovakia","LFS - Labour Force Survey","SDG indicator 5.5.2 - Proportion of women in managerial positions (%)","2004",32.374,,,,"Repository: ILO-STATISTICS - Micro data processing"
"Slovakia","LFS - Labour Force Survey","SDG indicator 5.5.2 - Proportion of women in managerial positions (%)","2003",34.619,,,,"Repository: ILO-STATISTICS - Micro data processing"
"Slovakia","LFS - Labour Force Survey","SDG indicator 5.5.2 - Proportion of women in managerial positions (%)","2002",31.366,,,,"Repository: ILO-STATISTICS - Micro data processing"
"Slovakia","LFS - Labour Force Survey","SDG indicator 5.5.2 - Proportion of women in managerial positions (%)","2001",30.573,,,,"Repository: ILO-STATISTICS - Micro data processing"
"Slovakia","LFS - Labour Force Survey","SDG indicator 5.5.2 - Proportion of women in managerial positions (%)","2000",30.747,,,,"Repository: ILO-STATISTICS - Micro data processing"
"Slovenia","LFS - Labour Force Survey","SDG indicator 5.5.2 - Proportion of women in managerial positions (%)","2023",35.044,,,,"Repository: ILO-STATISTICS - Micro data processing"
"Slovenia","LFS - Labour Force Survey","SDG indicator 5.5.2 - Proportion of women in managerial positions (%)","2022",34.791,,,,"Repository: ILO-STATISTICS - Micro data processing"
"Slovenia","LFS - Labour Force Survey","SDG indicator 5.5.2 - Proportion of women in managerial positions (%)","2021",33.989,,,,"Repository: ILO-STATISTICS - Micro data processing"
"Slovenia","LFS - Labour Force Survey","SDG indicator 5.5.2 - Proportion of women in managerial positions (%)","2020",40.103,,,,"Repository: ILO-STATISTICS - Micro data processing"
"Slovenia","LFS - Labour Force Survey","SDG indicator 5.5.2 - Proportion of women in managerial positions (%)","2019",40.131,,,,"Repository: ILO-STATISTICS - Micro data processing"
"Slovenia","LFS - Labour Force Survey","SDG indicator 5.5.2 - Proportion of women in managerial positions (%)","2018",38.549,,,,"Repository: ILO-STATISTICS - Micro data processing"
"Slovenia","LFS - Labour Force Survey","SDG indicator 5.5.2 - Proportion of women in managerial positions (%)","2017",41.183,,,,"Repository: ILO-STATISTICS - Micro data processing"
"Slovenia","LFS - Labour Force Survey","SDG indicator 5.5.2 - Proportion of women in managerial positions (%)","2016",40.842,,,,"Repository: ILO-STATISTICS - Micro data processing"
"Slovenia","LFS - Labour Force Survey","SDG indicator 5.5.2 - Proportion of women in managerial positions (%)","2015",37.36,,,,"Repository: ILO-STATISTICS - Micro data processing"
"Slovenia","LFS - Labour Force Survey","SDG indicator 5.5.2 - Proportion of women in managerial positions (%)","2014",37.55,,,,"Repository: ILO-STATISTICS - Micro data processing"
"Slovenia","LFS - Labour Force Survey","SDG indicator 5.5.2 - Proportion of women in managerial positions (%)","2013",37.032,,,,"Repository: ILO-STATISTICS - Micro data processing"
"Slovenia","LFS - Labour Force Survey","SDG indicator 5.5.2 - Proportion of women in managerial positions (%)","2012",38.96,,,,"Repository: ILO-STATISTICS - Micro data processing"
"Slovenia","LFS - Labour Force Survey","SDG indicator 5.5.2 - Proportion of women in managerial positions (%)","2011",38.39,,,,"Repository: ILO-STATISTICS - Micro data processing"
"Slovenia","LFS - Labour Force Survey","SDG indicator 5.5.2 - Proportion of women in managerial positions (%)","2010",34.797,,,,"Repository: ILO-STATISTICS - Micro data processing"
"Slovenia","LFS - Labour Force Survey","SDG indicator 5.5.2 - Proportion of women in managerial positions (%)","2009",35.54,,,,"Repository: ILO-STATISTICS - Micro data processing"
"Slovenia","LFS - Labour Force Survey","SDG indicator 5.5.2 - Proportion of women in managerial positions (%)","2008",34.829,,,,"Repository: ILO-STATISTICS - Micro data processing"
"Slovenia","LFS - Labour Force Survey","SDG indicator 5.5.2 - Proportion of women in managerial positions (%)","2007",31.846,,,,"Repository: ILO-STATISTICS - Micro data processing"
"Slovenia","LFS - Labour Force Survey","SDG indicator 5.5.2 - Proportion of women in managerial positions (%)","2006",33.103,,,,"Repository: ILO-STATISTICS - Micro data processing"
"Slovenia","LFS - Labour Force Survey","SDG indicator 5.5.2 - Proportion of women in managerial positions (%)","2005",34.192,,,,"Repository: ILO-STATISTICS - Micro data processing"
"Slovenia","LFS - Labour Force Survey","SDG indicator 5.5.2 - Proportion of women in managerial positions (%)","2004",33.405,,,,"Repository: ILO-STATISTICS - Micro data processing"
"Slovenia","LFS - Labour Force Survey","SDG indicator 5.5.2 - Proportion of women in managerial positions (%)","2003",33.236,,,,"Repository: ILO-STATISTICS - Micro data processing"
"Slovenia","LFS - Labour Force Survey","SDG indicator 5.5.2 - Proportion of women in managerial positions (%)","2002",29.119,,,,"Repository: ILO-STATISTICS - Micro data processing"
"Slovenia","LFS - Labour Force Survey","SDG indicator 5.5.2 - Proportion of women in managerial positions (%)","2001",31.603,,,,"Repository: ILO-STATISTICS - Micro data processing"
"Slovenia","LFS - Labour Force Survey","SDG indicator 5.5.2 - Proportion of women in managerial positions (%)","2000",29.589,,,,"Repository: ILO-STATISTICS - Micro data processing"
"Sweden","LFS - EU Labour Force Survey","SDG indicator 5.5.2 - Proportion of women in managerial positions (%)","2023",43.663,,,,"Repository: ILO-STATISTICS - Micro data processing"
"Sweden","LFS - EU Labour Force Survey","SDG indicator 5.5.2 - Proportion of women in managerial positions (%)","2022",41.952,,,,"Repository: ILO-STATISTICS - Micro data processing"
"Sweden","LFS - EU Labour Force Survey","SDG indicator 5.5.2 - Proportion of women in managerial positions (%)","2021",42.986,,,,"Repository: ILO-STATISTICS - Micro data processing"
"Sweden","LFS - EU Labour Force Survey","SDG indicator 5.5.2 - Proportion of women in managerial positions (%)","2020",42.289,,,,"Repository: ILO-STATISTICS - Micro data processing"
"Sweden","LFS - EU Labour Force Survey","SDG indicator 5.5.2 - Proportion of women in managerial positions (%)","2019",40.272,,,,"Repository: ILO-STATISTICS - Micro data processing"
"Sweden","LFS - EU Labour Force Survey","SDG indicator 5.5.2 - Proportion of women in managerial positions (%)","2018",38.104,,,,"Repository: ILO-STATISTICS - Micro data processing"
"Sweden","LFS - EU Labour Force Survey","SDG indicator 5.5.2 - Proportion of women in managerial positions (%)","2017",38.926,,,,"Repository: ILO-STATISTICS - Micro data processing"
"Sweden","LFS - EU Labour Force Survey","SDG indicator 5.5.2 - Proportion of women in managerial positions (%)","2016",39.295,,,,"Repository: ILO-STATISTICS - Micro data processing"
"Sweden","LFS - EU Labour Force Survey","SDG indicator 5.5.2 - Proportion of women in managerial positions (%)","2015",39.548,,,,"Repository: ILO-STATISTICS - Micro data processing"
"Sweden","LFS - EU Labour Force Survey","SDG indicator 5.5.2 - Proportion of women in managerial positions (%)","2014",37.117,,,,"Repository: ILO-STATISTICS - Micro data processing"
"Sweden","LFS - EU Labour Force Survey","SDG indicator 5.5.2 - Proportion of women in managerial positions (%)","2013",35.44,,,,"Repository: ILO-STATISTICS - Micro data processing"
"Sweden","LFS - EU Labour Force Survey","SDG indicator 5.5.2 - Proportion of women in managerial positions (%)","2012",35.488,,,,"Repository: ILO-STATISTICS - Micro data processing"
"Sweden","LFS - EU Labour Force Survey","SDG indicator 5.5.2 - Proportion of women in managerial positions (%)","2011",34.478,,,,"Repository: ILO-STATISTICS - Micro data processing"
"Sweden","LFS - EU Labour Force Survey","SDG indicator 5.5.2 - Proportion of women in managerial positions (%)","2010",31.356,,,,"Repository: ILO-STATISTICS - Micro data processing"
"Sweden","LFS - EU Labour Force Survey","SDG indicator 5.5.2 - Proportion of women in managerial positions (%)","2009",32.495,,,,"Repository: ILO-STATISTICS - Micro data processing"
"Sweden","LFS - EU Labour Force Survey","SDG indicator 5.5.2 - Proportion of women in managerial positions (%)","2008",32.083,,,,"Repository: ILO-STATISTICS - Micro data processing"
"Sweden","LFS - EU Labour Force Survey","SDG indicator 5.5.2 - Proportion of women in managerial positions (%)","2007",31.593,,,,"Repository: ILO-STATISTICS - Micro data processing"
"Sweden","LFS - EU Labour Force Survey","SDG indicator 5.5.2 - Proportion of women in managerial positions (%)","2006",32.103,,,,"Repository: ILO-STATISTICS - Micro data processing"
"Sweden","LFS - EU Labour Force Survey","SDG indicator 5.5.2 - Proportion of women in managerial positions (%)","2005",29.887,,,,"Repository: ILO-STATISTICS - Micro data processing"
"Sweden","LFS - EU Labour Force Survey","SDG indicator 5.5.2 - Proportion of women in managerial positions (%)","2004",30.274,,,,"Repository: ILO-STATISTICS - Micro data processing"
"Sweden","LFS - EU Labour Force Survey","SDG indicator 5.5.2 - Proportion of women in managerial positions (%)","2003",30.302,,,,"Repository: ILO-STATISTICS - Micro data processing"
"Sweden","LFS - EU Labour Force Survey","SDG indicator 5.5.2 - Proportion of women in managerial positions (%)","2002",30.706,,,,"Repository: ILO-STATISTICS - Micro data processing"
"Sweden","LFS - EU Labour Force Survey","SDG indicator 5.5.2 - Proportion of women in managerial positions (%)","2001",30.51,,,,"Repository: ILO-STATISTICS - Micro data processing"
"Sweden","LFS - EU Labour Force Survey","SDG indicator 5.5.2 - Proportion of women in managerial positions (%)","2000",30.66,,,,"Repository: ILO-STATISTICS - Micro data processing"
"Eswatini","LFS - Labour Force Survey","SDG indicator 5.5.2 - Proportion of women in managerial positions (%)","2021",41.233,,,,"Repository: ILO-STATISTICS - Micro data processing"
"Eswatini","LFS - Labour Force Survey","SDG indicator 5.5.2 - Proportion of women in managerial positions (%)","2016",43.425,,,,"Repository: ILO-STATISTICS - Micro data processing"
"Seychelles","LFS - Labour Force Survey","SDG indicator 5.5.2 - Proportion of women in managerial positions (%)","2023",49.62,,,,"Repository: ILO-STATISTICS - Micro data processing"
"Seychelles","LFS - Labour Force Survey","SDG indicator 5.5.2 - Proportion of women in managerial positions (%)","2020",41.826,,,,"Repository: ILO-STATISTICS - Micro data processing"
"Seychelles","LFS - Labour Force Survey","SDG indicator 5.5.2 - Proportion of women in managerial positions (%)","2019",47.695,,,,"Repository: ILO-STATISTICS - Micro data processing"
"Seychelles","LFS - Labour Force Survey","SDG indicator 5.5.2 - Proportion of women in managerial positions (%)","2018",47.814,,,,"Repository: ILO-STATISTICS - Micro data processing"
"Seychelles","LFS - Labour Force Survey","SDG indicator 5.5.2 - Proportion of women in managerial positions (%)","2017",46.837,,,,"Repository: ILO-STATISTICS - Micro data processing"
"Seychelles","LFS - Labour Force Survey","SDG indicator 5.5.2 - Proportion of women in managerial positions (%)","2016",45.512,,,,"Repository: ILO-STATISTICS - Micro data processing"
"Seychelles","LFS - Labour Force Survey","SDG indicator 5.5.2 - Proportion of women in managerial positions (%)","2015",47.983,,,,"Repository: ILO-STATISTICS - Micro data processing"
"Seychelles","LFS - Labour Force Survey","SDG indicator 5.5.2 - Proportion of women in managerial positions (%)","2014",49.008,"Break in series",,"Break in series: Methodology revised","Repository: ILO-STATISTICS - Micro data processing"
"Seychelles","LFS - Labour Force Survey","SDG indicator 5.5.2 - Proportion of women in managerial positions (%)","2011",40.798,,,,"Geographical coverage: Total national, excluding some areas | Population coverage: Excluding institutional population"
"Syrian Arab Republic","LFS - Labour Force Survey","SDG indicator 5.5.2 - Proportion of women in managerial positions (%)","2010",8.945,,,,
"Syrian Arab Republic","LFS - Labour Force Survey","SDG indicator 5.5.2 - Proportion of women in managerial positions (%)","2009",8.295,,,,"Reference group coverage: Total employment"
"Syrian Arab Republic","LFS - Labour Force Survey","SDG indicator 5.5.2 - Proportion of women in managerial positions (%)","2007",10.218,,,,
"Chad","HIES - Modular and Integrated Household Survey on Living Conditions","SDG indicator 5.5.2 - Proportion of women in managerial positions (%)","2018",,"Unreliable",,,"Repository: ILO-STATISTICS - Micro data processing"
"Togo","HIES - Living Standards Measurement Survey","SDG indicator 5.5.2 - Proportion of women in managerial positions (%)","2022",24.662,,,,"Repository: ILO-STATISTICS - Micro data processing"
"Togo","LFS - Regional Integrated Survey on Employment and the Informal Sector","SDG indicator 5.5.2 - Proportion of women in managerial positions (%)","2017",70.109,"Break in series",,"Break in series: Methodology revised","Repository: ILO-STATISTICS - Micro data processing | Age coverage - maximum age: 75 years old"
"Togo","HIES - Questionnaire on Indicators of Well-being","SDG indicator 5.5.2 - Proportion of women in managerial positions (%)","2015",29.842,"Unreliable",,,"Repository: ILO-STATISTICS - Micro data processing"
"Togo","HIES - Questionnaire on Indicators of Well-being","SDG indicator 5.5.2 - Proportion of women in managerial positions (%)","2011",,"Unreliable",,,"Repository: ILO-STATISTICS - Micro data processing"
"Thailand","LFS - Labour Force Survey","SDG indicator 5.5.2 - Proportion of women in managerial positions (%)","2023",38.155,,,,"Repository: ILO-STATISTICS - Micro data processing"
"Thailand","LFS - Labour Force Survey","SDG indicator 5.5.2 - Proportion of women in managerial positions (%)","2022",36.875,,,,"Repository: ILO-STATISTICS - Micro data processing"
"Thailand","LFS - Labour Force Survey","SDG indicator 5.5.2 - Proportion of women in managerial positions (%)","2021",35.496,,,,"Repository: ILO-STATISTICS - Micro data processing"
"Thailand","LFS - Labour Force Survey","SDG indicator 5.5.2 - Proportion of women in managerial positions (%)","2020",39.21,,,,"Repository: ILO-STATISTICS - Micro data processing"
"Thailand","LFS - Labour Force Survey","SDG indicator 5.5.2 - Proportion of women in managerial positions (%)","2019",35.106,,,,"Repository: ILO-STATISTICS - Micro data processing"
"Thailand","LFS - Labour Force Survey","SDG indicator 5.5.2 - Proportion of women in managerial positions (%)","2018",33.91,,,,"Repository: ILO-STATISTICS - Micro data processing"
"Thailand","LFS - Labour Force Survey","SDG indicator 5.5.2 - Proportion of women in managerial positions (%)","2017",33.594,,,,"Repository: ILO-STATISTICS - Micro data processing"
"Thailand","LFS - Labour Force Survey","SDG indicator 5.5.2 - Proportion of women in managerial positions (%)","2016",32.722,,,,"Repository: ILO-STATISTICS - Micro data processing"
"Thailand","LFS - Labour Force Survey","SDG indicator 5.5.2 - Proportion of women in managerial positions (%)","2015",32.831,,,,"Repository: ILO-STATISTICS - Micro data processing"
"Thailand","LFS - Labour Force Survey","SDG indicator 5.5.2 - Proportion of women in managerial positions (%)","2014",32.698,,,,"Repository: ILO-STATISTICS - Micro data processing"
"Thailand","LFS - Labour Force Survey","SDG indicator 5.5.2 - Proportion of women in managerial positions (%)","2013",33.023,,,,"Repository: ILO-STATISTICS - Micro data processing"
"Thailand","LFS - Labour Force Survey","SDG indicator 5.5.2 - Proportion of women in managerial positions (%)","2012",28.224,,,,
"Thailand","LFS - Labour Force Survey","SDG indicator 5.5.2 - Proportion of women in managerial positions (%)","2011",24.569,,,,
"Thailand","LFS - Labour Force Survey","SDG indicator 5.5.2 - Proportion of women in managerial positions (%)","2010",25.765,"Break in series",,"Break in series: Methodology revised","Repository: ILO-STATISTICS - Micro data processing"
"Thailand","LFS - Labour Force Survey","SDG indicator 5.5.2 - Proportion of women in managerial positions (%)","2009",24.209,,,,"Reference group coverage: Total employment"
"Thailand","LFS - Labour Force Survey","SDG indicator 5.5.2 - Proportion of women in managerial positions (%)","2008",23.693,,,,"Data reference period: Third quarter | Population coverage: Excluding armed forces and/or conscripts"
"Thailand","LFS - Labour Force Survey","SDG indicator 5.5.2 - Proportion of women in managerial positions (%)","2007",29.718,,,,"Data reference period: Third quarter | Population coverage: Excluding armed forces and/or conscripts"
"Thailand","LFS - Labour Force Survey","SDG indicator 5.5.2 - Proportion of women in managerial positions (%)","2006",29.208,,,,"Data reference period: Third quarter | Population coverage: Excluding armed forces and/or conscripts"
"Thailand","LFS - Labour Force Survey","SDG indicator 5.5.2 - Proportion of women in managerial positions (%)","2005",28.843,,,,"Data reference period: Third quarter | Population coverage: Excluding armed forces and/or conscripts"
"Thailand","LFS - Labour Force Survey","SDG indicator 5.5.2 - Proportion of women in managerial positions (%)","2004",27.545,,,,"Data reference period: Third quarter | Population coverage: Excluding armed forces and/or conscripts"
"Thailand","LFS - Labour Force Survey","SDG indicator 5.5.2 - Proportion of women in managerial positions (%)","2003",26.261,,,,"Data reference period: Third quarter | Population coverage: Excluding armed forces and/or conscripts"
"Thailand","LFS - Labour Force Survey","SDG indicator 5.5.2 - Proportion of women in managerial positions (%)","2002",25.308,,,,"Data reference period: Third quarter | Population coverage: Excluding armed forces and/or conscripts"
"Thailand","LFS - Labour Force Survey","SDG indicator 5.5.2 - Proportion of women in managerial positions (%)","2001",25.512,,,,"Data reference period: Third quarter | Population coverage: Excluding armed forces and/or conscripts"
"Thailand","HIES - Household Socio-Economic Survey","SDG indicator 5.5.2 - Proportion of women in managerial positions (%)","2000",34.601,,,,"Repository: ILO-STATISTICS - Micro data processing"
"Tajikistan","LFS - Labour Force Survey","SDG indicator 5.5.2 - Proportion of women in managerial positions (%)","2016",23.511,,,,"Repository: ILO-STATISTICS - Micro data processing | Age coverage - maximum age: 75 years old"
"Tajikistan","HIES - Living Standards Survey","SDG indicator 5.5.2 - Proportion of women in managerial positions (%)","2009",16.305,"Unreliable",,,"Repository: ILO-STATISTICS - Micro data processing"
"Tajikistan","HIES - Living Standards Survey","SDG indicator 5.5.2 - Proportion of women in managerial positions (%)","2007",13.847,,,,"Repository: ILO-STATISTICS - Micro data processing"
"Tajikistan","HIES - Living Standards Survey","SDG indicator 5.5.2 - Proportion of women in managerial positions (%)","2003",15.64,"Unreliable",,,"Repository: ILO-STATISTICS - Micro data processing"
"Tokelau","PC - Population Census","SDG indicator 5.5.2 - Proportion of women in managerial positions (%)","2022",36.792,,,,"Repository: ILO-STATISTICS - Micro data processing"
"Tokelau","HIES - Household Income and Expenditure Survey","SDG indicator 5.5.2 - Proportion of women in managerial positions (%)","2016",23.452,"Unreliable",,,"Repository: ILO-STATISTICS - Micro data processing"
"Timor-Leste","PC - Population Census","SDG indicator 5.5.2 - Proportion of women in managerial positions (%)","2022",22.754,,,,"Repository: ILO-STATISTICS - Micro data processing"
"Timor-Leste","LFS - Labour Force Survey","SDG indicator 5.5.2 - Proportion of women in managerial positions (%)","2021",13.274,,,,"Repository: ILO-STATISTICS - Micro data processing"
"Timor-Leste","LFS - Labour Force Survey","SDG indicator 5.5.2 - Proportion of women in managerial positions (%)","2016",24.515,"Unreliable",,,"Repository: ILO-STATISTICS - Micro data processing"
"Timor-Leste","PC - Population Census","SDG indicator 5.5.2 - Proportion of women in managerial positions (%)","2015",27.491,,,,"Repository: ILO-STATISTICS - Micro data processing"
"Timor-Leste","LFS - Labour Force Survey","SDG indicator 5.5.2 - Proportion of women in managerial positions (%)","2013",32.853,"Break in series",,"Break in series: Methodology revised","Repository: ILO-STATISTICS - Micro data processing"
"Timor-Leste","LFS - Labour Force Survey","SDG indicator 5.5.2 - Proportion of women in managerial positions (%)","2010",10.097,"Unreliable",,,"Repository: ILO-STATISTICS - Micro data processing"
"Tonga","LFS - Labour Force Survey","SDG indicator 5.5.2 - Proportion of women in managerial positions (%)","2023",37.341,,,,"Repository: ILO-STATISTICS - Micro data processing"
"Tonga","HIES - Household Income and Expenditure Survey","SDG indicator 5.5.2 - Proportion of women in managerial positions (%)","2021",35.663,,,,"Repository: ILO-STATISTICS - Micro data processing"
"Tonga","LFS - Labour Force Survey","SDG indicator 5.5.2 - Proportion of women in managerial positions (%)","2018",41.565,"Break in series",,"Break in series: Methodology revised","Repository: ILO-STATISTICS - Micro data processing"
"Tonga","HIES - Household Income and Expenditure Survey","SDG indicator 5.5.2 - Proportion of women in managerial positions (%)","2016",50.901,,,,"Repository: ILO-STATISTICS - Micro data processing"
"Tonga","LFS - Labour Force Survey","SDG indicator 5.5.2 - Proportion of women in managerial positions (%)","2003",26.596,,,,
"Trinidad and Tobago","LFS - Continuous Sample Survey of the Population","SDG indicator 5.5.2 - Proportion of women in managerial positions (%)","2023",45.839,,,,"Repository: ILO-STATISTICS - Micro data processing"
"Trinidad and Tobago","LFS - Continuous Sample Survey of the Population","SDG indicator 5.5.2 - Proportion of women in managerial positions (%)","2022",46.551,,,,"Repository: ILO-STATISTICS - Micro data processing"
"Trinidad and Tobago","LFS - Continuous Sample Survey of the Population","SDG indicator 5.5.2 - Proportion of women in managerial positions (%)","2021",43.619,,,,"Repository: ILO-STATISTICS - Micro data processing"
"Trinidad and Tobago","LFS - Continuous Sample Survey of the Population","SDG indicator 5.5.2 - Proportion of women in managerial positions (%)","2020",46.74,,,,"Repository: ILO-STATISTICS - Micro data processing"
"Trinidad and Tobago","LFS - Continuous Sample Survey of the Population","SDG indicator 5.5.2 - Proportion of women in managerial positions (%)","2019",45.248,,,,"Repository: ILO-STATISTICS - Micro data processing"
"Trinidad and Tobago","LFS - Continuous Sample Survey of the Population","SDG indicator 5.5.2 - Proportion of women in managerial positions (%)","2016",44.507,,,,"Repository: ILO-STATISTICS - Micro data processing"
"Trinidad and Tobago","LFS - Continuous Sample Survey of the Population","SDG indicator 5.5.2 - Proportion of women in managerial positions (%)","2015",41.941,,,,"Repository: ILO-STATISTICS - Micro data processing"
"Trinidad and Tobago","LFS - Continuous Sample Survey of the Population","SDG indicator 5.5.2 - Proportion of women in managerial positions (%)","2014",43.839,,,,"Repository: ILO-STATISTICS - Micro data processing"
"Trinidad and Tobago","LFS - Continuous Sample Survey of the Population","SDG indicator 5.5.2 - Proportion of women in managerial positions (%)","2013",43.929,,,,"Repository: ILO-STATISTICS - Micro data processing"
"Trinidad and Tobago","LFS - Continuous Sample Survey of the Population","SDG indicator 5.5.2 - Proportion of women in managerial positions (%)","2012",43.096,,,,"Repository: ILO-STATISTICS - Micro data processing"
"Trinidad and Tobago","LFS - Continuous Sample Survey of the Population","SDG indicator 5.5.2 - Proportion of women in managerial positions (%)","2011",40.982,,,,"Repository: ILO-STATISTICS - Micro data processing"
"Trinidad and Tobago","LFS - Continuous Sample Survey of the Population","SDG indicator 5.5.2 - Proportion of women in managerial positions (%)","2010",43.114,,,,"Population coverage: Excluding institutional population"
"Trinidad and Tobago","LFS - Continuous Sample Survey of the Population","SDG indicator 5.5.2 - Proportion of women in managerial positions (%)","2009",41.304,,,,"Population coverage: Excluding institutional population"
"Trinidad and Tobago","LFS - Continuous Sample Survey of the Population","SDG indicator 5.5.2 - Proportion of women in managerial positions (%)","2005",43.478,,,,
"Trinidad and Tobago","LFS - Continuous Sample Survey of the Population","SDG indicator 5.5.2 - Proportion of women in managerial positions (%)","2004",40.93,,,,
"Trinidad and Tobago","LFS - Continuous Sample Survey of the Population","SDG indicator 5.5.2 - Proportion of women in managerial positions (%)","2003",39.34,,,,
"Trinidad and Tobago","LFS - Continuous Sample Survey of the Population","SDG indicator 5.5.2 - Proportion of women in managerial positions (%)","2002",37.811,,,,
"Trinidad and Tobago","LFS - Continuous Sample Survey of the Population","SDG indicator 5.5.2 - Proportion of women in managerial positions (%)","2001",39.846,,,,
"Trinidad and Tobago","LFS - Continuous Sample Survey of the Population","SDG indicator 5.5.2 - Proportion of women in managerial positions (%)","2000",39.227,,,,
"Tunisia","LFS - National Population and Employment Survey","SDG indicator 5.5.2 - Proportion of women in managerial positions (%)","2019",21.555,,,,"Repository: ILO-STATISTICS - Micro data processing | Data reference period: Second quarter"
"Tunisia","LFS - Labor Market Panel Survey","SDG indicator 5.5.2 - Proportion of women in managerial positions (%)","2014",10.535,"Unreliable",,,"Repository: ILO-STATISTICS - Micro data processing | Data reference period: Second quarter"
"Tunisia","LFS - National Population and Employment Survey","SDG indicator 5.5.2 - Proportion of women in managerial positions (%)","2012",14.758,,,,"Data reference period: Second quarter"
"Tunisia","LFS - National Population and Employment Survey","SDG indicator 5.5.2 - Proportion of women in managerial positions (%)","2011",13.862,,,,"Data reference period: Second quarter"
"Tunisia","LFS - National Population and Employment Survey","SDG indicator 5.5.2 - Proportion of women in managerial positions (%)","2010",12.682,,,,"Repository: ILO-STATISTICS - Micro data processing | Data reference period: Second quarter"
"Tunisia","LFS - National Population and Employment Survey","SDG indicator 5.5.2 - Proportion of women in managerial positions (%)","2009",12.205,,,,"Repository: ILO-STATISTICS - Micro data processing | Data reference period: Second quarter"
"Türkiye","LFS - EU Labour Force Survey","SDG indicator 5.5.2 - Proportion of women in managerial positions (%)","2023",19.065,,,,"Repository: Eurostat special tabulation"
"Türkiye","LFS - EU Labour Force Survey","SDG indicator 5.5.2 - Proportion of women in managerial positions (%)","2022",18.353,,,,"Repository: Eurostat special tabulation"
"Türkiye","LFS - EU Labour Force Survey","SDG indicator 5.5.2 - Proportion of women in managerial positions (%)","2021",19.795,"Break in series",,"Break in series: Methodology revised","Repository: Eurostat special tabulation"
"Türkiye","LFS - EU Labour Force Survey","SDG indicator 5.5.2 - Proportion of women in managerial positions (%)","2020",18.189,,,,"Repository: Eurostat special tabulation"
"Türkiye","LFS - EU Labour Force Survey","SDG indicator 5.5.2 - Proportion of women in managerial positions (%)","2019",16.174,,,,"Repository: Eurostat special tabulation"
"Türkiye","LFS - EU Labour Force Survey","SDG indicator 5.5.2 - Proportion of women in managerial positions (%)","2018",14.806,,,,"Repository: Eurostat special tabulation"
"Türkiye","LFS - EU Labour Force Survey","SDG indicator 5.5.2 - Proportion of women in managerial positions (%)","2017",15.006,,,,"Repository: Eurostat special tabulation"
"Türkiye","LFS - EU Labour Force Survey","SDG indicator 5.5.2 - Proportion of women in managerial positions (%)","2016",15.087,,,,"Repository: Eurostat special tabulation"
"Türkiye","LFS - EU Labour Force Survey","SDG indicator 5.5.2 - Proportion of women in managerial positions (%)","2015",13.162,,,,"Repository: Eurostat special tabulation"
"Türkiye","LFS - EU Labour Force Survey","SDG indicator 5.5.2 - Proportion of women in managerial positions (%)","2014",13.372,"Break in series",,"Break in series: Methodology revised","Repository: Eurostat special tabulation"
"Türkiye","LFS - EU Labour Force Survey","SDG indicator 5.5.2 - Proportion of women in managerial positions (%)","2013",14.438,,,,"Repository: Eurostat special tabulation"
"Türkiye","LFS - EU Labour Force Survey","SDG indicator 5.5.2 - Proportion of women in managerial positions (%)","2012",12.149,"Break in series",,"Break in series: Methodology revised","Repository: Eurostat special tabulation"
"Türkiye","LFS - EU Labour Force Survey","SDG indicator 5.5.2 - Proportion of women in managerial positions (%)","2011",11.016,"Break in series",,"Break in series: Methodology revised","Repository: Eurostat special tabulation"
"Türkiye","LFS - EU Labour Force Survey","SDG indicator 5.5.2 - Proportion of women in managerial positions (%)","2010",10.045,,,,"Repository: Eurostat special tabulation"
"Türkiye","LFS - EU Labour Force Survey","SDG indicator 5.5.2 - Proportion of women in managerial positions (%)","2009",10.214,,,,"Repository: Eurostat special tabulation"
"Türkiye","LFS - EU Labour Force Survey","SDG indicator 5.5.2 - Proportion of women in managerial positions (%)","2008",9.826,,,,"Repository: Eurostat special tabulation"
"Türkiye","LFS - EU Labour Force Survey","SDG indicator 5.5.2 - Proportion of women in managerial positions (%)","2007",8.567,,,,"Repository: Eurostat special tabulation"
"Türkiye","LFS - EU Labour Force Survey","SDG indicator 5.5.2 - Proportion of women in managerial positions (%)","2006",8.188,,,,"Repository: Eurostat special tabulation"
"Türkiye","LFS - Household Labour Force Survey","SDG indicator 5.5.2 - Proportion of women in managerial positions (%)","2005",7.329,,,,"Repository: ILO-STATISTICS - Micro data processing"
"Türkiye","LFS - Household Labour Force Survey","SDG indicator 5.5.2 - Proportion of women in managerial positions (%)","2004",6.977,,,,"Repository: ILO-STATISTICS - Micro data processing"
"Türkiye","LFS - Household Labour Force Survey","SDG indicator 5.5.2 - Proportion of women in managerial positions (%)","2003",6.179,,,,"Repository: ILO-STATISTICS - Micro data processing"
"Türkiye","LFS - Household Labour Force Survey","SDG indicator 5.5.2 - Proportion of women in managerial positions (%)","2002",6.785,,,,"Repository: ILO-STATISTICS - Micro data processing"
"Türkiye","LFS - Household Labour Force Survey","SDG indicator 5.5.2 - Proportion of women in managerial positions (%)","2000",34.659,,,,"Repository: ILO-STATISTICS - Micro data processing"
"Tuvalu","PC - Population Census","SDG indicator 5.5.2 - Proportion of women in managerial positions (%)","2022",35.932,,,,"Repository: ILO-STATISTICS - Micro data processing"
"Tuvalu","PC - Population Census","SDG indicator 5.5.2 - Proportion of women in managerial positions (%)","2017",36.95,,,,"Repository: ILO-STATISTICS - Micro data processing"
"Tuvalu","HIES - Household Income and Expenditure Survey","SDG indicator 5.5.2 - Proportion of women in managerial positions (%)","2016",35.916,,,,"Repository: ILO-STATISTICS - Micro data processing"
"Tuvalu","PC - Population Census","SDG indicator 5.5.2 - Proportion of women in managerial positions (%)","2002",24.581,,,,"Data reference period: November"
"Taiwan, China","LFS - Labour Force Survey","SDG indicator 5.5.2 - Proportion of women in managerial positions (%)","2020",30.481,,,,
"Taiwan, China","LFS - Labour Force Survey","SDG indicator 5.5.2 - Proportion of women in managerial positions (%)","2019",29.504,,,,
"Taiwan, China","LFS - Labour Force Survey","SDG indicator 5.5.2 - Proportion of women in managerial positions (%)","2018",27.937,,,,
"Taiwan, China","LFS - Labour Force Survey","SDG indicator 5.5.2 - Proportion of women in managerial positions (%)","2017",27.676,,,,
"Taiwan, China","LFS - Labour Force Survey","SDG indicator 5.5.2 - Proportion of women in managerial positions (%)","2016",26.772,,,,
"Taiwan, China","LFS - Labour Force Survey","SDG indicator 5.5.2 - Proportion of women in managerial positions (%)","2015",25.323,,,,
"Taiwan, China","LFS - Labour Force Survey","SDG indicator 5.5.2 - Proportion of women in managerial positions (%)","2014",25.381,,,,
"Taiwan, China","LFS - Labour Force Survey","SDG indicator 5.5.2 - Proportion of women in managerial positions (%)","2013",25,,,,
"Taiwan, China","LFS - Labour Force Survey","SDG indicator 5.5.2 - Proportion of women in managerial positions (%)","2012",23.223,,,,
"Taiwan, China","LFS - Labour Force Survey","SDG indicator 5.5.2 - Proportion of women in managerial positions (%)","2011",21.609,,,,
"Taiwan, China","LFS - Labour Force Survey","SDG indicator 5.5.2 - Proportion of women in managerial positions (%)","2010",20.542,,,,
"Taiwan, China","LFS - Labour Force Survey","SDG indicator 5.5.2 - Proportion of women in managerial positions (%)","2009",19.369,,,,
"Taiwan, China","LFS - Labour Force Survey","SDG indicator 5.5.2 - Proportion of women in managerial positions (%)","2008",17.927,,,,
"Taiwan, China","LFS - Labour Force Survey","SDG indicator 5.5.2 - Proportion of women in managerial positions (%)","2007",17.495,,,,
"Taiwan, China","LFS - Labour Force Survey","SDG indicator 5.5.2 - Proportion of women in managerial positions (%)","2006",17.699,,,,
"Taiwan, China","LFS - Labour Force Survey","SDG indicator 5.5.2 - Proportion of women in managerial positions (%)","2005",16.295,,,,
"Taiwan, China","LFS - Labour Force Survey","SDG indicator 5.5.2 - Proportion of women in managerial positions (%)","2004",16.331,,,,
"Taiwan, China","LFS - Labour Force Survey","SDG indicator 5.5.2 - Proportion of women in managerial positions (%)","2003",15.728,,,,
"Taiwan, China","LFS - Labour Force Survey","SDG indicator 5.5.2 - Proportion of women in managerial positions (%)","2002",14.455,,,,
"Taiwan, China","LFS - Labour Force Survey","SDG indicator 5.5.2 - Proportion of women in managerial positions (%)","2001",14.604,,,,
"Tanzania, United Republic of","LFS - Labour Force Survey","SDG indicator 5.5.2 - Proportion of women in managerial positions (%)","2020",27.912,"Break in series",,"Break in series: Methodology revised","Repository: ILO-STATISTICS - Micro data processing"
"Tanzania, United Republic of","LFS - Labour Force Survey","SDG indicator 5.5.2 - Proportion of women in managerial positions (%)","2014",23.263,"Break in series",,"Break in series: Methodology revised","Repository: ILO-STATISTICS - Micro data processing"
"Tanzania, United Republic of","HIES - National Panel Survey","SDG indicator 5.5.2 - Proportion of women in managerial positions (%)","2012",13.892,"Unreliable",,,"Repository: ILO-STATISTICS - Micro data processing"
"Tanzania, United Republic of","HIES - National Panel Survey","SDG indicator 5.5.2 - Proportion of women in managerial positions (%)","2010",,"Unreliable",,,"Repository: ILO-STATISTICS - Micro data processing"
"Tanzania, United Republic of","LFS - Labour Force Survey","SDG indicator 5.5.2 - Proportion of women in managerial positions (%)","2006",16.47,"Unreliable",,,"Repository: ILO-STATISTICS - Micro data processing"
"Tanzania, United Republic of","LFS - Labour Force Survey","SDG indicator 5.5.2 - Proportion of women in managerial positions (%)","2001",49.217,"Break in series",,"Break in series: Methodology revised","Repository: ILO-STATISTICS - Micro data processing"
"Uganda","LFS - National Labour Force Survey","SDG indicator 5.5.2 - Proportion of women in managerial positions (%)","2021",35.047,,,,"Repository: ILO-STATISTICS - Micro data processing"
"Uganda","HIES - National Household Survey","SDG indicator 5.5.2 - Proportion of women in managerial positions (%)","2019",28.838,"Unreliable",,,"Repository: ILO-STATISTICS - Micro data processing"
"Uganda","LFS - National Labour Force Survey","SDG indicator 5.5.2 - Proportion of women in managerial positions (%)","2017",35.14,"Break in series",,"Break in series: Methodology revised","Repository: ILO-STATISTICS - Micro data processing"
"Uganda","HIES - National Household Survey","SDG indicator 5.5.2 - Proportion of women in managerial positions (%)","2014",29.918,"Unreliable",,,"Repository: ILO-STATISTICS - Micro data processing"
"Uganda","HIES - National Household Survey","SDG indicator 5.5.2 - Proportion of women in managerial positions (%)","2013",25.301,,,,"Population coverage: Excluding both institutional population and armed forces and/or conscripts | Age coverage - maximum age: 64 years old"
"Uganda","LFS - National Labour Force Survey","SDG indicator 5.5.2 - Proportion of women in managerial positions (%)","2012",22.821,"Unreliable",,,"Repository: ILO-STATISTICS - Micro data processing"
"Uganda","HIES - National Household Survey","SDG indicator 5.5.2 - Proportion of women in managerial positions (%)","2011",,"Unreliable",,,"Repository: ILO-STATISTICS - Micro data processing"
"Uganda","HIES - National Household Survey","SDG indicator 5.5.2 - Proportion of women in managerial positions (%)","2010",,"Unreliable",,,"Repository: ILO-STATISTICS - Micro data processing"
"Uganda","HIES - National Household Survey","SDG indicator 5.5.2 - Proportion of women in managerial positions (%)","2009",20.217,,,,"Population coverage: Excluding both institutional population and armed forces and/or conscripts | Age coverage - minimum age: 10 years old | Age coverage - maximum age: 76 years or older, but bounded"
"Uganda","LFS - National Labour Force Survey","SDG indicator 5.5.2 - Proportion of women in managerial positions (%)","2003",33.333,,,,"Age coverage - minimum age: 10 years old"
"Ukraine","LFS - Labour Force Survey","SDG indicator 5.5.2 - Proportion of women in managerial positions (%)","2021",41,,,,"Repository: ILO-STATISTICS - Micro data processing"
"Ukraine","LFS - Labour Force Survey","SDG indicator 5.5.2 - Proportion of women in managerial positions (%)","2020",40.708,,,,"Repository: ILO-STATISTICS - Micro data processing"
"Ukraine","LFS - Labour Force Survey","SDG indicator 5.5.2 - Proportion of women in managerial positions (%)","2019",41.345,,,,"Repository: ILO-STATISTICS - Micro data processing"
"Ukraine","LFS - Labour Force Survey","SDG indicator 5.5.2 - Proportion of women in managerial positions (%)","2018",40.435,"Break in series",,"Break in series: Methodology revised","Repository: ILO-STATISTICS - Micro data processing"
"Ukraine","LFS - Labour Force Survey","SDG indicator 5.5.2 - Proportion of women in managerial positions (%)","2017",41.056,,,,"Employment definition: Including subsistence workers | Geographical coverage: Total national, excluding some areas | Population coverage: Excluding both institutional population and armed forces and/or conscripts | Age coverage - maximum age: 70 years old"
"Ukraine","LFS - Labour Force Survey","SDG indicator 5.5.2 - Proportion of women in managerial positions (%)","2016",40.875,,,,"Geographical coverage: Total national, excluding some areas | Population coverage: Excluding both institutional population and armed forces and/or conscripts | Age coverage - maximum age: 70 years old"
"Ukraine","LFS - Labour Force Survey","SDG indicator 5.5.2 - Proportion of women in managerial positions (%)","2015",39.569,,,,"Geographical coverage: Total national, excluding some areas | Population coverage: Excluding both institutional population and armed forces and/or conscripts | Age coverage - maximum age: 70 years old"
"Ukraine","LFS - Labour Force Survey","SDG indicator 5.5.2 - Proportion of women in managerial positions (%)","2014",37.837,,,,"Geographical coverage: Total national, excluding some areas | Population coverage: Excluding both institutional population and armed forces and/or conscripts | Age coverage - maximum age: 70 years old"
"Ukraine","LFS - Labour Force Survey","SDG indicator 5.5.2 - Proportion of women in managerial positions (%)","2013",38.315,,,,"Geographical coverage: Total national, excluding some areas | Population coverage: Excluding both institutional population and armed forces and/or conscripts | Age coverage - maximum age: 70 years old"
"Ukraine","LFS - Labour Force Survey","SDG indicator 5.5.2 - Proportion of women in managerial positions (%)","2010",41.175,,,,"Geographical coverage: Total national, excluding some areas | Population coverage: Excluding both institutional population and armed forces and/or conscripts | Age coverage - maximum age: 70 years old"
"Ukraine","LFS - Labour Force Survey","SDG indicator 5.5.2 - Proportion of women in managerial positions (%)","2009",41.076,,,,"Geographical coverage: Total national, excluding some areas | Population coverage: Excluding both institutional population and armed forces and/or conscripts | Age coverage - maximum age: 70 years old"
"Ukraine","LFS - Labour Force Survey","SDG indicator 5.5.2 - Proportion of women in managerial positions (%)","2008",38.609,,,,"Geographical coverage: Total national, excluding some areas | Population coverage: Excluding both institutional population and armed forces and/or conscripts | Age coverage - maximum age: 70 years old"
"Ukraine","LFS - Labour Force Survey","SDG indicator 5.5.2 - Proportion of women in managerial positions (%)","2007",39.401,,,,"Geographical coverage: Total national, excluding some areas | Population coverage: Excluding both institutional population and armed forces and/or conscripts | Age coverage - maximum age: 70 years old"
"Ukraine","LFS - Labour Force Survey","SDG indicator 5.5.2 - Proportion of women in managerial positions (%)","2006",38.329,,,,"Geographical coverage: Total national, excluding some areas | Population coverage: Excluding both institutional population and armed forces and/or conscripts | Age coverage - maximum age: 70 years old"
"Ukraine","LFS - Labour Force Survey","SDG indicator 5.5.2 - Proportion of women in managerial positions (%)","2005",38.203,,,,"Geographical coverage: Total national, excluding some areas | Population coverage: Excluding both institutional population and armed forces and/or conscripts | Age coverage - maximum age: 70 years old"
"Ukraine","LFS - Labour Force Survey","SDG indicator 5.5.2 - Proportion of women in managerial positions (%)","2004",43.134,,,,"Geographical coverage: Total national, excluding some areas | Population coverage: Excluding both institutional population and armed forces and/or conscripts | Age coverage - maximum age: 70 years old"
"Ukraine","LFS - Labour Force Survey","SDG indicator 5.5.2 - Proportion of women in managerial positions (%)","2003",39.6,,,,"Geographical coverage: Total national, excluding some areas | Population coverage: Excluding both institutional population and armed forces and/or conscripts | Age coverage - maximum age: 70 years old"
"Ukraine","LFS - Labour Force Survey","SDG indicator 5.5.2 - Proportion of women in managerial positions (%)","2002",38.463,,,,"Geographical coverage: Total national, excluding some areas | Population coverage: Excluding both institutional population and armed forces and/or conscripts | Age coverage - maximum age: 70 years old"
"Ukraine","LFS - Labour Force Survey","SDG indicator 5.5.2 - Proportion of women in managerial positions (%)","2001",37.419,,,,"Geographical coverage: Total national, excluding some areas | Population coverage: Excluding both institutional population and armed forces and/or conscripts | Age coverage - maximum age: 70 years old"
"Ukraine","LFS - Labour Force Survey","SDG indicator 5.5.2 - Proportion of women in managerial positions (%)","2000",36.736,,,,"Geographical coverage: Total national, excluding some areas | Population coverage: Excluding both institutional population and armed forces and/or conscripts | Age coverage - maximum age: 70 years old"
"Uruguay","LFS - Continous Household Survey","SDG indicator 5.5.2 - Proportion of women in managerial positions (%)","2023",33.416,,,,"Repository: ILO-STATISTICS - Micro data processing"
"Uruguay","LFS - Continous Household Survey","SDG indicator 5.5.2 - Proportion of women in managerial positions (%)","2022",36,"Break in series",,"Break in series: Methodology revised","Repository: ILO-STATISTICS - Micro data processing"
"Uruguay","LFS - Continous Household Survey","SDG indicator 5.5.2 - Proportion of women in managerial positions (%)","2021",39.189,"Break in series",,"Break in series: Methodology revised","Repository: ILO-STATISTICS - Micro data processing"
"Uruguay","LFS - Continous Household Survey","SDG indicator 5.5.2 - Proportion of women in managerial positions (%)","2020",38.738,"Break in series",,"Break in series: Methodology revised","Repository: ILO-STATISTICS - Micro data processing"
"Uruguay","LFS - Continous Household Survey","SDG indicator 5.5.2 - Proportion of women in managerial positions (%)","2019",35.668,"Break in series",,"Break in series: Methodology revised","Repository: ILO-STATISTICS - Micro data processing"
"Uruguay","LFS - Continous Household Survey","SDG indicator 5.5.2 - Proportion of women in managerial positions (%)","2018",35.924,,,,"Repository: ILO-STATISTICS - Micro data processing"
"Uruguay","LFS - Continous Household Survey","SDG indicator 5.5.2 - Proportion of women in managerial positions (%)","2017",34.584,,,,"Repository: ILO-STATISTICS - Micro data processing"
"Uruguay","LFS - Continous Household Survey","SDG indicator 5.5.2 - Proportion of women in managerial positions (%)","2016",33.058,,,,"Repository: ILO-STATISTICS - Micro data processing"
"Uruguay","LFS - Continous Household Survey","SDG indicator 5.5.2 - Proportion of women in managerial positions (%)","2015",32.756,,,,"Repository: ILO-STATISTICS - Micro data processing"
"Uruguay","LFS - Continous Household Survey","SDG indicator 5.5.2 - Proportion of women in managerial positions (%)","2014",30.983,,,,"Repository: ILO-STATISTICS - Micro data processing"
"Uruguay","LFS - Continous Household Survey","SDG indicator 5.5.2 - Proportion of women in managerial positions (%)","2013",32.869,,,,"Repository: ILO-STATISTICS - Micro data processing"
"Uruguay","LFS - Continous Household Survey","SDG indicator 5.5.2 - Proportion of women in managerial positions (%)","2012",34.447,,,,"Repository: ILO-STATISTICS - Micro data processing"
"Uruguay","LFS - Continous Household Survey","SDG indicator 5.5.2 - Proportion of women in managerial positions (%)","2011",31.944,,,,"Repository: ILO-STATISTICS - Micro data processing"
"Uruguay","LFS - Continous Household Survey","SDG indicator 5.5.2 - Proportion of women in managerial positions (%)","2010",45.05,,,,"Repository: ILO-STATISTICS - Micro data processing"
"Uruguay","LFS - Continous Household Survey","SDG indicator 5.5.2 - Proportion of women in managerial positions (%)","2009",42.181,,,,"Repository: ILO-STATISTICS - Micro data processing"
"Uruguay","LFS - Continous Household Survey","SDG indicator 5.5.2 - Proportion of women in managerial positions (%)","2008",41.659,,,,"Repository: ILO-STATISTICS - Micro data processing"
"Uruguay","LFS - Continous Household Survey","SDG indicator 5.5.2 - Proportion of women in managerial positions (%)","2007",41.73,,,,"Repository: ILO-STATISTICS - Micro data processing"
"Uruguay","LFS - Continous Household Survey","SDG indicator 5.5.2 - Proportion of women in managerial positions (%)","2006",36.425,,,,"Repository: ILO-STATISTICS - Micro data processing"
"Uruguay","LFS - Continous Household Survey","SDG indicator 5.5.2 - Proportion of women in managerial positions (%)","2005",35.408,,,,"Repository: ILO-STATISTICS - Micro data processing"
"Uruguay","LFS - Continous Household Survey","SDG indicator 5.5.2 - Proportion of women in managerial positions (%)","2004",31.764,,,,"Repository: ILO-STATISTICS - Micro data processing"
"Uruguay","LFS - Continous Household Survey","SDG indicator 5.5.2 - Proportion of women in managerial positions (%)","2003",30.61,,,,"Repository: ILO-STATISTICS - Micro data processing"
"Uruguay","LFS - Continous Household Survey","SDG indicator 5.5.2 - Proportion of women in managerial positions (%)","2002",32.687,,,,"Repository: ILO-STATISTICS - Micro data processing"
"Uruguay","LFS - Continous Household Survey","SDG indicator 5.5.2 - Proportion of women in managerial positions (%)","2001",33.352,,,,"Repository: ILO-STATISTICS - Micro data processing"
"Uruguay","LFS - Continous Household Survey","SDG indicator 5.5.2 - Proportion of women in managerial positions (%)","2000",36.49,,,,"Repository: ILO-STATISTICS - Micro data processing"
"United States of America","LFS - Current Population Survey","SDG indicator 5.5.2 - Proportion of women in managerial positions (%)","2024",42.856,,,,"Repository: ILO-STATISTICS - Micro data processing | Age coverage - minimum age: 16 years old"
"United States of America","LFS - Current Population Survey","SDG indicator 5.5.2 - Proportion of women in managerial positions (%)","2023",42.568,,,,"Repository: ILO-STATISTICS - Micro data processing | Age coverage - minimum age: 16 years old"
"United States of America","LFS - Current Population Survey","SDG indicator 5.5.2 - Proportion of women in managerial positions (%)","2022",41.001,,,,"Repository: ILO-STATISTICS - Micro data processing | Age coverage - minimum age: 16 years old"
"United States of America","LFS - Current Population Survey","SDG indicator 5.5.2 - Proportion of women in managerial positions (%)","2021",41.39,,,,"Repository: ILO-STATISTICS - Micro data processing | Age coverage - minimum age: 16 years old"
"United States of America","LFS - Current Population Survey","SDG indicator 5.5.2 - Proportion of women in managerial positions (%)","2020",41.061,"Break in series",,"Break in series: Methodology revised","Repository: ILO-STATISTICS - Micro data processing | Age coverage - minimum age: 16 years old"
"United States of America","LFS - Current Population Survey","SDG indicator 5.5.2 - Proportion of women in managerial positions (%)","2019",40.681,,,,"Repository: ILO-STATISTICS - Micro data processing | Age coverage - minimum age: 16 years old"
"United States of America","LFS - Current Population Survey","SDG indicator 5.5.2 - Proportion of women in managerial positions (%)","2018",40.744,,,,"Repository: ILO-STATISTICS - Micro data processing | Age coverage - minimum age: 16 years old"
"United States of America","LFS - Current Population Survey","SDG indicator 5.5.2 - Proportion of women in managerial positions (%)","2017",40.496,,,,"Repository: ILO-STATISTICS - Micro data processing | Age coverage - minimum age: 16 years old"
"United States of America","LFS - Current Population Survey","SDG indicator 5.5.2 - Proportion of women in managerial positions (%)","2016",39.74,,,,"Repository: ILO-STATISTICS - Micro data processing | Age coverage - minimum age: 16 years old"
"United States of America","LFS - Current Population Survey","SDG indicator 5.5.2 - Proportion of women in managerial positions (%)","2015",39.559,,,,"Repository: ILO-STATISTICS - Micro data processing | Age coverage - minimum age: 16 years old"
"United States of America","LFS - Current Population Survey","SDG indicator 5.5.2 - Proportion of women in managerial positions (%)","2014",38.932,,,,"Repository: ILO-STATISTICS - Micro data processing | Age coverage - minimum age: 16 years old"
"United States of America","LFS - Current Population Survey","SDG indicator 5.5.2 - Proportion of women in managerial positions (%)","2013",38.916,,,,"Repository: ILO-STATISTICS - Micro data processing | Age coverage - minimum age: 16 years old"
"United States of America","LFS - Current Population Survey","SDG indicator 5.5.2 - Proportion of women in managerial positions (%)","2012",39.328,,,,"Repository: ILO-STATISTICS - Micro data processing | Age coverage - minimum age: 16 years old"
"United States of America","LFS - Current Population Survey","SDG indicator 5.5.2 - Proportion of women in managerial positions (%)","2011",38.87,,,,"Repository: ILO-STATISTICS - Micro data processing | Age coverage - minimum age: 16 years old"
"United States of America","LFS - Current Population Survey","SDG indicator 5.5.2 - Proportion of women in managerial positions (%)","2010",39.171,,,,"Repository: ILO-STATISTICS - Micro data processing | Age coverage - minimum age: 16 years old"
"United States of America","LFS - Current Population Survey","SDG indicator 5.5.2 - Proportion of women in managerial positions (%)","2009",38.289,,,,"Repository: ILO-STATISTICS - Micro data processing | Age coverage - minimum age: 16 years old"
"United States of America","LFS - Current Population Survey","SDG indicator 5.5.2 - Proportion of women in managerial positions (%)","2008",38.319,,,,"Repository: ILO-STATISTICS - Micro data processing | Age coverage - minimum age: 16 years old"
"United States of America","LFS - Current Population Survey","SDG indicator 5.5.2 - Proportion of women in managerial positions (%)","2007",38.319,,,,"Repository: ILO-STATISTICS - Micro data processing | Age coverage - minimum age: 16 years old"
"United States of America","LFS - Current Population Survey","SDG indicator 5.5.2 - Proportion of women in managerial positions (%)","2006",37.249,,,,"Repository: ILO-STATISTICS - Micro data processing | Age coverage - minimum age: 16 years old"
"United States of America","LFS - Current Population Survey","SDG indicator 5.5.2 - Proportion of women in managerial positions (%)","2005",37.889,,,,"Repository: ILO-STATISTICS - Micro data processing | Age coverage - minimum age: 16 years old"
"United States of America","LFS - Current Population Survey","SDG indicator 5.5.2 - Proportion of women in managerial positions (%)","2004",37.306,,,,"Repository: ILO-STATISTICS - Micro data processing | Age coverage - minimum age: 16 years old"
"United States of America","LFS - Current Population Survey","SDG indicator 5.5.2 - Proportion of women in managerial positions (%)","2003",37.534,,,,"Repository: ILO-STATISTICS - Micro data processing | Age coverage - minimum age: 16 years old"
"Saint Vincent and the Grenadines","PC - Population Census","SDG indicator 5.5.2 - Proportion of women in managerial positions (%)","2001",49.533,,,,
"Venezuela (Bolivarian Republic of)","LFS - Household Sample Survey","SDG indicator 5.5.2 - Proportion of women in managerial positions (%)","2017",32.758,,,,"Repository: ILO-STATISTICS - Micro data processing"
"Venezuela (Bolivarian Republic of)","LFS - Household Sample Survey","SDG indicator 5.5.2 - Proportion of women in managerial positions (%)","2016",31.857,,,,"Repository: ILO-STATISTICS - Micro data processing"
"Venezuela (Bolivarian Republic of)","LFS - Household Sample Survey","SDG indicator 5.5.2 - Proportion of women in managerial positions (%)","2012",33.576,,,,"Repository: ILO-STATISTICS - Micro data processing"
"Venezuela (Bolivarian Republic of)","LFS - Household Sample Survey","SDG indicator 5.5.2 - Proportion of women in managerial positions (%)","2011",32.695,,,,"Repository: ILO-STATISTICS - Micro data processing"
"Venezuela (Bolivarian Republic of)","LFS - Household Sample Survey","SDG indicator 5.5.2 - Proportion of women in managerial positions (%)","2010",31.609,,,,"Repository: ILO-STATISTICS - Micro data processing"
"Venezuela (Bolivarian Republic of)","LFS - Household Sample Survey","SDG indicator 5.5.2 - Proportion of women in managerial positions (%)","2009",30.332,,,,"Repository: ILO-STATISTICS - Micro data processing"
"Venezuela (Bolivarian Republic of)","LFS - Household Sample Survey","SDG indicator 5.5.2 - Proportion of women in managerial positions (%)","2008",30.671,,,,"Repository: ILO-STATISTICS - Micro data processing"
"Venezuela (Bolivarian Republic of)","LFS - Household Sample Survey","SDG indicator 5.5.2 - Proportion of women in managerial positions (%)","2007",30.013,,,,"Repository: ILO-STATISTICS - Micro data processing"
"Venezuela (Bolivarian Republic of)","LFS - Household Sample Survey","SDG indicator 5.5.2 - Proportion of women in managerial positions (%)","2006",30.562,,,,"Repository: ILO-STATISTICS - Micro data processing"
"Venezuela (Bolivarian Republic of)","LFS - Household Sample Survey","SDG indicator 5.5.2 - Proportion of women in managerial positions (%)","2005",30.706,"Break in series",,"Break in series: Methodology revised","Repository: ILO-STATISTICS - Micro data processing"
"Viet Nam","LFS - Labour Force Survey","SDG indicator 5.5.2 - Proportion of women in managerial positions (%)","2023",27.266,,,,"Repository: ILO-STATISTICS - Micro data processing"
"Viet Nam","LFS - Labour Force Survey","SDG indicator 5.5.2 - Proportion of women in managerial positions (%)","2022",26.071,,,,"Repository: ILO-STATISTICS - Micro data processing"
"Viet Nam","LFS - Labour Force Survey","SDG indicator 5.5.2 - Proportion of women in managerial positions (%)","2021",24.877,,,,"Repository: ILO-STATISTICS - Micro data processing"
"Viet Nam","LFS - Labour Force Survey","SDG indicator 5.5.2 - Proportion of women in managerial positions (%)","2020",26.328,,,,"Repository: ILO-STATISTICS - Micro data processing"
"Viet Nam","LFS - Labour Force Survey","SDG indicator 5.5.2 - Proportion of women in managerial positions (%)","2019",24.739,,,,"Repository: ILO-STATISTICS - Micro data processing | Employment definition: Excluding own-use production workers"
"Viet Nam","LFS - Labour Force Survey","SDG indicator 5.5.2 - Proportion of women in managerial positions (%)","2018",27.3,,,,"Repository: ILO-STATISTICS - Micro data processing"
"Viet Nam","LFS - Labour Force Survey","SDG indicator 5.5.2 - Proportion of women in managerial positions (%)","2017",27.244,,,,"Repository: ILO-STATISTICS - Micro data processing"
"Viet Nam","LFS - Labour Force Survey","SDG indicator 5.5.2 - Proportion of women in managerial positions (%)","2016",26.12,,,,"Repository: ILO-STATISTICS - Micro data processing"
"Viet Nam","LFS - Labour Force Survey","SDG indicator 5.5.2 - Proportion of women in managerial positions (%)","2015",25.837,,,,"Repository: ILO-STATISTICS - Micro data processing"
"Viet Nam","LFS - Labour Force Survey","SDG indicator 5.5.2 - Proportion of women in managerial positions (%)","2014",22.921,,,,"Repository: ILO-STATISTICS - Micro data processing"
"Viet Nam","LFS - Labour Force Survey","SDG indicator 5.5.2 - Proportion of women in managerial positions (%)","2013",24.379,,,,"Repository: ILO-STATISTICS - Micro data processing"
"Viet Nam","LFS - Labour Force Survey","SDG indicator 5.5.2 - Proportion of women in managerial positions (%)","2012",23.906,,,,"Repository: ILO-STATISTICS - Micro data processing"
"Viet Nam","LFS - Labour Force Survey","SDG indicator 5.5.2 - Proportion of women in managerial positions (%)","2011",23.335,,,,"Repository: ILO-STATISTICS - Micro data processing"
"Viet Nam","LFS - Labour Force Survey","SDG indicator 5.5.2 - Proportion of women in managerial positions (%)","2010",23.438,,,,"Repository: ILO-STATISTICS - Micro data processing"
"Viet Nam","LFS - Labour Force Survey","SDG indicator 5.5.2 - Proportion of women in managerial positions (%)","2009",20.748,,,,"Repository: ILO-STATISTICS - Micro data processing"
"Viet Nam","LFS - Labour Force Survey","SDG indicator 5.5.2 - Proportion of women in managerial positions (%)","2007",20.508,"Break in series",,"Break in series: Methodology revised","Repository: ILO-STATISTICS - Micro data processing"
"Viet Nam","LFS - Labour Force Survey","SDG indicator 5.5.2 - Proportion of women in managerial positions (%)","2004",22.177,,,,"Data reference period: July | Geographical coverage: Total national, excluding overseas territories | Population coverage: Excluding both institutional population and armed forces and/or conscripts"
"Viet Nam","LFS - Labour Force Survey","SDG indicator 5.5.2 - Proportion of women in managerial positions (%)","2003",19.852,,,,"Data reference period: July | Geographical coverage: Total national, excluding overseas territories | Population coverage: Excluding both institutional population and armed forces and/or conscripts"
"Viet Nam","LFS - Labour Force Survey","SDG indicator 5.5.2 - Proportion of women in managerial positions (%)","2002",19.256,,,,"Data reference period: July | Geographical coverage: Total national, excluding overseas territories | Population coverage: Excluding both institutional population and armed forces and/or conscripts"
"Viet Nam","LFS - Labour Force Survey","SDG indicator 5.5.2 - Proportion of women in managerial positions (%)","2001",19.048,,,,"Data reference period: July | Geographical coverage: Total national, excluding overseas territories | Population coverage: Excluding both institutional population and armed forces and/or conscripts"
"Viet Nam","LFS - Labour Force Survey","SDG indicator 5.5.2 - Proportion of women in managerial positions (%)","2000",16.774,,,,"Data reference period: July | Geographical coverage: Total national, excluding overseas territories | Population coverage: Excluding both institutional population and armed forces and/or conscripts"
"Vanuatu","PC - Population and Housing Census","SDG indicator 5.5.2 - Proportion of women in managerial positions (%)","2020",36.439,,,,"Repository: ILO-STATISTICS - Micro data processing"
"Vanuatu","HIES - Household Income and Expenditure Survey","SDG indicator 5.5.2 - Proportion of women in managerial positions (%)","2019",37.103,,,,"Repository: ILO-STATISTICS - Micro data processing"
"Vanuatu","HIES - Household Income and Expenditure Survey","SDG indicator 5.5.2 - Proportion of women in managerial positions (%)","2010",22.045,"Unreliable",,,"Repository: ILO-STATISTICS - Micro data processing"
"Vanuatu","PC - Population and Housing Census","SDG indicator 5.5.2 - Proportion of women in managerial positions (%)","2009",28.538,,,,"Repository: ILO-STATISTICS - Micro data processing"
"Vanuatu","HIES - Household Income and Expenditure Survey","SDG indicator 5.5.2 - Proportion of women in managerial positions (%)","2006",15.649,"Unreliable",,,"Repository: ILO-STATISTICS - Micro data processing"
"Wallis and Futuna","HIES - Household Income and Expenditure Survey","SDG indicator 5.5.2 - Proportion of women in managerial positions (%)","2019",30.706,,,,"Repository: ILO-STATISTICS - Micro data processing"
"Samoa","LFS - Labour Force Survey","SDG indicator 5.5.2 - Proportion of women in managerial positions (%)","2022",41.422,"Break in series",,"Break in series: Methodology revised","Repository: ILO-STATISTICS - Micro data processing"
"Samoa","LFS - Labour Force Survey","SDG indicator 5.5.2 - Proportion of women in managerial positions (%)","2017",43.093,"Break in series",,"Break in series: Methodology revised","Repository: ILO-STATISTICS - Micro data processing"
"Samoa","LFS - Labour Force Survey","SDG indicator 5.5.2 - Proportion of women in managerial positions (%)","2014",47.267,,,,"Data reference period: October"
"Samoa","LFS - Labour Force Survey","SDG indicator 5.5.2 - Proportion of women in managerial positions (%)","2012",47.255,"Break in series",,"Break in series: Methodology revised","Repository: ILO-STATISTICS - Micro data processing"
"Samoa","PC - Population Census","SDG indicator 5.5.2 - Proportion of women in managerial positions (%)","2011",36.299,,,,"Data reference period: November"
"Samoa","PC - Population Census","SDG indicator 5.5.2 - Proportion of women in managerial positions (%)","2006",29.993,,,,"Data reference period: November"
"Samoa","PC - Population Census","SDG indicator 5.5.2 - Proportion of women in managerial positions (%)","2001",28.508,,,,
"World","ILO - Modelled Estimates","SDG indicator 5.5.2 - Proportion of women in managerial positions (%)","2023",30.035,,,,
"World","ILO - Modelled Estimates","SDG indicator 5.5.2 - Proportion of women in managerial positions (%)","2022",29.432,,,,
"World","ILO - Modelled Estimates","SDG indicator 5.5.2 - Proportion of women in managerial positions (%)","2021",29.594,,,,
"World","ILO - Modelled Estimates","SDG indicator 5.5.2 - Proportion of women in managerial positions (%)","2020",28.11,,,,
"World","ILO - Modelled Estimates","SDG indicator 5.5.2 - Proportion of women in managerial positions (%)","2019",28.082,,,,
"World","ILO - Modelled Estimates","SDG indicator 5.5.2 - Proportion of women in managerial positions (%)","2018",28.354,,,,
"World","ILO - Modelled Estimates","SDG indicator 5.5.2 - Proportion of women in managerial positions (%)","2017",28.168,,,,
"World","ILO - Modelled Estimates","SDG indicator 5.5.2 - Proportion of women in managerial positions (%)","2016",28.001,,,,
"World","ILO - Modelled Estimates","SDG indicator 5.5.2 - Proportion of women in managerial positions (%)","2015",27.651,,,,
"World","ILO - Modelled Estimates","SDG indicator 5.5.2 - Proportion of women in managerial positions (%)","2014",27.428,,,,
"World","ILO - Modelled Estimates","SDG indicator 5.5.2 - Proportion of women in managerial positions (%)","2013",27.263,,,,
"World","ILO - Modelled Estimates","SDG indicator 5.5.2 - Proportion of women in managerial positions (%)","2012",27.379,,,,
"World","ILO - Modelled Estimates","SDG indicator 5.5.2 - Proportion of women in managerial positions (%)","2011",27.702,,,,
"World","ILO - Modelled Estimates","SDG indicator 5.5.2 - Proportion of women in managerial positions (%)","2010",27.592,,,,
"World","ILO - Modelled Estimates","SDG indicator 5.5.2 - Proportion of women in managerial positions (%)","2009",27.471,,,,
"World","ILO - Modelled Estimates","SDG indicator 5.5.2 - Proportion of women in managerial positions (%)","2008",27.384,,,,
"World","ILO - Modelled Estimates","SDG indicator 5.5.2 - Proportion of women in managerial positions (%)","2007",27.372,,,,
"World","ILO - Modelled Estimates","SDG indicator 5.5.2 - Proportion of women in managerial positions (%)","2006",27.102,,,,
"World","ILO - Modelled Estimates","SDG indicator 5.5.2 - Proportion of women in managerial positions (%)","2005",27.023,,,,
"World","ILO - Modelled Estimates","SDG indicator 5.5.2 - Proportion of women in managerial positions (%)","2004",26.546,,,,
"World","ILO - Modelled Estimates","SDG indicator 5.5.2 - Proportion of women in managerial positions (%)","2003",26.36,,,,
"World","ILO - Modelled Estimates","SDG indicator 5.5.2 - Proportion of women in managerial positions (%)","2002",25.85,,,,
"World","ILO - Modelled Estimates","SDG indicator 5.5.2 - Proportion of women in managerial positions (%)","2001",25.741,,,,
"World","ILO - Modelled Estimates","SDG indicator 5.5.2 - Proportion of women in managerial positions (%)","2000",25.56,,,,
"World: Low income","ILO - Modelled Estimates","SDG indicator 5.5.2 - Proportion of women in managerial positions (%)","2023",36.452,,,,
"World: Low income","ILO - Modelled Estimates","SDG indicator 5.5.2 - Proportion of women in managerial positions (%)","2022",35.895,,,,
"World: Low income","ILO - Modelled Estimates","SDG indicator 5.5.2 - Proportion of women in managerial positions (%)","2021",37.671,,,,
"World: Low income","ILO - Modelled Estimates","SDG indicator 5.5.2 - Proportion of women in managerial positions (%)","2020",37.654,,,,
"World: Low income","ILO - Modelled Estimates","SDG indicator 5.5.2 - Proportion of women in managerial positions (%)","2019",35.944,,,,
"World: Low income","ILO - Modelled Estimates","SDG indicator 5.5.2 - Proportion of women in managerial positions (%)","2018",35.147,,,,
"World: Low income","ILO - Modelled Estimates","SDG indicator 5.5.2 - Proportion of women in managerial positions (%)","2017",34.516,,,,
"World: Low income","ILO - Modelled Estimates","SDG indicator 5.5.2 - Proportion of women in managerial positions (%)","2016",32.996,,,,
"World: Low income","ILO - Modelled Estimates","SDG indicator 5.5.2 - Proportion of women in managerial positions (%)","2015",31.832,,,,
"World: Low income","ILO - Modelled Estimates","SDG indicator 5.5.2 - Proportion of women in managerial positions (%)","2014",30.654,,,,
"World: Low income","ILO - Modelled Estimates","SDG indicator 5.5.2 - Proportion of women in managerial positions (%)","2013",29.649,,,,
"World: Low income","ILO - Modelled Estimates","SDG indicator 5.5.2 - Proportion of women in managerial positions (%)","2012",28.738,,,,
"World: Low income","ILO - Modelled Estimates","SDG indicator 5.5.2 - Proportion of women in managerial positions (%)","2011",28.051,,,,
"World: Low income","ILO - Modelled Estimates","SDG indicator 5.5.2 - Proportion of women in managerial positions (%)","2010",26.882,,,,
"World: Low income","ILO - Modelled Estimates","SDG indicator 5.5.2 - Proportion of women in managerial positions (%)","2009",26.413,,,,
"World: Low income","ILO - Modelled Estimates","SDG indicator 5.5.2 - Proportion of women in managerial positions (%)","2008",25.898,,,,
"World: Low income","ILO - Modelled Estimates","SDG indicator 5.5.2 - Proportion of women in managerial positions (%)","2007",25.423,,,,
"World: Low income","ILO - Modelled Estimates","SDG indicator 5.5.2 - Proportion of women in managerial positions (%)","2006",25.04,,,,
"World: Low income","ILO - Modelled Estimates","SDG indicator 5.5.2 - Proportion of women in managerial positions (%)","2005",24.734,,,,
"World: Low income","ILO - Modelled Estimates","SDG indicator 5.5.2 - Proportion of women in managerial positions (%)","2004",24.692,,,,
"World: Low income","ILO - Modelled Estimates","SDG indicator 5.5.2 - Proportion of women in managerial positions (%)","2003",24.549,,,,
"World: Low income","ILO - Modelled Estimates","SDG indicator 5.5.2 - Proportion of women in managerial positions (%)","2002",24.469,,,,
"World: Low income","ILO - Modelled Estimates","SDG indicator 5.5.2 - Proportion of women in managerial positions (%)","2001",24.351,,,,
"World: Low income","ILO - Modelled Estimates","SDG indicator 5.5.2 - Proportion of women in managerial positions (%)","2000",24.23,,,,
"World: Lower-middle income","ILO - Modelled Estimates","SDG indicator 5.5.2 - Proportion of women in managerial positions (%)","2023",18.822,,,,
"World: Lower-middle income","ILO - Modelled Estimates","SDG indicator 5.5.2 - Proportion of women in managerial positions (%)","2022",20.625,,,,
"World: Lower-middle income","ILO - Modelled Estimates","SDG indicator 5.5.2 - Proportion of women in managerial positions (%)","2021",21.668,,,,
"World: Lower-middle income","ILO - Modelled Estimates","SDG indicator 5.5.2 - Proportion of women in managerial positions (%)","2020",20.406,,,,
"World: Lower-middle income","ILO - Modelled Estimates","SDG indicator 5.5.2 - Proportion of women in managerial positions (%)","2019",21.316,,,,
"World: Lower-middle income","ILO - Modelled Estimates","SDG indicator 5.5.2 - Proportion of women in managerial positions (%)","2018",22.31,,,,
"World: Lower-middle income","ILO - Modelled Estimates","SDG indicator 5.5.2 - Proportion of women in managerial positions (%)","2017",22.031,,,,
"World: Lower-middle income","ILO - Modelled Estimates","SDG indicator 5.5.2 - Proportion of women in managerial positions (%)","2016",21.978,,,,
"World: Lower-middle income","ILO - Modelled Estimates","SDG indicator 5.5.2 - Proportion of women in managerial positions (%)","2015",21.648,,,,
"World: Lower-middle income","ILO - Modelled Estimates","SDG indicator 5.5.2 - Proportion of women in managerial positions (%)","2014",21.54,,,,
"World: Lower-middle income","ILO - Modelled Estimates","SDG indicator 5.5.2 - Proportion of women in managerial positions (%)","2013",21.212,,,,
"World: Lower-middle income","ILO - Modelled Estimates","SDG indicator 5.5.2 - Proportion of women in managerial positions (%)","2012",21.211,,,,
"World: Lower-middle income","ILO - Modelled Estimates","SDG indicator 5.5.2 - Proportion of women in managerial positions (%)","2011",22.165,,,,
"World: Lower-middle income","ILO - Modelled Estimates","SDG indicator 5.5.2 - Proportion of women in managerial positions (%)","2010",22.118,,,,
"World: Lower-middle income","ILO - Modelled Estimates","SDG indicator 5.5.2 - Proportion of women in managerial positions (%)","2009",22.422,,,,
"World: Lower-middle income","ILO - Modelled Estimates","SDG indicator 5.5.2 - Proportion of women in managerial positions (%)","2008",22.467,,,,
"World: Lower-middle income","ILO - Modelled Estimates","SDG indicator 5.5.2 - Proportion of women in managerial positions (%)","2007",22.786,,,,
"World: Lower-middle income","ILO - Modelled Estimates","SDG indicator 5.5.2 - Proportion of women in managerial positions (%)","2006",23.13,,,,
"World: Lower-middle income","ILO - Modelled Estimates","SDG indicator 5.5.2 - Proportion of women in managerial positions (%)","2005",23.245,,,,
"World: Lower-middle income","ILO - Modelled Estimates","SDG indicator 5.5.2 - Proportion of women in managerial positions (%)","2004",22.602,,,,
"World: Lower-middle income","ILO - Modelled Estimates","SDG indicator 5.5.2 - Proportion of women in managerial positions (%)","2003",22.54,,,,
"World: Lower-middle income","ILO - Modelled Estimates","SDG indicator 5.5.2 - Proportion of women in managerial positions (%)","2002",22.45,,,,
"World: Lower-middle income","ILO - Modelled Estimates","SDG indicator 5.5.2 - Proportion of women in managerial positions (%)","2001",22.679,,,,
"World: Lower-middle income","ILO - Modelled Estimates","SDG indicator 5.5.2 - Proportion of women in managerial positions (%)","2000",22.481,,,,
"World: Upper-middle income","ILO - Modelled Estimates","SDG indicator 5.5.2 - Proportion of women in managerial positions (%)","2023",29.793,,,,
"World: Upper-middle income","ILO - Modelled Estimates","SDG indicator 5.5.2 - Proportion of women in managerial positions (%)","2022",29.619,,,,
"World: Upper-middle income","ILO - Modelled Estimates","SDG indicator 5.5.2 - Proportion of women in managerial positions (%)","2021",30.323,,,,
"World: Upper-middle income","ILO - Modelled Estimates","SDG indicator 5.5.2 - Proportion of women in managerial positions (%)","2020",30.151,,,,
"World: Upper-middle income","ILO - Modelled Estimates","SDG indicator 5.5.2 - Proportion of women in managerial positions (%)","2019",29.295,,,,
"World: Upper-middle income","ILO - Modelled Estimates","SDG indicator 5.5.2 - Proportion of women in managerial positions (%)","2018",28.947,,,,
"World: Upper-middle income","ILO - Modelled Estimates","SDG indicator 5.5.2 - Proportion of women in managerial positions (%)","2017",28.917,,,,
"World: Upper-middle income","ILO - Modelled Estimates","SDG indicator 5.5.2 - Proportion of women in managerial positions (%)","2016",28.633,,,,
"World: Upper-middle income","ILO - Modelled Estimates","SDG indicator 5.5.2 - Proportion of women in managerial positions (%)","2015",28.215,,,,
"World: Upper-middle income","ILO - Modelled Estimates","SDG indicator 5.5.2 - Proportion of women in managerial positions (%)","2014",27.934,,,,
"World: Upper-middle income","ILO - Modelled Estimates","SDG indicator 5.5.2 - Proportion of women in managerial positions (%)","2013",27.686,,,,
"World: Upper-middle income","ILO - Modelled Estimates","SDG indicator 5.5.2 - Proportion of women in managerial positions (%)","2012",27.084,,,,
"World: Upper-middle income","ILO - Modelled Estimates","SDG indicator 5.5.2 - Proportion of women in managerial positions (%)","2011",26.57,,,,
"World: Upper-middle income","ILO - Modelled Estimates","SDG indicator 5.5.2 - Proportion of women in managerial positions (%)","2010",26.452,,,,
"World: Upper-middle income","ILO - Modelled Estimates","SDG indicator 5.5.2 - Proportion of women in managerial positions (%)","2009",26.166,,,,
"World: Upper-middle income","ILO - Modelled Estimates","SDG indicator 5.5.2 - Proportion of women in managerial positions (%)","2008",25.762,,,,
"World: Upper-middle income","ILO - Modelled Estimates","SDG indicator 5.5.2 - Proportion of women in managerial positions (%)","2007",25.23,,,,
"World: Upper-middle income","ILO - Modelled Estimates","SDG indicator 5.5.2 - Proportion of women in managerial positions (%)","2006",24.469,,,,
"World: Upper-middle income","ILO - Modelled Estimates","SDG indicator 5.5.2 - Proportion of women in managerial positions (%)","2005",23.953,,,,
"World: Upper-middle income","ILO - Modelled Estimates","SDG indicator 5.5.2 - Proportion of women in managerial positions (%)","2004",23.641,,,,
"World: Upper-middle income","ILO - Modelled Estimates","SDG indicator 5.5.2 - Proportion of women in managerial positions (%)","2003",23.173,,,,
"World: Upper-middle income","ILO - Modelled Estimates","SDG indicator 5.5.2 - Proportion of women in managerial positions (%)","2002",22.855,,,,
"World: Upper-middle income","ILO - Modelled Estimates","SDG indicator 5.5.2 - Proportion of women in managerial positions (%)","2001",22.5,,,,
"World: Upper-middle income","ILO - Modelled Estimates","SDG indicator 5.5.2 - Proportion of women in managerial positions (%)","2000",22.246,,,,
"World: High income","ILO - Modelled Estimates","SDG indicator 5.5.2 - Proportion of women in managerial positions (%)","2023",37.376,,,,
"World: High income","ILO - Modelled Estimates","SDG indicator 5.5.2 - Proportion of women in managerial positions (%)","2022",36.463,,,,
"World: High income","ILO - Modelled Estimates","SDG indicator 5.5.2 - Proportion of women in managerial positions (%)","2021",36.933,,,,
"World: High income","ILO - Modelled Estimates","SDG indicator 5.5.2 - Proportion of women in managerial positions (%)","2020",36.195,,,,
"World: High income","ILO - Modelled Estimates","SDG indicator 5.5.2 - Proportion of women in managerial positions (%)","2019",35.969,,,,
"World: High income","ILO - Modelled Estimates","SDG indicator 5.5.2 - Proportion of women in managerial positions (%)","2018",35.468,,,,
"World: High income","ILO - Modelled Estimates","SDG indicator 5.5.2 - Proportion of women in managerial positions (%)","2017",35.08,,,,
"World: High income","ILO - Modelled Estimates","SDG indicator 5.5.2 - Proportion of women in managerial positions (%)","2016",34.777,,,,
"World: High income","ILO - Modelled Estimates","SDG indicator 5.5.2 - Proportion of women in managerial positions (%)","2015",34.328,,,,
"World: High income","ILO - Modelled Estimates","SDG indicator 5.5.2 - Proportion of women in managerial positions (%)","2014",33.868,,,,
"World: High income","ILO - Modelled Estimates","SDG indicator 5.5.2 - Proportion of women in managerial positions (%)","2013",33.826,,,,
"World: High income","ILO - Modelled Estimates","SDG indicator 5.5.2 - Proportion of women in managerial positions (%)","2012",34.224,,,,
"World: High income","ILO - Modelled Estimates","SDG indicator 5.5.2 - Proportion of women in managerial positions (%)","2011",34.166,,,,
"World: High income","ILO - Modelled Estimates","SDG indicator 5.5.2 - Proportion of women in managerial positions (%)","2010",33.9,,,,
"World: High income","ILO - Modelled Estimates","SDG indicator 5.5.2 - Proportion of women in managerial positions (%)","2009",33.245,,,,
"World: High income","ILO - Modelled Estimates","SDG indicator 5.5.2 - Proportion of women in managerial positions (%)","2008",33.028,,,,
"World: High income","ILO - Modelled Estimates","SDG indicator 5.5.2 - Proportion of women in managerial positions (%)","2007",33.073,,,,
"World: High income","ILO - Modelled Estimates","SDG indicator 5.5.2 - Proportion of women in managerial positions (%)","2006",32.536,,,,
"World: High income","ILO - Modelled Estimates","SDG indicator 5.5.2 - Proportion of women in managerial positions (%)","2005",32.539,,,,
"World: High income","ILO - Modelled Estimates","SDG indicator 5.5.2 - Proportion of women in managerial positions (%)","2004",31.937,,,,
"World: High income","ILO - Modelled Estimates","SDG indicator 5.5.2 - Proportion of women in managerial positions (%)","2003",31.793,,,,
"World: High income","ILO - Modelled Estimates","SDG indicator 5.5.2 - Proportion of women in managerial positions (%)","2002",30.951,,,,
"World: High income","ILO - Modelled Estimates","SDG indicator 5.5.2 - Proportion of women in managerial positions (%)","2001",30.687,,,,
"World: High income","ILO - Modelled Estimates","SDG indicator 5.5.2 - Proportion of women in managerial positions (%)","2000",30.456,,,,
"Africa","ILO - Modelled Estimates","SDG indicator 5.5.2 - Proportion of women in managerial positions (%)","2023",36.286,,,,
"Africa","ILO - Modelled Estimates","SDG indicator 5.5.2 - Proportion of women in managerial positions (%)","2022",35.656,,,,
"Africa","ILO - Modelled Estimates","SDG indicator 5.5.2 - Proportion of women in managerial positions (%)","2021",36.166,,,,
"Africa","ILO - Modelled Estimates","SDG indicator 5.5.2 - Proportion of women in managerial positions (%)","2020",33.109,,,,
"Africa","ILO - Modelled Estimates","SDG indicator 5.5.2 - Proportion of women in managerial positions (%)","2019",30.907,,,,
"Africa","ILO - Modelled Estimates","SDG indicator 5.5.2 - Proportion of women in managerial positions (%)","2018",29.782,,,,
"Africa","ILO - Modelled Estimates","SDG indicator 5.5.2 - Proportion of women in managerial positions (%)","2017",29.598,,,,
"Africa","ILO - Modelled Estimates","SDG indicator 5.5.2 - Proportion of women in managerial positions (%)","2016",28.295,,,,
"Africa","ILO - Modelled Estimates","SDG indicator 5.5.2 - Proportion of women in managerial positions (%)","2015",27.032,,,,
"Africa","ILO - Modelled Estimates","SDG indicator 5.5.2 - Proportion of women in managerial positions (%)","2014",26.416,,,,
"Africa","ILO - Modelled Estimates","SDG indicator 5.5.2 - Proportion of women in managerial positions (%)","2013",25.585,,,,
"Africa","ILO - Modelled Estimates","SDG indicator 5.5.2 - Proportion of women in managerial positions (%)","2012",27.464,,,,
"Africa","ILO - Modelled Estimates","SDG indicator 5.5.2 - Proportion of women in managerial positions (%)","2011",30.914,,,,
"Africa","ILO - Modelled Estimates","SDG indicator 5.5.2 - Proportion of women in managerial positions (%)","2010",30.278,,,,
"Africa","ILO - Modelled Estimates","SDG indicator 5.5.2 - Proportion of women in managerial positions (%)","2009",29.874,,,,
"Africa","ILO - Modelled Estimates","SDG indicator 5.5.2 - Proportion of women in managerial positions (%)","2008",28.525,,,,
"Africa","ILO - Modelled Estimates","SDG indicator 5.5.2 - Proportion of women in managerial positions (%)","2007",27.405,,,,
"Africa","ILO - Modelled Estimates","SDG indicator 5.5.2 - Proportion of women in managerial positions (%)","2006",26.688,,,,
"Africa","ILO - Modelled Estimates","SDG indicator 5.5.2 - Proportion of women in managerial positions (%)","2005",25.529,,,,
"Africa","ILO - Modelled Estimates","SDG indicator 5.5.2 - Proportion of women in managerial positions (%)","2004",23.371,,,,
"Africa","ILO - Modelled Estimates","SDG indicator 5.5.2 - Proportion of women in managerial positions (%)","2003",23.241,,,,
"Africa","ILO - Modelled Estimates","SDG indicator 5.5.2 - Proportion of women in managerial positions (%)","2002",23.246,,,,
"Africa","ILO - Modelled Estimates","SDG indicator 5.5.2 - Proportion of women in managerial positions (%)","2001",23.378,,,,
"Africa","ILO - Modelled Estimates","SDG indicator 5.5.2 - Proportion of women in managerial positions (%)","2000",23.451,,,,
"Africa: Low income","ILO - Modelled Estimates","SDG indicator 5.5.2 - Proportion of women in managerial positions (%)","2023",40.194,,,,
"Africa: Low income","ILO - Modelled Estimates","SDG indicator 5.5.2 - Proportion of women in managerial positions (%)","2022",39.645,,,,
"Africa: Low income","ILO - Modelled Estimates","SDG indicator 5.5.2 - Proportion of women in managerial positions (%)","2021",41.592,,,,
"Africa: Low income","ILO - Modelled Estimates","SDG indicator 5.5.2 - Proportion of women in managerial positions (%)","2020",41.566,,,,
"Africa: Low income","ILO - Modelled Estimates","SDG indicator 5.5.2 - Proportion of women in managerial positions (%)","2019",39.545,,,,
"Africa: Low income","ILO - Modelled Estimates","SDG indicator 5.5.2 - Proportion of women in managerial positions (%)","2018",38.618,,,,
"Africa: Low income","ILO - Modelled Estimates","SDG indicator 5.5.2 - Proportion of women in managerial positions (%)","2017",37.859,,,,
"Africa: Low income","ILO - Modelled Estimates","SDG indicator 5.5.2 - Proportion of women in managerial positions (%)","2016",36.323,,,,
"Africa: Low income","ILO - Modelled Estimates","SDG indicator 5.5.2 - Proportion of women in managerial positions (%)","2015",35.193,,,,
"Africa: Low income","ILO - Modelled Estimates","SDG indicator 5.5.2 - Proportion of women in managerial positions (%)","2014",34.235,,,,
"Africa: Low income","ILO - Modelled Estimates","SDG indicator 5.5.2 - Proportion of women in managerial positions (%)","2013",33.519,,,,
"Africa: Low income","ILO - Modelled Estimates","SDG indicator 5.5.2 - Proportion of women in managerial positions (%)","2012",32.936,,,,
"Africa: Low income","ILO - Modelled Estimates","SDG indicator 5.5.2 - Proportion of women in managerial positions (%)","2011",32.538,,,,
"Africa: Low income","ILO - Modelled Estimates","SDG indicator 5.5.2 - Proportion of women in managerial positions (%)","2010",31.64,,,,
"Africa: Low income","ILO - Modelled Estimates","SDG indicator 5.5.2 - Proportion of women in managerial positions (%)","2009",31.049,,,,
"Africa: Low income","ILO - Modelled Estimates","SDG indicator 5.5.2 - Proportion of women in managerial positions (%)","2008",30.413,,,,
"Africa: Low income","ILO - Modelled Estimates","SDG indicator 5.5.2 - Proportion of women in managerial positions (%)","2007",29.907,,,,
"Africa: Low income","ILO - Modelled Estimates","SDG indicator 5.5.2 - Proportion of women in managerial positions (%)","2006",29.369,,,,
"Africa: Low income","ILO - Modelled Estimates","SDG indicator 5.5.2 - Proportion of women in managerial positions (%)","2005",28.962,,,,
"Africa: Low income","ILO - Modelled Estimates","SDG indicator 5.5.2 - Proportion of women in managerial positions (%)","2004",28.911,,,,
"Africa: Low income","ILO - Modelled Estimates","SDG indicator 5.5.2 - Proportion of women in managerial positions (%)","2003",28.65,,,,
"Africa: Low income","ILO - Modelled Estimates","SDG indicator 5.5.2 - Proportion of women in managerial positions (%)","2002",28.56,,,,
"Africa: Low income","ILO - Modelled Estimates","SDG indicator 5.5.2 - Proportion of women in managerial positions (%)","2001",28.374,,,,
"Africa: Low income","ILO - Modelled Estimates","SDG indicator 5.5.2 - Proportion of women in managerial positions (%)","2000",28.118,,,,
"Africa: Lower-middle income","ILO - Modelled Estimates","SDG indicator 5.5.2 - Proportion of women in managerial positions (%)","2023",36.545,,,,
"Africa: Lower-middle income","ILO - Modelled Estimates","SDG indicator 5.5.2 - Proportion of women in managerial positions (%)","2022",35.793,,,,
"Africa: Lower-middle income","ILO - Modelled Estimates","SDG indicator 5.5.2 - Proportion of women in managerial positions (%)","2021",36.055,,,,
"Africa: Lower-middle income","ILO - Modelled Estimates","SDG indicator 5.5.2 - Proportion of women in managerial positions (%)","2020",31.11,,,,
"Africa: Lower-middle income","ILO - Modelled Estimates","SDG indicator 5.5.2 - Proportion of women in managerial positions (%)","2019",28.905,,,,
"Africa: Lower-middle income","ILO - Modelled Estimates","SDG indicator 5.5.2 - Proportion of women in managerial positions (%)","2018",27.655,,,,
"Africa: Lower-middle income","ILO - Modelled Estimates","SDG indicator 5.5.2 - Proportion of women in managerial positions (%)","2017",27.382,,,,
"Africa: Lower-middle income","ILO - Modelled Estimates","SDG indicator 5.5.2 - Proportion of women in managerial positions (%)","2016",26.294,,,,
"Africa: Lower-middle income","ILO - Modelled Estimates","SDG indicator 5.5.2 - Proportion of women in managerial positions (%)","2015",25.039,,,,
"Africa: Lower-middle income","ILO - Modelled Estimates","SDG indicator 5.5.2 - Proportion of women in managerial positions (%)","2014",24.434,,,,
"Africa: Lower-middle income","ILO - Modelled Estimates","SDG indicator 5.5.2 - Proportion of women in managerial positions (%)","2013",23.781,,,,
"Africa: Lower-middle income","ILO - Modelled Estimates","SDG indicator 5.5.2 - Proportion of women in managerial positions (%)","2012",26.55,,,,
"Africa: Lower-middle income","ILO - Modelled Estimates","SDG indicator 5.5.2 - Proportion of women in managerial positions (%)","2011",32.168,,,,
"Africa: Lower-middle income","ILO - Modelled Estimates","SDG indicator 5.5.2 - Proportion of women in managerial positions (%)","2010",31.974,,,,
"Africa: Lower-middle income","ILO - Modelled Estimates","SDG indicator 5.5.2 - Proportion of women in managerial positions (%)","2009",31.351,,,,
"Africa: Lower-middle income","ILO - Modelled Estimates","SDG indicator 5.5.2 - Proportion of women in managerial positions (%)","2008",29.478,,,,
"Africa: Lower-middle income","ILO - Modelled Estimates","SDG indicator 5.5.2 - Proportion of women in managerial positions (%)","2007",27.892,,,,
"Africa: Lower-middle income","ILO - Modelled Estimates","SDG indicator 5.5.2 - Proportion of women in managerial positions (%)","2006",27.799,,,,
"Africa: Lower-middle income","ILO - Modelled Estimates","SDG indicator 5.5.2 - Proportion of women in managerial positions (%)","2005",26.377,,,,
"Africa: Lower-middle income","ILO - Modelled Estimates","SDG indicator 5.5.2 - Proportion of women in managerial positions (%)","2004",23.846,,,,
"Africa: Lower-middle income","ILO - Modelled Estimates","SDG indicator 5.5.2 - Proportion of women in managerial positions (%)","2003",24.018,,,,
"Africa: Lower-middle income","ILO - Modelled Estimates","SDG indicator 5.5.2 - Proportion of women in managerial positions (%)","2002",24.302,,,,
"Africa: Lower-middle income","ILO - Modelled Estimates","SDG indicator 5.5.2 - Proportion of women in managerial positions (%)","2001",26.152,,,,
"Africa: Lower-middle income","ILO - Modelled Estimates","SDG indicator 5.5.2 - Proportion of women in managerial positions (%)","2000",25.812,,,,
"Africa: Upper-middle income","ILO - Modelled Estimates","SDG indicator 5.5.2 - Proportion of women in managerial positions (%)","2023",30.062,,,,
"Africa: Upper-middle income","ILO - Modelled Estimates","SDG indicator 5.5.2 - Proportion of women in managerial positions (%)","2022",30.317,,,,
"Africa: Upper-middle income","ILO - Modelled Estimates","SDG indicator 5.5.2 - Proportion of women in managerial positions (%)","2021",29.526,,,,
"Africa: Upper-middle income","ILO - Modelled Estimates","SDG indicator 5.5.2 - Proportion of women in managerial positions (%)","2020",29.683,,,,
"Africa: Upper-middle income","ILO - Modelled Estimates","SDG indicator 5.5.2 - Proportion of women in managerial positions (%)","2019",27.998,,,,
"Africa: Upper-middle income","ILO - Modelled Estimates","SDG indicator 5.5.2 - Proportion of women in managerial positions (%)","2018",27.938,,,,
"Africa: Upper-middle income","ILO - Modelled Estimates","SDG indicator 5.5.2 - Proportion of women in managerial positions (%)","2017",29.059,,,,
"Africa: Upper-middle income","ILO - Modelled Estimates","SDG indicator 5.5.2 - Proportion of women in managerial positions (%)","2016",27.992,,,,
"Africa: Upper-middle income","ILO - Modelled Estimates","SDG indicator 5.5.2 - Proportion of women in managerial positions (%)","2015",27.088,,,,
"Africa: Upper-middle income","ILO - Modelled Estimates","SDG indicator 5.5.2 - Proportion of women in managerial positions (%)","2014",27.282,,,,
"Africa: Upper-middle income","ILO - Modelled Estimates","SDG indicator 5.5.2 - Proportion of women in managerial positions (%)","2013",26.078,,,,
"Africa: Upper-middle income","ILO - Modelled Estimates","SDG indicator 5.5.2 - Proportion of women in managerial positions (%)","2012",26.311,,,,
"Africa: Upper-middle income","ILO - Modelled Estimates","SDG indicator 5.5.2 - Proportion of women in managerial positions (%)","2011",26.229,,,,
"Africa: Upper-middle income","ILO - Modelled Estimates","SDG indicator 5.5.2 - Proportion of women in managerial positions (%)","2010",24.345,,,,
"Africa: Upper-middle income","ILO - Modelled Estimates","SDG indicator 5.5.2 - Proportion of women in managerial positions (%)","2009",25.07,,,,
"Africa: Upper-middle income","ILO - Modelled Estimates","SDG indicator 5.5.2 - Proportion of women in managerial positions (%)","2008",24.641,,,,
"Africa: Upper-middle income","ILO - Modelled Estimates","SDG indicator 5.5.2 - Proportion of women in managerial positions (%)","2007",24.405,,,,
"Africa: Upper-middle income","ILO - Modelled Estimates","SDG indicator 5.5.2 - Proportion of women in managerial positions (%)","2006",21.813,,,,
"Africa: Upper-middle income","ILO - Modelled Estimates","SDG indicator 5.5.2 - Proportion of women in managerial positions (%)","2005",20.92,,,,
"Africa: Upper-middle income","ILO - Modelled Estimates","SDG indicator 5.5.2 - Proportion of women in managerial positions (%)","2004",18.922,,,,
"Africa: Upper-middle income","ILO - Modelled Estimates","SDG indicator 5.5.2 - Proportion of women in managerial positions (%)","2003",17.548,,,,
"Africa: Upper-middle income","ILO - Modelled Estimates","SDG indicator 5.5.2 - Proportion of women in managerial positions (%)","2002",16.624,,,,
"Africa: Upper-middle income","ILO - Modelled Estimates","SDG indicator 5.5.2 - Proportion of women in managerial positions (%)","2001",10.193,,,,
"Africa: Upper-middle income","ILO - Modelled Estimates","SDG indicator 5.5.2 - Proportion of women in managerial positions (%)","2000",11.461,,,,
"Northern Africa","ILO - Modelled Estimates","SDG indicator 5.5.2 - Proportion of women in managerial positions (%)","2023",15.211,,,,
"Northern Africa","ILO - Modelled Estimates","SDG indicator 5.5.2 - Proportion of women in managerial positions (%)","2022",15.341,,,,
"Northern Africa","ILO - Modelled Estimates","SDG indicator 5.5.2 - Proportion of women in managerial positions (%)","2021",14.849,,,,
"Northern Africa","ILO - Modelled Estimates","SDG indicator 5.5.2 - Proportion of women in managerial positions (%)","2020",9.93,,,,
"Northern Africa","ILO - Modelled Estimates","SDG indicator 5.5.2 - Proportion of women in managerial positions (%)","2019",9.751,,,,
"Northern Africa","ILO - Modelled Estimates","SDG indicator 5.5.2 - Proportion of women in managerial positions (%)","2018",9.578,,,,
"Northern Africa","ILO - Modelled Estimates","SDG indicator 5.5.2 - Proportion of women in managerial positions (%)","2017",9.014,,,,
"Northern Africa","ILO - Modelled Estimates","SDG indicator 5.5.2 - Proportion of women in managerial positions (%)","2016",9.361,,,,
"Northern Africa","ILO - Modelled Estimates","SDG indicator 5.5.2 - Proportion of women in managerial positions (%)","2015",8.81,,,,
"Northern Africa","ILO - Modelled Estimates","SDG indicator 5.5.2 - Proportion of women in managerial positions (%)","2014",9.101,,,,
"Northern Africa","ILO - Modelled Estimates","SDG indicator 5.5.2 - Proportion of women in managerial positions (%)","2013",9.144,,,,
"Northern Africa","ILO - Modelled Estimates","SDG indicator 5.5.2 - Proportion of women in managerial positions (%)","2012",11.404,,,,
"Northern Africa","ILO - Modelled Estimates","SDG indicator 5.5.2 - Proportion of women in managerial positions (%)","2011",14.491,,,,
"Northern Africa","ILO - Modelled Estimates","SDG indicator 5.5.2 - Proportion of women in managerial positions (%)","2010",14.431,,,,
"Northern Africa","ILO - Modelled Estimates","SDG indicator 5.5.2 - Proportion of women in managerial positions (%)","2009",14.31,,,,
"Northern Africa","ILO - Modelled Estimates","SDG indicator 5.5.2 - Proportion of women in managerial positions (%)","2008",13.055,,,,
"Northern Africa","ILO - Modelled Estimates","SDG indicator 5.5.2 - Proportion of women in managerial positions (%)","2007",12.243,,,,
"Northern Africa","ILO - Modelled Estimates","SDG indicator 5.5.2 - Proportion of women in managerial positions (%)","2006",11.907,,,,
"Northern Africa","ILO - Modelled Estimates","SDG indicator 5.5.2 - Proportion of women in managerial positions (%)","2005",11.062,,,,
"Northern Africa","ILO - Modelled Estimates","SDG indicator 5.5.2 - Proportion of women in managerial positions (%)","2004",8.774,,,,
"Northern Africa","ILO - Modelled Estimates","SDG indicator 5.5.2 - Proportion of women in managerial positions (%)","2003",9.466,,,,
"Northern Africa","ILO - Modelled Estimates","SDG indicator 5.5.2 - Proportion of women in managerial positions (%)","2002",9.438,,,,
"Northern Africa","ILO - Modelled Estimates","SDG indicator 5.5.2 - Proportion of women in managerial positions (%)","2001",10.511,,,,
"Northern Africa","ILO - Modelled Estimates","SDG indicator 5.5.2 - Proportion of women in managerial positions (%)","2000",10.377,,,,
"Northern Africa: Lower-middle income","ILO - Modelled Estimates","SDG indicator 5.5.2 - Proportion of women in managerial positions (%)","2023",15.732,,,,
"Northern Africa: Lower-middle income","ILO - Modelled Estimates","SDG indicator 5.5.2 - Proportion of women in managerial positions (%)","2022",15.623,,,,
"Northern Africa: Lower-middle income","ILO - Modelled Estimates","SDG indicator 5.5.2 - Proportion of women in managerial positions (%)","2021",14.318,,,,
"Northern Africa: Lower-middle income","ILO - Modelled Estimates","SDG indicator 5.5.2 - Proportion of women in managerial positions (%)","2020",8.502,,,,
"Northern Africa: Lower-middle income","ILO - Modelled Estimates","SDG indicator 5.5.2 - Proportion of women in managerial positions (%)","2019",8.619,,,,
"Northern Africa: Lower-middle income","ILO - Modelled Estimates","SDG indicator 5.5.2 - Proportion of women in managerial positions (%)","2018",8.541,,,,
"Northern Africa: Lower-middle income","ILO - Modelled Estimates","SDG indicator 5.5.2 - Proportion of women in managerial positions (%)","2017",7.866,,,,
"Northern Africa: Lower-middle income","ILO - Modelled Estimates","SDG indicator 5.5.2 - Proportion of women in managerial positions (%)","2016",8.403,,,,
"Northern Africa: Lower-middle income","ILO - Modelled Estimates","SDG indicator 5.5.2 - Proportion of women in managerial positions (%)","2015",7.809,,,,
"Northern Africa: Lower-middle income","ILO - Modelled Estimates","SDG indicator 5.5.2 - Proportion of women in managerial positions (%)","2014",8.215,,,,
"Northern Africa: Lower-middle income","ILO - Modelled Estimates","SDG indicator 5.5.2 - Proportion of women in managerial positions (%)","2013",8.346,,,,
"Northern Africa: Lower-middle income","ILO - Modelled Estimates","SDG indicator 5.5.2 - Proportion of women in managerial positions (%)","2012",10.884,,,,
"Northern Africa: Lower-middle income","ILO - Modelled Estimates","SDG indicator 5.5.2 - Proportion of women in managerial positions (%)","2011",14.683,,,,
"Northern Africa: Lower-middle income","ILO - Modelled Estimates","SDG indicator 5.5.2 - Proportion of women in managerial positions (%)","2010",14.842,,,,
"Northern Africa: Lower-middle income","ILO - Modelled Estimates","SDG indicator 5.5.2 - Proportion of women in managerial positions (%)","2009",14.789,,,,
"Northern Africa: Lower-middle income","ILO - Modelled Estimates","SDG indicator 5.5.2 - Proportion of women in managerial positions (%)","2008",13.141,,,,
"Northern Africa: Lower-middle income","ILO - Modelled Estimates","SDG indicator 5.5.2 - Proportion of women in managerial positions (%)","2007",12.165,,,,
"Northern Africa: Lower-middle income","ILO - Modelled Estimates","SDG indicator 5.5.2 - Proportion of women in managerial positions (%)","2006",11.823,,,,
"Northern Africa: Lower-middle income","ILO - Modelled Estimates","SDG indicator 5.5.2 - Proportion of women in managerial positions (%)","2005",10.818,,,,
"Northern Africa: Lower-middle income","ILO - Modelled Estimates","SDG indicator 5.5.2 - Proportion of women in managerial positions (%)","2004",8.017,,,,
"Northern Africa: Lower-middle income","ILO - Modelled Estimates","SDG indicator 5.5.2 - Proportion of women in managerial positions (%)","2003",8.976,,,,
"Northern Africa: Lower-middle income","ILO - Modelled Estimates","SDG indicator 5.5.2 - Proportion of women in managerial positions (%)","2002",9.095,,,,
"Northern Africa: Lower-middle income","ILO - Modelled Estimates","SDG indicator 5.5.2 - Proportion of women in managerial positions (%)","2001",10.608,,,,
"Northern Africa: Lower-middle income","ILO - Modelled Estimates","SDG indicator 5.5.2 - Proportion of women in managerial positions (%)","2000",10.456,,,,
"Northern Africa: Upper-middle income","ILO - Modelled Estimates","SDG indicator 5.5.2 - Proportion of women in managerial positions (%)","2023",11.475,,,,
"Northern Africa: Upper-middle income","ILO - Modelled Estimates","SDG indicator 5.5.2 - Proportion of women in managerial positions (%)","2022",11.293,,,,
"Northern Africa: Upper-middle income","ILO - Modelled Estimates","SDG indicator 5.5.2 - Proportion of women in managerial positions (%)","2021",12.475,,,,
"Northern Africa: Upper-middle income","ILO - Modelled Estimates","SDG indicator 5.5.2 - Proportion of women in managerial positions (%)","2020",12.417,,,,
"Northern Africa: Upper-middle income","ILO - Modelled Estimates","SDG indicator 5.5.2 - Proportion of women in managerial positions (%)","2019",11.435,,,,
"Northern Africa: Upper-middle income","ILO - Modelled Estimates","SDG indicator 5.5.2 - Proportion of women in managerial positions (%)","2018",11.385,,,,
"Northern Africa: Upper-middle income","ILO - Modelled Estimates","SDG indicator 5.5.2 - Proportion of women in managerial positions (%)","2017",11.228,,,,
"Northern Africa: Upper-middle income","ILO - Modelled Estimates","SDG indicator 5.5.2 - Proportion of women in managerial positions (%)","2016",11.018,,,,
"Northern Africa: Upper-middle income","ILO - Modelled Estimates","SDG indicator 5.5.2 - Proportion of women in managerial positions (%)","2015",11.161,,,,
"Northern Africa: Upper-middle income","ILO - Modelled Estimates","SDG indicator 5.5.2 - Proportion of women in managerial positions (%)","2014",10.919,,,,
"Northern Africa: Upper-middle income","ILO - Modelled Estimates","SDG indicator 5.5.2 - Proportion of women in managerial positions (%)","2013",10.415,,,,
"Northern Africa: Upper-middle income","ILO - Modelled Estimates","SDG indicator 5.5.2 - Proportion of women in managerial positions (%)","2012",10.152,,,,
"Northern Africa: Upper-middle income","ILO - Modelled Estimates","SDG indicator 5.5.2 - Proportion of women in managerial positions (%)","2011",9.981,,,,
"Northern Africa: Upper-middle income","ILO - Modelled Estimates","SDG indicator 5.5.2 - Proportion of women in managerial positions (%)","2010",9.642,,,,
"Northern Africa: Upper-middle income","ILO - Modelled Estimates","SDG indicator 5.5.2 - Proportion of women in managerial positions (%)","2009",9.528,,,,
"Northern Africa: Upper-middle income","ILO - Modelled Estimates","SDG indicator 5.5.2 - Proportion of women in managerial positions (%)","2008",9.343,,,,
"Northern Africa: Upper-middle income","ILO - Modelled Estimates","SDG indicator 5.5.2 - Proportion of women in managerial positions (%)","2007",9.151,,,,
"Northern Africa: Upper-middle income","ILO - Modelled Estimates","SDG indicator 5.5.2 - Proportion of women in managerial positions (%)","2006",8.905,,,,
"Northern Africa: Upper-middle income","ILO - Modelled Estimates","SDG indicator 5.5.2 - Proportion of women in managerial positions (%)","2005",8.688,,,,
"Northern Africa: Upper-middle income","ILO - Modelled Estimates","SDG indicator 5.5.2 - Proportion of women in managerial positions (%)","2004",8.447,,,,
"Northern Africa: Upper-middle income","ILO - Modelled Estimates","SDG indicator 5.5.2 - Proportion of women in managerial positions (%)","2003",8.161,,,,
"Northern Africa: Upper-middle income","ILO - Modelled Estimates","SDG indicator 5.5.2 - Proportion of women in managerial positions (%)","2002",7.596,,,,
"Northern Africa: Upper-middle income","ILO - Modelled Estimates","SDG indicator 5.5.2 - Proportion of women in managerial positions (%)","2001",7.112,,,,
"Northern Africa: Upper-middle income","ILO - Modelled Estimates","SDG indicator 5.5.2 - Proportion of women in managerial positions (%)","2000",6.984,,,,
"Sub-Saharan Africa","ILO - Modelled Estimates","SDG indicator 5.5.2 - Proportion of women in managerial positions (%)","2023",40.065,,,,
"Sub-Saharan Africa","ILO - Modelled Estimates","SDG indicator 5.5.2 - Proportion of women in managerial positions (%)","2022",39.455,,,,
"Sub-Saharan Africa","ILO - Modelled Estimates","SDG indicator 5.5.2 - Proportion of women in managerial positions (%)","2021",40.599,,,,
"Sub-Saharan Africa","ILO - Modelled Estimates","SDG indicator 5.5.2 - Proportion of women in managerial positions (%)","2020",40.755,,,,
"Sub-Saharan Africa","ILO - Modelled Estimates","SDG indicator 5.5.2 - Proportion of women in managerial positions (%)","2019",39.372,,,,
"Sub-Saharan Africa","ILO - Modelled Estimates","SDG indicator 5.5.2 - Proportion of women in managerial positions (%)","2018",39.252,,,,
"Sub-Saharan Africa","ILO - Modelled Estimates","SDG indicator 5.5.2 - Proportion of women in managerial positions (%)","2017",39.422,,,,
"Sub-Saharan Africa","ILO - Modelled Estimates","SDG indicator 5.5.2 - Proportion of women in managerial positions (%)","2016",38.718,,,,
"Sub-Saharan Africa","ILO - Modelled Estimates","SDG indicator 5.5.2 - Proportion of women in managerial positions (%)","2015",38.095,,,,
"Sub-Saharan Africa","ILO - Modelled Estimates","SDG indicator 5.5.2 - Proportion of women in managerial positions (%)","2014",37.773,,,,
"Sub-Saharan Africa","ILO - Modelled Estimates","SDG indicator 5.5.2 - Proportion of women in managerial positions (%)","2013",37.239,,,,
"Sub-Saharan Africa","ILO - Modelled Estimates","SDG indicator 5.5.2 - Proportion of women in managerial positions (%)","2012",37.405,,,,
"Sub-Saharan Africa","ILO - Modelled Estimates","SDG indicator 5.5.2 - Proportion of women in managerial positions (%)","2011",37.371,,,,
"Sub-Saharan Africa","ILO - Modelled Estimates","SDG indicator 5.5.2 - Proportion of women in managerial positions (%)","2010",36.904,,,,
"Sub-Saharan Africa","ILO - Modelled Estimates","SDG indicator 5.5.2 - Proportion of women in managerial positions (%)","2009",36.516,,,,
"Sub-Saharan Africa","ILO - Modelled Estimates","SDG indicator 5.5.2 - Proportion of women in managerial positions (%)","2008",36.059,,,,
"Sub-Saharan Africa","ILO - Modelled Estimates","SDG indicator 5.5.2 - Proportion of women in managerial positions (%)","2007",35.868,,,,
"Sub-Saharan Africa","ILO - Modelled Estimates","SDG indicator 5.5.2 - Proportion of women in managerial positions (%)","2006",34.984,,,,
"Sub-Saharan Africa","ILO - Modelled Estimates","SDG indicator 5.5.2 - Proportion of women in managerial positions (%)","2005",34.367,,,,
"Sub-Saharan Africa","ILO - Modelled Estimates","SDG indicator 5.5.2 - Proportion of women in managerial positions (%)","2004",33.018,,,,
"Sub-Saharan Africa","ILO - Modelled Estimates","SDG indicator 5.5.2 - Proportion of women in managerial positions (%)","2003",32.74,,,,
"Sub-Saharan Africa","ILO - Modelled Estimates","SDG indicator 5.5.2 - Proportion of women in managerial positions (%)","2002",32.824,,,,
"Sub-Saharan Africa","ILO - Modelled Estimates","SDG indicator 5.5.2 - Proportion of women in managerial positions (%)","2001",32.17,,,,
"Sub-Saharan Africa","ILO - Modelled Estimates","SDG indicator 5.5.2 - Proportion of women in managerial positions (%)","2000",32.349,,,,
"Sub-Saharan Africa: Low income","ILO - Modelled Estimates","SDG indicator 5.5.2 - Proportion of women in managerial positions (%)","2023",41.222,,,,
"Sub-Saharan Africa: Low income","ILO - Modelled Estimates","SDG indicator 5.5.2 - Proportion of women in managerial positions (%)","2022",40.522,,,,
"Sub-Saharan Africa: Low income","ILO - Modelled Estimates","SDG indicator 5.5.2 - Proportion of women in managerial positions (%)","2021",42.433,,,,
"Sub-Saharan Africa: Low income","ILO - Modelled Estimates","SDG indicator 5.5.2 - Proportion of women in managerial positions (%)","2020",42.352,,,,
"Sub-Saharan Africa: Low income","ILO - Modelled Estimates","SDG indicator 5.5.2 - Proportion of women in managerial positions (%)","2019",40.202,,,,
"Sub-Saharan Africa: Low income","ILO - Modelled Estimates","SDG indicator 5.5.2 - Proportion of women in managerial positions (%)","2018",39.197,,,,
"Sub-Saharan Africa: Low income","ILO - Modelled Estimates","SDG indicator 5.5.2 - Proportion of women in managerial positions (%)","2017",38.365,,,,
"Sub-Saharan Africa: Low income","ILO - Modelled Estimates","SDG indicator 5.5.2 - Proportion of women in managerial positions (%)","2016",36.722,,,,
"Sub-Saharan Africa: Low income","ILO - Modelled Estimates","SDG indicator 5.5.2 - Proportion of women in managerial positions (%)","2015",35.512,,,,
"Sub-Saharan Africa: Low income","ILO - Modelled Estimates","SDG indicator 5.5.2 - Proportion of women in managerial positions (%)","2014",34.486,,,,
"Sub-Saharan Africa: Low income","ILO - Modelled Estimates","SDG indicator 5.5.2 - Proportion of women in managerial positions (%)","2013",33.731,,,,
"Sub-Saharan Africa: Low income","ILO - Modelled Estimates","SDG indicator 5.5.2 - Proportion of women in managerial positions (%)","2012",33.08,,,,
"Sub-Saharan Africa: Low income","ILO - Modelled Estimates","SDG indicator 5.5.2 - Proportion of women in managerial positions (%)","2011",32.541,,,,
"Sub-Saharan Africa: Low income","ILO - Modelled Estimates","SDG indicator 5.5.2 - Proportion of women in managerial positions (%)","2010",31.687,,,,
"Sub-Saharan Africa: Low income","ILO - Modelled Estimates","SDG indicator 5.5.2 - Proportion of women in managerial positions (%)","2009",31.108,,,,
"Sub-Saharan Africa: Low income","ILO - Modelled Estimates","SDG indicator 5.5.2 - Proportion of women in managerial positions (%)","2008",30.341,,,,
"Sub-Saharan Africa: Low income","ILO - Modelled Estimates","SDG indicator 5.5.2 - Proportion of women in managerial positions (%)","2007",29.802,,,,
"Sub-Saharan Africa: Low income","ILO - Modelled Estimates","SDG indicator 5.5.2 - Proportion of women in managerial positions (%)","2006",29.285,,,,
"Sub-Saharan Africa: Low income","ILO - Modelled Estimates","SDG indicator 5.5.2 - Proportion of women in managerial positions (%)","2005",28.882,,,,
"Sub-Saharan Africa: Low income","ILO - Modelled Estimates","SDG indicator 5.5.2 - Proportion of women in managerial positions (%)","2004",28.871,,,,
"Sub-Saharan Africa: Low income","ILO - Modelled Estimates","SDG indicator 5.5.2 - Proportion of women in managerial positions (%)","2003",28.613,,,,
"Sub-Saharan Africa: Low income","ILO - Modelled Estimates","SDG indicator 5.5.2 - Proportion of women in managerial positions (%)","2002",28.556,,,,
"Sub-Saharan Africa: Low income","ILO - Modelled Estimates","SDG indicator 5.5.2 - Proportion of women in managerial positions (%)","2001",28.404,,,,
"Sub-Saharan Africa: Low income","ILO - Modelled Estimates","SDG indicator 5.5.2 - Proportion of women in managerial positions (%)","2000",28.172,,,,
"Sub-Saharan Africa: Lower-middle income","ILO - Modelled Estimates","SDG indicator 5.5.2 - Proportion of women in managerial positions (%)","2023",41.101,,,,
"Sub-Saharan Africa: Lower-middle income","ILO - Modelled Estimates","SDG indicator 5.5.2 - Proportion of women in managerial positions (%)","2022",40.535,,,,
"Sub-Saharan Africa: Lower-middle income","ILO - Modelled Estimates","SDG indicator 5.5.2 - Proportion of women in managerial positions (%)","2021",41.981,,,,
"Sub-Saharan Africa: Lower-middle income","ILO - Modelled Estimates","SDG indicator 5.5.2 - Proportion of women in managerial positions (%)","2020",42.455,,,,
"Sub-Saharan Africa: Lower-middle income","ILO - Modelled Estimates","SDG indicator 5.5.2 - Proportion of women in managerial positions (%)","2019",41.622,,,,
"Sub-Saharan Africa: Lower-middle income","ILO - Modelled Estimates","SDG indicator 5.5.2 - Proportion of women in managerial positions (%)","2018",41.842,,,,
"Sub-Saharan Africa: Lower-middle income","ILO - Modelled Estimates","SDG indicator 5.5.2 - Proportion of women in managerial positions (%)","2017",42.006,,,,
"Sub-Saharan Africa: Lower-middle income","ILO - Modelled Estimates","SDG indicator 5.5.2 - Proportion of women in managerial positions (%)","2016",41.744,,,,
"Sub-Saharan Africa: Lower-middle income","ILO - Modelled Estimates","SDG indicator 5.5.2 - Proportion of women in managerial positions (%)","2015",41.435,,,,
"Sub-Saharan Africa: Lower-middle income","ILO - Modelled Estimates","SDG indicator 5.5.2 - Proportion of women in managerial positions (%)","2014",41.205,,,,
"Sub-Saharan Africa: Lower-middle income","ILO - Modelled Estimates","SDG indicator 5.5.2 - Proportion of women in managerial positions (%)","2013",40.735,,,,
"Sub-Saharan Africa: Lower-middle income","ILO - Modelled Estimates","SDG indicator 5.5.2 - Proportion of women in managerial positions (%)","2012",40.863,,,,
"Sub-Saharan Africa: Lower-middle income","ILO - Modelled Estimates","SDG indicator 5.5.2 - Proportion of women in managerial positions (%)","2011",41.09,,,,
"Sub-Saharan Africa: Lower-middle income","ILO - Modelled Estimates","SDG indicator 5.5.2 - Proportion of women in managerial positions (%)","2010",40.98,,,,
"Sub-Saharan Africa: Lower-middle income","ILO - Modelled Estimates","SDG indicator 5.5.2 - Proportion of women in managerial positions (%)","2009",40.299,,,,
"Sub-Saharan Africa: Lower-middle income","ILO - Modelled Estimates","SDG indicator 5.5.2 - Proportion of women in managerial positions (%)","2008",40.06,,,,
"Sub-Saharan Africa: Lower-middle income","ILO - Modelled Estimates","SDG indicator 5.5.2 - Proportion of women in managerial positions (%)","2007",40.094,,,,
"Sub-Saharan Africa: Lower-middle income","ILO - Modelled Estimates","SDG indicator 5.5.2 - Proportion of women in managerial positions (%)","2006",39.791,,,,
"Sub-Saharan Africa: Lower-middle income","ILO - Modelled Estimates","SDG indicator 5.5.2 - Proportion of women in managerial positions (%)","2005",39.336,,,,
"Sub-Saharan Africa: Lower-middle income","ILO - Modelled Estimates","SDG indicator 5.5.2 - Proportion of women in managerial positions (%)","2004",38.901,,,,
"Sub-Saharan Africa: Lower-middle income","ILO - Modelled Estimates","SDG indicator 5.5.2 - Proportion of women in managerial positions (%)","2003",38.559,,,,
"Sub-Saharan Africa: Lower-middle income","ILO - Modelled Estimates","SDG indicator 5.5.2 - Proportion of women in managerial positions (%)","2002",38.655,,,,
"Sub-Saharan Africa: Lower-middle income","ILO - Modelled Estimates","SDG indicator 5.5.2 - Proportion of women in managerial positions (%)","2001",39.518,,,,
"Sub-Saharan Africa: Lower-middle income","ILO - Modelled Estimates","SDG indicator 5.5.2 - Proportion of women in managerial positions (%)","2000",38.828,,,,
"Sub-Saharan Africa: Upper-middle income","ILO - Modelled Estimates","SDG indicator 5.5.2 - Proportion of women in managerial positions (%)","2023",34.704,,,,
"Sub-Saharan Africa: Upper-middle income","ILO - Modelled Estimates","SDG indicator 5.5.2 - Proportion of women in managerial positions (%)","2022",34.692,,,,
"Sub-Saharan Africa: Upper-middle income","ILO - Modelled Estimates","SDG indicator 5.5.2 - Proportion of women in managerial positions (%)","2021",33.598,,,,
"Sub-Saharan Africa: Upper-middle income","ILO - Modelled Estimates","SDG indicator 5.5.2 - Proportion of women in managerial positions (%)","2020",33.622,,,,
"Sub-Saharan Africa: Upper-middle income","ILO - Modelled Estimates","SDG indicator 5.5.2 - Proportion of women in managerial positions (%)","2019",32.167,,,,
"Sub-Saharan Africa: Upper-middle income","ILO - Modelled Estimates","SDG indicator 5.5.2 - Proportion of women in managerial positions (%)","2018",32.262,,,,
"Sub-Saharan Africa: Upper-middle income","ILO - Modelled Estimates","SDG indicator 5.5.2 - Proportion of women in managerial positions (%)","2017",33.8,,,,
"Sub-Saharan Africa: Upper-middle income","ILO - Modelled Estimates","SDG indicator 5.5.2 - Proportion of women in managerial positions (%)","2016",32.946,,,,
"Sub-Saharan Africa: Upper-middle income","ILO - Modelled Estimates","SDG indicator 5.5.2 - Proportion of women in managerial positions (%)","2015",32.105,,,,
"Sub-Saharan Africa: Upper-middle income","ILO - Modelled Estimates","SDG indicator 5.5.2 - Proportion of women in managerial positions (%)","2014",32.558,,,,
"Sub-Saharan Africa: Upper-middle income","ILO - Modelled Estimates","SDG indicator 5.5.2 - Proportion of women in managerial positions (%)","2013",31.767,,,,
"Sub-Saharan Africa: Upper-middle income","ILO - Modelled Estimates","SDG indicator 5.5.2 - Proportion of women in managerial positions (%)","2012",32.621,,,,
"Sub-Saharan Africa: Upper-middle income","ILO - Modelled Estimates","SDG indicator 5.5.2 - Proportion of women in managerial positions (%)","2011",32.652,,,,
"Sub-Saharan Africa: Upper-middle income","ILO - Modelled Estimates","SDG indicator 5.5.2 - Proportion of women in managerial positions (%)","2010",31.003,,,,
"Sub-Saharan Africa: Upper-middle income","ILO - Modelled Estimates","SDG indicator 5.5.2 - Proportion of women in managerial positions (%)","2009",31.985,,,,
"Sub-Saharan Africa: Upper-middle income","ILO - Modelled Estimates","SDG indicator 5.5.2 - Proportion of women in managerial positions (%)","2008",31.458,,,,
"Sub-Saharan Africa: Upper-middle income","ILO - Modelled Estimates","SDG indicator 5.5.2 - Proportion of women in managerial positions (%)","2007",31.205,,,,
"Sub-Saharan Africa: Upper-middle income","ILO - Modelled Estimates","SDG indicator 5.5.2 - Proportion of women in managerial positions (%)","2006",28.377,,,,
"Sub-Saharan Africa: Upper-middle income","ILO - Modelled Estimates","SDG indicator 5.5.2 - Proportion of women in managerial positions (%)","2005",27.207,,,,
"Sub-Saharan Africa: Upper-middle income","ILO - Modelled Estimates","SDG indicator 5.5.2 - Proportion of women in managerial positions (%)","2004",23.746,,,,
"Sub-Saharan Africa: Upper-middle income","ILO - Modelled Estimates","SDG indicator 5.5.2 - Proportion of women in managerial positions (%)","2003",22.306,,,,
"Sub-Saharan Africa: Upper-middle income","ILO - Modelled Estimates","SDG indicator 5.5.2 - Proportion of women in managerial positions (%)","2002",21.574,,,,
"Sub-Saharan Africa: Upper-middle income","ILO - Modelled Estimates","SDG indicator 5.5.2 - Proportion of women in managerial positions (%)","2001",12.285,,,,
"Sub-Saharan Africa: Upper-middle income","ILO - Modelled Estimates","SDG indicator 5.5.2 - Proportion of women in managerial positions (%)","2000",14.607,,,,
"Central Africa","ILO - Modelled Estimates","SDG indicator 5.5.2 - Proportion of women in managerial positions (%)","2023",46.126,,,,
"Central Africa","ILO - Modelled Estimates","SDG indicator 5.5.2 - Proportion of women in managerial positions (%)","2022",45.655,,,,
"Central Africa","ILO - Modelled Estimates","SDG indicator 5.5.2 - Proportion of women in managerial positions (%)","2021",47.527,,,,
"Central Africa","ILO - Modelled Estimates","SDG indicator 5.5.2 - Proportion of women in managerial positions (%)","2020",47.725,,,,
"Central Africa","ILO - Modelled Estimates","SDG indicator 5.5.2 - Proportion of women in managerial positions (%)","2019",45.868,,,,
"Central Africa","ILO - Modelled Estimates","SDG indicator 5.5.2 - Proportion of women in managerial positions (%)","2018",45.389,,,,
"Central Africa","ILO - Modelled Estimates","SDG indicator 5.5.2 - Proportion of women in managerial positions (%)","2017",45.016,,,,
"Central Africa","ILO - Modelled Estimates","SDG indicator 5.5.2 - Proportion of women in managerial positions (%)","2016",44.75,,,,
"Central Africa","ILO - Modelled Estimates","SDG indicator 5.5.2 - Proportion of women in managerial positions (%)","2015",44.55,,,,
"Central Africa","ILO - Modelled Estimates","SDG indicator 5.5.2 - Proportion of women in managerial positions (%)","2014",44.485,,,,
"Central Africa","ILO - Modelled Estimates","SDG indicator 5.5.2 - Proportion of women in managerial positions (%)","2013",44.102,,,,
"Central Africa","ILO - Modelled Estimates","SDG indicator 5.5.2 - Proportion of women in managerial positions (%)","2012",43.831,,,,
"Central Africa","ILO - Modelled Estimates","SDG indicator 5.5.2 - Proportion of women in managerial positions (%)","2011",43.371,,,,
"Central Africa","ILO - Modelled Estimates","SDG indicator 5.5.2 - Proportion of women in managerial positions (%)","2010",42.926,,,,
"Central Africa","ILO - Modelled Estimates","SDG indicator 5.5.2 - Proportion of women in managerial positions (%)","2009",43.146,,,,
"Central Africa","ILO - Modelled Estimates","SDG indicator 5.5.2 - Proportion of women in managerial positions (%)","2008",43.415,,,,
"Central Africa","ILO - Modelled Estimates","SDG indicator 5.5.2 - Proportion of women in managerial positions (%)","2007",43.609,,,,
"Central Africa","ILO - Modelled Estimates","SDG indicator 5.5.2 - Proportion of women in managerial positions (%)","2006",43.257,,,,
"Central Africa","ILO - Modelled Estimates","SDG indicator 5.5.2 - Proportion of women in managerial positions (%)","2005",43.028,,,,
"Central Africa","ILO - Modelled Estimates","SDG indicator 5.5.2 - Proportion of women in managerial positions (%)","2004",42.913,,,,
"Central Africa","ILO - Modelled Estimates","SDG indicator 5.5.2 - Proportion of women in managerial positions (%)","2003",42.553,,,,
"Central Africa","ILO - Modelled Estimates","SDG indicator 5.5.2 - Proportion of women in managerial positions (%)","2002",42.316,,,,
"Central Africa","ILO - Modelled Estimates","SDG indicator 5.5.2 - Proportion of women in managerial positions (%)","2001",42.138,,,,
"Central Africa","ILO - Modelled Estimates","SDG indicator 5.5.2 - Proportion of women in managerial positions (%)","2000",41.549,,,,
"Eastern Africa","ILO - Modelled Estimates","SDG indicator 5.5.2 - Proportion of women in managerial positions (%)","2023",38.738,,,,
"Eastern Africa","ILO - Modelled Estimates","SDG indicator 5.5.2 - Proportion of women in managerial positions (%)","2022",38.062,,,,
"Eastern Africa","ILO - Modelled Estimates","SDG indicator 5.5.2 - Proportion of women in managerial positions (%)","2021",38.758,,,,
"Eastern Africa","ILO - Modelled Estimates","SDG indicator 5.5.2 - Proportion of women in managerial positions (%)","2020",38.636,,,,
"Eastern Africa","ILO - Modelled Estimates","SDG indicator 5.5.2 - Proportion of women in managerial positions (%)","2019",36.98,,,,
"Eastern Africa","ILO - Modelled Estimates","SDG indicator 5.5.2 - Proportion of women in managerial positions (%)","2018",36.716,,,,
"Eastern Africa","ILO - Modelled Estimates","SDG indicator 5.5.2 - Proportion of women in managerial positions (%)","2017",35.824,,,,
"Eastern Africa","ILO - Modelled Estimates","SDG indicator 5.5.2 - Proportion of women in managerial positions (%)","2016",34.589,,,,
"Eastern Africa","ILO - Modelled Estimates","SDG indicator 5.5.2 - Proportion of women in managerial positions (%)","2015",33.08,,,,
"Eastern Africa","ILO - Modelled Estimates","SDG indicator 5.5.2 - Proportion of women in managerial positions (%)","2014",31.801,,,,
"Eastern Africa","ILO - Modelled Estimates","SDG indicator 5.5.2 - Proportion of women in managerial positions (%)","2013",30.699,,,,
"Eastern Africa","ILO - Modelled Estimates","SDG indicator 5.5.2 - Proportion of women in managerial positions (%)","2012",29.453,,,,
"Eastern Africa","ILO - Modelled Estimates","SDG indicator 5.5.2 - Proportion of women in managerial positions (%)","2011",28.089,,,,
"Eastern Africa","ILO - Modelled Estimates","SDG indicator 5.5.2 - Proportion of women in managerial positions (%)","2010",26.946,,,,
"Eastern Africa","ILO - Modelled Estimates","SDG indicator 5.5.2 - Proportion of women in managerial positions (%)","2009",25.903,,,,
"Eastern Africa","ILO - Modelled Estimates","SDG indicator 5.5.2 - Proportion of women in managerial positions (%)","2008",24.909,,,,
"Eastern Africa","ILO - Modelled Estimates","SDG indicator 5.5.2 - Proportion of women in managerial positions (%)","2007",23.937,,,,
"Eastern Africa","ILO - Modelled Estimates","SDG indicator 5.5.2 - Proportion of women in managerial positions (%)","2006",23.009,,,,
"Eastern Africa","ILO - Modelled Estimates","SDG indicator 5.5.2 - Proportion of women in managerial positions (%)","2005",22.421,,,,
"Eastern Africa","ILO - Modelled Estimates","SDG indicator 5.5.2 - Proportion of women in managerial positions (%)","2004",22.516,,,,
"Eastern Africa","ILO - Modelled Estimates","SDG indicator 5.5.2 - Proportion of women in managerial positions (%)","2003",23.583,,,,
"Eastern Africa","ILO - Modelled Estimates","SDG indicator 5.5.2 - Proportion of women in managerial positions (%)","2002",26.115,,,,
"Eastern Africa","ILO - Modelled Estimates","SDG indicator 5.5.2 - Proportion of women in managerial positions (%)","2001",30.865,,,,
"Eastern Africa","ILO - Modelled Estimates","SDG indicator 5.5.2 - Proportion of women in managerial positions (%)","2000",30.325,,,,
"Southern Africa","ILO - Modelled Estimates","SDG indicator 5.5.2 - Proportion of women in managerial positions (%)","2023",34.977,,,,
"Southern Africa","ILO - Modelled Estimates","SDG indicator 5.5.2 - Proportion of women in managerial positions (%)","2022",34.958,,,,
"Southern Africa","ILO - Modelled Estimates","SDG indicator 5.5.2 - Proportion of women in managerial positions (%)","2021",33.777,,,,
"Southern Africa","ILO - Modelled Estimates","SDG indicator 5.5.2 - Proportion of women in managerial positions (%)","2020",33.828,,,,
"Southern Africa","ILO - Modelled Estimates","SDG indicator 5.5.2 - Proportion of women in managerial positions (%)","2019",32.417,,,,
"Southern Africa","ILO - Modelled Estimates","SDG indicator 5.5.2 - Proportion of women in managerial positions (%)","2018",32.51,,,,
"Southern Africa","ILO - Modelled Estimates","SDG indicator 5.5.2 - Proportion of women in managerial positions (%)","2017",34.109,,,,
"Southern Africa","ILO - Modelled Estimates","SDG indicator 5.5.2 - Proportion of women in managerial positions (%)","2016",33.26,,,,
"Southern Africa","ILO - Modelled Estimates","SDG indicator 5.5.2 - Proportion of women in managerial positions (%)","2015",32.448,,,,
"Southern Africa","ILO - Modelled Estimates","SDG indicator 5.5.2 - Proportion of women in managerial positions (%)","2014",32.909,,,,
"Southern Africa","ILO - Modelled Estimates","SDG indicator 5.5.2 - Proportion of women in managerial positions (%)","2013",32.055,,,,
"Southern Africa","ILO - Modelled Estimates","SDG indicator 5.5.2 - Proportion of women in managerial positions (%)","2012",33.051,,,,
"Southern Africa","ILO - Modelled Estimates","SDG indicator 5.5.2 - Proportion of women in managerial positions (%)","2011",33.08,,,,
"Southern Africa","ILO - Modelled Estimates","SDG indicator 5.5.2 - Proportion of women in managerial positions (%)","2010",31.455,,,,
"Southern Africa","ILO - Modelled Estimates","SDG indicator 5.5.2 - Proportion of women in managerial positions (%)","2009",32.429,,,,
"Southern Africa","ILO - Modelled Estimates","SDG indicator 5.5.2 - Proportion of women in managerial positions (%)","2008",31.91,,,,
"Southern Africa","ILO - Modelled Estimates","SDG indicator 5.5.2 - Proportion of women in managerial positions (%)","2007",31.681,,,,
"Southern Africa","ILO - Modelled Estimates","SDG indicator 5.5.2 - Proportion of women in managerial positions (%)","2006",28.902,,,,
"Southern Africa","ILO - Modelled Estimates","SDG indicator 5.5.2 - Proportion of women in managerial positions (%)","2005",27.573,,,,
"Southern Africa","ILO - Modelled Estimates","SDG indicator 5.5.2 - Proportion of women in managerial positions (%)","2004",24.063,,,,
"Southern Africa","ILO - Modelled Estimates","SDG indicator 5.5.2 - Proportion of women in managerial positions (%)","2003",22.594,,,,
"Southern Africa","ILO - Modelled Estimates","SDG indicator 5.5.2 - Proportion of women in managerial positions (%)","2002",21.93,,,,
"Southern Africa","ILO - Modelled Estimates","SDG indicator 5.5.2 - Proportion of women in managerial positions (%)","2001",12.515,,,,
"Southern Africa","ILO - Modelled Estimates","SDG indicator 5.5.2 - Proportion of women in managerial positions (%)","2000",14.836,,,,
"Western Africa","ILO - Modelled Estimates","SDG indicator 5.5.2 - Proportion of women in managerial positions (%)","2023",37.347,,,,
"Western Africa","ILO - Modelled Estimates","SDG indicator 5.5.2 - Proportion of women in managerial positions (%)","2022",36.549,,,,
"Western Africa","ILO - Modelled Estimates","SDG indicator 5.5.2 - Proportion of women in managerial positions (%)","2021",38.675,,,,
"Western Africa","ILO - Modelled Estimates","SDG indicator 5.5.2 - Proportion of women in managerial positions (%)","2020",39.335,,,,
"Western Africa","ILO - Modelled Estimates","SDG indicator 5.5.2 - Proportion of women in managerial positions (%)","2019",39.009,,,,
"Western Africa","ILO - Modelled Estimates","SDG indicator 5.5.2 - Proportion of women in managerial positions (%)","2018",39.374,,,,
"Western Africa","ILO - Modelled Estimates","SDG indicator 5.5.2 - Proportion of women in managerial positions (%)","2017",40.257,,,,
"Western Africa","ILO - Modelled Estimates","SDG indicator 5.5.2 - Proportion of women in managerial positions (%)","2016",39.586,,,,
"Western Africa","ILO - Modelled Estimates","SDG indicator 5.5.2 - Proportion of women in managerial positions (%)","2015",39.347,,,,
"Western Africa","ILO - Modelled Estimates","SDG indicator 5.5.2 - Proportion of women in managerial positions (%)","2014",39.13,,,,
"Western Africa","ILO - Modelled Estimates","SDG indicator 5.5.2 - Proportion of women in managerial positions (%)","2013",38.807,,,,
"Western Africa","ILO - Modelled Estimates","SDG indicator 5.5.2 - Proportion of women in managerial positions (%)","2012",39.722,,,,
"Western Africa","ILO - Modelled Estimates","SDG indicator 5.5.2 - Proportion of women in managerial positions (%)","2011",41.094,,,,
"Western Africa","ILO - Modelled Estimates","SDG indicator 5.5.2 - Proportion of women in managerial positions (%)","2010",41.256,,,,
"Western Africa","ILO - Modelled Estimates","SDG indicator 5.5.2 - Proportion of women in managerial positions (%)","2009",39.379,,,,
"Western Africa","ILO - Modelled Estimates","SDG indicator 5.5.2 - Proportion of women in managerial positions (%)","2008",38.187,,,,
"Western Africa","ILO - Modelled Estimates","SDG indicator 5.5.2 - Proportion of women in managerial positions (%)","2007",37.66,,,,
"Western Africa","ILO - Modelled Estimates","SDG indicator 5.5.2 - Proportion of women in managerial positions (%)","2006",37.327,,,,
"Western Africa","ILO - Modelled Estimates","SDG indicator 5.5.2 - Proportion of women in managerial positions (%)","2005",37.009,,,,
"Western Africa","ILO - Modelled Estimates","SDG indicator 5.5.2 - Proportion of women in managerial positions (%)","2004",36.687,,,,
"Western Africa","ILO - Modelled Estimates","SDG indicator 5.5.2 - Proportion of women in managerial positions (%)","2003",36.316,,,,
"Western Africa","ILO - Modelled Estimates","SDG indicator 5.5.2 - Proportion of women in managerial positions (%)","2002",36.016,,,,
"Western Africa","ILO - Modelled Estimates","SDG indicator 5.5.2 - Proportion of women in managerial positions (%)","2001",35.538,,,,
"Western Africa","ILO - Modelled Estimates","SDG indicator 5.5.2 - Proportion of women in managerial positions (%)","2000",35.157,,,,
"Americas","ILO - Modelled Estimates","SDG indicator 5.5.2 - Proportion of women in managerial positions (%)","2023",40.271,,,,
"Americas","ILO - Modelled Estimates","SDG indicator 5.5.2 - Proportion of women in managerial positions (%)","2022",38.961,,,,
"Americas","ILO - Modelled Estimates","SDG indicator 5.5.2 - Proportion of women in managerial positions (%)","2021",39.324,,,,
"Americas","ILO - Modelled Estimates","SDG indicator 5.5.2 - Proportion of women in managerial positions (%)","2020",38.48,,,,
"Americas","ILO - Modelled Estimates","SDG indicator 5.5.2 - Proportion of women in managerial positions (%)","2019",38.304,,,,
"Americas","ILO - Modelled Estimates","SDG indicator 5.5.2 - Proportion of women in managerial positions (%)","2018",38.317,,,,
"Americas","ILO - Modelled Estimates","SDG indicator 5.5.2 - Proportion of women in managerial positions (%)","2017",38.117,,,,
"Americas","ILO - Modelled Estimates","SDG indicator 5.5.2 - Proportion of women in managerial positions (%)","2016",37.608,,,,
"Americas","ILO - Modelled Estimates","SDG indicator 5.5.2 - Proportion of women in managerial positions (%)","2015",37.445,,,,
"Americas","ILO - Modelled Estimates","SDG indicator 5.5.2 - Proportion of women in managerial positions (%)","2014",36.883,,,,
"Americas","ILO - Modelled Estimates","SDG indicator 5.5.2 - Proportion of women in managerial positions (%)","2013",36.816,,,,
"Americas","ILO - Modelled Estimates","SDG indicator 5.5.2 - Proportion of women in managerial positions (%)","2012",36.995,,,,
"Americas","ILO - Modelled Estimates","SDG indicator 5.5.2 - Proportion of women in managerial positions (%)","2011",36.699,,,,
"Americas","ILO - Modelled Estimates","SDG indicator 5.5.2 - Proportion of women in managerial positions (%)","2010",36.712,,,,
"Americas","ILO - Modelled Estimates","SDG indicator 5.5.2 - Proportion of women in managerial positions (%)","2009",36.22,,,,
"Americas","ILO - Modelled Estimates","SDG indicator 5.5.2 - Proportion of women in managerial positions (%)","2008",35.786,,,,
"Americas","ILO - Modelled Estimates","SDG indicator 5.5.2 - Proportion of women in managerial positions (%)","2007",35.722,,,,
"Americas","ILO - Modelled Estimates","SDG indicator 5.5.2 - Proportion of women in managerial positions (%)","2006",34.817,,,,
"Americas","ILO - Modelled Estimates","SDG indicator 5.5.2 - Proportion of women in managerial positions (%)","2005",35.079,,,,
"Americas","ILO - Modelled Estimates","SDG indicator 5.5.2 - Proportion of women in managerial positions (%)","2004",34.458,,,,
"Americas","ILO - Modelled Estimates","SDG indicator 5.5.2 - Proportion of women in managerial positions (%)","2003",34.38,,,,
"Americas","ILO - Modelled Estimates","SDG indicator 5.5.2 - Proportion of women in managerial positions (%)","2002",33.614,,,,
"Americas","ILO - Modelled Estimates","SDG indicator 5.5.2 - Proportion of women in managerial positions (%)","2001",33.438,,,,
"Americas","ILO - Modelled Estimates","SDG indicator 5.5.2 - Proportion of women in managerial positions (%)","2000",32.978,,,,
"Americas: Lower-middle income","ILO - Modelled Estimates","SDG indicator 5.5.2 - Proportion of women in managerial positions (%)","2023",36.186,,,,
"Americas: Lower-middle income","ILO - Modelled Estimates","SDG indicator 5.5.2 - Proportion of women in managerial positions (%)","2022",31.397,,,,
"Americas: Lower-middle income","ILO - Modelled Estimates","SDG indicator 5.5.2 - Proportion of women in managerial positions (%)","2021",38.493,,,,
"Americas: Lower-middle income","ILO - Modelled Estimates","SDG indicator 5.5.2 - Proportion of women in managerial positions (%)","2020",34.348,,,,
"Americas: Lower-middle income","ILO - Modelled Estimates","SDG indicator 5.5.2 - Proportion of women in managerial positions (%)","2019",39.076,,,,
"Americas: Lower-middle income","ILO - Modelled Estimates","SDG indicator 5.5.2 - Proportion of women in managerial positions (%)","2018",40.899,,,,
"Americas: Lower-middle income","ILO - Modelled Estimates","SDG indicator 5.5.2 - Proportion of women in managerial positions (%)","2017",37.712,,,,
"Americas: Lower-middle income","ILO - Modelled Estimates","SDG indicator 5.5.2 - Proportion of women in managerial positions (%)","2016",37.54,,,,
"Americas: Lower-middle income","ILO - Modelled Estimates","SDG indicator 5.5.2 - Proportion of women in managerial positions (%)","2015",39.338,,,,
"Americas: Lower-middle income","ILO - Modelled Estimates","SDG indicator 5.5.2 - Proportion of women in managerial positions (%)","2014",38.915,,,,
"Americas: Lower-middle income","ILO - Modelled Estimates","SDG indicator 5.5.2 - Proportion of women in managerial positions (%)","2013",41.979,,,,
"Americas: Lower-middle income","ILO - Modelled Estimates","SDG indicator 5.5.2 - Proportion of women in managerial positions (%)","2012",38.597,,,,
"Americas: Lower-middle income","ILO - Modelled Estimates","SDG indicator 5.5.2 - Proportion of women in managerial positions (%)","2011",34.834,,,,
"Americas: Lower-middle income","ILO - Modelled Estimates","SDG indicator 5.5.2 - Proportion of women in managerial positions (%)","2010",28.386,,,,
"Americas: Lower-middle income","ILO - Modelled Estimates","SDG indicator 5.5.2 - Proportion of women in managerial positions (%)","2009",45.186,,,,
"Americas: Lower-middle income","ILO - Modelled Estimates","SDG indicator 5.5.2 - Proportion of women in managerial positions (%)","2008",41.172,,,,
"Americas: Lower-middle income","ILO - Modelled Estimates","SDG indicator 5.5.2 - Proportion of women in managerial positions (%)","2007",33.437,,,,
"Americas: Lower-middle income","ILO - Modelled Estimates","SDG indicator 5.5.2 - Proportion of women in managerial positions (%)","2006",35.574,,,,
"Americas: Lower-middle income","ILO - Modelled Estimates","SDG indicator 5.5.2 - Proportion of women in managerial positions (%)","2005",32.828,,,,
"Americas: Lower-middle income","ILO - Modelled Estimates","SDG indicator 5.5.2 - Proportion of women in managerial positions (%)","2004",31.363,,,,
"Americas: Lower-middle income","ILO - Modelled Estimates","SDG indicator 5.5.2 - Proportion of women in managerial positions (%)","2003",29.345,,,,
"Americas: Lower-middle income","ILO - Modelled Estimates","SDG indicator 5.5.2 - Proportion of women in managerial positions (%)","2002",26.272,,,,
"Americas: Lower-middle income","ILO - Modelled Estimates","SDG indicator 5.5.2 - Proportion of women in managerial positions (%)","2001",25.155,,,,
"Americas: Lower-middle income","ILO - Modelled Estimates","SDG indicator 5.5.2 - Proportion of women in managerial positions (%)","2000",31.28,,,,
"Americas: Upper-middle income","ILO - Modelled Estimates","SDG indicator 5.5.2 - Proportion of women in managerial positions (%)","2023",39.216,,,,
"Americas: Upper-middle income","ILO - Modelled Estimates","SDG indicator 5.5.2 - Proportion of women in managerial positions (%)","2022",38.913,,,,
"Americas: Upper-middle income","ILO - Modelled Estimates","SDG indicator 5.5.2 - Proportion of women in managerial positions (%)","2021",38.943,,,,
"Americas: Upper-middle income","ILO - Modelled Estimates","SDG indicator 5.5.2 - Proportion of women in managerial positions (%)","2020",37.825,,,,
"Americas: Upper-middle income","ILO - Modelled Estimates","SDG indicator 5.5.2 - Proportion of women in managerial positions (%)","2019",37.859,,,,
"Americas: Upper-middle income","ILO - Modelled Estimates","SDG indicator 5.5.2 - Proportion of women in managerial positions (%)","2018",37.803,,,,
"Americas: Upper-middle income","ILO - Modelled Estimates","SDG indicator 5.5.2 - Proportion of women in managerial positions (%)","2017",37.91,,,,
"Americas: Upper-middle income","ILO - Modelled Estimates","SDG indicator 5.5.2 - Proportion of women in managerial positions (%)","2016",37.688,,,,
"Americas: Upper-middle income","ILO - Modelled Estimates","SDG indicator 5.5.2 - Proportion of women in managerial positions (%)","2015",37.509,,,,
"Americas: Upper-middle income","ILO - Modelled Estimates","SDG indicator 5.5.2 - Proportion of women in managerial positions (%)","2014",36.878,,,,
"Americas: Upper-middle income","ILO - Modelled Estimates","SDG indicator 5.5.2 - Proportion of women in managerial positions (%)","2013",36.588,,,,
"Americas: Upper-middle income","ILO - Modelled Estimates","SDG indicator 5.5.2 - Proportion of women in managerial positions (%)","2012",36.4,,,,
"Americas: Upper-middle income","ILO - Modelled Estimates","SDG indicator 5.5.2 - Proportion of women in managerial positions (%)","2011",35.672,,,,
"Americas: Upper-middle income","ILO - Modelled Estimates","SDG indicator 5.5.2 - Proportion of women in managerial positions (%)","2010",35.457,,,,
"Americas: Upper-middle income","ILO - Modelled Estimates","SDG indicator 5.5.2 - Proportion of women in managerial positions (%)","2009",35.131,,,,
"Americas: Upper-middle income","ILO - Modelled Estimates","SDG indicator 5.5.2 - Proportion of women in managerial positions (%)","2008",34.183,,,,
"Americas: Upper-middle income","ILO - Modelled Estimates","SDG indicator 5.5.2 - Proportion of women in managerial positions (%)","2007",34.025,,,,
"Americas: Upper-middle income","ILO - Modelled Estimates","SDG indicator 5.5.2 - Proportion of women in managerial positions (%)","2006",33.27,,,,
"Americas: Upper-middle income","ILO - Modelled Estimates","SDG indicator 5.5.2 - Proportion of women in managerial positions (%)","2005",33.182,,,,
"Americas: Upper-middle income","ILO - Modelled Estimates","SDG indicator 5.5.2 - Proportion of women in managerial positions (%)","2004",32.195,,,,
"Americas: Upper-middle income","ILO - Modelled Estimates","SDG indicator 5.5.2 - Proportion of women in managerial positions (%)","2003",31.898,,,,
"Americas: Upper-middle income","ILO - Modelled Estimates","SDG indicator 5.5.2 - Proportion of women in managerial positions (%)","2002",31.015,,,,
"Americas: Upper-middle income","ILO - Modelled Estimates","SDG indicator 5.5.2 - Proportion of women in managerial positions (%)","2001",30.701,,,,
"Americas: Upper-middle income","ILO - Modelled Estimates","SDG indicator 5.5.2 - Proportion of women in managerial positions (%)","2000",29.801,,,,
"Americas: High income","ILO - Modelled Estimates","SDG indicator 5.5.2 - Proportion of women in managerial positions (%)","2023",40.723,,,,
"Americas: High income","ILO - Modelled Estimates","SDG indicator 5.5.2 - Proportion of women in managerial positions (%)","2022",39.067,,,,
"Americas: High income","ILO - Modelled Estimates","SDG indicator 5.5.2 - Proportion of women in managerial positions (%)","2021",39.492,,,,
"Americas: High income","ILO - Modelled Estimates","SDG indicator 5.5.2 - Proportion of women in managerial positions (%)","2020",38.797,,,,
"Americas: High income","ILO - Modelled Estimates","SDG indicator 5.5.2 - Proportion of women in managerial positions (%)","2019",38.5,,,,
"Americas: High income","ILO - Modelled Estimates","SDG indicator 5.5.2 - Proportion of women in managerial positions (%)","2018",38.526,,,,
"Americas: High income","ILO - Modelled Estimates","SDG indicator 5.5.2 - Proportion of women in managerial positions (%)","2017",38.231,,,,
"Americas: High income","ILO - Modelled Estimates","SDG indicator 5.5.2 - Proportion of women in managerial positions (%)","2016",37.564,,,,
"Americas: High income","ILO - Modelled Estimates","SDG indicator 5.5.2 - Proportion of women in managerial positions (%)","2015",37.382,,,,
"Americas: High income","ILO - Modelled Estimates","SDG indicator 5.5.2 - Proportion of women in managerial positions (%)","2014",36.858,,,,
"Americas: High income","ILO - Modelled Estimates","SDG indicator 5.5.2 - Proportion of women in managerial positions (%)","2013",36.864,,,,
"Americas: High income","ILO - Modelled Estimates","SDG indicator 5.5.2 - Proportion of women in managerial positions (%)","2012",37.318,,,,
"Americas: High income","ILO - Modelled Estimates","SDG indicator 5.5.2 - Proportion of women in managerial positions (%)","2011",37.334,,,,
"Americas: High income","ILO - Modelled Estimates","SDG indicator 5.5.2 - Proportion of women in managerial positions (%)","2010",37.553,,,,
"Americas: High income","ILO - Modelled Estimates","SDG indicator 5.5.2 - Proportion of women in managerial positions (%)","2009",36.779,,,,
"Americas: High income","ILO - Modelled Estimates","SDG indicator 5.5.2 - Proportion of women in managerial positions (%)","2008",36.688,,,,
"Americas: High income","ILO - Modelled Estimates","SDG indicator 5.5.2 - Proportion of women in managerial positions (%)","2007",36.736,,,,
"Americas: High income","ILO - Modelled Estimates","SDG indicator 5.5.2 - Proportion of women in managerial positions (%)","2006",35.72,,,,
"Americas: High income","ILO - Modelled Estimates","SDG indicator 5.5.2 - Proportion of women in managerial positions (%)","2005",36.205,,,,
"Americas: High income","ILO - Modelled Estimates","SDG indicator 5.5.2 - Proportion of women in managerial positions (%)","2004",35.72,,,,
"Americas: High income","ILO - Modelled Estimates","SDG indicator 5.5.2 - Proportion of women in managerial positions (%)","2003",35.759,,,,
"Americas: High income","ILO - Modelled Estimates","SDG indicator 5.5.2 - Proportion of women in managerial positions (%)","2002",35.087,,,,
"Americas: High income","ILO - Modelled Estimates","SDG indicator 5.5.2 - Proportion of women in managerial positions (%)","2001",35.032,,,,
"Americas: High income","ILO - Modelled Estimates","SDG indicator 5.5.2 - Proportion of women in managerial positions (%)","2000",34.751,,,,
"Latin America and the Caribbean","ILO - Modelled Estimates","SDG indicator 5.5.2 - Proportion of women in managerial positions (%)","2023",38.956,,,,
"Latin America and the Caribbean","ILO - Modelled Estimates","SDG indicator 5.5.2 - Proportion of women in managerial positions (%)","2022",38.501,,,,
"Latin America and the Caribbean","ILO - Modelled Estimates","SDG indicator 5.5.2 - Proportion of women in managerial positions (%)","2021",38.784,,,,
"Latin America and the Caribbean","ILO - Modelled Estimates","SDG indicator 5.5.2 - Proportion of women in managerial positions (%)","2020",37.639,,,,
"Latin America and the Caribbean","ILO - Modelled Estimates","SDG indicator 5.5.2 - Proportion of women in managerial positions (%)","2019",37.841,,,,
"Latin America and the Caribbean","ILO - Modelled Estimates","SDG indicator 5.5.2 - Proportion of women in managerial positions (%)","2018",37.828,,,,
"Latin America and the Caribbean","ILO - Modelled Estimates","SDG indicator 5.5.2 - Proportion of women in managerial positions (%)","2017",37.733,,,,
"Latin America and the Caribbean","ILO - Modelled Estimates","SDG indicator 5.5.2 - Proportion of women in managerial positions (%)","2016",37.515,,,,
"Latin America and the Caribbean","ILO - Modelled Estimates","SDG indicator 5.5.2 - Proportion of women in managerial positions (%)","2015",37.374,,,,
"Latin America and the Caribbean","ILO - Modelled Estimates","SDG indicator 5.5.2 - Proportion of women in managerial positions (%)","2014",36.765,,,,
"Latin America and the Caribbean","ILO - Modelled Estimates","SDG indicator 5.5.2 - Proportion of women in managerial positions (%)","2013",36.58,,,,
"Latin America and the Caribbean","ILO - Modelled Estimates","SDG indicator 5.5.2 - Proportion of women in managerial positions (%)","2012",36.306,,,,
"Latin America and the Caribbean","ILO - Modelled Estimates","SDG indicator 5.5.2 - Proportion of women in managerial positions (%)","2011",35.537,,,,
"Latin America and the Caribbean","ILO - Modelled Estimates","SDG indicator 5.5.2 - Proportion of women in managerial positions (%)","2010",35.249,,,,
"Latin America and the Caribbean","ILO - Modelled Estimates","SDG indicator 5.5.2 - Proportion of women in managerial positions (%)","2009",35.141,,,,
"Latin America and the Caribbean","ILO - Modelled Estimates","SDG indicator 5.5.2 - Proportion of women in managerial positions (%)","2008",34.193,,,,
"Latin America and the Caribbean","ILO - Modelled Estimates","SDG indicator 5.5.2 - Proportion of women in managerial positions (%)","2007",33.857,,,,
"Latin America and the Caribbean","ILO - Modelled Estimates","SDG indicator 5.5.2 - Proportion of women in managerial positions (%)","2006",33.179,,,,
"Latin America and the Caribbean","ILO - Modelled Estimates","SDG indicator 5.5.2 - Proportion of women in managerial positions (%)","2005",33.044,,,,
"Latin America and the Caribbean","ILO - Modelled Estimates","SDG indicator 5.5.2 - Proportion of women in managerial positions (%)","2004",32.068,,,,
"Latin America and the Caribbean","ILO - Modelled Estimates","SDG indicator 5.5.2 - Proportion of women in managerial positions (%)","2003",31.731,,,,
"Latin America and the Caribbean","ILO - Modelled Estimates","SDG indicator 5.5.2 - Proportion of women in managerial positions (%)","2002",30.836,,,,
"Latin America and the Caribbean","ILO - Modelled Estimates","SDG indicator 5.5.2 - Proportion of women in managerial positions (%)","2001",30.543,,,,
"Latin America and the Caribbean","ILO - Modelled Estimates","SDG indicator 5.5.2 - Proportion of women in managerial positions (%)","2000",29.73,,,,
"Latin America and the Caribbean: Lower-middle income","ILO - Modelled Estimates","SDG indicator 5.5.2 - Proportion of women in managerial positions (%)","2023",36.186,,,,
"Latin America and the Caribbean: Lower-middle income","ILO - Modelled Estimates","SDG indicator 5.5.2 - Proportion of women in managerial positions (%)","2022",31.397,,,,
"Latin America and the Caribbean: Lower-middle income","ILO - Modelled Estimates","SDG indicator 5.5.2 - Proportion of women in managerial positions (%)","2021",38.493,,,,
"Latin America and the Caribbean: Lower-middle income","ILO - Modelled Estimates","SDG indicator 5.5.2 - Proportion of women in managerial positions (%)","2020",34.348,,,,
"Latin America and the Caribbean: Lower-middle income","ILO - Modelled Estimates","SDG indicator 5.5.2 - Proportion of women in managerial positions (%)","2019",39.076,,,,
"Latin America and the Caribbean: Lower-middle income","ILO - Modelled Estimates","SDG indicator 5.5.2 - Proportion of women in managerial positions (%)","2018",40.899,,,,
"Latin America and the Caribbean: Lower-middle income","ILO - Modelled Estimates","SDG indicator 5.5.2 - Proportion of women in managerial positions (%)","2017",37.712,,,,
"Latin America and the Caribbean: Lower-middle income","ILO - Modelled Estimates","SDG indicator 5.5.2 - Proportion of women in managerial positions (%)","2016",37.54,,,,
"Latin America and the Caribbean: Lower-middle income","ILO - Modelled Estimates","SDG indicator 5.5.2 - Proportion of women in managerial positions (%)","2015",39.338,,,,
"Latin America and the Caribbean: Lower-middle income","ILO - Modelled Estimates","SDG indicator 5.5.2 - Proportion of women in managerial positions (%)","2014",38.915,,,,
"Latin America and the Caribbean: Lower-middle income","ILO - Modelled Estimates","SDG indicator 5.5.2 - Proportion of women in managerial positions (%)","2013",41.979,,,,
"Latin America and the Caribbean: Lower-middle income","ILO - Modelled Estimates","SDG indicator 5.5.2 - Proportion of women in managerial positions (%)","2012",38.597,,,,
"Latin America and the Caribbean: Lower-middle income","ILO - Modelled Estimates","SDG indicator 5.5.2 - Proportion of women in managerial positions (%)","2011",34.834,,,,
"Latin America and the Caribbean: Lower-middle income","ILO - Modelled Estimates","SDG indicator 5.5.2 - Proportion of women in managerial positions (%)","2010",28.386,,,,
"Latin America and the Caribbean: Lower-middle income","ILO - Modelled Estimates","SDG indicator 5.5.2 - Proportion of women in managerial positions (%)","2009",45.186,,,,
"Latin America and the Caribbean: Lower-middle income","ILO - Modelled Estimates","SDG indicator 5.5.2 - Proportion of women in managerial positions (%)","2008",41.172,,,,
"Latin America and the Caribbean: Lower-middle income","ILO - Modelled Estimates","SDG indicator 5.5.2 - Proportion of women in managerial positions (%)","2007",33.437,,,,
"Latin America and the Caribbean: Lower-middle income","ILO - Modelled Estimates","SDG indicator 5.5.2 - Proportion of women in managerial positions (%)","2006",35.574,,,,
"Latin America and the Caribbean: Lower-middle income","ILO - Modelled Estimates","SDG indicator 5.5.2 - Proportion of women in managerial positions (%)","2005",32.828,,,,
"Latin America and the Caribbean: Lower-middle income","ILO - Modelled Estimates","SDG indicator 5.5.2 - Proportion of women in managerial positions (%)","2004",31.363,,,,
"Latin America and the Caribbean: Lower-middle income","ILO - Modelled Estimates","SDG indicator 5.5.2 - Proportion of women in managerial positions (%)","2003",29.345,,,,
"Latin America and the Caribbean: Lower-middle income","ILO - Modelled Estimates","SDG indicator 5.5.2 - Proportion of women in managerial positions (%)","2002",26.272,,,,
"Latin America and the Caribbean: Lower-middle income","ILO - Modelled Estimates","SDG indicator 5.5.2 - Proportion of women in managerial positions (%)","2001",25.155,,,,
"Latin America and the Caribbean: Lower-middle income","ILO - Modelled Estimates","SDG indicator 5.5.2 - Proportion of women in managerial positions (%)","2000",31.28,,,,
"Latin America and the Caribbean: Upper-middle income","ILO - Modelled Estimates","SDG indicator 5.5.2 - Proportion of women in managerial positions (%)","2023",39.216,,,,
"Latin America and the Caribbean: Upper-middle income","ILO - Modelled Estimates","SDG indicator 5.5.2 - Proportion of women in managerial positions (%)","2022",38.913,,,,
"Latin America and the Caribbean: Upper-middle income","ILO - Modelled Estimates","SDG indicator 5.5.2 - Proportion of women in managerial positions (%)","2021",38.943,,,,
"Latin America and the Caribbean: Upper-middle income","ILO - Modelled Estimates","SDG indicator 5.5.2 - Proportion of women in managerial positions (%)","2020",37.825,,,,
"Latin America and the Caribbean: Upper-middle income","ILO - Modelled Estimates","SDG indicator 5.5.2 - Proportion of women in managerial positions (%)","2019",37.859,,,,
"Latin America and the Caribbean: Upper-middle income","ILO - Modelled Estimates","SDG indicator 5.5.2 - Proportion of women in managerial positions (%)","2018",37.803,,,,
"Latin America and the Caribbean: Upper-middle income","ILO - Modelled Estimates","SDG indicator 5.5.2 - Proportion of women in managerial positions (%)","2017",37.91,,,,
"Latin America and the Caribbean: Upper-middle income","ILO - Modelled Estimates","SDG indicator 5.5.2 - Proportion of women in managerial positions (%)","2016",37.688,,,,
"Latin America and the Caribbean: Upper-middle income","ILO - Modelled Estimates","SDG indicator 5.5.2 - Proportion of women in managerial positions (%)","2015",37.509,,,,
"Latin America and the Caribbean: Upper-middle income","ILO - Modelled Estimates","SDG indicator 5.5.2 - Proportion of women in managerial positions (%)","2014",36.878,,,,
"Latin America and the Caribbean: Upper-middle income","ILO - Modelled Estimates","SDG indicator 5.5.2 - Proportion of women in managerial positions (%)","2013",36.588,,,,
"Latin America and the Caribbean: Upper-middle income","ILO - Modelled Estimates","SDG indicator 5.5.2 - Proportion of women in managerial positions (%)","2012",36.4,,,,
"Latin America and the Caribbean: Upper-middle income","ILO - Modelled Estimates","SDG indicator 5.5.2 - Proportion of women in managerial positions (%)","2011",35.672,,,,
"Latin America and the Caribbean: Upper-middle income","ILO - Modelled Estimates","SDG indicator 5.5.2 - Proportion of women in managerial positions (%)","2010",35.457,,,,
"Latin America and the Caribbean: Upper-middle income","ILO - Modelled Estimates","SDG indicator 5.5.2 - Proportion of women in managerial positions (%)","2009",35.131,,,,
"Latin America and the Caribbean: Upper-middle income","ILO - Modelled Estimates","SDG indicator 5.5.2 - Proportion of women in managerial positions (%)","2008",34.183,,,,
"Latin America and the Caribbean: Upper-middle income","ILO - Modelled Estimates","SDG indicator 5.5.2 - Proportion of women in managerial positions (%)","2007",34.025,,,,
"Latin America and the Caribbean: Upper-middle income","ILO - Modelled Estimates","SDG indicator 5.5.2 - Proportion of women in managerial positions (%)","2006",33.27,,,,
"Latin America and the Caribbean: Upper-middle income","ILO - Modelled Estimates","SDG indicator 5.5.2 - Proportion of women in managerial positions (%)","2005",33.182,,,,
"Latin America and the Caribbean: Upper-middle income","ILO - Modelled Estimates","SDG indicator 5.5.2 - Proportion of women in managerial positions (%)","2004",32.195,,,,
"Latin America and the Caribbean: Upper-middle income","ILO - Modelled Estimates","SDG indicator 5.5.2 - Proportion of women in managerial positions (%)","2003",31.898,,,,
"Latin America and the Caribbean: Upper-middle income","ILO - Modelled Estimates","SDG indicator 5.5.2 - Proportion of women in managerial positions (%)","2002",31.015,,,,
"Latin America and the Caribbean: Upper-middle income","ILO - Modelled Estimates","SDG indicator 5.5.2 - Proportion of women in managerial positions (%)","2001",30.701,,,,
"Latin America and the Caribbean: Upper-middle income","ILO - Modelled Estimates","SDG indicator 5.5.2 - Proportion of women in managerial positions (%)","2000",29.801,,,,
"Latin America and the Caribbean: High income","ILO - Modelled Estimates","SDG indicator 5.5.2 - Proportion of women in managerial positions (%)","2023",36.977,,,,
"Latin America and the Caribbean: High income","ILO - Modelled Estimates","SDG indicator 5.5.2 - Proportion of women in managerial positions (%)","2022",36.187,,,,
"Latin America and the Caribbean: High income","ILO - Modelled Estimates","SDG indicator 5.5.2 - Proportion of women in managerial positions (%)","2021",36.986,,,,
"Latin America and the Caribbean: High income","ILO - Modelled Estimates","SDG indicator 5.5.2 - Proportion of women in managerial positions (%)","2020",36.427,,,,
"Latin America and the Caribbean: High income","ILO - Modelled Estimates","SDG indicator 5.5.2 - Proportion of women in managerial positions (%)","2019",37.121,,,,
"Latin America and the Caribbean: High income","ILO - Modelled Estimates","SDG indicator 5.5.2 - Proportion of women in managerial positions (%)","2018",36.794,,,,
"Latin America and the Caribbean: High income","ILO - Modelled Estimates","SDG indicator 5.5.2 - Proportion of women in managerial positions (%)","2017",35.211,,,,
"Latin America and the Caribbean: High income","ILO - Modelled Estimates","SDG indicator 5.5.2 - Proportion of women in managerial positions (%)","2016",34.939,,,,
"Latin America and the Caribbean: High income","ILO - Modelled Estimates","SDG indicator 5.5.2 - Proportion of women in managerial positions (%)","2015",34.573,,,,
"Latin America and the Caribbean: High income","ILO - Modelled Estimates","SDG indicator 5.5.2 - Proportion of women in managerial positions (%)","2014",34.274,,,,
"Latin America and the Caribbean: High income","ILO - Modelled Estimates","SDG indicator 5.5.2 - Proportion of women in managerial positions (%)","2013",34.081,,,,
"Latin America and the Caribbean: High income","ILO - Modelled Estimates","SDG indicator 5.5.2 - Proportion of women in managerial positions (%)","2012",34.066,,,,
"Latin America and the Caribbean: High income","ILO - Modelled Estimates","SDG indicator 5.5.2 - Proportion of women in managerial positions (%)","2011",33.654,,,,
"Latin America and the Caribbean: High income","ILO - Modelled Estimates","SDG indicator 5.5.2 - Proportion of women in managerial positions (%)","2010",33.451,,,,
"Latin America and the Caribbean: High income","ILO - Modelled Estimates","SDG indicator 5.5.2 - Proportion of women in managerial positions (%)","2009",32.268,,,,
"Latin America and the Caribbean: High income","ILO - Modelled Estimates","SDG indicator 5.5.2 - Proportion of women in managerial positions (%)","2008",32.361,,,,
"Latin America and the Caribbean: High income","ILO - Modelled Estimates","SDG indicator 5.5.2 - Proportion of women in managerial positions (%)","2007",31.275,,,,
"Latin America and the Caribbean: High income","ILO - Modelled Estimates","SDG indicator 5.5.2 - Proportion of women in managerial positions (%)","2006",30.784,,,,
"Latin America and the Caribbean: High income","ILO - Modelled Estimates","SDG indicator 5.5.2 - Proportion of women in managerial positions (%)","2005",30.848,,,,
"Latin America and the Caribbean: High income","ILO - Modelled Estimates","SDG indicator 5.5.2 - Proportion of women in managerial positions (%)","2004",30.255,,,,
"Latin America and the Caribbean: High income","ILO - Modelled Estimates","SDG indicator 5.5.2 - Proportion of women in managerial positions (%)","2003",29.656,,,,
"Latin America and the Caribbean: High income","ILO - Modelled Estimates","SDG indicator 5.5.2 - Proportion of women in managerial positions (%)","2002",29.141,,,,
"Latin America and the Caribbean: High income","ILO - Modelled Estimates","SDG indicator 5.5.2 - Proportion of women in managerial positions (%)","2001",29.178,,,,
"Latin America and the Caribbean: High income","ILO - Modelled Estimates","SDG indicator 5.5.2 - Proportion of women in managerial positions (%)","2000",28.093,,,,
"Caribbean","ILO - Modelled Estimates","SDG indicator 5.5.2 - Proportion of women in managerial positions (%)","2023",48.682,,,,
"Caribbean","ILO - Modelled Estimates","SDG indicator 5.5.2 - Proportion of women in managerial positions (%)","2022",48.845,,,,
"Caribbean","ILO - Modelled Estimates","SDG indicator 5.5.2 - Proportion of women in managerial positions (%)","2021",49.284,,,,
"Caribbean","ILO - Modelled Estimates","SDG indicator 5.5.2 - Proportion of women in managerial positions (%)","2020",48.551,,,,
"Caribbean","ILO - Modelled Estimates","SDG indicator 5.5.2 - Proportion of women in managerial positions (%)","2019",48.085,,,,
"Caribbean","ILO - Modelled Estimates","SDG indicator 5.5.2 - Proportion of women in managerial positions (%)","2018",48.13,,,,
"Caribbean","ILO - Modelled Estimates","SDG indicator 5.5.2 - Proportion of women in managerial positions (%)","2017",47.919,,,,
"Caribbean","ILO - Modelled Estimates","SDG indicator 5.5.2 - Proportion of women in managerial positions (%)","2016",47.076,,,,
"Caribbean","ILO - Modelled Estimates","SDG indicator 5.5.2 - Proportion of women in managerial positions (%)","2015",47.018,,,,
"Caribbean","ILO - Modelled Estimates","SDG indicator 5.5.2 - Proportion of women in managerial positions (%)","2014",46.937,,,,
"Caribbean","ILO - Modelled Estimates","SDG indicator 5.5.2 - Proportion of women in managerial positions (%)","2013",46.735,,,,
"Caribbean","ILO - Modelled Estimates","SDG indicator 5.5.2 - Proportion of women in managerial positions (%)","2012",46.903,,,,
"Caribbean","ILO - Modelled Estimates","SDG indicator 5.5.2 - Proportion of women in managerial positions (%)","2011",46.446,,,,
"Caribbean","ILO - Modelled Estimates","SDG indicator 5.5.2 - Proportion of women in managerial positions (%)","2010",44.743,,,,
"Caribbean","ILO - Modelled Estimates","SDG indicator 5.5.2 - Proportion of women in managerial positions (%)","2009",43.361,,,,
"Caribbean","ILO - Modelled Estimates","SDG indicator 5.5.2 - Proportion of women in managerial positions (%)","2008",43.78,,,,
"Caribbean","ILO - Modelled Estimates","SDG indicator 5.5.2 - Proportion of women in managerial positions (%)","2007",42.226,,,,
"Caribbean","ILO - Modelled Estimates","SDG indicator 5.5.2 - Proportion of women in managerial positions (%)","2006",43.062,,,,
"Caribbean","ILO - Modelled Estimates","SDG indicator 5.5.2 - Proportion of women in managerial positions (%)","2005",41.855,,,,
"Caribbean","ILO - Modelled Estimates","SDG indicator 5.5.2 - Proportion of women in managerial positions (%)","2004",40.748,,,,
"Caribbean","ILO - Modelled Estimates","SDG indicator 5.5.2 - Proportion of women in managerial positions (%)","2003",39.821,,,,
"Caribbean","ILO - Modelled Estimates","SDG indicator 5.5.2 - Proportion of women in managerial positions (%)","2002",38.901,,,,
"Caribbean","ILO - Modelled Estimates","SDG indicator 5.5.2 - Proportion of women in managerial positions (%)","2001",37.758,,,,
"Caribbean","ILO - Modelled Estimates","SDG indicator 5.5.2 - Proportion of women in managerial positions (%)","2000",37.12,,,,
"Central America","ILO - Modelled Estimates","SDG indicator 5.5.2 - Proportion of women in managerial positions (%)","2023",38.426,,,,
"Central America","ILO - Modelled Estimates","SDG indicator 5.5.2 - Proportion of women in managerial positions (%)","2022",38.509,,,,
"Central America","ILO - Modelled Estimates","SDG indicator 5.5.2 - Proportion of women in managerial positions (%)","2021",39.124,,,,
"Central America","ILO - Modelled Estimates","SDG indicator 5.5.2 - Proportion of women in managerial positions (%)","2020",38.794,,,,
"Central America","ILO - Modelled Estimates","SDG indicator 5.5.2 - Proportion of women in managerial positions (%)","2019",37.377,,,,
"Central America","ILO - Modelled Estimates","SDG indicator 5.5.2 - Proportion of women in managerial positions (%)","2018",37.12,,,,
"Central America","ILO - Modelled Estimates","SDG indicator 5.5.2 - Proportion of women in managerial positions (%)","2017",36.852,,,,
"Central America","ILO - Modelled Estimates","SDG indicator 5.5.2 - Proportion of women in managerial positions (%)","2016",36.879,,,,
"Central America","ILO - Modelled Estimates","SDG indicator 5.5.2 - Proportion of women in managerial positions (%)","2015",36.916,,,,
"Central America","ILO - Modelled Estimates","SDG indicator 5.5.2 - Proportion of women in managerial positions (%)","2014",35.954,,,,
"Central America","ILO - Modelled Estimates","SDG indicator 5.5.2 - Proportion of women in managerial positions (%)","2013",36.488,,,,
"Central America","ILO - Modelled Estimates","SDG indicator 5.5.2 - Proportion of women in managerial positions (%)","2012",35.738,,,,
"Central America","ILO - Modelled Estimates","SDG indicator 5.5.2 - Proportion of women in managerial positions (%)","2011",34.671,,,,
"Central America","ILO - Modelled Estimates","SDG indicator 5.5.2 - Proportion of women in managerial positions (%)","2010",34.55,,,,
"Central America","ILO - Modelled Estimates","SDG indicator 5.5.2 - Proportion of women in managerial positions (%)","2009",35.149,,,,
"Central America","ILO - Modelled Estimates","SDG indicator 5.5.2 - Proportion of women in managerial positions (%)","2008",33.371,,,,
"Central America","ILO - Modelled Estimates","SDG indicator 5.5.2 - Proportion of women in managerial positions (%)","2007",30.919,,,,
"Central America","ILO - Modelled Estimates","SDG indicator 5.5.2 - Proportion of women in managerial positions (%)","2006",29.961,,,,
"Central America","ILO - Modelled Estimates","SDG indicator 5.5.2 - Proportion of women in managerial positions (%)","2005",28.282,,,,
"Central America","ILO - Modelled Estimates","SDG indicator 5.5.2 - Proportion of women in managerial positions (%)","2004",27.388,,,,
"Central America","ILO - Modelled Estimates","SDG indicator 5.5.2 - Proportion of women in managerial positions (%)","2003",26.433,,,,
"Central America","ILO - Modelled Estimates","SDG indicator 5.5.2 - Proportion of women in managerial positions (%)","2002",25.282,,,,
"Central America","ILO - Modelled Estimates","SDG indicator 5.5.2 - Proportion of women in managerial positions (%)","2001",26.394,,,,
"Central America","ILO - Modelled Estimates","SDG indicator 5.5.2 - Proportion of women in managerial positions (%)","2000",25.136,,,,
"South America","ILO - Modelled Estimates","SDG indicator 5.5.2 - Proportion of women in managerial positions (%)","2023",38.178,,,,
"South America","ILO - Modelled Estimates","SDG indicator 5.5.2 - Proportion of women in managerial positions (%)","2022",37.512,,,,
"South America","ILO - Modelled Estimates","SDG indicator 5.5.2 - Proportion of women in managerial positions (%)","2021",37.678,,,,
"South America","ILO - Modelled Estimates","SDG indicator 5.5.2 - Proportion of women in managerial positions (%)","2020",36.247,,,,
"South America","ILO - Modelled Estimates","SDG indicator 5.5.2 - Proportion of women in managerial positions (%)","2019",37.065,,,,
"South America","ILO - Modelled Estimates","SDG indicator 5.5.2 - Proportion of women in managerial positions (%)","2018",37.154,,,,
"South America","ILO - Modelled Estimates","SDG indicator 5.5.2 - Proportion of women in managerial positions (%)","2017",37.153,,,,
"South America","ILO - Modelled Estimates","SDG indicator 5.5.2 - Proportion of women in managerial positions (%)","2016",36.94,,,,
"South America","ILO - Modelled Estimates","SDG indicator 5.5.2 - Proportion of women in managerial positions (%)","2015",36.741,,,,
"South America","ILO - Modelled Estimates","SDG indicator 5.5.2 - Proportion of women in managerial positions (%)","2014",36.176,,,,
"South America","ILO - Modelled Estimates","SDG indicator 5.5.2 - Proportion of women in managerial positions (%)","2013",35.819,,,,
"South America","ILO - Modelled Estimates","SDG indicator 5.5.2 - Proportion of women in managerial positions (%)","2012",35.614,,,,
"South America","ILO - Modelled Estimates","SDG indicator 5.5.2 - Proportion of women in managerial positions (%)","2011",34.866,,,,
"South America","ILO - Modelled Estimates","SDG indicator 5.5.2 - Proportion of women in managerial positions (%)","2010",34.678,,,,
"South America","ILO - Modelled Estimates","SDG indicator 5.5.2 - Proportion of women in managerial positions (%)","2009",34.521,,,,
"South America","ILO - Modelled Estimates","SDG indicator 5.5.2 - Proportion of women in managerial positions (%)","2008",33.644,,,,
"South America","ILO - Modelled Estimates","SDG indicator 5.5.2 - Proportion of women in managerial positions (%)","2007",33.79,,,,
"South America","ILO - Modelled Estimates","SDG indicator 5.5.2 - Proportion of women in managerial positions (%)","2006",33.043,,,,
"South America","ILO - Modelled Estimates","SDG indicator 5.5.2 - Proportion of women in managerial positions (%)","2005",33.184,,,,
"South America","ILO - Modelled Estimates","SDG indicator 5.5.2 - Proportion of women in managerial positions (%)","2004",32.115,,,,
"South America","ILO - Modelled Estimates","SDG indicator 5.5.2 - Proportion of women in managerial positions (%)","2003",31.902,,,,
"South America","ILO - Modelled Estimates","SDG indicator 5.5.2 - Proportion of women in managerial positions (%)","2002",31.064,,,,
"South America","ILO - Modelled Estimates","SDG indicator 5.5.2 - Proportion of women in managerial positions (%)","2001",30.675,,,,
"South America","ILO - Modelled Estimates","SDG indicator 5.5.2 - Proportion of women in managerial positions (%)","2000",29.936,,,,
"Northern America","ILO - Modelled Estimates","SDG indicator 5.5.2 - Proportion of women in managerial positions (%)","2023",40.86,,,,
"Northern America","ILO - Modelled Estimates","SDG indicator 5.5.2 - Proportion of women in managerial positions (%)","2022",39.17,,,,
"Northern America","ILO - Modelled Estimates","SDG indicator 5.5.2 - Proportion of women in managerial positions (%)","2021",39.58,,,,
"Northern America","ILO - Modelled Estimates","SDG indicator 5.5.2 - Proportion of women in managerial positions (%)","2020",38.877,,,,
"Northern America","ILO - Modelled Estimates","SDG indicator 5.5.2 - Proportion of women in managerial positions (%)","2019",38.552,,,,
"Northern America","ILO - Modelled Estimates","SDG indicator 5.5.2 - Proportion of women in managerial positions (%)","2018",38.591,,,,
"Northern America","ILO - Modelled Estimates","SDG indicator 5.5.2 - Proportion of women in managerial positions (%)","2017",38.346,,,,
"Northern America","ILO - Modelled Estimates","SDG indicator 5.5.2 - Proportion of women in managerial positions (%)","2016",37.666,,,,
"Northern America","ILO - Modelled Estimates","SDG indicator 5.5.2 - Proportion of women in managerial positions (%)","2015",37.489,,,,
"Northern America","ILO - Modelled Estimates","SDG indicator 5.5.2 - Proportion of women in managerial positions (%)","2014",36.958,,,,
"Northern America","ILO - Modelled Estimates","SDG indicator 5.5.2 - Proportion of women in managerial positions (%)","2013",36.973,,,,
"Northern America","ILO - Modelled Estimates","SDG indicator 5.5.2 - Proportion of women in managerial positions (%)","2012",37.441,,,,
"Northern America","ILO - Modelled Estimates","SDG indicator 5.5.2 - Proportion of women in managerial positions (%)","2011",37.477,,,,
"Northern America","ILO - Modelled Estimates","SDG indicator 5.5.2 - Proportion of women in managerial positions (%)","2010",37.714,,,,
"Northern America","ILO - Modelled Estimates","SDG indicator 5.5.2 - Proportion of women in managerial positions (%)","2009",36.945,,,,
"Northern America","ILO - Modelled Estimates","SDG indicator 5.5.2 - Proportion of women in managerial positions (%)","2008",36.847,,,,
"Northern America","ILO - Modelled Estimates","SDG indicator 5.5.2 - Proportion of women in managerial positions (%)","2007",36.94,,,,
"Northern America","ILO - Modelled Estimates","SDG indicator 5.5.2 - Proportion of women in managerial positions (%)","2006",35.903,,,,
"Northern America","ILO - Modelled Estimates","SDG indicator 5.5.2 - Proportion of women in managerial positions (%)","2005",36.402,,,,
"Northern America","ILO - Modelled Estimates","SDG indicator 5.5.2 - Proportion of women in managerial positions (%)","2004",35.917,,,,
"Northern America","ILO - Modelled Estimates","SDG indicator 5.5.2 - Proportion of women in managerial positions (%)","2003",35.971,,,,
"Northern America","ILO - Modelled Estimates","SDG indicator 5.5.2 - Proportion of women in managerial positions (%)","2002",35.289,,,,
"Northern America","ILO - Modelled Estimates","SDG indicator 5.5.2 - Proportion of women in managerial positions (%)","2001",35.228,,,,
"Northern America","ILO - Modelled Estimates","SDG indicator 5.5.2 - Proportion of women in managerial positions (%)","2000",34.973,,,,
"Northern America: High income","ILO - Modelled Estimates","SDG indicator 5.5.2 - Proportion of women in managerial positions (%)","2023",40.86,,,,
"Northern America: High income","ILO - Modelled Estimates","SDG indicator 5.5.2 - Proportion of women in managerial positions (%)","2022",39.17,,,,
"Northern America: High income","ILO - Modelled Estimates","SDG indicator 5.5.2 - Proportion of women in managerial positions (%)","2021",39.58,,,,
"Northern America: High income","ILO - Modelled Estimates","SDG indicator 5.5.2 - Proportion of women in managerial positions (%)","2020",38.877,,,,
"Northern America: High income","ILO - Modelled Estimates","SDG indicator 5.5.2 - Proportion of women in managerial positions (%)","2019",38.552,,,,
"Northern America: High income","ILO - Modelled Estimates","SDG indicator 5.5.2 - Proportion of women in managerial positions (%)","2018",38.591,,,,
"Northern America: High income","ILO - Modelled Estimates","SDG indicator 5.5.2 - Proportion of women in managerial positions (%)","2017",38.346,,,,
"Northern America: High income","ILO - Modelled Estimates","SDG indicator 5.5.2 - Proportion of women in managerial positions (%)","2016",37.666,,,,
"Northern America: High income","ILO - Modelled Estimates","SDG indicator 5.5.2 - Proportion of women in managerial positions (%)","2015",37.489,,,,
"Northern America: High income","ILO - Modelled Estimates","SDG indicator 5.5.2 - Proportion of women in managerial positions (%)","2014",36.958,,,,
"Northern America: High income","ILO - Modelled Estimates","SDG indicator 5.5.2 - Proportion of women in managerial positions (%)","2013",36.973,,,,
"Northern America: High income","ILO - Modelled Estimates","SDG indicator 5.5.2 - Proportion of women in managerial positions (%)","2012",37.441,,,,
"Northern America: High income","ILO - Modelled Estimates","SDG indicator 5.5.2 - Proportion of women in managerial positions (%)","2011",37.477,,,,
"Northern America: High income","ILO - Modelled Estimates","SDG indicator 5.5.2 - Proportion of women in managerial positions (%)","2010",37.714,,,,
"Northern America: High income","ILO - Modelled Estimates","SDG indicator 5.5.2 - Proportion of women in managerial positions (%)","2009",36.945,,,,
"Northern America: High income","ILO - Modelled Estimates","SDG indicator 5.5.2 - Proportion of women in managerial positions (%)","2008",36.847,,,,
"Northern America: High income","ILO - Modelled Estimates","SDG indicator 5.5.2 - Proportion of women in managerial positions (%)","2007",36.94,,,,
"Northern America: High income","ILO - Modelled Estimates","SDG indicator 5.5.2 - Proportion of women in managerial positions (%)","2006",35.903,,,,
"Northern America: High income","ILO - Modelled Estimates","SDG indicator 5.5.2 - Proportion of women in managerial positions (%)","2005",36.402,,,,
"Northern America: High income","ILO - Modelled Estimates","SDG indicator 5.5.2 - Proportion of women in managerial positions (%)","2004",35.917,,,,
"Northern America: High income","ILO - Modelled Estimates","SDG indicator 5.5.2 - Proportion of women in managerial positions (%)","2003",35.971,,,,
"Northern America: High income","ILO - Modelled Estimates","SDG indicator 5.5.2 - Proportion of women in managerial positions (%)","2002",35.289,,,,
"Northern America: High income","ILO - Modelled Estimates","SDG indicator 5.5.2 - Proportion of women in managerial positions (%)","2001",35.228,,,,
"Northern America: High income","ILO - Modelled Estimates","SDG indicator 5.5.2 - Proportion of women in managerial positions (%)","2000",34.973,,,,
"Arab States","ILO - Modelled Estimates","SDG indicator 5.5.2 - Proportion of women in managerial positions (%)","2023",16.815,,,,
"Arab States","ILO - Modelled Estimates","SDG indicator 5.5.2 - Proportion of women in managerial positions (%)","2022",16.651,,,,
"Arab States","ILO - Modelled Estimates","SDG indicator 5.5.2 - Proportion of women in managerial positions (%)","2021",15.924,,,,
"Arab States","ILO - Modelled Estimates","SDG indicator 5.5.2 - Proportion of women in managerial positions (%)","2020",15.057,,,,
"Arab States","ILO - Modelled Estimates","SDG indicator 5.5.2 - Proportion of women in managerial positions (%)","2019",14.32,,,,
"Arab States","ILO - Modelled Estimates","SDG indicator 5.5.2 - Proportion of women in managerial positions (%)","2018",13.693,,,,
"Arab States","ILO - Modelled Estimates","SDG indicator 5.5.2 - Proportion of women in managerial positions (%)","2017",12.754,,,,
"Arab States","ILO - Modelled Estimates","SDG indicator 5.5.2 - Proportion of women in managerial positions (%)","2016",12.947,,,,
"Arab States","ILO - Modelled Estimates","SDG indicator 5.5.2 - Proportion of women in managerial positions (%)","2015",12.436,,,,
"Arab States","ILO - Modelled Estimates","SDG indicator 5.5.2 - Proportion of women in managerial positions (%)","2014",12.091,,,,
"Arab States","ILO - Modelled Estimates","SDG indicator 5.5.2 - Proportion of women in managerial positions (%)","2013",11.937,,,,
"Arab States","ILO - Modelled Estimates","SDG indicator 5.5.2 - Proportion of women in managerial positions (%)","2012",11.825,,,,
"Arab States","ILO - Modelled Estimates","SDG indicator 5.5.2 - Proportion of women in managerial positions (%)","2011",11.037,,,,
"Arab States","ILO - Modelled Estimates","SDG indicator 5.5.2 - Proportion of women in managerial positions (%)","2010",10.124,,,,
"Arab States","ILO - Modelled Estimates","SDG indicator 5.5.2 - Proportion of women in managerial positions (%)","2009",9.478,,,,
"Arab States","ILO - Modelled Estimates","SDG indicator 5.5.2 - Proportion of women in managerial positions (%)","2008",8.995,,,,
"Arab States","ILO - Modelled Estimates","SDG indicator 5.5.2 - Proportion of women in managerial positions (%)","2007",8.551,,,,
"Arab States","ILO - Modelled Estimates","SDG indicator 5.5.2 - Proportion of women in managerial positions (%)","2006",8.54,,,,
"Arab States","ILO - Modelled Estimates","SDG indicator 5.5.2 - Proportion of women in managerial positions (%)","2005",8.562,,,,
"Arab States","ILO - Modelled Estimates","SDG indicator 5.5.2 - Proportion of women in managerial positions (%)","2004",8.586,,,,
"Arab States","ILO - Modelled Estimates","SDG indicator 5.5.2 - Proportion of women in managerial positions (%)","2003",8.352,,,,
"Arab States","ILO - Modelled Estimates","SDG indicator 5.5.2 - Proportion of women in managerial positions (%)","2002",8.028,,,,
"Arab States","ILO - Modelled Estimates","SDG indicator 5.5.2 - Proportion of women in managerial positions (%)","2001",7.879,,,,
"Arab States","ILO - Modelled Estimates","SDG indicator 5.5.2 - Proportion of women in managerial positions (%)","2000",7.931,,,,
"Arab States: Lower-middle income","ILO - Modelled Estimates","SDG indicator 5.5.2 - Proportion of women in managerial positions (%)","2023",20.863,,,,
"Arab States: Lower-middle income","ILO - Modelled Estimates","SDG indicator 5.5.2 - Proportion of women in managerial positions (%)","2022",20.724,,,,
"Arab States: Lower-middle income","ILO - Modelled Estimates","SDG indicator 5.5.2 - Proportion of women in managerial positions (%)","2021",22.344,,,,
"Arab States: Lower-middle income","ILO - Modelled Estimates","SDG indicator 5.5.2 - Proportion of women in managerial positions (%)","2020",22.825,,,,
"Arab States: Lower-middle income","ILO - Modelled Estimates","SDG indicator 5.5.2 - Proportion of women in managerial positions (%)","2019",21.604,,,,
"Arab States: Lower-middle income","ILO - Modelled Estimates","SDG indicator 5.5.2 - Proportion of women in managerial positions (%)","2018",19.36,,,,
"Arab States: Lower-middle income","ILO - Modelled Estimates","SDG indicator 5.5.2 - Proportion of women in managerial positions (%)","2017",18.011,,,,
"Arab States: Lower-middle income","ILO - Modelled Estimates","SDG indicator 5.5.2 - Proportion of women in managerial positions (%)","2016",17.14,,,,
"Arab States: Lower-middle income","ILO - Modelled Estimates","SDG indicator 5.5.2 - Proportion of women in managerial positions (%)","2015",15.209,,,,
"Arab States: Lower-middle income","ILO - Modelled Estimates","SDG indicator 5.5.2 - Proportion of women in managerial positions (%)","2014",14.096,,,,
"Arab States: Lower-middle income","ILO - Modelled Estimates","SDG indicator 5.5.2 - Proportion of women in managerial positions (%)","2013",13.432,,,,
"Arab States: Lower-middle income","ILO - Modelled Estimates","SDG indicator 5.5.2 - Proportion of women in managerial positions (%)","2012",12.897,,,,
"Arab States: Lower-middle income","ILO - Modelled Estimates","SDG indicator 5.5.2 - Proportion of women in managerial positions (%)","2011",12.081,,,,
"Arab States: Lower-middle income","ILO - Modelled Estimates","SDG indicator 5.5.2 - Proportion of women in managerial positions (%)","2010",11.141,,,,
"Arab States: Lower-middle income","ILO - Modelled Estimates","SDG indicator 5.5.2 - Proportion of women in managerial positions (%)","2009",10.417,,,,
"Arab States: Lower-middle income","ILO - Modelled Estimates","SDG indicator 5.5.2 - Proportion of women in managerial positions (%)","2008",9.303,,,,
"Arab States: Lower-middle income","ILO - Modelled Estimates","SDG indicator 5.5.2 - Proportion of women in managerial positions (%)","2007",8.845,,,,
"Arab States: Lower-middle income","ILO - Modelled Estimates","SDG indicator 5.5.2 - Proportion of women in managerial positions (%)","2006",9.562,,,,
"Arab States: Lower-middle income","ILO - Modelled Estimates","SDG indicator 5.5.2 - Proportion of women in managerial positions (%)","2005",10.471,,,,
"Arab States: Lower-middle income","ILO - Modelled Estimates","SDG indicator 5.5.2 - Proportion of women in managerial positions (%)","2004",11.331,,,,
"Arab States: Lower-middle income","ILO - Modelled Estimates","SDG indicator 5.5.2 - Proportion of women in managerial positions (%)","2003",10.861,,,,
"Arab States: Lower-middle income","ILO - Modelled Estimates","SDG indicator 5.5.2 - Proportion of women in managerial positions (%)","2002",10.481,,,,
"Arab States: Lower-middle income","ILO - Modelled Estimates","SDG indicator 5.5.2 - Proportion of women in managerial positions (%)","2001",10.459,,,,
"Arab States: Lower-middle income","ILO - Modelled Estimates","SDG indicator 5.5.2 - Proportion of women in managerial positions (%)","2000",10.498,,,,
"Arab States: High income","ILO - Modelled Estimates","SDG indicator 5.5.2 - Proportion of women in managerial positions (%)","2023",17.496,,,,
"Arab States: High income","ILO - Modelled Estimates","SDG indicator 5.5.2 - Proportion of women in managerial positions (%)","2022",17.326,,,,
"Arab States: High income","ILO - Modelled Estimates","SDG indicator 5.5.2 - Proportion of women in managerial positions (%)","2021",16.264,,,,
"Arab States: High income","ILO - Modelled Estimates","SDG indicator 5.5.2 - Proportion of women in managerial positions (%)","2020",15.156,,,,
"Arab States: High income","ILO - Modelled Estimates","SDG indicator 5.5.2 - Proportion of women in managerial positions (%)","2019",14.296,,,,
"Arab States: High income","ILO - Modelled Estimates","SDG indicator 5.5.2 - Proportion of women in managerial positions (%)","2018",13.695,,,,
"Arab States: High income","ILO - Modelled Estimates","SDG indicator 5.5.2 - Proportion of women in managerial positions (%)","2017",12.533,,,,
"Arab States: High income","ILO - Modelled Estimates","SDG indicator 5.5.2 - Proportion of women in managerial positions (%)","2016",12.095,,,,
"Arab States: High income","ILO - Modelled Estimates","SDG indicator 5.5.2 - Proportion of women in managerial positions (%)","2015",11.573,,,,
"Arab States: High income","ILO - Modelled Estimates","SDG indicator 5.5.2 - Proportion of women in managerial positions (%)","2014",11.178,,,,
"Arab States: High income","ILO - Modelled Estimates","SDG indicator 5.5.2 - Proportion of women in managerial positions (%)","2013",10.906,,,,
"Arab States: High income","ILO - Modelled Estimates","SDG indicator 5.5.2 - Proportion of women in managerial positions (%)","2012",10.63,,,,
"Arab States: High income","ILO - Modelled Estimates","SDG indicator 5.5.2 - Proportion of women in managerial positions (%)","2011",10.417,,,,
"Arab States: High income","ILO - Modelled Estimates","SDG indicator 5.5.2 - Proportion of women in managerial positions (%)","2010",10.053,,,,
"Arab States: High income","ILO - Modelled Estimates","SDG indicator 5.5.2 - Proportion of women in managerial positions (%)","2009",9.563,,,,
"Arab States: High income","ILO - Modelled Estimates","SDG indicator 5.5.2 - Proportion of women in managerial positions (%)","2008",9.326,,,,
"Arab States: High income","ILO - Modelled Estimates","SDG indicator 5.5.2 - Proportion of women in managerial positions (%)","2007",8.936,,,,
"Arab States: High income","ILO - Modelled Estimates","SDG indicator 5.5.2 - Proportion of women in managerial positions (%)","2006",8.576,,,,
"Arab States: High income","ILO - Modelled Estimates","SDG indicator 5.5.2 - Proportion of women in managerial positions (%)","2005",8.219,,,,
"Arab States: High income","ILO - Modelled Estimates","SDG indicator 5.5.2 - Proportion of women in managerial positions (%)","2004",7.911,,,,
"Arab States: High income","ILO - Modelled Estimates","SDG indicator 5.5.2 - Proportion of women in managerial positions (%)","2003",7.537,,,,
"Arab States: High income","ILO - Modelled Estimates","SDG indicator 5.5.2 - Proportion of women in managerial positions (%)","2002",7.141,,,,
"Arab States: High income","ILO - Modelled Estimates","SDG indicator 5.5.2 - Proportion of women in managerial positions (%)","2001",6.887,,,,
"Arab States: High income","ILO - Modelled Estimates","SDG indicator 5.5.2 - Proportion of women in managerial positions (%)","2000",6.671,,,,
"Asia and the Pacific","ILO - Modelled Estimates","SDG indicator 5.5.2 - Proportion of women in managerial positions (%)","2023",19.917,,,,
"Asia and the Pacific","ILO - Modelled Estimates","SDG indicator 5.5.2 - Proportion of women in managerial positions (%)","2022",21.111,,,,
"Asia and the Pacific","ILO - Modelled Estimates","SDG indicator 5.5.2 - Proportion of women in managerial positions (%)","2021",22.028,,,,
"Asia and the Pacific","ILO - Modelled Estimates","SDG indicator 5.5.2 - Proportion of women in managerial positions (%)","2020",21.359,,,,
"Asia and the Pacific","ILO - Modelled Estimates","SDG indicator 5.5.2 - Proportion of women in managerial positions (%)","2019",21.784,,,,
"Asia and the Pacific","ILO - Modelled Estimates","SDG indicator 5.5.2 - Proportion of women in managerial positions (%)","2018",22.508,,,,
"Asia and the Pacific","ILO - Modelled Estimates","SDG indicator 5.5.2 - Proportion of women in managerial positions (%)","2017",22.15,,,,
"Asia and the Pacific","ILO - Modelled Estimates","SDG indicator 5.5.2 - Proportion of women in managerial positions (%)","2016",21.999,,,,
"Asia and the Pacific","ILO - Modelled Estimates","SDG indicator 5.5.2 - Proportion of women in managerial positions (%)","2015",21.765,,,,
"Asia and the Pacific","ILO - Modelled Estimates","SDG indicator 5.5.2 - Proportion of women in managerial positions (%)","2014",21.667,,,,
"Asia and the Pacific","ILO - Modelled Estimates","SDG indicator 5.5.2 - Proportion of women in managerial positions (%)","2013",21.251,,,,
"Asia and the Pacific","ILO - Modelled Estimates","SDG indicator 5.5.2 - Proportion of women in managerial positions (%)","2012",20.643,,,,
"Asia and the Pacific","ILO - Modelled Estimates","SDG indicator 5.5.2 - Proportion of women in managerial positions (%)","2011",20.714,,,,
"Asia and the Pacific","ILO - Modelled Estimates","SDG indicator 5.5.2 - Proportion of women in managerial positions (%)","2010",20.556,,,,
"Asia and the Pacific","ILO - Modelled Estimates","SDG indicator 5.5.2 - Proportion of women in managerial positions (%)","2009",20.453,,,,
"Asia and the Pacific","ILO - Modelled Estimates","SDG indicator 5.5.2 - Proportion of women in managerial positions (%)","2008",20.525,,,,
"Asia and the Pacific","ILO - Modelled Estimates","SDG indicator 5.5.2 - Proportion of women in managerial positions (%)","2007",20.563,,,,
"Asia and the Pacific","ILO - Modelled Estimates","SDG indicator 5.5.2 - Proportion of women in managerial positions (%)","2006",20.552,,,,
"Asia and the Pacific","ILO - Modelled Estimates","SDG indicator 5.5.2 - Proportion of women in managerial positions (%)","2005",20.489,,,,
"Asia and the Pacific","ILO - Modelled Estimates","SDG indicator 5.5.2 - Proportion of women in managerial positions (%)","2004",20.258,,,,
"Asia and the Pacific","ILO - Modelled Estimates","SDG indicator 5.5.2 - Proportion of women in managerial positions (%)","2003",20.069,,,,
"Asia and the Pacific","ILO - Modelled Estimates","SDG indicator 5.5.2 - Proportion of women in managerial positions (%)","2002",19.879,,,,
"Asia and the Pacific","ILO - Modelled Estimates","SDG indicator 5.5.2 - Proportion of women in managerial positions (%)","2001",19.682,,,,
"Asia and the Pacific","ILO - Modelled Estimates","SDG indicator 5.5.2 - Proportion of women in managerial positions (%)","2000",19.498,,,,
"Asia and the Pacific: Low income","ILO - Modelled Estimates","SDG indicator 5.5.2 - Proportion of women in managerial positions (%)","2023",14.274,,,,
"Asia and the Pacific: Low income","ILO - Modelled Estimates","SDG indicator 5.5.2 - Proportion of women in managerial positions (%)","2022",14.159,,,,
"Asia and the Pacific: Low income","ILO - Modelled Estimates","SDG indicator 5.5.2 - Proportion of women in managerial positions (%)","2021",15.729,,,,
"Asia and the Pacific: Low income","ILO - Modelled Estimates","SDG indicator 5.5.2 - Proportion of women in managerial positions (%)","2020",16.11,,,,
"Asia and the Pacific: Low income","ILO - Modelled Estimates","SDG indicator 5.5.2 - Proportion of women in managerial positions (%)","2019",16.433,,,,
"Asia and the Pacific: Low income","ILO - Modelled Estimates","SDG indicator 5.5.2 - Proportion of women in managerial positions (%)","2018",16.872,,,,
"Asia and the Pacific: Low income","ILO - Modelled Estimates","SDG indicator 5.5.2 - Proportion of women in managerial positions (%)","2017",17.323,,,,
"Asia and the Pacific: Low income","ILO - Modelled Estimates","SDG indicator 5.5.2 - Proportion of women in managerial positions (%)","2016",17.241,,,,
"Asia and the Pacific: Low income","ILO - Modelled Estimates","SDG indicator 5.5.2 - Proportion of women in managerial positions (%)","2015",17.093,,,,
"Asia and the Pacific: Low income","ILO - Modelled Estimates","SDG indicator 5.5.2 - Proportion of women in managerial positions (%)","2014",17.067,,,,
"Asia and the Pacific: Low income","ILO - Modelled Estimates","SDG indicator 5.5.2 - Proportion of women in managerial positions (%)","2013",16.741,,,,
"Asia and the Pacific: Low income","ILO - Modelled Estimates","SDG indicator 5.5.2 - Proportion of women in managerial positions (%)","2012",16.527,,,,
"Asia and the Pacific: Low income","ILO - Modelled Estimates","SDG indicator 5.5.2 - Proportion of women in managerial positions (%)","2011",16.343,,,,
"Asia and the Pacific: Low income","ILO - Modelled Estimates","SDG indicator 5.5.2 - Proportion of women in managerial positions (%)","2010",16.165,,,,
"Asia and the Pacific: Low income","ILO - Modelled Estimates","SDG indicator 5.5.2 - Proportion of women in managerial positions (%)","2009",16.003,,,,
"Asia and the Pacific: Low income","ILO - Modelled Estimates","SDG indicator 5.5.2 - Proportion of women in managerial positions (%)","2008",15.796,,,,
"Asia and the Pacific: Low income","ILO - Modelled Estimates","SDG indicator 5.5.2 - Proportion of women in managerial positions (%)","2007",15.584,,,,
"Asia and the Pacific: Low income","ILO - Modelled Estimates","SDG indicator 5.5.2 - Proportion of women in managerial positions (%)","2006",15.321,,,,
"Asia and the Pacific: Low income","ILO - Modelled Estimates","SDG indicator 5.5.2 - Proportion of women in managerial positions (%)","2005",15.103,,,,
"Asia and the Pacific: Low income","ILO - Modelled Estimates","SDG indicator 5.5.2 - Proportion of women in managerial positions (%)","2004",14.844,,,,
"Asia and the Pacific: Low income","ILO - Modelled Estimates","SDG indicator 5.5.2 - Proportion of women in managerial positions (%)","2003",14.649,,,,
"Asia and the Pacific: Low income","ILO - Modelled Estimates","SDG indicator 5.5.2 - Proportion of women in managerial positions (%)","2002",14.472,,,,
"Asia and the Pacific: Low income","ILO - Modelled Estimates","SDG indicator 5.5.2 - Proportion of women in managerial positions (%)","2001",14.339,,,,
"Asia and the Pacific: Low income","ILO - Modelled Estimates","SDG indicator 5.5.2 - Proportion of women in managerial positions (%)","2000",14.032,,,,
"Asia and the Pacific: Lower-middle income","ILO - Modelled Estimates","SDG indicator 5.5.2 - Proportion of women in managerial positions (%)","2023",14.231,,,,
"Asia and the Pacific: Lower-middle income","ILO - Modelled Estimates","SDG indicator 5.5.2 - Proportion of women in managerial positions (%)","2022",17.732,,,,
"Asia and the Pacific: Lower-middle income","ILO - Modelled Estimates","SDG indicator 5.5.2 - Proportion of women in managerial positions (%)","2021",19.44,,,,
"Asia and the Pacific: Lower-middle income","ILO - Modelled Estimates","SDG indicator 5.5.2 - Proportion of women in managerial positions (%)","2020",18.802,,,,
"Asia and the Pacific: Lower-middle income","ILO - Modelled Estimates","SDG indicator 5.5.2 - Proportion of women in managerial positions (%)","2019",20.11,,,,
"Asia and the Pacific: Lower-middle income","ILO - Modelled Estimates","SDG indicator 5.5.2 - Proportion of women in managerial positions (%)","2018",21.332,,,,
"Asia and the Pacific: Lower-middle income","ILO - Modelled Estimates","SDG indicator 5.5.2 - Proportion of women in managerial positions (%)","2017",21.053,,,,
"Asia and the Pacific: Lower-middle income","ILO - Modelled Estimates","SDG indicator 5.5.2 - Proportion of women in managerial positions (%)","2016",21.126,,,,
"Asia and the Pacific: Lower-middle income","ILO - Modelled Estimates","SDG indicator 5.5.2 - Proportion of women in managerial positions (%)","2015",20.929,,,,
"Asia and the Pacific: Lower-middle income","ILO - Modelled Estimates","SDG indicator 5.5.2 - Proportion of women in managerial positions (%)","2014",20.895,,,,
"Asia and the Pacific: Lower-middle income","ILO - Modelled Estimates","SDG indicator 5.5.2 - Proportion of women in managerial positions (%)","2013",20.568,,,,
"Asia and the Pacific: Lower-middle income","ILO - Modelled Estimates","SDG indicator 5.5.2 - Proportion of women in managerial positions (%)","2012",20.101,,,,
"Asia and the Pacific: Lower-middle income","ILO - Modelled Estimates","SDG indicator 5.5.2 - Proportion of women in managerial positions (%)","2011",20.551,,,,
"Asia and the Pacific: Lower-middle income","ILO - Modelled Estimates","SDG indicator 5.5.2 - Proportion of women in managerial positions (%)","2010",20.53,,,,
"Asia and the Pacific: Lower-middle income","ILO - Modelled Estimates","SDG indicator 5.5.2 - Proportion of women in managerial positions (%)","2009",20.864,,,,
"Asia and the Pacific: Lower-middle income","ILO - Modelled Estimates","SDG indicator 5.5.2 - Proportion of women in managerial positions (%)","2008",21.159,,,,
"Asia and the Pacific: Lower-middle income","ILO - Modelled Estimates","SDG indicator 5.5.2 - Proportion of women in managerial positions (%)","2007",21.785,,,,
"Asia and the Pacific: Lower-middle income","ILO - Modelled Estimates","SDG indicator 5.5.2 - Proportion of women in managerial positions (%)","2006",22.191,,,,
"Asia and the Pacific: Lower-middle income","ILO - Modelled Estimates","SDG indicator 5.5.2 - Proportion of women in managerial positions (%)","2005",22.641,,,,
"Asia and the Pacific: Lower-middle income","ILO - Modelled Estimates","SDG indicator 5.5.2 - Proportion of women in managerial positions (%)","2004",22.408,,,,
"Asia and the Pacific: Lower-middle income","ILO - Modelled Estimates","SDG indicator 5.5.2 - Proportion of women in managerial positions (%)","2003",22.303,,,,
"Asia and the Pacific: Lower-middle income","ILO - Modelled Estimates","SDG indicator 5.5.2 - Proportion of women in managerial positions (%)","2002",22.108,,,,
"Asia and the Pacific: Lower-middle income","ILO - Modelled Estimates","SDG indicator 5.5.2 - Proportion of women in managerial positions (%)","2001",21.926,,,,
"Asia and the Pacific: Lower-middle income","ILO - Modelled Estimates","SDG indicator 5.5.2 - Proportion of women in managerial positions (%)","2000",21.719,,,,
"Asia and the Pacific: Upper-middle income","ILO - Modelled Estimates","SDG indicator 5.5.2 - Proportion of women in managerial positions (%)","2023",25.106,,,,
"Asia and the Pacific: Upper-middle income","ILO - Modelled Estimates","SDG indicator 5.5.2 - Proportion of women in managerial positions (%)","2022",24.936,,,,
"Asia and the Pacific: Upper-middle income","ILO - Modelled Estimates","SDG indicator 5.5.2 - Proportion of women in managerial positions (%)","2021",25.878,,,,
"Asia and the Pacific: Upper-middle income","ILO - Modelled Estimates","SDG indicator 5.5.2 - Proportion of women in managerial positions (%)","2020",26.378,,,,
"Asia and the Pacific: Upper-middle income","ILO - Modelled Estimates","SDG indicator 5.5.2 - Proportion of women in managerial positions (%)","2019",24.729,,,,
"Asia and the Pacific: Upper-middle income","ILO - Modelled Estimates","SDG indicator 5.5.2 - Proportion of women in managerial positions (%)","2018",24.205,,,,
"Asia and the Pacific: Upper-middle income","ILO - Modelled Estimates","SDG indicator 5.5.2 - Proportion of women in managerial positions (%)","2017",23.598,,,,
"Asia and the Pacific: Upper-middle income","ILO - Modelled Estimates","SDG indicator 5.5.2 - Proportion of women in managerial positions (%)","2016",23.026,,,,
"Asia and the Pacific: Upper-middle income","ILO - Modelled Estimates","SDG indicator 5.5.2 - Proportion of women in managerial positions (%)","2015",22.695,,,,
"Asia and the Pacific: Upper-middle income","ILO - Modelled Estimates","SDG indicator 5.5.2 - Proportion of women in managerial positions (%)","2014",22.541,,,,
"Asia and the Pacific: Upper-middle income","ILO - Modelled Estimates","SDG indicator 5.5.2 - Proportion of women in managerial positions (%)","2013",21.911,,,,
"Asia and the Pacific: Upper-middle income","ILO - Modelled Estimates","SDG indicator 5.5.2 - Proportion of women in managerial positions (%)","2012",20.924,,,,
"Asia and the Pacific: Upper-middle income","ILO - Modelled Estimates","SDG indicator 5.5.2 - Proportion of women in managerial positions (%)","2011",20.284,,,,
"Asia and the Pacific: Upper-middle income","ILO - Modelled Estimates","SDG indicator 5.5.2 - Proportion of women in managerial positions (%)","2010",20.134,,,,
"Asia and the Pacific: Upper-middle income","ILO - Modelled Estimates","SDG indicator 5.5.2 - Proportion of women in managerial positions (%)","2009",19.382,,,,
"Asia and the Pacific: Upper-middle income","ILO - Modelled Estimates","SDG indicator 5.5.2 - Proportion of women in managerial positions (%)","2008",19.284,,,,
"Asia and the Pacific: Upper-middle income","ILO - Modelled Estimates","SDG indicator 5.5.2 - Proportion of women in managerial positions (%)","2007",18.758,,,,
"Asia and the Pacific: Upper-middle income","ILO - Modelled Estimates","SDG indicator 5.5.2 - Proportion of women in managerial positions (%)","2006",18.248,,,,
"Asia and the Pacific: Upper-middle income","ILO - Modelled Estimates","SDG indicator 5.5.2 - Proportion of women in managerial positions (%)","2005",17.85,,,,
"Asia and the Pacific: Upper-middle income","ILO - Modelled Estimates","SDG indicator 5.5.2 - Proportion of women in managerial positions (%)","2004",17.873,,,,
"Asia and the Pacific: Upper-middle income","ILO - Modelled Estimates","SDG indicator 5.5.2 - Proportion of women in managerial positions (%)","2003",17.656,,,,
"Asia and the Pacific: Upper-middle income","ILO - Modelled Estimates","SDG indicator 5.5.2 - Proportion of women in managerial positions (%)","2002",17.511,,,,
"Asia and the Pacific: Upper-middle income","ILO - Modelled Estimates","SDG indicator 5.5.2 - Proportion of women in managerial positions (%)","2001",17.452,,,,
"Asia and the Pacific: Upper-middle income","ILO - Modelled Estimates","SDG indicator 5.5.2 - Proportion of women in managerial positions (%)","2000",17.44,,,,
"Asia and the Pacific: High income","ILO - Modelled Estimates","SDG indicator 5.5.2 - Proportion of women in managerial positions (%)","2023",30.864,,,,
"Asia and the Pacific: High income","ILO - Modelled Estimates","SDG indicator 5.5.2 - Proportion of women in managerial positions (%)","2022",30.584,,,,
"Asia and the Pacific: High income","ILO - Modelled Estimates","SDG indicator 5.5.2 - Proportion of women in managerial positions (%)","2021",30.387,,,,
"Asia and the Pacific: High income","ILO - Modelled Estimates","SDG indicator 5.5.2 - Proportion of women in managerial positions (%)","2020",29.4,,,,
"Asia and the Pacific: High income","ILO - Modelled Estimates","SDG indicator 5.5.2 - Proportion of women in managerial positions (%)","2019",29.094,,,,
"Asia and the Pacific: High income","ILO - Modelled Estimates","SDG indicator 5.5.2 - Proportion of women in managerial positions (%)","2018",28.307,,,,
"Asia and the Pacific: High income","ILO - Modelled Estimates","SDG indicator 5.5.2 - Proportion of women in managerial positions (%)","2017",27.567,,,,
"Asia and the Pacific: High income","ILO - Modelled Estimates","SDG indicator 5.5.2 - Proportion of women in managerial positions (%)","2016",26.485,,,,
"Asia and the Pacific: High income","ILO - Modelled Estimates","SDG indicator 5.5.2 - Proportion of women in managerial positions (%)","2015",25.902,,,,
"Asia and the Pacific: High income","ILO - Modelled Estimates","SDG indicator 5.5.2 - Proportion of women in managerial positions (%)","2014",25.089,,,,
"Asia and the Pacific: High income","ILO - Modelled Estimates","SDG indicator 5.5.2 - Proportion of women in managerial positions (%)","2013",24.53,,,,
"Asia and the Pacific: High income","ILO - Modelled Estimates","SDG indicator 5.5.2 - Proportion of women in managerial positions (%)","2012",23.836,,,,
"Asia and the Pacific: High income","ILO - Modelled Estimates","SDG indicator 5.5.2 - Proportion of women in managerial positions (%)","2011",23.513,,,,
"Asia and the Pacific: High income","ILO - Modelled Estimates","SDG indicator 5.5.2 - Proportion of women in managerial positions (%)","2010",22.386,,,,
"Asia and the Pacific: High income","ILO - Modelled Estimates","SDG indicator 5.5.2 - Proportion of women in managerial positions (%)","2009",21.78,,,,
"Asia and the Pacific: High income","ILO - Modelled Estimates","SDG indicator 5.5.2 - Proportion of women in managerial positions (%)","2008",21.297,,,,
"Asia and the Pacific: High income","ILO - Modelled Estimates","SDG indicator 5.5.2 - Proportion of women in managerial positions (%)","2007",20.438,,,,
"Asia and the Pacific: High income","ILO - Modelled Estimates","SDG indicator 5.5.2 - Proportion of women in managerial positions (%)","2006",20.277,,,,
"Asia and the Pacific: High income","ILO - Modelled Estimates","SDG indicator 5.5.2 - Proportion of women in managerial positions (%)","2005",19.18,,,,
"Asia and the Pacific: High income","ILO - Modelled Estimates","SDG indicator 5.5.2 - Proportion of women in managerial positions (%)","2004",18.326,,,,
"Asia and the Pacific: High income","ILO - Modelled Estimates","SDG indicator 5.5.2 - Proportion of women in managerial positions (%)","2003",18.013,,,,
"Asia and the Pacific: High income","ILO - Modelled Estimates","SDG indicator 5.5.2 - Proportion of women in managerial positions (%)","2002",17.911,,,,
"Asia and the Pacific: High income","ILO - Modelled Estimates","SDG indicator 5.5.2 - Proportion of women in managerial positions (%)","2001",17.403,,,,
"Asia and the Pacific: High income","ILO - Modelled Estimates","SDG indicator 5.5.2 - Proportion of women in managerial positions (%)","2000",16.96,,,,
"Eastern Asia","ILO - Modelled Estimates","SDG indicator 5.5.2 - Proportion of women in managerial positions (%)","2023",22.658,,,,
"Eastern Asia","ILO - Modelled Estimates","SDG indicator 5.5.2 - Proportion of women in managerial positions (%)","2022",22.415,,,,
"Eastern Asia","ILO - Modelled Estimates","SDG indicator 5.5.2 - Proportion of women in managerial positions (%)","2021",23.676,,,,
"Eastern Asia","ILO - Modelled Estimates","SDG indicator 5.5.2 - Proportion of women in managerial positions (%)","2020",23.416,,,,
"Eastern Asia","ILO - Modelled Estimates","SDG indicator 5.5.2 - Proportion of women in managerial positions (%)","2019",22.728,,,,
"Eastern Asia","ILO - Modelled Estimates","SDG indicator 5.5.2 - Proportion of women in managerial positions (%)","2018",22.292,,,,
"Eastern Asia","ILO - Modelled Estimates","SDG indicator 5.5.2 - Proportion of women in managerial positions (%)","2017",21.806,,,,
"Eastern Asia","ILO - Modelled Estimates","SDG indicator 5.5.2 - Proportion of women in managerial positions (%)","2016",21.322,,,,
"Eastern Asia","ILO - Modelled Estimates","SDG indicator 5.5.2 - Proportion of women in managerial positions (%)","2015",20.786,,,,
"Eastern Asia","ILO - Modelled Estimates","SDG indicator 5.5.2 - Proportion of women in managerial positions (%)","2014",20.306,,,,
"Eastern Asia","ILO - Modelled Estimates","SDG indicator 5.5.2 - Proportion of women in managerial positions (%)","2013",19.854,,,,
"Eastern Asia","ILO - Modelled Estimates","SDG indicator 5.5.2 - Proportion of women in managerial positions (%)","2012",19.327,,,,
"Eastern Asia","ILO - Modelled Estimates","SDG indicator 5.5.2 - Proportion of women in managerial positions (%)","2011",18.818,,,,
"Eastern Asia","ILO - Modelled Estimates","SDG indicator 5.5.2 - Proportion of women in managerial positions (%)","2010",18.201,,,,
"Eastern Asia","ILO - Modelled Estimates","SDG indicator 5.5.2 - Proportion of women in managerial positions (%)","2009",17.714,,,,
"Eastern Asia","ILO - Modelled Estimates","SDG indicator 5.5.2 - Proportion of women in managerial positions (%)","2008",17.261,,,,
"Eastern Asia","ILO - Modelled Estimates","SDG indicator 5.5.2 - Proportion of women in managerial positions (%)","2007",16.831,,,,
"Eastern Asia","ILO - Modelled Estimates","SDG indicator 5.5.2 - Proportion of women in managerial positions (%)","2006",16.436,,,,
"Eastern Asia","ILO - Modelled Estimates","SDG indicator 5.5.2 - Proportion of women in managerial positions (%)","2005",15.786,,,,
"Eastern Asia","ILO - Modelled Estimates","SDG indicator 5.5.2 - Proportion of women in managerial positions (%)","2004",15.705,,,,
"Eastern Asia","ILO - Modelled Estimates","SDG indicator 5.5.2 - Proportion of women in managerial positions (%)","2003",15.676,,,,
"Eastern Asia","ILO - Modelled Estimates","SDG indicator 5.5.2 - Proportion of women in managerial positions (%)","2002",15.688,,,,
"Eastern Asia","ILO - Modelled Estimates","SDG indicator 5.5.2 - Proportion of women in managerial positions (%)","2001",15.578,,,,
"Eastern Asia","ILO - Modelled Estimates","SDG indicator 5.5.2 - Proportion of women in managerial positions (%)","2000",15.482,,,,
"Eastern Asia: Upper-middle income","ILO - Modelled Estimates","SDG indicator 5.5.2 - Proportion of women in managerial positions (%)","2023",22.898,,,,
"Eastern Asia: Upper-middle income","ILO - Modelled Estimates","SDG indicator 5.5.2 - Proportion of women in managerial positions (%)","2022",22.707,,,,
"Eastern Asia: Upper-middle income","ILO - Modelled Estimates","SDG indicator 5.5.2 - Proportion of women in managerial positions (%)","2021",24.123,,,,
"Eastern Asia: Upper-middle income","ILO - Modelled Estimates","SDG indicator 5.5.2 - Proportion of women in managerial positions (%)","2020",23.955,,,,
"Eastern Asia: Upper-middle income","ILO - Modelled Estimates","SDG indicator 5.5.2 - Proportion of women in managerial positions (%)","2019",23.037,,,,
"Eastern Asia: Upper-middle income","ILO - Modelled Estimates","SDG indicator 5.5.2 - Proportion of women in managerial positions (%)","2018",22.637,,,,
"Eastern Asia: Upper-middle income","ILO - Modelled Estimates","SDG indicator 5.5.2 - Proportion of women in managerial positions (%)","2017",22.277,,,,
"Eastern Asia: Upper-middle income","ILO - Modelled Estimates","SDG indicator 5.5.2 - Proportion of women in managerial positions (%)","2016",21.867,,,,
"Eastern Asia: Upper-middle income","ILO - Modelled Estimates","SDG indicator 5.5.2 - Proportion of women in managerial positions (%)","2015",21.454,,,,
"Eastern Asia: Upper-middle income","ILO - Modelled Estimates","SDG indicator 5.5.2 - Proportion of women in managerial positions (%)","2014",20.988,,,,
"Eastern Asia: Upper-middle income","ILO - Modelled Estimates","SDG indicator 5.5.2 - Proportion of women in managerial positions (%)","2013",20.555,,,,
"Eastern Asia: Upper-middle income","ILO - Modelled Estimates","SDG indicator 5.5.2 - Proportion of women in managerial positions (%)","2012",20.077,,,,
"Eastern Asia: Upper-middle income","ILO - Modelled Estimates","SDG indicator 5.5.2 - Proportion of women in managerial positions (%)","2011",19.584,,,,
"Eastern Asia: Upper-middle income","ILO - Modelled Estimates","SDG indicator 5.5.2 - Proportion of women in managerial positions (%)","2010",19.081,,,,
"Eastern Asia: Upper-middle income","ILO - Modelled Estimates","SDG indicator 5.5.2 - Proportion of women in managerial positions (%)","2009",18.626,,,,
"Eastern Asia: Upper-middle income","ILO - Modelled Estimates","SDG indicator 5.5.2 - Proportion of women in managerial positions (%)","2008",18.214,,,,
"Eastern Asia: Upper-middle income","ILO - Modelled Estimates","SDG indicator 5.5.2 - Proportion of women in managerial positions (%)","2007",17.782,,,,
"Eastern Asia: Upper-middle income","ILO - Modelled Estimates","SDG indicator 5.5.2 - Proportion of women in managerial positions (%)","2006",17.3,,,,
"Eastern Asia: Upper-middle income","ILO - Modelled Estimates","SDG indicator 5.5.2 - Proportion of women in managerial positions (%)","2005",16.745,,,,
"Eastern Asia: Upper-middle income","ILO - Modelled Estimates","SDG indicator 5.5.2 - Proportion of women in managerial positions (%)","2004",16.785,,,,
"Eastern Asia: Upper-middle income","ILO - Modelled Estimates","SDG indicator 5.5.2 - Proportion of women in managerial positions (%)","2003",16.828,,,,
"Eastern Asia: Upper-middle income","ILO - Modelled Estimates","SDG indicator 5.5.2 - Proportion of women in managerial positions (%)","2002",16.855,,,,
"Eastern Asia: Upper-middle income","ILO - Modelled Estimates","SDG indicator 5.5.2 - Proportion of women in managerial positions (%)","2001",16.849,,,,
"Eastern Asia: Upper-middle income","ILO - Modelled Estimates","SDG indicator 5.5.2 - Proportion of women in managerial positions (%)","2000",16.799,,,,
"Eastern Asia: High income","ILO - Modelled Estimates","SDG indicator 5.5.2 - Proportion of women in managerial positions (%)","2023",21.524,,,,
"Eastern Asia: High income","ILO - Modelled Estimates","SDG indicator 5.5.2 - Proportion of women in managerial positions (%)","2022",21.036,,,,
"Eastern Asia: High income","ILO - Modelled Estimates","SDG indicator 5.5.2 - Proportion of women in managerial positions (%)","2021",21.391,,,,
"Eastern Asia: High income","ILO - Modelled Estimates","SDG indicator 5.5.2 - Proportion of women in managerial positions (%)","2020",20.646,,,,
"Eastern Asia: High income","ILO - Modelled Estimates","SDG indicator 5.5.2 - Proportion of women in managerial positions (%)","2019",21.059,,,,
"Eastern Asia: High income","ILO - Modelled Estimates","SDG indicator 5.5.2 - Proportion of women in managerial positions (%)","2018",20.446,,,,
"Eastern Asia: High income","ILO - Modelled Estimates","SDG indicator 5.5.2 - Proportion of women in managerial positions (%)","2017",19.338,,,,
"Eastern Asia: High income","ILO - Modelled Estimates","SDG indicator 5.5.2 - Proportion of women in managerial positions (%)","2016",18.494,,,,
"Eastern Asia: High income","ILO - Modelled Estimates","SDG indicator 5.5.2 - Proportion of women in managerial positions (%)","2015",17.308,,,,
"Eastern Asia: High income","ILO - Modelled Estimates","SDG indicator 5.5.2 - Proportion of women in managerial positions (%)","2014",16.801,,,,
"Eastern Asia: High income","ILO - Modelled Estimates","SDG indicator 5.5.2 - Proportion of women in managerial positions (%)","2013",16.281,,,,
"Eastern Asia: High income","ILO - Modelled Estimates","SDG indicator 5.5.2 - Proportion of women in managerial positions (%)","2012",15.741,,,,
"Eastern Asia: High income","ILO - Modelled Estimates","SDG indicator 5.5.2 - Proportion of women in managerial positions (%)","2011",15.294,,,,
"Eastern Asia: High income","ILO - Modelled Estimates","SDG indicator 5.5.2 - Proportion of women in managerial positions (%)","2010",14.175,,,,
"Eastern Asia: High income","ILO - Modelled Estimates","SDG indicator 5.5.2 - Proportion of women in managerial positions (%)","2009",13.667,,,,
"Eastern Asia: High income","ILO - Modelled Estimates","SDG indicator 5.5.2 - Proportion of women in managerial positions (%)","2008",13.182,,,,
"Eastern Asia: High income","ILO - Modelled Estimates","SDG indicator 5.5.2 - Proportion of women in managerial positions (%)","2007",12.918,,,,
"Eastern Asia: High income","ILO - Modelled Estimates","SDG indicator 5.5.2 - Proportion of women in managerial positions (%)","2006",13.044,,,,
"Eastern Asia: High income","ILO - Modelled Estimates","SDG indicator 5.5.2 - Proportion of women in managerial positions (%)","2005",12.104,,,,
"Eastern Asia: High income","ILO - Modelled Estimates","SDG indicator 5.5.2 - Proportion of women in managerial positions (%)","2004",11.536,,,,
"Eastern Asia: High income","ILO - Modelled Estimates","SDG indicator 5.5.2 - Proportion of women in managerial positions (%)","2003",11.149,,,,
"Eastern Asia: High income","ILO - Modelled Estimates","SDG indicator 5.5.2 - Proportion of women in managerial positions (%)","2002",11.166,,,,
"Eastern Asia: High income","ILO - Modelled Estimates","SDG indicator 5.5.2 - Proportion of women in managerial positions (%)","2001",10.77,,,,
"Eastern Asia: High income","ILO - Modelled Estimates","SDG indicator 5.5.2 - Proportion of women in managerial positions (%)","2000",10.424,,,,
"South-Eastern Asia and the Pacific","ILO - Modelled Estimates","SDG indicator 5.5.2 - Proportion of women in managerial positions (%)","2023",36.725,,,,
"South-Eastern Asia and the Pacific","ILO - Modelled Estimates","SDG indicator 5.5.2 - Proportion of women in managerial positions (%)","2022",36.86,,,,
"South-Eastern Asia and the Pacific","ILO - Modelled Estimates","SDG indicator 5.5.2 - Proportion of women in managerial positions (%)","2021",39.347,,,,
"South-Eastern Asia and the Pacific","ILO - Modelled Estimates","SDG indicator 5.5.2 - Proportion of women in managerial positions (%)","2020",39.687,,,,
"South-Eastern Asia and the Pacific","ILO - Modelled Estimates","SDG indicator 5.5.2 - Proportion of women in managerial positions (%)","2019",38.83,,,,
"South-Eastern Asia and the Pacific","ILO - Modelled Estimates","SDG indicator 5.5.2 - Proportion of women in managerial positions (%)","2018",41.229,,,,
"South-Eastern Asia and the Pacific","ILO - Modelled Estimates","SDG indicator 5.5.2 - Proportion of women in managerial positions (%)","2017",40.689,,,,
"South-Eastern Asia and the Pacific","ILO - Modelled Estimates","SDG indicator 5.5.2 - Proportion of women in managerial positions (%)","2016",40.877,,,,
"South-Eastern Asia and the Pacific","ILO - Modelled Estimates","SDG indicator 5.5.2 - Proportion of women in managerial positions (%)","2015",40.748,,,,
"South-Eastern Asia and the Pacific","ILO - Modelled Estimates","SDG indicator 5.5.2 - Proportion of women in managerial positions (%)","2014",40.877,,,,
"South-Eastern Asia and the Pacific","ILO - Modelled Estimates","SDG indicator 5.5.2 - Proportion of women in managerial positions (%)","2013",40.726,,,,
"South-Eastern Asia and the Pacific","ILO - Modelled Estimates","SDG indicator 5.5.2 - Proportion of women in managerial positions (%)","2012",40.099,,,,
"South-Eastern Asia and the Pacific","ILO - Modelled Estimates","SDG indicator 5.5.2 - Proportion of women in managerial positions (%)","2011",41.909,,,,
"South-Eastern Asia and the Pacific","ILO - Modelled Estimates","SDG indicator 5.5.2 - Proportion of women in managerial positions (%)","2010",41.883,,,,
"South-Eastern Asia and the Pacific","ILO - Modelled Estimates","SDG indicator 5.5.2 - Proportion of women in managerial positions (%)","2009",41.343,,,,
"South-Eastern Asia and the Pacific","ILO - Modelled Estimates","SDG indicator 5.5.2 - Proportion of women in managerial positions (%)","2008",41.442,,,,
"South-Eastern Asia and the Pacific","ILO - Modelled Estimates","SDG indicator 5.5.2 - Proportion of women in managerial positions (%)","2007",40.882,,,,
"South-Eastern Asia and the Pacific","ILO - Modelled Estimates","SDG indicator 5.5.2 - Proportion of women in managerial positions (%)","2006",40.945,,,,
"South-Eastern Asia and the Pacific","ILO - Modelled Estimates","SDG indicator 5.5.2 - Proportion of women in managerial positions (%)","2005",41.204,,,,
"South-Eastern Asia and the Pacific","ILO - Modelled Estimates","SDG indicator 5.5.2 - Proportion of women in managerial positions (%)","2004",40.741,,,,
"South-Eastern Asia and the Pacific","ILO - Modelled Estimates","SDG indicator 5.5.2 - Proportion of women in managerial positions (%)","2003",40.68,,,,
"South-Eastern Asia and the Pacific","ILO - Modelled Estimates","SDG indicator 5.5.2 - Proportion of women in managerial positions (%)","2002",40.496,,,,
"South-Eastern Asia and the Pacific","ILO - Modelled Estimates","SDG indicator 5.5.2 - Proportion of women in managerial positions (%)","2001",40.868,,,,
"South-Eastern Asia and the Pacific","ILO - Modelled Estimates","SDG indicator 5.5.2 - Proportion of women in managerial positions (%)","2000",40.815,,,,
"South-Eastern Asia and the Pacific: Lower-middle income","ILO - Modelled Estimates","SDG indicator 5.5.2 - Proportion of women in managerial positions (%)","2023",42.616,,,,
"South-Eastern Asia and the Pacific: Lower-middle income","ILO - Modelled Estimates","SDG indicator 5.5.2 - Proportion of women in managerial positions (%)","2022",42.909,,,,
"South-Eastern Asia and the Pacific: Lower-middle income","ILO - Modelled Estimates","SDG indicator 5.5.2 - Proportion of women in managerial positions (%)","2021",48.541,,,,
"South-Eastern Asia and the Pacific: Lower-middle income","ILO - Modelled Estimates","SDG indicator 5.5.2 - Proportion of women in managerial positions (%)","2020",48.334,,,,
"South-Eastern Asia and the Pacific: Lower-middle income","ILO - Modelled Estimates","SDG indicator 5.5.2 - Proportion of women in managerial positions (%)","2019",47.363,,,,
"South-Eastern Asia and the Pacific: Lower-middle income","ILO - Modelled Estimates","SDG indicator 5.5.2 - Proportion of women in managerial positions (%)","2018",50.119,,,,
"South-Eastern Asia and the Pacific: Lower-middle income","ILO - Modelled Estimates","SDG indicator 5.5.2 - Proportion of women in managerial positions (%)","2017",49.324,,,,
"South-Eastern Asia and the Pacific: Lower-middle income","ILO - Modelled Estimates","SDG indicator 5.5.2 - Proportion of women in managerial positions (%)","2016",50.327,,,,
"South-Eastern Asia and the Pacific: Lower-middle income","ILO - Modelled Estimates","SDG indicator 5.5.2 - Proportion of women in managerial positions (%)","2015",50.413,,,,
"South-Eastern Asia and the Pacific: Lower-middle income","ILO - Modelled Estimates","SDG indicator 5.5.2 - Proportion of women in managerial positions (%)","2014",50.299,,,,
"South-Eastern Asia and the Pacific: Lower-middle income","ILO - Modelled Estimates","SDG indicator 5.5.2 - Proportion of women in managerial positions (%)","2013",50.472,,,,
"South-Eastern Asia and the Pacific: Lower-middle income","ILO - Modelled Estimates","SDG indicator 5.5.2 - Proportion of women in managerial positions (%)","2012",51.108,,,,
"South-Eastern Asia and the Pacific: Lower-middle income","ILO - Modelled Estimates","SDG indicator 5.5.2 - Proportion of women in managerial positions (%)","2011",55.04,,,,
"South-Eastern Asia and the Pacific: Lower-middle income","ILO - Modelled Estimates","SDG indicator 5.5.2 - Proportion of women in managerial positions (%)","2010",55.936,,,,
"South-Eastern Asia and the Pacific: Lower-middle income","ILO - Modelled Estimates","SDG indicator 5.5.2 - Proportion of women in managerial positions (%)","2009",56.322,,,,
"South-Eastern Asia and the Pacific: Lower-middle income","ILO - Modelled Estimates","SDG indicator 5.5.2 - Proportion of women in managerial positions (%)","2008",57.217,,,,
"South-Eastern Asia and the Pacific: Lower-middle income","ILO - Modelled Estimates","SDG indicator 5.5.2 - Proportion of women in managerial positions (%)","2007",59.662,,,,
"South-Eastern Asia and the Pacific: Lower-middle income","ILO - Modelled Estimates","SDG indicator 5.5.2 - Proportion of women in managerial positions (%)","2006",59.665,,,,
"South-Eastern Asia and the Pacific: Lower-middle income","ILO - Modelled Estimates","SDG indicator 5.5.2 - Proportion of women in managerial positions (%)","2005",59.487,,,,
"South-Eastern Asia and the Pacific: Lower-middle income","ILO - Modelled Estimates","SDG indicator 5.5.2 - Proportion of women in managerial positions (%)","2004",58.986,,,,
"South-Eastern Asia and the Pacific: Lower-middle income","ILO - Modelled Estimates","SDG indicator 5.5.2 - Proportion of women in managerial positions (%)","2003",59.745,,,,
"South-Eastern Asia and the Pacific: Lower-middle income","ILO - Modelled Estimates","SDG indicator 5.5.2 - Proportion of women in managerial positions (%)","2002",59.505,,,,
"South-Eastern Asia and the Pacific: Lower-middle income","ILO - Modelled Estimates","SDG indicator 5.5.2 - Proportion of women in managerial positions (%)","2001",59.427,,,,
"South-Eastern Asia and the Pacific: Lower-middle income","ILO - Modelled Estimates","SDG indicator 5.5.2 - Proportion of women in managerial positions (%)","2000",58.679,,,,
"South-Eastern Asia and the Pacific: Upper-middle income","ILO - Modelled Estimates","SDG indicator 5.5.2 - Proportion of women in managerial positions (%)","2023",31.699,,,,
"South-Eastern Asia and the Pacific: Upper-middle income","ILO - Modelled Estimates","SDG indicator 5.5.2 - Proportion of women in managerial positions (%)","2022",31.636,,,,
"South-Eastern Asia and the Pacific: Upper-middle income","ILO - Modelled Estimates","SDG indicator 5.5.2 - Proportion of women in managerial positions (%)","2021",31.64,,,,
"South-Eastern Asia and the Pacific: Upper-middle income","ILO - Modelled Estimates","SDG indicator 5.5.2 - Proportion of women in managerial positions (%)","2020",33.077,,,,
"South-Eastern Asia and the Pacific: Upper-middle income","ILO - Modelled Estimates","SDG indicator 5.5.2 - Proportion of women in managerial positions (%)","2019",29.914,,,,
"South-Eastern Asia and the Pacific: Upper-middle income","ILO - Modelled Estimates","SDG indicator 5.5.2 - Proportion of women in managerial positions (%)","2018",29.246,,,,
"South-Eastern Asia and the Pacific: Upper-middle income","ILO - Modelled Estimates","SDG indicator 5.5.2 - Proportion of women in managerial positions (%)","2017",28.304,,,,
"South-Eastern Asia and the Pacific: Upper-middle income","ILO - Modelled Estimates","SDG indicator 5.5.2 - Proportion of women in managerial positions (%)","2016",27.472,,,,
"South-Eastern Asia and the Pacific: Upper-middle income","ILO - Modelled Estimates","SDG indicator 5.5.2 - Proportion of women in managerial positions (%)","2015",27.387,,,,
"South-Eastern Asia and the Pacific: Upper-middle income","ILO - Modelled Estimates","SDG indicator 5.5.2 - Proportion of women in managerial positions (%)","2014",28.032,,,,
"South-Eastern Asia and the Pacific: Upper-middle income","ILO - Modelled Estimates","SDG indicator 5.5.2 - Proportion of women in managerial positions (%)","2013",27.324,,,,
"South-Eastern Asia and the Pacific: Upper-middle income","ILO - Modelled Estimates","SDG indicator 5.5.2 - Proportion of women in managerial positions (%)","2012",24.596,,,,
"South-Eastern Asia and the Pacific: Upper-middle income","ILO - Modelled Estimates","SDG indicator 5.5.2 - Proportion of women in managerial positions (%)","2011",23.943,,,,
"South-Eastern Asia and the Pacific: Upper-middle income","ILO - Modelled Estimates","SDG indicator 5.5.2 - Proportion of women in managerial positions (%)","2010",24.696,,,,
"South-Eastern Asia and the Pacific: Upper-middle income","ILO - Modelled Estimates","SDG indicator 5.5.2 - Proportion of women in managerial positions (%)","2009",22.913,,,,
"South-Eastern Asia and the Pacific: Upper-middle income","ILO - Modelled Estimates","SDG indicator 5.5.2 - Proportion of women in managerial positions (%)","2008",23.828,,,,
"South-Eastern Asia and the Pacific: Upper-middle income","ILO - Modelled Estimates","SDG indicator 5.5.2 - Proportion of women in managerial positions (%)","2007",22.355,,,,
"South-Eastern Asia and the Pacific: Upper-middle income","ILO - Modelled Estimates","SDG indicator 5.5.2 - Proportion of women in managerial positions (%)","2006",21.762,,,,
"South-Eastern Asia and the Pacific: Upper-middle income","ILO - Modelled Estimates","SDG indicator 5.5.2 - Proportion of women in managerial positions (%)","2005",22.004,,,,
"South-Eastern Asia and the Pacific: Upper-middle income","ILO - Modelled Estimates","SDG indicator 5.5.2 - Proportion of women in managerial positions (%)","2004",22.087,,,,
"South-Eastern Asia and the Pacific: Upper-middle income","ILO - Modelled Estimates","SDG indicator 5.5.2 - Proportion of women in managerial positions (%)","2003",21.239,,,,
"South-Eastern Asia and the Pacific: Upper-middle income","ILO - Modelled Estimates","SDG indicator 5.5.2 - Proportion of women in managerial positions (%)","2002",20.71,,,,
"South-Eastern Asia and the Pacific: Upper-middle income","ILO - Modelled Estimates","SDG indicator 5.5.2 - Proportion of women in managerial positions (%)","2001",20.842,,,,
"South-Eastern Asia and the Pacific: Upper-middle income","ILO - Modelled Estimates","SDG indicator 5.5.2 - Proportion of women in managerial positions (%)","2000",21.247,,,,
"South-Eastern Asia and the Pacific: High income","ILO - Modelled Estimates","SDG indicator 5.5.2 - Proportion of women in managerial positions (%)","2023",38.983,,,,
"South-Eastern Asia and the Pacific: High income","ILO - Modelled Estimates","SDG indicator 5.5.2 - Proportion of women in managerial positions (%)","2022",39.14,,,,
"South-Eastern Asia and the Pacific: High income","ILO - Modelled Estimates","SDG indicator 5.5.2 - Proportion of women in managerial positions (%)","2021",38.78,,,,
"South-Eastern Asia and the Pacific: High income","ILO - Modelled Estimates","SDG indicator 5.5.2 - Proportion of women in managerial positions (%)","2020",38.596,,,,
"South-Eastern Asia and the Pacific: High income","ILO - Modelled Estimates","SDG indicator 5.5.2 - Proportion of women in managerial positions (%)","2019",37.95,,,,
"South-Eastern Asia and the Pacific: High income","ILO - Modelled Estimates","SDG indicator 5.5.2 - Proportion of women in managerial positions (%)","2018",37.039,,,,
"South-Eastern Asia and the Pacific: High income","ILO - Modelled Estimates","SDG indicator 5.5.2 - Proportion of women in managerial positions (%)","2017",36.947,,,,
"South-Eastern Asia and the Pacific: High income","ILO - Modelled Estimates","SDG indicator 5.5.2 - Proportion of women in managerial positions (%)","2016",35.831,,,,
"South-Eastern Asia and the Pacific: High income","ILO - Modelled Estimates","SDG indicator 5.5.2 - Proportion of women in managerial positions (%)","2015",35.96,,,,
"South-Eastern Asia and the Pacific: High income","ILO - Modelled Estimates","SDG indicator 5.5.2 - Proportion of women in managerial positions (%)","2014",35.177,,,,
"South-Eastern Asia and the Pacific: High income","ILO - Modelled Estimates","SDG indicator 5.5.2 - Proportion of women in managerial positions (%)","2013",34.762,,,,
"South-Eastern Asia and the Pacific: High income","ILO - Modelled Estimates","SDG indicator 5.5.2 - Proportion of women in managerial positions (%)","2012",34.713,,,,
"South-Eastern Asia and the Pacific: High income","ILO - Modelled Estimates","SDG indicator 5.5.2 - Proportion of women in managerial positions (%)","2011",34.896,,,,
"South-Eastern Asia and the Pacific: High income","ILO - Modelled Estimates","SDG indicator 5.5.2 - Proportion of women in managerial positions (%)","2010",33.984,,,,
"South-Eastern Asia and the Pacific: High income","ILO - Modelled Estimates","SDG indicator 5.5.2 - Proportion of women in managerial positions (%)","2009",33.99,,,,
"South-Eastern Asia and the Pacific: High income","ILO - Modelled Estimates","SDG indicator 5.5.2 - Proportion of women in managerial positions (%)","2008",34.039,,,,
"South-Eastern Asia and the Pacific: High income","ILO - Modelled Estimates","SDG indicator 5.5.2 - Proportion of women in managerial positions (%)","2007",33.208,,,,
"South-Eastern Asia and the Pacific: High income","ILO - Modelled Estimates","SDG indicator 5.5.2 - Proportion of women in managerial positions (%)","2006",33.535,,,,
"South-Eastern Asia and the Pacific: High income","ILO - Modelled Estimates","SDG indicator 5.5.2 - Proportion of women in managerial positions (%)","2005",32.81,,,,
"South-Eastern Asia and the Pacific: High income","ILO - Modelled Estimates","SDG indicator 5.5.2 - Proportion of women in managerial positions (%)","2004",31.948,,,,
"South-Eastern Asia and the Pacific: High income","ILO - Modelled Estimates","SDG indicator 5.5.2 - Proportion of women in managerial positions (%)","2003",31.581,,,,
"South-Eastern Asia and the Pacific: High income","ILO - Modelled Estimates","SDG indicator 5.5.2 - Proportion of women in managerial positions (%)","2002",31.63,,,,
"South-Eastern Asia and the Pacific: High income","ILO - Modelled Estimates","SDG indicator 5.5.2 - Proportion of women in managerial positions (%)","2001",31.149,,,,
"South-Eastern Asia and the Pacific: High income","ILO - Modelled Estimates","SDG indicator 5.5.2 - Proportion of women in managerial positions (%)","2000",30.629,,,,
"South-Eastern Asia","ILO - Modelled Estimates","SDG indicator 5.5.2 - Proportion of women in managerial positions (%)","2023",35.925,,,,
"South-Eastern Asia","ILO - Modelled Estimates","SDG indicator 5.5.2 - Proportion of women in managerial positions (%)","2022",36.216,,,,
"South-Eastern Asia","ILO - Modelled Estimates","SDG indicator 5.5.2 - Proportion of women in managerial positions (%)","2021",39.389,,,,
"South-Eastern Asia","ILO - Modelled Estimates","SDG indicator 5.5.2 - Proportion of women in managerial positions (%)","2020",39.709,,,,
"South-Eastern Asia","ILO - Modelled Estimates","SDG indicator 5.5.2 - Proportion of women in managerial positions (%)","2019",38.806,,,,
"South-Eastern Asia","ILO - Modelled Estimates","SDG indicator 5.5.2 - Proportion of women in managerial positions (%)","2018",41.694,,,,
"South-Eastern Asia","ILO - Modelled Estimates","SDG indicator 5.5.2 - Proportion of women in managerial positions (%)","2017",41.013,,,,
"South-Eastern Asia","ILO - Modelled Estimates","SDG indicator 5.5.2 - Proportion of women in managerial positions (%)","2016",41.432,,,,
"South-Eastern Asia","ILO - Modelled Estimates","SDG indicator 5.5.2 - Proportion of women in managerial positions (%)","2015",41.197,,,,
"South-Eastern Asia","ILO - Modelled Estimates","SDG indicator 5.5.2 - Proportion of women in managerial positions (%)","2014",41.496,,,,
"South-Eastern Asia","ILO - Modelled Estimates","SDG indicator 5.5.2 - Proportion of women in managerial positions (%)","2013",41.384,,,,
"South-Eastern Asia","ILO - Modelled Estimates","SDG indicator 5.5.2 - Proportion of women in managerial positions (%)","2012",40.734,,,,
"South-Eastern Asia","ILO - Modelled Estimates","SDG indicator 5.5.2 - Proportion of women in managerial positions (%)","2011",42.842,,,,
"South-Eastern Asia","ILO - Modelled Estimates","SDG indicator 5.5.2 - Proportion of women in managerial positions (%)","2010",43.046,,,,
"South-Eastern Asia","ILO - Modelled Estimates","SDG indicator 5.5.2 - Proportion of women in managerial positions (%)","2009",42.32,,,,
"South-Eastern Asia","ILO - Modelled Estimates","SDG indicator 5.5.2 - Proportion of women in managerial positions (%)","2008",42.463,,,,
"South-Eastern Asia","ILO - Modelled Estimates","SDG indicator 5.5.2 - Proportion of women in managerial positions (%)","2007",41.953,,,,
"South-Eastern Asia","ILO - Modelled Estimates","SDG indicator 5.5.2 - Proportion of women in managerial positions (%)","2006",42.068,,,,
"South-Eastern Asia","ILO - Modelled Estimates","SDG indicator 5.5.2 - Proportion of women in managerial positions (%)","2005",42.499,,,,
"South-Eastern Asia","ILO - Modelled Estimates","SDG indicator 5.5.2 - Proportion of women in managerial positions (%)","2004",42.06,,,,
"South-Eastern Asia","ILO - Modelled Estimates","SDG indicator 5.5.2 - Proportion of women in managerial positions (%)","2003",42.048,,,,
"South-Eastern Asia","ILO - Modelled Estimates","SDG indicator 5.5.2 - Proportion of women in managerial positions (%)","2002",41.851,,,,
"South-Eastern Asia","ILO - Modelled Estimates","SDG indicator 5.5.2 - Proportion of women in managerial positions (%)","2001",42.425,,,,
"South-Eastern Asia","ILO - Modelled Estimates","SDG indicator 5.5.2 - Proportion of women in managerial positions (%)","2000",42.499,,,,
"Pacific Islands","ILO - Modelled Estimates","SDG indicator 5.5.2 - Proportion of women in managerial positions (%)","2023",39.43,,,,
"Pacific Islands","ILO - Modelled Estimates","SDG indicator 5.5.2 - Proportion of women in managerial positions (%)","2022",39.168,,,,
"Pacific Islands","ILO - Modelled Estimates","SDG indicator 5.5.2 - Proportion of women in managerial positions (%)","2021",39.165,,,,
"Pacific Islands","ILO - Modelled Estimates","SDG indicator 5.5.2 - Proportion of women in managerial positions (%)","2020",39.56,,,,
"Pacific Islands","ILO - Modelled Estimates","SDG indicator 5.5.2 - Proportion of women in managerial positions (%)","2019",38.989,,,,
"Pacific Islands","ILO - Modelled Estimates","SDG indicator 5.5.2 - Proportion of women in managerial positions (%)","2018",37.902,,,,
"Pacific Islands","ILO - Modelled Estimates","SDG indicator 5.5.2 - Proportion of women in managerial positions (%)","2017",38.407,,,,
"Pacific Islands","ILO - Modelled Estimates","SDG indicator 5.5.2 - Proportion of women in managerial positions (%)","2016",36.941,,,,
"Pacific Islands","ILO - Modelled Estimates","SDG indicator 5.5.2 - Proportion of women in managerial positions (%)","2015",37.51,,,,
"Pacific Islands","ILO - Modelled Estimates","SDG indicator 5.5.2 - Proportion of women in managerial positions (%)","2014",36.465,,,,
"Pacific Islands","ILO - Modelled Estimates","SDG indicator 5.5.2 - Proportion of women in managerial positions (%)","2013",36.06,,,,
"Pacific Islands","ILO - Modelled Estimates","SDG indicator 5.5.2 - Proportion of women in managerial positions (%)","2012",35.91,,,,
"Pacific Islands","ILO - Modelled Estimates","SDG indicator 5.5.2 - Proportion of women in managerial positions (%)","2011",36.118,,,,
"Pacific Islands","ILO - Modelled Estimates","SDG indicator 5.5.2 - Proportion of women in managerial positions (%)","2010",34.766,,,,
"Pacific Islands","ILO - Modelled Estimates","SDG indicator 5.5.2 - Proportion of women in managerial positions (%)","2009",35.464,,,,
"Pacific Islands","ILO - Modelled Estimates","SDG indicator 5.5.2 - Proportion of women in managerial positions (%)","2008",35.349,,,,
"Pacific Islands","ILO - Modelled Estimates","SDG indicator 5.5.2 - Proportion of women in managerial positions (%)","2007",34.348,,,,
"Pacific Islands","ILO - Modelled Estimates","SDG indicator 5.5.2 - Proportion of women in managerial positions (%)","2006",34.228,,,,
"Pacific Islands","ILO - Modelled Estimates","SDG indicator 5.5.2 - Proportion of women in managerial positions (%)","2005",33.57,,,,
"Pacific Islands","ILO - Modelled Estimates","SDG indicator 5.5.2 - Proportion of women in managerial positions (%)","2004",32.793,,,,
"Pacific Islands","ILO - Modelled Estimates","SDG indicator 5.5.2 - Proportion of women in managerial positions (%)","2003",32.777,,,,
"Pacific Islands","ILO - Modelled Estimates","SDG indicator 5.5.2 - Proportion of women in managerial positions (%)","2002",32.847,,,,
"Pacific Islands","ILO - Modelled Estimates","SDG indicator 5.5.2 - Proportion of women in managerial positions (%)","2001",32.617,,,,
"Pacific Islands","ILO - Modelled Estimates","SDG indicator 5.5.2 - Proportion of women in managerial positions (%)","2000",32.053,,,,
"Southern Asia","ILO - Modelled Estimates","SDG indicator 5.5.2 - Proportion of women in managerial positions (%)","2023",10.822,,,,
"Southern Asia","ILO - Modelled Estimates","SDG indicator 5.5.2 - Proportion of women in managerial positions (%)","2022",15.254,,,,
"Southern Asia","ILO - Modelled Estimates","SDG indicator 5.5.2 - Proportion of women in managerial positions (%)","2021",16.223,,,,
"Southern Asia","ILO - Modelled Estimates","SDG indicator 5.5.2 - Proportion of women in managerial positions (%)","2020",15.903,,,,
"Southern Asia","ILO - Modelled Estimates","SDG indicator 5.5.2 - Proportion of women in managerial positions (%)","2019",16.75,,,,
"Southern Asia","ILO - Modelled Estimates","SDG indicator 5.5.2 - Proportion of women in managerial positions (%)","2018",16.057,,,,
"Southern Asia","ILO - Modelled Estimates","SDG indicator 5.5.2 - Proportion of women in managerial positions (%)","2017",15.637,,,,
"Southern Asia","ILO - Modelled Estimates","SDG indicator 5.5.2 - Proportion of women in managerial positions (%)","2016",15.156,,,,
"Southern Asia","ILO - Modelled Estimates","SDG indicator 5.5.2 - Proportion of women in managerial positions (%)","2015",14.708,,,,
"Southern Asia","ILO - Modelled Estimates","SDG indicator 5.5.2 - Proportion of women in managerial positions (%)","2014",14.431,,,,
"Southern Asia","ILO - Modelled Estimates","SDG indicator 5.5.2 - Proportion of women in managerial positions (%)","2013",13.803,,,,
"Southern Asia","ILO - Modelled Estimates","SDG indicator 5.5.2 - Proportion of women in managerial positions (%)","2012",13.374,,,,
"Southern Asia","ILO - Modelled Estimates","SDG indicator 5.5.2 - Proportion of women in managerial positions (%)","2011",13.108,,,,
"Southern Asia","ILO - Modelled Estimates","SDG indicator 5.5.2 - Proportion of women in managerial positions (%)","2010",12.951,,,,
"Southern Asia","ILO - Modelled Estimates","SDG indicator 5.5.2 - Proportion of women in managerial positions (%)","2009",13.116,,,,
"Southern Asia","ILO - Modelled Estimates","SDG indicator 5.5.2 - Proportion of women in managerial positions (%)","2008",13.242,,,,
"Southern Asia","ILO - Modelled Estimates","SDG indicator 5.5.2 - Proportion of women in managerial positions (%)","2007",13.454,,,,
"Southern Asia","ILO - Modelled Estimates","SDG indicator 5.5.2 - Proportion of women in managerial positions (%)","2006",13.643,,,,
"Southern Asia","ILO - Modelled Estimates","SDG indicator 5.5.2 - Proportion of women in managerial positions (%)","2005",13.828,,,,
"Southern Asia","ILO - Modelled Estimates","SDG indicator 5.5.2 - Proportion of women in managerial positions (%)","2004",13.705,,,,
"Southern Asia","ILO - Modelled Estimates","SDG indicator 5.5.2 - Proportion of women in managerial positions (%)","2003",13.607,,,,
"Southern Asia","ILO - Modelled Estimates","SDG indicator 5.5.2 - Proportion of women in managerial positions (%)","2002",13.45,,,,
"Southern Asia","ILO - Modelled Estimates","SDG indicator 5.5.2 - Proportion of women in managerial positions (%)","2001",13.267,,,,
"Southern Asia","ILO - Modelled Estimates","SDG indicator 5.5.2 - Proportion of women in managerial positions (%)","2000",13.117,,,,
"Southern Asia: Lower-middle income","ILO - Modelled Estimates","SDG indicator 5.5.2 - Proportion of women in managerial positions (%)","2023",10.646,,,,
"Southern Asia: Lower-middle income","ILO - Modelled Estimates","SDG indicator 5.5.2 - Proportion of women in managerial positions (%)","2022",15.253,,,,
"Southern Asia: Lower-middle income","ILO - Modelled Estimates","SDG indicator 5.5.2 - Proportion of women in managerial positions (%)","2021",16.226,,,,
"Southern Asia: Lower-middle income","ILO - Modelled Estimates","SDG indicator 5.5.2 - Proportion of women in managerial positions (%)","2020",15.914,,,,
"Southern Asia: Lower-middle income","ILO - Modelled Estimates","SDG indicator 5.5.2 - Proportion of women in managerial positions (%)","2019",16.758,,,,
"Southern Asia: Lower-middle income","ILO - Modelled Estimates","SDG indicator 5.5.2 - Proportion of women in managerial positions (%)","2018",16.018,,,,
"Southern Asia: Lower-middle income","ILO - Modelled Estimates","SDG indicator 5.5.2 - Proportion of women in managerial positions (%)","2017",15.612,,,,
"Southern Asia: Lower-middle income","ILO - Modelled Estimates","SDG indicator 5.5.2 - Proportion of women in managerial positions (%)","2016",15.156,,,,
"Southern Asia: Lower-middle income","ILO - Modelled Estimates","SDG indicator 5.5.2 - Proportion of women in managerial positions (%)","2015",14.714,,,,
"Southern Asia: Lower-middle income","ILO - Modelled Estimates","SDG indicator 5.5.2 - Proportion of women in managerial positions (%)","2014",14.397,,,,
"Southern Asia: Lower-middle income","ILO - Modelled Estimates","SDG indicator 5.5.2 - Proportion of women in managerial positions (%)","2013",13.812,,,,
"Southern Asia: Lower-middle income","ILO - Modelled Estimates","SDG indicator 5.5.2 - Proportion of women in managerial positions (%)","2012",13.344,,,,
"Southern Asia: Lower-middle income","ILO - Modelled Estimates","SDG indicator 5.5.2 - Proportion of women in managerial positions (%)","2011",13.127,,,,
"Southern Asia: Lower-middle income","ILO - Modelled Estimates","SDG indicator 5.5.2 - Proportion of women in managerial positions (%)","2010",12.955,,,,
"Southern Asia: Lower-middle income","ILO - Modelled Estimates","SDG indicator 5.5.2 - Proportion of women in managerial positions (%)","2009",13.123,,,,
"Southern Asia: Lower-middle income","ILO - Modelled Estimates","SDG indicator 5.5.2 - Proportion of women in managerial positions (%)","2008",13.275,,,,
"Southern Asia: Lower-middle income","ILO - Modelled Estimates","SDG indicator 5.5.2 - Proportion of women in managerial positions (%)","2007",13.449,,,,
"Southern Asia: Lower-middle income","ILO - Modelled Estimates","SDG indicator 5.5.2 - Proportion of women in managerial positions (%)","2006",13.624,,,,
"Southern Asia: Lower-middle income","ILO - Modelled Estimates","SDG indicator 5.5.2 - Proportion of women in managerial positions (%)","2005",13.804,,,,
"Southern Asia: Lower-middle income","ILO - Modelled Estimates","SDG indicator 5.5.2 - Proportion of women in managerial positions (%)","2004",13.691,,,,
"Southern Asia: Lower-middle income","ILO - Modelled Estimates","SDG indicator 5.5.2 - Proportion of women in managerial positions (%)","2003",13.614,,,,
"Southern Asia: Lower-middle income","ILO - Modelled Estimates","SDG indicator 5.5.2 - Proportion of women in managerial positions (%)","2002",13.477,,,,
"Southern Asia: Lower-middle income","ILO - Modelled Estimates","SDG indicator 5.5.2 - Proportion of women in managerial positions (%)","2001",13.298,,,,
"Southern Asia: Lower-middle income","ILO - Modelled Estimates","SDG indicator 5.5.2 - Proportion of women in managerial positions (%)","2000",13.151,,,,
"Southern Asia: Upper-middle income","ILO - Modelled Estimates","SDG indicator 5.5.2 - Proportion of women in managerial positions (%)","2023",17.808,,,,
"Southern Asia: Upper-middle income","ILO - Modelled Estimates","SDG indicator 5.5.2 - Proportion of women in managerial positions (%)","2022",17.135,,,,
"Southern Asia: Upper-middle income","ILO - Modelled Estimates","SDG indicator 5.5.2 - Proportion of women in managerial positions (%)","2021",17.721,,,,
"Southern Asia: Upper-middle income","ILO - Modelled Estimates","SDG indicator 5.5.2 - Proportion of women in managerial positions (%)","2020",16.727,,,,
"Southern Asia: Upper-middle income","ILO - Modelled Estimates","SDG indicator 5.5.2 - Proportion of women in managerial positions (%)","2019",17.612,,,,
"Southern Asia: Upper-middle income","ILO - Modelled Estimates","SDG indicator 5.5.2 - Proportion of women in managerial positions (%)","2018",19.044,,,,
"Southern Asia: Upper-middle income","ILO - Modelled Estimates","SDG indicator 5.5.2 - Proportion of women in managerial positions (%)","2017",17.834,,,,
"Southern Asia: Upper-middle income","ILO - Modelled Estimates","SDG indicator 5.5.2 - Proportion of women in managerial positions (%)","2016",16.015,,,,
"Southern Asia: Upper-middle income","ILO - Modelled Estimates","SDG indicator 5.5.2 - Proportion of women in managerial positions (%)","2015",15.228,,,,
"Southern Asia: Upper-middle income","ILO - Modelled Estimates","SDG indicator 5.5.2 - Proportion of women in managerial positions (%)","2014",16.828,,,,
"Southern Asia: Upper-middle income","ILO - Modelled Estimates","SDG indicator 5.5.2 - Proportion of women in managerial positions (%)","2013",14.079,,,,
"Southern Asia: Upper-middle income","ILO - Modelled Estimates","SDG indicator 5.5.2 - Proportion of women in managerial positions (%)","2012",15.642,,,,
"Southern Asia: Upper-middle income","ILO - Modelled Estimates","SDG indicator 5.5.2 - Proportion of women in managerial positions (%)","2011",12.915,,,,
"Southern Asia: Upper-middle income","ILO - Modelled Estimates","SDG indicator 5.5.2 - Proportion of women in managerial positions (%)","2010",13.501,,,,
"Southern Asia: Upper-middle income","ILO - Modelled Estimates","SDG indicator 5.5.2 - Proportion of women in managerial positions (%)","2009",13.471,,,,
"Southern Asia: Upper-middle income","ILO - Modelled Estimates","SDG indicator 5.5.2 - Proportion of women in managerial positions (%)","2008",12.579,,,,
"Southern Asia: Upper-middle income","ILO - Modelled Estimates","SDG indicator 5.5.2 - Proportion of women in managerial positions (%)","2007",14.263,,,,
"Southern Asia: Upper-middle income","ILO - Modelled Estimates","SDG indicator 5.5.2 - Proportion of women in managerial positions (%)","2006",14.974,,,,
"Southern Asia: Upper-middle income","ILO - Modelled Estimates","SDG indicator 5.5.2 - Proportion of women in managerial positions (%)","2005",15.289,,,,
"Southern Asia: Upper-middle income","ILO - Modelled Estimates","SDG indicator 5.5.2 - Proportion of women in managerial positions (%)","2004",14.82,,,,
"Southern Asia: Upper-middle income","ILO - Modelled Estimates","SDG indicator 5.5.2 - Proportion of women in managerial positions (%)","2003",14.01,,,,
"Southern Asia: Upper-middle income","ILO - Modelled Estimates","SDG indicator 5.5.2 - Proportion of women in managerial positions (%)","2002",13.123,,,,
"Southern Asia: Upper-middle income","ILO - Modelled Estimates","SDG indicator 5.5.2 - Proportion of women in managerial positions (%)","2001",12.716,,,,
"Southern Asia: Upper-middle income","ILO - Modelled Estimates","SDG indicator 5.5.2 - Proportion of women in managerial positions (%)","2000",12.498,,,,
"Europe and Central Asia","ILO - Modelled Estimates","SDG indicator 5.5.2 - Proportion of women in managerial positions (%)","2023",36.008,,,,
"Europe and Central Asia","ILO - Modelled Estimates","SDG indicator 5.5.2 - Proportion of women in managerial positions (%)","2022",35.612,,,,
"Europe and Central Asia","ILO - Modelled Estimates","SDG indicator 5.5.2 - Proportion of women in managerial positions (%)","2021",36.622,,,,
"Europe and Central Asia","ILO - Modelled Estimates","SDG indicator 5.5.2 - Proportion of women in managerial positions (%)","2020",35.98,,,,
"Europe and Central Asia","ILO - Modelled Estimates","SDG indicator 5.5.2 - Proportion of women in managerial positions (%)","2019",35.37,,,,
"Europe and Central Asia","ILO - Modelled Estimates","SDG indicator 5.5.2 - Proportion of women in managerial positions (%)","2018",34.525,,,,
"Europe and Central Asia","ILO - Modelled Estimates","SDG indicator 5.5.2 - Proportion of women in managerial positions (%)","2017",34.45,,,,
"Europe and Central Asia","ILO - Modelled Estimates","SDG indicator 5.5.2 - Proportion of women in managerial positions (%)","2016",34.715,,,,
"Europe and Central Asia","ILO - Modelled Estimates","SDG indicator 5.5.2 - Proportion of women in managerial positions (%)","2015",34.062,,,,
"Europe and Central Asia","ILO - Modelled Estimates","SDG indicator 5.5.2 - Proportion of women in managerial positions (%)","2014",33.808,,,,
"Europe and Central Asia","ILO - Modelled Estimates","SDG indicator 5.5.2 - Proportion of women in managerial positions (%)","2013",33.997,,,,
"Europe and Central Asia","ILO - Modelled Estimates","SDG indicator 5.5.2 - Proportion of women in managerial positions (%)","2012",34.3,,,,
"Europe and Central Asia","ILO - Modelled Estimates","SDG indicator 5.5.2 - Proportion of women in managerial positions (%)","2011",34.256,,,,
"Europe and Central Asia","ILO - Modelled Estimates","SDG indicator 5.5.2 - Proportion of women in managerial positions (%)","2010",34.004,,,,
"Europe and Central Asia","ILO - Modelled Estimates","SDG indicator 5.5.2 - Proportion of women in managerial positions (%)","2009",33.53,,,,
"Europe and Central Asia","ILO - Modelled Estimates","SDG indicator 5.5.2 - Proportion of women in managerial positions (%)","2008",33.045,,,,
"Europe and Central Asia","ILO - Modelled Estimates","SDG indicator 5.5.2 - Proportion of women in managerial positions (%)","2007",33.24,,,,
"Europe and Central Asia","ILO - Modelled Estimates","SDG indicator 5.5.2 - Proportion of women in managerial positions (%)","2006",32.7,,,,
"Europe and Central Asia","ILO - Modelled Estimates","SDG indicator 5.5.2 - Proportion of women in managerial positions (%)","2005",32.248,,,,
"Europe and Central Asia","ILO - Modelled Estimates","SDG indicator 5.5.2 - Proportion of women in managerial positions (%)","2004",32.109,,,,
"Europe and Central Asia","ILO - Modelled Estimates","SDG indicator 5.5.2 - Proportion of women in managerial positions (%)","2003",31.526,,,,
"Europe and Central Asia","ILO - Modelled Estimates","SDG indicator 5.5.2 - Proportion of women in managerial positions (%)","2002",30.567,,,,
"Europe and Central Asia","ILO - Modelled Estimates","SDG indicator 5.5.2 - Proportion of women in managerial positions (%)","2001",30.079,,,,
"Europe and Central Asia","ILO - Modelled Estimates","SDG indicator 5.5.2 - Proportion of women in managerial positions (%)","2000",29.729,,,,
"Europe and Central Asia: Lower-middle income","ILO - Modelled Estimates","SDG indicator 5.5.2 - Proportion of women in managerial positions (%)","2023",23.785,,,,
"Europe and Central Asia: Lower-middle income","ILO - Modelled Estimates","SDG indicator 5.5.2 - Proportion of women in managerial positions (%)","2022",23.5,,,,
"Europe and Central Asia: Lower-middle income","ILO - Modelled Estimates","SDG indicator 5.5.2 - Proportion of women in managerial positions (%)","2021",24.757,,,,
"Europe and Central Asia: Lower-middle income","ILO - Modelled Estimates","SDG indicator 5.5.2 - Proportion of women in managerial positions (%)","2020",25.729,,,,
"Europe and Central Asia: Lower-middle income","ILO - Modelled Estimates","SDG indicator 5.5.2 - Proportion of women in managerial positions (%)","2019",23.566,,,,
"Europe and Central Asia: Lower-middle income","ILO - Modelled Estimates","SDG indicator 5.5.2 - Proportion of women in managerial positions (%)","2018",22.781,,,,
"Europe and Central Asia: Lower-middle income","ILO - Modelled Estimates","SDG indicator 5.5.2 - Proportion of women in managerial positions (%)","2017",22.503,,,,
"Europe and Central Asia: Lower-middle income","ILO - Modelled Estimates","SDG indicator 5.5.2 - Proportion of women in managerial positions (%)","2016",22.09,,,,
"Europe and Central Asia: Lower-middle income","ILO - Modelled Estimates","SDG indicator 5.5.2 - Proportion of women in managerial positions (%)","2015",21.752,,,,
"Europe and Central Asia: Lower-middle income","ILO - Modelled Estimates","SDG indicator 5.5.2 - Proportion of women in managerial positions (%)","2014",21.46,,,,
"Europe and Central Asia: Lower-middle income","ILO - Modelled Estimates","SDG indicator 5.5.2 - Proportion of women in managerial positions (%)","2013",21.028,,,,
"Europe and Central Asia: Lower-middle income","ILO - Modelled Estimates","SDG indicator 5.5.2 - Proportion of women in managerial positions (%)","2012",21.274,,,,
"Europe and Central Asia: Lower-middle income","ILO - Modelled Estimates","SDG indicator 5.5.2 - Proportion of women in managerial positions (%)","2011",20.874,,,,
"Europe and Central Asia: Lower-middle income","ILO - Modelled Estimates","SDG indicator 5.5.2 - Proportion of women in managerial positions (%)","2010",20.639,,,,
"Europe and Central Asia: Lower-middle income","ILO - Modelled Estimates","SDG indicator 5.5.2 - Proportion of women in managerial positions (%)","2009",20.756,,,,
"Europe and Central Asia: Lower-middle income","ILO - Modelled Estimates","SDG indicator 5.5.2 - Proportion of women in managerial positions (%)","2008",20.759,,,,
"Europe and Central Asia: Lower-middle income","ILO - Modelled Estimates","SDG indicator 5.5.2 - Proportion of women in managerial positions (%)","2007",20.898,,,,
"Europe and Central Asia: Lower-middle income","ILO - Modelled Estimates","SDG indicator 5.5.2 - Proportion of women in managerial positions (%)","2006",21.194,,,,
"Europe and Central Asia: Lower-middle income","ILO - Modelled Estimates","SDG indicator 5.5.2 - Proportion of women in managerial positions (%)","2005",19.81,,,,
"Europe and Central Asia: Lower-middle income","ILO - Modelled Estimates","SDG indicator 5.5.2 - Proportion of women in managerial positions (%)","2004",18.482,,,,
"Europe and Central Asia: Lower-middle income","ILO - Modelled Estimates","SDG indicator 5.5.2 - Proportion of women in managerial positions (%)","2003",17.904,,,,
"Europe and Central Asia: Lower-middle income","ILO - Modelled Estimates","SDG indicator 5.5.2 - Proportion of women in managerial positions (%)","2002",19.927,,,,
"Europe and Central Asia: Lower-middle income","ILO - Modelled Estimates","SDG indicator 5.5.2 - Proportion of women in managerial positions (%)","2001",20.337,,,,
"Europe and Central Asia: Lower-middle income","ILO - Modelled Estimates","SDG indicator 5.5.2 - Proportion of women in managerial positions (%)","2000",20.184,,,,
"Europe and Central Asia: Upper-middle income","ILO - Modelled Estimates","SDG indicator 5.5.2 - Proportion of women in managerial positions (%)","2023",30.262,,,,
"Europe and Central Asia: Upper-middle income","ILO - Modelled Estimates","SDG indicator 5.5.2 - Proportion of women in managerial positions (%)","2022",30.28,,,,
"Europe and Central Asia: Upper-middle income","ILO - Modelled Estimates","SDG indicator 5.5.2 - Proportion of women in managerial positions (%)","2021",32.872,,,,
"Europe and Central Asia: Upper-middle income","ILO - Modelled Estimates","SDG indicator 5.5.2 - Proportion of women in managerial positions (%)","2020",32.663,,,,
"Europe and Central Asia: Upper-middle income","ILO - Modelled Estimates","SDG indicator 5.5.2 - Proportion of women in managerial positions (%)","2019",32.157,,,,
"Europe and Central Asia: Upper-middle income","ILO - Modelled Estimates","SDG indicator 5.5.2 - Proportion of women in managerial positions (%)","2018",31.387,,,,
"Europe and Central Asia: Upper-middle income","ILO - Modelled Estimates","SDG indicator 5.5.2 - Proportion of women in managerial positions (%)","2017",31.856,,,,
"Europe and Central Asia: Upper-middle income","ILO - Modelled Estimates","SDG indicator 5.5.2 - Proportion of women in managerial positions (%)","2016",32.212,,,,
"Europe and Central Asia: Upper-middle income","ILO - Modelled Estimates","SDG indicator 5.5.2 - Proportion of women in managerial positions (%)","2015",31.413,,,,
"Europe and Central Asia: Upper-middle income","ILO - Modelled Estimates","SDG indicator 5.5.2 - Proportion of women in managerial positions (%)","2014",31.413,,,,
"Europe and Central Asia: Upper-middle income","ILO - Modelled Estimates","SDG indicator 5.5.2 - Proportion of women in managerial positions (%)","2013",32.443,,,,
"Europe and Central Asia: Upper-middle income","ILO - Modelled Estimates","SDG indicator 5.5.2 - Proportion of women in managerial positions (%)","2012",31.448,,,,
"Europe and Central Asia: Upper-middle income","ILO - Modelled Estimates","SDG indicator 5.5.2 - Proportion of women in managerial positions (%)","2011",31.181,,,,
"Europe and Central Asia: Upper-middle income","ILO - Modelled Estimates","SDG indicator 5.5.2 - Proportion of women in managerial positions (%)","2010",31.784,,,,
"Europe and Central Asia: Upper-middle income","ILO - Modelled Estimates","SDG indicator 5.5.2 - Proportion of women in managerial positions (%)","2009",32.201,,,,
"Europe and Central Asia: Upper-middle income","ILO - Modelled Estimates","SDG indicator 5.5.2 - Proportion of women in managerial positions (%)","2008",31.426,,,,
"Europe and Central Asia: Upper-middle income","ILO - Modelled Estimates","SDG indicator 5.5.2 - Proportion of women in managerial positions (%)","2007",31.138,,,,
"Europe and Central Asia: Upper-middle income","ILO - Modelled Estimates","SDG indicator 5.5.2 - Proportion of women in managerial positions (%)","2006",29.406,,,,
"Europe and Central Asia: Upper-middle income","ILO - Modelled Estimates","SDG indicator 5.5.2 - Proportion of women in managerial positions (%)","2005",27.877,,,,
"Europe and Central Asia: Upper-middle income","ILO - Modelled Estimates","SDG indicator 5.5.2 - Proportion of women in managerial positions (%)","2004",29.834,,,,
"Europe and Central Asia: Upper-middle income","ILO - Modelled Estimates","SDG indicator 5.5.2 - Proportion of women in managerial positions (%)","2003",28.328,,,,
"Europe and Central Asia: Upper-middle income","ILO - Modelled Estimates","SDG indicator 5.5.2 - Proportion of women in managerial positions (%)","2002",28.469,,,,
"Europe and Central Asia: Upper-middle income","ILO - Modelled Estimates","SDG indicator 5.5.2 - Proportion of women in managerial positions (%)","2001",27.698,,,,
"Europe and Central Asia: Upper-middle income","ILO - Modelled Estimates","SDG indicator 5.5.2 - Proportion of women in managerial positions (%)","2000",27.044,,,,
"Europe and Central Asia: High income","ILO - Modelled Estimates","SDG indicator 5.5.2 - Proportion of women in managerial positions (%)","2023",37.541,,,,
"Europe and Central Asia: High income","ILO - Modelled Estimates","SDG indicator 5.5.2 - Proportion of women in managerial positions (%)","2022",37.075,,,,
"Europe and Central Asia: High income","ILO - Modelled Estimates","SDG indicator 5.5.2 - Proportion of women in managerial positions (%)","2021",37.709,,,,
"Europe and Central Asia: High income","ILO - Modelled Estimates","SDG indicator 5.5.2 - Proportion of women in managerial positions (%)","2020",36.991,,,,
"Europe and Central Asia: High income","ILO - Modelled Estimates","SDG indicator 5.5.2 - Proportion of women in managerial positions (%)","2019",36.394,,,,
"Europe and Central Asia: High income","ILO - Modelled Estimates","SDG indicator 5.5.2 - Proportion of women in managerial positions (%)","2018",35.521,,,,
"Europe and Central Asia: High income","ILO - Modelled Estimates","SDG indicator 5.5.2 - Proportion of women in managerial positions (%)","2017",35.311,,,,
"Europe and Central Asia: High income","ILO - Modelled Estimates","SDG indicator 5.5.2 - Proportion of women in managerial positions (%)","2016",35.57,,,,
"Europe and Central Asia: High income","ILO - Modelled Estimates","SDG indicator 5.5.2 - Proportion of women in managerial positions (%)","2015",34.96,,,,
"Europe and Central Asia: High income","ILO - Modelled Estimates","SDG indicator 5.5.2 - Proportion of women in managerial positions (%)","2014",34.651,,,,
"Europe and Central Asia: High income","ILO - Modelled Estimates","SDG indicator 5.5.2 - Proportion of women in managerial positions (%)","2013",34.666,,,,
"Europe and Central Asia: High income","ILO - Modelled Estimates","SDG indicator 5.5.2 - Proportion of women in managerial positions (%)","2012",35.332,,,,
"Europe and Central Asia: High income","ILO - Modelled Estimates","SDG indicator 5.5.2 - Proportion of women in managerial positions (%)","2011",35.359,,,,
"Europe and Central Asia: High income","ILO - Modelled Estimates","SDG indicator 5.5.2 - Proportion of women in managerial positions (%)","2010",34.897,,,,
"Europe and Central Asia: High income","ILO - Modelled Estimates","SDG indicator 5.5.2 - Proportion of women in managerial positions (%)","2009",34.198,,,,
"Europe and Central Asia: High income","ILO - Modelled Estimates","SDG indicator 5.5.2 - Proportion of women in managerial positions (%)","2008",33.782,,,,
"Europe and Central Asia: High income","ILO - Modelled Estimates","SDG indicator 5.5.2 - Proportion of women in managerial positions (%)","2007",34.122,,,,
"Europe and Central Asia: High income","ILO - Modelled Estimates","SDG indicator 5.5.2 - Proportion of women in managerial positions (%)","2006",33.91,,,,
"Europe and Central Asia: High income","ILO - Modelled Estimates","SDG indicator 5.5.2 - Proportion of women in managerial positions (%)","2005",33.791,,,,
"Europe and Central Asia: High income","ILO - Modelled Estimates","SDG indicator 5.5.2 - Proportion of women in managerial positions (%)","2004",33.011,,,,
"Europe and Central Asia: High income","ILO - Modelled Estimates","SDG indicator 5.5.2 - Proportion of women in managerial positions (%)","2003",32.651,,,,
"Europe and Central Asia: High income","ILO - Modelled Estimates","SDG indicator 5.5.2 - Proportion of women in managerial positions (%)","2002",31.454,,,,
"Europe and Central Asia: High income","ILO - Modelled Estimates","SDG indicator 5.5.2 - Proportion of women in managerial positions (%)","2001",31.025,,,,
"Europe and Central Asia: High income","ILO - Modelled Estimates","SDG indicator 5.5.2 - Proportion of women in managerial positions (%)","2000",30.727,,,,
"Northern, Southern and Western Europe","ILO - Modelled Estimates","SDG indicator 5.5.2 - Proportion of women in managerial positions (%)","2023",35.88,,,,
"Northern, Southern and Western Europe","ILO - Modelled Estimates","SDG indicator 5.5.2 - Proportion of women in managerial positions (%)","2022",35.445,,,,
"Northern, Southern and Western Europe","ILO - Modelled Estimates","SDG indicator 5.5.2 - Proportion of women in managerial positions (%)","2021",35.397,,,,
"Northern, Southern and Western Europe","ILO - Modelled Estimates","SDG indicator 5.5.2 - Proportion of women in managerial positions (%)","2020",34.056,,,,
"Northern, Southern and Western Europe","ILO - Modelled Estimates","SDG indicator 5.5.2 - Proportion of women in managerial positions (%)","2019",33.534,,,,
"Northern, Southern and Western Europe","ILO - Modelled Estimates","SDG indicator 5.5.2 - Proportion of women in managerial positions (%)","2018",32.904,,,,
"Northern, Southern and Western Europe","ILO - Modelled Estimates","SDG indicator 5.5.2 - Proportion of women in managerial positions (%)","2017",32.715,,,,
"Northern, Southern and Western Europe","ILO - Modelled Estimates","SDG indicator 5.5.2 - Proportion of women in managerial positions (%)","2016",32.657,,,,
"Northern, Southern and Western Europe","ILO - Modelled Estimates","SDG indicator 5.5.2 - Proportion of women in managerial positions (%)","2015",31.823,,,,
"Northern, Southern and Western Europe","ILO - Modelled Estimates","SDG indicator 5.5.2 - Proportion of women in managerial positions (%)","2014",31.77,,,,
"Northern, Southern and Western Europe","ILO - Modelled Estimates","SDG indicator 5.5.2 - Proportion of women in managerial positions (%)","2013",31.753,,,,
"Northern, Southern and Western Europe","ILO - Modelled Estimates","SDG indicator 5.5.2 - Proportion of women in managerial positions (%)","2012",32.511,,,,
"Northern, Southern and Western Europe","ILO - Modelled Estimates","SDG indicator 5.5.2 - Proportion of women in managerial positions (%)","2011",32.378,,,,
"Northern, Southern and Western Europe","ILO - Modelled Estimates","SDG indicator 5.5.2 - Proportion of women in managerial positions (%)","2010",32.24,,,,
"Northern, Southern and Western Europe","ILO - Modelled Estimates","SDG indicator 5.5.2 - Proportion of women in managerial positions (%)","2009",32.103,,,,
"Northern, Southern and Western Europe","ILO - Modelled Estimates","SDG indicator 5.5.2 - Proportion of women in managerial positions (%)","2008",31.651,,,,
"Northern, Southern and Western Europe","ILO - Modelled Estimates","SDG indicator 5.5.2 - Proportion of women in managerial positions (%)","2007",31.534,,,,
"Northern, Southern and Western Europe","ILO - Modelled Estimates","SDG indicator 5.5.2 - Proportion of women in managerial positions (%)","2006",31.215,,,,
"Northern, Southern and Western Europe","ILO - Modelled Estimates","SDG indicator 5.5.2 - Proportion of women in managerial positions (%)","2005",30.979,,,,
"Northern, Southern and Western Europe","ILO - Modelled Estimates","SDG indicator 5.5.2 - Proportion of women in managerial positions (%)","2004",30.376,,,,
"Northern, Southern and Western Europe","ILO - Modelled Estimates","SDG indicator 5.5.2 - Proportion of women in managerial positions (%)","2003",29.535,,,,
"Northern, Southern and Western Europe","ILO - Modelled Estimates","SDG indicator 5.5.2 - Proportion of women in managerial positions (%)","2002",29.281,,,,
"Northern, Southern and Western Europe","ILO - Modelled Estimates","SDG indicator 5.5.2 - Proportion of women in managerial positions (%)","2001",29.143,,,,
"Northern, Southern and Western Europe","ILO - Modelled Estimates","SDG indicator 5.5.2 - Proportion of women in managerial positions (%)","2000",28.81,,,,
"Northern, Southern and Western Europe: Upper-middle income","ILO - Modelled Estimates","SDG indicator 5.5.2 - Proportion of women in managerial positions (%)","2023",33.323,,,,
"Northern, Southern and Western Europe: Upper-middle income","ILO - Modelled Estimates","SDG indicator 5.5.2 - Proportion of women in managerial positions (%)","2022",33.22,,,,
"Northern, Southern and Western Europe: Upper-middle income","ILO - Modelled Estimates","SDG indicator 5.5.2 - Proportion of women in managerial positions (%)","2021",31.356,,,,
"Northern, Southern and Western Europe: Upper-middle income","ILO - Modelled Estimates","SDG indicator 5.5.2 - Proportion of women in managerial positions (%)","2020",30.093,,,,
"Northern, Southern and Western Europe: Upper-middle income","ILO - Modelled Estimates","SDG indicator 5.5.2 - Proportion of women in managerial positions (%)","2019",31.686,,,,
"Northern, Southern and Western Europe: Upper-middle income","ILO - Modelled Estimates","SDG indicator 5.5.2 - Proportion of women in managerial positions (%)","2018",30.381,,,,
"Northern, Southern and Western Europe: Upper-middle income","ILO - Modelled Estimates","SDG indicator 5.5.2 - Proportion of women in managerial positions (%)","2017",27.288,,,,
"Northern, Southern and Western Europe: Upper-middle income","ILO - Modelled Estimates","SDG indicator 5.5.2 - Proportion of women in managerial positions (%)","2016",27.689,,,,
"Northern, Southern and Western Europe: Upper-middle income","ILO - Modelled Estimates","SDG indicator 5.5.2 - Proportion of women in managerial positions (%)","2015",26.019,,,,
"Northern, Southern and Western Europe: Upper-middle income","ILO - Modelled Estimates","SDG indicator 5.5.2 - Proportion of women in managerial positions (%)","2014",27.975,,,,
"Northern, Southern and Western Europe: Upper-middle income","ILO - Modelled Estimates","SDG indicator 5.5.2 - Proportion of women in managerial positions (%)","2013",29.85,,,,
"Northern, Southern and Western Europe: Upper-middle income","ILO - Modelled Estimates","SDG indicator 5.5.2 - Proportion of women in managerial positions (%)","2012",27.823,,,,
"Northern, Southern and Western Europe: Upper-middle income","ILO - Modelled Estimates","SDG indicator 5.5.2 - Proportion of women in managerial positions (%)","2011",30.255,,,,
"Northern, Southern and Western Europe: Upper-middle income","ILO - Modelled Estimates","SDG indicator 5.5.2 - Proportion of women in managerial positions (%)","2010",30.892,,,,
"Northern, Southern and Western Europe: Upper-middle income","ILO - Modelled Estimates","SDG indicator 5.5.2 - Proportion of women in managerial positions (%)","2009",31.078,,,,
"Northern, Southern and Western Europe: Upper-middle income","ILO - Modelled Estimates","SDG indicator 5.5.2 - Proportion of women in managerial positions (%)","2008",32.167,,,,
"Northern, Southern and Western Europe: Upper-middle income","ILO - Modelled Estimates","SDG indicator 5.5.2 - Proportion of women in managerial positions (%)","2007",30.354,,,,
"Northern, Southern and Western Europe: Upper-middle income","ILO - Modelled Estimates","SDG indicator 5.5.2 - Proportion of women in managerial positions (%)","2006",25.401,,,,
"Northern, Southern and Western Europe: Upper-middle income","ILO - Modelled Estimates","SDG indicator 5.5.2 - Proportion of women in managerial positions (%)","2005",24.992,,,,
"Northern, Southern and Western Europe: Upper-middle income","ILO - Modelled Estimates","SDG indicator 5.5.2 - Proportion of women in managerial positions (%)","2004",25.077,,,,
"Northern, Southern and Western Europe: Upper-middle income","ILO - Modelled Estimates","SDG indicator 5.5.2 - Proportion of women in managerial positions (%)","2003",25.5,,,,
"Northern, Southern and Western Europe: Upper-middle income","ILO - Modelled Estimates","SDG indicator 5.5.2 - Proportion of women in managerial positions (%)","2002",24.666,,,,
"Northern, Southern and Western Europe: Upper-middle income","ILO - Modelled Estimates","SDG indicator 5.5.2 - Proportion of women in managerial positions (%)","2001",24.25,,,,
"Northern, Southern and Western Europe: Upper-middle income","ILO - Modelled Estimates","SDG indicator 5.5.2 - Proportion of women in managerial positions (%)","2000",23.803,,,,
"Northern, Southern and Western Europe: High income","ILO - Modelled Estimates","SDG indicator 5.5.2 - Proportion of women in managerial positions (%)","2023",35.913,,,,
"Northern, Southern and Western Europe: High income","ILO - Modelled Estimates","SDG indicator 5.5.2 - Proportion of women in managerial positions (%)","2022",35.474,,,,
"Northern, Southern and Western Europe: High income","ILO - Modelled Estimates","SDG indicator 5.5.2 - Proportion of women in managerial positions (%)","2021",35.446,,,,
"Northern, Southern and Western Europe: High income","ILO - Modelled Estimates","SDG indicator 5.5.2 - Proportion of women in managerial positions (%)","2020",34.106,,,,
"Northern, Southern and Western Europe: High income","ILO - Modelled Estimates","SDG indicator 5.5.2 - Proportion of women in managerial positions (%)","2019",33.556,,,,
"Northern, Southern and Western Europe: High income","ILO - Modelled Estimates","SDG indicator 5.5.2 - Proportion of women in managerial positions (%)","2018",32.938,,,,
"Northern, Southern and Western Europe: High income","ILO - Modelled Estimates","SDG indicator 5.5.2 - Proportion of women in managerial positions (%)","2017",32.788,,,,
"Northern, Southern and Western Europe: High income","ILO - Modelled Estimates","SDG indicator 5.5.2 - Proportion of women in managerial positions (%)","2016",32.739,,,,
"Northern, Southern and Western Europe: High income","ILO - Modelled Estimates","SDG indicator 5.5.2 - Proportion of women in managerial positions (%)","2015",31.919,,,,
"Northern, Southern and Western Europe: High income","ILO - Modelled Estimates","SDG indicator 5.5.2 - Proportion of women in managerial positions (%)","2014",31.829,,,,
"Northern, Southern and Western Europe: High income","ILO - Modelled Estimates","SDG indicator 5.5.2 - Proportion of women in managerial positions (%)","2013",31.783,,,,
"Northern, Southern and Western Europe: High income","ILO - Modelled Estimates","SDG indicator 5.5.2 - Proportion of women in managerial positions (%)","2012",32.599,,,,
"Northern, Southern and Western Europe: High income","ILO - Modelled Estimates","SDG indicator 5.5.2 - Proportion of women in managerial positions (%)","2011",32.419,,,,
"Northern, Southern and Western Europe: High income","ILO - Modelled Estimates","SDG indicator 5.5.2 - Proportion of women in managerial positions (%)","2010",32.268,,,,
"Northern, Southern and Western Europe: High income","ILO - Modelled Estimates","SDG indicator 5.5.2 - Proportion of women in managerial positions (%)","2009",32.127,,,,
"Northern, Southern and Western Europe: High income","ILO - Modelled Estimates","SDG indicator 5.5.2 - Proportion of women in managerial positions (%)","2008",31.639,,,,
"Northern, Southern and Western Europe: High income","ILO - Modelled Estimates","SDG indicator 5.5.2 - Proportion of women in managerial positions (%)","2007",31.557,,,,
"Northern, Southern and Western Europe: High income","ILO - Modelled Estimates","SDG indicator 5.5.2 - Proportion of women in managerial positions (%)","2006",31.326,,,,
"Northern, Southern and Western Europe: High income","ILO - Modelled Estimates","SDG indicator 5.5.2 - Proportion of women in managerial positions (%)","2005",31.103,,,,
"Northern, Southern and Western Europe: High income","ILO - Modelled Estimates","SDG indicator 5.5.2 - Proportion of women in managerial positions (%)","2004",30.485,,,,
"Northern, Southern and Western Europe: High income","ILO - Modelled Estimates","SDG indicator 5.5.2 - Proportion of women in managerial positions (%)","2003",29.621,,,,
"Northern, Southern and Western Europe: High income","ILO - Modelled Estimates","SDG indicator 5.5.2 - Proportion of women in managerial positions (%)","2002",29.382,,,,
"Northern, Southern and Western Europe: High income","ILO - Modelled Estimates","SDG indicator 5.5.2 - Proportion of women in managerial positions (%)","2001",29.25,,,,
"Northern, Southern and Western Europe: High income","ILO - Modelled Estimates","SDG indicator 5.5.2 - Proportion of women in managerial positions (%)","2000",28.918,,,,
"Northern Europe","ILO - Modelled Estimates","SDG indicator 5.5.2 - Proportion of women in managerial positions (%)","2023",39.545,,,,
"Northern Europe","ILO - Modelled Estimates","SDG indicator 5.5.2 - Proportion of women in managerial positions (%)","2022",38.648,,,,
"Northern Europe","ILO - Modelled Estimates","SDG indicator 5.5.2 - Proportion of women in managerial positions (%)","2021",38.964,,,,
"Northern Europe","ILO - Modelled Estimates","SDG indicator 5.5.2 - Proportion of women in managerial positions (%)","2020",37.917,,,,
"Northern Europe","ILO - Modelled Estimates","SDG indicator 5.5.2 - Proportion of women in managerial positions (%)","2019",37.24,,,,
"Northern Europe","ILO - Modelled Estimates","SDG indicator 5.5.2 - Proportion of women in managerial positions (%)","2018",36.414,,,,
"Northern Europe","ILO - Modelled Estimates","SDG indicator 5.5.2 - Proportion of women in managerial positions (%)","2017",36.526,,,,
"Northern Europe","ILO - Modelled Estimates","SDG indicator 5.5.2 - Proportion of women in managerial positions (%)","2016",36.584,,,,
"Northern Europe","ILO - Modelled Estimates","SDG indicator 5.5.2 - Proportion of women in managerial positions (%)","2015",35.687,,,,
"Northern Europe","ILO - Modelled Estimates","SDG indicator 5.5.2 - Proportion of women in managerial positions (%)","2014",35.43,,,,
"Northern Europe","ILO - Modelled Estimates","SDG indicator 5.5.2 - Proportion of women in managerial positions (%)","2013",34.264,,,,
"Northern Europe","ILO - Modelled Estimates","SDG indicator 5.5.2 - Proportion of women in managerial positions (%)","2012",34.503,,,,
"Northern Europe","ILO - Modelled Estimates","SDG indicator 5.5.2 - Proportion of women in managerial positions (%)","2011",34.599,,,,
"Northern Europe","ILO - Modelled Estimates","SDG indicator 5.5.2 - Proportion of women in managerial positions (%)","2010",34.587,,,,
"Northern Europe","ILO - Modelled Estimates","SDG indicator 5.5.2 - Proportion of women in managerial positions (%)","2009",34.547,,,,
"Northern Europe","ILO - Modelled Estimates","SDG indicator 5.5.2 - Proportion of women in managerial positions (%)","2008",34.059,,,,
"Northern Europe","ILO - Modelled Estimates","SDG indicator 5.5.2 - Proportion of women in managerial positions (%)","2007",33.899,,,,
"Northern Europe","ILO - Modelled Estimates","SDG indicator 5.5.2 - Proportion of women in managerial positions (%)","2006",33.966,,,,
"Northern Europe","ILO - Modelled Estimates","SDG indicator 5.5.2 - Proportion of women in managerial positions (%)","2005",34.087,,,,
"Northern Europe","ILO - Modelled Estimates","SDG indicator 5.5.2 - Proportion of women in managerial positions (%)","2004",33.49,,,,
"Northern Europe","ILO - Modelled Estimates","SDG indicator 5.5.2 - Proportion of women in managerial positions (%)","2003",33.022,,,,
"Northern Europe","ILO - Modelled Estimates","SDG indicator 5.5.2 - Proportion of women in managerial positions (%)","2002",32.907,,,,
"Northern Europe","ILO - Modelled Estimates","SDG indicator 5.5.2 - Proportion of women in managerial positions (%)","2001",32.326,,,,
"Northern Europe","ILO - Modelled Estimates","SDG indicator 5.5.2 - Proportion of women in managerial positions (%)","2000",32.132,,,,
"Southern Europe","ILO - Modelled Estimates","SDG indicator 5.5.2 - Proportion of women in managerial positions (%)","2023",31.738,,,,
"Southern Europe","ILO - Modelled Estimates","SDG indicator 5.5.2 - Proportion of women in managerial positions (%)","2022",31.624,,,,
"Southern Europe","ILO - Modelled Estimates","SDG indicator 5.5.2 - Proportion of women in managerial positions (%)","2021",31.284,,,,
"Southern Europe","ILO - Modelled Estimates","SDG indicator 5.5.2 - Proportion of women in managerial positions (%)","2020",31.022,,,,
"Southern Europe","ILO - Modelled Estimates","SDG indicator 5.5.2 - Proportion of women in managerial positions (%)","2019",30.824,,,,
"Southern Europe","ILO - Modelled Estimates","SDG indicator 5.5.2 - Proportion of women in managerial positions (%)","2018",29.756,,,,
"Southern Europe","ILO - Modelled Estimates","SDG indicator 5.5.2 - Proportion of women in managerial positions (%)","2017",29.48,,,,
"Southern Europe","ILO - Modelled Estimates","SDG indicator 5.5.2 - Proportion of women in managerial positions (%)","2016",29.744,,,,
"Southern Europe","ILO - Modelled Estimates","SDG indicator 5.5.2 - Proportion of women in managerial positions (%)","2015",28.72,,,,
"Southern Europe","ILO - Modelled Estimates","SDG indicator 5.5.2 - Proportion of women in managerial positions (%)","2014",29.158,,,,
"Southern Europe","ILO - Modelled Estimates","SDG indicator 5.5.2 - Proportion of women in managerial positions (%)","2013",29.195,,,,
"Southern Europe","ILO - Modelled Estimates","SDG indicator 5.5.2 - Proportion of women in managerial positions (%)","2012",28.61,,,,
"Southern Europe","ILO - Modelled Estimates","SDG indicator 5.5.2 - Proportion of women in managerial positions (%)","2011",27.94,,,,
"Southern Europe","ILO - Modelled Estimates","SDG indicator 5.5.2 - Proportion of women in managerial positions (%)","2010",27.549,,,,
"Southern Europe","ILO - Modelled Estimates","SDG indicator 5.5.2 - Proportion of women in managerial positions (%)","2009",27.836,,,,
"Southern Europe","ILO - Modelled Estimates","SDG indicator 5.5.2 - Proportion of women in managerial positions (%)","2008",27.39,,,,
"Southern Europe","ILO - Modelled Estimates","SDG indicator 5.5.2 - Proportion of women in managerial positions (%)","2007",27.432,,,,
"Southern Europe","ILO - Modelled Estimates","SDG indicator 5.5.2 - Proportion of women in managerial positions (%)","2006",26.805,,,,
"Southern Europe","ILO - Modelled Estimates","SDG indicator 5.5.2 - Proportion of women in managerial positions (%)","2005",26.973,,,,
"Southern Europe","ILO - Modelled Estimates","SDG indicator 5.5.2 - Proportion of women in managerial positions (%)","2004",27.458,,,,
"Southern Europe","ILO - Modelled Estimates","SDG indicator 5.5.2 - Proportion of women in managerial positions (%)","2003",24.906,,,,
"Southern Europe","ILO - Modelled Estimates","SDG indicator 5.5.2 - Proportion of women in managerial positions (%)","2002",24.956,,,,
"Southern Europe","ILO - Modelled Estimates","SDG indicator 5.5.2 - Proportion of women in managerial positions (%)","2001",25.457,,,,
"Southern Europe","ILO - Modelled Estimates","SDG indicator 5.5.2 - Proportion of women in managerial positions (%)","2000",24.75,,,,
"Western Europe","ILO - Modelled Estimates","SDG indicator 5.5.2 - Proportion of women in managerial positions (%)","2023",33.518,,,,
"Western Europe","ILO - Modelled Estimates","SDG indicator 5.5.2 - Proportion of women in managerial positions (%)","2022",33.544,,,,
"Western Europe","ILO - Modelled Estimates","SDG indicator 5.5.2 - Proportion of women in managerial positions (%)","2021",32.978,,,,
"Western Europe","ILO - Modelled Estimates","SDG indicator 5.5.2 - Proportion of women in managerial positions (%)","2020",31.728,,,,
"Western Europe","ILO - Modelled Estimates","SDG indicator 5.5.2 - Proportion of women in managerial positions (%)","2019",31.362,,,,
"Western Europe","ILO - Modelled Estimates","SDG indicator 5.5.2 - Proportion of women in managerial positions (%)","2018",31.11,,,,
"Western Europe","ILO - Modelled Estimates","SDG indicator 5.5.2 - Proportion of women in managerial positions (%)","2017",30.717,,,,
"Western Europe","ILO - Modelled Estimates","SDG indicator 5.5.2 - Proportion of women in managerial positions (%)","2016",30.524,,,,
"Western Europe","ILO - Modelled Estimates","SDG indicator 5.5.2 - Proportion of women in managerial positions (%)","2015",29.934,,,,
"Western Europe","ILO - Modelled Estimates","SDG indicator 5.5.2 - Proportion of women in managerial positions (%)","2014",29.974,,,,
"Western Europe","ILO - Modelled Estimates","SDG indicator 5.5.2 - Proportion of women in managerial positions (%)","2013",30.896,,,,
"Western Europe","ILO - Modelled Estimates","SDG indicator 5.5.2 - Proportion of women in managerial positions (%)","2012",32.834,,,,
"Western Europe","ILO - Modelled Estimates","SDG indicator 5.5.2 - Proportion of women in managerial positions (%)","2011",32.913,,,,
"Western Europe","ILO - Modelled Estimates","SDG indicator 5.5.2 - Proportion of women in managerial positions (%)","2010",32.865,,,,
"Western Europe","ILO - Modelled Estimates","SDG indicator 5.5.2 - Proportion of women in managerial positions (%)","2009",32.514,,,,
"Western Europe","ILO - Modelled Estimates","SDG indicator 5.5.2 - Proportion of women in managerial positions (%)","2008",32.136,,,,
"Western Europe","ILO - Modelled Estimates","SDG indicator 5.5.2 - Proportion of women in managerial positions (%)","2007",31.946,,,,
"Western Europe","ILO - Modelled Estimates","SDG indicator 5.5.2 - Proportion of women in managerial positions (%)","2006",31.608,,,,
"Western Europe","ILO - Modelled Estimates","SDG indicator 5.5.2 - Proportion of women in managerial positions (%)","2005",30.937,,,,
"Western Europe","ILO - Modelled Estimates","SDG indicator 5.5.2 - Proportion of women in managerial positions (%)","2004",29.762,,,,
"Western Europe","ILO - Modelled Estimates","SDG indicator 5.5.2 - Proportion of women in managerial positions (%)","2003",29.623,,,,
"Western Europe","ILO - Modelled Estimates","SDG indicator 5.5.2 - Proportion of women in managerial positions (%)","2002",29.076,,,,
"Western Europe","ILO - Modelled Estimates","SDG indicator 5.5.2 - Proportion of women in managerial positions (%)","2001",28.892,,,,
"Western Europe","ILO - Modelled Estimates","SDG indicator 5.5.2 - Proportion of women in managerial positions (%)","2000",28.633,,,,
"Eastern Europe","ILO - Modelled Estimates","SDG indicator 5.5.2 - Proportion of women in managerial positions (%)","2023",41.783,,,,
"Eastern Europe","ILO - Modelled Estimates","SDG indicator 5.5.2 - Proportion of women in managerial positions (%)","2022",41.109,,,,
"Eastern Europe","ILO - Modelled Estimates","SDG indicator 5.5.2 - Proportion of women in managerial positions (%)","2021",43.202,,,,
"Eastern Europe","ILO - Modelled Estimates","SDG indicator 5.5.2 - Proportion of women in managerial positions (%)","2020",43.349,,,,
"Eastern Europe","ILO - Modelled Estimates","SDG indicator 5.5.2 - Proportion of women in managerial positions (%)","2019",42.711,,,,
"Eastern Europe","ILO - Modelled Estimates","SDG indicator 5.5.2 - Proportion of women in managerial positions (%)","2018",40.938,,,,
"Eastern Europe","ILO - Modelled Estimates","SDG indicator 5.5.2 - Proportion of women in managerial positions (%)","2017",40.728,,,,
"Eastern Europe","ILO - Modelled Estimates","SDG indicator 5.5.2 - Proportion of women in managerial positions (%)","2016",41.164,,,,
"Eastern Europe","ILO - Modelled Estimates","SDG indicator 5.5.2 - Proportion of women in managerial positions (%)","2015",40.884,,,,
"Eastern Europe","ILO - Modelled Estimates","SDG indicator 5.5.2 - Proportion of women in managerial positions (%)","2014",39.995,,,,
"Eastern Europe","ILO - Modelled Estimates","SDG indicator 5.5.2 - Proportion of women in managerial positions (%)","2013",40.224,,,,
"Eastern Europe","ILO - Modelled Estimates","SDG indicator 5.5.2 - Proportion of women in managerial positions (%)","2012",41.058,,,,
"Eastern Europe","ILO - Modelled Estimates","SDG indicator 5.5.2 - Proportion of women in managerial positions (%)","2011",41.55,,,,
"Eastern Europe","ILO - Modelled Estimates","SDG indicator 5.5.2 - Proportion of women in managerial positions (%)","2010",41.244,,,,
"Eastern Europe","ILO - Modelled Estimates","SDG indicator 5.5.2 - Proportion of women in managerial positions (%)","2009",40.564,,,,
"Eastern Europe","ILO - Modelled Estimates","SDG indicator 5.5.2 - Proportion of women in managerial positions (%)","2008",39.996,,,,
"Eastern Europe","ILO - Modelled Estimates","SDG indicator 5.5.2 - Proportion of women in managerial positions (%)","2007",41.065,,,,
"Eastern Europe","ILO - Modelled Estimates","SDG indicator 5.5.2 - Proportion of women in managerial positions (%)","2006",40.754,,,,
"Eastern Europe","ILO - Modelled Estimates","SDG indicator 5.5.2 - Proportion of women in managerial positions (%)","2005",40.574,,,,
"Eastern Europe","ILO - Modelled Estimates","SDG indicator 5.5.2 - Proportion of women in managerial positions (%)","2004",40.578,,,,
"Eastern Europe","ILO - Modelled Estimates","SDG indicator 5.5.2 - Proportion of women in managerial positions (%)","2003",40.648,,,,
"Eastern Europe","ILO - Modelled Estimates","SDG indicator 5.5.2 - Proportion of women in managerial positions (%)","2002",39.834,,,,
"Eastern Europe","ILO - Modelled Estimates","SDG indicator 5.5.2 - Proportion of women in managerial positions (%)","2001",38.675,,,,
"Eastern Europe","ILO - Modelled Estimates","SDG indicator 5.5.2 - Proportion of women in managerial positions (%)","2000",38.157,,,,
"Eastern Europe: Upper-middle income","ILO - Modelled Estimates","SDG indicator 5.5.2 - Proportion of women in managerial positions (%)","2023",39.821,,,,
"Eastern Europe: Upper-middle income","ILO - Modelled Estimates","SDG indicator 5.5.2 - Proportion of women in managerial positions (%)","2022",39.316,,,,
"Eastern Europe: Upper-middle income","ILO - Modelled Estimates","SDG indicator 5.5.2 - Proportion of women in managerial positions (%)","2021",42.148,,,,
"Eastern Europe: Upper-middle income","ILO - Modelled Estimates","SDG indicator 5.5.2 - Proportion of women in managerial positions (%)","2020",42.591,,,,
"Eastern Europe: Upper-middle income","ILO - Modelled Estimates","SDG indicator 5.5.2 - Proportion of women in managerial positions (%)","2019",42.765,,,,
"Eastern Europe: Upper-middle income","ILO - Modelled Estimates","SDG indicator 5.5.2 - Proportion of women in managerial positions (%)","2018",41.913,,,,
"Eastern Europe: Upper-middle income","ILO - Modelled Estimates","SDG indicator 5.5.2 - Proportion of women in managerial positions (%)","2017",43.12,,,,
"Eastern Europe: Upper-middle income","ILO - Modelled Estimates","SDG indicator 5.5.2 - Proportion of women in managerial positions (%)","2016",43.018,,,,
"Eastern Europe: Upper-middle income","ILO - Modelled Estimates","SDG indicator 5.5.2 - Proportion of women in managerial positions (%)","2015",42.374,,,,
"Eastern Europe: Upper-middle income","ILO - Modelled Estimates","SDG indicator 5.5.2 - Proportion of women in managerial positions (%)","2014",41.235,,,,
"Eastern Europe: Upper-middle income","ILO - Modelled Estimates","SDG indicator 5.5.2 - Proportion of women in managerial positions (%)","2013",41.718,,,,
"Eastern Europe: Upper-middle income","ILO - Modelled Estimates","SDG indicator 5.5.2 - Proportion of women in managerial positions (%)","2012",42.813,,,,
"Eastern Europe: Upper-middle income","ILO - Modelled Estimates","SDG indicator 5.5.2 - Proportion of women in managerial positions (%)","2011",43.485,,,,
"Eastern Europe: Upper-middle income","ILO - Modelled Estimates","SDG indicator 5.5.2 - Proportion of women in managerial positions (%)","2010",44.186,,,,
"Eastern Europe: Upper-middle income","ILO - Modelled Estimates","SDG indicator 5.5.2 - Proportion of women in managerial positions (%)","2009",44.515,,,,
"Eastern Europe: Upper-middle income","ILO - Modelled Estimates","SDG indicator 5.5.2 - Proportion of women in managerial positions (%)","2008",43.334,,,,
"Eastern Europe: Upper-middle income","ILO - Modelled Estimates","SDG indicator 5.5.2 - Proportion of women in managerial positions (%)","2007",43.777,,,,
"Eastern Europe: Upper-middle income","ILO - Modelled Estimates","SDG indicator 5.5.2 - Proportion of women in managerial positions (%)","2006",42.833,,,,
"Eastern Europe: Upper-middle income","ILO - Modelled Estimates","SDG indicator 5.5.2 - Proportion of women in managerial positions (%)","2005",42.597,,,,
"Eastern Europe: Upper-middle income","ILO - Modelled Estimates","SDG indicator 5.5.2 - Proportion of women in managerial positions (%)","2004",44.699,,,,
"Eastern Europe: Upper-middle income","ILO - Modelled Estimates","SDG indicator 5.5.2 - Proportion of women in managerial positions (%)","2003",42.781,,,,
"Eastern Europe: Upper-middle income","ILO - Modelled Estimates","SDG indicator 5.5.2 - Proportion of women in managerial positions (%)","2002",41.907,,,,
"Eastern Europe: Upper-middle income","ILO - Modelled Estimates","SDG indicator 5.5.2 - Proportion of women in managerial positions (%)","2001",41.068,,,,
"Eastern Europe: Upper-middle income","ILO - Modelled Estimates","SDG indicator 5.5.2 - Proportion of women in managerial positions (%)","2000",40.586,,,,
"Eastern Europe: High income","ILO - Modelled Estimates","SDG indicator 5.5.2 - Proportion of women in managerial positions (%)","2023",42.407,,,,
"Eastern Europe: High income","ILO - Modelled Estimates","SDG indicator 5.5.2 - Proportion of women in managerial positions (%)","2022",41.713,,,,
"Eastern Europe: High income","ILO - Modelled Estimates","SDG indicator 5.5.2 - Proportion of women in managerial positions (%)","2021",43.551,,,,
"Eastern Europe: High income","ILO - Modelled Estimates","SDG indicator 5.5.2 - Proportion of women in managerial positions (%)","2020",43.598,,,,
"Eastern Europe: High income","ILO - Modelled Estimates","SDG indicator 5.5.2 - Proportion of women in managerial positions (%)","2019",42.693,,,,
"Eastern Europe: High income","ILO - Modelled Estimates","SDG indicator 5.5.2 - Proportion of women in managerial positions (%)","2018",40.636,,,,
"Eastern Europe: High income","ILO - Modelled Estimates","SDG indicator 5.5.2 - Proportion of women in managerial positions (%)","2017",40.028,,,,
"Eastern Europe: High income","ILO - Modelled Estimates","SDG indicator 5.5.2 - Proportion of women in managerial positions (%)","2016",40.625,,,,
"Eastern Europe: High income","ILO - Modelled Estimates","SDG indicator 5.5.2 - Proportion of women in managerial positions (%)","2015",40.428,,,,
"Eastern Europe: High income","ILO - Modelled Estimates","SDG indicator 5.5.2 - Proportion of women in managerial positions (%)","2014",39.606,,,,
"Eastern Europe: High income","ILO - Modelled Estimates","SDG indicator 5.5.2 - Proportion of women in managerial positions (%)","2013",39.735,,,,
"Eastern Europe: High income","ILO - Modelled Estimates","SDG indicator 5.5.2 - Proportion of women in managerial positions (%)","2012",40.444,,,,
"Eastern Europe: High income","ILO - Modelled Estimates","SDG indicator 5.5.2 - Proportion of women in managerial positions (%)","2011",40.864,,,,
"Eastern Europe: High income","ILO - Modelled Estimates","SDG indicator 5.5.2 - Proportion of women in managerial positions (%)","2010",40.119,,,,
"Eastern Europe: High income","ILO - Modelled Estimates","SDG indicator 5.5.2 - Proportion of women in managerial positions (%)","2009",38.908,,,,
"Eastern Europe: High income","ILO - Modelled Estimates","SDG indicator 5.5.2 - Proportion of women in managerial positions (%)","2008",38.607,,,,
"Eastern Europe: High income","ILO - Modelled Estimates","SDG indicator 5.5.2 - Proportion of women in managerial positions (%)","2007",39.897,,,,
"Eastern Europe: High income","ILO - Modelled Estimates","SDG indicator 5.5.2 - Proportion of women in managerial positions (%)","2006",39.849,,,,
"Eastern Europe: High income","ILO - Modelled Estimates","SDG indicator 5.5.2 - Proportion of women in managerial positions (%)","2005",39.738,,,,
"Eastern Europe: High income","ILO - Modelled Estimates","SDG indicator 5.5.2 - Proportion of women in managerial positions (%)","2004",38.867,,,,
"Eastern Europe: High income","ILO - Modelled Estimates","SDG indicator 5.5.2 - Proportion of women in managerial positions (%)","2003",39.752,,,,
"Eastern Europe: High income","ILO - Modelled Estimates","SDG indicator 5.5.2 - Proportion of women in managerial positions (%)","2002",38.581,,,,
"Eastern Europe: High income","ILO - Modelled Estimates","SDG indicator 5.5.2 - Proportion of women in managerial positions (%)","2001",37.212,,,,
"Eastern Europe: High income","ILO - Modelled Estimates","SDG indicator 5.5.2 - Proportion of women in managerial positions (%)","2000",36.768,,,,
"Central Asia","ILO - Modelled Estimates","SDG indicator 5.5.2 - Proportion of women in managerial positions (%)","2023",31.138,,,,
"Central Asia","ILO - Modelled Estimates","SDG indicator 5.5.2 - Proportion of women in managerial positions (%)","2022",30.835,,,,
"Central Asia","ILO - Modelled Estimates","SDG indicator 5.5.2 - Proportion of women in managerial positions (%)","2021",32.511,,,,
"Central Asia","ILO - Modelled Estimates","SDG indicator 5.5.2 - Proportion of women in managerial positions (%)","2020",32.958,,,,
"Central Asia","ILO - Modelled Estimates","SDG indicator 5.5.2 - Proportion of women in managerial positions (%)","2019",31.563,,,,
"Central Asia","ILO - Modelled Estimates","SDG indicator 5.5.2 - Proportion of women in managerial positions (%)","2018",31.329,,,,
"Central Asia","ILO - Modelled Estimates","SDG indicator 5.5.2 - Proportion of women in managerial positions (%)","2017",31.105,,,,
"Central Asia","ILO - Modelled Estimates","SDG indicator 5.5.2 - Proportion of women in managerial positions (%)","2016",30.846,,,,
"Central Asia","ILO - Modelled Estimates","SDG indicator 5.5.2 - Proportion of women in managerial positions (%)","2015",30.677,,,,
"Central Asia","ILO - Modelled Estimates","SDG indicator 5.5.2 - Proportion of women in managerial positions (%)","2014",30.789,,,,
"Central Asia","ILO - Modelled Estimates","SDG indicator 5.5.2 - Proportion of women in managerial positions (%)","2013",30.747,,,,
"Central Asia","ILO - Modelled Estimates","SDG indicator 5.5.2 - Proportion of women in managerial positions (%)","2012",31.117,,,,
"Central Asia","ILO - Modelled Estimates","SDG indicator 5.5.2 - Proportion of women in managerial positions (%)","2011",30.302,,,,
"Central Asia","ILO - Modelled Estimates","SDG indicator 5.5.2 - Proportion of women in managerial positions (%)","2010",29.783,,,,
"Central Asia","ILO - Modelled Estimates","SDG indicator 5.5.2 - Proportion of women in managerial positions (%)","2009",30.625,,,,
"Central Asia","ILO - Modelled Estimates","SDG indicator 5.5.2 - Proportion of women in managerial positions (%)","2008",30.679,,,,
"Central Asia","ILO - Modelled Estimates","SDG indicator 5.5.2 - Proportion of women in managerial positions (%)","2007",29.946,,,,
"Central Asia","ILO - Modelled Estimates","SDG indicator 5.5.2 - Proportion of women in managerial positions (%)","2006",29.262,,,,
"Central Asia","ILO - Modelled Estimates","SDG indicator 5.5.2 - Proportion of women in managerial positions (%)","2005",28.435,,,,
"Central Asia","ILO - Modelled Estimates","SDG indicator 5.5.2 - Proportion of women in managerial positions (%)","2004",29.056,,,,
"Central Asia","ILO - Modelled Estimates","SDG indicator 5.5.2 - Proportion of women in managerial positions (%)","2003",27.037,,,,
"Central Asia","ILO - Modelled Estimates","SDG indicator 5.5.2 - Proportion of women in managerial positions (%)","2002",26.868,,,,
"Central Asia","ILO - Modelled Estimates","SDG indicator 5.5.2 - Proportion of women in managerial positions (%)","2001",26.408,,,,
"Central Asia","ILO - Modelled Estimates","SDG indicator 5.5.2 - Proportion of women in managerial positions (%)","2000",26.061,,,,
"Central and Western Asia: Lower-middle income","ILO - Modelled Estimates","SDG indicator 5.5.2 - Proportion of women in managerial positions (%)","2023",23.785,,,,
"Central and Western Asia: Lower-middle income","ILO - Modelled Estimates","SDG indicator 5.5.2 - Proportion of women in managerial positions (%)","2022",23.5,,,,
"Central and Western Asia: Lower-middle income","ILO - Modelled Estimates","SDG indicator 5.5.2 - Proportion of women in managerial positions (%)","2021",24.757,,,,
"Central and Western Asia: Lower-middle income","ILO - Modelled Estimates","SDG indicator 5.5.2 - Proportion of women in managerial positions (%)","2020",25.729,,,,
"Central and Western Asia: Lower-middle income","ILO - Modelled Estimates","SDG indicator 5.5.2 - Proportion of women in managerial positions (%)","2019",23.566,,,,
"Central and Western Asia: Lower-middle income","ILO - Modelled Estimates","SDG indicator 5.5.2 - Proportion of women in managerial positions (%)","2018",22.781,,,,
"Central and Western Asia: Lower-middle income","ILO - Modelled Estimates","SDG indicator 5.5.2 - Proportion of women in managerial positions (%)","2017",22.503,,,,
"Central and Western Asia: Lower-middle income","ILO - Modelled Estimates","SDG indicator 5.5.2 - Proportion of women in managerial positions (%)","2016",22.09,,,,
"Central and Western Asia: Lower-middle income","ILO - Modelled Estimates","SDG indicator 5.5.2 - Proportion of women in managerial positions (%)","2015",21.752,,,,
"Central and Western Asia: Lower-middle income","ILO - Modelled Estimates","SDG indicator 5.5.2 - Proportion of women in managerial positions (%)","2014",21.46,,,,
"Central and Western Asia: Lower-middle income","ILO - Modelled Estimates","SDG indicator 5.5.2 - Proportion of women in managerial positions (%)","2013",21.028,,,,
"Central and Western Asia: Lower-middle income","ILO - Modelled Estimates","SDG indicator 5.5.2 - Proportion of women in managerial positions (%)","2012",21.274,,,,
"Central and Western Asia: Lower-middle income","ILO - Modelled Estimates","SDG indicator 5.5.2 - Proportion of women in managerial positions (%)","2011",20.874,,,,
"Central and Western Asia: Lower-middle income","ILO - Modelled Estimates","SDG indicator 5.5.2 - Proportion of women in managerial positions (%)","2010",20.639,,,,
"Central and Western Asia: Lower-middle income","ILO - Modelled Estimates","SDG indicator 5.5.2 - Proportion of women in managerial positions (%)","2009",20.756,,,,
"Central and Western Asia: Lower-middle income","ILO - Modelled Estimates","SDG indicator 5.5.2 - Proportion of women in managerial positions (%)","2008",20.759,,,,
"Central and Western Asia: Lower-middle income","ILO - Modelled Estimates","SDG indicator 5.5.2 - Proportion of women in managerial positions (%)","2007",20.898,,,,
"Central and Western Asia: Lower-middle income","ILO - Modelled Estimates","SDG indicator 5.5.2 - Proportion of women in managerial positions (%)","2006",21.194,,,,
"Central and Western Asia: Lower-middle income","ILO - Modelled Estimates","SDG indicator 5.5.2 - Proportion of women in managerial positions (%)","2005",19.81,,,,
"Central and Western Asia: Lower-middle income","ILO - Modelled Estimates","SDG indicator 5.5.2 - Proportion of women in managerial positions (%)","2004",18.482,,,,
"Central and Western Asia: Lower-middle income","ILO - Modelled Estimates","SDG indicator 5.5.2 - Proportion of women in managerial positions (%)","2003",17.904,,,,
"Central and Western Asia: Lower-middle income","ILO - Modelled Estimates","SDG indicator 5.5.2 - Proportion of women in managerial positions (%)","2002",19.927,,,,
"Central and Western Asia: Lower-middle income","ILO - Modelled Estimates","SDG indicator 5.5.2 - Proportion of women in managerial positions (%)","2001",20.337,,,,
"Central and Western Asia: Lower-middle income","ILO - Modelled Estimates","SDG indicator 5.5.2 - Proportion of women in managerial positions (%)","2000",20.184,,,,
"Central and Western Asia: Upper-middle income","ILO - Modelled Estimates","SDG indicator 5.5.2 - Proportion of women in managerial positions (%)","2023",23.61,,,,
"Central and Western Asia: Upper-middle income","ILO - Modelled Estimates","SDG indicator 5.5.2 - Proportion of women in managerial positions (%)","2022",23.233,,,,
"Central and Western Asia: Upper-middle income","ILO - Modelled Estimates","SDG indicator 5.5.2 - Proportion of women in managerial positions (%)","2021",25.061,,,,
"Central and Western Asia: Upper-middle income","ILO - Modelled Estimates","SDG indicator 5.5.2 - Proportion of women in managerial positions (%)","2020",24.263,,,,
"Central and Western Asia: Upper-middle income","ILO - Modelled Estimates","SDG indicator 5.5.2 - Proportion of women in managerial positions (%)","2019",22.843,,,,
"Central and Western Asia: Upper-middle income","ILO - Modelled Estimates","SDG indicator 5.5.2 - Proportion of women in managerial positions (%)","2018",21.947,,,,
"Central and Western Asia: Upper-middle income","ILO - Modelled Estimates","SDG indicator 5.5.2 - Proportion of women in managerial positions (%)","2017",22.039,,,,
"Central and Western Asia: Upper-middle income","ILO - Modelled Estimates","SDG indicator 5.5.2 - Proportion of women in managerial positions (%)","2016",22.41,,,,
"Central and Western Asia: Upper-middle income","ILO - Modelled Estimates","SDG indicator 5.5.2 - Proportion of women in managerial positions (%)","2015",21.057,,,,
"Central and Western Asia: Upper-middle income","ILO - Modelled Estimates","SDG indicator 5.5.2 - Proportion of women in managerial positions (%)","2014",21.348,,,,
"Central and Western Asia: Upper-middle income","ILO - Modelled Estimates","SDG indicator 5.5.2 - Proportion of women in managerial positions (%)","2013",22.217,,,,
"Central and Western Asia: Upper-middle income","ILO - Modelled Estimates","SDG indicator 5.5.2 - Proportion of women in managerial positions (%)","2012",19.766,,,,
"Central and Western Asia: Upper-middle income","ILO - Modelled Estimates","SDG indicator 5.5.2 - Proportion of women in managerial positions (%)","2011",18.439,,,,
"Central and Western Asia: Upper-middle income","ILO - Modelled Estimates","SDG indicator 5.5.2 - Proportion of women in managerial positions (%)","2010",18.029,,,,
"Central and Western Asia: Upper-middle income","ILO - Modelled Estimates","SDG indicator 5.5.2 - Proportion of women in managerial positions (%)","2009",18.712,,,,
"Central and Western Asia: Upper-middle income","ILO - Modelled Estimates","SDG indicator 5.5.2 - Proportion of women in managerial positions (%)","2008",18.633,,,,
"Central and Western Asia: Upper-middle income","ILO - Modelled Estimates","SDG indicator 5.5.2 - Proportion of women in managerial positions (%)","2007",17.359,,,,
"Central and Western Asia: Upper-middle income","ILO - Modelled Estimates","SDG indicator 5.5.2 - Proportion of women in managerial positions (%)","2006",15.886,,,,
"Central and Western Asia: Upper-middle income","ILO - Modelled Estimates","SDG indicator 5.5.2 - Proportion of women in managerial positions (%)","2005",14.06,,,,
"Central and Western Asia: Upper-middle income","ILO - Modelled Estimates","SDG indicator 5.5.2 - Proportion of women in managerial positions (%)","2004",14.847,,,,
"Central and Western Asia: Upper-middle income","ILO - Modelled Estimates","SDG indicator 5.5.2 - Proportion of women in managerial positions (%)","2003",13.461,,,,
"Central and Western Asia: Upper-middle income","ILO - Modelled Estimates","SDG indicator 5.5.2 - Proportion of women in managerial positions (%)","2002",13.838,,,,
"Central and Western Asia: Upper-middle income","ILO - Modelled Estimates","SDG indicator 5.5.2 - Proportion of women in managerial positions (%)","2001",13.096,,,,
"Central and Western Asia: Upper-middle income","ILO - Modelled Estimates","SDG indicator 5.5.2 - Proportion of women in managerial positions (%)","2000",12.291,,,,
"Central and Western Asia: High income","ILO - Modelled Estimates","SDG indicator 5.5.2 - Proportion of women in managerial positions (%)","2023",32.207,,,,
"Central and Western Asia: High income","ILO - Modelled Estimates","SDG indicator 5.5.2 - Proportion of women in managerial positions (%)","2022",31.534,,,,
"Central and Western Asia: High income","ILO - Modelled Estimates","SDG indicator 5.5.2 - Proportion of women in managerial positions (%)","2021",30.375,,,,
"Central and Western Asia: High income","ILO - Modelled Estimates","SDG indicator 5.5.2 - Proportion of women in managerial positions (%)","2020",30.474,,,,
"Central and Western Asia: High income","ILO - Modelled Estimates","SDG indicator 5.5.2 - Proportion of women in managerial positions (%)","2019",30.546,,,,
"Central and Western Asia: High income","ILO - Modelled Estimates","SDG indicator 5.5.2 - Proportion of women in managerial positions (%)","2018",31.627,,,,
"Central and Western Asia: High income","ILO - Modelled Estimates","SDG indicator 5.5.2 - Proportion of women in managerial positions (%)","2017",32.528,,,,
"Central and Western Asia: High income","ILO - Modelled Estimates","SDG indicator 5.5.2 - Proportion of women in managerial positions (%)","2016",32.398,,,,
"Central and Western Asia: High income","ILO - Modelled Estimates","SDG indicator 5.5.2 - Proportion of women in managerial positions (%)","2015",30.555,,,,
"Central and Western Asia: High income","ILO - Modelled Estimates","SDG indicator 5.5.2 - Proportion of women in managerial positions (%)","2014",30.758,,,,
"Central and Western Asia: High income","ILO - Modelled Estimates","SDG indicator 5.5.2 - Proportion of women in managerial positions (%)","2013",30.514,,,,
"Central and Western Asia: High income","ILO - Modelled Estimates","SDG indicator 5.5.2 - Proportion of women in managerial positions (%)","2012",29.754,,,,
"Central and Western Asia: High income","ILO - Modelled Estimates","SDG indicator 5.5.2 - Proportion of women in managerial positions (%)","2011",29.581,,,,
"Central and Western Asia: High income","ILO - Modelled Estimates","SDG indicator 5.5.2 - Proportion of women in managerial positions (%)","2010",28.926,,,,
"Central and Western Asia: High income","ILO - Modelled Estimates","SDG indicator 5.5.2 - Proportion of women in managerial positions (%)","2009",26.192,,,,
"Central and Western Asia: High income","ILO - Modelled Estimates","SDG indicator 5.5.2 - Proportion of women in managerial positions (%)","2008",27.131,,,,
"Central and Western Asia: High income","ILO - Modelled Estimates","SDG indicator 5.5.2 - Proportion of women in managerial positions (%)","2007",25.44,,,,
"Central and Western Asia: High income","ILO - Modelled Estimates","SDG indicator 5.5.2 - Proportion of women in managerial positions (%)","2006",25.703,,,,
"Central and Western Asia: High income","ILO - Modelled Estimates","SDG indicator 5.5.2 - Proportion of women in managerial positions (%)","2005",23.906,,,,
"Central and Western Asia: High income","ILO - Modelled Estimates","SDG indicator 5.5.2 - Proportion of women in managerial positions (%)","2004",24.729,,,,
"Central and Western Asia: High income","ILO - Modelled Estimates","SDG indicator 5.5.2 - Proportion of women in managerial positions (%)","2003",25.639,,,,
"Central and Western Asia: High income","ILO - Modelled Estimates","SDG indicator 5.5.2 - Proportion of women in managerial positions (%)","2002",23.713,,,,
"Central and Western Asia: High income","ILO - Modelled Estimates","SDG indicator 5.5.2 - Proportion of women in managerial positions (%)","2001",23.818,,,,
"Central and Western Asia: High income","ILO - Modelled Estimates","SDG indicator 5.5.2 - Proportion of women in managerial positions (%)","2000",23.536,,,,
"Central and Western Asia","ILO - Modelled Estimates","SDG indicator 5.5.2 - Proportion of women in managerial positions (%)","2023",24.918,,,,
"Central and Western Asia","ILO - Modelled Estimates","SDG indicator 5.5.2 - Proportion of women in managerial positions (%)","2022",24.513,,,,
"Central and Western Asia","ILO - Modelled Estimates","SDG indicator 5.5.2 - Proportion of women in managerial positions (%)","2021",25.784,,,,
"Central and Western Asia","ILO - Modelled Estimates","SDG indicator 5.5.2 - Proportion of women in managerial positions (%)","2020",25.371,,,,
"Central and Western Asia","ILO - Modelled Estimates","SDG indicator 5.5.2 - Proportion of women in managerial positions (%)","2019",24.028,,,,
"Central and Western Asia","ILO - Modelled Estimates","SDG indicator 5.5.2 - Proportion of women in managerial positions (%)","2018",23.337,,,,
"Central and Western Asia","ILO - Modelled Estimates","SDG indicator 5.5.2 - Proportion of women in managerial positions (%)","2017",23.526,,,,
"Central and Western Asia","ILO - Modelled Estimates","SDG indicator 5.5.2 - Proportion of women in managerial positions (%)","2016",23.791,,,,
"Central and Western Asia","ILO - Modelled Estimates","SDG indicator 5.5.2 - Proportion of women in managerial positions (%)","2015",22.459,,,,
"Central and Western Asia","ILO - Modelled Estimates","SDG indicator 5.5.2 - Proportion of women in managerial positions (%)","2014",22.619,,,,
"Central and Western Asia","ILO - Modelled Estimates","SDG indicator 5.5.2 - Proportion of women in managerial positions (%)","2013",23.146,,,,
"Central and Western Asia","ILO - Modelled Estimates","SDG indicator 5.5.2 - Proportion of women in managerial positions (%)","2012",21.254,,,,
"Central and Western Asia","ILO - Modelled Estimates","SDG indicator 5.5.2 - Proportion of women in managerial positions (%)","2011",20.101,,,,
"Central and Western Asia","ILO - Modelled Estimates","SDG indicator 5.5.2 - Proportion of women in managerial positions (%)","2010",19.718,,,,
"Central and Western Asia","ILO - Modelled Estimates","SDG indicator 5.5.2 - Proportion of women in managerial positions (%)","2009",19.858,,,,
"Central and Western Asia","ILO - Modelled Estimates","SDG indicator 5.5.2 - Proportion of women in managerial positions (%)","2008",19.896,,,,
"Central and Western Asia","ILO - Modelled Estimates","SDG indicator 5.5.2 - Proportion of women in managerial positions (%)","2007",18.733,,,,
"Central and Western Asia","ILO - Modelled Estimates","SDG indicator 5.5.2 - Proportion of women in managerial positions (%)","2006",17.583,,,,
"Central and Western Asia","ILO - Modelled Estimates","SDG indicator 5.5.2 - Proportion of women in managerial positions (%)","2005",15.659,,,,
"Central and Western Asia","ILO - Modelled Estimates","SDG indicator 5.5.2 - Proportion of women in managerial positions (%)","2004",16.277,,,,
"Central and Western Asia","ILO - Modelled Estimates","SDG indicator 5.5.2 - Proportion of women in managerial positions (%)","2003",15.304,,,,
"Central and Western Asia","ILO - Modelled Estimates","SDG indicator 5.5.2 - Proportion of women in managerial positions (%)","2002",15.845,,,,
"Central and Western Asia","ILO - Modelled Estimates","SDG indicator 5.5.2 - Proportion of women in managerial positions (%)","2001",15.354,,,,
"Central and Western Asia","ILO - Modelled Estimates","SDG indicator 5.5.2 - Proportion of women in managerial positions (%)","2000",14.737,,,,
"Western Asia","ILO - Modelled Estimates","SDG indicator 5.5.2 - Proportion of women in managerial positions (%)","2023",22.573,,,,
"Western Asia","ILO - Modelled Estimates","SDG indicator 5.5.2 - Proportion of women in managerial positions (%)","2022",21.995,,,,
"Western Asia","ILO - Modelled Estimates","SDG indicator 5.5.2 - Proportion of women in managerial positions (%)","2021",22.942,,,,
"Western Asia","ILO - Modelled Estimates","SDG indicator 5.5.2 - Proportion of women in managerial positions (%)","2020",21.97,,,,
"Western Asia","ILO - Modelled Estimates","SDG indicator 5.5.2 - Proportion of women in managerial positions (%)","2019",20.574,,,,
"Western Asia","ILO - Modelled Estimates","SDG indicator 5.5.2 - Proportion of women in managerial positions (%)","2018",19.627,,,,
"Western Asia","ILO - Modelled Estimates","SDG indicator 5.5.2 - Proportion of women in managerial positions (%)","2017",19.888,,,,
"Western Asia","ILO - Modelled Estimates","SDG indicator 5.5.2 - Proportion of women in managerial positions (%)","2016",20.424,,,,
"Western Asia","ILO - Modelled Estimates","SDG indicator 5.5.2 - Proportion of women in managerial positions (%)","2015",18.509,,,,
"Western Asia","ILO - Modelled Estimates","SDG indicator 5.5.2 - Proportion of women in managerial positions (%)","2014",18.47,,,,
"Western Asia","ILO - Modelled Estimates","SDG indicator 5.5.2 - Proportion of women in managerial positions (%)","2013",19.163,,,,
"Western Asia","ILO - Modelled Estimates","SDG indicator 5.5.2 - Proportion of women in managerial positions (%)","2012",16.801,,,,
"Western Asia","ILO - Modelled Estimates","SDG indicator 5.5.2 - Proportion of women in managerial positions (%)","2011",15.637,,,,
"Western Asia","ILO - Modelled Estimates","SDG indicator 5.5.2 - Proportion of women in managerial positions (%)","2010",14.963,,,,
"Western Asia","ILO - Modelled Estimates","SDG indicator 5.5.2 - Proportion of women in managerial positions (%)","2009",14.601,,,,
"Western Asia","ILO - Modelled Estimates","SDG indicator 5.5.2 - Proportion of women in managerial positions (%)","2008",14.497,,,,
"Western Asia","ILO - Modelled Estimates","SDG indicator 5.5.2 - Proportion of women in managerial positions (%)","2007",13.082,,,,
"Western Asia","ILO - Modelled Estimates","SDG indicator 5.5.2 - Proportion of women in managerial positions (%)","2006",12.26,,,,
"Western Asia","ILO - Modelled Estimates","SDG indicator 5.5.2 - Proportion of women in managerial positions (%)","2005",10.666,,,,
"Western Asia","ILO - Modelled Estimates","SDG indicator 5.5.2 - Proportion of women in managerial positions (%)","2004",10.947,,,,
"Western Asia","ILO - Modelled Estimates","SDG indicator 5.5.2 - Proportion of women in managerial positions (%)","2003",10.638,,,,
"Western Asia","ILO - Modelled Estimates","SDG indicator 5.5.2 - Proportion of women in managerial positions (%)","2002",11.094,,,,
"Western Asia","ILO - Modelled Estimates","SDG indicator 5.5.2 - Proportion of women in managerial positions (%)","2001",10.869,,,,
"Western Asia","ILO - Modelled Estimates","SDG indicator 5.5.2 - Proportion of women in managerial positions (%)","2000",10.218,,,,
"European Union 28","ILO - Modelled Estimates","SDG indicator 5.5.2 - Proportion of women in managerial positions (%)","2023",36.396,,,,
"European Union 28","ILO - Modelled Estimates","SDG indicator 5.5.2 - Proportion of women in managerial positions (%)","2022",36.04,,,,
"European Union 28","ILO - Modelled Estimates","SDG indicator 5.5.2 - Proportion of women in managerial positions (%)","2021",36.017,,,,
"European Union 28","ILO - Modelled Estimates","SDG indicator 5.5.2 - Proportion of women in managerial positions (%)","2020",34.868,,,,
"European Union 28","ILO - Modelled Estimates","SDG indicator 5.5.2 - Proportion of women in managerial positions (%)","2019",34.227,,,,
"European Union 28","ILO - Modelled Estimates","SDG indicator 5.5.2 - Proportion of women in managerial positions (%)","2018",33.622,,,,
"European Union 28","ILO - Modelled Estimates","SDG indicator 5.5.2 - Proportion of women in managerial positions (%)","2017",33.386,,,,
"European Union 28","ILO - Modelled Estimates","SDG indicator 5.5.2 - Proportion of women in managerial positions (%)","2016",33.353,,,,
"European Union 28","ILO - Modelled Estimates","SDG indicator 5.5.2 - Proportion of women in managerial positions (%)","2015",32.577,,,,
"European Union 28","ILO - Modelled Estimates","SDG indicator 5.5.2 - Proportion of women in managerial positions (%)","2014",32.399,,,,
"European Union 28","ILO - Modelled Estimates","SDG indicator 5.5.2 - Proportion of women in managerial positions (%)","2013",32.323,,,,
"European Union 28","ILO - Modelled Estimates","SDG indicator 5.5.2 - Proportion of women in managerial positions (%)","2012",32.993,,,,
"European Union 28","ILO - Modelled Estimates","SDG indicator 5.5.2 - Proportion of women in managerial positions (%)","2011",32.88,,,,
"European Union 28","ILO - Modelled Estimates","SDG indicator 5.5.2 - Proportion of women in managerial positions (%)","2010",32.739,,,,
"European Union 28","ILO - Modelled Estimates","SDG indicator 5.5.2 - Proportion of women in managerial positions (%)","2009",32.511,,,,
"European Union 28","ILO - Modelled Estimates","SDG indicator 5.5.2 - Proportion of women in managerial positions (%)","2008",32.112,,,,
"European Union 28","ILO - Modelled Estimates","SDG indicator 5.5.2 - Proportion of women in managerial positions (%)","2007",31.995,,,,
"European Union 28","ILO - Modelled Estimates","SDG indicator 5.5.2 - Proportion of women in managerial positions (%)","2006",31.698,,,,
"European Union 28","ILO - Modelled Estimates","SDG indicator 5.5.2 - Proportion of women in managerial positions (%)","2005",31.449,,,,
"European Union 28","ILO - Modelled Estimates","SDG indicator 5.5.2 - Proportion of women in managerial positions (%)","2004",30.879,,,,
"European Union 28","ILO - Modelled Estimates","SDG indicator 5.5.2 - Proportion of women in managerial positions (%)","2003",30.185,,,,
"European Union 28","ILO - Modelled Estimates","SDG indicator 5.5.2 - Proportion of women in managerial positions (%)","2002",29.837,,,,
"European Union 28","ILO - Modelled Estimates","SDG indicator 5.5.2 - Proportion of women in managerial positions (%)","2001",29.611,,,,
"European Union 28","ILO - Modelled Estimates","SDG indicator 5.5.2 - Proportion of women in managerial positions (%)","2000",29.433,,,,
"G20","ILO - Modelled Estimates","SDG indicator 5.5.2 - Proportion of women in managerial positions (%)","2023",29.878,,,,
"G20","ILO - Modelled Estimates","SDG indicator 5.5.2 - Proportion of women in managerial positions (%)","2022",29.197,,,,
"G20","ILO - Modelled Estimates","SDG indicator 5.5.2 - Proportion of women in managerial positions (%)","2021",28.905,,,,
"G20","ILO - Modelled Estimates","SDG indicator 5.5.2 - Proportion of women in managerial positions (%)","2020",27.125,,,,
"G20","ILO - Modelled Estimates","SDG indicator 5.5.2 - Proportion of women in managerial positions (%)","2019",26.993,,,,
"G20","ILO - Modelled Estimates","SDG indicator 5.5.2 - Proportion of women in managerial positions (%)","2018",26.759,,,,
"G20","ILO - Modelled Estimates","SDG indicator 5.5.2 - Proportion of women in managerial positions (%)","2017",26.601,,,,
"G20","ILO - Modelled Estimates","SDG indicator 5.5.2 - Proportion of women in managerial positions (%)","2016",26.3,,,,
"G20","ILO - Modelled Estimates","SDG indicator 5.5.2 - Proportion of women in managerial positions (%)","2015",25.904,,,,
"G20","ILO - Modelled Estimates","SDG indicator 5.5.2 - Proportion of women in managerial positions (%)","2014",25.55,,,,
"G20","ILO - Modelled Estimates","SDG indicator 5.5.2 - Proportion of women in managerial positions (%)","2013",25.434,,,,
"G20","ILO - Modelled Estimates","SDG indicator 5.5.2 - Proportion of women in managerial positions (%)","2012",25.695,,,,
"G20","ILO - Modelled Estimates","SDG indicator 5.5.2 - Proportion of women in managerial positions (%)","2011",25.937,,,,
"G20","ILO - Modelled Estimates","SDG indicator 5.5.2 - Proportion of women in managerial positions (%)","2010",25.821,,,,
"G20","ILO - Modelled Estimates","SDG indicator 5.5.2 - Proportion of women in managerial positions (%)","2009",25.748,,,,
"G20","ILO - Modelled Estimates","SDG indicator 5.5.2 - Proportion of women in managerial positions (%)","2008",25.761,,,,
"G20","ILO - Modelled Estimates","SDG indicator 5.5.2 - Proportion of women in managerial positions (%)","2007",25.711,,,,
"G20","ILO - Modelled Estimates","SDG indicator 5.5.2 - Proportion of women in managerial positions (%)","2006",25.441,,,,
"G20","ILO - Modelled Estimates","SDG indicator 5.5.2 - Proportion of women in managerial positions (%)","2005",25.413,,,,
"G20","ILO - Modelled Estimates","SDG indicator 5.5.2 - Proportion of women in managerial positions (%)","2004",24.915,,,,
"G20","ILO - Modelled Estimates","SDG indicator 5.5.2 - Proportion of women in managerial positions (%)","2003",24.862,,,,
"G20","ILO - Modelled Estimates","SDG indicator 5.5.2 - Proportion of women in managerial positions (%)","2002",24.365,,,,
"G20","ILO - Modelled Estimates","SDG indicator 5.5.2 - Proportion of women in managerial positions (%)","2001",24.324,,,,
"G20","ILO - Modelled Estimates","SDG indicator 5.5.2 - Proportion of women in managerial positions (%)","2000",24.226,,,,
"ASEAN","ILO - Modelled Estimates","SDG indicator 5.5.2 - Proportion of women in managerial positions (%)","2023",35.947,,,,
"ASEAN","ILO - Modelled Estimates","SDG indicator 5.5.2 - Proportion of women in managerial positions (%)","2022",36.238,,,,
"ASEAN","ILO - Modelled Estimates","SDG indicator 5.5.2 - Proportion of women in managerial positions (%)","2021",39.41,,,,
"ASEAN","ILO - Modelled Estimates","SDG indicator 5.5.2 - Proportion of women in managerial positions (%)","2020",39.728,,,,
"ASEAN","ILO - Modelled Estimates","SDG indicator 5.5.2 - Proportion of women in managerial positions (%)","2019",38.821,,,,
"ASEAN","ILO - Modelled Estimates","SDG indicator 5.5.2 - Proportion of women in managerial positions (%)","2018",41.709,,,,
"ASEAN","ILO - Modelled Estimates","SDG indicator 5.5.2 - Proportion of women in managerial positions (%)","2017",41.026,,,,
"ASEAN","ILO - Modelled Estimates","SDG indicator 5.5.2 - Proportion of women in managerial positions (%)","2016",41.443,,,,
"ASEAN","ILO - Modelled Estimates","SDG indicator 5.5.2 - Proportion of women in managerial positions (%)","2015",41.209,,,,
"ASEAN","ILO - Modelled Estimates","SDG indicator 5.5.2 - Proportion of women in managerial positions (%)","2014",41.512,,,,
"ASEAN","ILO - Modelled Estimates","SDG indicator 5.5.2 - Proportion of women in managerial positions (%)","2013",41.404,,,,
"ASEAN","ILO - Modelled Estimates","SDG indicator 5.5.2 - Proportion of women in managerial positions (%)","2012",40.757,,,,
"ASEAN","ILO - Modelled Estimates","SDG indicator 5.5.2 - Proportion of women in managerial positions (%)","2011",42.871,,,,
"ASEAN","ILO - Modelled Estimates","SDG indicator 5.5.2 - Proportion of women in managerial positions (%)","2010",43.076,,,,
"ASEAN","ILO - Modelled Estimates","SDG indicator 5.5.2 - Proportion of women in managerial positions (%)","2009",42.35,,,,
"ASEAN","ILO - Modelled Estimates","SDG indicator 5.5.2 - Proportion of women in managerial positions (%)","2008",42.493,,,,
"ASEAN","ILO - Modelled Estimates","SDG indicator 5.5.2 - Proportion of women in managerial positions (%)","2007",41.983,,,,
"ASEAN","ILO - Modelled Estimates","SDG indicator 5.5.2 - Proportion of women in managerial positions (%)","2006",42.1,,,,
"ASEAN","ILO - Modelled Estimates","SDG indicator 5.5.2 - Proportion of women in managerial positions (%)","2005",42.531,,,,
"ASEAN","ILO - Modelled Estimates","SDG indicator 5.5.2 - Proportion of women in managerial positions (%)","2004",42.092,,,,
"ASEAN","ILO - Modelled Estimates","SDG indicator 5.5.2 - Proportion of women in managerial positions (%)","2003",42.081,,,,
"ASEAN","ILO - Modelled Estimates","SDG indicator 5.5.2 - Proportion of women in managerial positions (%)","2002",41.884,,,,
"ASEAN","ILO - Modelled Estimates","SDG indicator 5.5.2 - Proportion of women in managerial positions (%)","2001",42.458,,,,
"ASEAN","ILO - Modelled Estimates","SDG indicator 5.5.2 - Proportion of women in managerial positions (%)","2000",42.53,,,,
"BRICS","ILO - Modelled Estimates","SDG indicator 5.5.2 - Proportion of women in managerial positions (%)","2023",20.169,,,,
"BRICS","ILO - Modelled Estimates","SDG indicator 5.5.2 - Proportion of women in managerial positions (%)","2022",21.551,,,,
"BRICS","ILO - Modelled Estimates","SDG indicator 5.5.2 - Proportion of women in managerial positions (%)","2021",22.055,,,,
"BRICS","ILO - Modelled Estimates","SDG indicator 5.5.2 - Proportion of women in managerial positions (%)","2020",20.923,,,,
"BRICS","ILO - Modelled Estimates","SDG indicator 5.5.2 - Proportion of women in managerial positions (%)","2019",21.58,,,,
"BRICS","ILO - Modelled Estimates","SDG indicator 5.5.2 - Proportion of women in managerial positions (%)","2018",21.346,,,,
"BRICS","ILO - Modelled Estimates","SDG indicator 5.5.2 - Proportion of women in managerial positions (%)","2017",21.377,,,,
"BRICS","ILO - Modelled Estimates","SDG indicator 5.5.2 - Proportion of women in managerial positions (%)","2016",21.332,,,,
"BRICS","ILO - Modelled Estimates","SDG indicator 5.5.2 - Proportion of women in managerial positions (%)","2015",21.069,,,,
"BRICS","ILO - Modelled Estimates","SDG indicator 5.5.2 - Proportion of women in managerial positions (%)","2014",20.765,,,,
"BRICS","ILO - Modelled Estimates","SDG indicator 5.5.2 - Proportion of women in managerial positions (%)","2013",20.642,,,,
"BRICS","ILO - Modelled Estimates","SDG indicator 5.5.2 - Proportion of women in managerial positions (%)","2012",20.503,,,,
"BRICS","ILO - Modelled Estimates","SDG indicator 5.5.2 - Proportion of women in managerial positions (%)","2011",20.53,,,,
"BRICS","ILO - Modelled Estimates","SDG indicator 5.5.2 - Proportion of women in managerial positions (%)","2010",20.267,,,,
"BRICS","ILO - Modelled Estimates","SDG indicator 5.5.2 - Proportion of women in managerial positions (%)","2009",20.23,,,,
"BRICS","ILO - Modelled Estimates","SDG indicator 5.5.2 - Proportion of women in managerial positions (%)","2008",20.48,,,,
"BRICS","ILO - Modelled Estimates","SDG indicator 5.5.2 - Proportion of women in managerial positions (%)","2007",20.749,,,,
"BRICS","ILO - Modelled Estimates","SDG indicator 5.5.2 - Proportion of women in managerial positions (%)","2006",20.737,,,,
"BRICS","ILO - Modelled Estimates","SDG indicator 5.5.2 - Proportion of women in managerial positions (%)","2005",20.932,,,,
"BRICS","ILO - Modelled Estimates","SDG indicator 5.5.2 - Proportion of women in managerial positions (%)","2004",20.399,,,,
"BRICS","ILO - Modelled Estimates","SDG indicator 5.5.2 - Proportion of women in managerial positions (%)","2003",20.416,,,,
"BRICS","ILO - Modelled Estimates","SDG indicator 5.5.2 - Proportion of women in managerial positions (%)","2002",19.382,,,,
"BRICS","ILO - Modelled Estimates","SDG indicator 5.5.2 - Proportion of women in managerial positions (%)","2001",18.903,,,,
"BRICS","ILO - Modelled Estimates","SDG indicator 5.5.2 - Proportion of women in managerial positions (%)","2000",18.776,,,,
"World excluding BRICS","ILO - Modelled Estimates","SDG indicator 5.5.2 - Proportion of women in managerial positions (%)","2023",34.968,,,,
"World excluding BRICS","ILO - Modelled Estimates","SDG indicator 5.5.2 - Proportion of women in managerial positions (%)","2022",34.289,,,,
"World excluding BRICS","ILO - Modelled Estimates","SDG indicator 5.5.2 - Proportion of women in managerial positions (%)","2021",35.104,,,,
"World excluding BRICS","ILO - Modelled Estimates","SDG indicator 5.5.2 - Proportion of women in managerial positions (%)","2020",34.235,,,,
"World excluding BRICS","ILO - Modelled Estimates","SDG indicator 5.5.2 - Proportion of women in managerial positions (%)","2019",33.625,,,,
"World excluding BRICS","ILO - Modelled Estimates","SDG indicator 5.5.2 - Proportion of women in managerial positions (%)","2018",33.842,,,,
"World excluding BRICS","ILO - Modelled Estimates","SDG indicator 5.5.2 - Proportion of women in managerial positions (%)","2017",33.466,,,,
"World excluding BRICS","ILO - Modelled Estimates","SDG indicator 5.5.2 - Proportion of women in managerial positions (%)","2016",33.09,,,,
"World excluding BRICS","ILO - Modelled Estimates","SDG indicator 5.5.2 - Proportion of women in managerial positions (%)","2015",32.557,,,,
"World excluding BRICS","ILO - Modelled Estimates","SDG indicator 5.5.2 - Proportion of women in managerial positions (%)","2014",32.374,,,,
"World excluding BRICS","ILO - Modelled Estimates","SDG indicator 5.5.2 - Proportion of women in managerial positions (%)","2013",32.039,,,,
"World excluding BRICS","ILO - Modelled Estimates","SDG indicator 5.5.2 - Proportion of women in managerial positions (%)","2012",32.278,,,,
"World excluding BRICS","ILO - Modelled Estimates","SDG indicator 5.5.2 - Proportion of women in managerial positions (%)","2011",32.881,,,,
"World excluding BRICS","ILO - Modelled Estimates","SDG indicator 5.5.2 - Proportion of women in managerial positions (%)","2010",32.771,,,,
"World excluding BRICS","ILO - Modelled Estimates","SDG indicator 5.5.2 - Proportion of women in managerial positions (%)","2009",32.385,,,,
"World excluding BRICS","ILO - Modelled Estimates","SDG indicator 5.5.2 - Proportion of women in managerial positions (%)","2008",31.911,,,,
"World excluding BRICS","ILO - Modelled Estimates","SDG indicator 5.5.2 - Proportion of women in managerial positions (%)","2007",31.568,,,,
"World excluding BRICS","ILO - Modelled Estimates","SDG indicator 5.5.2 - Proportion of women in managerial positions (%)","2006",31.064,,,,
"World excluding BRICS","ILO - Modelled Estimates","SDG indicator 5.5.2 - Proportion of women in managerial positions (%)","2005",30.756,,,,
"World excluding BRICS","ILO - Modelled Estimates","SDG indicator 5.5.2 - Proportion of women in managerial positions (%)","2004",30.273,,,,
"World excluding BRICS","ILO - Modelled Estimates","SDG indicator 5.5.2 - Proportion of women in managerial positions (%)","2003",29.96,,,,
"World excluding BRICS","ILO - Modelled Estimates","SDG indicator 5.5.2 - Proportion of women in managerial positions (%)","2002",29.602,,,,
"World excluding BRICS","ILO - Modelled Estimates","SDG indicator 5.5.2 - Proportion of women in managerial positions (%)","2001",29.619,,,,
"World excluding BRICS","ILO - Modelled Estimates","SDG indicator 5.5.2 - Proportion of women in managerial positions (%)","2000",29.405,,,,
"G7","ILO - Modelled Estimates","SDG indicator 5.5.2 - Proportion of women in managerial positions (%)","2023",38.455,,,,
"G7","ILO - Modelled Estimates","SDG indicator 5.5.2 - Proportion of women in managerial positions (%)","2022",37.176,,,,
"G7","ILO - Modelled Estimates","SDG indicator 5.5.2 - Proportion of women in managerial positions (%)","2021",37.392,,,,
"G7","ILO - Modelled Estimates","SDG indicator 5.5.2 - Proportion of women in managerial positions (%)","2020",36.362,,,,
"G7","ILO - Modelled Estimates","SDG indicator 5.5.2 - Proportion of women in managerial positions (%)","2019",36.075,,,,
"G7","ILO - Modelled Estimates","SDG indicator 5.5.2 - Proportion of women in managerial positions (%)","2018",35.851,,,,
"G7","ILO - Modelled Estimates","SDG indicator 5.5.2 - Proportion of women in managerial positions (%)","2017",35.423,,,,
"G7","ILO - Modelled Estimates","SDG indicator 5.5.2 - Proportion of women in managerial positions (%)","2016",34.933,,,,
"G7","ILO - Modelled Estimates","SDG indicator 5.5.2 - Proportion of women in managerial positions (%)","2015",34.511,,,,
"G7","ILO - Modelled Estimates","SDG indicator 5.5.2 - Proportion of women in managerial positions (%)","2014",34.105,,,,
"G7","ILO - Modelled Estimates","SDG indicator 5.5.2 - Proportion of women in managerial positions (%)","2013",34.14,,,,
"G7","ILO - Modelled Estimates","SDG indicator 5.5.2 - Proportion of women in managerial positions (%)","2012",34.628,,,,
"G7","ILO - Modelled Estimates","SDG indicator 5.5.2 - Proportion of women in managerial positions (%)","2011",34.572,,,,
"G7","ILO - Modelled Estimates","SDG indicator 5.5.2 - Proportion of women in managerial positions (%)","2010",34.635,,,,
"G7","ILO - Modelled Estimates","SDG indicator 5.5.2 - Proportion of women in managerial positions (%)","2009",34.148,,,,
"G7","ILO - Modelled Estimates","SDG indicator 5.5.2 - Proportion of women in managerial positions (%)","2008",33.928,,,,
"G7","ILO - Modelled Estimates","SDG indicator 5.5.2 - Proportion of women in managerial positions (%)","2007",33.888,,,,
"G7","ILO - Modelled Estimates","SDG indicator 5.5.2 - Proportion of women in managerial positions (%)","2006",33.102,,,,
"G7","ILO - Modelled Estimates","SDG indicator 5.5.2 - Proportion of women in managerial positions (%)","2005",33.215,,,,
"G7","ILO - Modelled Estimates","SDG indicator 5.5.2 - Proportion of women in managerial positions (%)","2004",32.686,,,,
"G7","ILO - Modelled Estimates","SDG indicator 5.5.2 - Proportion of women in managerial positions (%)","2003",32.484,,,,
"G7","ILO - Modelled Estimates","SDG indicator 5.5.2 - Proportion of women in managerial positions (%)","2002",31.869,,,,
"G7","ILO - Modelled Estimates","SDG indicator 5.5.2 - Proportion of women in managerial positions (%)","2001",31.514,,,,
"G7","ILO - Modelled Estimates","SDG indicator 5.5.2 - Proportion of women in managerial positions (%)","2000",31.299,,,,
"MENA","ILO - Modelled Estimates","SDG indicator 5.5.2 - Proportion of women in managerial positions (%)","2023",16.427,,,,
"MENA","ILO - Modelled Estimates","SDG indicator 5.5.2 - Proportion of women in managerial positions (%)","2022",16.262,,,,
"MENA","ILO - Modelled Estimates","SDG indicator 5.5.2 - Proportion of women in managerial positions (%)","2021",15.793,,,,
"MENA","ILO - Modelled Estimates","SDG indicator 5.5.2 - Proportion of women in managerial positions (%)","2020",12.597,,,,
"MENA","ILO - Modelled Estimates","SDG indicator 5.5.2 - Proportion of women in managerial positions (%)","2019",12.045,,,,
"MENA","ILO - Modelled Estimates","SDG indicator 5.5.2 - Proportion of women in managerial positions (%)","2018",11.802,,,,
"MENA","ILO - Modelled Estimates","SDG indicator 5.5.2 - Proportion of women in managerial positions (%)","2017",11.014,,,,
"MENA","ILO - Modelled Estimates","SDG indicator 5.5.2 - Proportion of women in managerial positions (%)","2016",10.912,,,,
"MENA","ILO - Modelled Estimates","SDG indicator 5.5.2 - Proportion of women in managerial positions (%)","2015",10.32,,,,
"MENA","ILO - Modelled Estimates","SDG indicator 5.5.2 - Proportion of women in managerial positions (%)","2014",10.502,,,,
"MENA","ILO - Modelled Estimates","SDG indicator 5.5.2 - Proportion of women in managerial positions (%)","2013",10.209,,,,
"MENA","ILO - Modelled Estimates","SDG indicator 5.5.2 - Proportion of women in managerial positions (%)","2012",11.914,,,,
"MENA","ILO - Modelled Estimates","SDG indicator 5.5.2 - Proportion of women in managerial positions (%)","2011",13.212,,,,
"MENA","ILO - Modelled Estimates","SDG indicator 5.5.2 - Proportion of women in managerial positions (%)","2010",13.012,,,,
"MENA","ILO - Modelled Estimates","SDG indicator 5.5.2 - Proportion of women in managerial positions (%)","2009",12.778,,,,
"MENA","ILO - Modelled Estimates","SDG indicator 5.5.2 - Proportion of women in managerial positions (%)","2008",11.943,,,,
"MENA","ILO - Modelled Estimates","SDG indicator 5.5.2 - Proportion of women in managerial positions (%)","2007",11.626,,,,
"MENA","ILO - Modelled Estimates","SDG indicator 5.5.2 - Proportion of women in managerial positions (%)","2006",11.515,,,,
"MENA","ILO - Modelled Estimates","SDG indicator 5.5.2 - Proportion of women in managerial positions (%)","2005",11.033,,,,
"MENA","ILO - Modelled Estimates","SDG indicator 5.5.2 - Proportion of women in managerial positions (%)","2004",9.402,,,,
"MENA","ILO - Modelled Estimates","SDG indicator 5.5.2 - Proportion of women in managerial positions (%)","2003",9.728,,,,
"MENA","ILO - Modelled Estimates","SDG indicator 5.5.2 - Proportion of women in managerial positions (%)","2002",9.558,,,,
"MENA","ILO - Modelled Estimates","SDG indicator 5.5.2 - Proportion of women in managerial positions (%)","2001",10.261,,,,
"MENA","ILO - Modelled Estimates","SDG indicator 5.5.2 - Proportion of women in managerial positions (%)","2000",10.151,,,,
"Arab League","ILO - Modelled Estimates","SDG indicator 5.5.2 - Proportion of women in managerial positions (%)","2023",16.859,,,,
"Arab League","ILO - Modelled Estimates","SDG indicator 5.5.2 - Proportion of women in managerial positions (%)","2022",16.748,,,,
"Arab League","ILO - Modelled Estimates","SDG indicator 5.5.2 - Proportion of women in managerial positions (%)","2021",16.225,,,,
"Arab League","ILO - Modelled Estimates","SDG indicator 5.5.2 - Proportion of women in managerial positions (%)","2020",12.808,,,,
"Arab League","ILO - Modelled Estimates","SDG indicator 5.5.2 - Proportion of women in managerial positions (%)","2019",11.973,,,,
"Arab League","ILO - Modelled Estimates","SDG indicator 5.5.2 - Proportion of women in managerial positions (%)","2018",11.449,,,,
"Arab League","ILO - Modelled Estimates","SDG indicator 5.5.2 - Proportion of women in managerial positions (%)","2017",10.785,,,,
"Arab League","ILO - Modelled Estimates","SDG indicator 5.5.2 - Proportion of women in managerial positions (%)","2016",10.902,,,,
"Arab League","ILO - Modelled Estimates","SDG indicator 5.5.2 - Proportion of women in managerial positions (%)","2015",10.296,,,,
"Arab League","ILO - Modelled Estimates","SDG indicator 5.5.2 - Proportion of women in managerial positions (%)","2014",10.316,,,,
"Arab League","ILO - Modelled Estimates","SDG indicator 5.5.2 - Proportion of women in managerial positions (%)","2013",10.242,,,,
"Arab League","ILO - Modelled Estimates","SDG indicator 5.5.2 - Proportion of women in managerial positions (%)","2012",11.908,,,,
"Arab League","ILO - Modelled Estimates","SDG indicator 5.5.2 - Proportion of women in managerial positions (%)","2011",13.655,,,,
"Arab League","ILO - Modelled Estimates","SDG indicator 5.5.2 - Proportion of women in managerial positions (%)","2010",13.318,,,,
"Arab League","ILO - Modelled Estimates","SDG indicator 5.5.2 - Proportion of women in managerial positions (%)","2009",13.04,,,,
"Arab League","ILO - Modelled Estimates","SDG indicator 5.5.2 - Proportion of women in managerial positions (%)","2008",12.2,,,,
"Arab League","ILO - Modelled Estimates","SDG indicator 5.5.2 - Proportion of women in managerial positions (%)","2007",11.601,,,,
"Arab League","ILO - Modelled Estimates","SDG indicator 5.5.2 - Proportion of women in managerial positions (%)","2006",11.377,,,,
"Arab League","ILO - Modelled Estimates","SDG indicator 5.5.2 - Proportion of women in managerial positions (%)","2005",10.805,,,,
"Arab League","ILO - Modelled Estimates","SDG indicator 5.5.2 - Proportion of women in managerial positions (%)","2004",9.1,,,,
"Arab League","ILO - Modelled Estimates","SDG indicator 5.5.2 - Proportion of women in managerial positions (%)","2003",9.56,,,,
"Arab League","ILO - Modelled Estimates","SDG indicator 5.5.2 - Proportion of women in managerial positions (%)","2002",9.46,,,,
"Arab League","ILO - Modelled Estimates","SDG indicator 5.5.2 - Proportion of women in managerial positions (%)","2001",10.245,,,,
"Arab League","ILO - Modelled Estimates","SDG indicator 5.5.2 - Proportion of women in managerial positions (%)","2000",10.146,,,,
"CARICOM","ILO - Modelled Estimates","SDG indicator 5.5.2 - Proportion of women in managerial positions (%)","2023",52.697,,,,
"CARICOM","ILO - Modelled Estimates","SDG indicator 5.5.2 - Proportion of women in managerial positions (%)","2022",52.541,,,,
"CARICOM","ILO - Modelled Estimates","SDG indicator 5.5.2 - Proportion of women in managerial positions (%)","2021",51.473,,,,
"CARICOM","ILO - Modelled Estimates","SDG indicator 5.5.2 - Proportion of women in managerial positions (%)","2020",51.916,,,,
"CARICOM","ILO - Modelled Estimates","SDG indicator 5.5.2 - Proportion of women in managerial positions (%)","2019",50.988,,,,
"CARICOM","ILO - Modelled Estimates","SDG indicator 5.5.2 - Proportion of women in managerial positions (%)","2018",49.93,,,,
"CARICOM","ILO - Modelled Estimates","SDG indicator 5.5.2 - Proportion of women in managerial positions (%)","2017",49.562,,,,
"CARICOM","ILO - Modelled Estimates","SDG indicator 5.5.2 - Proportion of women in managerial positions (%)","2016",49.971,,,,
"CARICOM","ILO - Modelled Estimates","SDG indicator 5.5.2 - Proportion of women in managerial positions (%)","2015",50.339,,,,
"CARICOM","ILO - Modelled Estimates","SDG indicator 5.5.2 - Proportion of women in managerial positions (%)","2014",51.096,,,,
"CARICOM","ILO - Modelled Estimates","SDG indicator 5.5.2 - Proportion of women in managerial positions (%)","2013",51.107,,,,
"CARICOM","ILO - Modelled Estimates","SDG indicator 5.5.2 - Proportion of women in managerial positions (%)","2012",50.246,,,,
"CARICOM","ILO - Modelled Estimates","SDG indicator 5.5.2 - Proportion of women in managerial positions (%)","2011",48.818,,,,
"CARICOM","ILO - Modelled Estimates","SDG indicator 5.5.2 - Proportion of women in managerial positions (%)","2010",49.377,,,,
"CARICOM","ILO - Modelled Estimates","SDG indicator 5.5.2 - Proportion of women in managerial positions (%)","2009",47.871,,,,
"CARICOM","ILO - Modelled Estimates","SDG indicator 5.5.2 - Proportion of women in managerial positions (%)","2008",48.471,,,,
"CARICOM","ILO - Modelled Estimates","SDG indicator 5.5.2 - Proportion of women in managerial positions (%)","2007",47.414,,,,
"CARICOM","ILO - Modelled Estimates","SDG indicator 5.5.2 - Proportion of women in managerial positions (%)","2006",47.943,,,,
"CARICOM","ILO - Modelled Estimates","SDG indicator 5.5.2 - Proportion of women in managerial positions (%)","2005",48.122,,,,
"CARICOM","ILO - Modelled Estimates","SDG indicator 5.5.2 - Proportion of women in managerial positions (%)","2004",47.322,,,,
"CARICOM","ILO - Modelled Estimates","SDG indicator 5.5.2 - Proportion of women in managerial positions (%)","2003",46.849,,,,
"CARICOM","ILO - Modelled Estimates","SDG indicator 5.5.2 - Proportion of women in managerial positions (%)","2002",45.569,,,,
"CARICOM","ILO - Modelled Estimates","SDG indicator 5.5.2 - Proportion of women in managerial positions (%)","2001",45.092,,,,
"CARICOM","ILO - Modelled Estimates","SDG indicator 5.5.2 - Proportion of women in managerial positions (%)","2000",45.115,,,,
"European Union 27","ILO - Modelled Estimates","SDG indicator 5.5.2 - Proportion of women in managerial positions (%)","2023",34.732,,,,
"European Union 27","ILO - Modelled Estimates","SDG indicator 5.5.2 - Proportion of women in managerial positions (%)","2022",34.7,,,,
"European Union 27","ILO - Modelled Estimates","SDG indicator 5.5.2 - Proportion of women in managerial positions (%)","2021",34.456,,,,
"European Union 27","ILO - Modelled Estimates","SDG indicator 5.5.2 - Proportion of women in managerial positions (%)","2020",33.694,,,,
"European Union 27","ILO - Modelled Estimates","SDG indicator 5.5.2 - Proportion of women in managerial positions (%)","2019",33.113,,,,
"European Union 27","ILO - Modelled Estimates","SDG indicator 5.5.2 - Proportion of women in managerial positions (%)","2018",32.622,,,,
"European Union 27","ILO - Modelled Estimates","SDG indicator 5.5.2 - Proportion of women in managerial positions (%)","2017",32.368,,,,
"European Union 27","ILO - Modelled Estimates","SDG indicator 5.5.2 - Proportion of women in managerial positions (%)","2016",32.341,,,,
"European Union 27","ILO - Modelled Estimates","SDG indicator 5.5.2 - Proportion of women in managerial positions (%)","2015",31.61,,,,
"European Union 27","ILO - Modelled Estimates","SDG indicator 5.5.2 - Proportion of women in managerial positions (%)","2014",31.441,,,,
"European Union 27","ILO - Modelled Estimates","SDG indicator 5.5.2 - Proportion of women in managerial positions (%)","2013",31.757,,,,
"European Union 27","ILO - Modelled Estimates","SDG indicator 5.5.2 - Proportion of women in managerial positions (%)","2012",32.549,,,,
"European Union 27","ILO - Modelled Estimates","SDG indicator 5.5.2 - Proportion of women in managerial positions (%)","2011",32.384,,,,
"European Union 27","ILO - Modelled Estimates","SDG indicator 5.5.2 - Proportion of women in managerial positions (%)","2010",32.228,,,,
"European Union 27","ILO - Modelled Estimates","SDG indicator 5.5.2 - Proportion of women in managerial positions (%)","2009",31.937,,,,
"European Union 27","ILO - Modelled Estimates","SDG indicator 5.5.2 - Proportion of women in managerial positions (%)","2008",31.63,,,,
"European Union 27","ILO - Modelled Estimates","SDG indicator 5.5.2 - Proportion of women in managerial positions (%)","2007",31.48,,,,
"European Union 27","ILO - Modelled Estimates","SDG indicator 5.5.2 - Proportion of women in managerial positions (%)","2006",31.031,,,,
"European Union 27","ILO - Modelled Estimates","SDG indicator 5.5.2 - Proportion of women in managerial positions (%)","2005",30.686,,,,
"European Union 27","ILO - Modelled Estimates","SDG indicator 5.5.2 - Proportion of women in managerial positions (%)","2004",30.105,,,,
"European Union 27","ILO - Modelled Estimates","SDG indicator 5.5.2 - Proportion of women in managerial positions (%)","2003",29.287,,,,
"European Union 27","ILO - Modelled Estimates","SDG indicator 5.5.2 - Proportion of women in managerial positions (%)","2002",28.88,,,,
"European Union 27","ILO - Modelled Estimates","SDG indicator 5.5.2 - Proportion of women in managerial positions (%)","2001",28.745,,,,
"European Union 27","ILO - Modelled Estimates","SDG indicator 5.5.2 - Proportion of women in managerial positions (%)","2000",28.608,,,,
"Arab States: Low income","ILO - Modelled Estimates","SDG indicator 5.5.2 - Proportion of women in managerial positions (%)","2023",5.415,,,,
"Arab States: Low income","ILO - Modelled Estimates","SDG indicator 5.5.2 - Proportion of women in managerial positions (%)","2022",5.42,,,,
"Arab States: Low income","ILO - Modelled Estimates","SDG indicator 5.5.2 - Proportion of women in managerial positions (%)","2021",5.845,,,,
"Arab States: Low income","ILO - Modelled Estimates","SDG indicator 5.5.2 - Proportion of women in managerial positions (%)","2020",5.811,,,,
"Arab States: Low income","ILO - Modelled Estimates","SDG indicator 5.5.2 - Proportion of women in managerial positions (%)","2019",5.678,,,,
"Arab States: Low income","ILO - Modelled Estimates","SDG indicator 5.5.2 - Proportion of women in managerial positions (%)","2018",5.515,,,,
"Arab States: Low income","ILO - Modelled Estimates","SDG indicator 5.5.2 - Proportion of women in managerial positions (%)","2017",5.396,,,,
"Arab States: Low income","ILO - Modelled Estimates","SDG indicator 5.5.2 - Proportion of women in managerial positions (%)","2016",5.424,,,,
"Arab States: Low income","ILO - Modelled Estimates","SDG indicator 5.5.2 - Proportion of women in managerial positions (%)","2015",5.614,,,,
"Arab States: Low income","ILO - Modelled Estimates","SDG indicator 5.5.2 - Proportion of women in managerial positions (%)","2014",5.827,,,,
"Arab States: Low income","ILO - Modelled Estimates","SDG indicator 5.5.2 - Proportion of women in managerial positions (%)","2013",5.976,,,,
"Arab States: Low income","ILO - Modelled Estimates","SDG indicator 5.5.2 - Proportion of women in managerial positions (%)","2012",6.351,,,,
"Arab States: Low income","ILO - Modelled Estimates","SDG indicator 5.5.2 - Proportion of women in managerial positions (%)","2011",6.896,,,,
"Arab States: Low income","ILO - Modelled Estimates","SDG indicator 5.5.2 - Proportion of women in managerial positions (%)","2010",6.033,,,,
"Arab States: Low income","ILO - Modelled Estimates","SDG indicator 5.5.2 - Proportion of women in managerial positions (%)","2009",6.021,,,,
"Arab States: Low income","ILO - Modelled Estimates","SDG indicator 5.5.2 - Proportion of women in managerial positions (%)","2008",6.139,,,,
"Arab States: Low income","ILO - Modelled Estimates","SDG indicator 5.5.2 - Proportion of women in managerial positions (%)","2007",6.117,,,,
"Arab States: Low income","ILO - Modelled Estimates","SDG indicator 5.5.2 - Proportion of women in managerial positions (%)","2006",6.592,,,,
"Arab States: Low income","ILO - Modelled Estimates","SDG indicator 5.5.2 - Proportion of women in managerial positions (%)","2005",7.1,,,,
"Arab States: Low income","ILO - Modelled Estimates","SDG indicator 5.5.2 - Proportion of women in managerial positions (%)","2004",7.52,,,,
"Arab States: Low income","ILO - Modelled Estimates","SDG indicator 5.5.2 - Proportion of women in managerial positions (%)","2003",8.041,,,,
"Arab States: Low income","ILO - Modelled Estimates","SDG indicator 5.5.2 - Proportion of women in managerial positions (%)","2002",7.996,,,,
"Arab States: Low income","ILO - Modelled Estimates","SDG indicator 5.5.2 - Proportion of women in managerial positions (%)","2001",8.073,,,,
"Arab States: Low income","ILO - Modelled Estimates","SDG indicator 5.5.2 - Proportion of women in managerial positions (%)","2000",8.957,,,,
"APEC","ILO - Modelled Estimates","SDG indicator 5.5.2 - Proportion of women in managerial positions (%)","2023",35.02,,,,
"APEC","ILO - Modelled Estimates","SDG indicator 5.5.2 - Proportion of women in managerial positions (%)","2022",34.192,,,,
"APEC","ILO - Modelled Estimates","SDG indicator 5.5.2 - Proportion of women in managerial positions (%)","2021",35.393,,,,
"APEC","ILO - Modelled Estimates","SDG indicator 5.5.2 - Proportion of women in managerial positions (%)","2020",35.088,,,,
"APEC","ILO - Modelled Estimates","SDG indicator 5.5.2 - Proportion of women in managerial positions (%)","2019",34.414,,,,
"APEC","ILO - Modelled Estimates","SDG indicator 5.5.2 - Proportion of women in managerial positions (%)","2018",34.799,,,,
"APEC","ILO - Modelled Estimates","SDG indicator 5.5.2 - Proportion of women in managerial positions (%)","2017",34.263,,,,
"APEC","ILO - Modelled Estimates","SDG indicator 5.5.2 - Proportion of women in managerial positions (%)","2016",33.997,,,,
"APEC","ILO - Modelled Estimates","SDG indicator 5.5.2 - Proportion of women in managerial positions (%)","2015",33.734,,,,
"APEC","ILO - Modelled Estimates","SDG indicator 5.5.2 - Proportion of women in managerial positions (%)","2014",33.27,,,,
"APEC","ILO - Modelled Estimates","SDG indicator 5.5.2 - Proportion of women in managerial positions (%)","2013",33.077,,,,
"APEC","ILO - Modelled Estimates","SDG indicator 5.5.2 - Proportion of women in managerial positions (%)","2012",32.764,,,,
"APEC","ILO - Modelled Estimates","SDG indicator 5.5.2 - Proportion of women in managerial positions (%)","2011",32.911,,,,
"APEC","ILO - Modelled Estimates","SDG indicator 5.5.2 - Proportion of women in managerial positions (%)","2010",32.555,,,,
"APEC","ILO - Modelled Estimates","SDG indicator 5.5.2 - Proportion of women in managerial positions (%)","2009",31.802,,,,
"APEC","ILO - Modelled Estimates","SDG indicator 5.5.2 - Proportion of women in managerial positions (%)","2008",31.571,,,,
"APEC","ILO - Modelled Estimates","SDG indicator 5.5.2 - Proportion of women in managerial positions (%)","2007",31.41,,,,
"APEC","ILO - Modelled Estimates","SDG indicator 5.5.2 - Proportion of women in managerial positions (%)","2006",30.817,,,,
"APEC","ILO - Modelled Estimates","SDG indicator 5.5.2 - Proportion of women in managerial positions (%)","2005",30.751,,,,
"APEC","ILO - Modelled Estimates","SDG indicator 5.5.2 - Proportion of women in managerial positions (%)","2004",30.262,,,,
"APEC","ILO - Modelled Estimates","SDG indicator 5.5.2 - Proportion of women in managerial positions (%)","2003",30.211,,,,
"APEC","ILO - Modelled Estimates","SDG indicator 5.5.2 - Proportion of women in managerial positions (%)","2002",29.403,,,,
"APEC","ILO - Modelled Estimates","SDG indicator 5.5.2 - Proportion of women in managerial positions (%)","2001",29.234,,,,
"APEC","ILO - Modelled Estimates","SDG indicator 5.5.2 - Proportion of women in managerial positions (%)","2000",28.947,,,,
"World excluding India and China","ILO - Modelled Estimates","SDG indicator 5.5.2 - Proportion of women in managerial positions (%)","2023",35.464,,,,
"World excluding India and China","ILO - Modelled Estimates","SDG indicator 5.5.2 - Proportion of women in managerial positions (%)","2022",34.797,,,,
"World excluding India and China","ILO - Modelled Estimates","SDG indicator 5.5.2 - Proportion of women in managerial positions (%)","2021",35.669,,,,
"World excluding India and China","ILO - Modelled Estimates","SDG indicator 5.5.2 - Proportion of women in managerial positions (%)","2020",34.8,,,,
"World excluding India and China","ILO - Modelled Estimates","SDG indicator 5.5.2 - Proportion of women in managerial positions (%)","2019",34.269,,,,
"World excluding India and China","ILO - Modelled Estimates","SDG indicator 5.5.2 - Proportion of women in managerial positions (%)","2018",34.374,,,,
"World excluding India and China","ILO - Modelled Estimates","SDG indicator 5.5.2 - Proportion of women in managerial positions (%)","2017",34.102,,,,
"World excluding India and China","ILO - Modelled Estimates","SDG indicator 5.5.2 - Proportion of women in managerial positions (%)","2016",33.816,,,,
"World excluding India and China","ILO - Modelled Estimates","SDG indicator 5.5.2 - Proportion of women in managerial positions (%)","2015",33.309,,,,
"World excluding India and China","ILO - Modelled Estimates","SDG indicator 5.5.2 - Proportion of women in managerial positions (%)","2014",33.094,,,,
"World excluding India and China","ILO - Modelled Estimates","SDG indicator 5.5.2 - Proportion of women in managerial positions (%)","2013",32.804,,,,
"World excluding India and China","ILO - Modelled Estimates","SDG indicator 5.5.2 - Proportion of women in managerial positions (%)","2012",33.086,,,,
"World excluding India and China","ILO - Modelled Estimates","SDG indicator 5.5.2 - Proportion of women in managerial positions (%)","2011",33.646,,,,
"World excluding India and China","ILO - Modelled Estimates","SDG indicator 5.5.2 - Proportion of women in managerial positions (%)","2010",33.444,,,,
"World excluding India and China","ILO - Modelled Estimates","SDG indicator 5.5.2 - Proportion of women in managerial positions (%)","2009",32.995,,,,
"World excluding India and China","ILO - Modelled Estimates","SDG indicator 5.5.2 - Proportion of women in managerial positions (%)","2008",32.569,,,,
"World excluding India and China","ILO - Modelled Estimates","SDG indicator 5.5.2 - Proportion of women in managerial positions (%)","2007",32.374,,,,
"World excluding India and China","ILO - Modelled Estimates","SDG indicator 5.5.2 - Proportion of women in managerial positions (%)","2006",31.832,,,,
"World excluding India and China","ILO - Modelled Estimates","SDG indicator 5.5.2 - Proportion of women in managerial positions (%)","2005",31.616,,,,
"World excluding India and China","ILO - Modelled Estimates","SDG indicator 5.5.2 - Proportion of women in managerial positions (%)","2004",30.946,,,,
"World excluding India and China","ILO - Modelled Estimates","SDG indicator 5.5.2 - Proportion of women in managerial positions (%)","2003",30.702,,,,
"World excluding India and China","ILO - Modelled Estimates","SDG indicator 5.5.2 - Proportion of women in managerial positions (%)","2002",30.076,,,,
"World excluding India and China","ILO - Modelled Estimates","SDG indicator 5.5.2 - Proportion of women in managerial positions (%)","2001",29.897,,,,
"World excluding India and China","ILO - Modelled Estimates","SDG indicator 5.5.2 - Proportion of women in managerial positions (%)","2000",29.643,,,,
"World: Lower-middle income excluding India","ILO - Modelled Estimates","SDG indicator 5.5.2 - Proportion of women in managerial positions (%)","2023",30.724,,,,
"World: Lower-middle income excluding India","ILO - Modelled Estimates","SDG indicator 5.5.2 - Proportion of women in managerial positions (%)","2022",30.357,,,,
"World: Lower-middle income excluding India","ILO - Modelled Estimates","SDG indicator 5.5.2 - Proportion of women in managerial positions (%)","2021",33.359,,,,
"World: Lower-middle income excluding India","ILO - Modelled Estimates","SDG indicator 5.5.2 - Proportion of women in managerial positions (%)","2020",31.584,,,,
"World: Lower-middle income excluding India","ILO - Modelled Estimates","SDG indicator 5.5.2 - Proportion of women in managerial positions (%)","2019",31.324,,,,
"World: Lower-middle income excluding India","ILO - Modelled Estimates","SDG indicator 5.5.2 - Proportion of women in managerial positions (%)","2018",33.594,,,,
"World: Lower-middle income excluding India","ILO - Modelled Estimates","SDG indicator 5.5.2 - Proportion of women in managerial positions (%)","2017",33.111,,,,
"World: Lower-middle income excluding India","ILO - Modelled Estimates","SDG indicator 5.5.2 - Proportion of women in managerial positions (%)","2016",33.008,,,,
"World: Lower-middle income excluding India","ILO - Modelled Estimates","SDG indicator 5.5.2 - Proportion of women in managerial positions (%)","2015",32.364,,,,
"World: Lower-middle income excluding India","ILO - Modelled Estimates","SDG indicator 5.5.2 - Proportion of women in managerial positions (%)","2014",32.642,,,,
"World: Lower-middle income excluding India","ILO - Modelled Estimates","SDG indicator 5.5.2 - Proportion of women in managerial positions (%)","2013",31.742,,,,
"World: Lower-middle income excluding India","ILO - Modelled Estimates","SDG indicator 5.5.2 - Proportion of women in managerial positions (%)","2012",32.856,,,,
"World: Lower-middle income excluding India","ILO - Modelled Estimates","SDG indicator 5.5.2 - Proportion of women in managerial positions (%)","2011",36.696,,,,
"World: Lower-middle income excluding India","ILO - Modelled Estimates","SDG indicator 5.5.2 - Proportion of women in managerial positions (%)","2010",36.528,,,,
"World: Lower-middle income excluding India","ILO - Modelled Estimates","SDG indicator 5.5.2 - Proportion of women in managerial positions (%)","2009",36.515,,,,
"World: Lower-middle income excluding India","ILO - Modelled Estimates","SDG indicator 5.5.2 - Proportion of women in managerial positions (%)","2008",35.698,,,,
"World: Lower-middle income excluding India","ILO - Modelled Estimates","SDG indicator 5.5.2 - Proportion of women in managerial positions (%)","2007",35.46,,,,
"World: Lower-middle income excluding India","ILO - Modelled Estimates","SDG indicator 5.5.2 - Proportion of women in managerial positions (%)","2006",35.633,,,,
"World: Lower-middle income excluding India","ILO - Modelled Estimates","SDG indicator 5.5.2 - Proportion of women in managerial positions (%)","2005",34.956,,,,
"World: Lower-middle income excluding India","ILO - Modelled Estimates","SDG indicator 5.5.2 - Proportion of women in managerial positions (%)","2004",33.272,,,,
"World: Lower-middle income excluding India","ILO - Modelled Estimates","SDG indicator 5.5.2 - Proportion of women in managerial positions (%)","2003",33.251,,,,
"World: Lower-middle income excluding India","ILO - Modelled Estimates","SDG indicator 5.5.2 - Proportion of women in managerial positions (%)","2002",33.034,,,,
"World: Lower-middle income excluding India","ILO - Modelled Estimates","SDG indicator 5.5.2 - Proportion of women in managerial positions (%)","2001",33.687,,,,
"World: Lower-middle income excluding India","ILO - Modelled Estimates","SDG indicator 5.5.2 - Proportion of women in managerial positions (%)","2000",33.376,,,,
"World: Upper-middle income excluding China","ILO - Modelled Estimates","SDG indicator 5.5.2 - Proportion of women in managerial positions (%)","2023",33.836,,,,
"World: Upper-middle income excluding China","ILO - Modelled Estimates","SDG indicator 5.5.2 - Proportion of women in managerial positions (%)","2022",33.653,,,,
"World: Upper-middle income excluding China","ILO - Modelled Estimates","SDG indicator 5.5.2 - Proportion of women in managerial positions (%)","2021",34.114,,,,
"World: Upper-middle income excluding China","ILO - Modelled Estimates","SDG indicator 5.5.2 - Proportion of women in managerial positions (%)","2020",33.882,,,,
"World: Upper-middle income excluding China","ILO - Modelled Estimates","SDG indicator 5.5.2 - Proportion of women in managerial positions (%)","2019",33,,,,
"World: Upper-middle income excluding China","ILO - Modelled Estimates","SDG indicator 5.5.2 - Proportion of women in managerial positions (%)","2018",32.777,,,,
"World: Upper-middle income excluding China","ILO - Modelled Estimates","SDG indicator 5.5.2 - Proportion of women in managerial positions (%)","2017",32.986,,,,
"World: Upper-middle income excluding China","ILO - Modelled Estimates","SDG indicator 5.5.2 - Proportion of women in managerial positions (%)","2016",32.747,,,,
"World: Upper-middle income excluding China","ILO - Modelled Estimates","SDG indicator 5.5.2 - Proportion of women in managerial positions (%)","2015",32.335,,,,
"World: Upper-middle income excluding China","ILO - Modelled Estimates","SDG indicator 5.5.2 - Proportion of women in managerial positions (%)","2014",32.242,,,,
"World: Upper-middle income excluding China","ILO - Modelled Estimates","SDG indicator 5.5.2 - Proportion of women in managerial positions (%)","2013",32.094,,,,
"World: Upper-middle income excluding China","ILO - Modelled Estimates","SDG indicator 5.5.2 - Proportion of women in managerial positions (%)","2012",31.47,,,,
"World: Upper-middle income excluding China","ILO - Modelled Estimates","SDG indicator 5.5.2 - Proportion of women in managerial positions (%)","2011",30.955,,,,
"World: Upper-middle income excluding China","ILO - Modelled Estimates","SDG indicator 5.5.2 - Proportion of women in managerial positions (%)","2010",31.012,,,,
"World: Upper-middle income excluding China","ILO - Modelled Estimates","SDG indicator 5.5.2 - Proportion of women in managerial positions (%)","2009",30.743,,,,
"World: Upper-middle income excluding China","ILO - Modelled Estimates","SDG indicator 5.5.2 - Proportion of women in managerial positions (%)","2008",30.24,,,,
"World: Upper-middle income excluding China","ILO - Modelled Estimates","SDG indicator 5.5.2 - Proportion of women in managerial positions (%)","2007",29.658,,,,
"World: Upper-middle income excluding China","ILO - Modelled Estimates","SDG indicator 5.5.2 - Proportion of women in managerial positions (%)","2006",28.711,,,,
"World: Upper-middle income excluding China","ILO - Modelled Estimates","SDG indicator 5.5.2 - Proportion of women in managerial positions (%)","2005",28.312,,,,
"World: Upper-middle income excluding China","ILO - Modelled Estimates","SDG indicator 5.5.2 - Proportion of women in managerial positions (%)","2004",27.955,,,,
"World: Upper-middle income excluding China","ILO - Modelled Estimates","SDG indicator 5.5.2 - Proportion of women in managerial positions (%)","2003",27.295,,,,
"World: Upper-middle income excluding China","ILO - Modelled Estimates","SDG indicator 5.5.2 - Proportion of women in managerial positions (%)","2002",26.837,,,,
"World: Upper-middle income excluding China","ILO - Modelled Estimates","SDG indicator 5.5.2 - Proportion of women in managerial positions (%)","2001",26.293,,,,
"World: Upper-middle income excluding China","ILO - Modelled Estimates","SDG indicator 5.5.2 - Proportion of women in managerial positions (%)","2000",25.996,,,,
"Yemen","LFS - Labour Force Survey","SDG indicator 5.5.2 - Proportion of women in managerial positions (%)","2014",4.116,"Break in series",,"Break in series: Methodology revised","Repository: ILO-STATISTICS - Micro data processing"
"Yemen","LFS - Labour Force Survey","SDG indicator 5.5.2 - Proportion of women in managerial positions (%)","2010",5.657,,,,
"Yemen","HIES - Household Income and Expenditure Survey","SDG indicator 5.5.2 - Proportion of women in managerial positions (%)","2006",2.135,,,,
"Yemen","PC - Population Census","SDG indicator 5.5.2 - Proportion of women in managerial positions (%)","2004",7.143,,,,
"South Africa","LFS - Quarterly Labour Force Survey","SDG indicator 5.5.2 - Proportion of women in managerial positions (%)","2024",35.535,,,,"Repository: ILO-STATISTICS - Micro data processing"
"South Africa","LFS - Quarterly Labour Force Survey","SDG indicator 5.5.2 - Proportion of women in managerial positions (%)","2023",33.295,,,,"Repository: ILO-STATISTICS - Micro data processing"
"South Africa","LFS - Quarterly Labour Force Survey","SDG indicator 5.5.2 - Proportion of women in managerial positions (%)","2022",32.937,,,,"Repository: ILO-STATISTICS - Micro data processing"
"South Africa","LFS - Quarterly Labour Force Survey","SDG indicator 5.5.2 - Proportion of women in managerial positions (%)","2021",31.622,,,,"Repository: ILO-STATISTICS - Micro data processing"
"South Africa","LFS - Quarterly Labour Force Survey","SDG indicator 5.5.2 - Proportion of women in managerial positions (%)","2020",31.443,,,,"Repository: ILO-STATISTICS - Micro data processing"
"South Africa","LFS - Quarterly Labour Force Survey","SDG indicator 5.5.2 - Proportion of women in managerial positions (%)","2019",30.196,,,,"Repository: ILO-STATISTICS - Micro data processing"
"South Africa","LFS - Quarterly Labour Force Survey","SDG indicator 5.5.2 - Proportion of women in managerial positions (%)","2018",30.456,,,,"Repository: ILO-STATISTICS - Micro data processing"
"South Africa","LFS - Quarterly Labour Force Survey","SDG indicator 5.5.2 - Proportion of women in managerial positions (%)","2017",32.054,,,,"Repository: ILO-STATISTICS - Micro data processing"
"South Africa","LFS - Quarterly Labour Force Survey","SDG indicator 5.5.2 - Proportion of women in managerial positions (%)","2016",31.552,,,,"Repository: ILO-STATISTICS - Micro data processing"
"South Africa","LFS - Quarterly Labour Force Survey","SDG indicator 5.5.2 - Proportion of women in managerial positions (%)","2015",30.766,,,,"Repository: ILO-STATISTICS - Micro data processing"
"South Africa","LFS - Quarterly Labour Force Survey","SDG indicator 5.5.2 - Proportion of women in managerial positions (%)","2014",31.097,,,,"Repository: ILO-STATISTICS - Micro data processing"
"South Africa","LFS - Quarterly Labour Force Survey","SDG indicator 5.5.2 - Proportion of women in managerial positions (%)","2013",30.024,,,,"Repository: ILO-STATISTICS - Micro data processing"
"South Africa","LFS - Quarterly Labour Force Survey","SDG indicator 5.5.2 - Proportion of women in managerial positions (%)","2012",31.1,,,,"Repository: ILO-STATISTICS - Micro data processing"
"South Africa","LFS - Quarterly Labour Force Survey","SDG indicator 5.5.2 - Proportion of women in managerial positions (%)","2011",30.965,,,,"Repository: ILO-STATISTICS - Micro data processing"
"South Africa","LFS - Quarterly Labour Force Survey","SDG indicator 5.5.2 - Proportion of women in managerial positions (%)","2010",29.608,,,,"Repository: ILO-STATISTICS - Micro data processing"
"South Africa","LFS - Quarterly Labour Force Survey","SDG indicator 5.5.2 - Proportion of women in managerial positions (%)","2009",29.954,,,,"Repository: ILO-STATISTICS - Micro data processing"
"South Africa","LFS - Quarterly Labour Force Survey","SDG indicator 5.5.2 - Proportion of women in managerial positions (%)","2008",29.62,"Break in series",,"Break in series: Methodology revised","Repository: ILO-STATISTICS - Micro data processing"
"South Africa","LFS - Quarterly Labour Force Survey","SDG indicator 5.5.2 - Proportion of women in managerial positions (%)","2007",31.867,,,,"Repository: ILO-STATISTICS - Micro data processing"
"South Africa","LFS - Quarterly Labour Force Survey","SDG indicator 5.5.2 - Proportion of women in managerial positions (%)","2006",29.805,,,,"Repository: ILO-STATISTICS - Micro data processing"
"South Africa","LFS - Quarterly Labour Force Survey","SDG indicator 5.5.2 - Proportion of women in managerial positions (%)","2005",28.8,,,,"Repository: ILO-STATISTICS - Micro data processing"
"South Africa","LFS - Quarterly Labour Force Survey","SDG indicator 5.5.2 - Proportion of women in managerial positions (%)","2004",25.23,,,,"Repository: ILO-STATISTICS - Micro data processing"
"South Africa","LFS - Quarterly Labour Force Survey","SDG indicator 5.5.2 - Proportion of women in managerial positions (%)","2003",25.509,,,,"Repository: ILO-STATISTICS - Micro data processing"
"South Africa","LFS - Quarterly Labour Force Survey","SDG indicator 5.5.2 - Proportion of women in managerial positions (%)","2002",25.276,,,,"Repository: ILO-STATISTICS - Micro data processing"
"South Africa","LFS - Quarterly Labour Force Survey","SDG indicator 5.5.2 - Proportion of women in managerial positions (%)","2001",22.141,,,,"Repository: ILO-STATISTICS - Micro data processing"
"South Africa","LFS - Quarterly Labour Force Survey","SDG indicator 5.5.2 - Proportion of women in managerial positions (%)","2000",25.212,"Break in series",,"Break in series: Methodology revised","Repository: ILO-STATISTICS - Micro data processing"
"Zambia","LFS - Labour Force Survey","SDG indicator 5.5.2 - Proportion of women in managerial positions (%)","2023",44.659,,,,"Repository: ILO-STATISTICS - Micro data processing"
"Zambia","LFS - Labour Force Survey","SDG indicator 5.5.2 - Proportion of women in managerial positions (%)","2022",46.896,,,,"Repository: ILO-STATISTICS - Micro data processing"
"Zambia","LFS - Labour Force Survey","SDG indicator 5.5.2 - Proportion of women in managerial positions (%)","2021",43.284,,,,"Repository: ILO-STATISTICS - Micro data processing"
"Zambia","LFS - Labour Force Survey","SDG indicator 5.5.2 - Proportion of women in managerial positions (%)","2020",45.921,,,,"Repository: ILO-STATISTICS - Micro data processing"
"Zambia","LFS - Labour Force Survey","SDG indicator 5.5.2 - Proportion of women in managerial positions (%)","2019",35.206,,,,"Repository: ILO-STATISTICS - Micro data processing"
"Zambia","LFS - Labour Force Survey","SDG indicator 5.5.2 - Proportion of women in managerial positions (%)","2018",40.421,"Break in series",,"Break in series: Methodology revised","Repository: ILO-STATISTICS - Micro data processing"
"Zambia","LFS - Labour Force Survey","SDG indicator 5.5.2 - Proportion of women in managerial positions (%)","2017",32.638,"Break in series",,"Break in series: Methodology revised","Repository: ILO-STATISTICS - Micro data processing"
"Zambia","HIES - Living Conditions Monitoring Survey","SDG indicator 5.5.2 - Proportion of women in managerial positions (%)","2015",36.651,,,,"Repository: ILO-STATISTICS - Micro data processing"
"Zimbabwe","LFS - Labour Force Survey","SDG indicator 5.5.2 - Proportion of women in managerial positions (%)","2023",38.949,,,,"Repository: ILO-STATISTICS - Micro data processing"
"Zimbabwe","LFS - Labour Force Survey","SDG indicator 5.5.2 - Proportion of women in managerial positions (%)","2022",36.739,,,,"Repository: ILO-STATISTICS - Micro data processing"
"Zimbabwe","LFS - Labour Force Survey","SDG indicator 5.5.2 - Proportion of women in managerial positions (%)","2021",33.987,,,,"Repository: ILO-STATISTICS - Micro data processing"
"Zimbabwe","LFS - Labour Force Survey","SDG indicator 5.5.2 - Proportion of women in managerial positions (%)","2019",33.698,"Break in series",,"Break in series: Methodology revised","Repository: ILO-STATISTICS - Micro data processing"
"Zimbabwe","LFS - Labour Force Survey","SDG indicator 5.5.2 - Proportion of women in managerial positions (%)","2014",27.55,,,,"Repository: ILO-STATISTICS - Micro data processing"
"Zimbabwe","LFS - Labour Force Survey","SDG indicator 5.5.2 - Proportion of women in managerial positions (%)","2011",20.589,"Break in series",,"Break in series: Methodology revised","Repository: ILO-STATISTICS - Micro data processing"
