"ref_area.label","source.label","indicator.label","time","obs_value","note_indicator.label"
"Afghanistan","ILO - Calculations based on information from ILO textual sources","SDG indicator 8.8.2 - Level of national compliance with labour rights (freedom of association and collective bargaining)","2023",5.48,
"Afghanistan","ILO - Calculations based on information from ILO textual sources","SDG indicator 8.8.2 - Level of national compliance with labour rights (freedom of association and collective bargaining)","2022",4.91,"Remarks: The score should be treated with care due to the possibility of insufficient information in the textual sources, based on comparison with an externally produced indicator (see Metadata, point 4.f.)"
"Afghanistan","ILO - Calculations based on information from ILO textual sources","SDG indicator 8.8.2 - Level of national compliance with labour rights (freedom of association and collective bargaining)","2021",4.91,
"Afghanistan","ILO - Calculations based on information from ILO textual sources","SDG indicator 8.8.2 - Level of national compliance with labour rights (freedom of association and collective bargaining)","2020",4.71,
"Afghanistan","ILO - Calculations based on information from ILO textual sources","SDG indicator 8.8.2 - Level of national compliance with labour rights (freedom of association and collective bargaining)","2019",4.72,
"Afghanistan","ILO - Calculations based on information from ILO textual sources","SDG indicator 8.8.2 - Level of national compliance with labour rights (freedom of association and collective bargaining)","2018",4.72,
"Afghanistan","ILO - Calculations based on information from ILO textual sources","SDG indicator 8.8.2 - Level of national compliance with labour rights (freedom of association and collective bargaining)","2017",4.72,
"Afghanistan","ILO - Calculations based on information from ILO textual sources","SDG indicator 8.8.2 - Level of national compliance with labour rights (freedom of association and collective bargaining)","2016",4.72,
"Afghanistan","ILO - Calculations based on information from ILO textual sources","SDG indicator 8.8.2 - Level of national compliance with labour rights (freedom of association and collective bargaining)","2015",4.72,
"Angola","ILO - Calculations based on information from ILO textual sources","SDG indicator 8.8.2 - Level of national compliance with labour rights (freedom of association and collective bargaining)","2023",2.27,
"Angola","ILO - Calculations based on information from ILO textual sources","SDG indicator 8.8.2 - Level of national compliance with labour rights (freedom of association and collective bargaining)","2022",2.27,
"Angola","ILO - Calculations based on information from ILO textual sources","SDG indicator 8.8.2 - Level of national compliance with labour rights (freedom of association and collective bargaining)","2021",2.27,
"Angola","ILO - Calculations based on information from ILO textual sources","SDG indicator 8.8.2 - Level of national compliance with labour rights (freedom of association and collective bargaining)","2020",2.27,
"Angola","ILO - Calculations based on information from ILO textual sources","SDG indicator 8.8.2 - Level of national compliance with labour rights (freedom of association and collective bargaining)","2019",2.27,
"Angola","ILO - Calculations based on information from ILO textual sources","SDG indicator 8.8.2 - Level of national compliance with labour rights (freedom of association and collective bargaining)","2018",2.27,
"Angola","ILO - Calculations based on information from ILO textual sources","SDG indicator 8.8.2 - Level of national compliance with labour rights (freedom of association and collective bargaining)","2017",2.27,"Remarks: The score should be treated with care due to the possibility of insufficient information in the textual sources, based on comparison with an externally produced indicator (see Metadata, point 4.f.)"
"Angola","ILO - Calculations based on information from ILO textual sources","SDG indicator 8.8.2 - Level of national compliance with labour rights (freedom of association and collective bargaining)","2016",2.09,"Remarks: The score should be treated with care due to the possibility of insufficient information in the textual sources, based on comparison with an externally produced indicator (see Metadata, point 4.f.)"
"Angola","ILO - Calculations based on information from ILO textual sources","SDG indicator 8.8.2 - Level of national compliance with labour rights (freedom of association and collective bargaining)","2015",2.09,"Remarks: The score should be treated with care due to the possibility of insufficient information in the textual sources, based on comparison with an externally produced indicator (see Metadata, point 4.f.)"
"Albania","ILO - Calculations based on information from ILO textual sources","SDG indicator 8.8.2 - Level of national compliance with labour rights (freedom of association and collective bargaining)","2023",1.88,
"Albania","ILO - Calculations based on information from ILO textual sources","SDG indicator 8.8.2 - Level of national compliance with labour rights (freedom of association and collective bargaining)","2022",0.72,
"Albania","ILO - Calculations based on information from ILO textual sources","SDG indicator 8.8.2 - Level of national compliance with labour rights (freedom of association and collective bargaining)","2021",0.72,
"Albania","ILO - Calculations based on information from ILO textual sources","SDG indicator 8.8.2 - Level of national compliance with labour rights (freedom of association and collective bargaining)","2020",0.72,
"Albania","ILO - Calculations based on information from ILO textual sources","SDG indicator 8.8.2 - Level of national compliance with labour rights (freedom of association and collective bargaining)","2019",0.72,
"Albania","ILO - Calculations based on information from ILO textual sources","SDG indicator 8.8.2 - Level of national compliance with labour rights (freedom of association and collective bargaining)","2018",0.72,
"Albania","ILO - Calculations based on information from ILO textual sources","SDG indicator 8.8.2 - Level of national compliance with labour rights (freedom of association and collective bargaining)","2017",0.72,
"Albania","ILO - Calculations based on information from ILO textual sources","SDG indicator 8.8.2 - Level of national compliance with labour rights (freedom of association and collective bargaining)","2016",0.72,
"Albania","ILO - Calculations based on information from ILO textual sources","SDG indicator 8.8.2 - Level of national compliance with labour rights (freedom of association and collective bargaining)","2015",0.88,
"United Arab Emirates","ILO - Calculations based on information from ILO textual sources","SDG indicator 8.8.2 - Level of national compliance with labour rights (freedom of association and collective bargaining)","2023",10,
"United Arab Emirates","ILO - Calculations based on information from ILO textual sources","SDG indicator 8.8.2 - Level of national compliance with labour rights (freedom of association and collective bargaining)","2022",10,
"United Arab Emirates","ILO - Calculations based on information from ILO textual sources","SDG indicator 8.8.2 - Level of national compliance with labour rights (freedom of association and collective bargaining)","2021",10,
"United Arab Emirates","ILO - Calculations based on information from ILO textual sources","SDG indicator 8.8.2 - Level of national compliance with labour rights (freedom of association and collective bargaining)","2020",10,
"United Arab Emirates","ILO - Calculations based on information from ILO textual sources","SDG indicator 8.8.2 - Level of national compliance with labour rights (freedom of association and collective bargaining)","2019",10,
"United Arab Emirates","ILO - Calculations based on information from ILO textual sources","SDG indicator 8.8.2 - Level of national compliance with labour rights (freedom of association and collective bargaining)","2018",10,
"United Arab Emirates","ILO - Calculations based on information from ILO textual sources","SDG indicator 8.8.2 - Level of national compliance with labour rights (freedom of association and collective bargaining)","2017",10,
"United Arab Emirates","ILO - Calculations based on information from ILO textual sources","SDG indicator 8.8.2 - Level of national compliance with labour rights (freedom of association and collective bargaining)","2016",10,
"United Arab Emirates","ILO - Calculations based on information from ILO textual sources","SDG indicator 8.8.2 - Level of national compliance with labour rights (freedom of association and collective bargaining)","2015",10,
"Argentina","ILO - Calculations based on information from ILO textual sources","SDG indicator 8.8.2 - Level of national compliance with labour rights (freedom of association and collective bargaining)","2023",3.98,
"Argentina","ILO - Calculations based on information from ILO textual sources","SDG indicator 8.8.2 - Level of national compliance with labour rights (freedom of association and collective bargaining)","2022",2.7,
"Argentina","ILO - Calculations based on information from ILO textual sources","SDG indicator 8.8.2 - Level of national compliance with labour rights (freedom of association and collective bargaining)","2021",3.06,
"Argentina","ILO - Calculations based on information from ILO textual sources","SDG indicator 8.8.2 - Level of national compliance with labour rights (freedom of association and collective bargaining)","2020",3.06,
"Argentina","ILO - Calculations based on information from ILO textual sources","SDG indicator 8.8.2 - Level of national compliance with labour rights (freedom of association and collective bargaining)","2019",2.88,
"Argentina","ILO - Calculations based on information from ILO textual sources","SDG indicator 8.8.2 - Level of national compliance with labour rights (freedom of association and collective bargaining)","2018",3.05,
"Argentina","ILO - Calculations based on information from ILO textual sources","SDG indicator 8.8.2 - Level of national compliance with labour rights (freedom of association and collective bargaining)","2017",1.8,
"Argentina","ILO - Calculations based on information from ILO textual sources","SDG indicator 8.8.2 - Level of national compliance with labour rights (freedom of association and collective bargaining)","2016",2,
"Argentina","ILO - Calculations based on information from ILO textual sources","SDG indicator 8.8.2 - Level of national compliance with labour rights (freedom of association and collective bargaining)","2015",1.8,
"Armenia","ILO - Calculations based on information from ILO textual sources","SDG indicator 8.8.2 - Level of national compliance with labour rights (freedom of association and collective bargaining)","2023",0.73,
"Armenia","ILO - Calculations based on information from ILO textual sources","SDG indicator 8.8.2 - Level of national compliance with labour rights (freedom of association and collective bargaining)","2022",1.4,
"Armenia","ILO - Calculations based on information from ILO textual sources","SDG indicator 8.8.2 - Level of national compliance with labour rights (freedom of association and collective bargaining)","2021",1.4,
"Armenia","ILO - Calculations based on information from ILO textual sources","SDG indicator 8.8.2 - Level of national compliance with labour rights (freedom of association and collective bargaining)","2020",1.4,
"Armenia","ILO - Calculations based on information from ILO textual sources","SDG indicator 8.8.2 - Level of national compliance with labour rights (freedom of association and collective bargaining)","2019",1.4,
"Armenia","ILO - Calculations based on information from ILO textual sources","SDG indicator 8.8.2 - Level of national compliance with labour rights (freedom of association and collective bargaining)","2018",1.4,
"Armenia","ILO - Calculations based on information from ILO textual sources","SDG indicator 8.8.2 - Level of national compliance with labour rights (freedom of association and collective bargaining)","2017",1.4,
"Armenia","ILO - Calculations based on information from ILO textual sources","SDG indicator 8.8.2 - Level of national compliance with labour rights (freedom of association and collective bargaining)","2016",1.4,
"Armenia","ILO - Calculations based on information from ILO textual sources","SDG indicator 8.8.2 - Level of national compliance with labour rights (freedom of association and collective bargaining)","2015",1.22,
"Antigua and Barbuda","ILO - Calculations based on information from ILO textual sources","SDG indicator 8.8.2 - Level of national compliance with labour rights (freedom of association and collective bargaining)","2023",0.72,
"Antigua and Barbuda","ILO - Calculations based on information from ILO textual sources","SDG indicator 8.8.2 - Level of national compliance with labour rights (freedom of association and collective bargaining)","2022",0.72,
"Antigua and Barbuda","ILO - Calculations based on information from ILO textual sources","SDG indicator 8.8.2 - Level of national compliance with labour rights (freedom of association and collective bargaining)","2021",0.72,
"Antigua and Barbuda","ILO - Calculations based on information from ILO textual sources","SDG indicator 8.8.2 - Level of national compliance with labour rights (freedom of association and collective bargaining)","2020",0.72,
"Antigua and Barbuda","ILO - Calculations based on information from ILO textual sources","SDG indicator 8.8.2 - Level of national compliance with labour rights (freedom of association and collective bargaining)","2019",0.72,
"Antigua and Barbuda","ILO - Calculations based on information from ILO textual sources","SDG indicator 8.8.2 - Level of national compliance with labour rights (freedom of association and collective bargaining)","2018",0.72,
"Antigua and Barbuda","ILO - Calculations based on information from ILO textual sources","SDG indicator 8.8.2 - Level of national compliance with labour rights (freedom of association and collective bargaining)","2017",0.72,
"Antigua and Barbuda","ILO - Calculations based on information from ILO textual sources","SDG indicator 8.8.2 - Level of national compliance with labour rights (freedom of association and collective bargaining)","2016",0.72,
"Antigua and Barbuda","ILO - Calculations based on information from ILO textual sources","SDG indicator 8.8.2 - Level of national compliance with labour rights (freedom of association and collective bargaining)","2015",0.72,
"Australia","ILO - Calculations based on information from ILO textual sources","SDG indicator 8.8.2 - Level of national compliance with labour rights (freedom of association and collective bargaining)","2023",0.69,
"Australia","ILO - Calculations based on information from ILO textual sources","SDG indicator 8.8.2 - Level of national compliance with labour rights (freedom of association and collective bargaining)","2022",0.69,
"Australia","ILO - Calculations based on information from ILO textual sources","SDG indicator 8.8.2 - Level of national compliance with labour rights (freedom of association and collective bargaining)","2021",0.69,
"Australia","ILO - Calculations based on information from ILO textual sources","SDG indicator 8.8.2 - Level of national compliance with labour rights (freedom of association and collective bargaining)","2020",0.69,
"Australia","ILO - Calculations based on information from ILO textual sources","SDG indicator 8.8.2 - Level of national compliance with labour rights (freedom of association and collective bargaining)","2019",0.69,
"Australia","ILO - Calculations based on information from ILO textual sources","SDG indicator 8.8.2 - Level of national compliance with labour rights (freedom of association and collective bargaining)","2018",0.69,
"Australia","ILO - Calculations based on information from ILO textual sources","SDG indicator 8.8.2 - Level of national compliance with labour rights (freedom of association and collective bargaining)","2017",0.69,
"Australia","ILO - Calculations based on information from ILO textual sources","SDG indicator 8.8.2 - Level of national compliance with labour rights (freedom of association and collective bargaining)","2016",0.69,
"Australia","ILO - Calculations based on information from ILO textual sources","SDG indicator 8.8.2 - Level of national compliance with labour rights (freedom of association and collective bargaining)","2015",0.72,
"Austria","ILO - Calculations based on information from ILO textual sources","SDG indicator 8.8.2 - Level of national compliance with labour rights (freedom of association and collective bargaining)","2023",0.17,
"Austria","ILO - Calculations based on information from ILO textual sources","SDG indicator 8.8.2 - Level of national compliance with labour rights (freedom of association and collective bargaining)","2022",0,
"Austria","ILO - Calculations based on information from ILO textual sources","SDG indicator 8.8.2 - Level of national compliance with labour rights (freedom of association and collective bargaining)","2021",0,
"Austria","ILO - Calculations based on information from ILO textual sources","SDG indicator 8.8.2 - Level of national compliance with labour rights (freedom of association and collective bargaining)","2020",0,
"Austria","ILO - Calculations based on information from ILO textual sources","SDG indicator 8.8.2 - Level of national compliance with labour rights (freedom of association and collective bargaining)","2019",0,
"Austria","ILO - Calculations based on information from ILO textual sources","SDG indicator 8.8.2 - Level of national compliance with labour rights (freedom of association and collective bargaining)","2018",0,
"Austria","ILO - Calculations based on information from ILO textual sources","SDG indicator 8.8.2 - Level of national compliance with labour rights (freedom of association and collective bargaining)","2017",0,
"Austria","ILO - Calculations based on information from ILO textual sources","SDG indicator 8.8.2 - Level of national compliance with labour rights (freedom of association and collective bargaining)","2016",0,
"Austria","ILO - Calculations based on information from ILO textual sources","SDG indicator 8.8.2 - Level of national compliance with labour rights (freedom of association and collective bargaining)","2015",0,
"Azerbaijan","ILO - Calculations based on information from ILO textual sources","SDG indicator 8.8.2 - Level of national compliance with labour rights (freedom of association and collective bargaining)","2023",0.54,"Remarks: The score should be treated with care due to the possibility of insufficient information in the textual sources, based on comparison with an externally produced indicator (see Metadata, point 4.f.)"
"Azerbaijan","ILO - Calculations based on information from ILO textual sources","SDG indicator 8.8.2 - Level of national compliance with labour rights (freedom of association and collective bargaining)","2022",0.54,"Remarks: The score should be treated with care due to the possibility of insufficient information in the textual sources, based on comparison with an externally produced indicator (see Metadata, point 4.f.)"
"Azerbaijan","ILO - Calculations based on information from ILO textual sources","SDG indicator 8.8.2 - Level of national compliance with labour rights (freedom of association and collective bargaining)","2021",0.54,"Remarks: The score should be treated with care due to the possibility of insufficient information in the textual sources, based on comparison with an externally produced indicator (see Metadata, point 4.f.)"
"Azerbaijan","ILO - Calculations based on information from ILO textual sources","SDG indicator 8.8.2 - Level of national compliance with labour rights (freedom of association and collective bargaining)","2020",0.54,"Remarks: The score should be treated with care due to the possibility of insufficient information in the textual sources, based on comparison with an externally produced indicator (see Metadata, point 4.f.)"
"Azerbaijan","ILO - Calculations based on information from ILO textual sources","SDG indicator 8.8.2 - Level of national compliance with labour rights (freedom of association and collective bargaining)","2019",0.54,"Remarks: The score should be treated with care due to the possibility of insufficient information in the textual sources, based on comparison with an externally produced indicator (see Metadata, point 4.f.)"
"Azerbaijan","ILO - Calculations based on information from ILO textual sources","SDG indicator 8.8.2 - Level of national compliance with labour rights (freedom of association and collective bargaining)","2018",0.54,"Remarks: The score should be treated with care due to the possibility of insufficient information in the textual sources, based on comparison with an externally produced indicator (see Metadata, point 4.f.)"
"Azerbaijan","ILO - Calculations based on information from ILO textual sources","SDG indicator 8.8.2 - Level of national compliance with labour rights (freedom of association and collective bargaining)","2017",0.54,"Remarks: The score should be treated with care due to the possibility of insufficient information in the textual sources, based on comparison with an externally produced indicator (see Metadata, point 4.f.)"
"Azerbaijan","ILO - Calculations based on information from ILO textual sources","SDG indicator 8.8.2 - Level of national compliance with labour rights (freedom of association and collective bargaining)","2016",0.54,"Remarks: The score should be treated with care due to the possibility of insufficient information in the textual sources, based on comparison with an externally produced indicator (see Metadata, point 4.f.)"
"Azerbaijan","ILO - Calculations based on information from ILO textual sources","SDG indicator 8.8.2 - Level of national compliance with labour rights (freedom of association and collective bargaining)","2015",0.54,"Remarks: The score should be treated with care due to the possibility of insufficient information in the textual sources, based on comparison with an externally produced indicator (see Metadata, point 4.f.)"
"Burundi","ILO - Calculations based on information from ILO textual sources","SDG indicator 8.8.2 - Level of national compliance with labour rights (freedom of association and collective bargaining)","2023",3.02,"Remarks: The score should be treated with care due to the possibility of insufficient information in the textual sources, based on comparison with an externally produced indicator (see Metadata, point 4.f.)"
"Burundi","ILO - Calculations based on information from ILO textual sources","SDG indicator 8.8.2 - Level of national compliance with labour rights (freedom of association and collective bargaining)","2022",3.02,"Remarks: The score should be treated with care due to the possibility of insufficient information in the textual sources, based on comparison with an externally produced indicator (see Metadata, point 4.f.)"
"Burundi","ILO - Calculations based on information from ILO textual sources","SDG indicator 8.8.2 - Level of national compliance with labour rights (freedom of association and collective bargaining)","2021",3.02,"Remarks: The score should be treated with care due to the possibility of insufficient information in the textual sources, based on comparison with an externally produced indicator (see Metadata, point 4.f.)"
"Burundi","ILO - Calculations based on information from ILO textual sources","SDG indicator 8.8.2 - Level of national compliance with labour rights (freedom of association and collective bargaining)","2020",2.85,"Remarks: The score should be treated with care due to the possibility of insufficient information in the textual sources, based on comparison with an externally produced indicator (see Metadata, point 4.f.)"
"Burundi","ILO - Calculations based on information from ILO textual sources","SDG indicator 8.8.2 - Level of national compliance with labour rights (freedom of association and collective bargaining)","2019",2.49,"Remarks: The score should be treated with care due to the possibility of insufficient information in the textual sources, based on comparison with an externally produced indicator (see Metadata, point 4.f.)"
"Burundi","ILO - Calculations based on information from ILO textual sources","SDG indicator 8.8.2 - Level of national compliance with labour rights (freedom of association and collective bargaining)","2018",2.49,"Remarks: The score should be treated with care due to the possibility of insufficient information in the textual sources, based on comparison with an externally produced indicator (see Metadata, point 4.f.)"
"Burundi","ILO - Calculations based on information from ILO textual sources","SDG indicator 8.8.2 - Level of national compliance with labour rights (freedom of association and collective bargaining)","2017",2.1,"Remarks: The score should be treated with care due to the possibility of insufficient information in the textual sources, based on comparison with an externally produced indicator (see Metadata, point 4.f.)"
"Burundi","ILO - Calculations based on information from ILO textual sources","SDG indicator 8.8.2 - Level of national compliance with labour rights (freedom of association and collective bargaining)","2016",2.1,"Remarks: The score should be treated with care due to the possibility of insufficient information in the textual sources, based on comparison with an externally produced indicator (see Metadata, point 4.f.)"
"Burundi","ILO - Calculations based on information from ILO textual sources","SDG indicator 8.8.2 - Level of national compliance with labour rights (freedom of association and collective bargaining)","2015",2.28,"Remarks: The score should be treated with care due to the possibility of insufficient information in the textual sources, based on comparison with an externally produced indicator (see Metadata, point 4.f.)"
"Belgium","ILO - Calculations based on information from ILO textual sources","SDG indicator 8.8.2 - Level of national compliance with labour rights (freedom of association and collective bargaining)","2023",0.52,
"Belgium","ILO - Calculations based on information from ILO textual sources","SDG indicator 8.8.2 - Level of national compliance with labour rights (freedom of association and collective bargaining)","2022",0.69,
"Belgium","ILO - Calculations based on information from ILO textual sources","SDG indicator 8.8.2 - Level of national compliance with labour rights (freedom of association and collective bargaining)","2021",0.51,
"Belgium","ILO - Calculations based on information from ILO textual sources","SDG indicator 8.8.2 - Level of national compliance with labour rights (freedom of association and collective bargaining)","2020",0.51,
"Belgium","ILO - Calculations based on information from ILO textual sources","SDG indicator 8.8.2 - Level of national compliance with labour rights (freedom of association and collective bargaining)","2019",0.51,
"Belgium","ILO - Calculations based on information from ILO textual sources","SDG indicator 8.8.2 - Level of national compliance with labour rights (freedom of association and collective bargaining)","2018",0,
"Belgium","ILO - Calculations based on information from ILO textual sources","SDG indicator 8.8.2 - Level of national compliance with labour rights (freedom of association and collective bargaining)","2017",0,
"Belgium","ILO - Calculations based on information from ILO textual sources","SDG indicator 8.8.2 - Level of national compliance with labour rights (freedom of association and collective bargaining)","2016",0,
"Belgium","ILO - Calculations based on information from ILO textual sources","SDG indicator 8.8.2 - Level of national compliance with labour rights (freedom of association and collective bargaining)","2015",0.35,
"Benin","ILO - Calculations based on information from ILO textual sources","SDG indicator 8.8.2 - Level of national compliance with labour rights (freedom of association and collective bargaining)","2023",0.71,
"Benin","ILO - Calculations based on information from ILO textual sources","SDG indicator 8.8.2 - Level of national compliance with labour rights (freedom of association and collective bargaining)","2022",0.87,
"Benin","ILO - Calculations based on information from ILO textual sources","SDG indicator 8.8.2 - Level of national compliance with labour rights (freedom of association and collective bargaining)","2021",0.87,
"Benin","ILO - Calculations based on information from ILO textual sources","SDG indicator 8.8.2 - Level of national compliance with labour rights (freedom of association and collective bargaining)","2020",0.87,
"Benin","ILO - Calculations based on information from ILO textual sources","SDG indicator 8.8.2 - Level of national compliance with labour rights (freedom of association and collective bargaining)","2019",0.87,
"Benin","ILO - Calculations based on information from ILO textual sources","SDG indicator 8.8.2 - Level of national compliance with labour rights (freedom of association and collective bargaining)","2018",0.17,
"Benin","ILO - Calculations based on information from ILO textual sources","SDG indicator 8.8.2 - Level of national compliance with labour rights (freedom of association and collective bargaining)","2017",0.17,
"Benin","ILO - Calculations based on information from ILO textual sources","SDG indicator 8.8.2 - Level of national compliance with labour rights (freedom of association and collective bargaining)","2016",0.71,
"Benin","ILO - Calculations based on information from ILO textual sources","SDG indicator 8.8.2 - Level of national compliance with labour rights (freedom of association and collective bargaining)","2015",0.55,
"Burkina Faso","ILO - Calculations based on information from ILO textual sources","SDG indicator 8.8.2 - Level of national compliance with labour rights (freedom of association and collective bargaining)","2023",1.07,"Remarks: The score should be treated with care due to the possibility of insufficient information in the textual sources, based on comparison with an externally produced indicator (see Metadata, point 4.f.)"
"Burkina Faso","ILO - Calculations based on information from ILO textual sources","SDG indicator 8.8.2 - Level of national compliance with labour rights (freedom of association and collective bargaining)","2022",0.69,
"Burkina Faso","ILO - Calculations based on information from ILO textual sources","SDG indicator 8.8.2 - Level of national compliance with labour rights (freedom of association and collective bargaining)","2021",0.69,
"Burkina Faso","ILO - Calculations based on information from ILO textual sources","SDG indicator 8.8.2 - Level of national compliance with labour rights (freedom of association and collective bargaining)","2020",0.69,
"Burkina Faso","ILO - Calculations based on information from ILO textual sources","SDG indicator 8.8.2 - Level of national compliance with labour rights (freedom of association and collective bargaining)","2019",0.69,
"Burkina Faso","ILO - Calculations based on information from ILO textual sources","SDG indicator 8.8.2 - Level of national compliance with labour rights (freedom of association and collective bargaining)","2018",0.88,
"Burkina Faso","ILO - Calculations based on information from ILO textual sources","SDG indicator 8.8.2 - Level of national compliance with labour rights (freedom of association and collective bargaining)","2017",0.88,
"Burkina Faso","ILO - Calculations based on information from ILO textual sources","SDG indicator 8.8.2 - Level of national compliance with labour rights (freedom of association and collective bargaining)","2016",0.88,
"Burkina Faso","ILO - Calculations based on information from ILO textual sources","SDG indicator 8.8.2 - Level of national compliance with labour rights (freedom of association and collective bargaining)","2015",0.86,
"Bangladesh","ILO - Calculations based on information from ILO textual sources","SDG indicator 8.8.2 - Level of national compliance with labour rights (freedom of association and collective bargaining)","2023",10,
"Bangladesh","ILO - Calculations based on information from ILO textual sources","SDG indicator 8.8.2 - Level of national compliance with labour rights (freedom of association and collective bargaining)","2022",9.46,
"Bangladesh","ILO - Calculations based on information from ILO textual sources","SDG indicator 8.8.2 - Level of national compliance with labour rights (freedom of association and collective bargaining)","2021",8.36,
"Bangladesh","ILO - Calculations based on information from ILO textual sources","SDG indicator 8.8.2 - Level of national compliance with labour rights (freedom of association and collective bargaining)","2020",8.75,
"Bangladesh","ILO - Calculations based on information from ILO textual sources","SDG indicator 8.8.2 - Level of national compliance with labour rights (freedom of association and collective bargaining)","2019",8.74,
"Bangladesh","ILO - Calculations based on information from ILO textual sources","SDG indicator 8.8.2 - Level of national compliance with labour rights (freedom of association and collective bargaining)","2018",7.87,
"Bangladesh","ILO - Calculations based on information from ILO textual sources","SDG indicator 8.8.2 - Level of national compliance with labour rights (freedom of association and collective bargaining)","2017",6.95,
"Bangladesh","ILO - Calculations based on information from ILO textual sources","SDG indicator 8.8.2 - Level of national compliance with labour rights (freedom of association and collective bargaining)","2016",5.57,
"Bangladesh","ILO - Calculations based on information from ILO textual sources","SDG indicator 8.8.2 - Level of national compliance with labour rights (freedom of association and collective bargaining)","2015",4.97,
"Bulgaria","ILO - Calculations based on information from ILO textual sources","SDG indicator 8.8.2 - Level of national compliance with labour rights (freedom of association and collective bargaining)","2023",1.41,
"Bulgaria","ILO - Calculations based on information from ILO textual sources","SDG indicator 8.8.2 - Level of national compliance with labour rights (freedom of association and collective bargaining)","2022",1.26,
"Bulgaria","ILO - Calculations based on information from ILO textual sources","SDG indicator 8.8.2 - Level of national compliance with labour rights (freedom of association and collective bargaining)","2021",1.26,
"Bulgaria","ILO - Calculations based on information from ILO textual sources","SDG indicator 8.8.2 - Level of national compliance with labour rights (freedom of association and collective bargaining)","2020",1.26,
"Bulgaria","ILO - Calculations based on information from ILO textual sources","SDG indicator 8.8.2 - Level of national compliance with labour rights (freedom of association and collective bargaining)","2019",1.26,
"Bulgaria","ILO - Calculations based on information from ILO textual sources","SDG indicator 8.8.2 - Level of national compliance with labour rights (freedom of association and collective bargaining)","2018",1.26,
"Bulgaria","ILO - Calculations based on information from ILO textual sources","SDG indicator 8.8.2 - Level of national compliance with labour rights (freedom of association and collective bargaining)","2017",1.26,
"Bulgaria","ILO - Calculations based on information from ILO textual sources","SDG indicator 8.8.2 - Level of national compliance with labour rights (freedom of association and collective bargaining)","2016",1.26,
"Bulgaria","ILO - Calculations based on information from ILO textual sources","SDG indicator 8.8.2 - Level of national compliance with labour rights (freedom of association and collective bargaining)","2015",1.26,
"Bahrain","ILO - Calculations based on information from ILO textual sources","SDG indicator 8.8.2 - Level of national compliance with labour rights (freedom of association and collective bargaining)","2023",4,
"Bahrain","ILO - Calculations based on information from ILO textual sources","SDG indicator 8.8.2 - Level of national compliance with labour rights (freedom of association and collective bargaining)","2022",4,
"Bahrain","ILO - Calculations based on information from ILO textual sources","SDG indicator 8.8.2 - Level of national compliance with labour rights (freedom of association and collective bargaining)","2021",4,
"Bahrain","ILO - Calculations based on information from ILO textual sources","SDG indicator 8.8.2 - Level of national compliance with labour rights (freedom of association and collective bargaining)","2020",4,
"Bahrain","ILO - Calculations based on information from ILO textual sources","SDG indicator 8.8.2 - Level of national compliance with labour rights (freedom of association and collective bargaining)","2019",4,
"Bahrain","ILO - Calculations based on information from ILO textual sources","SDG indicator 8.8.2 - Level of national compliance with labour rights (freedom of association and collective bargaining)","2018",4.38,
"Bahrain","ILO - Calculations based on information from ILO textual sources","SDG indicator 8.8.2 - Level of national compliance with labour rights (freedom of association and collective bargaining)","2017",4.38,
"Bahrain","ILO - Calculations based on information from ILO textual sources","SDG indicator 8.8.2 - Level of national compliance with labour rights (freedom of association and collective bargaining)","2016",4.96,
"Bahrain","ILO - Calculations based on information from ILO textual sources","SDG indicator 8.8.2 - Level of national compliance with labour rights (freedom of association and collective bargaining)","2015",4.38,
"Bahamas","ILO - Calculations based on information from ILO textual sources","SDG indicator 8.8.2 - Level of national compliance with labour rights (freedom of association and collective bargaining)","2023",2,
"Bahamas","ILO - Calculations based on information from ILO textual sources","SDG indicator 8.8.2 - Level of national compliance with labour rights (freedom of association and collective bargaining)","2022",2,
"Bahamas","ILO - Calculations based on information from ILO textual sources","SDG indicator 8.8.2 - Level of national compliance with labour rights (freedom of association and collective bargaining)","2021",2.51,
"Bahamas","ILO - Calculations based on information from ILO textual sources","SDG indicator 8.8.2 - Level of national compliance with labour rights (freedom of association and collective bargaining)","2020",2.51,
"Bahamas","ILO - Calculations based on information from ILO textual sources","SDG indicator 8.8.2 - Level of national compliance with labour rights (freedom of association and collective bargaining)","2019",2.51,
"Bahamas","ILO - Calculations based on information from ILO textual sources","SDG indicator 8.8.2 - Level of national compliance with labour rights (freedom of association and collective bargaining)","2018",2.51,
"Bahamas","ILO - Calculations based on information from ILO textual sources","SDG indicator 8.8.2 - Level of national compliance with labour rights (freedom of association and collective bargaining)","2017",2.51,
"Bahamas","ILO - Calculations based on information from ILO textual sources","SDG indicator 8.8.2 - Level of national compliance with labour rights (freedom of association and collective bargaining)","2016",2.51,
"Bahamas","ILO - Calculations based on information from ILO textual sources","SDG indicator 8.8.2 - Level of national compliance with labour rights (freedom of association and collective bargaining)","2015",2.51,
"Bosnia and Herzegovina","ILO - Calculations based on information from ILO textual sources","SDG indicator 8.8.2 - Level of national compliance with labour rights (freedom of association and collective bargaining)","2023",0.89,
"Bosnia and Herzegovina","ILO - Calculations based on information from ILO textual sources","SDG indicator 8.8.2 - Level of national compliance with labour rights (freedom of association and collective bargaining)","2022",0.89,
"Bosnia and Herzegovina","ILO - Calculations based on information from ILO textual sources","SDG indicator 8.8.2 - Level of national compliance with labour rights (freedom of association and collective bargaining)","2021",0.89,
"Bosnia and Herzegovina","ILO - Calculations based on information from ILO textual sources","SDG indicator 8.8.2 - Level of national compliance with labour rights (freedom of association and collective bargaining)","2020",0.89,
"Bosnia and Herzegovina","ILO - Calculations based on information from ILO textual sources","SDG indicator 8.8.2 - Level of national compliance with labour rights (freedom of association and collective bargaining)","2019",0.89,
"Bosnia and Herzegovina","ILO - Calculations based on information from ILO textual sources","SDG indicator 8.8.2 - Level of national compliance with labour rights (freedom of association and collective bargaining)","2018",1.05,
"Bosnia and Herzegovina","ILO - Calculations based on information from ILO textual sources","SDG indicator 8.8.2 - Level of national compliance with labour rights (freedom of association and collective bargaining)","2017",1.05,
"Bosnia and Herzegovina","ILO - Calculations based on information from ILO textual sources","SDG indicator 8.8.2 - Level of national compliance with labour rights (freedom of association and collective bargaining)","2016",1.05,
"Bosnia and Herzegovina","ILO - Calculations based on information from ILO textual sources","SDG indicator 8.8.2 - Level of national compliance with labour rights (freedom of association and collective bargaining)","2015",0,
"Belarus","ILO - Calculations based on information from ILO textual sources","SDG indicator 8.8.2 - Level of national compliance with labour rights (freedom of association and collective bargaining)","2023",9.92,
"Belarus","ILO - Calculations based on information from ILO textual sources","SDG indicator 8.8.2 - Level of national compliance with labour rights (freedom of association and collective bargaining)","2022",9.73,
"Belarus","ILO - Calculations based on information from ILO textual sources","SDG indicator 8.8.2 - Level of national compliance with labour rights (freedom of association and collective bargaining)","2021",10,
"Belarus","ILO - Calculations based on information from ILO textual sources","SDG indicator 8.8.2 - Level of national compliance with labour rights (freedom of association and collective bargaining)","2020",7.76,
"Belarus","ILO - Calculations based on information from ILO textual sources","SDG indicator 8.8.2 - Level of national compliance with labour rights (freedom of association and collective bargaining)","2019",6.61,
"Belarus","ILO - Calculations based on information from ILO textual sources","SDG indicator 8.8.2 - Level of national compliance with labour rights (freedom of association and collective bargaining)","2018",6.63,
"Belarus","ILO - Calculations based on information from ILO textual sources","SDG indicator 8.8.2 - Level of national compliance with labour rights (freedom of association and collective bargaining)","2017",6.63,
"Belarus","ILO - Calculations based on information from ILO textual sources","SDG indicator 8.8.2 - Level of national compliance with labour rights (freedom of association and collective bargaining)","2016",6.44,
"Belarus","ILO - Calculations based on information from ILO textual sources","SDG indicator 8.8.2 - Level of national compliance with labour rights (freedom of association and collective bargaining)","2015",7.52,
"Belize","ILO - Calculations based on information from ILO textual sources","SDG indicator 8.8.2 - Level of national compliance with labour rights (freedom of association and collective bargaining)","2023",0.53,
"Belize","ILO - Calculations based on information from ILO textual sources","SDG indicator 8.8.2 - Level of national compliance with labour rights (freedom of association and collective bargaining)","2022",0.53,
"Belize","ILO - Calculations based on information from ILO textual sources","SDG indicator 8.8.2 - Level of national compliance with labour rights (freedom of association and collective bargaining)","2021",0.53,
"Belize","ILO - Calculations based on information from ILO textual sources","SDG indicator 8.8.2 - Level of national compliance with labour rights (freedom of association and collective bargaining)","2020",0.53,
"Belize","ILO - Calculations based on information from ILO textual sources","SDG indicator 8.8.2 - Level of national compliance with labour rights (freedom of association and collective bargaining)","2019",0.53,
"Belize","ILO - Calculations based on information from ILO textual sources","SDG indicator 8.8.2 - Level of national compliance with labour rights (freedom of association and collective bargaining)","2018",0.53,
"Belize","ILO - Calculations based on information from ILO textual sources","SDG indicator 8.8.2 - Level of national compliance with labour rights (freedom of association and collective bargaining)","2017",0.53,
"Belize","ILO - Calculations based on information from ILO textual sources","SDG indicator 8.8.2 - Level of national compliance with labour rights (freedom of association and collective bargaining)","2016",0.53,
"Belize","ILO - Calculations based on information from ILO textual sources","SDG indicator 8.8.2 - Level of national compliance with labour rights (freedom of association and collective bargaining)","2015",0.53,
"Bolivia (Plurinational State of)","ILO - Calculations based on information from ILO textual sources","SDG indicator 8.8.2 - Level of national compliance with labour rights (freedom of association and collective bargaining)","2023",3.3,
"Bolivia (Plurinational State of)","ILO - Calculations based on information from ILO textual sources","SDG indicator 8.8.2 - Level of national compliance with labour rights (freedom of association and collective bargaining)","2022",3.12,
"Bolivia (Plurinational State of)","ILO - Calculations based on information from ILO textual sources","SDG indicator 8.8.2 - Level of national compliance with labour rights (freedom of association and collective bargaining)","2021",2.94,
"Bolivia (Plurinational State of)","ILO - Calculations based on information from ILO textual sources","SDG indicator 8.8.2 - Level of national compliance with labour rights (freedom of association and collective bargaining)","2020",2.94,
"Bolivia (Plurinational State of)","ILO - Calculations based on information from ILO textual sources","SDG indicator 8.8.2 - Level of national compliance with labour rights (freedom of association and collective bargaining)","2019",2.94,
"Bolivia (Plurinational State of)","ILO - Calculations based on information from ILO textual sources","SDG indicator 8.8.2 - Level of national compliance with labour rights (freedom of association and collective bargaining)","2018",2.59,
"Bolivia (Plurinational State of)","ILO - Calculations based on information from ILO textual sources","SDG indicator 8.8.2 - Level of national compliance with labour rights (freedom of association and collective bargaining)","2017",2.59,
"Bolivia (Plurinational State of)","ILO - Calculations based on information from ILO textual sources","SDG indicator 8.8.2 - Level of national compliance with labour rights (freedom of association and collective bargaining)","2016",2.76,
"Bolivia (Plurinational State of)","ILO - Calculations based on information from ILO textual sources","SDG indicator 8.8.2 - Level of national compliance with labour rights (freedom of association and collective bargaining)","2015",2.56,
"Brazil","ILO - Calculations based on information from ILO textual sources","SDG indicator 8.8.2 - Level of national compliance with labour rights (freedom of association and collective bargaining)","2023",3.25,
"Brazil","ILO - Calculations based on information from ILO textual sources","SDG indicator 8.8.2 - Level of national compliance with labour rights (freedom of association and collective bargaining)","2022",3.09,
"Brazil","ILO - Calculations based on information from ILO textual sources","SDG indicator 8.8.2 - Level of national compliance with labour rights (freedom of association and collective bargaining)","2021",2.31,
"Brazil","ILO - Calculations based on information from ILO textual sources","SDG indicator 8.8.2 - Level of national compliance with labour rights (freedom of association and collective bargaining)","2020",2.12,
"Brazil","ILO - Calculations based on information from ILO textual sources","SDG indicator 8.8.2 - Level of national compliance with labour rights (freedom of association and collective bargaining)","2019",2.12,
"Brazil","ILO - Calculations based on information from ILO textual sources","SDG indicator 8.8.2 - Level of national compliance with labour rights (freedom of association and collective bargaining)","2018",2.12,
"Brazil","ILO - Calculations based on information from ILO textual sources","SDG indicator 8.8.2 - Level of national compliance with labour rights (freedom of association and collective bargaining)","2017",2.13,
"Brazil","ILO - Calculations based on information from ILO textual sources","SDG indicator 8.8.2 - Level of national compliance with labour rights (freedom of association and collective bargaining)","2016",1.97,
"Brazil","ILO - Calculations based on information from ILO textual sources","SDG indicator 8.8.2 - Level of national compliance with labour rights (freedom of association and collective bargaining)","2015",1.97,
"Barbados","ILO - Calculations based on information from ILO textual sources","SDG indicator 8.8.2 - Level of national compliance with labour rights (freedom of association and collective bargaining)","2023",0.54,
"Barbados","ILO - Calculations based on information from ILO textual sources","SDG indicator 8.8.2 - Level of national compliance with labour rights (freedom of association and collective bargaining)","2022",0.54,
"Barbados","ILO - Calculations based on information from ILO textual sources","SDG indicator 8.8.2 - Level of national compliance with labour rights (freedom of association and collective bargaining)","2021",0.54,
"Barbados","ILO - Calculations based on information from ILO textual sources","SDG indicator 8.8.2 - Level of national compliance with labour rights (freedom of association and collective bargaining)","2020",0.54,
"Barbados","ILO - Calculations based on information from ILO textual sources","SDG indicator 8.8.2 - Level of national compliance with labour rights (freedom of association and collective bargaining)","2019",0.54,
"Barbados","ILO - Calculations based on information from ILO textual sources","SDG indicator 8.8.2 - Level of national compliance with labour rights (freedom of association and collective bargaining)","2018",0.54,
"Barbados","ILO - Calculations based on information from ILO textual sources","SDG indicator 8.8.2 - Level of national compliance with labour rights (freedom of association and collective bargaining)","2017",0.54,
"Barbados","ILO - Calculations based on information from ILO textual sources","SDG indicator 8.8.2 - Level of national compliance with labour rights (freedom of association and collective bargaining)","2016",0.54,
"Barbados","ILO - Calculations based on information from ILO textual sources","SDG indicator 8.8.2 - Level of national compliance with labour rights (freedom of association and collective bargaining)","2015",0.54,
"Brunei Darussalam","ILO - Calculations based on information from ILO textual sources","SDG indicator 8.8.2 - Level of national compliance with labour rights (freedom of association and collective bargaining)","2023",2.58,
"Brunei Darussalam","ILO - Calculations based on information from ILO textual sources","SDG indicator 8.8.2 - Level of national compliance with labour rights (freedom of association and collective bargaining)","2022",2.58,
"Brunei Darussalam","ILO - Calculations based on information from ILO textual sources","SDG indicator 8.8.2 - Level of national compliance with labour rights (freedom of association and collective bargaining)","2021",2.58,
"Brunei Darussalam","ILO - Calculations based on information from ILO textual sources","SDG indicator 8.8.2 - Level of national compliance with labour rights (freedom of association and collective bargaining)","2020",2.58,
"Brunei Darussalam","ILO - Calculations based on information from ILO textual sources","SDG indicator 8.8.2 - Level of national compliance with labour rights (freedom of association and collective bargaining)","2019",2.58,
"Brunei Darussalam","ILO - Calculations based on information from ILO textual sources","SDG indicator 8.8.2 - Level of national compliance with labour rights (freedom of association and collective bargaining)","2018",2.58,
"Brunei Darussalam","ILO - Calculations based on information from ILO textual sources","SDG indicator 8.8.2 - Level of national compliance with labour rights (freedom of association and collective bargaining)","2017",2.58,
"Brunei Darussalam","ILO - Calculations based on information from ILO textual sources","SDG indicator 8.8.2 - Level of national compliance with labour rights (freedom of association and collective bargaining)","2016",2.58,
"Brunei Darussalam","ILO - Calculations based on information from ILO textual sources","SDG indicator 8.8.2 - Level of national compliance with labour rights (freedom of association and collective bargaining)","2015",2.58,
"Botswana","ILO - Calculations based on information from ILO textual sources","SDG indicator 8.8.2 - Level of national compliance with labour rights (freedom of association and collective bargaining)","2023",2.91,
"Botswana","ILO - Calculations based on information from ILO textual sources","SDG indicator 8.8.2 - Level of national compliance with labour rights (freedom of association and collective bargaining)","2022",2.91,
"Botswana","ILO - Calculations based on information from ILO textual sources","SDG indicator 8.8.2 - Level of national compliance with labour rights (freedom of association and collective bargaining)","2021",2.91,
"Botswana","ILO - Calculations based on information from ILO textual sources","SDG indicator 8.8.2 - Level of national compliance with labour rights (freedom of association and collective bargaining)","2020",2.91,
"Botswana","ILO - Calculations based on information from ILO textual sources","SDG indicator 8.8.2 - Level of national compliance with labour rights (freedom of association and collective bargaining)","2019",2.91,
"Botswana","ILO - Calculations based on information from ILO textual sources","SDG indicator 8.8.2 - Level of national compliance with labour rights (freedom of association and collective bargaining)","2018",3.11,
"Botswana","ILO - Calculations based on information from ILO textual sources","SDG indicator 8.8.2 - Level of national compliance with labour rights (freedom of association and collective bargaining)","2017",3.11,
"Botswana","ILO - Calculations based on information from ILO textual sources","SDG indicator 8.8.2 - Level of national compliance with labour rights (freedom of association and collective bargaining)","2016",3.11,
"Botswana","ILO - Calculations based on information from ILO textual sources","SDG indicator 8.8.2 - Level of national compliance with labour rights (freedom of association and collective bargaining)","2015",2.03,
"Central African Republic","ILO - Calculations based on information from ILO textual sources","SDG indicator 8.8.2 - Level of national compliance with labour rights (freedom of association and collective bargaining)","2023",1.45,"Remarks: The score should be treated with care due to the possibility of insufficient information in the textual sources, based on comparison with an externally produced indicator (see Metadata, point 4.f.)"
"Central African Republic","ILO - Calculations based on information from ILO textual sources","SDG indicator 8.8.2 - Level of national compliance with labour rights (freedom of association and collective bargaining)","2022",1.61,"Remarks: The score should be treated with care due to the possibility of insufficient information in the textual sources, based on comparison with an externally produced indicator (see Metadata, point 4.f.)"
"Central African Republic","ILO - Calculations based on information from ILO textual sources","SDG indicator 8.8.2 - Level of national compliance with labour rights (freedom of association and collective bargaining)","2021",1.61,"Remarks: The score should be treated with care due to the possibility of insufficient information in the textual sources, based on comparison with an externally produced indicator (see Metadata, point 4.f.)"
"Central African Republic","ILO - Calculations based on information from ILO textual sources","SDG indicator 8.8.2 - Level of national compliance with labour rights (freedom of association and collective bargaining)","2020",1.61,"Remarks: The score should be treated with care due to the possibility of insufficient information in the textual sources, based on comparison with an externally produced indicator (see Metadata, point 4.f.)"
"Central African Republic","ILO - Calculations based on information from ILO textual sources","SDG indicator 8.8.2 - Level of national compliance with labour rights (freedom of association and collective bargaining)","2019",1.61,"Remarks: The score should be treated with care due to the possibility of insufficient information in the textual sources, based on comparison with an externally produced indicator (see Metadata, point 4.f.)"
"Central African Republic","ILO - Calculations based on information from ILO textual sources","SDG indicator 8.8.2 - Level of national compliance with labour rights (freedom of association and collective bargaining)","2018",1.61,"Remarks: The score should be treated with care due to the possibility of insufficient information in the textual sources, based on comparison with an externally produced indicator (see Metadata, point 4.f.)"
"Central African Republic","ILO - Calculations based on information from ILO textual sources","SDG indicator 8.8.2 - Level of national compliance with labour rights (freedom of association and collective bargaining)","2017",1.61,"Remarks: The score should be treated with care due to the possibility of insufficient information in the textual sources, based on comparison with an externally produced indicator (see Metadata, point 4.f.)"
"Central African Republic","ILO - Calculations based on information from ILO textual sources","SDG indicator 8.8.2 - Level of national compliance with labour rights (freedom of association and collective bargaining)","2016",1.61,"Remarks: The score should be treated with care due to the possibility of insufficient information in the textual sources, based on comparison with an externally produced indicator (see Metadata, point 4.f.)"
"Central African Republic","ILO - Calculations based on information from ILO textual sources","SDG indicator 8.8.2 - Level of national compliance with labour rights (freedom of association and collective bargaining)","2015",1.61,"Remarks: The score should be treated with care due to the possibility of insufficient information in the textual sources, based on comparison with an externally produced indicator (see Metadata, point 4.f.)"
"Canada","ILO - Calculations based on information from ILO textual sources","SDG indicator 8.8.2 - Level of national compliance with labour rights (freedom of association and collective bargaining)","2023",0.36,
"Canada","ILO - Calculations based on information from ILO textual sources","SDG indicator 8.8.2 - Level of national compliance with labour rights (freedom of association and collective bargaining)","2022",0.71,
"Canada","ILO - Calculations based on information from ILO textual sources","SDG indicator 8.8.2 - Level of national compliance with labour rights (freedom of association and collective bargaining)","2021",0.87,
"Canada","ILO - Calculations based on information from ILO textual sources","SDG indicator 8.8.2 - Level of national compliance with labour rights (freedom of association and collective bargaining)","2020",0.87,
"Canada","ILO - Calculations based on information from ILO textual sources","SDG indicator 8.8.2 - Level of national compliance with labour rights (freedom of association and collective bargaining)","2019",0.87,
"Canada","ILO - Calculations based on information from ILO textual sources","SDG indicator 8.8.2 - Level of national compliance with labour rights (freedom of association and collective bargaining)","2018",1.21,
"Canada","ILO - Calculations based on information from ILO textual sources","SDG indicator 8.8.2 - Level of national compliance with labour rights (freedom of association and collective bargaining)","2017",1.55,
"Canada","ILO - Calculations based on information from ILO textual sources","SDG indicator 8.8.2 - Level of national compliance with labour rights (freedom of association and collective bargaining)","2016",1.05,
"Canada","ILO - Calculations based on information from ILO textual sources","SDG indicator 8.8.2 - Level of national compliance with labour rights (freedom of association and collective bargaining)","2015",1.41,
"Switzerland","ILO - Calculations based on information from ILO textual sources","SDG indicator 8.8.2 - Level of national compliance with labour rights (freedom of association and collective bargaining)","2023",0.18,
"Switzerland","ILO - Calculations based on information from ILO textual sources","SDG indicator 8.8.2 - Level of national compliance with labour rights (freedom of association and collective bargaining)","2022",0.18,
"Switzerland","ILO - Calculations based on information from ILO textual sources","SDG indicator 8.8.2 - Level of national compliance with labour rights (freedom of association and collective bargaining)","2021",0.18,
"Switzerland","ILO - Calculations based on information from ILO textual sources","SDG indicator 8.8.2 - Level of national compliance with labour rights (freedom of association and collective bargaining)","2020",0.18,
"Switzerland","ILO - Calculations based on information from ILO textual sources","SDG indicator 8.8.2 - Level of national compliance with labour rights (freedom of association and collective bargaining)","2019",0.18,
"Switzerland","ILO - Calculations based on information from ILO textual sources","SDG indicator 8.8.2 - Level of national compliance with labour rights (freedom of association and collective bargaining)","2018",0.18,
"Switzerland","ILO - Calculations based on information from ILO textual sources","SDG indicator 8.8.2 - Level of national compliance with labour rights (freedom of association and collective bargaining)","2017",0.35,
"Switzerland","ILO - Calculations based on information from ILO textual sources","SDG indicator 8.8.2 - Level of national compliance with labour rights (freedom of association and collective bargaining)","2016",0.35,
"Switzerland","ILO - Calculations based on information from ILO textual sources","SDG indicator 8.8.2 - Level of national compliance with labour rights (freedom of association and collective bargaining)","2015",0.35,
"Chile","ILO - Calculations based on information from ILO textual sources","SDG indicator 8.8.2 - Level of national compliance with labour rights (freedom of association and collective bargaining)","2023",2.16,
"Chile","ILO - Calculations based on information from ILO textual sources","SDG indicator 8.8.2 - Level of national compliance with labour rights (freedom of association and collective bargaining)","2022",2.49,
"Chile","ILO - Calculations based on information from ILO textual sources","SDG indicator 8.8.2 - Level of national compliance with labour rights (freedom of association and collective bargaining)","2021",2.49,
"Chile","ILO - Calculations based on information from ILO textual sources","SDG indicator 8.8.2 - Level of national compliance with labour rights (freedom of association and collective bargaining)","2020",2.49,
"Chile","ILO - Calculations based on information from ILO textual sources","SDG indicator 8.8.2 - Level of national compliance with labour rights (freedom of association and collective bargaining)","2019",2.49,
"Chile","ILO - Calculations based on information from ILO textual sources","SDG indicator 8.8.2 - Level of national compliance with labour rights (freedom of association and collective bargaining)","2018",1.82,
"Chile","ILO - Calculations based on information from ILO textual sources","SDG indicator 8.8.2 - Level of national compliance with labour rights (freedom of association and collective bargaining)","2017",1.82,
"Chile","ILO - Calculations based on information from ILO textual sources","SDG indicator 8.8.2 - Level of national compliance with labour rights (freedom of association and collective bargaining)","2016",2,
"Chile","ILO - Calculations based on information from ILO textual sources","SDG indicator 8.8.2 - Level of national compliance with labour rights (freedom of association and collective bargaining)","2015",1.82,
"China","ILO - Calculations based on information from ILO textual sources","SDG indicator 8.8.2 - Level of national compliance with labour rights (freedom of association and collective bargaining)","2023",9.13,
"China","ILO - Calculations based on information from ILO textual sources","SDG indicator 8.8.2 - Level of national compliance with labour rights (freedom of association and collective bargaining)","2022",9.13,
"China","ILO - Calculations based on information from ILO textual sources","SDG indicator 8.8.2 - Level of national compliance with labour rights (freedom of association and collective bargaining)","2021",9.13,
"China","ILO - Calculations based on information from ILO textual sources","SDG indicator 8.8.2 - Level of national compliance with labour rights (freedom of association and collective bargaining)","2020",9.32,
"China","ILO - Calculations based on information from ILO textual sources","SDG indicator 8.8.2 - Level of national compliance with labour rights (freedom of association and collective bargaining)","2019",9.13,
"China","ILO - Calculations based on information from ILO textual sources","SDG indicator 8.8.2 - Level of national compliance with labour rights (freedom of association and collective bargaining)","2018",8.72,
"China","ILO - Calculations based on information from ILO textual sources","SDG indicator 8.8.2 - Level of national compliance with labour rights (freedom of association and collective bargaining)","2017",8.51,
"China","ILO - Calculations based on information from ILO textual sources","SDG indicator 8.8.2 - Level of national compliance with labour rights (freedom of association and collective bargaining)","2016",8.13,
"China","ILO - Calculations based on information from ILO textual sources","SDG indicator 8.8.2 - Level of national compliance with labour rights (freedom of association and collective bargaining)","2015",8.13,
"Côte d'Ivoire","ILO - Calculations based on information from ILO textual sources","SDG indicator 8.8.2 - Level of national compliance with labour rights (freedom of association and collective bargaining)","2023",0.72,
"Côte d'Ivoire","ILO - Calculations based on information from ILO textual sources","SDG indicator 8.8.2 - Level of national compliance with labour rights (freedom of association and collective bargaining)","2022",0.72,
"Côte d'Ivoire","ILO - Calculations based on information from ILO textual sources","SDG indicator 8.8.2 - Level of national compliance with labour rights (freedom of association and collective bargaining)","2021",0.72,
"Côte d'Ivoire","ILO - Calculations based on information from ILO textual sources","SDG indicator 8.8.2 - Level of national compliance with labour rights (freedom of association and collective bargaining)","2020",0.72,
"Côte d'Ivoire","ILO - Calculations based on information from ILO textual sources","SDG indicator 8.8.2 - Level of national compliance with labour rights (freedom of association and collective bargaining)","2019",0.72,
"Côte d'Ivoire","ILO - Calculations based on information from ILO textual sources","SDG indicator 8.8.2 - Level of national compliance with labour rights (freedom of association and collective bargaining)","2018",0.72,
"Côte d'Ivoire","ILO - Calculations based on information from ILO textual sources","SDG indicator 8.8.2 - Level of national compliance with labour rights (freedom of association and collective bargaining)","2017",0.72,
"Côte d'Ivoire","ILO - Calculations based on information from ILO textual sources","SDG indicator 8.8.2 - Level of national compliance with labour rights (freedom of association and collective bargaining)","2016",0.72,
"Côte d'Ivoire","ILO - Calculations based on information from ILO textual sources","SDG indicator 8.8.2 - Level of national compliance with labour rights (freedom of association and collective bargaining)","2015",0.77,
"Cameroon","ILO - Calculations based on information from ILO textual sources","SDG indicator 8.8.2 - Level of national compliance with labour rights (freedom of association and collective bargaining)","2023",1.67,"Remarks: The score should be treated with care due to the possibility of insufficient information in the textual sources, based on comparison with an externally produced indicator (see Metadata, point 4.f.)"
"Cameroon","ILO - Calculations based on information from ILO textual sources","SDG indicator 8.8.2 - Level of national compliance with labour rights (freedom of association and collective bargaining)","2022",1.83,"Remarks: The score should be treated with care due to the possibility of insufficient information in the textual sources, based on comparison with an externally produced indicator (see Metadata, point 4.f.)"
"Cameroon","ILO - Calculations based on information from ILO textual sources","SDG indicator 8.8.2 - Level of national compliance with labour rights (freedom of association and collective bargaining)","2021",1.83,"Remarks: The score should be treated with care due to the possibility of insufficient information in the textual sources, based on comparison with an externally produced indicator (see Metadata, point 4.f.)"
"Cameroon","ILO - Calculations based on information from ILO textual sources","SDG indicator 8.8.2 - Level of national compliance with labour rights (freedom of association and collective bargaining)","2020",1.83,"Remarks: The score should be treated with care due to the possibility of insufficient information in the textual sources, based on comparison with an externally produced indicator (see Metadata, point 4.f.)"
"Cameroon","ILO - Calculations based on information from ILO textual sources","SDG indicator 8.8.2 - Level of national compliance with labour rights (freedom of association and collective bargaining)","2019",2.24,"Remarks: The score should be treated with care due to the possibility of insufficient information in the textual sources, based on comparison with an externally produced indicator (see Metadata, point 4.f.)"
"Cameroon","ILO - Calculations based on information from ILO textual sources","SDG indicator 8.8.2 - Level of national compliance with labour rights (freedom of association and collective bargaining)","2018",2.24,"Remarks: The score should be treated with care due to the possibility of insufficient information in the textual sources, based on comparison with an externally produced indicator (see Metadata, point 4.f.)"
"Cameroon","ILO - Calculations based on information from ILO textual sources","SDG indicator 8.8.2 - Level of national compliance with labour rights (freedom of association and collective bargaining)","2017",2.24,"Remarks: The score should be treated with care due to the possibility of insufficient information in the textual sources, based on comparison with an externally produced indicator (see Metadata, point 4.f.)"
"Cameroon","ILO - Calculations based on information from ILO textual sources","SDG indicator 8.8.2 - Level of national compliance with labour rights (freedom of association and collective bargaining)","2016",2.84,"Remarks: The score should be treated with care due to the possibility of insufficient information in the textual sources, based on comparison with an externally produced indicator (see Metadata, point 4.f.)"
"Cameroon","ILO - Calculations based on information from ILO textual sources","SDG indicator 8.8.2 - Level of national compliance with labour rights (freedom of association and collective bargaining)","2015",1.54,"Remarks: The score should be treated with care due to the possibility of insufficient information in the textual sources, based on comparison with an externally produced indicator (see Metadata, point 4.f.)"
"Congo, Democratic Republic of the","ILO - Calculations based on information from ILO textual sources","SDG indicator 8.8.2 - Level of national compliance with labour rights (freedom of association and collective bargaining)","2023",3.16,"Remarks: The score should be treated with care due to the possibility of insufficient information in the textual sources, based on comparison with an externally produced indicator (see Metadata, point 4.f.)"
"Congo, Democratic Republic of the","ILO - Calculations based on information from ILO textual sources","SDG indicator 8.8.2 - Level of national compliance with labour rights (freedom of association and collective bargaining)","2022",3.16,"Remarks: The score should be treated with care due to the possibility of insufficient information in the textual sources, based on comparison with an externally produced indicator (see Metadata, point 4.f.)"
"Congo, Democratic Republic of the","ILO - Calculations based on information from ILO textual sources","SDG indicator 8.8.2 - Level of national compliance with labour rights (freedom of association and collective bargaining)","2021",3.16,"Remarks: The score should be treated with care due to the possibility of insufficient information in the textual sources, based on comparison with an externally produced indicator (see Metadata, point 4.f.)"
"Congo, Democratic Republic of the","ILO - Calculations based on information from ILO textual sources","SDG indicator 8.8.2 - Level of national compliance with labour rights (freedom of association and collective bargaining)","2020",3.16,"Remarks: The score should be treated with care due to the possibility of insufficient information in the textual sources, based on comparison with an externally produced indicator (see Metadata, point 4.f.)"
"Congo, Democratic Republic of the","ILO - Calculations based on information from ILO textual sources","SDG indicator 8.8.2 - Level of national compliance with labour rights (freedom of association and collective bargaining)","2019",3.16,"Remarks: The score should be treated with care due to the possibility of insufficient information in the textual sources, based on comparison with an externally produced indicator (see Metadata, point 4.f.)"
"Congo, Democratic Republic of the","ILO - Calculations based on information from ILO textual sources","SDG indicator 8.8.2 - Level of national compliance with labour rights (freedom of association and collective bargaining)","2018",3.16,"Remarks: The score should be treated with care due to the possibility of insufficient information in the textual sources, based on comparison with an externally produced indicator (see Metadata, point 4.f.)"
"Congo, Democratic Republic of the","ILO - Calculations based on information from ILO textual sources","SDG indicator 8.8.2 - Level of national compliance with labour rights (freedom of association and collective bargaining)","2017",3.16,"Remarks: The score should be treated with care due to the possibility of insufficient information in the textual sources, based on comparison with an externally produced indicator (see Metadata, point 4.f.)"
"Congo, Democratic Republic of the","ILO - Calculations based on information from ILO textual sources","SDG indicator 8.8.2 - Level of national compliance with labour rights (freedom of association and collective bargaining)","2016",3.34,
"Congo, Democratic Republic of the","ILO - Calculations based on information from ILO textual sources","SDG indicator 8.8.2 - Level of national compliance with labour rights (freedom of association and collective bargaining)","2015",2.93,"Remarks: The score should be treated with care due to the possibility of insufficient information in the textual sources, based on comparison with an externally produced indicator (see Metadata, point 4.f.)"
"Congo","ILO - Calculations based on information from ILO textual sources","SDG indicator 8.8.2 - Level of national compliance with labour rights (freedom of association and collective bargaining)","2023",0.5,"Remarks: The score should be treated with care due to the possibility of insufficient information in the textual sources, based on comparison with an externally produced indicator (see Metadata, point 4.f.)"
"Congo","ILO - Calculations based on information from ILO textual sources","SDG indicator 8.8.2 - Level of national compliance with labour rights (freedom of association and collective bargaining)","2022",0.5,"Remarks: The score should be treated with care due to the possibility of insufficient information in the textual sources, based on comparison with an externally produced indicator (see Metadata, point 4.f.)"
"Congo","ILO - Calculations based on information from ILO textual sources","SDG indicator 8.8.2 - Level of national compliance with labour rights (freedom of association and collective bargaining)","2021",0.5,"Remarks: The score should be treated with care due to the possibility of insufficient information in the textual sources, based on comparison with an externally produced indicator (see Metadata, point 4.f.)"
"Congo","ILO - Calculations based on information from ILO textual sources","SDG indicator 8.8.2 - Level of national compliance with labour rights (freedom of association and collective bargaining)","2020",0.5,"Remarks: The score should be treated with care due to the possibility of insufficient information in the textual sources, based on comparison with an externally produced indicator (see Metadata, point 4.f.)"
"Congo","ILO - Calculations based on information from ILO textual sources","SDG indicator 8.8.2 - Level of national compliance with labour rights (freedom of association and collective bargaining)","2019",0.5,"Remarks: The score should be treated with care due to the possibility of insufficient information in the textual sources, based on comparison with an externally produced indicator (see Metadata, point 4.f.)"
"Congo","ILO - Calculations based on information from ILO textual sources","SDG indicator 8.8.2 - Level of national compliance with labour rights (freedom of association and collective bargaining)","2018",0.5,"Remarks: The score should be treated with care due to the possibility of insufficient information in the textual sources, based on comparison with an externally produced indicator (see Metadata, point 4.f.)"
"Congo","ILO - Calculations based on information from ILO textual sources","SDG indicator 8.8.2 - Level of national compliance with labour rights (freedom of association and collective bargaining)","2017",0.5,"Remarks: The score should be treated with care due to the possibility of insufficient information in the textual sources, based on comparison with an externally produced indicator (see Metadata, point 4.f.)"
"Congo","ILO - Calculations based on information from ILO textual sources","SDG indicator 8.8.2 - Level of national compliance with labour rights (freedom of association and collective bargaining)","2016",0.67,"Remarks: The score should be treated with care due to the possibility of insufficient information in the textual sources, based on comparison with an externally produced indicator (see Metadata, point 4.f.)"
"Congo","ILO - Calculations based on information from ILO textual sources","SDG indicator 8.8.2 - Level of national compliance with labour rights (freedom of association and collective bargaining)","2015",0.67,"Remarks: The score should be treated with care due to the possibility of insufficient information in the textual sources, based on comparison with an externally produced indicator (see Metadata, point 4.f.)"
"Cook Islands","ILO - Calculations based on information from ILO textual sources","SDG indicator 8.8.2 - Level of national compliance with labour rights (freedom of association and collective bargaining)","2023",0.98,
"Cook Islands","ILO - Calculations based on information from ILO textual sources","SDG indicator 8.8.2 - Level of national compliance with labour rights (freedom of association and collective bargaining)","2022",0.98,
"Cook Islands","ILO - Calculations based on information from ILO textual sources","SDG indicator 8.8.2 - Level of national compliance with labour rights (freedom of association and collective bargaining)","2021",0.98,
"Cook Islands","ILO - Calculations based on information from ILO textual sources","SDG indicator 8.8.2 - Level of national compliance with labour rights (freedom of association and collective bargaining)","2020",0.83,
"Cook Islands","ILO - Calculations based on information from ILO textual sources","SDG indicator 8.8.2 - Level of national compliance with labour rights (freedom of association and collective bargaining)","2019",0.83,
"Cook Islands","ILO - Calculations based on information from ILO textual sources","SDG indicator 8.8.2 - Level of national compliance with labour rights (freedom of association and collective bargaining)","2018",0.83,
"Cook Islands","ILO - Calculations based on information from ILO textual sources","SDG indicator 8.8.2 - Level of national compliance with labour rights (freedom of association and collective bargaining)","2017",0.83,
"Cook Islands","ILO - Calculations based on information from ILO textual sources","SDG indicator 8.8.2 - Level of national compliance with labour rights (freedom of association and collective bargaining)","2016",0.83,
"Colombia","ILO - Calculations based on information from ILO textual sources","SDG indicator 8.8.2 - Level of national compliance with labour rights (freedom of association and collective bargaining)","2023",6.31,
"Colombia","ILO - Calculations based on information from ILO textual sources","SDG indicator 8.8.2 - Level of national compliance with labour rights (freedom of association and collective bargaining)","2022",5.77,
"Colombia","ILO - Calculations based on information from ILO textual sources","SDG indicator 8.8.2 - Level of national compliance with labour rights (freedom of association and collective bargaining)","2021",5.56,
"Colombia","ILO - Calculations based on information from ILO textual sources","SDG indicator 8.8.2 - Level of national compliance with labour rights (freedom of association and collective bargaining)","2020",5.02,
"Colombia","ILO - Calculations based on information from ILO textual sources","SDG indicator 8.8.2 - Level of national compliance with labour rights (freedom of association and collective bargaining)","2019",5.02,
"Colombia","ILO - Calculations based on information from ILO textual sources","SDG indicator 8.8.2 - Level of national compliance with labour rights (freedom of association and collective bargaining)","2018",4.66,
"Colombia","ILO - Calculations based on information from ILO textual sources","SDG indicator 8.8.2 - Level of national compliance with labour rights (freedom of association and collective bargaining)","2017",5.04,
"Colombia","ILO - Calculations based on information from ILO textual sources","SDG indicator 8.8.2 - Level of national compliance with labour rights (freedom of association and collective bargaining)","2016",4.48,
"Colombia","ILO - Calculations based on information from ILO textual sources","SDG indicator 8.8.2 - Level of national compliance with labour rights (freedom of association and collective bargaining)","2015",4.14,
"Comoros","ILO - Calculations based on information from ILO textual sources","SDG indicator 8.8.2 - Level of national compliance with labour rights (freedom of association and collective bargaining)","2023",1.35,
"Comoros","ILO - Calculations based on information from ILO textual sources","SDG indicator 8.8.2 - Level of national compliance with labour rights (freedom of association and collective bargaining)","2022",1.35,
"Comoros","ILO - Calculations based on information from ILO textual sources","SDG indicator 8.8.2 - Level of national compliance with labour rights (freedom of association and collective bargaining)","2021",1.35,
"Comoros","ILO - Calculations based on information from ILO textual sources","SDG indicator 8.8.2 - Level of national compliance with labour rights (freedom of association and collective bargaining)","2020",1.35,
"Comoros","ILO - Calculations based on information from ILO textual sources","SDG indicator 8.8.2 - Level of national compliance with labour rights (freedom of association and collective bargaining)","2019",1.35,
"Comoros","ILO - Calculations based on information from ILO textual sources","SDG indicator 8.8.2 - Level of national compliance with labour rights (freedom of association and collective bargaining)","2018",1.35,
"Comoros","ILO - Calculations based on information from ILO textual sources","SDG indicator 8.8.2 - Level of national compliance with labour rights (freedom of association and collective bargaining)","2017",1.35,
"Comoros","ILO - Calculations based on information from ILO textual sources","SDG indicator 8.8.2 - Level of national compliance with labour rights (freedom of association and collective bargaining)","2016",1.35,
"Comoros","ILO - Calculations based on information from ILO textual sources","SDG indicator 8.8.2 - Level of national compliance with labour rights (freedom of association and collective bargaining)","2015",1.35,
"Cabo Verde","ILO - Calculations based on information from ILO textual sources","SDG indicator 8.8.2 - Level of national compliance with labour rights (freedom of association and collective bargaining)","2023",0.47,
"Cabo Verde","ILO - Calculations based on information from ILO textual sources","SDG indicator 8.8.2 - Level of national compliance with labour rights (freedom of association and collective bargaining)","2022",0.32,
"Cabo Verde","ILO - Calculations based on information from ILO textual sources","SDG indicator 8.8.2 - Level of national compliance with labour rights (freedom of association and collective bargaining)","2021",0.32,
"Cabo Verde","ILO - Calculations based on information from ILO textual sources","SDG indicator 8.8.2 - Level of national compliance with labour rights (freedom of association and collective bargaining)","2020",0.32,
"Cabo Verde","ILO - Calculations based on information from ILO textual sources","SDG indicator 8.8.2 - Level of national compliance with labour rights (freedom of association and collective bargaining)","2019",0.32,
"Cabo Verde","ILO - Calculations based on information from ILO textual sources","SDG indicator 8.8.2 - Level of national compliance with labour rights (freedom of association and collective bargaining)","2018",0.47,
"Cabo Verde","ILO - Calculations based on information from ILO textual sources","SDG indicator 8.8.2 - Level of national compliance with labour rights (freedom of association and collective bargaining)","2017",0.47,
"Cabo Verde","ILO - Calculations based on information from ILO textual sources","SDG indicator 8.8.2 - Level of national compliance with labour rights (freedom of association and collective bargaining)","2016",0.65,
"Cabo Verde","ILO - Calculations based on information from ILO textual sources","SDG indicator 8.8.2 - Level of national compliance with labour rights (freedom of association and collective bargaining)","2015",0.65,
"Costa Rica","ILO - Calculations based on information from ILO textual sources","SDG indicator 8.8.2 - Level of national compliance with labour rights (freedom of association and collective bargaining)","2023",2.27,
"Costa Rica","ILO - Calculations based on information from ILO textual sources","SDG indicator 8.8.2 - Level of national compliance with labour rights (freedom of association and collective bargaining)","2022",1.91,
"Costa Rica","ILO - Calculations based on information from ILO textual sources","SDG indicator 8.8.2 - Level of national compliance with labour rights (freedom of association and collective bargaining)","2021",1.91,
"Costa Rica","ILO - Calculations based on information from ILO textual sources","SDG indicator 8.8.2 - Level of national compliance with labour rights (freedom of association and collective bargaining)","2020",1.91,
"Costa Rica","ILO - Calculations based on information from ILO textual sources","SDG indicator 8.8.2 - Level of national compliance with labour rights (freedom of association and collective bargaining)","2019",1.4,
"Costa Rica","ILO - Calculations based on information from ILO textual sources","SDG indicator 8.8.2 - Level of national compliance with labour rights (freedom of association and collective bargaining)","2018",1.4,
"Costa Rica","ILO - Calculations based on information from ILO textual sources","SDG indicator 8.8.2 - Level of national compliance with labour rights (freedom of association and collective bargaining)","2017",1.4,
"Costa Rica","ILO - Calculations based on information from ILO textual sources","SDG indicator 8.8.2 - Level of national compliance with labour rights (freedom of association and collective bargaining)","2016",1.57,
"Costa Rica","ILO - Calculations based on information from ILO textual sources","SDG indicator 8.8.2 - Level of national compliance with labour rights (freedom of association and collective bargaining)","2015",1.95,
"Cuba","ILO - Calculations based on information from ILO textual sources","SDG indicator 8.8.2 - Level of national compliance with labour rights (freedom of association and collective bargaining)","2023",1.75,"Remarks: The score should be treated with care due to the possibility of insufficient information in the textual sources, based on comparison with an externally produced indicator (see Metadata, point 4.f.)"
"Cuba","ILO - Calculations based on information from ILO textual sources","SDG indicator 8.8.2 - Level of national compliance with labour rights (freedom of association and collective bargaining)","2022",1.54,"Remarks: The score should be treated with care due to the possibility of insufficient information in the textual sources, based on comparison with an externally produced indicator (see Metadata, point 4.f.)"
"Cuba","ILO - Calculations based on information from ILO textual sources","SDG indicator 8.8.2 - Level of national compliance with labour rights (freedom of association and collective bargaining)","2021",1.35,"Remarks: The score should be treated with care due to the possibility of insufficient information in the textual sources, based on comparison with an externally produced indicator (see Metadata, point 4.f.)"
"Cuba","ILO - Calculations based on information from ILO textual sources","SDG indicator 8.8.2 - Level of national compliance with labour rights (freedom of association and collective bargaining)","2020",1.35,"Remarks: The score should be treated with care due to the possibility of insufficient information in the textual sources, based on comparison with an externally produced indicator (see Metadata, point 4.f.)"
"Cuba","ILO - Calculations based on information from ILO textual sources","SDG indicator 8.8.2 - Level of national compliance with labour rights (freedom of association and collective bargaining)","2019",1.35,"Remarks: The score should be treated with care due to the possibility of insufficient information in the textual sources, based on comparison with an externally produced indicator (see Metadata, point 4.f.)"
"Cuba","ILO - Calculations based on information from ILO textual sources","SDG indicator 8.8.2 - Level of national compliance with labour rights (freedom of association and collective bargaining)","2018",1.36,"Remarks: The score should be treated with care due to the possibility of insufficient information in the textual sources, based on comparison with an externally produced indicator (see Metadata, point 4.f.)"
"Cuba","ILO - Calculations based on information from ILO textual sources","SDG indicator 8.8.2 - Level of national compliance with labour rights (freedom of association and collective bargaining)","2017",0.98,"Remarks: The score should be treated with care due to the possibility of insufficient information in the textual sources, based on comparison with an externally produced indicator (see Metadata, point 4.f.)"
"Cuba","ILO - Calculations based on information from ILO textual sources","SDG indicator 8.8.2 - Level of national compliance with labour rights (freedom of association and collective bargaining)","2016",0.98,"Remarks: The score should be treated with care due to the possibility of insufficient information in the textual sources, based on comparison with an externally produced indicator (see Metadata, point 4.f.)"
"Cuba","ILO - Calculations based on information from ILO textual sources","SDG indicator 8.8.2 - Level of national compliance with labour rights (freedom of association and collective bargaining)","2015",5.83,
"Cyprus","ILO - Calculations based on information from ILO textual sources","SDG indicator 8.8.2 - Level of national compliance with labour rights (freedom of association and collective bargaining)","2023",0,
"Cyprus","ILO - Calculations based on information from ILO textual sources","SDG indicator 8.8.2 - Level of national compliance with labour rights (freedom of association and collective bargaining)","2022",0,
"Cyprus","ILO - Calculations based on information from ILO textual sources","SDG indicator 8.8.2 - Level of national compliance with labour rights (freedom of association and collective bargaining)","2021",0,
"Cyprus","ILO - Calculations based on information from ILO textual sources","SDG indicator 8.8.2 - Level of national compliance with labour rights (freedom of association and collective bargaining)","2020",0,
"Cyprus","ILO - Calculations based on information from ILO textual sources","SDG indicator 8.8.2 - Level of national compliance with labour rights (freedom of association and collective bargaining)","2019",0,
"Cyprus","ILO - Calculations based on information from ILO textual sources","SDG indicator 8.8.2 - Level of national compliance with labour rights (freedom of association and collective bargaining)","2018",0,
"Cyprus","ILO - Calculations based on information from ILO textual sources","SDG indicator 8.8.2 - Level of national compliance with labour rights (freedom of association and collective bargaining)","2017",0,
"Cyprus","ILO - Calculations based on information from ILO textual sources","SDG indicator 8.8.2 - Level of national compliance with labour rights (freedom of association and collective bargaining)","2016",0,
"Cyprus","ILO - Calculations based on information from ILO textual sources","SDG indicator 8.8.2 - Level of national compliance with labour rights (freedom of association and collective bargaining)","2015",0,
"Czechia","ILO - Calculations based on information from ILO textual sources","SDG indicator 8.8.2 - Level of national compliance with labour rights (freedom of association and collective bargaining)","2023",0.18,
"Czechia","ILO - Calculations based on information from ILO textual sources","SDG indicator 8.8.2 - Level of national compliance with labour rights (freedom of association and collective bargaining)","2022",0.18,
"Czechia","ILO - Calculations based on information from ILO textual sources","SDG indicator 8.8.2 - Level of national compliance with labour rights (freedom of association and collective bargaining)","2021",0.18,
"Czechia","ILO - Calculations based on information from ILO textual sources","SDG indicator 8.8.2 - Level of national compliance with labour rights (freedom of association and collective bargaining)","2020",0.18,
"Czechia","ILO - Calculations based on information from ILO textual sources","SDG indicator 8.8.2 - Level of national compliance with labour rights (freedom of association and collective bargaining)","2019",0.18,
"Czechia","ILO - Calculations based on information from ILO textual sources","SDG indicator 8.8.2 - Level of national compliance with labour rights (freedom of association and collective bargaining)","2018",0.18,
"Czechia","ILO - Calculations based on information from ILO textual sources","SDG indicator 8.8.2 - Level of national compliance with labour rights (freedom of association and collective bargaining)","2017",0.18,
"Czechia","ILO - Calculations based on information from ILO textual sources","SDG indicator 8.8.2 - Level of national compliance with labour rights (freedom of association and collective bargaining)","2016",0.18,
"Czechia","ILO - Calculations based on information from ILO textual sources","SDG indicator 8.8.2 - Level of national compliance with labour rights (freedom of association and collective bargaining)","2015",0.18,
"Germany","ILO - Calculations based on information from ILO textual sources","SDG indicator 8.8.2 - Level of national compliance with labour rights (freedom of association and collective bargaining)","2023",0.38,
"Germany","ILO - Calculations based on information from ILO textual sources","SDG indicator 8.8.2 - Level of national compliance with labour rights (freedom of association and collective bargaining)","2022",0.38,
"Germany","ILO - Calculations based on information from ILO textual sources","SDG indicator 8.8.2 - Level of national compliance with labour rights (freedom of association and collective bargaining)","2021",0.38,
"Germany","ILO - Calculations based on information from ILO textual sources","SDG indicator 8.8.2 - Level of national compliance with labour rights (freedom of association and collective bargaining)","2020",0.38,
"Germany","ILO - Calculations based on information from ILO textual sources","SDG indicator 8.8.2 - Level of national compliance with labour rights (freedom of association and collective bargaining)","2019",0.38,
"Germany","ILO - Calculations based on information from ILO textual sources","SDG indicator 8.8.2 - Level of national compliance with labour rights (freedom of association and collective bargaining)","2018",0.38,
"Germany","ILO - Calculations based on information from ILO textual sources","SDG indicator 8.8.2 - Level of national compliance with labour rights (freedom of association and collective bargaining)","2017",0.38,
"Germany","ILO - Calculations based on information from ILO textual sources","SDG indicator 8.8.2 - Level of national compliance with labour rights (freedom of association and collective bargaining)","2016",0.38,
"Germany","ILO - Calculations based on information from ILO textual sources","SDG indicator 8.8.2 - Level of national compliance with labour rights (freedom of association and collective bargaining)","2015",0.38,
"Djibouti","ILO - Calculations based on information from ILO textual sources","SDG indicator 8.8.2 - Level of national compliance with labour rights (freedom of association and collective bargaining)","2023",5.76,
"Djibouti","ILO - Calculations based on information from ILO textual sources","SDG indicator 8.8.2 - Level of national compliance with labour rights (freedom of association and collective bargaining)","2022",5.76,
"Djibouti","ILO - Calculations based on information from ILO textual sources","SDG indicator 8.8.2 - Level of national compliance with labour rights (freedom of association and collective bargaining)","2021",6.17,
"Djibouti","ILO - Calculations based on information from ILO textual sources","SDG indicator 8.8.2 - Level of national compliance with labour rights (freedom of association and collective bargaining)","2020",6.17,
"Djibouti","ILO - Calculations based on information from ILO textual sources","SDG indicator 8.8.2 - Level of national compliance with labour rights (freedom of association and collective bargaining)","2019",6.17,
"Djibouti","ILO - Calculations based on information from ILO textual sources","SDG indicator 8.8.2 - Level of national compliance with labour rights (freedom of association and collective bargaining)","2018",6.17,
"Djibouti","ILO - Calculations based on information from ILO textual sources","SDG indicator 8.8.2 - Level of national compliance with labour rights (freedom of association and collective bargaining)","2017",6.17,
"Djibouti","ILO - Calculations based on information from ILO textual sources","SDG indicator 8.8.2 - Level of national compliance with labour rights (freedom of association and collective bargaining)","2016",6.18,
"Djibouti","ILO - Calculations based on information from ILO textual sources","SDG indicator 8.8.2 - Level of national compliance with labour rights (freedom of association and collective bargaining)","2015",1.9,
"Dominica","ILO - Calculations based on information from ILO textual sources","SDG indicator 8.8.2 - Level of national compliance with labour rights (freedom of association and collective bargaining)","2023",0.17,
"Dominica","ILO - Calculations based on information from ILO textual sources","SDG indicator 8.8.2 - Level of national compliance with labour rights (freedom of association and collective bargaining)","2022",0.17,
"Dominica","ILO - Calculations based on information from ILO textual sources","SDG indicator 8.8.2 - Level of national compliance with labour rights (freedom of association and collective bargaining)","2021",0.17,
"Dominica","ILO - Calculations based on information from ILO textual sources","SDG indicator 8.8.2 - Level of national compliance with labour rights (freedom of association and collective bargaining)","2020",0.17,
"Dominica","ILO - Calculations based on information from ILO textual sources","SDG indicator 8.8.2 - Level of national compliance with labour rights (freedom of association and collective bargaining)","2019",0.17,
"Dominica","ILO - Calculations based on information from ILO textual sources","SDG indicator 8.8.2 - Level of national compliance with labour rights (freedom of association and collective bargaining)","2018",0.17,
"Dominica","ILO - Calculations based on information from ILO textual sources","SDG indicator 8.8.2 - Level of national compliance with labour rights (freedom of association and collective bargaining)","2017",0.17,
"Dominica","ILO - Calculations based on information from ILO textual sources","SDG indicator 8.8.2 - Level of national compliance with labour rights (freedom of association and collective bargaining)","2016",0.17,
"Dominica","ILO - Calculations based on information from ILO textual sources","SDG indicator 8.8.2 - Level of national compliance with labour rights (freedom of association and collective bargaining)","2015",0.17,
"Denmark","ILO - Calculations based on information from ILO textual sources","SDG indicator 8.8.2 - Level of national compliance with labour rights (freedom of association and collective bargaining)","2023",0.19,
"Denmark","ILO - Calculations based on information from ILO textual sources","SDG indicator 8.8.2 - Level of national compliance with labour rights (freedom of association and collective bargaining)","2022",0.19,
"Denmark","ILO - Calculations based on information from ILO textual sources","SDG indicator 8.8.2 - Level of national compliance with labour rights (freedom of association and collective bargaining)","2021",0.19,
"Denmark","ILO - Calculations based on information from ILO textual sources","SDG indicator 8.8.2 - Level of national compliance with labour rights (freedom of association and collective bargaining)","2020",0.19,
"Denmark","ILO - Calculations based on information from ILO textual sources","SDG indicator 8.8.2 - Level of national compliance with labour rights (freedom of association and collective bargaining)","2019",0.19,
"Denmark","ILO - Calculations based on information from ILO textual sources","SDG indicator 8.8.2 - Level of national compliance with labour rights (freedom of association and collective bargaining)","2018",0.53,
"Denmark","ILO - Calculations based on information from ILO textual sources","SDG indicator 8.8.2 - Level of national compliance with labour rights (freedom of association and collective bargaining)","2017",0.53,
"Denmark","ILO - Calculations based on information from ILO textual sources","SDG indicator 8.8.2 - Level of national compliance with labour rights (freedom of association and collective bargaining)","2016",0.53,
"Denmark","ILO - Calculations based on information from ILO textual sources","SDG indicator 8.8.2 - Level of national compliance with labour rights (freedom of association and collective bargaining)","2015",0.73,
"Dominican Republic","ILO - Calculations based on information from ILO textual sources","SDG indicator 8.8.2 - Level of national compliance with labour rights (freedom of association and collective bargaining)","2023",1.8,
"Dominican Republic","ILO - Calculations based on information from ILO textual sources","SDG indicator 8.8.2 - Level of national compliance with labour rights (freedom of association and collective bargaining)","2022",1.8,
"Dominican Republic","ILO - Calculations based on information from ILO textual sources","SDG indicator 8.8.2 - Level of national compliance with labour rights (freedom of association and collective bargaining)","2021",1.45,
"Dominican Republic","ILO - Calculations based on information from ILO textual sources","SDG indicator 8.8.2 - Level of national compliance with labour rights (freedom of association and collective bargaining)","2020",1.45,
"Dominican Republic","ILO - Calculations based on information from ILO textual sources","SDG indicator 8.8.2 - Level of national compliance with labour rights (freedom of association and collective bargaining)","2019",1.63,
"Dominican Republic","ILO - Calculations based on information from ILO textual sources","SDG indicator 8.8.2 - Level of national compliance with labour rights (freedom of association and collective bargaining)","2018",1.45,
"Dominican Republic","ILO - Calculations based on information from ILO textual sources","SDG indicator 8.8.2 - Level of national compliance with labour rights (freedom of association and collective bargaining)","2017",1.45,
"Dominican Republic","ILO - Calculations based on information from ILO textual sources","SDG indicator 8.8.2 - Level of national compliance with labour rights (freedom of association and collective bargaining)","2016",1.64,
"Dominican Republic","ILO - Calculations based on information from ILO textual sources","SDG indicator 8.8.2 - Level of national compliance with labour rights (freedom of association and collective bargaining)","2015",1.79,
"Algeria","ILO - Calculations based on information from ILO textual sources","SDG indicator 8.8.2 - Level of national compliance with labour rights (freedom of association and collective bargaining)","2023",4.05,
"Algeria","ILO - Calculations based on information from ILO textual sources","SDG indicator 8.8.2 - Level of national compliance with labour rights (freedom of association and collective bargaining)","2022",2.5,
"Algeria","ILO - Calculations based on information from ILO textual sources","SDG indicator 8.8.2 - Level of national compliance with labour rights (freedom of association and collective bargaining)","2021",2.67,
"Algeria","ILO - Calculations based on information from ILO textual sources","SDG indicator 8.8.2 - Level of national compliance with labour rights (freedom of association and collective bargaining)","2020",2.48,
"Algeria","ILO - Calculations based on information from ILO textual sources","SDG indicator 8.8.2 - Level of national compliance with labour rights (freedom of association and collective bargaining)","2019",2.48,
"Algeria","ILO - Calculations based on information from ILO textual sources","SDG indicator 8.8.2 - Level of national compliance with labour rights (freedom of association and collective bargaining)","2018",2.3,
"Algeria","ILO - Calculations based on information from ILO textual sources","SDG indicator 8.8.2 - Level of national compliance with labour rights (freedom of association and collective bargaining)","2017",2.11,
"Algeria","ILO - Calculations based on information from ILO textual sources","SDG indicator 8.8.2 - Level of national compliance with labour rights (freedom of association and collective bargaining)","2016",1.9,
"Algeria","ILO - Calculations based on information from ILO textual sources","SDG indicator 8.8.2 - Level of national compliance with labour rights (freedom of association and collective bargaining)","2015",1.3,"Remarks: The score should be treated with care due to the possibility of insufficient information in the textual sources, based on comparison with an externally produced indicator (see Metadata, point 4.f.)"
"Ecuador","ILO - Calculations based on information from ILO textual sources","SDG indicator 8.8.2 - Level of national compliance with labour rights (freedom of association and collective bargaining)","2023",6.5,
"Ecuador","ILO - Calculations based on information from ILO textual sources","SDG indicator 8.8.2 - Level of national compliance with labour rights (freedom of association and collective bargaining)","2022",5.03,
"Ecuador","ILO - Calculations based on information from ILO textual sources","SDG indicator 8.8.2 - Level of national compliance with labour rights (freedom of association and collective bargaining)","2021",4.79,
"Ecuador","ILO - Calculations based on information from ILO textual sources","SDG indicator 8.8.2 - Level of national compliance with labour rights (freedom of association and collective bargaining)","2020",4.25,
"Ecuador","ILO - Calculations based on information from ILO textual sources","SDG indicator 8.8.2 - Level of national compliance with labour rights (freedom of association and collective bargaining)","2019",4.25,
"Ecuador","ILO - Calculations based on information from ILO textual sources","SDG indicator 8.8.2 - Level of national compliance with labour rights (freedom of association and collective bargaining)","2018",4.04,
"Ecuador","ILO - Calculations based on information from ILO textual sources","SDG indicator 8.8.2 - Level of national compliance with labour rights (freedom of association and collective bargaining)","2017",4.04,
"Ecuador","ILO - Calculations based on information from ILO textual sources","SDG indicator 8.8.2 - Level of national compliance with labour rights (freedom of association and collective bargaining)","2016",4.05,
"Ecuador","ILO - Calculations based on information from ILO textual sources","SDG indicator 8.8.2 - Level of national compliance with labour rights (freedom of association and collective bargaining)","2015",3.67,
"Egypt","ILO - Calculations based on information from ILO textual sources","SDG indicator 8.8.2 - Level of national compliance with labour rights (freedom of association and collective bargaining)","2023",6.05,
"Egypt","ILO - Calculations based on information from ILO textual sources","SDG indicator 8.8.2 - Level of national compliance with labour rights (freedom of association and collective bargaining)","2022",6.26,
"Egypt","ILO - Calculations based on information from ILO textual sources","SDG indicator 8.8.2 - Level of national compliance with labour rights (freedom of association and collective bargaining)","2021",6.26,
"Egypt","ILO - Calculations based on information from ILO textual sources","SDG indicator 8.8.2 - Level of national compliance with labour rights (freedom of association and collective bargaining)","2020",6.26,
"Egypt","ILO - Calculations based on information from ILO textual sources","SDG indicator 8.8.2 - Level of national compliance with labour rights (freedom of association and collective bargaining)","2019",6.26,
"Egypt","ILO - Calculations based on information from ILO textual sources","SDG indicator 8.8.2 - Level of national compliance with labour rights (freedom of association and collective bargaining)","2018",6.48,
"Egypt","ILO - Calculations based on information from ILO textual sources","SDG indicator 8.8.2 - Level of national compliance with labour rights (freedom of association and collective bargaining)","2017",7.07,
"Egypt","ILO - Calculations based on information from ILO textual sources","SDG indicator 8.8.2 - Level of national compliance with labour rights (freedom of association and collective bargaining)","2016",7.09,
"Egypt","ILO - Calculations based on information from ILO textual sources","SDG indicator 8.8.2 - Level of national compliance with labour rights (freedom of association and collective bargaining)","2015",6.52,
"Eritrea","ILO - Calculations based on information from ILO textual sources","SDG indicator 8.8.2 - Level of national compliance with labour rights (freedom of association and collective bargaining)","2023",2.74,"Remarks: The score should be treated with care due to the possibility of insufficient information in the textual sources, based on comparison with an externally produced indicator (see Metadata, point 4.f.)"
"Eritrea","ILO - Calculations based on information from ILO textual sources","SDG indicator 8.8.2 - Level of national compliance with labour rights (freedom of association and collective bargaining)","2022",2.74,"Remarks: The score should be treated with care due to the possibility of insufficient information in the textual sources, based on comparison with an externally produced indicator (see Metadata, point 4.f.)"
"Eritrea","ILO - Calculations based on information from ILO textual sources","SDG indicator 8.8.2 - Level of national compliance with labour rights (freedom of association and collective bargaining)","2021",2.59,"Remarks: The score should be treated with care due to the possibility of insufficient information in the textual sources, based on comparison with an externally produced indicator (see Metadata, point 4.f.)"
"Eritrea","ILO - Calculations based on information from ILO textual sources","SDG indicator 8.8.2 - Level of national compliance with labour rights (freedom of association and collective bargaining)","2020",2.59,"Remarks: The score should be treated with care due to the possibility of insufficient information in the textual sources, based on comparison with an externally produced indicator (see Metadata, point 4.f.)"
"Eritrea","ILO - Calculations based on information from ILO textual sources","SDG indicator 8.8.2 - Level of national compliance with labour rights (freedom of association and collective bargaining)","2019",2.59,"Remarks: The score should be treated with care due to the possibility of insufficient information in the textual sources, based on comparison with an externally produced indicator (see Metadata, point 4.f.)"
"Eritrea","ILO - Calculations based on information from ILO textual sources","SDG indicator 8.8.2 - Level of national compliance with labour rights (freedom of association and collective bargaining)","2018",2.59,"Remarks: The score should be treated with care due to the possibility of insufficient information in the textual sources, based on comparison with an externally produced indicator (see Metadata, point 4.f.)"
"Eritrea","ILO - Calculations based on information from ILO textual sources","SDG indicator 8.8.2 - Level of national compliance with labour rights (freedom of association and collective bargaining)","2017",2.41,"Remarks: The score should be treated with care due to the possibility of insufficient information in the textual sources, based on comparison with an externally produced indicator (see Metadata, point 4.f.)"
"Eritrea","ILO - Calculations based on information from ILO textual sources","SDG indicator 8.8.2 - Level of national compliance with labour rights (freedom of association and collective bargaining)","2016",2.41,"Remarks: The score should be treated with care due to the possibility of insufficient information in the textual sources, based on comparison with an externally produced indicator (see Metadata, point 4.f.)"
"Eritrea","ILO - Calculations based on information from ILO textual sources","SDG indicator 8.8.2 - Level of national compliance with labour rights (freedom of association and collective bargaining)","2015",2.41,"Remarks: The score should be treated with care due to the possibility of insufficient information in the textual sources, based on comparison with an externally produced indicator (see Metadata, point 4.f.)"
"Spain","ILO - Calculations based on information from ILO textual sources","SDG indicator 8.8.2 - Level of national compliance with labour rights (freedom of association and collective bargaining)","2023",0.33,
"Spain","ILO - Calculations based on information from ILO textual sources","SDG indicator 8.8.2 - Level of national compliance with labour rights (freedom of association and collective bargaining)","2022",0.33,
"Spain","ILO - Calculations based on information from ILO textual sources","SDG indicator 8.8.2 - Level of national compliance with labour rights (freedom of association and collective bargaining)","2021",0.71,
"Spain","ILO - Calculations based on information from ILO textual sources","SDG indicator 8.8.2 - Level of national compliance with labour rights (freedom of association and collective bargaining)","2020",0.71,
"Spain","ILO - Calculations based on information from ILO textual sources","SDG indicator 8.8.2 - Level of national compliance with labour rights (freedom of association and collective bargaining)","2019",0.71,
"Spain","ILO - Calculations based on information from ILO textual sources","SDG indicator 8.8.2 - Level of national compliance with labour rights (freedom of association and collective bargaining)","2018",0.71,
"Spain","ILO - Calculations based on information from ILO textual sources","SDG indicator 8.8.2 - Level of national compliance with labour rights (freedom of association and collective bargaining)","2017",0.54,
"Spain","ILO - Calculations based on information from ILO textual sources","SDG indicator 8.8.2 - Level of national compliance with labour rights (freedom of association and collective bargaining)","2016",0.54,
"Spain","ILO - Calculations based on information from ILO textual sources","SDG indicator 8.8.2 - Level of national compliance with labour rights (freedom of association and collective bargaining)","2015",1,
"Estonia","ILO - Calculations based on information from ILO textual sources","SDG indicator 8.8.2 - Level of national compliance with labour rights (freedom of association and collective bargaining)","2023",0,
"Estonia","ILO - Calculations based on information from ILO textual sources","SDG indicator 8.8.2 - Level of national compliance with labour rights (freedom of association and collective bargaining)","2022",0.15,
"Estonia","ILO - Calculations based on information from ILO textual sources","SDG indicator 8.8.2 - Level of national compliance with labour rights (freedom of association and collective bargaining)","2021",0.15,
"Estonia","ILO - Calculations based on information from ILO textual sources","SDG indicator 8.8.2 - Level of national compliance with labour rights (freedom of association and collective bargaining)","2020",0.15,
"Estonia","ILO - Calculations based on information from ILO textual sources","SDG indicator 8.8.2 - Level of national compliance with labour rights (freedom of association and collective bargaining)","2019",0.15,
"Estonia","ILO - Calculations based on information from ILO textual sources","SDG indicator 8.8.2 - Level of national compliance with labour rights (freedom of association and collective bargaining)","2018",0,
"Estonia","ILO - Calculations based on information from ILO textual sources","SDG indicator 8.8.2 - Level of national compliance with labour rights (freedom of association and collective bargaining)","2017",0,
"Estonia","ILO - Calculations based on information from ILO textual sources","SDG indicator 8.8.2 - Level of national compliance with labour rights (freedom of association and collective bargaining)","2016",0,
"Estonia","ILO - Calculations based on information from ILO textual sources","SDG indicator 8.8.2 - Level of national compliance with labour rights (freedom of association and collective bargaining)","2015",0,
"Ethiopia","ILO - Calculations based on information from ILO textual sources","SDG indicator 8.8.2 - Level of national compliance with labour rights (freedom of association and collective bargaining)","2023",2.54,"Remarks: The score should be treated with care due to the possibility of insufficient information in the textual sources, based on comparison with an externally produced indicator (see Metadata, point 4.f.)"
"Ethiopia","ILO - Calculations based on information from ILO textual sources","SDG indicator 8.8.2 - Level of national compliance with labour rights (freedom of association and collective bargaining)","2022",2.54,"Remarks: The score should be treated with care due to the possibility of insufficient information in the textual sources, based on comparison with an externally produced indicator (see Metadata, point 4.f.)"
"Ethiopia","ILO - Calculations based on information from ILO textual sources","SDG indicator 8.8.2 - Level of national compliance with labour rights (freedom of association and collective bargaining)","2021",2.54,"Remarks: The score should be treated with care due to the possibility of insufficient information in the textual sources, based on comparison with an externally produced indicator (see Metadata, point 4.f.)"
"Ethiopia","ILO - Calculations based on information from ILO textual sources","SDG indicator 8.8.2 - Level of national compliance with labour rights (freedom of association and collective bargaining)","2020",2.54,"Remarks: The score should be treated with care due to the possibility of insufficient information in the textual sources, based on comparison with an externally produced indicator (see Metadata, point 4.f.)"
"Ethiopia","ILO - Calculations based on information from ILO textual sources","SDG indicator 8.8.2 - Level of national compliance with labour rights (freedom of association and collective bargaining)","2019",2.54,"Remarks: The score should be treated with care due to the possibility of insufficient information in the textual sources, based on comparison with an externally produced indicator (see Metadata, point 4.f.)"
"Ethiopia","ILO - Calculations based on information from ILO textual sources","SDG indicator 8.8.2 - Level of national compliance with labour rights (freedom of association and collective bargaining)","2018",3.3,"Remarks: The score should be treated with care due to the possibility of insufficient information in the textual sources, based on comparison with an externally produced indicator (see Metadata, point 4.f.)"
"Ethiopia","ILO - Calculations based on information from ILO textual sources","SDG indicator 8.8.2 - Level of national compliance with labour rights (freedom of association and collective bargaining)","2017",3.13,"Remarks: The score should be treated with care due to the possibility of insufficient information in the textual sources, based on comparison with an externally produced indicator (see Metadata, point 4.f.)"
"Ethiopia","ILO - Calculations based on information from ILO textual sources","SDG indicator 8.8.2 - Level of national compliance with labour rights (freedom of association and collective bargaining)","2016",3.3,"Remarks: The score should be treated with care due to the possibility of insufficient information in the textual sources, based on comparison with an externally produced indicator (see Metadata, point 4.f.)"
"Ethiopia","ILO - Calculations based on information from ILO textual sources","SDG indicator 8.8.2 - Level of national compliance with labour rights (freedom of association and collective bargaining)","2015",3.32,"Remarks: The score should be treated with care due to the possibility of insufficient information in the textual sources, based on comparison with an externally produced indicator (see Metadata, point 4.f.)"
"Finland","ILO - Calculations based on information from ILO textual sources","SDG indicator 8.8.2 - Level of national compliance with labour rights (freedom of association and collective bargaining)","2023",0,
"Finland","ILO - Calculations based on information from ILO textual sources","SDG indicator 8.8.2 - Level of national compliance with labour rights (freedom of association and collective bargaining)","2022",0,
"Finland","ILO - Calculations based on information from ILO textual sources","SDG indicator 8.8.2 - Level of national compliance with labour rights (freedom of association and collective bargaining)","2021",0,
"Finland","ILO - Calculations based on information from ILO textual sources","SDG indicator 8.8.2 - Level of national compliance with labour rights (freedom of association and collective bargaining)","2020",0,
"Finland","ILO - Calculations based on information from ILO textual sources","SDG indicator 8.8.2 - Level of national compliance with labour rights (freedom of association and collective bargaining)","2019",0,
"Finland","ILO - Calculations based on information from ILO textual sources","SDG indicator 8.8.2 - Level of national compliance with labour rights (freedom of association and collective bargaining)","2018",0,
"Finland","ILO - Calculations based on information from ILO textual sources","SDG indicator 8.8.2 - Level of national compliance with labour rights (freedom of association and collective bargaining)","2017",0,
"Finland","ILO - Calculations based on information from ILO textual sources","SDG indicator 8.8.2 - Level of national compliance with labour rights (freedom of association and collective bargaining)","2016",0,
"Finland","ILO - Calculations based on information from ILO textual sources","SDG indicator 8.8.2 - Level of national compliance with labour rights (freedom of association and collective bargaining)","2015",0,
"Fiji","ILO - Calculations based on information from ILO textual sources","SDG indicator 8.8.2 - Level of national compliance with labour rights (freedom of association and collective bargaining)","2023",5.73,
"Fiji","ILO - Calculations based on information from ILO textual sources","SDG indicator 8.8.2 - Level of national compliance with labour rights (freedom of association and collective bargaining)","2022",5.73,
"Fiji","ILO - Calculations based on information from ILO textual sources","SDG indicator 8.8.2 - Level of national compliance with labour rights (freedom of association and collective bargaining)","2021",5.73,
"Fiji","ILO - Calculations based on information from ILO textual sources","SDG indicator 8.8.2 - Level of national compliance with labour rights (freedom of association and collective bargaining)","2020",5.73,
"Fiji","ILO - Calculations based on information from ILO textual sources","SDG indicator 8.8.2 - Level of national compliance with labour rights (freedom of association and collective bargaining)","2019",5.52,
"Fiji","ILO - Calculations based on information from ILO textual sources","SDG indicator 8.8.2 - Level of national compliance with labour rights (freedom of association and collective bargaining)","2018",5.34,
"Fiji","ILO - Calculations based on information from ILO textual sources","SDG indicator 8.8.2 - Level of national compliance with labour rights (freedom of association and collective bargaining)","2017",4.85,
"Fiji","ILO - Calculations based on information from ILO textual sources","SDG indicator 8.8.2 - Level of national compliance with labour rights (freedom of association and collective bargaining)","2016",4.89,
"Fiji","ILO - Calculations based on information from ILO textual sources","SDG indicator 8.8.2 - Level of national compliance with labour rights (freedom of association and collective bargaining)","2015",5.09,
"France","ILO - Calculations based on information from ILO textual sources","SDG indicator 8.8.2 - Level of national compliance with labour rights (freedom of association and collective bargaining)","2023",0.5,
"France","ILO - Calculations based on information from ILO textual sources","SDG indicator 8.8.2 - Level of national compliance with labour rights (freedom of association and collective bargaining)","2022",0.68,
"France","ILO - Calculations based on information from ILO textual sources","SDG indicator 8.8.2 - Level of national compliance with labour rights (freedom of association and collective bargaining)","2021",0.68,
"France","ILO - Calculations based on information from ILO textual sources","SDG indicator 8.8.2 - Level of national compliance with labour rights (freedom of association and collective bargaining)","2020",0.68,
"France","ILO - Calculations based on information from ILO textual sources","SDG indicator 8.8.2 - Level of national compliance with labour rights (freedom of association and collective bargaining)","2019",0,
"France","ILO - Calculations based on information from ILO textual sources","SDG indicator 8.8.2 - Level of national compliance with labour rights (freedom of association and collective bargaining)","2018",0.36,
"France","ILO - Calculations based on information from ILO textual sources","SDG indicator 8.8.2 - Level of national compliance with labour rights (freedom of association and collective bargaining)","2017",0.36,
"France","ILO - Calculations based on information from ILO textual sources","SDG indicator 8.8.2 - Level of national compliance with labour rights (freedom of association and collective bargaining)","2016",0.36,
"France","ILO - Calculations based on information from ILO textual sources","SDG indicator 8.8.2 - Level of national compliance with labour rights (freedom of association and collective bargaining)","2015",0.36,
"Gabon","ILO - Calculations based on information from ILO textual sources","SDG indicator 8.8.2 - Level of national compliance with labour rights (freedom of association and collective bargaining)","2023",0.71,"Remarks: The score should be treated with care due to the possibility of insufficient information in the textual sources, based on comparison with an externally produced indicator (see Metadata, point 4.f.)"
"Gabon","ILO - Calculations based on information from ILO textual sources","SDG indicator 8.8.2 - Level of national compliance with labour rights (freedom of association and collective bargaining)","2022",0.86,"Remarks: The score should be treated with care due to the possibility of insufficient information in the textual sources, based on comparison with an externally produced indicator (see Metadata, point 4.f.)"
"Gabon","ILO - Calculations based on information from ILO textual sources","SDG indicator 8.8.2 - Level of national compliance with labour rights (freedom of association and collective bargaining)","2021",0.15,"Remarks: The score should be treated with care due to the possibility of insufficient information in the textual sources, based on comparison with an externally produced indicator (see Metadata, point 4.f.)"
"Gabon","ILO - Calculations based on information from ILO textual sources","SDG indicator 8.8.2 - Level of national compliance with labour rights (freedom of association and collective bargaining)","2020",0.15,"Remarks: The score should be treated with care due to the possibility of insufficient information in the textual sources, based on comparison with an externally produced indicator (see Metadata, point 4.f.)"
"Gabon","ILO - Calculations based on information from ILO textual sources","SDG indicator 8.8.2 - Level of national compliance with labour rights (freedom of association and collective bargaining)","2019",0.15,"Remarks: The score should be treated with care due to the possibility of insufficient information in the textual sources, based on comparison with an externally produced indicator (see Metadata, point 4.f.)"
"Gabon","ILO - Calculations based on information from ILO textual sources","SDG indicator 8.8.2 - Level of national compliance with labour rights (freedom of association and collective bargaining)","2018",0.15,"Remarks: The score should be treated with care due to the possibility of insufficient information in the textual sources, based on comparison with an externally produced indicator (see Metadata, point 4.f.)"
"Gabon","ILO - Calculations based on information from ILO textual sources","SDG indicator 8.8.2 - Level of national compliance with labour rights (freedom of association and collective bargaining)","2017",0.15,"Remarks: The score should be treated with care due to the possibility of insufficient information in the textual sources, based on comparison with an externally produced indicator (see Metadata, point 4.f.)"
"Gabon","ILO - Calculations based on information from ILO textual sources","SDG indicator 8.8.2 - Level of national compliance with labour rights (freedom of association and collective bargaining)","2016",0.15,"Remarks: The score should be treated with care due to the possibility of insufficient information in the textual sources, based on comparison with an externally produced indicator (see Metadata, point 4.f.)"
"Gabon","ILO - Calculations based on information from ILO textual sources","SDG indicator 8.8.2 - Level of national compliance with labour rights (freedom of association and collective bargaining)","2015",0.34,"Remarks: The score should be treated with care due to the possibility of insufficient information in the textual sources, based on comparison with an externally produced indicator (see Metadata, point 4.f.)"
"United Kingdom of Great Britain and Northern Ireland","ILO - Calculations based on information from ILO textual sources","SDG indicator 8.8.2 - Level of national compliance with labour rights (freedom of association and collective bargaining)","2023",1.25,
"United Kingdom of Great Britain and Northern Ireland","ILO - Calculations based on information from ILO textual sources","SDG indicator 8.8.2 - Level of national compliance with labour rights (freedom of association and collective bargaining)","2022",1.23,
"United Kingdom of Great Britain and Northern Ireland","ILO - Calculations based on information from ILO textual sources","SDG indicator 8.8.2 - Level of national compliance with labour rights (freedom of association and collective bargaining)","2021",1.06,
"United Kingdom of Great Britain and Northern Ireland","ILO - Calculations based on information from ILO textual sources","SDG indicator 8.8.2 - Level of national compliance with labour rights (freedom of association and collective bargaining)","2020",1.06,
"United Kingdom of Great Britain and Northern Ireland","ILO - Calculations based on information from ILO textual sources","SDG indicator 8.8.2 - Level of national compliance with labour rights (freedom of association and collective bargaining)","2019",1.06,
"United Kingdom of Great Britain and Northern Ireland","ILO - Calculations based on information from ILO textual sources","SDG indicator 8.8.2 - Level of national compliance with labour rights (freedom of association and collective bargaining)","2018",1.06,
"United Kingdom of Great Britain and Northern Ireland","ILO - Calculations based on information from ILO textual sources","SDG indicator 8.8.2 - Level of national compliance with labour rights (freedom of association and collective bargaining)","2017",1.08,
"United Kingdom of Great Britain and Northern Ireland","ILO - Calculations based on information from ILO textual sources","SDG indicator 8.8.2 - Level of national compliance with labour rights (freedom of association and collective bargaining)","2016",1.08,
"United Kingdom of Great Britain and Northern Ireland","ILO - Calculations based on information from ILO textual sources","SDG indicator 8.8.2 - Level of national compliance with labour rights (freedom of association and collective bargaining)","2015",0.57,
"Georgia","ILO - Calculations based on information from ILO textual sources","SDG indicator 8.8.2 - Level of national compliance with labour rights (freedom of association and collective bargaining)","2023",0.15,
"Georgia","ILO - Calculations based on information from ILO textual sources","SDG indicator 8.8.2 - Level of national compliance with labour rights (freedom of association and collective bargaining)","2022",0.15,
"Georgia","ILO - Calculations based on information from ILO textual sources","SDG indicator 8.8.2 - Level of national compliance with labour rights (freedom of association and collective bargaining)","2021",0.15,
"Georgia","ILO - Calculations based on information from ILO textual sources","SDG indicator 8.8.2 - Level of national compliance with labour rights (freedom of association and collective bargaining)","2020",0.86,
"Georgia","ILO - Calculations based on information from ILO textual sources","SDG indicator 8.8.2 - Level of national compliance with labour rights (freedom of association and collective bargaining)","2019",0.86,
"Georgia","ILO - Calculations based on information from ILO textual sources","SDG indicator 8.8.2 - Level of national compliance with labour rights (freedom of association and collective bargaining)","2018",0.86,
"Georgia","ILO - Calculations based on information from ILO textual sources","SDG indicator 8.8.2 - Level of national compliance with labour rights (freedom of association and collective bargaining)","2017",0.86,
"Georgia","ILO - Calculations based on information from ILO textual sources","SDG indicator 8.8.2 - Level of national compliance with labour rights (freedom of association and collective bargaining)","2016",0.53,
"Georgia","ILO - Calculations based on information from ILO textual sources","SDG indicator 8.8.2 - Level of national compliance with labour rights (freedom of association and collective bargaining)","2015",1.22,
"Ghana","ILO - Calculations based on information from ILO textual sources","SDG indicator 8.8.2 - Level of national compliance with labour rights (freedom of association and collective bargaining)","2023",1.81,
"Ghana","ILO - Calculations based on information from ILO textual sources","SDG indicator 8.8.2 - Level of national compliance with labour rights (freedom of association and collective bargaining)","2022",1.81,
"Ghana","ILO - Calculations based on information from ILO textual sources","SDG indicator 8.8.2 - Level of national compliance with labour rights (freedom of association and collective bargaining)","2021",1.81,
"Ghana","ILO - Calculations based on information from ILO textual sources","SDG indicator 8.8.2 - Level of national compliance with labour rights (freedom of association and collective bargaining)","2020",1.62,
"Ghana","ILO - Calculations based on information from ILO textual sources","SDG indicator 8.8.2 - Level of national compliance with labour rights (freedom of association and collective bargaining)","2019",1.62,
"Ghana","ILO - Calculations based on information from ILO textual sources","SDG indicator 8.8.2 - Level of national compliance with labour rights (freedom of association and collective bargaining)","2018",1.62,
"Ghana","ILO - Calculations based on information from ILO textual sources","SDG indicator 8.8.2 - Level of national compliance with labour rights (freedom of association and collective bargaining)","2017",1.62,
"Ghana","ILO - Calculations based on information from ILO textual sources","SDG indicator 8.8.2 - Level of national compliance with labour rights (freedom of association and collective bargaining)","2016",1.62,
"Ghana","ILO - Calculations based on information from ILO textual sources","SDG indicator 8.8.2 - Level of national compliance with labour rights (freedom of association and collective bargaining)","2015",1.62,
"Guinea","ILO - Calculations based on information from ILO textual sources","SDG indicator 8.8.2 - Level of national compliance with labour rights (freedom of association and collective bargaining)","2023",1.81,
"Guinea","ILO - Calculations based on information from ILO textual sources","SDG indicator 8.8.2 - Level of national compliance with labour rights (freedom of association and collective bargaining)","2022",0.67,"Remarks: The score should be treated with care due to the possibility of insufficient information in the textual sources, based on comparison with an externally produced indicator (see Metadata, point 4.f.)"
"Guinea","ILO - Calculations based on information from ILO textual sources","SDG indicator 8.8.2 - Level of national compliance with labour rights (freedom of association and collective bargaining)","2021",0.67,"Remarks: The score should be treated with care due to the possibility of insufficient information in the textual sources, based on comparison with an externally produced indicator (see Metadata, point 4.f.)"
"Guinea","ILO - Calculations based on information from ILO textual sources","SDG indicator 8.8.2 - Level of national compliance with labour rights (freedom of association and collective bargaining)","2020",0.67,"Remarks: The score should be treated with care due to the possibility of insufficient information in the textual sources, based on comparison with an externally produced indicator (see Metadata, point 4.f.)"
"Guinea","ILO - Calculations based on information from ILO textual sources","SDG indicator 8.8.2 - Level of national compliance with labour rights (freedom of association and collective bargaining)","2019",0.67,"Remarks: The score should be treated with care due to the possibility of insufficient information in the textual sources, based on comparison with an externally produced indicator (see Metadata, point 4.f.)"
"Guinea","ILO - Calculations based on information from ILO textual sources","SDG indicator 8.8.2 - Level of national compliance with labour rights (freedom of association and collective bargaining)","2018",0.67,
"Guinea","ILO - Calculations based on information from ILO textual sources","SDG indicator 8.8.2 - Level of national compliance with labour rights (freedom of association and collective bargaining)","2017",0.67,"Remarks: The score should be treated with care due to the possibility of insufficient information in the textual sources, based on comparison with an externally produced indicator (see Metadata, point 4.f.)"
"Guinea","ILO - Calculations based on information from ILO textual sources","SDG indicator 8.8.2 - Level of national compliance with labour rights (freedom of association and collective bargaining)","2016",0.49,"Remarks: The score should be treated with care due to the possibility of insufficient information in the textual sources, based on comparison with an externally produced indicator (see Metadata, point 4.f.)"
"Guinea","ILO - Calculations based on information from ILO textual sources","SDG indicator 8.8.2 - Level of national compliance with labour rights (freedom of association and collective bargaining)","2015",0,
"Gambia","ILO - Calculations based on information from ILO textual sources","SDG indicator 8.8.2 - Level of national compliance with labour rights (freedom of association and collective bargaining)","2023",1.64,
"Gambia","ILO - Calculations based on information from ILO textual sources","SDG indicator 8.8.2 - Level of national compliance with labour rights (freedom of association and collective bargaining)","2022",1.64,
"Gambia","ILO - Calculations based on information from ILO textual sources","SDG indicator 8.8.2 - Level of national compliance with labour rights (freedom of association and collective bargaining)","2021",1.64,
"Gambia","ILO - Calculations based on information from ILO textual sources","SDG indicator 8.8.2 - Level of national compliance with labour rights (freedom of association and collective bargaining)","2020",1.64,
"Gambia","ILO - Calculations based on information from ILO textual sources","SDG indicator 8.8.2 - Level of national compliance with labour rights (freedom of association and collective bargaining)","2019",1.64,
"Gambia","ILO - Calculations based on information from ILO textual sources","SDG indicator 8.8.2 - Level of national compliance with labour rights (freedom of association and collective bargaining)","2018",1.64,"Remarks: The score should be treated with care due to the possibility of insufficient information in the textual sources, based on comparison with an externally produced indicator (see Metadata, point 4.f.)"
"Gambia","ILO - Calculations based on information from ILO textual sources","SDG indicator 8.8.2 - Level of national compliance with labour rights (freedom of association and collective bargaining)","2017",1.64,"Remarks: The score should be treated with care due to the possibility of insufficient information in the textual sources, based on comparison with an externally produced indicator (see Metadata, point 4.f.)"
"Gambia","ILO - Calculations based on information from ILO textual sources","SDG indicator 8.8.2 - Level of national compliance with labour rights (freedom of association and collective bargaining)","2016",1.64,"Remarks: The score should be treated with care due to the possibility of insufficient information in the textual sources, based on comparison with an externally produced indicator (see Metadata, point 4.f.)"
"Gambia","ILO - Calculations based on information from ILO textual sources","SDG indicator 8.8.2 - Level of national compliance with labour rights (freedom of association and collective bargaining)","2015",1.64,"Remarks: The score should be treated with care due to the possibility of insufficient information in the textual sources, based on comparison with an externally produced indicator (see Metadata, point 4.f.)"
"Guinea-Bissau","ILO - Calculations based on information from ILO textual sources","SDG indicator 8.8.2 - Level of national compliance with labour rights (freedom of association and collective bargaining)","2023",3.17,
"Guinea-Bissau","ILO - Calculations based on information from ILO textual sources","SDG indicator 8.8.2 - Level of national compliance with labour rights (freedom of association and collective bargaining)","2022",3.17,
"Guinea-Bissau","ILO - Calculations based on information from ILO textual sources","SDG indicator 8.8.2 - Level of national compliance with labour rights (freedom of association and collective bargaining)","2021",3,
"Guinea-Bissau","ILO - Calculations based on information from ILO textual sources","SDG indicator 8.8.2 - Level of national compliance with labour rights (freedom of association and collective bargaining)","2020",2.83,
"Guinea-Bissau","ILO - Calculations based on information from ILO textual sources","SDG indicator 8.8.2 - Level of national compliance with labour rights (freedom of association and collective bargaining)","2019",2.83,
"Guinea-Bissau","ILO - Calculations based on information from ILO textual sources","SDG indicator 8.8.2 - Level of national compliance with labour rights (freedom of association and collective bargaining)","2018",2.64,
"Guinea-Bissau","ILO - Calculations based on information from ILO textual sources","SDG indicator 8.8.2 - Level of national compliance with labour rights (freedom of association and collective bargaining)","2017",2.64,
"Guinea-Bissau","ILO - Calculations based on information from ILO textual sources","SDG indicator 8.8.2 - Level of national compliance with labour rights (freedom of association and collective bargaining)","2016",2.64,
"Guinea-Bissau","ILO - Calculations based on information from ILO textual sources","SDG indicator 8.8.2 - Level of national compliance with labour rights (freedom of association and collective bargaining)","2015",2.83,
"Equatorial Guinea","ILO - Calculations based on information from ILO textual sources","SDG indicator 8.8.2 - Level of national compliance with labour rights (freedom of association and collective bargaining)","2023",4.8,"Remarks: The score should be treated with care due to the possibility of insufficient information in the textual sources, based on comparison with an externally produced indicator (see Metadata, point 4.f.)"
"Equatorial Guinea","ILO - Calculations based on information from ILO textual sources","SDG indicator 8.8.2 - Level of national compliance with labour rights (freedom of association and collective bargaining)","2022",4.62,"Remarks: The score should be treated with care due to the possibility of insufficient information in the textual sources, based on comparison with an externally produced indicator (see Metadata, point 4.f.)"
"Equatorial Guinea","ILO - Calculations based on information from ILO textual sources","SDG indicator 8.8.2 - Level of national compliance with labour rights (freedom of association and collective bargaining)","2021",4.62,"Remarks: The score should be treated with care due to the possibility of insufficient information in the textual sources, based on comparison with an externally produced indicator (see Metadata, point 4.f.)"
"Equatorial Guinea","ILO - Calculations based on information from ILO textual sources","SDG indicator 8.8.2 - Level of national compliance with labour rights (freedom of association and collective bargaining)","2020",4.62,"Remarks: The score should be treated with care due to the possibility of insufficient information in the textual sources, based on comparison with an externally produced indicator (see Metadata, point 4.f.)"
"Equatorial Guinea","ILO - Calculations based on information from ILO textual sources","SDG indicator 8.8.2 - Level of national compliance with labour rights (freedom of association and collective bargaining)","2019",4.62,"Remarks: The score should be treated with care due to the possibility of insufficient information in the textual sources, based on comparison with an externally produced indicator (see Metadata, point 4.f.)"
"Equatorial Guinea","ILO - Calculations based on information from ILO textual sources","SDG indicator 8.8.2 - Level of national compliance with labour rights (freedom of association and collective bargaining)","2018",4.62,"Remarks: The score should be treated with care due to the possibility of insufficient information in the textual sources, based on comparison with an externally produced indicator (see Metadata, point 4.f.)"
"Equatorial Guinea","ILO - Calculations based on information from ILO textual sources","SDG indicator 8.8.2 - Level of national compliance with labour rights (freedom of association and collective bargaining)","2017",4.62,"Remarks: The score should be treated with care due to the possibility of insufficient information in the textual sources, based on comparison with an externally produced indicator (see Metadata, point 4.f.)"
"Equatorial Guinea","ILO - Calculations based on information from ILO textual sources","SDG indicator 8.8.2 - Level of national compliance with labour rights (freedom of association and collective bargaining)","2016",4.62,"Remarks: The score should be treated with care due to the possibility of insufficient information in the textual sources, based on comparison with an externally produced indicator (see Metadata, point 4.f.)"
"Equatorial Guinea","ILO - Calculations based on information from ILO textual sources","SDG indicator 8.8.2 - Level of national compliance with labour rights (freedom of association and collective bargaining)","2015",4.62,"Remarks: The score should be treated with care due to the possibility of insufficient information in the textual sources, based on comparison with an externally produced indicator (see Metadata, point 4.f.)"
"Greece","ILO - Calculations based on information from ILO textual sources","SDG indicator 8.8.2 - Level of national compliance with labour rights (freedom of association and collective bargaining)","2023",0.85,
"Greece","ILO - Calculations based on information from ILO textual sources","SDG indicator 8.8.2 - Level of national compliance with labour rights (freedom of association and collective bargaining)","2022",0.85,
"Greece","ILO - Calculations based on information from ILO textual sources","SDG indicator 8.8.2 - Level of national compliance with labour rights (freedom of association and collective bargaining)","2021",0.85,
"Greece","ILO - Calculations based on information from ILO textual sources","SDG indicator 8.8.2 - Level of national compliance with labour rights (freedom of association and collective bargaining)","2020",0.85,
"Greece","ILO - Calculations based on information from ILO textual sources","SDG indicator 8.8.2 - Level of national compliance with labour rights (freedom of association and collective bargaining)","2019",0.85,
"Greece","ILO - Calculations based on information from ILO textual sources","SDG indicator 8.8.2 - Level of national compliance with labour rights (freedom of association and collective bargaining)","2018",0.85,
"Greece","ILO - Calculations based on information from ILO textual sources","SDG indicator 8.8.2 - Level of national compliance with labour rights (freedom of association and collective bargaining)","2017",1,
"Greece","ILO - Calculations based on information from ILO textual sources","SDG indicator 8.8.2 - Level of national compliance with labour rights (freedom of association and collective bargaining)","2016",1.02,
"Greece","ILO - Calculations based on information from ILO textual sources","SDG indicator 8.8.2 - Level of national compliance with labour rights (freedom of association and collective bargaining)","2015",1.02,
"Grenada","ILO - Calculations based on information from ILO textual sources","SDG indicator 8.8.2 - Level of national compliance with labour rights (freedom of association and collective bargaining)","2023",0.54,
"Grenada","ILO - Calculations based on information from ILO textual sources","SDG indicator 8.8.2 - Level of national compliance with labour rights (freedom of association and collective bargaining)","2022",0.54,
"Grenada","ILO - Calculations based on information from ILO textual sources","SDG indicator 8.8.2 - Level of national compliance with labour rights (freedom of association and collective bargaining)","2021",0.54,
"Grenada","ILO - Calculations based on information from ILO textual sources","SDG indicator 8.8.2 - Level of national compliance with labour rights (freedom of association and collective bargaining)","2020",0.71,
"Grenada","ILO - Calculations based on information from ILO textual sources","SDG indicator 8.8.2 - Level of national compliance with labour rights (freedom of association and collective bargaining)","2019",0.71,
"Grenada","ILO - Calculations based on information from ILO textual sources","SDG indicator 8.8.2 - Level of national compliance with labour rights (freedom of association and collective bargaining)","2018",0.71,
"Grenada","ILO - Calculations based on information from ILO textual sources","SDG indicator 8.8.2 - Level of national compliance with labour rights (freedom of association and collective bargaining)","2017",0.71,
"Grenada","ILO - Calculations based on information from ILO textual sources","SDG indicator 8.8.2 - Level of national compliance with labour rights (freedom of association and collective bargaining)","2016",0.71,
"Grenada","ILO - Calculations based on information from ILO textual sources","SDG indicator 8.8.2 - Level of national compliance with labour rights (freedom of association and collective bargaining)","2015",0.71,
"Guatemala","ILO - Calculations based on information from ILO textual sources","SDG indicator 8.8.2 - Level of national compliance with labour rights (freedom of association and collective bargaining)","2023",6.88,
"Guatemala","ILO - Calculations based on information from ILO textual sources","SDG indicator 8.8.2 - Level of national compliance with labour rights (freedom of association and collective bargaining)","2022",6.75,
"Guatemala","ILO - Calculations based on information from ILO textual sources","SDG indicator 8.8.2 - Level of national compliance with labour rights (freedom of association and collective bargaining)","2021",6.15,
"Guatemala","ILO - Calculations based on information from ILO textual sources","SDG indicator 8.8.2 - Level of national compliance with labour rights (freedom of association and collective bargaining)","2020",5.38,
"Guatemala","ILO - Calculations based on information from ILO textual sources","SDG indicator 8.8.2 - Level of national compliance with labour rights (freedom of association and collective bargaining)","2019",5.39,
"Guatemala","ILO - Calculations based on information from ILO textual sources","SDG indicator 8.8.2 - Level of national compliance with labour rights (freedom of association and collective bargaining)","2018",5.04,
"Guatemala","ILO - Calculations based on information from ILO textual sources","SDG indicator 8.8.2 - Level of national compliance with labour rights (freedom of association and collective bargaining)","2017",4.84,
"Guatemala","ILO - Calculations based on information from ILO textual sources","SDG indicator 8.8.2 - Level of national compliance with labour rights (freedom of association and collective bargaining)","2016",5.79,
"Guatemala","ILO - Calculations based on information from ILO textual sources","SDG indicator 8.8.2 - Level of national compliance with labour rights (freedom of association and collective bargaining)","2015",5.94,
"Guyana","ILO - Calculations based on information from ILO textual sources","SDG indicator 8.8.2 - Level of national compliance with labour rights (freedom of association and collective bargaining)","2023",0.53,
"Guyana","ILO - Calculations based on information from ILO textual sources","SDG indicator 8.8.2 - Level of national compliance with labour rights (freedom of association and collective bargaining)","2022",0.53,
"Guyana","ILO - Calculations based on information from ILO textual sources","SDG indicator 8.8.2 - Level of national compliance with labour rights (freedom of association and collective bargaining)","2021",0.53,
"Guyana","ILO - Calculations based on information from ILO textual sources","SDG indicator 8.8.2 - Level of national compliance with labour rights (freedom of association and collective bargaining)","2020",0.53,
"Guyana","ILO - Calculations based on information from ILO textual sources","SDG indicator 8.8.2 - Level of national compliance with labour rights (freedom of association and collective bargaining)","2019",0.53,
"Guyana","ILO - Calculations based on information from ILO textual sources","SDG indicator 8.8.2 - Level of national compliance with labour rights (freedom of association and collective bargaining)","2018",0.53,
"Guyana","ILO - Calculations based on information from ILO textual sources","SDG indicator 8.8.2 - Level of national compliance with labour rights (freedom of association and collective bargaining)","2017",0.53,
"Guyana","ILO - Calculations based on information from ILO textual sources","SDG indicator 8.8.2 - Level of national compliance with labour rights (freedom of association and collective bargaining)","2016",0.53,
"Guyana","ILO - Calculations based on information from ILO textual sources","SDG indicator 8.8.2 - Level of national compliance with labour rights (freedom of association and collective bargaining)","2015",0.53,
"Honduras","ILO - Calculations based on information from ILO textual sources","SDG indicator 8.8.2 - Level of national compliance with labour rights (freedom of association and collective bargaining)","2023",5.05,
"Honduras","ILO - Calculations based on information from ILO textual sources","SDG indicator 8.8.2 - Level of national compliance with labour rights (freedom of association and collective bargaining)","2022",3.74,
"Honduras","ILO - Calculations based on information from ILO textual sources","SDG indicator 8.8.2 - Level of national compliance with labour rights (freedom of association and collective bargaining)","2021",3.91,
"Honduras","ILO - Calculations based on information from ILO textual sources","SDG indicator 8.8.2 - Level of national compliance with labour rights (freedom of association and collective bargaining)","2020",4.52,
"Honduras","ILO - Calculations based on information from ILO textual sources","SDG indicator 8.8.2 - Level of national compliance with labour rights (freedom of association and collective bargaining)","2019",4.52,
"Honduras","ILO - Calculations based on information from ILO textual sources","SDG indicator 8.8.2 - Level of national compliance with labour rights (freedom of association and collective bargaining)","2018",4.87,
"Honduras","ILO - Calculations based on information from ILO textual sources","SDG indicator 8.8.2 - Level of national compliance with labour rights (freedom of association and collective bargaining)","2017",3.93,
"Honduras","ILO - Calculations based on information from ILO textual sources","SDG indicator 8.8.2 - Level of national compliance with labour rights (freedom of association and collective bargaining)","2016",3.34,
"Honduras","ILO - Calculations based on information from ILO textual sources","SDG indicator 8.8.2 - Level of national compliance with labour rights (freedom of association and collective bargaining)","2015",3.71,
"Croatia","ILO - Calculations based on information from ILO textual sources","SDG indicator 8.8.2 - Level of national compliance with labour rights (freedom of association and collective bargaining)","2023",1.12,
"Croatia","ILO - Calculations based on information from ILO textual sources","SDG indicator 8.8.2 - Level of national compliance with labour rights (freedom of association and collective bargaining)","2022",1.12,
"Croatia","ILO - Calculations based on information from ILO textual sources","SDG indicator 8.8.2 - Level of national compliance with labour rights (freedom of association and collective bargaining)","2021",1.12,
"Croatia","ILO - Calculations based on information from ILO textual sources","SDG indicator 8.8.2 - Level of national compliance with labour rights (freedom of association and collective bargaining)","2020",1.12,
"Croatia","ILO - Calculations based on information from ILO textual sources","SDG indicator 8.8.2 - Level of national compliance with labour rights (freedom of association and collective bargaining)","2019",1.12,
"Croatia","ILO - Calculations based on information from ILO textual sources","SDG indicator 8.8.2 - Level of national compliance with labour rights (freedom of association and collective bargaining)","2018",1.12,
"Croatia","ILO - Calculations based on information from ILO textual sources","SDG indicator 8.8.2 - Level of national compliance with labour rights (freedom of association and collective bargaining)","2017",1.12,
"Croatia","ILO - Calculations based on information from ILO textual sources","SDG indicator 8.8.2 - Level of national compliance with labour rights (freedom of association and collective bargaining)","2016",0.57,
"Croatia","ILO - Calculations based on information from ILO textual sources","SDG indicator 8.8.2 - Level of national compliance with labour rights (freedom of association and collective bargaining)","2015",0.57,
"Haiti","ILO - Calculations based on information from ILO textual sources","SDG indicator 8.8.2 - Level of national compliance with labour rights (freedom of association and collective bargaining)","2023",1.62,"Remarks: The score should be treated with care due to the possibility of insufficient information in the textual sources, based on comparison with an externally produced indicator (see Metadata, point 4.f.)"
"Haiti","ILO - Calculations based on information from ILO textual sources","SDG indicator 8.8.2 - Level of national compliance with labour rights (freedom of association and collective bargaining)","2022",1.62,"Remarks: The score should be treated with care due to the possibility of insufficient information in the textual sources, based on comparison with an externally produced indicator (see Metadata, point 4.f.)"
"Haiti","ILO - Calculations based on information from ILO textual sources","SDG indicator 8.8.2 - Level of national compliance with labour rights (freedom of association and collective bargaining)","2021",1.62,"Remarks: The score should be treated with care due to the possibility of insufficient information in the textual sources, based on comparison with an externally produced indicator (see Metadata, point 4.f.)"
"Haiti","ILO - Calculations based on information from ILO textual sources","SDG indicator 8.8.2 - Level of national compliance with labour rights (freedom of association and collective bargaining)","2020",1.62,"Remarks: The score should be treated with care due to the possibility of insufficient information in the textual sources, based on comparison with an externally produced indicator (see Metadata, point 4.f.)"
"Haiti","ILO - Calculations based on information from ILO textual sources","SDG indicator 8.8.2 - Level of national compliance with labour rights (freedom of association and collective bargaining)","2019",1.62,"Remarks: The score should be treated with care due to the possibility of insufficient information in the textual sources, based on comparison with an externally produced indicator (see Metadata, point 4.f.)"
"Haiti","ILO - Calculations based on information from ILO textual sources","SDG indicator 8.8.2 - Level of national compliance with labour rights (freedom of association and collective bargaining)","2018",1.62,"Remarks: The score should be treated with care due to the possibility of insufficient information in the textual sources, based on comparison with an externally produced indicator (see Metadata, point 4.f.)"
"Haiti","ILO - Calculations based on information from ILO textual sources","SDG indicator 8.8.2 - Level of national compliance with labour rights (freedom of association and collective bargaining)","2017",1.62,"Remarks: The score should be treated with care due to the possibility of insufficient information in the textual sources, based on comparison with an externally produced indicator (see Metadata, point 4.f.)"
"Haiti","ILO - Calculations based on information from ILO textual sources","SDG indicator 8.8.2 - Level of national compliance with labour rights (freedom of association and collective bargaining)","2016",1.43,"Remarks: The score should be treated with care due to the possibility of insufficient information in the textual sources, based on comparison with an externally produced indicator (see Metadata, point 4.f.)"
"Haiti","ILO - Calculations based on information from ILO textual sources","SDG indicator 8.8.2 - Level of national compliance with labour rights (freedom of association and collective bargaining)","2015",1.43,"Remarks: The score should be treated with care due to the possibility of insufficient information in the textual sources, based on comparison with an externally produced indicator (see Metadata, point 4.f.)"
"Hungary","ILO - Calculations based on information from ILO textual sources","SDG indicator 8.8.2 - Level of national compliance with labour rights (freedom of association and collective bargaining)","2023",1.6,
"Hungary","ILO - Calculations based on information from ILO textual sources","SDG indicator 8.8.2 - Level of national compliance with labour rights (freedom of association and collective bargaining)","2022",1.43,
"Hungary","ILO - Calculations based on information from ILO textual sources","SDG indicator 8.8.2 - Level of national compliance with labour rights (freedom of association and collective bargaining)","2021",1.41,
"Hungary","ILO - Calculations based on information from ILO textual sources","SDG indicator 8.8.2 - Level of national compliance with labour rights (freedom of association and collective bargaining)","2020",0.72,
"Hungary","ILO - Calculations based on information from ILO textual sources","SDG indicator 8.8.2 - Level of national compliance with labour rights (freedom of association and collective bargaining)","2019",0.72,
"Hungary","ILO - Calculations based on information from ILO textual sources","SDG indicator 8.8.2 - Level of national compliance with labour rights (freedom of association and collective bargaining)","2018",0.72,
"Hungary","ILO - Calculations based on information from ILO textual sources","SDG indicator 8.8.2 - Level of national compliance with labour rights (freedom of association and collective bargaining)","2017",0.72,
"Hungary","ILO - Calculations based on information from ILO textual sources","SDG indicator 8.8.2 - Level of national compliance with labour rights (freedom of association and collective bargaining)","2016",0.53,
"Hungary","ILO - Calculations based on information from ILO textual sources","SDG indicator 8.8.2 - Level of national compliance with labour rights (freedom of association and collective bargaining)","2015",0.89,
"Indonesia","ILO - Calculations based on information from ILO textual sources","SDG indicator 8.8.2 - Level of national compliance with labour rights (freedom of association and collective bargaining)","2023",2.02,
"Indonesia","ILO - Calculations based on information from ILO textual sources","SDG indicator 8.8.2 - Level of national compliance with labour rights (freedom of association and collective bargaining)","2022",2.36,
"Indonesia","ILO - Calculations based on information from ILO textual sources","SDG indicator 8.8.2 - Level of national compliance with labour rights (freedom of association and collective bargaining)","2021",1.32,
"Indonesia","ILO - Calculations based on information from ILO textual sources","SDG indicator 8.8.2 - Level of national compliance with labour rights (freedom of association and collective bargaining)","2020",1.51,
"Indonesia","ILO - Calculations based on information from ILO textual sources","SDG indicator 8.8.2 - Level of national compliance with labour rights (freedom of association and collective bargaining)","2019",2.46,
"Indonesia","ILO - Calculations based on information from ILO textual sources","SDG indicator 8.8.2 - Level of national compliance with labour rights (freedom of association and collective bargaining)","2018",2.49,
"Indonesia","ILO - Calculations based on information from ILO textual sources","SDG indicator 8.8.2 - Level of national compliance with labour rights (freedom of association and collective bargaining)","2017",2.49,
"Indonesia","ILO - Calculations based on information from ILO textual sources","SDG indicator 8.8.2 - Level of national compliance with labour rights (freedom of association and collective bargaining)","2016",2.28,
"Indonesia","ILO - Calculations based on information from ILO textual sources","SDG indicator 8.8.2 - Level of national compliance with labour rights (freedom of association and collective bargaining)","2015",3.96,
"India","ILO - Calculations based on information from ILO textual sources","SDG indicator 8.8.2 - Level of national compliance with labour rights (freedom of association and collective bargaining)","2023",4.45,
"India","ILO - Calculations based on information from ILO textual sources","SDG indicator 8.8.2 - Level of national compliance with labour rights (freedom of association and collective bargaining)","2022",4.78,
"India","ILO - Calculations based on information from ILO textual sources","SDG indicator 8.8.2 - Level of national compliance with labour rights (freedom of association and collective bargaining)","2021",3.48,
"India","ILO - Calculations based on information from ILO textual sources","SDG indicator 8.8.2 - Level of national compliance with labour rights (freedom of association and collective bargaining)","2020",3.48,
"India","ILO - Calculations based on information from ILO textual sources","SDG indicator 8.8.2 - Level of national compliance with labour rights (freedom of association and collective bargaining)","2019",3.84,
"India","ILO - Calculations based on information from ILO textual sources","SDG indicator 8.8.2 - Level of national compliance with labour rights (freedom of association and collective bargaining)","2018",4.75,
"India","ILO - Calculations based on information from ILO textual sources","SDG indicator 8.8.2 - Level of national compliance with labour rights (freedom of association and collective bargaining)","2017",5.1,
"India","ILO - Calculations based on information from ILO textual sources","SDG indicator 8.8.2 - Level of national compliance with labour rights (freedom of association and collective bargaining)","2016",5.29,
"India","ILO - Calculations based on information from ILO textual sources","SDG indicator 8.8.2 - Level of national compliance with labour rights (freedom of association and collective bargaining)","2015",4.93,
"Ireland","ILO - Calculations based on information from ILO textual sources","SDG indicator 8.8.2 - Level of national compliance with labour rights (freedom of association and collective bargaining)","2023",0,
"Ireland","ILO - Calculations based on information from ILO textual sources","SDG indicator 8.8.2 - Level of national compliance with labour rights (freedom of association and collective bargaining)","2022",0,
"Ireland","ILO - Calculations based on information from ILO textual sources","SDG indicator 8.8.2 - Level of national compliance with labour rights (freedom of association and collective bargaining)","2021",0,
"Ireland","ILO - Calculations based on information from ILO textual sources","SDG indicator 8.8.2 - Level of national compliance with labour rights (freedom of association and collective bargaining)","2020",0,
"Ireland","ILO - Calculations based on information from ILO textual sources","SDG indicator 8.8.2 - Level of national compliance with labour rights (freedom of association and collective bargaining)","2019",0,
"Ireland","ILO - Calculations based on information from ILO textual sources","SDG indicator 8.8.2 - Level of national compliance with labour rights (freedom of association and collective bargaining)","2018",0,
"Ireland","ILO - Calculations based on information from ILO textual sources","SDG indicator 8.8.2 - Level of national compliance with labour rights (freedom of association and collective bargaining)","2017",0,
"Ireland","ILO - Calculations based on information from ILO textual sources","SDG indicator 8.8.2 - Level of national compliance with labour rights (freedom of association and collective bargaining)","2016",0.72,
"Ireland","ILO - Calculations based on information from ILO textual sources","SDG indicator 8.8.2 - Level of national compliance with labour rights (freedom of association and collective bargaining)","2015",0.72,
"Iran (Islamic Republic of)","ILO - Calculations based on information from ILO textual sources","SDG indicator 8.8.2 - Level of national compliance with labour rights (freedom of association and collective bargaining)","2023",10,
"Iran (Islamic Republic of)","ILO - Calculations based on information from ILO textual sources","SDG indicator 8.8.2 - Level of national compliance with labour rights (freedom of association and collective bargaining)","2022",10,
"Iran (Islamic Republic of)","ILO - Calculations based on information from ILO textual sources","SDG indicator 8.8.2 - Level of national compliance with labour rights (freedom of association and collective bargaining)","2021",9.96,
"Iran (Islamic Republic of)","ILO - Calculations based on information from ILO textual sources","SDG indicator 8.8.2 - Level of national compliance with labour rights (freedom of association and collective bargaining)","2020",9.96,
"Iran (Islamic Republic of)","ILO - Calculations based on information from ILO textual sources","SDG indicator 8.8.2 - Level of national compliance with labour rights (freedom of association and collective bargaining)","2019",9.25,
"Iran (Islamic Republic of)","ILO - Calculations based on information from ILO textual sources","SDG indicator 8.8.2 - Level of national compliance with labour rights (freedom of association and collective bargaining)","2018",10,
"Iran (Islamic Republic of)","ILO - Calculations based on information from ILO textual sources","SDG indicator 8.8.2 - Level of national compliance with labour rights (freedom of association and collective bargaining)","2017",10,
"Iran (Islamic Republic of)","ILO - Calculations based on information from ILO textual sources","SDG indicator 8.8.2 - Level of national compliance with labour rights (freedom of association and collective bargaining)","2016",10,
"Iran (Islamic Republic of)","ILO - Calculations based on information from ILO textual sources","SDG indicator 8.8.2 - Level of national compliance with labour rights (freedom of association and collective bargaining)","2015",9.23,
"Iraq","ILO - Calculations based on information from ILO textual sources","SDG indicator 8.8.2 - Level of national compliance with labour rights (freedom of association and collective bargaining)","2023",7.39,
"Iraq","ILO - Calculations based on information from ILO textual sources","SDG indicator 8.8.2 - Level of national compliance with labour rights (freedom of association and collective bargaining)","2022",7.18,
"Iraq","ILO - Calculations based on information from ILO textual sources","SDG indicator 8.8.2 - Level of national compliance with labour rights (freedom of association and collective bargaining)","2021",7.18,
"Iraq","ILO - Calculations based on information from ILO textual sources","SDG indicator 8.8.2 - Level of national compliance with labour rights (freedom of association and collective bargaining)","2020",6.48,
"Iraq","ILO - Calculations based on information from ILO textual sources","SDG indicator 8.8.2 - Level of national compliance with labour rights (freedom of association and collective bargaining)","2019",6.48,
"Iraq","ILO - Calculations based on information from ILO textual sources","SDG indicator 8.8.2 - Level of national compliance with labour rights (freedom of association and collective bargaining)","2018",6.48,
"Iraq","ILO - Calculations based on information from ILO textual sources","SDG indicator 8.8.2 - Level of national compliance with labour rights (freedom of association and collective bargaining)","2017",6.28,
"Iraq","ILO - Calculations based on information from ILO textual sources","SDG indicator 8.8.2 - Level of national compliance with labour rights (freedom of association and collective bargaining)","2016",6.48,
"Iraq","ILO - Calculations based on information from ILO textual sources","SDG indicator 8.8.2 - Level of national compliance with labour rights (freedom of association and collective bargaining)","2015",6.48,
"Iceland","ILO - Calculations based on information from ILO textual sources","SDG indicator 8.8.2 - Level of national compliance with labour rights (freedom of association and collective bargaining)","2023",0,
"Iceland","ILO - Calculations based on information from ILO textual sources","SDG indicator 8.8.2 - Level of national compliance with labour rights (freedom of association and collective bargaining)","2022",0,
"Iceland","ILO - Calculations based on information from ILO textual sources","SDG indicator 8.8.2 - Level of national compliance with labour rights (freedom of association and collective bargaining)","2021",0,
"Iceland","ILO - Calculations based on information from ILO textual sources","SDG indicator 8.8.2 - Level of national compliance with labour rights (freedom of association and collective bargaining)","2020",0,
"Iceland","ILO - Calculations based on information from ILO textual sources","SDG indicator 8.8.2 - Level of national compliance with labour rights (freedom of association and collective bargaining)","2019",0,
"Iceland","ILO - Calculations based on information from ILO textual sources","SDG indicator 8.8.2 - Level of national compliance with labour rights (freedom of association and collective bargaining)","2018",0,
"Iceland","ILO - Calculations based on information from ILO textual sources","SDG indicator 8.8.2 - Level of national compliance with labour rights (freedom of association and collective bargaining)","2017",0,
"Iceland","ILO - Calculations based on information from ILO textual sources","SDG indicator 8.8.2 - Level of national compliance with labour rights (freedom of association and collective bargaining)","2016",0.18,
"Iceland","ILO - Calculations based on information from ILO textual sources","SDG indicator 8.8.2 - Level of national compliance with labour rights (freedom of association and collective bargaining)","2015",0.18,
"Israel","ILO - Calculations based on information from ILO textual sources","SDG indicator 8.8.2 - Level of national compliance with labour rights (freedom of association and collective bargaining)","2023",0,
"Israel","ILO - Calculations based on information from ILO textual sources","SDG indicator 8.8.2 - Level of national compliance with labour rights (freedom of association and collective bargaining)","2022",0,
"Israel","ILO - Calculations based on information from ILO textual sources","SDG indicator 8.8.2 - Level of national compliance with labour rights (freedom of association and collective bargaining)","2021",0,
"Israel","ILO - Calculations based on information from ILO textual sources","SDG indicator 8.8.2 - Level of national compliance with labour rights (freedom of association and collective bargaining)","2020",0,
"Israel","ILO - Calculations based on information from ILO textual sources","SDG indicator 8.8.2 - Level of national compliance with labour rights (freedom of association and collective bargaining)","2019",0,
"Israel","ILO - Calculations based on information from ILO textual sources","SDG indicator 8.8.2 - Level of national compliance with labour rights (freedom of association and collective bargaining)","2018",0,
"Israel","ILO - Calculations based on information from ILO textual sources","SDG indicator 8.8.2 - Level of national compliance with labour rights (freedom of association and collective bargaining)","2017",0,
"Israel","ILO - Calculations based on information from ILO textual sources","SDG indicator 8.8.2 - Level of national compliance with labour rights (freedom of association and collective bargaining)","2016",0,
"Israel","ILO - Calculations based on information from ILO textual sources","SDG indicator 8.8.2 - Level of national compliance with labour rights (freedom of association and collective bargaining)","2015",0,
"Italy","ILO - Calculations based on information from ILO textual sources","SDG indicator 8.8.2 - Level of national compliance with labour rights (freedom of association and collective bargaining)","2023",0,
"Italy","ILO - Calculations based on information from ILO textual sources","SDG indicator 8.8.2 - Level of national compliance with labour rights (freedom of association and collective bargaining)","2022",0,
"Italy","ILO - Calculations based on information from ILO textual sources","SDG indicator 8.8.2 - Level of national compliance with labour rights (freedom of association and collective bargaining)","2021",0,
"Italy","ILO - Calculations based on information from ILO textual sources","SDG indicator 8.8.2 - Level of national compliance with labour rights (freedom of association and collective bargaining)","2020",0,
"Italy","ILO - Calculations based on information from ILO textual sources","SDG indicator 8.8.2 - Level of national compliance with labour rights (freedom of association and collective bargaining)","2019",0,
"Italy","ILO - Calculations based on information from ILO textual sources","SDG indicator 8.8.2 - Level of national compliance with labour rights (freedom of association and collective bargaining)","2018",0,
"Italy","ILO - Calculations based on information from ILO textual sources","SDG indicator 8.8.2 - Level of national compliance with labour rights (freedom of association and collective bargaining)","2017",0,
"Italy","ILO - Calculations based on information from ILO textual sources","SDG indicator 8.8.2 - Level of national compliance with labour rights (freedom of association and collective bargaining)","2016",0.54,
"Italy","ILO - Calculations based on information from ILO textual sources","SDG indicator 8.8.2 - Level of national compliance with labour rights (freedom of association and collective bargaining)","2015",0.54,
"Jamaica","ILO - Calculations based on information from ILO textual sources","SDG indicator 8.8.2 - Level of national compliance with labour rights (freedom of association and collective bargaining)","2023",1.23,
"Jamaica","ILO - Calculations based on information from ILO textual sources","SDG indicator 8.8.2 - Level of national compliance with labour rights (freedom of association and collective bargaining)","2022",1.23,
"Jamaica","ILO - Calculations based on information from ILO textual sources","SDG indicator 8.8.2 - Level of national compliance with labour rights (freedom of association and collective bargaining)","2021",1.23,
"Jamaica","ILO - Calculations based on information from ILO textual sources","SDG indicator 8.8.2 - Level of national compliance with labour rights (freedom of association and collective bargaining)","2020",1.23,
"Jamaica","ILO - Calculations based on information from ILO textual sources","SDG indicator 8.8.2 - Level of national compliance with labour rights (freedom of association and collective bargaining)","2019",1.23,
"Jamaica","ILO - Calculations based on information from ILO textual sources","SDG indicator 8.8.2 - Level of national compliance with labour rights (freedom of association and collective bargaining)","2018",1.23,
"Jamaica","ILO - Calculations based on information from ILO textual sources","SDG indicator 8.8.2 - Level of national compliance with labour rights (freedom of association and collective bargaining)","2017",1.23,
"Jamaica","ILO - Calculations based on information from ILO textual sources","SDG indicator 8.8.2 - Level of national compliance with labour rights (freedom of association and collective bargaining)","2016",1.23,
"Jamaica","ILO - Calculations based on information from ILO textual sources","SDG indicator 8.8.2 - Level of national compliance with labour rights (freedom of association and collective bargaining)","2015",1.23,
"Jordan","ILO - Calculations based on information from ILO textual sources","SDG indicator 8.8.2 - Level of national compliance with labour rights (freedom of association and collective bargaining)","2023",3.48,
"Jordan","ILO - Calculations based on information from ILO textual sources","SDG indicator 8.8.2 - Level of national compliance with labour rights (freedom of association and collective bargaining)","2022",3.1,
"Jordan","ILO - Calculations based on information from ILO textual sources","SDG indicator 8.8.2 - Level of national compliance with labour rights (freedom of association and collective bargaining)","2021",3.49,
"Jordan","ILO - Calculations based on information from ILO textual sources","SDG indicator 8.8.2 - Level of national compliance with labour rights (freedom of association and collective bargaining)","2020",2.91,
"Jordan","ILO - Calculations based on information from ILO textual sources","SDG indicator 8.8.2 - Level of national compliance with labour rights (freedom of association and collective bargaining)","2019",2.91,
"Jordan","ILO - Calculations based on information from ILO textual sources","SDG indicator 8.8.2 - Level of national compliance with labour rights (freedom of association and collective bargaining)","2018",2.91,
"Jordan","ILO - Calculations based on information from ILO textual sources","SDG indicator 8.8.2 - Level of national compliance with labour rights (freedom of association and collective bargaining)","2017",2.91,
"Jordan","ILO - Calculations based on information from ILO textual sources","SDG indicator 8.8.2 - Level of national compliance with labour rights (freedom of association and collective bargaining)","2016",3.1,
"Jordan","ILO - Calculations based on information from ILO textual sources","SDG indicator 8.8.2 - Level of national compliance with labour rights (freedom of association and collective bargaining)","2015",3.1,
"Japan","ILO - Calculations based on information from ILO textual sources","SDG indicator 8.8.2 - Level of national compliance with labour rights (freedom of association and collective bargaining)","2023",1.11,
"Japan","ILO - Calculations based on information from ILO textual sources","SDG indicator 8.8.2 - Level of national compliance with labour rights (freedom of association and collective bargaining)","2022",1.11,
"Japan","ILO - Calculations based on information from ILO textual sources","SDG indicator 8.8.2 - Level of national compliance with labour rights (freedom of association and collective bargaining)","2021",1.11,
"Japan","ILO - Calculations based on information from ILO textual sources","SDG indicator 8.8.2 - Level of national compliance with labour rights (freedom of association and collective bargaining)","2020",1.11,
"Japan","ILO - Calculations based on information from ILO textual sources","SDG indicator 8.8.2 - Level of national compliance with labour rights (freedom of association and collective bargaining)","2019",1.11,
"Japan","ILO - Calculations based on information from ILO textual sources","SDG indicator 8.8.2 - Level of national compliance with labour rights (freedom of association and collective bargaining)","2018",1.11,
"Japan","ILO - Calculations based on information from ILO textual sources","SDG indicator 8.8.2 - Level of national compliance with labour rights (freedom of association and collective bargaining)","2017",1.28,
"Japan","ILO - Calculations based on information from ILO textual sources","SDG indicator 8.8.2 - Level of national compliance with labour rights (freedom of association and collective bargaining)","2016",1.28,
"Japan","ILO - Calculations based on information from ILO textual sources","SDG indicator 8.8.2 - Level of national compliance with labour rights (freedom of association and collective bargaining)","2015",1.09,
"Kazakhstan","ILO - Calculations based on information from ILO textual sources","SDG indicator 8.8.2 - Level of national compliance with labour rights (freedom of association and collective bargaining)","2023",2.77,
"Kazakhstan","ILO - Calculations based on information from ILO textual sources","SDG indicator 8.8.2 - Level of national compliance with labour rights (freedom of association and collective bargaining)","2022",2.77,
"Kazakhstan","ILO - Calculations based on information from ILO textual sources","SDG indicator 8.8.2 - Level of national compliance with labour rights (freedom of association and collective bargaining)","2021",3.33,
"Kazakhstan","ILO - Calculations based on information from ILO textual sources","SDG indicator 8.8.2 - Level of national compliance with labour rights (freedom of association and collective bargaining)","2020",2.57,
"Kazakhstan","ILO - Calculations based on information from ILO textual sources","SDG indicator 8.8.2 - Level of national compliance with labour rights (freedom of association and collective bargaining)","2019",2.32,
"Kazakhstan","ILO - Calculations based on information from ILO textual sources","SDG indicator 8.8.2 - Level of national compliance with labour rights (freedom of association and collective bargaining)","2018",2.51,
"Kazakhstan","ILO - Calculations based on information from ILO textual sources","SDG indicator 8.8.2 - Level of national compliance with labour rights (freedom of association and collective bargaining)","2017",1.94,
"Kazakhstan","ILO - Calculations based on information from ILO textual sources","SDG indicator 8.8.2 - Level of national compliance with labour rights (freedom of association and collective bargaining)","2016",2.49,
"Kazakhstan","ILO - Calculations based on information from ILO textual sources","SDG indicator 8.8.2 - Level of national compliance with labour rights (freedom of association and collective bargaining)","2015",1.7,
"Kenya","ILO - Calculations based on information from ILO textual sources","SDG indicator 8.8.2 - Level of national compliance with labour rights (freedom of association and collective bargaining)","2023",4,
"Kenya","ILO - Calculations based on information from ILO textual sources","SDG indicator 8.8.2 - Level of national compliance with labour rights (freedom of association and collective bargaining)","2022",4,
"Kenya","ILO - Calculations based on information from ILO textual sources","SDG indicator 8.8.2 - Level of national compliance with labour rights (freedom of association and collective bargaining)","2021",4,
"Kenya","ILO - Calculations based on information from ILO textual sources","SDG indicator 8.8.2 - Level of national compliance with labour rights (freedom of association and collective bargaining)","2020",4,
"Kenya","ILO - Calculations based on information from ILO textual sources","SDG indicator 8.8.2 - Level of national compliance with labour rights (freedom of association and collective bargaining)","2019",4,
"Kenya","ILO - Calculations based on information from ILO textual sources","SDG indicator 8.8.2 - Level of national compliance with labour rights (freedom of association and collective bargaining)","2018",3.62,
"Kenya","ILO - Calculations based on information from ILO textual sources","SDG indicator 8.8.2 - Level of national compliance with labour rights (freedom of association and collective bargaining)","2017",3.62,
"Kenya","ILO - Calculations based on information from ILO textual sources","SDG indicator 8.8.2 - Level of national compliance with labour rights (freedom of association and collective bargaining)","2016",3.27,
"Kenya","ILO - Calculations based on information from ILO textual sources","SDG indicator 8.8.2 - Level of national compliance with labour rights (freedom of association and collective bargaining)","2015",3.27,
"Kyrgyzstan","ILO - Calculations based on information from ILO textual sources","SDG indicator 8.8.2 - Level of national compliance with labour rights (freedom of association and collective bargaining)","2023",0.51,"Remarks: The score should be treated with care due to the possibility of insufficient information in the textual sources, based on comparison with an externally produced indicator (see Metadata, point 4.f.)"
"Kyrgyzstan","ILO - Calculations based on information from ILO textual sources","SDG indicator 8.8.2 - Level of national compliance with labour rights (freedom of association and collective bargaining)","2022",0.51,"Remarks: The score should be treated with care due to the possibility of insufficient information in the textual sources, based on comparison with an externally produced indicator (see Metadata, point 4.f.)"
"Kyrgyzstan","ILO - Calculations based on information from ILO textual sources","SDG indicator 8.8.2 - Level of national compliance with labour rights (freedom of association and collective bargaining)","2021",0.51,"Remarks: The score should be treated with care due to the possibility of insufficient information in the textual sources, based on comparison with an externally produced indicator (see Metadata, point 4.f.)"
"Kyrgyzstan","ILO - Calculations based on information from ILO textual sources","SDG indicator 8.8.2 - Level of national compliance with labour rights (freedom of association and collective bargaining)","2020",0.35,"Remarks: The score should be treated with care due to the possibility of insufficient information in the textual sources, based on comparison with an externally produced indicator (see Metadata, point 4.f.)"
"Kyrgyzstan","ILO - Calculations based on information from ILO textual sources","SDG indicator 8.8.2 - Level of national compliance with labour rights (freedom of association and collective bargaining)","2019",0.35,
"Kyrgyzstan","ILO - Calculations based on information from ILO textual sources","SDG indicator 8.8.2 - Level of national compliance with labour rights (freedom of association and collective bargaining)","2018",0.35,
"Kyrgyzstan","ILO - Calculations based on information from ILO textual sources","SDG indicator 8.8.2 - Level of national compliance with labour rights (freedom of association and collective bargaining)","2017",0.35,"Remarks: The score should be treated with care due to the possibility of insufficient information in the textual sources, based on comparison with an externally produced indicator (see Metadata, point 4.f.)"
"Kyrgyzstan","ILO - Calculations based on information from ILO textual sources","SDG indicator 8.8.2 - Level of national compliance with labour rights (freedom of association and collective bargaining)","2016",0.35,"Remarks: The score should be treated with care due to the possibility of insufficient information in the textual sources, based on comparison with an externally produced indicator (see Metadata, point 4.f.)"
"Kyrgyzstan","ILO - Calculations based on information from ILO textual sources","SDG indicator 8.8.2 - Level of national compliance with labour rights (freedom of association and collective bargaining)","2015",0.35,"Remarks: The score should be treated with care due to the possibility of insufficient information in the textual sources, based on comparison with an externally produced indicator (see Metadata, point 4.f.)"
"Cambodia","ILO - Calculations based on information from ILO textual sources","SDG indicator 8.8.2 - Level of national compliance with labour rights (freedom of association and collective bargaining)","2023",6.81,
"Cambodia","ILO - Calculations based on information from ILO textual sources","SDG indicator 8.8.2 - Level of national compliance with labour rights (freedom of association and collective bargaining)","2022",5.49,
"Cambodia","ILO - Calculations based on information from ILO textual sources","SDG indicator 8.8.2 - Level of national compliance with labour rights (freedom of association and collective bargaining)","2021",5.49,
"Cambodia","ILO - Calculations based on information from ILO textual sources","SDG indicator 8.8.2 - Level of national compliance with labour rights (freedom of association and collective bargaining)","2020",4.73,
"Cambodia","ILO - Calculations based on information from ILO textual sources","SDG indicator 8.8.2 - Level of national compliance with labour rights (freedom of association and collective bargaining)","2019",4.77,
"Cambodia","ILO - Calculations based on information from ILO textual sources","SDG indicator 8.8.2 - Level of national compliance with labour rights (freedom of association and collective bargaining)","2018",4.93,
"Cambodia","ILO - Calculations based on information from ILO textual sources","SDG indicator 8.8.2 - Level of national compliance with labour rights (freedom of association and collective bargaining)","2017",4.93,
"Cambodia","ILO - Calculations based on information from ILO textual sources","SDG indicator 8.8.2 - Level of national compliance with labour rights (freedom of association and collective bargaining)","2016",4.38,
"Cambodia","ILO - Calculations based on information from ILO textual sources","SDG indicator 8.8.2 - Level of national compliance with labour rights (freedom of association and collective bargaining)","2015",3.96,
"Kiribati","ILO - Calculations based on information from ILO textual sources","SDG indicator 8.8.2 - Level of national compliance with labour rights (freedom of association and collective bargaining)","2023",0.71,
"Kiribati","ILO - Calculations based on information from ILO textual sources","SDG indicator 8.8.2 - Level of national compliance with labour rights (freedom of association and collective bargaining)","2022",0.71,
"Kiribati","ILO - Calculations based on information from ILO textual sources","SDG indicator 8.8.2 - Level of national compliance with labour rights (freedom of association and collective bargaining)","2021",1.23,
"Kiribati","ILO - Calculations based on information from ILO textual sources","SDG indicator 8.8.2 - Level of national compliance with labour rights (freedom of association and collective bargaining)","2020",1.23,
"Kiribati","ILO - Calculations based on information from ILO textual sources","SDG indicator 8.8.2 - Level of national compliance with labour rights (freedom of association and collective bargaining)","2019",1.23,
"Kiribati","ILO - Calculations based on information from ILO textual sources","SDG indicator 8.8.2 - Level of national compliance with labour rights (freedom of association and collective bargaining)","2018",1.08,
"Kiribati","ILO - Calculations based on information from ILO textual sources","SDG indicator 8.8.2 - Level of national compliance with labour rights (freedom of association and collective bargaining)","2017",1.08,
"Kiribati","ILO - Calculations based on information from ILO textual sources","SDG indicator 8.8.2 - Level of national compliance with labour rights (freedom of association and collective bargaining)","2016",1.08,
"Kiribati","ILO - Calculations based on information from ILO textual sources","SDG indicator 8.8.2 - Level of national compliance with labour rights (freedom of association and collective bargaining)","2015",1.61,
"Saint Kitts and Nevis","ILO - Calculations based on information from ILO textual sources","SDG indicator 8.8.2 - Level of national compliance with labour rights (freedom of association and collective bargaining)","2023",0.68,
"Saint Kitts and Nevis","ILO - Calculations based on information from ILO textual sources","SDG indicator 8.8.2 - Level of national compliance with labour rights (freedom of association and collective bargaining)","2022",0.68,
"Saint Kitts and Nevis","ILO - Calculations based on information from ILO textual sources","SDG indicator 8.8.2 - Level of national compliance with labour rights (freedom of association and collective bargaining)","2021",0.68,
"Saint Kitts and Nevis","ILO - Calculations based on information from ILO textual sources","SDG indicator 8.8.2 - Level of national compliance with labour rights (freedom of association and collective bargaining)","2020",0.68,
"Saint Kitts and Nevis","ILO - Calculations based on information from ILO textual sources","SDG indicator 8.8.2 - Level of national compliance with labour rights (freedom of association and collective bargaining)","2019",0.68,
"Saint Kitts and Nevis","ILO - Calculations based on information from ILO textual sources","SDG indicator 8.8.2 - Level of national compliance with labour rights (freedom of association and collective bargaining)","2018",0.68,
"Saint Kitts and Nevis","ILO - Calculations based on information from ILO textual sources","SDG indicator 8.8.2 - Level of national compliance with labour rights (freedom of association and collective bargaining)","2017",0.68,
"Saint Kitts and Nevis","ILO - Calculations based on information from ILO textual sources","SDG indicator 8.8.2 - Level of national compliance with labour rights (freedom of association and collective bargaining)","2016",0.68,
"Saint Kitts and Nevis","ILO - Calculations based on information from ILO textual sources","SDG indicator 8.8.2 - Level of national compliance with labour rights (freedom of association and collective bargaining)","2015",0.68,
"Republic of Korea","ILO - Calculations based on information from ILO textual sources","SDG indicator 8.8.2 - Level of national compliance with labour rights (freedom of association and collective bargaining)","2023",4.18,
"Republic of Korea","ILO - Calculations based on information from ILO textual sources","SDG indicator 8.8.2 - Level of national compliance with labour rights (freedom of association and collective bargaining)","2022",4.19,
"Republic of Korea","ILO - Calculations based on information from ILO textual sources","SDG indicator 8.8.2 - Level of national compliance with labour rights (freedom of association and collective bargaining)","2021",4.19,
"Republic of Korea","ILO - Calculations based on information from ILO textual sources","SDG indicator 8.8.2 - Level of national compliance with labour rights (freedom of association and collective bargaining)","2020",4.38,
"Republic of Korea","ILO - Calculations based on information from ILO textual sources","SDG indicator 8.8.2 - Level of national compliance with labour rights (freedom of association and collective bargaining)","2019",4.38,
"Republic of Korea","ILO - Calculations based on information from ILO textual sources","SDG indicator 8.8.2 - Level of national compliance with labour rights (freedom of association and collective bargaining)","2018",6.64,
"Republic of Korea","ILO - Calculations based on information from ILO textual sources","SDG indicator 8.8.2 - Level of national compliance with labour rights (freedom of association and collective bargaining)","2017",6.47,
"Republic of Korea","ILO - Calculations based on information from ILO textual sources","SDG indicator 8.8.2 - Level of national compliance with labour rights (freedom of association and collective bargaining)","2016",5.11,
"Republic of Korea","ILO - Calculations based on information from ILO textual sources","SDG indicator 8.8.2 - Level of national compliance with labour rights (freedom of association and collective bargaining)","2015",5.35,
"Kuwait","ILO - Calculations based on information from ILO textual sources","SDG indicator 8.8.2 - Level of national compliance with labour rights (freedom of association and collective bargaining)","2023",2.71,
"Kuwait","ILO - Calculations based on information from ILO textual sources","SDG indicator 8.8.2 - Level of national compliance with labour rights (freedom of association and collective bargaining)","2022",2.71,
"Kuwait","ILO - Calculations based on information from ILO textual sources","SDG indicator 8.8.2 - Level of national compliance with labour rights (freedom of association and collective bargaining)","2021",2.71,
"Kuwait","ILO - Calculations based on information from ILO textual sources","SDG indicator 8.8.2 - Level of national compliance with labour rights (freedom of association and collective bargaining)","2020",2.51,
"Kuwait","ILO - Calculations based on information from ILO textual sources","SDG indicator 8.8.2 - Level of national compliance with labour rights (freedom of association and collective bargaining)","2019",2.51,
"Kuwait","ILO - Calculations based on information from ILO textual sources","SDG indicator 8.8.2 - Level of national compliance with labour rights (freedom of association and collective bargaining)","2018",2.51,
"Kuwait","ILO - Calculations based on information from ILO textual sources","SDG indicator 8.8.2 - Level of national compliance with labour rights (freedom of association and collective bargaining)","2017",2.51,
"Kuwait","ILO - Calculations based on information from ILO textual sources","SDG indicator 8.8.2 - Level of national compliance with labour rights (freedom of association and collective bargaining)","2016",2.16,
"Kuwait","ILO - Calculations based on information from ILO textual sources","SDG indicator 8.8.2 - Level of national compliance with labour rights (freedom of association and collective bargaining)","2015",2.16,
"Lao People's Democratic Republic","ILO - Calculations based on information from ILO textual sources","SDG indicator 8.8.2 - Level of national compliance with labour rights (freedom of association and collective bargaining)","2023",6.02,
"Lao People's Democratic Republic","ILO - Calculations based on information from ILO textual sources","SDG indicator 8.8.2 - Level of national compliance with labour rights (freedom of association and collective bargaining)","2022",6.02,
"Lao People's Democratic Republic","ILO - Calculations based on information from ILO textual sources","SDG indicator 8.8.2 - Level of national compliance with labour rights (freedom of association and collective bargaining)","2021",6.02,
"Lao People's Democratic Republic","ILO - Calculations based on information from ILO textual sources","SDG indicator 8.8.2 - Level of national compliance with labour rights (freedom of association and collective bargaining)","2020",6.02,
"Lao People's Democratic Republic","ILO - Calculations based on information from ILO textual sources","SDG indicator 8.8.2 - Level of national compliance with labour rights (freedom of association and collective bargaining)","2019",6.02,
"Lao People's Democratic Republic","ILO - Calculations based on information from ILO textual sources","SDG indicator 8.8.2 - Level of national compliance with labour rights (freedom of association and collective bargaining)","2018",6.02,
"Lao People's Democratic Republic","ILO - Calculations based on information from ILO textual sources","SDG indicator 8.8.2 - Level of national compliance with labour rights (freedom of association and collective bargaining)","2017",6.02,
"Lao People's Democratic Republic","ILO - Calculations based on information from ILO textual sources","SDG indicator 8.8.2 - Level of national compliance with labour rights (freedom of association and collective bargaining)","2016",6.02,
"Lao People's Democratic Republic","ILO - Calculations based on information from ILO textual sources","SDG indicator 8.8.2 - Level of national compliance with labour rights (freedom of association and collective bargaining)","2015",6.02,
"Lebanon","ILO - Calculations based on information from ILO textual sources","SDG indicator 8.8.2 - Level of national compliance with labour rights (freedom of association and collective bargaining)","2023",4.17,
"Lebanon","ILO - Calculations based on information from ILO textual sources","SDG indicator 8.8.2 - Level of national compliance with labour rights (freedom of association and collective bargaining)","2022",4.17,
"Lebanon","ILO - Calculations based on information from ILO textual sources","SDG indicator 8.8.2 - Level of national compliance with labour rights (freedom of association and collective bargaining)","2021",4.17,
"Lebanon","ILO - Calculations based on information from ILO textual sources","SDG indicator 8.8.2 - Level of national compliance with labour rights (freedom of association and collective bargaining)","2020",4.16,
"Lebanon","ILO - Calculations based on information from ILO textual sources","SDG indicator 8.8.2 - Level of national compliance with labour rights (freedom of association and collective bargaining)","2019",4.16,
"Lebanon","ILO - Calculations based on information from ILO textual sources","SDG indicator 8.8.2 - Level of national compliance with labour rights (freedom of association and collective bargaining)","2018",4.16,
"Lebanon","ILO - Calculations based on information from ILO textual sources","SDG indicator 8.8.2 - Level of national compliance with labour rights (freedom of association and collective bargaining)","2017",4.16,
"Lebanon","ILO - Calculations based on information from ILO textual sources","SDG indicator 8.8.2 - Level of national compliance with labour rights (freedom of association and collective bargaining)","2016",4.34,
"Lebanon","ILO - Calculations based on information from ILO textual sources","SDG indicator 8.8.2 - Level of national compliance with labour rights (freedom of association and collective bargaining)","2015",4.35,
"Liberia","ILO - Calculations based on information from ILO textual sources","SDG indicator 8.8.2 - Level of national compliance with labour rights (freedom of association and collective bargaining)","2023",2.3,
"Liberia","ILO - Calculations based on information from ILO textual sources","SDG indicator 8.8.2 - Level of national compliance with labour rights (freedom of association and collective bargaining)","2022",2.3,
"Liberia","ILO - Calculations based on information from ILO textual sources","SDG indicator 8.8.2 - Level of national compliance with labour rights (freedom of association and collective bargaining)","2021",1.92,
"Liberia","ILO - Calculations based on information from ILO textual sources","SDG indicator 8.8.2 - Level of national compliance with labour rights (freedom of association and collective bargaining)","2020",0.93,
"Liberia","ILO - Calculations based on information from ILO textual sources","SDG indicator 8.8.2 - Level of national compliance with labour rights (freedom of association and collective bargaining)","2019",0.93,
"Liberia","ILO - Calculations based on information from ILO textual sources","SDG indicator 8.8.2 - Level of national compliance with labour rights (freedom of association and collective bargaining)","2018",0.93,
"Liberia","ILO - Calculations based on information from ILO textual sources","SDG indicator 8.8.2 - Level of national compliance with labour rights (freedom of association and collective bargaining)","2017",0.93,
"Liberia","ILO - Calculations based on information from ILO textual sources","SDG indicator 8.8.2 - Level of national compliance with labour rights (freedom of association and collective bargaining)","2016",1.49,
"Liberia","ILO - Calculations based on information from ILO textual sources","SDG indicator 8.8.2 - Level of national compliance with labour rights (freedom of association and collective bargaining)","2015",1.49,
"Libya","ILO - Calculations based on information from ILO textual sources","SDG indicator 8.8.2 - Level of national compliance with labour rights (freedom of association and collective bargaining)","2023",6.49,
"Libya","ILO - Calculations based on information from ILO textual sources","SDG indicator 8.8.2 - Level of national compliance with labour rights (freedom of association and collective bargaining)","2022",6.49,
"Libya","ILO - Calculations based on information from ILO textual sources","SDG indicator 8.8.2 - Level of national compliance with labour rights (freedom of association and collective bargaining)","2021",6.49,
"Libya","ILO - Calculations based on information from ILO textual sources","SDG indicator 8.8.2 - Level of national compliance with labour rights (freedom of association and collective bargaining)","2020",6.49,
"Libya","ILO - Calculations based on information from ILO textual sources","SDG indicator 8.8.2 - Level of national compliance with labour rights (freedom of association and collective bargaining)","2019",6.49,
"Libya","ILO - Calculations based on information from ILO textual sources","SDG indicator 8.8.2 - Level of national compliance with labour rights (freedom of association and collective bargaining)","2018",6.49,
"Libya","ILO - Calculations based on information from ILO textual sources","SDG indicator 8.8.2 - Level of national compliance with labour rights (freedom of association and collective bargaining)","2017",6.14,
"Libya","ILO - Calculations based on information from ILO textual sources","SDG indicator 8.8.2 - Level of national compliance with labour rights (freedom of association and collective bargaining)","2016",6.49,
"Libya","ILO - Calculations based on information from ILO textual sources","SDG indicator 8.8.2 - Level of national compliance with labour rights (freedom of association and collective bargaining)","2015",6.49,
"Saint Lucia","ILO - Calculations based on information from ILO textual sources","SDG indicator 8.8.2 - Level of national compliance with labour rights (freedom of association and collective bargaining)","2023",0.39,
"Saint Lucia","ILO - Calculations based on information from ILO textual sources","SDG indicator 8.8.2 - Level of national compliance with labour rights (freedom of association and collective bargaining)","2022",0.39,
"Saint Lucia","ILO - Calculations based on information from ILO textual sources","SDG indicator 8.8.2 - Level of national compliance with labour rights (freedom of association and collective bargaining)","2021",0.39,
"Saint Lucia","ILO - Calculations based on information from ILO textual sources","SDG indicator 8.8.2 - Level of national compliance with labour rights (freedom of association and collective bargaining)","2020",0.39,
"Saint Lucia","ILO - Calculations based on information from ILO textual sources","SDG indicator 8.8.2 - Level of national compliance with labour rights (freedom of association and collective bargaining)","2019",0.39,
"Saint Lucia","ILO - Calculations based on information from ILO textual sources","SDG indicator 8.8.2 - Level of national compliance with labour rights (freedom of association and collective bargaining)","2018",0.39,
"Saint Lucia","ILO - Calculations based on information from ILO textual sources","SDG indicator 8.8.2 - Level of national compliance with labour rights (freedom of association and collective bargaining)","2017",0.39,
"Saint Lucia","ILO - Calculations based on information from ILO textual sources","SDG indicator 8.8.2 - Level of national compliance with labour rights (freedom of association and collective bargaining)","2016",0.39,
"Saint Lucia","ILO - Calculations based on information from ILO textual sources","SDG indicator 8.8.2 - Level of national compliance with labour rights (freedom of association and collective bargaining)","2015",0.39,
"Sri Lanka","ILO - Calculations based on information from ILO textual sources","SDG indicator 8.8.2 - Level of national compliance with labour rights (freedom of association and collective bargaining)","2023",3.13,
"Sri Lanka","ILO - Calculations based on information from ILO textual sources","SDG indicator 8.8.2 - Level of national compliance with labour rights (freedom of association and collective bargaining)","2022",3.13,
"Sri Lanka","ILO - Calculations based on information from ILO textual sources","SDG indicator 8.8.2 - Level of national compliance with labour rights (freedom of association and collective bargaining)","2021",2.37,
"Sri Lanka","ILO - Calculations based on information from ILO textual sources","SDG indicator 8.8.2 - Level of national compliance with labour rights (freedom of association and collective bargaining)","2020",2.22,
"Sri Lanka","ILO - Calculations based on information from ILO textual sources","SDG indicator 8.8.2 - Level of national compliance with labour rights (freedom of association and collective bargaining)","2019",2.22,
"Sri Lanka","ILO - Calculations based on information from ILO textual sources","SDG indicator 8.8.2 - Level of national compliance with labour rights (freedom of association and collective bargaining)","2018",2.22,
"Sri Lanka","ILO - Calculations based on information from ILO textual sources","SDG indicator 8.8.2 - Level of national compliance with labour rights (freedom of association and collective bargaining)","2017",2.22,
"Sri Lanka","ILO - Calculations based on information from ILO textual sources","SDG indicator 8.8.2 - Level of national compliance with labour rights (freedom of association and collective bargaining)","2016",2.22,
"Sri Lanka","ILO - Calculations based on information from ILO textual sources","SDG indicator 8.8.2 - Level of national compliance with labour rights (freedom of association and collective bargaining)","2015",2.03,
"Lesotho","ILO - Calculations based on information from ILO textual sources","SDG indicator 8.8.2 - Level of national compliance with labour rights (freedom of association and collective bargaining)","2023",2.21,
"Lesotho","ILO - Calculations based on information from ILO textual sources","SDG indicator 8.8.2 - Level of national compliance with labour rights (freedom of association and collective bargaining)","2022",2.21,
"Lesotho","ILO - Calculations based on information from ILO textual sources","SDG indicator 8.8.2 - Level of national compliance with labour rights (freedom of association and collective bargaining)","2021",2.21,
"Lesotho","ILO - Calculations based on information from ILO textual sources","SDG indicator 8.8.2 - Level of national compliance with labour rights (freedom of association and collective bargaining)","2020",1.44,
"Lesotho","ILO - Calculations based on information from ILO textual sources","SDG indicator 8.8.2 - Level of national compliance with labour rights (freedom of association and collective bargaining)","2019",1.44,
"Lesotho","ILO - Calculations based on information from ILO textual sources","SDG indicator 8.8.2 - Level of national compliance with labour rights (freedom of association and collective bargaining)","2018",1.44,
"Lesotho","ILO - Calculations based on information from ILO textual sources","SDG indicator 8.8.2 - Level of national compliance with labour rights (freedom of association and collective bargaining)","2017",1.44,
"Lesotho","ILO - Calculations based on information from ILO textual sources","SDG indicator 8.8.2 - Level of national compliance with labour rights (freedom of association and collective bargaining)","2016",1.27,
"Lesotho","ILO - Calculations based on information from ILO textual sources","SDG indicator 8.8.2 - Level of national compliance with labour rights (freedom of association and collective bargaining)","2015",1.27,
"Lithuania","ILO - Calculations based on information from ILO textual sources","SDG indicator 8.8.2 - Level of national compliance with labour rights (freedom of association and collective bargaining)","2023",0,
"Lithuania","ILO - Calculations based on information from ILO textual sources","SDG indicator 8.8.2 - Level of national compliance with labour rights (freedom of association and collective bargaining)","2022",0,
"Lithuania","ILO - Calculations based on information from ILO textual sources","SDG indicator 8.8.2 - Level of national compliance with labour rights (freedom of association and collective bargaining)","2021",0,
"Lithuania","ILO - Calculations based on information from ILO textual sources","SDG indicator 8.8.2 - Level of national compliance with labour rights (freedom of association and collective bargaining)","2020",0.18,
"Lithuania","ILO - Calculations based on information from ILO textual sources","SDG indicator 8.8.2 - Level of national compliance with labour rights (freedom of association and collective bargaining)","2019",0.18,
"Lithuania","ILO - Calculations based on information from ILO textual sources","SDG indicator 8.8.2 - Level of national compliance with labour rights (freedom of association and collective bargaining)","2018",0.18,
"Lithuania","ILO - Calculations based on information from ILO textual sources","SDG indicator 8.8.2 - Level of national compliance with labour rights (freedom of association and collective bargaining)","2017",0.18,
"Lithuania","ILO - Calculations based on information from ILO textual sources","SDG indicator 8.8.2 - Level of national compliance with labour rights (freedom of association and collective bargaining)","2016",0.18,
"Lithuania","ILO - Calculations based on information from ILO textual sources","SDG indicator 8.8.2 - Level of national compliance with labour rights (freedom of association and collective bargaining)","2015",0.18,
"Luxembourg","ILO - Calculations based on information from ILO textual sources","SDG indicator 8.8.2 - Level of national compliance with labour rights (freedom of association and collective bargaining)","2023",0.17,
"Luxembourg","ILO - Calculations based on information from ILO textual sources","SDG indicator 8.8.2 - Level of national compliance with labour rights (freedom of association and collective bargaining)","2022",0.17,
"Luxembourg","ILO - Calculations based on information from ILO textual sources","SDG indicator 8.8.2 - Level of national compliance with labour rights (freedom of association and collective bargaining)","2021",0.19,
"Luxembourg","ILO - Calculations based on information from ILO textual sources","SDG indicator 8.8.2 - Level of national compliance with labour rights (freedom of association and collective bargaining)","2020",0.19,
"Luxembourg","ILO - Calculations based on information from ILO textual sources","SDG indicator 8.8.2 - Level of national compliance with labour rights (freedom of association and collective bargaining)","2019",0.19,
"Luxembourg","ILO - Calculations based on information from ILO textual sources","SDG indicator 8.8.2 - Level of national compliance with labour rights (freedom of association and collective bargaining)","2018",0.19,
"Luxembourg","ILO - Calculations based on information from ILO textual sources","SDG indicator 8.8.2 - Level of national compliance with labour rights (freedom of association and collective bargaining)","2017",0.19,
"Luxembourg","ILO - Calculations based on information from ILO textual sources","SDG indicator 8.8.2 - Level of national compliance with labour rights (freedom of association and collective bargaining)","2016",0.19,
"Luxembourg","ILO - Calculations based on information from ILO textual sources","SDG indicator 8.8.2 - Level of national compliance with labour rights (freedom of association and collective bargaining)","2015",0.19,
"Latvia","ILO - Calculations based on information from ILO textual sources","SDG indicator 8.8.2 - Level of national compliance with labour rights (freedom of association and collective bargaining)","2023",0,
"Latvia","ILO - Calculations based on information from ILO textual sources","SDG indicator 8.8.2 - Level of national compliance with labour rights (freedom of association and collective bargaining)","2022",0,
"Latvia","ILO - Calculations based on information from ILO textual sources","SDG indicator 8.8.2 - Level of national compliance with labour rights (freedom of association and collective bargaining)","2021",0,
"Latvia","ILO - Calculations based on information from ILO textual sources","SDG indicator 8.8.2 - Level of national compliance with labour rights (freedom of association and collective bargaining)","2020",0,
"Latvia","ILO - Calculations based on information from ILO textual sources","SDG indicator 8.8.2 - Level of national compliance with labour rights (freedom of association and collective bargaining)","2019",0,
"Latvia","ILO - Calculations based on information from ILO textual sources","SDG indicator 8.8.2 - Level of national compliance with labour rights (freedom of association and collective bargaining)","2018",0,
"Latvia","ILO - Calculations based on information from ILO textual sources","SDG indicator 8.8.2 - Level of national compliance with labour rights (freedom of association and collective bargaining)","2017",0,
"Latvia","ILO - Calculations based on information from ILO textual sources","SDG indicator 8.8.2 - Level of national compliance with labour rights (freedom of association and collective bargaining)","2016",0,
"Latvia","ILO - Calculations based on information from ILO textual sources","SDG indicator 8.8.2 - Level of national compliance with labour rights (freedom of association and collective bargaining)","2015",0.35,
"Morocco","ILO - Calculations based on information from ILO textual sources","SDG indicator 8.8.2 - Level of national compliance with labour rights (freedom of association and collective bargaining)","2023",2.44,
"Morocco","ILO - Calculations based on information from ILO textual sources","SDG indicator 8.8.2 - Level of national compliance with labour rights (freedom of association and collective bargaining)","2022",2.44,
"Morocco","ILO - Calculations based on information from ILO textual sources","SDG indicator 8.8.2 - Level of national compliance with labour rights (freedom of association and collective bargaining)","2021",2.44,
"Morocco","ILO - Calculations based on information from ILO textual sources","SDG indicator 8.8.2 - Level of national compliance with labour rights (freedom of association and collective bargaining)","2020",2.44,
"Morocco","ILO - Calculations based on information from ILO textual sources","SDG indicator 8.8.2 - Level of national compliance with labour rights (freedom of association and collective bargaining)","2019",2.44,
"Morocco","ILO - Calculations based on information from ILO textual sources","SDG indicator 8.8.2 - Level of national compliance with labour rights (freedom of association and collective bargaining)","2018",2.44,
"Morocco","ILO - Calculations based on information from ILO textual sources","SDG indicator 8.8.2 - Level of national compliance with labour rights (freedom of association and collective bargaining)","2017",2.44,
"Morocco","ILO - Calculations based on information from ILO textual sources","SDG indicator 8.8.2 - Level of national compliance with labour rights (freedom of association and collective bargaining)","2016",2.44,
"Morocco","ILO - Calculations based on information from ILO textual sources","SDG indicator 8.8.2 - Level of national compliance with labour rights (freedom of association and collective bargaining)","2015",4.1,
"Republic of Moldova","ILO - Calculations based on information from ILO textual sources","SDG indicator 8.8.2 - Level of national compliance with labour rights (freedom of association and collective bargaining)","2023",0.89,
"Republic of Moldova","ILO - Calculations based on information from ILO textual sources","SDG indicator 8.8.2 - Level of national compliance with labour rights (freedom of association and collective bargaining)","2022",0.89,
"Republic of Moldova","ILO - Calculations based on information from ILO textual sources","SDG indicator 8.8.2 - Level of national compliance with labour rights (freedom of association and collective bargaining)","2021",0.89,
"Republic of Moldova","ILO - Calculations based on information from ILO textual sources","SDG indicator 8.8.2 - Level of national compliance with labour rights (freedom of association and collective bargaining)","2020",0.89,
"Republic of Moldova","ILO - Calculations based on information from ILO textual sources","SDG indicator 8.8.2 - Level of national compliance with labour rights (freedom of association and collective bargaining)","2019",0.89,
"Republic of Moldova","ILO - Calculations based on information from ILO textual sources","SDG indicator 8.8.2 - Level of national compliance with labour rights (freedom of association and collective bargaining)","2018",0.89,
"Republic of Moldova","ILO - Calculations based on information from ILO textual sources","SDG indicator 8.8.2 - Level of national compliance with labour rights (freedom of association and collective bargaining)","2017",0.89,
"Republic of Moldova","ILO - Calculations based on information from ILO textual sources","SDG indicator 8.8.2 - Level of national compliance with labour rights (freedom of association and collective bargaining)","2016",1.06,
"Republic of Moldova","ILO - Calculations based on information from ILO textual sources","SDG indicator 8.8.2 - Level of national compliance with labour rights (freedom of association and collective bargaining)","2015",1.06,
"Madagascar","ILO - Calculations based on information from ILO textual sources","SDG indicator 8.8.2 - Level of national compliance with labour rights (freedom of association and collective bargaining)","2023",2.63,
"Madagascar","ILO - Calculations based on information from ILO textual sources","SDG indicator 8.8.2 - Level of national compliance with labour rights (freedom of association and collective bargaining)","2022",2.44,
"Madagascar","ILO - Calculations based on information from ILO textual sources","SDG indicator 8.8.2 - Level of national compliance with labour rights (freedom of association and collective bargaining)","2021",1.65,
"Madagascar","ILO - Calculations based on information from ILO textual sources","SDG indicator 8.8.2 - Level of national compliance with labour rights (freedom of association and collective bargaining)","2020",1.65,
"Madagascar","ILO - Calculations based on information from ILO textual sources","SDG indicator 8.8.2 - Level of national compliance with labour rights (freedom of association and collective bargaining)","2019",1.65,
"Madagascar","ILO - Calculations based on information from ILO textual sources","SDG indicator 8.8.2 - Level of national compliance with labour rights (freedom of association and collective bargaining)","2018",1.27,
"Madagascar","ILO - Calculations based on information from ILO textual sources","SDG indicator 8.8.2 - Level of national compliance with labour rights (freedom of association and collective bargaining)","2017",1.27,
"Madagascar","ILO - Calculations based on information from ILO textual sources","SDG indicator 8.8.2 - Level of national compliance with labour rights (freedom of association and collective bargaining)","2016",1.09,
"Madagascar","ILO - Calculations based on information from ILO textual sources","SDG indicator 8.8.2 - Level of national compliance with labour rights (freedom of association and collective bargaining)","2015",1.26,
"Maldives","ILO - Calculations based on information from ILO textual sources","SDG indicator 8.8.2 - Level of national compliance with labour rights (freedom of association and collective bargaining)","2023",4.6,
"Maldives","ILO - Calculations based on information from ILO textual sources","SDG indicator 8.8.2 - Level of national compliance with labour rights (freedom of association and collective bargaining)","2022",4.6,
"Maldives","ILO - Calculations based on information from ILO textual sources","SDG indicator 8.8.2 - Level of national compliance with labour rights (freedom of association and collective bargaining)","2021",4.21,
"Maldives","ILO - Calculations based on information from ILO textual sources","SDG indicator 8.8.2 - Level of national compliance with labour rights (freedom of association and collective bargaining)","2020",3.85,
"Maldives","ILO - Calculations based on information from ILO textual sources","SDG indicator 8.8.2 - Level of national compliance with labour rights (freedom of association and collective bargaining)","2019",3.85,
"Maldives","ILO - Calculations based on information from ILO textual sources","SDG indicator 8.8.2 - Level of national compliance with labour rights (freedom of association and collective bargaining)","2018",3.13,
"Maldives","ILO - Calculations based on information from ILO textual sources","SDG indicator 8.8.2 - Level of national compliance with labour rights (freedom of association and collective bargaining)","2017",3.13,
"Maldives","ILO - Calculations based on information from ILO textual sources","SDG indicator 8.8.2 - Level of national compliance with labour rights (freedom of association and collective bargaining)","2016",3.13,
"Maldives","ILO - Calculations based on information from ILO textual sources","SDG indicator 8.8.2 - Level of national compliance with labour rights (freedom of association and collective bargaining)","2015",3.13,
"Mexico","ILO - Calculations based on information from ILO textual sources","SDG indicator 8.8.2 - Level of national compliance with labour rights (freedom of association and collective bargaining)","2023",2.46,
"Mexico","ILO - Calculations based on information from ILO textual sources","SDG indicator 8.8.2 - Level of national compliance with labour rights (freedom of association and collective bargaining)","2022",2.46,
"Mexico","ILO - Calculations based on information from ILO textual sources","SDG indicator 8.8.2 - Level of national compliance with labour rights (freedom of association and collective bargaining)","2021",2.46,
"Mexico","ILO - Calculations based on information from ILO textual sources","SDG indicator 8.8.2 - Level of national compliance with labour rights (freedom of association and collective bargaining)","2020",2.69,
"Mexico","ILO - Calculations based on information from ILO textual sources","SDG indicator 8.8.2 - Level of national compliance with labour rights (freedom of association and collective bargaining)","2019",2.69,
"Mexico","ILO - Calculations based on information from ILO textual sources","SDG indicator 8.8.2 - Level of national compliance with labour rights (freedom of association and collective bargaining)","2018",2.69,
"Mexico","ILO - Calculations based on information from ILO textual sources","SDG indicator 8.8.2 - Level of national compliance with labour rights (freedom of association and collective bargaining)","2017",3.05,
"Mexico","ILO - Calculations based on information from ILO textual sources","SDG indicator 8.8.2 - Level of national compliance with labour rights (freedom of association and collective bargaining)","2016",3.81,
"Mexico","ILO - Calculations based on information from ILO textual sources","SDG indicator 8.8.2 - Level of national compliance with labour rights (freedom of association and collective bargaining)","2015",3.61,
"Marshall Islands","ILO - Calculations based on information from ILO textual sources","SDG indicator 8.8.2 - Level of national compliance with labour rights (freedom of association and collective bargaining)","2023",1.37,
"Marshall Islands","ILO - Calculations based on information from ILO textual sources","SDG indicator 8.8.2 - Level of national compliance with labour rights (freedom of association and collective bargaining)","2022",1.55,
"Marshall Islands","ILO - Calculations based on information from ILO textual sources","SDG indicator 8.8.2 - Level of national compliance with labour rights (freedom of association and collective bargaining)","2021",1.55,
"Marshall Islands","ILO - Calculations based on information from ILO textual sources","SDG indicator 8.8.2 - Level of national compliance with labour rights (freedom of association and collective bargaining)","2020",1.55,
"Marshall Islands","ILO - Calculations based on information from ILO textual sources","SDG indicator 8.8.2 - Level of national compliance with labour rights (freedom of association and collective bargaining)","2019",1.55,
"Marshall Islands","ILO - Calculations based on information from ILO textual sources","SDG indicator 8.8.2 - Level of national compliance with labour rights (freedom of association and collective bargaining)","2018",1.55,
"Marshall Islands","ILO - Calculations based on information from ILO textual sources","SDG indicator 8.8.2 - Level of national compliance with labour rights (freedom of association and collective bargaining)","2017",1.55,
"Marshall Islands","ILO - Calculations based on information from ILO textual sources","SDG indicator 8.8.2 - Level of national compliance with labour rights (freedom of association and collective bargaining)","2016",1.55,
"Marshall Islands","ILO - Calculations based on information from ILO textual sources","SDG indicator 8.8.2 - Level of national compliance with labour rights (freedom of association and collective bargaining)","2015",1.55,
"North Macedonia","ILO - Calculations based on information from ILO textual sources","SDG indicator 8.8.2 - Level of national compliance with labour rights (freedom of association and collective bargaining)","2023",0.52,
"North Macedonia","ILO - Calculations based on information from ILO textual sources","SDG indicator 8.8.2 - Level of national compliance with labour rights (freedom of association and collective bargaining)","2022",1.43,
"North Macedonia","ILO - Calculations based on information from ILO textual sources","SDG indicator 8.8.2 - Level of national compliance with labour rights (freedom of association and collective bargaining)","2021",0.52,
"North Macedonia","ILO - Calculations based on information from ILO textual sources","SDG indicator 8.8.2 - Level of national compliance with labour rights (freedom of association and collective bargaining)","2020",0.52,
"North Macedonia","ILO - Calculations based on information from ILO textual sources","SDG indicator 8.8.2 - Level of national compliance with labour rights (freedom of association and collective bargaining)","2019",0.52,
"North Macedonia","ILO - Calculations based on information from ILO textual sources","SDG indicator 8.8.2 - Level of national compliance with labour rights (freedom of association and collective bargaining)","2018",0.52,
"North Macedonia","ILO - Calculations based on information from ILO textual sources","SDG indicator 8.8.2 - Level of national compliance with labour rights (freedom of association and collective bargaining)","2017",0.52,
"North Macedonia","ILO - Calculations based on information from ILO textual sources","SDG indicator 8.8.2 - Level of national compliance with labour rights (freedom of association and collective bargaining)","2016",0.52,
"North Macedonia","ILO - Calculations based on information from ILO textual sources","SDG indicator 8.8.2 - Level of national compliance with labour rights (freedom of association and collective bargaining)","2015",0.2,
"Mali","ILO - Calculations based on information from ILO textual sources","SDG indicator 8.8.2 - Level of national compliance with labour rights (freedom of association and collective bargaining)","2023",0.88,"Remarks: The score should be treated with care due to the possibility of insufficient information in the textual sources, based on comparison with an externally produced indicator (see Metadata, point 4.f.)"
"Mali","ILO - Calculations based on information from ILO textual sources","SDG indicator 8.8.2 - Level of national compliance with labour rights (freedom of association and collective bargaining)","2022",0.88,"Remarks: The score should be treated with care due to the possibility of insufficient information in the textual sources, based on comparison with an externally produced indicator (see Metadata, point 4.f.)"
"Mali","ILO - Calculations based on information from ILO textual sources","SDG indicator 8.8.2 - Level of national compliance with labour rights (freedom of association and collective bargaining)","2021",0.88,"Remarks: The score should be treated with care due to the possibility of insufficient information in the textual sources, based on comparison with an externally produced indicator (see Metadata, point 4.f.)"
"Mali","ILO - Calculations based on information from ILO textual sources","SDG indicator 8.8.2 - Level of national compliance with labour rights (freedom of association and collective bargaining)","2020",0.88,"Remarks: The score should be treated with care due to the possibility of insufficient information in the textual sources, based on comparison with an externally produced indicator (see Metadata, point 4.f.)"
"Mali","ILO - Calculations based on information from ILO textual sources","SDG indicator 8.8.2 - Level of national compliance with labour rights (freedom of association and collective bargaining)","2019",0.88,"Remarks: The score should be treated with care due to the possibility of insufficient information in the textual sources, based on comparison with an externally produced indicator (see Metadata, point 4.f.)"
"Mali","ILO - Calculations based on information from ILO textual sources","SDG indicator 8.8.2 - Level of national compliance with labour rights (freedom of association and collective bargaining)","2018",0.88,
"Mali","ILO - Calculations based on information from ILO textual sources","SDG indicator 8.8.2 - Level of national compliance with labour rights (freedom of association and collective bargaining)","2017",0.88,
"Mali","ILO - Calculations based on information from ILO textual sources","SDG indicator 8.8.2 - Level of national compliance with labour rights (freedom of association and collective bargaining)","2016",1.44,
"Mali","ILO - Calculations based on information from ILO textual sources","SDG indicator 8.8.2 - Level of national compliance with labour rights (freedom of association and collective bargaining)","2015",1.44,
"Malta","ILO - Calculations based on information from ILO textual sources","SDG indicator 8.8.2 - Level of national compliance with labour rights (freedom of association and collective bargaining)","2023",1.48,
"Malta","ILO - Calculations based on information from ILO textual sources","SDG indicator 8.8.2 - Level of national compliance with labour rights (freedom of association and collective bargaining)","2022",1.48,
"Malta","ILO - Calculations based on information from ILO textual sources","SDG indicator 8.8.2 - Level of national compliance with labour rights (freedom of association and collective bargaining)","2021",1.48,
"Malta","ILO - Calculations based on information from ILO textual sources","SDG indicator 8.8.2 - Level of national compliance with labour rights (freedom of association and collective bargaining)","2020",1.83,
"Malta","ILO - Calculations based on information from ILO textual sources","SDG indicator 8.8.2 - Level of national compliance with labour rights (freedom of association and collective bargaining)","2019",1.83,
"Malta","ILO - Calculations based on information from ILO textual sources","SDG indicator 8.8.2 - Level of national compliance with labour rights (freedom of association and collective bargaining)","2018",1.83,
"Malta","ILO - Calculations based on information from ILO textual sources","SDG indicator 8.8.2 - Level of national compliance with labour rights (freedom of association and collective bargaining)","2017",1.83,
"Malta","ILO - Calculations based on information from ILO textual sources","SDG indicator 8.8.2 - Level of national compliance with labour rights (freedom of association and collective bargaining)","2016",1.26,
"Malta","ILO - Calculations based on information from ILO textual sources","SDG indicator 8.8.2 - Level of national compliance with labour rights (freedom of association and collective bargaining)","2015",1.26,
"Myanmar","ILO - Calculations based on information from ILO textual sources","SDG indicator 8.8.2 - Level of national compliance with labour rights (freedom of association and collective bargaining)","2023",10,
"Myanmar","ILO - Calculations based on information from ILO textual sources","SDG indicator 8.8.2 - Level of national compliance with labour rights (freedom of association and collective bargaining)","2022",5.15,
"Myanmar","ILO - Calculations based on information from ILO textual sources","SDG indicator 8.8.2 - Level of national compliance with labour rights (freedom of association and collective bargaining)","2021",5.11,
"Myanmar","ILO - Calculations based on information from ILO textual sources","SDG indicator 8.8.2 - Level of national compliance with labour rights (freedom of association and collective bargaining)","2020",2.21,"Remarks: The score should be treated with care due to the possibility of insufficient information in the textual sources, based on comparison with an externally produced indicator (see Metadata, point 4.f.)"
"Myanmar","ILO - Calculations based on information from ILO textual sources","SDG indicator 8.8.2 - Level of national compliance with labour rights (freedom of association and collective bargaining)","2019",2.18,"Remarks: The score should be treated with care due to the possibility of insufficient information in the textual sources, based on comparison with an externally produced indicator (see Metadata, point 4.f.)"
"Myanmar","ILO - Calculations based on information from ILO textual sources","SDG indicator 8.8.2 - Level of national compliance with labour rights (freedom of association and collective bargaining)","2018",3.09,
"Myanmar","ILO - Calculations based on information from ILO textual sources","SDG indicator 8.8.2 - Level of national compliance with labour rights (freedom of association and collective bargaining)","2017",2.68,
"Myanmar","ILO - Calculations based on information from ILO textual sources","SDG indicator 8.8.2 - Level of national compliance with labour rights (freedom of association and collective bargaining)","2016",2.5,
"Myanmar","ILO - Calculations based on information from ILO textual sources","SDG indicator 8.8.2 - Level of national compliance with labour rights (freedom of association and collective bargaining)","2015",3.06,
"Montenegro","ILO - Calculations based on information from ILO textual sources","SDG indicator 8.8.2 - Level of national compliance with labour rights (freedom of association and collective bargaining)","2023",1.23,
"Montenegro","ILO - Calculations based on information from ILO textual sources","SDG indicator 8.8.2 - Level of national compliance with labour rights (freedom of association and collective bargaining)","2022",1.23,
"Montenegro","ILO - Calculations based on information from ILO textual sources","SDG indicator 8.8.2 - Level of national compliance with labour rights (freedom of association and collective bargaining)","2021",1.23,
"Montenegro","ILO - Calculations based on information from ILO textual sources","SDG indicator 8.8.2 - Level of national compliance with labour rights (freedom of association and collective bargaining)","2020",1.21,
"Montenegro","ILO - Calculations based on information from ILO textual sources","SDG indicator 8.8.2 - Level of national compliance with labour rights (freedom of association and collective bargaining)","2019",1.4,
"Montenegro","ILO - Calculations based on information from ILO textual sources","SDG indicator 8.8.2 - Level of national compliance with labour rights (freedom of association and collective bargaining)","2018",1.4,
"Montenegro","ILO - Calculations based on information from ILO textual sources","SDG indicator 8.8.2 - Level of national compliance with labour rights (freedom of association and collective bargaining)","2017",1.4,
"Montenegro","ILO - Calculations based on information from ILO textual sources","SDG indicator 8.8.2 - Level of national compliance with labour rights (freedom of association and collective bargaining)","2016",1.24,
"Montenegro","ILO - Calculations based on information from ILO textual sources","SDG indicator 8.8.2 - Level of national compliance with labour rights (freedom of association and collective bargaining)","2015",1.05,
"Mongolia","ILO - Calculations based on information from ILO textual sources","SDG indicator 8.8.2 - Level of national compliance with labour rights (freedom of association and collective bargaining)","2023",0.15,
"Mongolia","ILO - Calculations based on information from ILO textual sources","SDG indicator 8.8.2 - Level of national compliance with labour rights (freedom of association and collective bargaining)","2022",0.15,
"Mongolia","ILO - Calculations based on information from ILO textual sources","SDG indicator 8.8.2 - Level of national compliance with labour rights (freedom of association and collective bargaining)","2021",0.15,
"Mongolia","ILO - Calculations based on information from ILO textual sources","SDG indicator 8.8.2 - Level of national compliance with labour rights (freedom of association and collective bargaining)","2020",0.15,
"Mongolia","ILO - Calculations based on information from ILO textual sources","SDG indicator 8.8.2 - Level of national compliance with labour rights (freedom of association and collective bargaining)","2019",0.15,
"Mongolia","ILO - Calculations based on information from ILO textual sources","SDG indicator 8.8.2 - Level of national compliance with labour rights (freedom of association and collective bargaining)","2018",0.15,
"Mongolia","ILO - Calculations based on information from ILO textual sources","SDG indicator 8.8.2 - Level of national compliance with labour rights (freedom of association and collective bargaining)","2017",0.15,
"Mongolia","ILO - Calculations based on information from ILO textual sources","SDG indicator 8.8.2 - Level of national compliance with labour rights (freedom of association and collective bargaining)","2016",0,
"Mongolia","ILO - Calculations based on information from ILO textual sources","SDG indicator 8.8.2 - Level of national compliance with labour rights (freedom of association and collective bargaining)","2015",0,
"Mozambique","ILO - Calculations based on information from ILO textual sources","SDG indicator 8.8.2 - Level of national compliance with labour rights (freedom of association and collective bargaining)","2023",2,
"Mozambique","ILO - Calculations based on information from ILO textual sources","SDG indicator 8.8.2 - Level of national compliance with labour rights (freedom of association and collective bargaining)","2022",2,
"Mozambique","ILO - Calculations based on information from ILO textual sources","SDG indicator 8.8.2 - Level of national compliance with labour rights (freedom of association and collective bargaining)","2021",2,
"Mozambique","ILO - Calculations based on information from ILO textual sources","SDG indicator 8.8.2 - Level of national compliance with labour rights (freedom of association and collective bargaining)","2020",1.83,
"Mozambique","ILO - Calculations based on information from ILO textual sources","SDG indicator 8.8.2 - Level of national compliance with labour rights (freedom of association and collective bargaining)","2019",2.01,
"Mozambique","ILO - Calculations based on information from ILO textual sources","SDG indicator 8.8.2 - Level of national compliance with labour rights (freedom of association and collective bargaining)","2018",2,
"Mozambique","ILO - Calculations based on information from ILO textual sources","SDG indicator 8.8.2 - Level of national compliance with labour rights (freedom of association and collective bargaining)","2017",1.81,
"Mozambique","ILO - Calculations based on information from ILO textual sources","SDG indicator 8.8.2 - Level of national compliance with labour rights (freedom of association and collective bargaining)","2016",1.81,
"Mozambique","ILO - Calculations based on information from ILO textual sources","SDG indicator 8.8.2 - Level of national compliance with labour rights (freedom of association and collective bargaining)","2015",1.81,
"Mauritania","ILO - Calculations based on information from ILO textual sources","SDG indicator 8.8.2 - Level of national compliance with labour rights (freedom of association and collective bargaining)","2023",1.63,"Remarks: The score should be treated with care due to the possibility of insufficient information in the textual sources, based on comparison with an externally produced indicator (see Metadata, point 4.f.)"
"Mauritania","ILO - Calculations based on information from ILO textual sources","SDG indicator 8.8.2 - Level of national compliance with labour rights (freedom of association and collective bargaining)","2022",1.63,"Remarks: The score should be treated with care due to the possibility of insufficient information in the textual sources, based on comparison with an externally produced indicator (see Metadata, point 4.f.)"
"Mauritania","ILO - Calculations based on information from ILO textual sources","SDG indicator 8.8.2 - Level of national compliance with labour rights (freedom of association and collective bargaining)","2021",1.63,"Remarks: The score should be treated with care due to the possibility of insufficient information in the textual sources, based on comparison with an externally produced indicator (see Metadata, point 4.f.)"
"Mauritania","ILO - Calculations based on information from ILO textual sources","SDG indicator 8.8.2 - Level of national compliance with labour rights (freedom of association and collective bargaining)","2020",1.63,"Remarks: The score should be treated with care due to the possibility of insufficient information in the textual sources, based on comparison with an externally produced indicator (see Metadata, point 4.f.)"
"Mauritania","ILO - Calculations based on information from ILO textual sources","SDG indicator 8.8.2 - Level of national compliance with labour rights (freedom of association and collective bargaining)","2019",1.63,"Remarks: The score should be treated with care due to the possibility of insufficient information in the textual sources, based on comparison with an externally produced indicator (see Metadata, point 4.f.)"
"Mauritania","ILO - Calculations based on information from ILO textual sources","SDG indicator 8.8.2 - Level of national compliance with labour rights (freedom of association and collective bargaining)","2018",1.63,"Remarks: The score should be treated with care due to the possibility of insufficient information in the textual sources, based on comparison with an externally produced indicator (see Metadata, point 4.f.)"
"Mauritania","ILO - Calculations based on information from ILO textual sources","SDG indicator 8.8.2 - Level of national compliance with labour rights (freedom of association and collective bargaining)","2017",1.63,"Remarks: The score should be treated with care due to the possibility of insufficient information in the textual sources, based on comparison with an externally produced indicator (see Metadata, point 4.f.)"
"Mauritania","ILO - Calculations based on information from ILO textual sources","SDG indicator 8.8.2 - Level of national compliance with labour rights (freedom of association and collective bargaining)","2016",1.83,
"Mauritania","ILO - Calculations based on information from ILO textual sources","SDG indicator 8.8.2 - Level of national compliance with labour rights (freedom of association and collective bargaining)","2015",1.83,
"Mauritius","ILO - Calculations based on information from ILO textual sources","SDG indicator 8.8.2 - Level of national compliance with labour rights (freedom of association and collective bargaining)","2023",1.62,
"Mauritius","ILO - Calculations based on information from ILO textual sources","SDG indicator 8.8.2 - Level of national compliance with labour rights (freedom of association and collective bargaining)","2022",1.62,
"Mauritius","ILO - Calculations based on information from ILO textual sources","SDG indicator 8.8.2 - Level of national compliance with labour rights (freedom of association and collective bargaining)","2021",1.62,
"Mauritius","ILO - Calculations based on information from ILO textual sources","SDG indicator 8.8.2 - Level of national compliance with labour rights (freedom of association and collective bargaining)","2020",1.78,
"Mauritius","ILO - Calculations based on information from ILO textual sources","SDG indicator 8.8.2 - Level of national compliance with labour rights (freedom of association and collective bargaining)","2019",1.78,
"Mauritius","ILO - Calculations based on information from ILO textual sources","SDG indicator 8.8.2 - Level of national compliance with labour rights (freedom of association and collective bargaining)","2018",1.78,
"Mauritius","ILO - Calculations based on information from ILO textual sources","SDG indicator 8.8.2 - Level of national compliance with labour rights (freedom of association and collective bargaining)","2017",1.78,
"Mauritius","ILO - Calculations based on information from ILO textual sources","SDG indicator 8.8.2 - Level of national compliance with labour rights (freedom of association and collective bargaining)","2016",1.2,
"Mauritius","ILO - Calculations based on information from ILO textual sources","SDG indicator 8.8.2 - Level of national compliance with labour rights (freedom of association and collective bargaining)","2015",1.55,
"Malawi","ILO - Calculations based on information from ILO textual sources","SDG indicator 8.8.2 - Level of national compliance with labour rights (freedom of association and collective bargaining)","2023",0.17,
"Malawi","ILO - Calculations based on information from ILO textual sources","SDG indicator 8.8.2 - Level of national compliance with labour rights (freedom of association and collective bargaining)","2022",0.17,
"Malawi","ILO - Calculations based on information from ILO textual sources","SDG indicator 8.8.2 - Level of national compliance with labour rights (freedom of association and collective bargaining)","2021",0.17,
"Malawi","ILO - Calculations based on information from ILO textual sources","SDG indicator 8.8.2 - Level of national compliance with labour rights (freedom of association and collective bargaining)","2020",0.17,
"Malawi","ILO - Calculations based on information from ILO textual sources","SDG indicator 8.8.2 - Level of national compliance with labour rights (freedom of association and collective bargaining)","2019",0.17,
"Malawi","ILO - Calculations based on information from ILO textual sources","SDG indicator 8.8.2 - Level of national compliance with labour rights (freedom of association and collective bargaining)","2018",0.17,
"Malawi","ILO - Calculations based on information from ILO textual sources","SDG indicator 8.8.2 - Level of national compliance with labour rights (freedom of association and collective bargaining)","2017",0.17,
"Malawi","ILO - Calculations based on information from ILO textual sources","SDG indicator 8.8.2 - Level of national compliance with labour rights (freedom of association and collective bargaining)","2016",0.17,
"Malawi","ILO - Calculations based on information from ILO textual sources","SDG indicator 8.8.2 - Level of national compliance with labour rights (freedom of association and collective bargaining)","2015",0.17,
"Malaysia","ILO - Calculations based on information from ILO textual sources","SDG indicator 8.8.2 - Level of national compliance with labour rights (freedom of association and collective bargaining)","2023",6.14,
"Malaysia","ILO - Calculations based on information from ILO textual sources","SDG indicator 8.8.2 - Level of national compliance with labour rights (freedom of association and collective bargaining)","2022",5.78,
"Malaysia","ILO - Calculations based on information from ILO textual sources","SDG indicator 8.8.2 - Level of national compliance with labour rights (freedom of association and collective bargaining)","2021",5.3,
"Malaysia","ILO - Calculations based on information from ILO textual sources","SDG indicator 8.8.2 - Level of national compliance with labour rights (freedom of association and collective bargaining)","2020",5.11,
"Malaysia","ILO - Calculations based on information from ILO textual sources","SDG indicator 8.8.2 - Level of national compliance with labour rights (freedom of association and collective bargaining)","2019",5.85,
"Malaysia","ILO - Calculations based on information from ILO textual sources","SDG indicator 8.8.2 - Level of national compliance with labour rights (freedom of association and collective bargaining)","2018",5.68,
"Malaysia","ILO - Calculations based on information from ILO textual sources","SDG indicator 8.8.2 - Level of national compliance with labour rights (freedom of association and collective bargaining)","2017",5.68,
"Malaysia","ILO - Calculations based on information from ILO textual sources","SDG indicator 8.8.2 - Level of national compliance with labour rights (freedom of association and collective bargaining)","2016",5.68,
"Malaysia","ILO - Calculations based on information from ILO textual sources","SDG indicator 8.8.2 - Level of national compliance with labour rights (freedom of association and collective bargaining)","2015",5.51,
"Namibia","ILO - Calculations based on information from ILO textual sources","SDG indicator 8.8.2 - Level of national compliance with labour rights (freedom of association and collective bargaining)","2023",0.88,
"Namibia","ILO - Calculations based on information from ILO textual sources","SDG indicator 8.8.2 - Level of national compliance with labour rights (freedom of association and collective bargaining)","2022",0.88,
"Namibia","ILO - Calculations based on information from ILO textual sources","SDG indicator 8.8.2 - Level of national compliance with labour rights (freedom of association and collective bargaining)","2021",0.53,
"Namibia","ILO - Calculations based on information from ILO textual sources","SDG indicator 8.8.2 - Level of national compliance with labour rights (freedom of association and collective bargaining)","2020",0.73,
"Namibia","ILO - Calculations based on information from ILO textual sources","SDG indicator 8.8.2 - Level of national compliance with labour rights (freedom of association and collective bargaining)","2019",0.73,
"Namibia","ILO - Calculations based on information from ILO textual sources","SDG indicator 8.8.2 - Level of national compliance with labour rights (freedom of association and collective bargaining)","2018",0.73,
"Namibia","ILO - Calculations based on information from ILO textual sources","SDG indicator 8.8.2 - Level of national compliance with labour rights (freedom of association and collective bargaining)","2017",0.73,
"Namibia","ILO - Calculations based on information from ILO textual sources","SDG indicator 8.8.2 - Level of national compliance with labour rights (freedom of association and collective bargaining)","2016",0.73,
"Namibia","ILO - Calculations based on information from ILO textual sources","SDG indicator 8.8.2 - Level of national compliance with labour rights (freedom of association and collective bargaining)","2015",0.73,
"Niger","ILO - Calculations based on information from ILO textual sources","SDG indicator 8.8.2 - Level of national compliance with labour rights (freedom of association and collective bargaining)","2023",1.3,
"Niger","ILO - Calculations based on information from ILO textual sources","SDG indicator 8.8.2 - Level of national compliance with labour rights (freedom of association and collective bargaining)","2022",1.3,
"Niger","ILO - Calculations based on information from ILO textual sources","SDG indicator 8.8.2 - Level of national compliance with labour rights (freedom of association and collective bargaining)","2021",1.3,
"Niger","ILO - Calculations based on information from ILO textual sources","SDG indicator 8.8.2 - Level of national compliance with labour rights (freedom of association and collective bargaining)","2020",1.3,
"Niger","ILO - Calculations based on information from ILO textual sources","SDG indicator 8.8.2 - Level of national compliance with labour rights (freedom of association and collective bargaining)","2019",1.3,
"Niger","ILO - Calculations based on information from ILO textual sources","SDG indicator 8.8.2 - Level of national compliance with labour rights (freedom of association and collective bargaining)","2018",1.3,
"Niger","ILO - Calculations based on information from ILO textual sources","SDG indicator 8.8.2 - Level of national compliance with labour rights (freedom of association and collective bargaining)","2017",1.3,
"Niger","ILO - Calculations based on information from ILO textual sources","SDG indicator 8.8.2 - Level of national compliance with labour rights (freedom of association and collective bargaining)","2016",1.3,
"Niger","ILO - Calculations based on information from ILO textual sources","SDG indicator 8.8.2 - Level of national compliance with labour rights (freedom of association and collective bargaining)","2015",0.55,
"Nigeria","ILO - Calculations based on information from ILO textual sources","SDG indicator 8.8.2 - Level of national compliance with labour rights (freedom of association and collective bargaining)","2023",3.08,
"Nigeria","ILO - Calculations based on information from ILO textual sources","SDG indicator 8.8.2 - Level of national compliance with labour rights (freedom of association and collective bargaining)","2022",3.08,
"Nigeria","ILO - Calculations based on information from ILO textual sources","SDG indicator 8.8.2 - Level of national compliance with labour rights (freedom of association and collective bargaining)","2021",3.08,
"Nigeria","ILO - Calculations based on information from ILO textual sources","SDG indicator 8.8.2 - Level of national compliance with labour rights (freedom of association and collective bargaining)","2020",2.9,
"Nigeria","ILO - Calculations based on information from ILO textual sources","SDG indicator 8.8.2 - Level of national compliance with labour rights (freedom of association and collective bargaining)","2019",2.9,
"Nigeria","ILO - Calculations based on information from ILO textual sources","SDG indicator 8.8.2 - Level of national compliance with labour rights (freedom of association and collective bargaining)","2018",2.9,
"Nigeria","ILO - Calculations based on information from ILO textual sources","SDG indicator 8.8.2 - Level of national compliance with labour rights (freedom of association and collective bargaining)","2017",2.9,
"Nigeria","ILO - Calculations based on information from ILO textual sources","SDG indicator 8.8.2 - Level of national compliance with labour rights (freedom of association and collective bargaining)","2016",3.46,
"Nigeria","ILO - Calculations based on information from ILO textual sources","SDG indicator 8.8.2 - Level of national compliance with labour rights (freedom of association and collective bargaining)","2015",3.5,
"Nicaragua","ILO - Calculations based on information from ILO textual sources","SDG indicator 8.8.2 - Level of national compliance with labour rights (freedom of association and collective bargaining)","2023",5.51,
"Nicaragua","ILO - Calculations based on information from ILO textual sources","SDG indicator 8.8.2 - Level of national compliance with labour rights (freedom of association and collective bargaining)","2022",4.67,
"Nicaragua","ILO - Calculations based on information from ILO textual sources","SDG indicator 8.8.2 - Level of national compliance with labour rights (freedom of association and collective bargaining)","2021",2.2,
"Nicaragua","ILO - Calculations based on information from ILO textual sources","SDG indicator 8.8.2 - Level of national compliance with labour rights (freedom of association and collective bargaining)","2020",0.36,"Remarks: The score should be treated with care due to the possibility of insufficient information in the textual sources, based on comparison with an externally produced indicator (see Metadata, point 4.f.)"
"Nicaragua","ILO - Calculations based on information from ILO textual sources","SDG indicator 8.8.2 - Level of national compliance with labour rights (freedom of association and collective bargaining)","2019",0.36,"Remarks: The score should be treated with care due to the possibility of insufficient information in the textual sources, based on comparison with an externally produced indicator (see Metadata, point 4.f.)"
"Nicaragua","ILO - Calculations based on information from ILO textual sources","SDG indicator 8.8.2 - Level of national compliance with labour rights (freedom of association and collective bargaining)","2018",0.36,"Remarks: The score should be treated with care due to the possibility of insufficient information in the textual sources, based on comparison with an externally produced indicator (see Metadata, point 4.f.)"
"Nicaragua","ILO - Calculations based on information from ILO textual sources","SDG indicator 8.8.2 - Level of national compliance with labour rights (freedom of association and collective bargaining)","2017",0.19,
"Nicaragua","ILO - Calculations based on information from ILO textual sources","SDG indicator 8.8.2 - Level of national compliance with labour rights (freedom of association and collective bargaining)","2016",0.36,
"Nicaragua","ILO - Calculations based on information from ILO textual sources","SDG indicator 8.8.2 - Level of national compliance with labour rights (freedom of association and collective bargaining)","2015",0.36,
"Netherlands","ILO - Calculations based on information from ILO textual sources","SDG indicator 8.8.2 - Level of national compliance with labour rights (freedom of association and collective bargaining)","2023",0.38,
"Netherlands","ILO - Calculations based on information from ILO textual sources","SDG indicator 8.8.2 - Level of national compliance with labour rights (freedom of association and collective bargaining)","2022",0.73,
"Netherlands","ILO - Calculations based on information from ILO textual sources","SDG indicator 8.8.2 - Level of national compliance with labour rights (freedom of association and collective bargaining)","2021",0.38,
"Netherlands","ILO - Calculations based on information from ILO textual sources","SDG indicator 8.8.2 - Level of national compliance with labour rights (freedom of association and collective bargaining)","2020",0.38,
"Netherlands","ILO - Calculations based on information from ILO textual sources","SDG indicator 8.8.2 - Level of national compliance with labour rights (freedom of association and collective bargaining)","2019",0.38,
"Netherlands","ILO - Calculations based on information from ILO textual sources","SDG indicator 8.8.2 - Level of national compliance with labour rights (freedom of association and collective bargaining)","2018",0.38,
"Netherlands","ILO - Calculations based on information from ILO textual sources","SDG indicator 8.8.2 - Level of national compliance with labour rights (freedom of association and collective bargaining)","2017",0.38,
"Netherlands","ILO - Calculations based on information from ILO textual sources","SDG indicator 8.8.2 - Level of national compliance with labour rights (freedom of association and collective bargaining)","2016",0.18,
"Netherlands","ILO - Calculations based on information from ILO textual sources","SDG indicator 8.8.2 - Level of national compliance with labour rights (freedom of association and collective bargaining)","2015",0.18,
"Norway","ILO - Calculations based on information from ILO textual sources","SDG indicator 8.8.2 - Level of national compliance with labour rights (freedom of association and collective bargaining)","2023",0,
"Norway","ILO - Calculations based on information from ILO textual sources","SDG indicator 8.8.2 - Level of national compliance with labour rights (freedom of association and collective bargaining)","2022",0,
"Norway","ILO - Calculations based on information from ILO textual sources","SDG indicator 8.8.2 - Level of national compliance with labour rights (freedom of association and collective bargaining)","2021",0,
"Norway","ILO - Calculations based on information from ILO textual sources","SDG indicator 8.8.2 - Level of national compliance with labour rights (freedom of association and collective bargaining)","2020",0,
"Norway","ILO - Calculations based on information from ILO textual sources","SDG indicator 8.8.2 - Level of national compliance with labour rights (freedom of association and collective bargaining)","2019",0,
"Norway","ILO - Calculations based on information from ILO textual sources","SDG indicator 8.8.2 - Level of national compliance with labour rights (freedom of association and collective bargaining)","2018",0,
"Norway","ILO - Calculations based on information from ILO textual sources","SDG indicator 8.8.2 - Level of national compliance with labour rights (freedom of association and collective bargaining)","2017",0,
"Norway","ILO - Calculations based on information from ILO textual sources","SDG indicator 8.8.2 - Level of national compliance with labour rights (freedom of association and collective bargaining)","2016",0,
"Norway","ILO - Calculations based on information from ILO textual sources","SDG indicator 8.8.2 - Level of national compliance with labour rights (freedom of association and collective bargaining)","2015",0,
"Nepal","ILO - Calculations based on information from ILO textual sources","SDG indicator 8.8.2 - Level of national compliance with labour rights (freedom of association and collective bargaining)","2023",3.95,
"Nepal","ILO - Calculations based on information from ILO textual sources","SDG indicator 8.8.2 - Level of national compliance with labour rights (freedom of association and collective bargaining)","2022",3.95,
"Nepal","ILO - Calculations based on information from ILO textual sources","SDG indicator 8.8.2 - Level of national compliance with labour rights (freedom of association and collective bargaining)","2021",3.78,
"Nepal","ILO - Calculations based on information from ILO textual sources","SDG indicator 8.8.2 - Level of national compliance with labour rights (freedom of association and collective bargaining)","2020",3.78,
"Nepal","ILO - Calculations based on information from ILO textual sources","SDG indicator 8.8.2 - Level of national compliance with labour rights (freedom of association and collective bargaining)","2019",3.78,
"Nepal","ILO - Calculations based on information from ILO textual sources","SDG indicator 8.8.2 - Level of national compliance with labour rights (freedom of association and collective bargaining)","2018",3.95,
"Nepal","ILO - Calculations based on information from ILO textual sources","SDG indicator 8.8.2 - Level of national compliance with labour rights (freedom of association and collective bargaining)","2017",3.78,
"Nepal","ILO - Calculations based on information from ILO textual sources","SDG indicator 8.8.2 - Level of national compliance with labour rights (freedom of association and collective bargaining)","2016",3.4,
"Nepal","ILO - Calculations based on information from ILO textual sources","SDG indicator 8.8.2 - Level of national compliance with labour rights (freedom of association and collective bargaining)","2015",3.57,
"New Zealand","ILO - Calculations based on information from ILO textual sources","SDG indicator 8.8.2 - Level of national compliance with labour rights (freedom of association and collective bargaining)","2023",1.1,
"New Zealand","ILO - Calculations based on information from ILO textual sources","SDG indicator 8.8.2 - Level of national compliance with labour rights (freedom of association and collective bargaining)","2022",1.1,
"New Zealand","ILO - Calculations based on information from ILO textual sources","SDG indicator 8.8.2 - Level of national compliance with labour rights (freedom of association and collective bargaining)","2021",1.1,
"New Zealand","ILO - Calculations based on information from ILO textual sources","SDG indicator 8.8.2 - Level of national compliance with labour rights (freedom of association and collective bargaining)","2020",1.43,
"New Zealand","ILO - Calculations based on information from ILO textual sources","SDG indicator 8.8.2 - Level of national compliance with labour rights (freedom of association and collective bargaining)","2019",1.43,
"New Zealand","ILO - Calculations based on information from ILO textual sources","SDG indicator 8.8.2 - Level of national compliance with labour rights (freedom of association and collective bargaining)","2018",1.79,
"New Zealand","ILO - Calculations based on information from ILO textual sources","SDG indicator 8.8.2 - Level of national compliance with labour rights (freedom of association and collective bargaining)","2017",1.79,
"New Zealand","ILO - Calculations based on information from ILO textual sources","SDG indicator 8.8.2 - Level of national compliance with labour rights (freedom of association and collective bargaining)","2016",1.46,
"New Zealand","ILO - Calculations based on information from ILO textual sources","SDG indicator 8.8.2 - Level of national compliance with labour rights (freedom of association and collective bargaining)","2015",1.28,
"Oman","ILO - Calculations based on information from ILO textual sources","SDG indicator 8.8.2 - Level of national compliance with labour rights (freedom of association and collective bargaining)","2023",4.17,
"Oman","ILO - Calculations based on information from ILO textual sources","SDG indicator 8.8.2 - Level of national compliance with labour rights (freedom of association and collective bargaining)","2022",4.17,
"Oman","ILO - Calculations based on information from ILO textual sources","SDG indicator 8.8.2 - Level of national compliance with labour rights (freedom of association and collective bargaining)","2021",4.17,
"Oman","ILO - Calculations based on information from ILO textual sources","SDG indicator 8.8.2 - Level of national compliance with labour rights (freedom of association and collective bargaining)","2020",4.17,
"Oman","ILO - Calculations based on information from ILO textual sources","SDG indicator 8.8.2 - Level of national compliance with labour rights (freedom of association and collective bargaining)","2019",4.17,
"Oman","ILO - Calculations based on information from ILO textual sources","SDG indicator 8.8.2 - Level of national compliance with labour rights (freedom of association and collective bargaining)","2018",4.17,
"Oman","ILO - Calculations based on information from ILO textual sources","SDG indicator 8.8.2 - Level of national compliance with labour rights (freedom of association and collective bargaining)","2017",3.78,
"Oman","ILO - Calculations based on information from ILO textual sources","SDG indicator 8.8.2 - Level of national compliance with labour rights (freedom of association and collective bargaining)","2016",3.78,
"Oman","ILO - Calculations based on information from ILO textual sources","SDG indicator 8.8.2 - Level of national compliance with labour rights (freedom of association and collective bargaining)","2015",3.6,
"Pakistan","ILO - Calculations based on information from ILO textual sources","SDG indicator 8.8.2 - Level of national compliance with labour rights (freedom of association and collective bargaining)","2023",5.01,
"Pakistan","ILO - Calculations based on information from ILO textual sources","SDG indicator 8.8.2 - Level of national compliance with labour rights (freedom of association and collective bargaining)","2022",4.85,
"Pakistan","ILO - Calculations based on information from ILO textual sources","SDG indicator 8.8.2 - Level of national compliance with labour rights (freedom of association and collective bargaining)","2021",4.82,
"Pakistan","ILO - Calculations based on information from ILO textual sources","SDG indicator 8.8.2 - Level of national compliance with labour rights (freedom of association and collective bargaining)","2020",4.64,
"Pakistan","ILO - Calculations based on information from ILO textual sources","SDG indicator 8.8.2 - Level of national compliance with labour rights (freedom of association and collective bargaining)","2019",4.99,
"Pakistan","ILO - Calculations based on information from ILO textual sources","SDG indicator 8.8.2 - Level of national compliance with labour rights (freedom of association and collective bargaining)","2018",4.82,
"Pakistan","ILO - Calculations based on information from ILO textual sources","SDG indicator 8.8.2 - Level of national compliance with labour rights (freedom of association and collective bargaining)","2017",4.26,
"Pakistan","ILO - Calculations based on information from ILO textual sources","SDG indicator 8.8.2 - Level of national compliance with labour rights (freedom of association and collective bargaining)","2016",4.23,
"Pakistan","ILO - Calculations based on information from ILO textual sources","SDG indicator 8.8.2 - Level of national compliance with labour rights (freedom of association and collective bargaining)","2015",4.41,
"Panama","ILO - Calculations based on information from ILO textual sources","SDG indicator 8.8.2 - Level of national compliance with labour rights (freedom of association and collective bargaining)","2023",4.7,
"Panama","ILO - Calculations based on information from ILO textual sources","SDG indicator 8.8.2 - Level of national compliance with labour rights (freedom of association and collective bargaining)","2022",4.7,
"Panama","ILO - Calculations based on information from ILO textual sources","SDG indicator 8.8.2 - Level of national compliance with labour rights (freedom of association and collective bargaining)","2021",4.7,
"Panama","ILO - Calculations based on information from ILO textual sources","SDG indicator 8.8.2 - Level of national compliance with labour rights (freedom of association and collective bargaining)","2020",4.7,
"Panama","ILO - Calculations based on information from ILO textual sources","SDG indicator 8.8.2 - Level of national compliance with labour rights (freedom of association and collective bargaining)","2019",4.87,
"Panama","ILO - Calculations based on information from ILO textual sources","SDG indicator 8.8.2 - Level of national compliance with labour rights (freedom of association and collective bargaining)","2018",4.7,
"Panama","ILO - Calculations based on information from ILO textual sources","SDG indicator 8.8.2 - Level of national compliance with labour rights (freedom of association and collective bargaining)","2017",4.87,
"Panama","ILO - Calculations based on information from ILO textual sources","SDG indicator 8.8.2 - Level of national compliance with labour rights (freedom of association and collective bargaining)","2016",4.87,
"Panama","ILO - Calculations based on information from ILO textual sources","SDG indicator 8.8.2 - Level of national compliance with labour rights (freedom of association and collective bargaining)","2015",4.31,
"Peru","ILO - Calculations based on information from ILO textual sources","SDG indicator 8.8.2 - Level of national compliance with labour rights (freedom of association and collective bargaining)","2023",4.77,
"Peru","ILO - Calculations based on information from ILO textual sources","SDG indicator 8.8.2 - Level of national compliance with labour rights (freedom of association and collective bargaining)","2022",4.77,
"Peru","ILO - Calculations based on information from ILO textual sources","SDG indicator 8.8.2 - Level of national compliance with labour rights (freedom of association and collective bargaining)","2021",4.2,
"Peru","ILO - Calculations based on information from ILO textual sources","SDG indicator 8.8.2 - Level of national compliance with labour rights (freedom of association and collective bargaining)","2020",4.2,
"Peru","ILO - Calculations based on information from ILO textual sources","SDG indicator 8.8.2 - Level of national compliance with labour rights (freedom of association and collective bargaining)","2019",4.2,
"Peru","ILO - Calculations based on information from ILO textual sources","SDG indicator 8.8.2 - Level of national compliance with labour rights (freedom of association and collective bargaining)","2018",4.2,
"Peru","ILO - Calculations based on information from ILO textual sources","SDG indicator 8.8.2 - Level of national compliance with labour rights (freedom of association and collective bargaining)","2017",4.74,
"Peru","ILO - Calculations based on information from ILO textual sources","SDG indicator 8.8.2 - Level of national compliance with labour rights (freedom of association and collective bargaining)","2016",4.75,
"Peru","ILO - Calculations based on information from ILO textual sources","SDG indicator 8.8.2 - Level of national compliance with labour rights (freedom of association and collective bargaining)","2015",4.5,
"Philippines","ILO - Calculations based on information from ILO textual sources","SDG indicator 8.8.2 - Level of national compliance with labour rights (freedom of association and collective bargaining)","2023",5.01,
"Philippines","ILO - Calculations based on information from ILO textual sources","SDG indicator 8.8.2 - Level of national compliance with labour rights (freedom of association and collective bargaining)","2022",4.85,
"Philippines","ILO - Calculations based on information from ILO textual sources","SDG indicator 8.8.2 - Level of national compliance with labour rights (freedom of association and collective bargaining)","2021",4.21,
"Philippines","ILO - Calculations based on information from ILO textual sources","SDG indicator 8.8.2 - Level of national compliance with labour rights (freedom of association and collective bargaining)","2020",3.97,
"Philippines","ILO - Calculations based on information from ILO textual sources","SDG indicator 8.8.2 - Level of national compliance with labour rights (freedom of association and collective bargaining)","2019",4.16,
"Philippines","ILO - Calculations based on information from ILO textual sources","SDG indicator 8.8.2 - Level of national compliance with labour rights (freedom of association and collective bargaining)","2018",4.37,
"Philippines","ILO - Calculations based on information from ILO textual sources","SDG indicator 8.8.2 - Level of national compliance with labour rights (freedom of association and collective bargaining)","2017",4.38,
"Philippines","ILO - Calculations based on information from ILO textual sources","SDG indicator 8.8.2 - Level of national compliance with labour rights (freedom of association and collective bargaining)","2016",4.97,
"Philippines","ILO - Calculations based on information from ILO textual sources","SDG indicator 8.8.2 - Level of national compliance with labour rights (freedom of association and collective bargaining)","2015",4.2,
"Palau","ILO - Calculations based on information from ILO textual sources","SDG indicator 8.8.2 - Level of national compliance with labour rights (freedom of association and collective bargaining)","2023",1.55,
"Palau","ILO - Calculations based on information from ILO textual sources","SDG indicator 8.8.2 - Level of national compliance with labour rights (freedom of association and collective bargaining)","2022",1.55,
"Palau","ILO - Calculations based on information from ILO textual sources","SDG indicator 8.8.2 - Level of national compliance with labour rights (freedom of association and collective bargaining)","2021",1.39,
"Palau","ILO - Calculations based on information from ILO textual sources","SDG indicator 8.8.2 - Level of national compliance with labour rights (freedom of association and collective bargaining)","2020",1.39,
"Palau","ILO - Calculations based on information from ILO textual sources","SDG indicator 8.8.2 - Level of national compliance with labour rights (freedom of association and collective bargaining)","2019",1.39,
"Palau","ILO - Calculations based on information from ILO textual sources","SDG indicator 8.8.2 - Level of national compliance with labour rights (freedom of association and collective bargaining)","2018",1.39,
"Palau","ILO - Calculations based on information from ILO textual sources","SDG indicator 8.8.2 - Level of national compliance with labour rights (freedom of association and collective bargaining)","2017",1.39,
"Palau","ILO - Calculations based on information from ILO textual sources","SDG indicator 8.8.2 - Level of national compliance with labour rights (freedom of association and collective bargaining)","2016",1.39,
"Palau","ILO - Calculations based on information from ILO textual sources","SDG indicator 8.8.2 - Level of national compliance with labour rights (freedom of association and collective bargaining)","2015",1.39,
"Papua New Guinea","ILO - Calculations based on information from ILO textual sources","SDG indicator 8.8.2 - Level of national compliance with labour rights (freedom of association and collective bargaining)","2023",1.1,
"Papua New Guinea","ILO - Calculations based on information from ILO textual sources","SDG indicator 8.8.2 - Level of national compliance with labour rights (freedom of association and collective bargaining)","2022",1.1,
"Papua New Guinea","ILO - Calculations based on information from ILO textual sources","SDG indicator 8.8.2 - Level of national compliance with labour rights (freedom of association and collective bargaining)","2021",1.1,
"Papua New Guinea","ILO - Calculations based on information from ILO textual sources","SDG indicator 8.8.2 - Level of national compliance with labour rights (freedom of association and collective bargaining)","2020",1.1,
"Papua New Guinea","ILO - Calculations based on information from ILO textual sources","SDG indicator 8.8.2 - Level of national compliance with labour rights (freedom of association and collective bargaining)","2019",1.1,
"Papua New Guinea","ILO - Calculations based on information from ILO textual sources","SDG indicator 8.8.2 - Level of national compliance with labour rights (freedom of association and collective bargaining)","2018",1.1,
"Papua New Guinea","ILO - Calculations based on information from ILO textual sources","SDG indicator 8.8.2 - Level of national compliance with labour rights (freedom of association and collective bargaining)","2017",1.27,
"Papua New Guinea","ILO - Calculations based on information from ILO textual sources","SDG indicator 8.8.2 - Level of national compliance with labour rights (freedom of association and collective bargaining)","2016",1.27,
"Papua New Guinea","ILO - Calculations based on information from ILO textual sources","SDG indicator 8.8.2 - Level of national compliance with labour rights (freedom of association and collective bargaining)","2015",1.27,
"Poland","ILO - Calculations based on information from ILO textual sources","SDG indicator 8.8.2 - Level of national compliance with labour rights (freedom of association and collective bargaining)","2023",0.91,
"Poland","ILO - Calculations based on information from ILO textual sources","SDG indicator 8.8.2 - Level of national compliance with labour rights (freedom of association and collective bargaining)","2022",0.91,
"Poland","ILO - Calculations based on information from ILO textual sources","SDG indicator 8.8.2 - Level of national compliance with labour rights (freedom of association and collective bargaining)","2021",1.1,
"Poland","ILO - Calculations based on information from ILO textual sources","SDG indicator 8.8.2 - Level of national compliance with labour rights (freedom of association and collective bargaining)","2020",1.1,
"Poland","ILO - Calculations based on information from ILO textual sources","SDG indicator 8.8.2 - Level of national compliance with labour rights (freedom of association and collective bargaining)","2019",1.1,
"Poland","ILO - Calculations based on information from ILO textual sources","SDG indicator 8.8.2 - Level of national compliance with labour rights (freedom of association and collective bargaining)","2018",1.1,
"Poland","ILO - Calculations based on information from ILO textual sources","SDG indicator 8.8.2 - Level of national compliance with labour rights (freedom of association and collective bargaining)","2017",0.95,
"Poland","ILO - Calculations based on information from ILO textual sources","SDG indicator 8.8.2 - Level of national compliance with labour rights (freedom of association and collective bargaining)","2016",1.43,
"Poland","ILO - Calculations based on information from ILO textual sources","SDG indicator 8.8.2 - Level of national compliance with labour rights (freedom of association and collective bargaining)","2015",0.95,
"Portugal","ILO - Calculations based on information from ILO textual sources","SDG indicator 8.8.2 - Level of national compliance with labour rights (freedom of association and collective bargaining)","2023",0.51,
"Portugal","ILO - Calculations based on information from ILO textual sources","SDG indicator 8.8.2 - Level of national compliance with labour rights (freedom of association and collective bargaining)","2022",0.51,
"Portugal","ILO - Calculations based on information from ILO textual sources","SDG indicator 8.8.2 - Level of national compliance with labour rights (freedom of association and collective bargaining)","2021",0.51,
"Portugal","ILO - Calculations based on information from ILO textual sources","SDG indicator 8.8.2 - Level of national compliance with labour rights (freedom of association and collective bargaining)","2020",0.51,
"Portugal","ILO - Calculations based on information from ILO textual sources","SDG indicator 8.8.2 - Level of national compliance with labour rights (freedom of association and collective bargaining)","2019",0.51,
"Portugal","ILO - Calculations based on information from ILO textual sources","SDG indicator 8.8.2 - Level of national compliance with labour rights (freedom of association and collective bargaining)","2018",0.51,
"Portugal","ILO - Calculations based on information from ILO textual sources","SDG indicator 8.8.2 - Level of national compliance with labour rights (freedom of association and collective bargaining)","2017",1.16,
"Portugal","ILO - Calculations based on information from ILO textual sources","SDG indicator 8.8.2 - Level of national compliance with labour rights (freedom of association and collective bargaining)","2016",1.16,
"Portugal","ILO - Calculations based on information from ILO textual sources","SDG indicator 8.8.2 - Level of national compliance with labour rights (freedom of association and collective bargaining)","2015",0.98,
"Paraguay","ILO - Calculations based on information from ILO textual sources","SDG indicator 8.8.2 - Level of national compliance with labour rights (freedom of association and collective bargaining)","2023",3.01,
"Paraguay","ILO - Calculations based on information from ILO textual sources","SDG indicator 8.8.2 - Level of national compliance with labour rights (freedom of association and collective bargaining)","2022",3.22,
"Paraguay","ILO - Calculations based on information from ILO textual sources","SDG indicator 8.8.2 - Level of national compliance with labour rights (freedom of association and collective bargaining)","2021",3.22,
"Paraguay","ILO - Calculations based on information from ILO textual sources","SDG indicator 8.8.2 - Level of national compliance with labour rights (freedom of association and collective bargaining)","2020",3.22,
"Paraguay","ILO - Calculations based on information from ILO textual sources","SDG indicator 8.8.2 - Level of national compliance with labour rights (freedom of association and collective bargaining)","2019",3.38,
"Paraguay","ILO - Calculations based on information from ILO textual sources","SDG indicator 8.8.2 - Level of national compliance with labour rights (freedom of association and collective bargaining)","2018",3.77,
"Paraguay","ILO - Calculations based on information from ILO textual sources","SDG indicator 8.8.2 - Level of national compliance with labour rights (freedom of association and collective bargaining)","2017",3.23,
"Paraguay","ILO - Calculations based on information from ILO textual sources","SDG indicator 8.8.2 - Level of national compliance with labour rights (freedom of association and collective bargaining)","2016",3.22,
"Paraguay","ILO - Calculations based on information from ILO textual sources","SDG indicator 8.8.2 - Level of national compliance with labour rights (freedom of association and collective bargaining)","2015",3.22,
"Qatar","ILO - Calculations based on information from ILO textual sources","SDG indicator 8.8.2 - Level of national compliance with labour rights (freedom of association and collective bargaining)","2023",8.72,
"Qatar","ILO - Calculations based on information from ILO textual sources","SDG indicator 8.8.2 - Level of national compliance with labour rights (freedom of association and collective bargaining)","2022",8.72,
"Qatar","ILO - Calculations based on information from ILO textual sources","SDG indicator 8.8.2 - Level of national compliance with labour rights (freedom of association and collective bargaining)","2021",8.56,
"Qatar","ILO - Calculations based on information from ILO textual sources","SDG indicator 8.8.2 - Level of national compliance with labour rights (freedom of association and collective bargaining)","2020",8.56,
"Qatar","ILO - Calculations based on information from ILO textual sources","SDG indicator 8.8.2 - Level of national compliance with labour rights (freedom of association and collective bargaining)","2019",8.56,
"Qatar","ILO - Calculations based on information from ILO textual sources","SDG indicator 8.8.2 - Level of national compliance with labour rights (freedom of association and collective bargaining)","2018",8.59,
"Qatar","ILO - Calculations based on information from ILO textual sources","SDG indicator 8.8.2 - Level of national compliance with labour rights (freedom of association and collective bargaining)","2017",8.59,
"Qatar","ILO - Calculations based on information from ILO textual sources","SDG indicator 8.8.2 - Level of national compliance with labour rights (freedom of association and collective bargaining)","2016",8.59,
"Qatar","ILO - Calculations based on information from ILO textual sources","SDG indicator 8.8.2 - Level of national compliance with labour rights (freedom of association and collective bargaining)","2015",8.59,
"Romania","ILO - Calculations based on information from ILO textual sources","SDG indicator 8.8.2 - Level of national compliance with labour rights (freedom of association and collective bargaining)","2023",1.78,
"Romania","ILO - Calculations based on information from ILO textual sources","SDG indicator 8.8.2 - Level of national compliance with labour rights (freedom of association and collective bargaining)","2022",2.44,
"Romania","ILO - Calculations based on information from ILO textual sources","SDG indicator 8.8.2 - Level of national compliance with labour rights (freedom of association and collective bargaining)","2021",2.44,
"Romania","ILO - Calculations based on information from ILO textual sources","SDG indicator 8.8.2 - Level of national compliance with labour rights (freedom of association and collective bargaining)","2020",2.27,
"Romania","ILO - Calculations based on information from ILO textual sources","SDG indicator 8.8.2 - Level of national compliance with labour rights (freedom of association and collective bargaining)","2019",2.27,
"Romania","ILO - Calculations based on information from ILO textual sources","SDG indicator 8.8.2 - Level of national compliance with labour rights (freedom of association and collective bargaining)","2018",2.14,
"Romania","ILO - Calculations based on information from ILO textual sources","SDG indicator 8.8.2 - Level of national compliance with labour rights (freedom of association and collective bargaining)","2017",2.14,
"Romania","ILO - Calculations based on information from ILO textual sources","SDG indicator 8.8.2 - Level of national compliance with labour rights (freedom of association and collective bargaining)","2016",2.34,
"Romania","ILO - Calculations based on information from ILO textual sources","SDG indicator 8.8.2 - Level of national compliance with labour rights (freedom of association and collective bargaining)","2015",1.76,
"Russian Federation","ILO - Calculations based on information from ILO textual sources","SDG indicator 8.8.2 - Level of national compliance with labour rights (freedom of association and collective bargaining)","2023",3.71,
"Russian Federation","ILO - Calculations based on information from ILO textual sources","SDG indicator 8.8.2 - Level of national compliance with labour rights (freedom of association and collective bargaining)","2022",3.53,
"Russian Federation","ILO - Calculations based on information from ILO textual sources","SDG indicator 8.8.2 - Level of national compliance with labour rights (freedom of association and collective bargaining)","2021",3.35,
"Russian Federation","ILO - Calculations based on information from ILO textual sources","SDG indicator 8.8.2 - Level of national compliance with labour rights (freedom of association and collective bargaining)","2020",2.19,"Remarks: The score should be treated with care due to the possibility of insufficient information in the textual sources, based on comparison with an externally produced indicator (see Metadata, point 4.f.)"
"Russian Federation","ILO - Calculations based on information from ILO textual sources","SDG indicator 8.8.2 - Level of national compliance with labour rights (freedom of association and collective bargaining)","2019",2.19,"Remarks: The score should be treated with care due to the possibility of insufficient information in the textual sources, based on comparison with an externally produced indicator (see Metadata, point 4.f.)"
"Russian Federation","ILO - Calculations based on information from ILO textual sources","SDG indicator 8.8.2 - Level of national compliance with labour rights (freedom of association and collective bargaining)","2018",2.19,"Remarks: The score should be treated with care due to the possibility of insufficient information in the textual sources, based on comparison with an externally produced indicator (see Metadata, point 4.f.)"
"Russian Federation","ILO - Calculations based on information from ILO textual sources","SDG indicator 8.8.2 - Level of national compliance with labour rights (freedom of association and collective bargaining)","2017",2.19,"Remarks: The score should be treated with care due to the possibility of insufficient information in the textual sources, based on comparison with an externally produced indicator (see Metadata, point 4.f.)"
"Russian Federation","ILO - Calculations based on information from ILO textual sources","SDG indicator 8.8.2 - Level of national compliance with labour rights (freedom of association and collective bargaining)","2016",2.19,"Remarks: The score should be treated with care due to the possibility of insufficient information in the textual sources, based on comparison with an externally produced indicator (see Metadata, point 4.f.)"
"Russian Federation","ILO - Calculations based on information from ILO textual sources","SDG indicator 8.8.2 - Level of national compliance with labour rights (freedom of association and collective bargaining)","2015",2.37,"Remarks: The score should be treated with care due to the possibility of insufficient information in the textual sources, based on comparison with an externally produced indicator (see Metadata, point 4.f.)"
"Rwanda","ILO - Calculations based on information from ILO textual sources","SDG indicator 8.8.2 - Level of national compliance with labour rights (freedom of association and collective bargaining)","2023",1.28,"Remarks: The score should be treated with care due to the possibility of insufficient information in the textual sources, based on comparison with an externally produced indicator (see Metadata, point 4.f.)"
"Rwanda","ILO - Calculations based on information from ILO textual sources","SDG indicator 8.8.2 - Level of national compliance with labour rights (freedom of association and collective bargaining)","2022",1.28,"Remarks: The score should be treated with care due to the possibility of insufficient information in the textual sources, based on comparison with an externally produced indicator (see Metadata, point 4.f.)"
"Rwanda","ILO - Calculations based on information from ILO textual sources","SDG indicator 8.8.2 - Level of national compliance with labour rights (freedom of association and collective bargaining)","2021",1.28,"Remarks: The score should be treated with care due to the possibility of insufficient information in the textual sources, based on comparison with an externally produced indicator (see Metadata, point 4.f.)"
"Rwanda","ILO - Calculations based on information from ILO textual sources","SDG indicator 8.8.2 - Level of national compliance with labour rights (freedom of association and collective bargaining)","2020",1.28,"Remarks: The score should be treated with care due to the possibility of insufficient information in the textual sources, based on comparison with an externally produced indicator (see Metadata, point 4.f.)"
"Rwanda","ILO - Calculations based on information from ILO textual sources","SDG indicator 8.8.2 - Level of national compliance with labour rights (freedom of association and collective bargaining)","2019",1.28,"Remarks: The score should be treated with care due to the possibility of insufficient information in the textual sources, based on comparison with an externally produced indicator (see Metadata, point 4.f.)"
"Rwanda","ILO - Calculations based on information from ILO textual sources","SDG indicator 8.8.2 - Level of national compliance with labour rights (freedom of association and collective bargaining)","2018",2.31,"Remarks: The score should be treated with care due to the possibility of insufficient information in the textual sources, based on comparison with an externally produced indicator (see Metadata, point 4.f.)"
"Rwanda","ILO - Calculations based on information from ILO textual sources","SDG indicator 8.8.2 - Level of national compliance with labour rights (freedom of association and collective bargaining)","2017",2.31,"Remarks: The score should be treated with care due to the possibility of insufficient information in the textual sources, based on comparison with an externally produced indicator (see Metadata, point 4.f.)"
"Rwanda","ILO - Calculations based on information from ILO textual sources","SDG indicator 8.8.2 - Level of national compliance with labour rights (freedom of association and collective bargaining)","2016",2.11,"Remarks: The score should be treated with care due to the possibility of insufficient information in the textual sources, based on comparison with an externally produced indicator (see Metadata, point 4.f.)"
"Rwanda","ILO - Calculations based on information from ILO textual sources","SDG indicator 8.8.2 - Level of national compliance with labour rights (freedom of association and collective bargaining)","2015",1.75,"Remarks: The score should be treated with care due to the possibility of insufficient information in the textual sources, based on comparison with an externally produced indicator (see Metadata, point 4.f.)"
"Saudi Arabia","ILO - Calculations based on information from ILO textual sources","SDG indicator 8.8.2 - Level of national compliance with labour rights (freedom of association and collective bargaining)","2023",6.64,
"Saudi Arabia","ILO - Calculations based on information from ILO textual sources","SDG indicator 8.8.2 - Level of national compliance with labour rights (freedom of association and collective bargaining)","2022",6.64,
"Saudi Arabia","ILO - Calculations based on information from ILO textual sources","SDG indicator 8.8.2 - Level of national compliance with labour rights (freedom of association and collective bargaining)","2021",6.64,
"Saudi Arabia","ILO - Calculations based on information from ILO textual sources","SDG indicator 8.8.2 - Level of national compliance with labour rights (freedom of association and collective bargaining)","2020",6.64,
"Saudi Arabia","ILO - Calculations based on information from ILO textual sources","SDG indicator 8.8.2 - Level of national compliance with labour rights (freedom of association and collective bargaining)","2019",6.64,
"Saudi Arabia","ILO - Calculations based on information from ILO textual sources","SDG indicator 8.8.2 - Level of national compliance with labour rights (freedom of association and collective bargaining)","2018",6.64,
"Saudi Arabia","ILO - Calculations based on information from ILO textual sources","SDG indicator 8.8.2 - Level of national compliance with labour rights (freedom of association and collective bargaining)","2017",6.64,
"Saudi Arabia","ILO - Calculations based on information from ILO textual sources","SDG indicator 8.8.2 - Level of national compliance with labour rights (freedom of association and collective bargaining)","2016",6.64,
"Saudi Arabia","ILO - Calculations based on information from ILO textual sources","SDG indicator 8.8.2 - Level of national compliance with labour rights (freedom of association and collective bargaining)","2015",6.64,
"Sudan","ILO - Calculations based on information from ILO textual sources","SDG indicator 8.8.2 - Level of national compliance with labour rights (freedom of association and collective bargaining)","2023",8.59,
"Sudan","ILO - Calculations based on information from ILO textual sources","SDG indicator 8.8.2 - Level of national compliance with labour rights (freedom of association and collective bargaining)","2022",6.86,
"Sudan","ILO - Calculations based on information from ILO textual sources","SDG indicator 8.8.2 - Level of national compliance with labour rights (freedom of association and collective bargaining)","2021",6.86,
"Sudan","ILO - Calculations based on information from ILO textual sources","SDG indicator 8.8.2 - Level of national compliance with labour rights (freedom of association and collective bargaining)","2020",6.86,
"Sudan","ILO - Calculations based on information from ILO textual sources","SDG indicator 8.8.2 - Level of national compliance with labour rights (freedom of association and collective bargaining)","2019",6.86,
"Sudan","ILO - Calculations based on information from ILO textual sources","SDG indicator 8.8.2 - Level of national compliance with labour rights (freedom of association and collective bargaining)","2018",7.05,
"Sudan","ILO - Calculations based on information from ILO textual sources","SDG indicator 8.8.2 - Level of national compliance with labour rights (freedom of association and collective bargaining)","2017",7.05,
"Sudan","ILO - Calculations based on information from ILO textual sources","SDG indicator 8.8.2 - Level of national compliance with labour rights (freedom of association and collective bargaining)","2016",7.05,
"Sudan","ILO - Calculations based on information from ILO textual sources","SDG indicator 8.8.2 - Level of national compliance with labour rights (freedom of association and collective bargaining)","2015",6.86,
"Senegal","ILO - Calculations based on information from ILO textual sources","SDG indicator 8.8.2 - Level of national compliance with labour rights (freedom of association and collective bargaining)","2023",1.44,
"Senegal","ILO - Calculations based on information from ILO textual sources","SDG indicator 8.8.2 - Level of national compliance with labour rights (freedom of association and collective bargaining)","2022",1.44,
"Senegal","ILO - Calculations based on information from ILO textual sources","SDG indicator 8.8.2 - Level of national compliance with labour rights (freedom of association and collective bargaining)","2021",1.63,
"Senegal","ILO - Calculations based on information from ILO textual sources","SDG indicator 8.8.2 - Level of national compliance with labour rights (freedom of association and collective bargaining)","2020",1.63,
"Senegal","ILO - Calculations based on information from ILO textual sources","SDG indicator 8.8.2 - Level of national compliance with labour rights (freedom of association and collective bargaining)","2019",1.63,
"Senegal","ILO - Calculations based on information from ILO textual sources","SDG indicator 8.8.2 - Level of national compliance with labour rights (freedom of association and collective bargaining)","2018",1.63,
"Senegal","ILO - Calculations based on information from ILO textual sources","SDG indicator 8.8.2 - Level of national compliance with labour rights (freedom of association and collective bargaining)","2017",1.84,
"Senegal","ILO - Calculations based on information from ILO textual sources","SDG indicator 8.8.2 - Level of national compliance with labour rights (freedom of association and collective bargaining)","2016",1.84,
"Senegal","ILO - Calculations based on information from ILO textual sources","SDG indicator 8.8.2 - Level of national compliance with labour rights (freedom of association and collective bargaining)","2015",1.84,
"Singapore","ILO - Calculations based on information from ILO textual sources","SDG indicator 8.8.2 - Level of national compliance with labour rights (freedom of association and collective bargaining)","2023",2.7,
"Singapore","ILO - Calculations based on information from ILO textual sources","SDG indicator 8.8.2 - Level of national compliance with labour rights (freedom of association and collective bargaining)","2022",2.7,
"Singapore","ILO - Calculations based on information from ILO textual sources","SDG indicator 8.8.2 - Level of national compliance with labour rights (freedom of association and collective bargaining)","2021",2.7,
"Singapore","ILO - Calculations based on information from ILO textual sources","SDG indicator 8.8.2 - Level of national compliance with labour rights (freedom of association and collective bargaining)","2020",2.7,
"Singapore","ILO - Calculations based on information from ILO textual sources","SDG indicator 8.8.2 - Level of national compliance with labour rights (freedom of association and collective bargaining)","2019",2.7,
"Singapore","ILO - Calculations based on information from ILO textual sources","SDG indicator 8.8.2 - Level of national compliance with labour rights (freedom of association and collective bargaining)","2018",2.7,
"Singapore","ILO - Calculations based on information from ILO textual sources","SDG indicator 8.8.2 - Level of national compliance with labour rights (freedom of association and collective bargaining)","2017",2.7,
"Singapore","ILO - Calculations based on information from ILO textual sources","SDG indicator 8.8.2 - Level of national compliance with labour rights (freedom of association and collective bargaining)","2016",2.7,
"Singapore","ILO - Calculations based on information from ILO textual sources","SDG indicator 8.8.2 - Level of national compliance with labour rights (freedom of association and collective bargaining)","2015",2.7,
"Solomon Islands","ILO - Calculations based on information from ILO textual sources","SDG indicator 8.8.2 - Level of national compliance with labour rights (freedom of association and collective bargaining)","2023",2.94,
"Solomon Islands","ILO - Calculations based on information from ILO textual sources","SDG indicator 8.8.2 - Level of national compliance with labour rights (freedom of association and collective bargaining)","2022",2.94,
"Solomon Islands","ILO - Calculations based on information from ILO textual sources","SDG indicator 8.8.2 - Level of national compliance with labour rights (freedom of association and collective bargaining)","2021",2.73,
"Solomon Islands","ILO - Calculations based on information from ILO textual sources","SDG indicator 8.8.2 - Level of national compliance with labour rights (freedom of association and collective bargaining)","2020",2.73,
"Solomon Islands","ILO - Calculations based on information from ILO textual sources","SDG indicator 8.8.2 - Level of national compliance with labour rights (freedom of association and collective bargaining)","2019",2.73,
"Solomon Islands","ILO - Calculations based on information from ILO textual sources","SDG indicator 8.8.2 - Level of national compliance with labour rights (freedom of association and collective bargaining)","2018",2.73,
"Solomon Islands","ILO - Calculations based on information from ILO textual sources","SDG indicator 8.8.2 - Level of national compliance with labour rights (freedom of association and collective bargaining)","2017",2.73,
"Solomon Islands","ILO - Calculations based on information from ILO textual sources","SDG indicator 8.8.2 - Level of national compliance with labour rights (freedom of association and collective bargaining)","2016",2.73,
"Solomon Islands","ILO - Calculations based on information from ILO textual sources","SDG indicator 8.8.2 - Level of national compliance with labour rights (freedom of association and collective bargaining)","2015",2.73,
"Sierra Leone","ILO - Calculations based on information from ILO textual sources","SDG indicator 8.8.2 - Level of national compliance with labour rights (freedom of association and collective bargaining)","2023",0.75,
"Sierra Leone","ILO - Calculations based on information from ILO textual sources","SDG indicator 8.8.2 - Level of national compliance with labour rights (freedom of association and collective bargaining)","2022",0.75,
"Sierra Leone","ILO - Calculations based on information from ILO textual sources","SDG indicator 8.8.2 - Level of national compliance with labour rights (freedom of association and collective bargaining)","2021",0.75,
"Sierra Leone","ILO - Calculations based on information from ILO textual sources","SDG indicator 8.8.2 - Level of national compliance with labour rights (freedom of association and collective bargaining)","2020",0.75,
"Sierra Leone","ILO - Calculations based on information from ILO textual sources","SDG indicator 8.8.2 - Level of national compliance with labour rights (freedom of association and collective bargaining)","2019",0.75,
"Sierra Leone","ILO - Calculations based on information from ILO textual sources","SDG indicator 8.8.2 - Level of national compliance with labour rights (freedom of association and collective bargaining)","2018",0.75,
"Sierra Leone","ILO - Calculations based on information from ILO textual sources","SDG indicator 8.8.2 - Level of national compliance with labour rights (freedom of association and collective bargaining)","2017",0.75,
"Sierra Leone","ILO - Calculations based on information from ILO textual sources","SDG indicator 8.8.2 - Level of national compliance with labour rights (freedom of association and collective bargaining)","2016",0.75,
"Sierra Leone","ILO - Calculations based on information from ILO textual sources","SDG indicator 8.8.2 - Level of national compliance with labour rights (freedom of association and collective bargaining)","2015",0.75,
"El Salvador","ILO - Calculations based on information from ILO textual sources","SDG indicator 8.8.2 - Level of national compliance with labour rights (freedom of association and collective bargaining)","2023",6.22,
"El Salvador","ILO - Calculations based on information from ILO textual sources","SDG indicator 8.8.2 - Level of national compliance with labour rights (freedom of association and collective bargaining)","2022",5.48,
"El Salvador","ILO - Calculations based on information from ILO textual sources","SDG indicator 8.8.2 - Level of national compliance with labour rights (freedom of association and collective bargaining)","2021",5.48,
"El Salvador","ILO - Calculations based on information from ILO textual sources","SDG indicator 8.8.2 - Level of national compliance with labour rights (freedom of association and collective bargaining)","2020",4.42,
"El Salvador","ILO - Calculations based on information from ILO textual sources","SDG indicator 8.8.2 - Level of national compliance with labour rights (freedom of association and collective bargaining)","2019",4.61,
"El Salvador","ILO - Calculations based on information from ILO textual sources","SDG indicator 8.8.2 - Level of national compliance with labour rights (freedom of association and collective bargaining)","2018",4.95,
"El Salvador","ILO - Calculations based on information from ILO textual sources","SDG indicator 8.8.2 - Level of national compliance with labour rights (freedom of association and collective bargaining)","2017",5.33,
"El Salvador","ILO - Calculations based on information from ILO textual sources","SDG indicator 8.8.2 - Level of national compliance with labour rights (freedom of association and collective bargaining)","2016",5.18,
"El Salvador","ILO - Calculations based on information from ILO textual sources","SDG indicator 8.8.2 - Level of national compliance with labour rights (freedom of association and collective bargaining)","2015",3.65,
"San Marino","ILO - Calculations based on information from ILO textual sources","SDG indicator 8.8.2 - Level of national compliance with labour rights (freedom of association and collective bargaining)","2023",0,
"San Marino","ILO - Calculations based on information from ILO textual sources","SDG indicator 8.8.2 - Level of national compliance with labour rights (freedom of association and collective bargaining)","2022",0,
"San Marino","ILO - Calculations based on information from ILO textual sources","SDG indicator 8.8.2 - Level of national compliance with labour rights (freedom of association and collective bargaining)","2021",0,
"San Marino","ILO - Calculations based on information from ILO textual sources","SDG indicator 8.8.2 - Level of national compliance with labour rights (freedom of association and collective bargaining)","2020",0,
"San Marino","ILO - Calculations based on information from ILO textual sources","SDG indicator 8.8.2 - Level of national compliance with labour rights (freedom of association and collective bargaining)","2019",0,
"San Marino","ILO - Calculations based on information from ILO textual sources","SDG indicator 8.8.2 - Level of national compliance with labour rights (freedom of association and collective bargaining)","2018",0,
"San Marino","ILO - Calculations based on information from ILO textual sources","SDG indicator 8.8.2 - Level of national compliance with labour rights (freedom of association and collective bargaining)","2017",0,
"San Marino","ILO - Calculations based on information from ILO textual sources","SDG indicator 8.8.2 - Level of national compliance with labour rights (freedom of association and collective bargaining)","2016",0,
"San Marino","ILO - Calculations based on information from ILO textual sources","SDG indicator 8.8.2 - Level of national compliance with labour rights (freedom of association and collective bargaining)","2015",0,
"Somalia","ILO - Calculations based on information from ILO textual sources","SDG indicator 8.8.2 - Level of national compliance with labour rights (freedom of association and collective bargaining)","2018",0.98,"Remarks: The score should be treated with care due to the possibility of insufficient information in the textual sources, based on comparison with an externally produced indicator (see Metadata, point 4.f.)"
"Somalia","ILO - Calculations based on information from ILO textual sources","SDG indicator 8.8.2 - Level of national compliance with labour rights (freedom of association and collective bargaining)","2017",1.56,"Remarks: The score should be treated with care due to the possibility of insufficient information in the textual sources, based on comparison with an externally produced indicator (see Metadata, point 4.f.)"
"Somalia","ILO - Calculations based on information from ILO textual sources","SDG indicator 8.8.2 - Level of national compliance with labour rights (freedom of association and collective bargaining)","2016",1.56,"Remarks: The score should be treated with care due to the possibility of insufficient information in the textual sources, based on comparison with an externally produced indicator (see Metadata, point 4.f.)"
"Somalia","ILO - Calculations based on information from ILO textual sources","SDG indicator 8.8.2 - Level of national compliance with labour rights (freedom of association and collective bargaining)","2015",1.88,"Remarks: The score should be treated with care due to the possibility of insufficient information in the textual sources, based on comparison with an externally produced indicator (see Metadata, point 4.f.)"
"Serbia","ILO - Calculations based on information from ILO textual sources","SDG indicator 8.8.2 - Level of national compliance with labour rights (freedom of association and collective bargaining)","2023",1.41,
"Serbia","ILO - Calculations based on information from ILO textual sources","SDG indicator 8.8.2 - Level of national compliance with labour rights (freedom of association and collective bargaining)","2022",1.41,
"Serbia","ILO - Calculations based on information from ILO textual sources","SDG indicator 8.8.2 - Level of national compliance with labour rights (freedom of association and collective bargaining)","2021",1.41,
"Serbia","ILO - Calculations based on information from ILO textual sources","SDG indicator 8.8.2 - Level of national compliance with labour rights (freedom of association and collective bargaining)","2020",1.41,
"Serbia","ILO - Calculations based on information from ILO textual sources","SDG indicator 8.8.2 - Level of national compliance with labour rights (freedom of association and collective bargaining)","2019",1.41,
"Serbia","ILO - Calculations based on information from ILO textual sources","SDG indicator 8.8.2 - Level of national compliance with labour rights (freedom of association and collective bargaining)","2018",1.41,
"Serbia","ILO - Calculations based on information from ILO textual sources","SDG indicator 8.8.2 - Level of national compliance with labour rights (freedom of association and collective bargaining)","2017",1.6,
"Serbia","ILO - Calculations based on information from ILO textual sources","SDG indicator 8.8.2 - Level of national compliance with labour rights (freedom of association and collective bargaining)","2016",1.6,
"Serbia","ILO - Calculations based on information from ILO textual sources","SDG indicator 8.8.2 - Level of national compliance with labour rights (freedom of association and collective bargaining)","2015",1.6,
"South Sudan","ILO - Calculations based on information from ILO textual sources","SDG indicator 8.8.2 - Level of national compliance with labour rights (freedom of association and collective bargaining)","2023",2.18,"Remarks: The score should be treated with care due to the possibility of insufficient information in the textual sources, based on comparison with an externally produced indicator (see Metadata, point 4.f.)"
"South Sudan","ILO - Calculations based on information from ILO textual sources","SDG indicator 8.8.2 - Level of national compliance with labour rights (freedom of association and collective bargaining)","2022",2.03,"Remarks: The score should be treated with care due to the possibility of insufficient information in the textual sources, based on comparison with an externally produced indicator (see Metadata, point 4.f.)"
"South Sudan","ILO - Calculations based on information from ILO textual sources","SDG indicator 8.8.2 - Level of national compliance with labour rights (freedom of association and collective bargaining)","2021",2.03,"Remarks: The score should be treated with care due to the possibility of insufficient information in the textual sources, based on comparison with an externally produced indicator (see Metadata, point 4.f.)"
"South Sudan","ILO - Calculations based on information from ILO textual sources","SDG indicator 8.8.2 - Level of national compliance with labour rights (freedom of association and collective bargaining)","2020",2.03,"Remarks: The score should be treated with care due to the possibility of insufficient information in the textual sources, based on comparison with an externally produced indicator (see Metadata, point 4.f.)"
"South Sudan","ILO - Calculations based on information from ILO textual sources","SDG indicator 8.8.2 - Level of national compliance with labour rights (freedom of association and collective bargaining)","2019",2.03,"Remarks: The score should be treated with care due to the possibility of insufficient information in the textual sources, based on comparison with an externally produced indicator (see Metadata, point 4.f.)"
"South Sudan","ILO - Calculations based on information from ILO textual sources","SDG indicator 8.8.2 - Level of national compliance with labour rights (freedom of association and collective bargaining)","2018",2.03,"Remarks: The score should be treated with care due to the possibility of insufficient information in the textual sources, based on comparison with an externally produced indicator (see Metadata, point 4.f.)"
"South Sudan","ILO - Calculations based on information from ILO textual sources","SDG indicator 8.8.2 - Level of national compliance with labour rights (freedom of association and collective bargaining)","2017",2.03,"Remarks: The score should be treated with care due to the possibility of insufficient information in the textual sources, based on comparison with an externally produced indicator (see Metadata, point 4.f.)"
"South Sudan","ILO - Calculations based on information from ILO textual sources","SDG indicator 8.8.2 - Level of national compliance with labour rights (freedom of association and collective bargaining)","2016",1.83,"Remarks: The score should be treated with care due to the possibility of insufficient information in the textual sources, based on comparison with an externally produced indicator (see Metadata, point 4.f.)"
"South Sudan","ILO - Calculations based on information from ILO textual sources","SDG indicator 8.8.2 - Level of national compliance with labour rights (freedom of association and collective bargaining)","2015",1.1,"Remarks: The score should be treated with care due to the possibility of insufficient information in the textual sources, based on comparison with an externally produced indicator (see Metadata, point 4.f.)"
"Sao Tome and Principe","ILO - Calculations based on information from ILO textual sources","SDG indicator 8.8.2 - Level of national compliance with labour rights (freedom of association and collective bargaining)","2023",1.16,
"Sao Tome and Principe","ILO - Calculations based on information from ILO textual sources","SDG indicator 8.8.2 - Level of national compliance with labour rights (freedom of association and collective bargaining)","2022",1.16,
"Sao Tome and Principe","ILO - Calculations based on information from ILO textual sources","SDG indicator 8.8.2 - Level of national compliance with labour rights (freedom of association and collective bargaining)","2021",1.16,
"Sao Tome and Principe","ILO - Calculations based on information from ILO textual sources","SDG indicator 8.8.2 - Level of national compliance with labour rights (freedom of association and collective bargaining)","2020",1.16,
"Sao Tome and Principe","ILO - Calculations based on information from ILO textual sources","SDG indicator 8.8.2 - Level of national compliance with labour rights (freedom of association and collective bargaining)","2019",1.34,
"Sao Tome and Principe","ILO - Calculations based on information from ILO textual sources","SDG indicator 8.8.2 - Level of national compliance with labour rights (freedom of association and collective bargaining)","2018",1.34,
"Sao Tome and Principe","ILO - Calculations based on information from ILO textual sources","SDG indicator 8.8.2 - Level of national compliance with labour rights (freedom of association and collective bargaining)","2017",1.34,
"Sao Tome and Principe","ILO - Calculations based on information from ILO textual sources","SDG indicator 8.8.2 - Level of national compliance with labour rights (freedom of association and collective bargaining)","2016",1.34,
"Sao Tome and Principe","ILO - Calculations based on information from ILO textual sources","SDG indicator 8.8.2 - Level of national compliance with labour rights (freedom of association and collective bargaining)","2015",1.34,
"Suriname","ILO - Calculations based on information from ILO textual sources","SDG indicator 8.8.2 - Level of national compliance with labour rights (freedom of association and collective bargaining)","2023",0.17,
"Suriname","ILO - Calculations based on information from ILO textual sources","SDG indicator 8.8.2 - Level of national compliance with labour rights (freedom of association and collective bargaining)","2022",0.17,
"Suriname","ILO - Calculations based on information from ILO textual sources","SDG indicator 8.8.2 - Level of national compliance with labour rights (freedom of association and collective bargaining)","2021",0.17,
"Suriname","ILO - Calculations based on information from ILO textual sources","SDG indicator 8.8.2 - Level of national compliance with labour rights (freedom of association and collective bargaining)","2020",0.17,
"Suriname","ILO - Calculations based on information from ILO textual sources","SDG indicator 8.8.2 - Level of national compliance with labour rights (freedom of association and collective bargaining)","2019",0.17,
"Suriname","ILO - Calculations based on information from ILO textual sources","SDG indicator 8.8.2 - Level of national compliance with labour rights (freedom of association and collective bargaining)","2018",0.17,
"Suriname","ILO - Calculations based on information from ILO textual sources","SDG indicator 8.8.2 - Level of national compliance with labour rights (freedom of association and collective bargaining)","2017",0,
"Suriname","ILO - Calculations based on information from ILO textual sources","SDG indicator 8.8.2 - Level of national compliance with labour rights (freedom of association and collective bargaining)","2016",0,
"Suriname","ILO - Calculations based on information from ILO textual sources","SDG indicator 8.8.2 - Level of national compliance with labour rights (freedom of association and collective bargaining)","2015",0,
"Slovakia","ILO - Calculations based on information from ILO textual sources","SDG indicator 8.8.2 - Level of national compliance with labour rights (freedom of association and collective bargaining)","2023",0,
"Slovakia","ILO - Calculations based on information from ILO textual sources","SDG indicator 8.8.2 - Level of national compliance with labour rights (freedom of association and collective bargaining)","2022",0,
"Slovakia","ILO - Calculations based on information from ILO textual sources","SDG indicator 8.8.2 - Level of national compliance with labour rights (freedom of association and collective bargaining)","2021",0,
"Slovakia","ILO - Calculations based on information from ILO textual sources","SDG indicator 8.8.2 - Level of national compliance with labour rights (freedom of association and collective bargaining)","2020",0,
"Slovakia","ILO - Calculations based on information from ILO textual sources","SDG indicator 8.8.2 - Level of national compliance with labour rights (freedom of association and collective bargaining)","2019",0,
"Slovakia","ILO - Calculations based on information from ILO textual sources","SDG indicator 8.8.2 - Level of national compliance with labour rights (freedom of association and collective bargaining)","2018",0,
"Slovakia","ILO - Calculations based on information from ILO textual sources","SDG indicator 8.8.2 - Level of national compliance with labour rights (freedom of association and collective bargaining)","2017",0,
"Slovakia","ILO - Calculations based on information from ILO textual sources","SDG indicator 8.8.2 - Level of national compliance with labour rights (freedom of association and collective bargaining)","2016",0,
"Slovakia","ILO - Calculations based on information from ILO textual sources","SDG indicator 8.8.2 - Level of national compliance with labour rights (freedom of association and collective bargaining)","2015",0,
"Slovenia","ILO - Calculations based on information from ILO textual sources","SDG indicator 8.8.2 - Level of national compliance with labour rights (freedom of association and collective bargaining)","2023",0.18,
"Slovenia","ILO - Calculations based on information from ILO textual sources","SDG indicator 8.8.2 - Level of national compliance with labour rights (freedom of association and collective bargaining)","2022",0.18,
"Slovenia","ILO - Calculations based on information from ILO textual sources","SDG indicator 8.8.2 - Level of national compliance with labour rights (freedom of association and collective bargaining)","2021",0.18,
"Slovenia","ILO - Calculations based on information from ILO textual sources","SDG indicator 8.8.2 - Level of national compliance with labour rights (freedom of association and collective bargaining)","2020",0.18,
"Slovenia","ILO - Calculations based on information from ILO textual sources","SDG indicator 8.8.2 - Level of national compliance with labour rights (freedom of association and collective bargaining)","2019",0.18,
"Slovenia","ILO - Calculations based on information from ILO textual sources","SDG indicator 8.8.2 - Level of national compliance with labour rights (freedom of association and collective bargaining)","2018",0.18,
"Slovenia","ILO - Calculations based on information from ILO textual sources","SDG indicator 8.8.2 - Level of national compliance with labour rights (freedom of association and collective bargaining)","2017",0.18,
"Slovenia","ILO - Calculations based on information from ILO textual sources","SDG indicator 8.8.2 - Level of national compliance with labour rights (freedom of association and collective bargaining)","2016",0.18,
"Slovenia","ILO - Calculations based on information from ILO textual sources","SDG indicator 8.8.2 - Level of national compliance with labour rights (freedom of association and collective bargaining)","2015",0.18,
"Sweden","ILO - Calculations based on information from ILO textual sources","SDG indicator 8.8.2 - Level of national compliance with labour rights (freedom of association and collective bargaining)","2023",0,
"Sweden","ILO - Calculations based on information from ILO textual sources","SDG indicator 8.8.2 - Level of national compliance with labour rights (freedom of association and collective bargaining)","2022",0,
"Sweden","ILO - Calculations based on information from ILO textual sources","SDG indicator 8.8.2 - Level of national compliance with labour rights (freedom of association and collective bargaining)","2021",0,
"Sweden","ILO - Calculations based on information from ILO textual sources","SDG indicator 8.8.2 - Level of national compliance with labour rights (freedom of association and collective bargaining)","2020",0,
"Sweden","ILO - Calculations based on information from ILO textual sources","SDG indicator 8.8.2 - Level of national compliance with labour rights (freedom of association and collective bargaining)","2019",0,
"Sweden","ILO - Calculations based on information from ILO textual sources","SDG indicator 8.8.2 - Level of national compliance with labour rights (freedom of association and collective bargaining)","2018",0,
"Sweden","ILO - Calculations based on information from ILO textual sources","SDG indicator 8.8.2 - Level of national compliance with labour rights (freedom of association and collective bargaining)","2017",0.15,
"Sweden","ILO - Calculations based on information from ILO textual sources","SDG indicator 8.8.2 - Level of national compliance with labour rights (freedom of association and collective bargaining)","2016",0.15,
"Sweden","ILO - Calculations based on information from ILO textual sources","SDG indicator 8.8.2 - Level of national compliance with labour rights (freedom of association and collective bargaining)","2015",0.15,
"Eswatini","ILO - Calculations based on information from ILO textual sources","SDG indicator 8.8.2 - Level of national compliance with labour rights (freedom of association and collective bargaining)","2023",1.94,"Remarks: The score should be treated with care due to the possibility of insufficient information in the textual sources, based on comparison with an externally produced indicator (see Metadata, point 4.f.)"
"Eswatini","ILO - Calculations based on information from ILO textual sources","SDG indicator 8.8.2 - Level of national compliance with labour rights (freedom of association and collective bargaining)","2022",1.15,"Remarks: The score should be treated with care due to the possibility of insufficient information in the textual sources, based on comparison with an externally produced indicator (see Metadata, point 4.f.)"
"Eswatini","ILO - Calculations based on information from ILO textual sources","SDG indicator 8.8.2 - Level of national compliance with labour rights (freedom of association and collective bargaining)","2021",0.75,"Remarks: The score should be treated with care due to the possibility of insufficient information in the textual sources, based on comparison with an externally produced indicator (see Metadata, point 4.f.)"
"Eswatini","ILO - Calculations based on information from ILO textual sources","SDG indicator 8.8.2 - Level of national compliance with labour rights (freedom of association and collective bargaining)","2020",0.75,"Remarks: The score should be treated with care due to the possibility of insufficient information in the textual sources, based on comparison with an externally produced indicator (see Metadata, point 4.f.)"
"Eswatini","ILO - Calculations based on information from ILO textual sources","SDG indicator 8.8.2 - Level of national compliance with labour rights (freedom of association and collective bargaining)","2019",0.75,"Remarks: The score should be treated with care due to the possibility of insufficient information in the textual sources, based on comparison with an externally produced indicator (see Metadata, point 4.f.)"
"Eswatini","ILO - Calculations based on information from ILO textual sources","SDG indicator 8.8.2 - Level of national compliance with labour rights (freedom of association and collective bargaining)","2018",0.55,"Remarks: The score should be treated with care due to the possibility of insufficient information in the textual sources, based on comparison with an externally produced indicator (see Metadata, point 4.f.)"
"Eswatini","ILO - Calculations based on information from ILO textual sources","SDG indicator 8.8.2 - Level of national compliance with labour rights (freedom of association and collective bargaining)","2017",1.44,"Remarks: The score should be treated with care due to the possibility of insufficient information in the textual sources, based on comparison with an externally produced indicator (see Metadata, point 4.f.)"
"Eswatini","ILO - Calculations based on information from ILO textual sources","SDG indicator 8.8.2 - Level of national compliance with labour rights (freedom of association and collective bargaining)","2016",1.62,"Remarks: The score should be treated with care due to the possibility of insufficient information in the textual sources, based on comparison with an externally produced indicator (see Metadata, point 4.f.)"
"Eswatini","ILO - Calculations based on information from ILO textual sources","SDG indicator 8.8.2 - Level of national compliance with labour rights (freedom of association and collective bargaining)","2015",2.4,
"Seychelles","ILO - Calculations based on information from ILO textual sources","SDG indicator 8.8.2 - Level of national compliance with labour rights (freedom of association and collective bargaining)","2023",1.07,
"Seychelles","ILO - Calculations based on information from ILO textual sources","SDG indicator 8.8.2 - Level of national compliance with labour rights (freedom of association and collective bargaining)","2022",1.07,
"Seychelles","ILO - Calculations based on information from ILO textual sources","SDG indicator 8.8.2 - Level of national compliance with labour rights (freedom of association and collective bargaining)","2021",1.07,
"Seychelles","ILO - Calculations based on information from ILO textual sources","SDG indicator 8.8.2 - Level of national compliance with labour rights (freedom of association and collective bargaining)","2020",1.07,
"Seychelles","ILO - Calculations based on information from ILO textual sources","SDG indicator 8.8.2 - Level of national compliance with labour rights (freedom of association and collective bargaining)","2019",1.07,
"Seychelles","ILO - Calculations based on information from ILO textual sources","SDG indicator 8.8.2 - Level of national compliance with labour rights (freedom of association and collective bargaining)","2018",1.07,
"Seychelles","ILO - Calculations based on information from ILO textual sources","SDG indicator 8.8.2 - Level of national compliance with labour rights (freedom of association and collective bargaining)","2017",1.26,
"Seychelles","ILO - Calculations based on information from ILO textual sources","SDG indicator 8.8.2 - Level of national compliance with labour rights (freedom of association and collective bargaining)","2016",1.26,
"Seychelles","ILO - Calculations based on information from ILO textual sources","SDG indicator 8.8.2 - Level of national compliance with labour rights (freedom of association and collective bargaining)","2015",1.26,
"Syrian Arab Republic","ILO - Calculations based on information from ILO textual sources","SDG indicator 8.8.2 - Level of national compliance with labour rights (freedom of association and collective bargaining)","2023",6.47,
"Syrian Arab Republic","ILO - Calculations based on information from ILO textual sources","SDG indicator 8.8.2 - Level of national compliance with labour rights (freedom of association and collective bargaining)","2022",6.47,
"Syrian Arab Republic","ILO - Calculations based on information from ILO textual sources","SDG indicator 8.8.2 - Level of national compliance with labour rights (freedom of association and collective bargaining)","2021",6.47,
"Syrian Arab Republic","ILO - Calculations based on information from ILO textual sources","SDG indicator 8.8.2 - Level of national compliance with labour rights (freedom of association and collective bargaining)","2020",6.47,
"Syrian Arab Republic","ILO - Calculations based on information from ILO textual sources","SDG indicator 8.8.2 - Level of national compliance with labour rights (freedom of association and collective bargaining)","2019",6.47,
"Syrian Arab Republic","ILO - Calculations based on information from ILO textual sources","SDG indicator 8.8.2 - Level of national compliance with labour rights (freedom of association and collective bargaining)","2018",6.47,
"Syrian Arab Republic","ILO - Calculations based on information from ILO textual sources","SDG indicator 8.8.2 - Level of national compliance with labour rights (freedom of association and collective bargaining)","2017",6.47,
"Syrian Arab Republic","ILO - Calculations based on information from ILO textual sources","SDG indicator 8.8.2 - Level of national compliance with labour rights (freedom of association and collective bargaining)","2016",6.47,
"Syrian Arab Republic","ILO - Calculations based on information from ILO textual sources","SDG indicator 8.8.2 - Level of national compliance with labour rights (freedom of association and collective bargaining)","2015",6.65,
"Chad","ILO - Calculations based on information from ILO textual sources","SDG indicator 8.8.2 - Level of national compliance with labour rights (freedom of association and collective bargaining)","2023",0.7,"Remarks: The score should be treated with care due to the possibility of insufficient information in the textual sources, based on comparison with an externally produced indicator (see Metadata, point 4.f.)"
"Chad","ILO - Calculations based on information from ILO textual sources","SDG indicator 8.8.2 - Level of national compliance with labour rights (freedom of association and collective bargaining)","2022",0.7,"Remarks: The score should be treated with care due to the possibility of insufficient information in the textual sources, based on comparison with an externally produced indicator (see Metadata, point 4.f.)"
"Chad","ILO - Calculations based on information from ILO textual sources","SDG indicator 8.8.2 - Level of national compliance with labour rights (freedom of association and collective bargaining)","2021",0.7,"Remarks: The score should be treated with care due to the possibility of insufficient information in the textual sources, based on comparison with an externally produced indicator (see Metadata, point 4.f.)"
"Chad","ILO - Calculations based on information from ILO textual sources","SDG indicator 8.8.2 - Level of national compliance with labour rights (freedom of association and collective bargaining)","2020",0.7,"Remarks: The score should be treated with care due to the possibility of insufficient information in the textual sources, based on comparison with an externally produced indicator (see Metadata, point 4.f.)"
"Chad","ILO - Calculations based on information from ILO textual sources","SDG indicator 8.8.2 - Level of national compliance with labour rights (freedom of association and collective bargaining)","2019",0.7,"Remarks: The score should be treated with care due to the possibility of insufficient information in the textual sources, based on comparison with an externally produced indicator (see Metadata, point 4.f.)"
"Chad","ILO - Calculations based on information from ILO textual sources","SDG indicator 8.8.2 - Level of national compliance with labour rights (freedom of association and collective bargaining)","2018",0.7,"Remarks: The score should be treated with care due to the possibility of insufficient information in the textual sources, based on comparison with an externally produced indicator (see Metadata, point 4.f.)"
"Chad","ILO - Calculations based on information from ILO textual sources","SDG indicator 8.8.2 - Level of national compliance with labour rights (freedom of association and collective bargaining)","2017",0.7,"Remarks: The score should be treated with care due to the possibility of insufficient information in the textual sources, based on comparison with an externally produced indicator (see Metadata, point 4.f.)"
"Chad","ILO - Calculations based on information from ILO textual sources","SDG indicator 8.8.2 - Level of national compliance with labour rights (freedom of association and collective bargaining)","2016",0.7,"Remarks: The score should be treated with care due to the possibility of insufficient information in the textual sources, based on comparison with an externally produced indicator (see Metadata, point 4.f.)"
"Chad","ILO - Calculations based on information from ILO textual sources","SDG indicator 8.8.2 - Level of national compliance with labour rights (freedom of association and collective bargaining)","2015",0.7,"Remarks: The score should be treated with care due to the possibility of insufficient information in the textual sources, based on comparison with an externally produced indicator (see Metadata, point 4.f.)"
"Togo","ILO - Calculations based on information from ILO textual sources","SDG indicator 8.8.2 - Level of national compliance with labour rights (freedom of association and collective bargaining)","2023",2.1,
"Togo","ILO - Calculations based on information from ILO textual sources","SDG indicator 8.8.2 - Level of national compliance with labour rights (freedom of association and collective bargaining)","2022",0.71,
"Togo","ILO - Calculations based on information from ILO textual sources","SDG indicator 8.8.2 - Level of national compliance with labour rights (freedom of association and collective bargaining)","2021",0.54,
"Togo","ILO - Calculations based on information from ILO textual sources","SDG indicator 8.8.2 - Level of national compliance with labour rights (freedom of association and collective bargaining)","2020",0.54,
"Togo","ILO - Calculations based on information from ILO textual sources","SDG indicator 8.8.2 - Level of national compliance with labour rights (freedom of association and collective bargaining)","2019",0.54,
"Togo","ILO - Calculations based on information from ILO textual sources","SDG indicator 8.8.2 - Level of national compliance with labour rights (freedom of association and collective bargaining)","2018",0.54,
"Togo","ILO - Calculations based on information from ILO textual sources","SDG indicator 8.8.2 - Level of national compliance with labour rights (freedom of association and collective bargaining)","2017",1.29,
"Togo","ILO - Calculations based on information from ILO textual sources","SDG indicator 8.8.2 - Level of national compliance with labour rights (freedom of association and collective bargaining)","2016",1.29,
"Togo","ILO - Calculations based on information from ILO textual sources","SDG indicator 8.8.2 - Level of national compliance with labour rights (freedom of association and collective bargaining)","2015",1.29,
"Thailand","ILO - Calculations based on information from ILO textual sources","SDG indicator 8.8.2 - Level of national compliance with labour rights (freedom of association and collective bargaining)","2023",6.7,
"Thailand","ILO - Calculations based on information from ILO textual sources","SDG indicator 8.8.2 - Level of national compliance with labour rights (freedom of association and collective bargaining)","2022",6.7,
"Thailand","ILO - Calculations based on information from ILO textual sources","SDG indicator 8.8.2 - Level of national compliance with labour rights (freedom of association and collective bargaining)","2021",6.7,
"Thailand","ILO - Calculations based on information from ILO textual sources","SDG indicator 8.8.2 - Level of national compliance with labour rights (freedom of association and collective bargaining)","2020",6.7,
"Thailand","ILO - Calculations based on information from ILO textual sources","SDG indicator 8.8.2 - Level of national compliance with labour rights (freedom of association and collective bargaining)","2019",6.51,
"Thailand","ILO - Calculations based on information from ILO textual sources","SDG indicator 8.8.2 - Level of national compliance with labour rights (freedom of association and collective bargaining)","2018",6.7,
"Thailand","ILO - Calculations based on information from ILO textual sources","SDG indicator 8.8.2 - Level of national compliance with labour rights (freedom of association and collective bargaining)","2017",6.7,
"Thailand","ILO - Calculations based on information from ILO textual sources","SDG indicator 8.8.2 - Level of national compliance with labour rights (freedom of association and collective bargaining)","2016",6.31,
"Thailand","ILO - Calculations based on information from ILO textual sources","SDG indicator 8.8.2 - Level of national compliance with labour rights (freedom of association and collective bargaining)","2015",6.12,
"Tajikistan","ILO - Calculations based on information from ILO textual sources","SDG indicator 8.8.2 - Level of national compliance with labour rights (freedom of association and collective bargaining)","2023",0.51,"Remarks: The score should be treated with care due to the possibility of insufficient information in the textual sources, based on comparison with an externally produced indicator (see Metadata, point 4.f.)"
"Tajikistan","ILO - Calculations based on information from ILO textual sources","SDG indicator 8.8.2 - Level of national compliance with labour rights (freedom of association and collective bargaining)","2022",0.51,"Remarks: The score should be treated with care due to the possibility of insufficient information in the textual sources, based on comparison with an externally produced indicator (see Metadata, point 4.f.)"
"Tajikistan","ILO - Calculations based on information from ILO textual sources","SDG indicator 8.8.2 - Level of national compliance with labour rights (freedom of association and collective bargaining)","2021",0.51,"Remarks: The score should be treated with care due to the possibility of insufficient information in the textual sources, based on comparison with an externally produced indicator (see Metadata, point 4.f.)"
"Tajikistan","ILO - Calculations based on information from ILO textual sources","SDG indicator 8.8.2 - Level of national compliance with labour rights (freedom of association and collective bargaining)","2020",0.51,"Remarks: The score should be treated with care due to the possibility of insufficient information in the textual sources, based on comparison with an externally produced indicator (see Metadata, point 4.f.)"
"Tajikistan","ILO - Calculations based on information from ILO textual sources","SDG indicator 8.8.2 - Level of national compliance with labour rights (freedom of association and collective bargaining)","2019",0.51,"Remarks: The score should be treated with care due to the possibility of insufficient information in the textual sources, based on comparison with an externally produced indicator (see Metadata, point 4.f.)"
"Tajikistan","ILO - Calculations based on information from ILO textual sources","SDG indicator 8.8.2 - Level of national compliance with labour rights (freedom of association and collective bargaining)","2018",0.51,"Remarks: The score should be treated with care due to the possibility of insufficient information in the textual sources, based on comparison with an externally produced indicator (see Metadata, point 4.f.)"
"Tajikistan","ILO - Calculations based on information from ILO textual sources","SDG indicator 8.8.2 - Level of national compliance with labour rights (freedom of association and collective bargaining)","2017",0.51,"Remarks: The score should be treated with care due to the possibility of insufficient information in the textual sources, based on comparison with an externally produced indicator (see Metadata, point 4.f.)"
"Tajikistan","ILO - Calculations based on information from ILO textual sources","SDG indicator 8.8.2 - Level of national compliance with labour rights (freedom of association and collective bargaining)","2016",0.51,"Remarks: The score should be treated with care due to the possibility of insufficient information in the textual sources, based on comparison with an externally produced indicator (see Metadata, point 4.f.)"
"Tajikistan","ILO - Calculations based on information from ILO textual sources","SDG indicator 8.8.2 - Level of national compliance with labour rights (freedom of association and collective bargaining)","2015",0.54,"Remarks: The score should be treated with care due to the possibility of insufficient information in the textual sources, based on comparison with an externally produced indicator (see Metadata, point 4.f.)"
"Turkmenistan","ILO - Calculations based on information from ILO textual sources","SDG indicator 8.8.2 - Level of national compliance with labour rights (freedom of association and collective bargaining)","2023",1.43,"Remarks: The score should be treated with care due to the possibility of insufficient information in the textual sources, based on comparison with an externally produced indicator (see Metadata, point 4.f.)"
"Turkmenistan","ILO - Calculations based on information from ILO textual sources","SDG indicator 8.8.2 - Level of national compliance with labour rights (freedom of association and collective bargaining)","2022",1.43,"Remarks: The score should be treated with care due to the possibility of insufficient information in the textual sources, based on comparison with an externally produced indicator (see Metadata, point 4.f.)"
"Turkmenistan","ILO - Calculations based on information from ILO textual sources","SDG indicator 8.8.2 - Level of national compliance with labour rights (freedom of association and collective bargaining)","2021",1.43,"Remarks: The score should be treated with care due to the possibility of insufficient information in the textual sources, based on comparison with an externally produced indicator (see Metadata, point 4.f.)"
"Turkmenistan","ILO - Calculations based on information from ILO textual sources","SDG indicator 8.8.2 - Level of national compliance with labour rights (freedom of association and collective bargaining)","2020",1.43,"Remarks: The score should be treated with care due to the possibility of insufficient information in the textual sources, based on comparison with an externally produced indicator (see Metadata, point 4.f.)"
"Turkmenistan","ILO - Calculations based on information from ILO textual sources","SDG indicator 8.8.2 - Level of national compliance with labour rights (freedom of association and collective bargaining)","2019",1.43,"Remarks: The score should be treated with care due to the possibility of insufficient information in the textual sources, based on comparison with an externally produced indicator (see Metadata, point 4.f.)"
"Turkmenistan","ILO - Calculations based on information from ILO textual sources","SDG indicator 8.8.2 - Level of national compliance with labour rights (freedom of association and collective bargaining)","2018",1.43,"Remarks: The score should be treated with care due to the possibility of insufficient information in the textual sources, based on comparison with an externally produced indicator (see Metadata, point 4.f.)"
"Turkmenistan","ILO - Calculations based on information from ILO textual sources","SDG indicator 8.8.2 - Level of national compliance with labour rights (freedom of association and collective bargaining)","2017",1.43,"Remarks: The score should be treated with care due to the possibility of insufficient information in the textual sources, based on comparison with an externally produced indicator (see Metadata, point 4.f.)"
"Turkmenistan","ILO - Calculations based on information from ILO textual sources","SDG indicator 8.8.2 - Level of national compliance with labour rights (freedom of association and collective bargaining)","2016",1.43,"Remarks: The score should be treated with care due to the possibility of insufficient information in the textual sources, based on comparison with an externally produced indicator (see Metadata, point 4.f.)"
"Turkmenistan","ILO - Calculations based on information from ILO textual sources","SDG indicator 8.8.2 - Level of national compliance with labour rights (freedom of association and collective bargaining)","2015",1.43,"Remarks: The score should be treated with care due to the possibility of insufficient information in the textual sources, based on comparison with an externally produced indicator (see Metadata, point 4.f.)"
"Timor-Leste","ILO - Calculations based on information from ILO textual sources","SDG indicator 8.8.2 - Level of national compliance with labour rights (freedom of association and collective bargaining)","2023",0.5,
"Timor-Leste","ILO - Calculations based on information from ILO textual sources","SDG indicator 8.8.2 - Level of national compliance with labour rights (freedom of association and collective bargaining)","2022",0.5,
"Timor-Leste","ILO - Calculations based on information from ILO textual sources","SDG indicator 8.8.2 - Level of national compliance with labour rights (freedom of association and collective bargaining)","2021",0.5,
"Timor-Leste","ILO - Calculations based on information from ILO textual sources","SDG indicator 8.8.2 - Level of national compliance with labour rights (freedom of association and collective bargaining)","2020",0.5,
"Timor-Leste","ILO - Calculations based on information from ILO textual sources","SDG indicator 8.8.2 - Level of national compliance with labour rights (freedom of association and collective bargaining)","2019",0.5,
"Timor-Leste","ILO - Calculations based on information from ILO textual sources","SDG indicator 8.8.2 - Level of national compliance with labour rights (freedom of association and collective bargaining)","2018",0.5,
"Timor-Leste","ILO - Calculations based on information from ILO textual sources","SDG indicator 8.8.2 - Level of national compliance with labour rights (freedom of association and collective bargaining)","2017",0.5,
"Timor-Leste","ILO - Calculations based on information from ILO textual sources","SDG indicator 8.8.2 - Level of national compliance with labour rights (freedom of association and collective bargaining)","2016",0.5,
"Timor-Leste","ILO - Calculations based on information from ILO textual sources","SDG indicator 8.8.2 - Level of national compliance with labour rights (freedom of association and collective bargaining)","2015",0.5,
"Tonga","ILO - Calculations based on information from ILO textual sources","SDG indicator 8.8.2 - Level of national compliance with labour rights (freedom of association and collective bargaining)","2023",0.87,
"Tonga","ILO - Calculations based on information from ILO textual sources","SDG indicator 8.8.2 - Level of national compliance with labour rights (freedom of association and collective bargaining)","2022",0.87,
"Tonga","ILO - Calculations based on information from ILO textual sources","SDG indicator 8.8.2 - Level of national compliance with labour rights (freedom of association and collective bargaining)","2021",0.87,
"Tonga","ILO - Calculations based on information from ILO textual sources","SDG indicator 8.8.2 - Level of national compliance with labour rights (freedom of association and collective bargaining)","2020",0.87,
"Tonga","ILO - Calculations based on information from ILO textual sources","SDG indicator 8.8.2 - Level of national compliance with labour rights (freedom of association and collective bargaining)","2019",0.87,
"Tonga","ILO - Calculations based on information from ILO textual sources","SDG indicator 8.8.2 - Level of national compliance with labour rights (freedom of association and collective bargaining)","2018",0.87,
"Tonga","ILO - Calculations based on information from ILO textual sources","SDG indicator 8.8.2 - Level of national compliance with labour rights (freedom of association and collective bargaining)","2017",0.87,
"Tonga","ILO - Calculations based on information from ILO textual sources","SDG indicator 8.8.2 - Level of national compliance with labour rights (freedom of association and collective bargaining)","2016",0.87,
"Trinidad and Tobago","ILO - Calculations based on information from ILO textual sources","SDG indicator 8.8.2 - Level of national compliance with labour rights (freedom of association and collective bargaining)","2023",1.84,
"Trinidad and Tobago","ILO - Calculations based on information from ILO textual sources","SDG indicator 8.8.2 - Level of national compliance with labour rights (freedom of association and collective bargaining)","2022",1.84,
"Trinidad and Tobago","ILO - Calculations based on information from ILO textual sources","SDG indicator 8.8.2 - Level of national compliance with labour rights (freedom of association and collective bargaining)","2021",1.84,
"Trinidad and Tobago","ILO - Calculations based on information from ILO textual sources","SDG indicator 8.8.2 - Level of national compliance with labour rights (freedom of association and collective bargaining)","2020",1.84,
"Trinidad and Tobago","ILO - Calculations based on information from ILO textual sources","SDG indicator 8.8.2 - Level of national compliance with labour rights (freedom of association and collective bargaining)","2019",1.84,
"Trinidad and Tobago","ILO - Calculations based on information from ILO textual sources","SDG indicator 8.8.2 - Level of national compliance with labour rights (freedom of association and collective bargaining)","2018",1.84,
"Trinidad and Tobago","ILO - Calculations based on information from ILO textual sources","SDG indicator 8.8.2 - Level of national compliance with labour rights (freedom of association and collective bargaining)","2017",1.84,
"Trinidad and Tobago","ILO - Calculations based on information from ILO textual sources","SDG indicator 8.8.2 - Level of national compliance with labour rights (freedom of association and collective bargaining)","2016",1.84,
"Trinidad and Tobago","ILO - Calculations based on information from ILO textual sources","SDG indicator 8.8.2 - Level of national compliance with labour rights (freedom of association and collective bargaining)","2015",1.63,
"Tunisia","ILO - Calculations based on information from ILO textual sources","SDG indicator 8.8.2 - Level of national compliance with labour rights (freedom of association and collective bargaining)","2023",1.89,
"Tunisia","ILO - Calculations based on information from ILO textual sources","SDG indicator 8.8.2 - Level of national compliance with labour rights (freedom of association and collective bargaining)","2022",1.65,
"Tunisia","ILO - Calculations based on information from ILO textual sources","SDG indicator 8.8.2 - Level of national compliance with labour rights (freedom of association and collective bargaining)","2021",1.65,
"Tunisia","ILO - Calculations based on information from ILO textual sources","SDG indicator 8.8.2 - Level of national compliance with labour rights (freedom of association and collective bargaining)","2020",1.65,
"Tunisia","ILO - Calculations based on information from ILO textual sources","SDG indicator 8.8.2 - Level of national compliance with labour rights (freedom of association and collective bargaining)","2019",1.65,
"Tunisia","ILO - Calculations based on information from ILO textual sources","SDG indicator 8.8.2 - Level of national compliance with labour rights (freedom of association and collective bargaining)","2018",1.65,
"Tunisia","ILO - Calculations based on information from ILO textual sources","SDG indicator 8.8.2 - Level of national compliance with labour rights (freedom of association and collective bargaining)","2017",1.46,
"Tunisia","ILO - Calculations based on information from ILO textual sources","SDG indicator 8.8.2 - Level of national compliance with labour rights (freedom of association and collective bargaining)","2016",1.46,
"Tunisia","ILO - Calculations based on information from ILO textual sources","SDG indicator 8.8.2 - Level of national compliance with labour rights (freedom of association and collective bargaining)","2015",1.83,
"Türkiye","ILO - Calculations based on information from ILO textual sources","SDG indicator 8.8.2 - Level of national compliance with labour rights (freedom of association and collective bargaining)","2023",4.99,
"Türkiye","ILO - Calculations based on information from ILO textual sources","SDG indicator 8.8.2 - Level of national compliance with labour rights (freedom of association and collective bargaining)","2022",3.9,
"Türkiye","ILO - Calculations based on information from ILO textual sources","SDG indicator 8.8.2 - Level of national compliance with labour rights (freedom of association and collective bargaining)","2021",4.45,
"Türkiye","ILO - Calculations based on information from ILO textual sources","SDG indicator 8.8.2 - Level of national compliance with labour rights (freedom of association and collective bargaining)","2020",3.68,
"Türkiye","ILO - Calculations based on information from ILO textual sources","SDG indicator 8.8.2 - Level of national compliance with labour rights (freedom of association and collective bargaining)","2019",3.68,
"Türkiye","ILO - Calculations based on information from ILO textual sources","SDG indicator 8.8.2 - Level of national compliance with labour rights (freedom of association and collective bargaining)","2018",5.11,
"Türkiye","ILO - Calculations based on information from ILO textual sources","SDG indicator 8.8.2 - Level of national compliance with labour rights (freedom of association and collective bargaining)","2017",3.21,"Remarks: The score should be treated with care due to the possibility of insufficient information in the textual sources, based on comparison with an externally produced indicator (see Metadata, point 4.f.)"
"Türkiye","ILO - Calculations based on information from ILO textual sources","SDG indicator 8.8.2 - Level of national compliance with labour rights (freedom of association and collective bargaining)","2016",2.65,
"Türkiye","ILO - Calculations based on information from ILO textual sources","SDG indicator 8.8.2 - Level of national compliance with labour rights (freedom of association and collective bargaining)","2015",3.71,
"Tuvalu","ILO - Calculations based on information from ILO textual sources","SDG indicator 8.8.2 - Level of national compliance with labour rights (freedom of association and collective bargaining)","2023",1.42,
"Tuvalu","ILO - Calculations based on information from ILO textual sources","SDG indicator 8.8.2 - Level of national compliance with labour rights (freedom of association and collective bargaining)","2022",1.42,
"Tuvalu","ILO - Calculations based on information from ILO textual sources","SDG indicator 8.8.2 - Level of national compliance with labour rights (freedom of association and collective bargaining)","2021",1.42,
"Tuvalu","ILO - Calculations based on information from ILO textual sources","SDG indicator 8.8.2 - Level of national compliance with labour rights (freedom of association and collective bargaining)","2020",1.42,
"Tuvalu","ILO - Calculations based on information from ILO textual sources","SDG indicator 8.8.2 - Level of national compliance with labour rights (freedom of association and collective bargaining)","2019",1.42,
"Tuvalu","ILO - Calculations based on information from ILO textual sources","SDG indicator 8.8.2 - Level of national compliance with labour rights (freedom of association and collective bargaining)","2018",1.43,
"Tuvalu","ILO - Calculations based on information from ILO textual sources","SDG indicator 8.8.2 - Level of national compliance with labour rights (freedom of association and collective bargaining)","2017",1.43,
"Tuvalu","ILO - Calculations based on information from ILO textual sources","SDG indicator 8.8.2 - Level of national compliance with labour rights (freedom of association and collective bargaining)","2016",1.43,
"Tuvalu","ILO - Calculations based on information from ILO textual sources","SDG indicator 8.8.2 - Level of national compliance with labour rights (freedom of association and collective bargaining)","2015",1.43,
"Tanzania, United Republic of","ILO - Calculations based on information from ILO textual sources","SDG indicator 8.8.2 - Level of national compliance with labour rights (freedom of association and collective bargaining)","2023",1.43,"Remarks: The score should be treated with care due to the possibility of insufficient information in the textual sources, based on comparison with an externally produced indicator (see Metadata, point 4.f.)"
"Tanzania, United Republic of","ILO - Calculations based on information from ILO textual sources","SDG indicator 8.8.2 - Level of national compliance with labour rights (freedom of association and collective bargaining)","2022",1.43,"Remarks: The score should be treated with care due to the possibility of insufficient information in the textual sources, based on comparison with an externally produced indicator (see Metadata, point 4.f.)"
"Tanzania, United Republic of","ILO - Calculations based on information from ILO textual sources","SDG indicator 8.8.2 - Level of national compliance with labour rights (freedom of association and collective bargaining)","2021",1.43,"Remarks: The score should be treated with care due to the possibility of insufficient information in the textual sources, based on comparison with an externally produced indicator (see Metadata, point 4.f.)"
"Tanzania, United Republic of","ILO - Calculations based on information from ILO textual sources","SDG indicator 8.8.2 - Level of national compliance with labour rights (freedom of association and collective bargaining)","2020",1.43,"Remarks: The score should be treated with care due to the possibility of insufficient information in the textual sources, based on comparison with an externally produced indicator (see Metadata, point 4.f.)"
"Tanzania, United Republic of","ILO - Calculations based on information from ILO textual sources","SDG indicator 8.8.2 - Level of national compliance with labour rights (freedom of association and collective bargaining)","2019",1.43,"Remarks: The score should be treated with care due to the possibility of insufficient information in the textual sources, based on comparison with an externally produced indicator (see Metadata, point 4.f.)"
"Tanzania, United Republic of","ILO - Calculations based on information from ILO textual sources","SDG indicator 8.8.2 - Level of national compliance with labour rights (freedom of association and collective bargaining)","2018",1.43,"Remarks: The score should be treated with care due to the possibility of insufficient information in the textual sources, based on comparison with an externally produced indicator (see Metadata, point 4.f.)"
"Tanzania, United Republic of","ILO - Calculations based on information from ILO textual sources","SDG indicator 8.8.2 - Level of national compliance with labour rights (freedom of association and collective bargaining)","2017",1.77,
"Tanzania, United Republic of","ILO - Calculations based on information from ILO textual sources","SDG indicator 8.8.2 - Level of national compliance with labour rights (freedom of association and collective bargaining)","2016",1.77,
"Tanzania, United Republic of","ILO - Calculations based on information from ILO textual sources","SDG indicator 8.8.2 - Level of national compliance with labour rights (freedom of association and collective bargaining)","2015",1.77,
"Uganda","ILO - Calculations based on information from ILO textual sources","SDG indicator 8.8.2 - Level of national compliance with labour rights (freedom of association and collective bargaining)","2023",1.26,"Remarks: The score should be treated with care due to the possibility of insufficient information in the textual sources, based on comparison with an externally produced indicator (see Metadata, point 4.f.)"
"Uganda","ILO - Calculations based on information from ILO textual sources","SDG indicator 8.8.2 - Level of national compliance with labour rights (freedom of association and collective bargaining)","2022",1.26,"Remarks: The score should be treated with care due to the possibility of insufficient information in the textual sources, based on comparison with an externally produced indicator (see Metadata, point 4.f.)"
"Uganda","ILO - Calculations based on information from ILO textual sources","SDG indicator 8.8.2 - Level of national compliance with labour rights (freedom of association and collective bargaining)","2021",1.26,"Remarks: The score should be treated with care due to the possibility of insufficient information in the textual sources, based on comparison with an externally produced indicator (see Metadata, point 4.f.)"
"Uganda","ILO - Calculations based on information from ILO textual sources","SDG indicator 8.8.2 - Level of national compliance with labour rights (freedom of association and collective bargaining)","2020",1.26,"Remarks: The score should be treated with care due to the possibility of insufficient information in the textual sources, based on comparison with an externally produced indicator (see Metadata, point 4.f.)"
"Uganda","ILO - Calculations based on information from ILO textual sources","SDG indicator 8.8.2 - Level of national compliance with labour rights (freedom of association and collective bargaining)","2019",1.26,"Remarks: The score should be treated with care due to the possibility of insufficient information in the textual sources, based on comparison with an externally produced indicator (see Metadata, point 4.f.)"
"Uganda","ILO - Calculations based on information from ILO textual sources","SDG indicator 8.8.2 - Level of national compliance with labour rights (freedom of association and collective bargaining)","2018",1.46,"Remarks: The score should be treated with care due to the possibility of insufficient information in the textual sources, based on comparison with an externally produced indicator (see Metadata, point 4.f.)"
"Uganda","ILO - Calculations based on information from ILO textual sources","SDG indicator 8.8.2 - Level of national compliance with labour rights (freedom of association and collective bargaining)","2017",1.46,
"Uganda","ILO - Calculations based on information from ILO textual sources","SDG indicator 8.8.2 - Level of national compliance with labour rights (freedom of association and collective bargaining)","2016",1.46,"Remarks: The score should be treated with care due to the possibility of insufficient information in the textual sources, based on comparison with an externally produced indicator (see Metadata, point 4.f.)"
"Uganda","ILO - Calculations based on information from ILO textual sources","SDG indicator 8.8.2 - Level of national compliance with labour rights (freedom of association and collective bargaining)","2015",1.46,"Remarks: The score should be treated with care due to the possibility of insufficient information in the textual sources, based on comparison with an externally produced indicator (see Metadata, point 4.f.)"
"Ukraine","ILO - Calculations based on information from ILO textual sources","SDG indicator 8.8.2 - Level of national compliance with labour rights (freedom of association and collective bargaining)","2023",1.43,
"Ukraine","ILO - Calculations based on information from ILO textual sources","SDG indicator 8.8.2 - Level of national compliance with labour rights (freedom of association and collective bargaining)","2022",1.11,
"Ukraine","ILO - Calculations based on information from ILO textual sources","SDG indicator 8.8.2 - Level of national compliance with labour rights (freedom of association and collective bargaining)","2021",0.94,
"Ukraine","ILO - Calculations based on information from ILO textual sources","SDG indicator 8.8.2 - Level of national compliance with labour rights (freedom of association and collective bargaining)","2020",0.94,
"Ukraine","ILO - Calculations based on information from ILO textual sources","SDG indicator 8.8.2 - Level of national compliance with labour rights (freedom of association and collective bargaining)","2019",0.57,
"Ukraine","ILO - Calculations based on information from ILO textual sources","SDG indicator 8.8.2 - Level of national compliance with labour rights (freedom of association and collective bargaining)","2018",0.57,
"Ukraine","ILO - Calculations based on information from ILO textual sources","SDG indicator 8.8.2 - Level of national compliance with labour rights (freedom of association and collective bargaining)","2017",0.57,
"Ukraine","ILO - Calculations based on information from ILO textual sources","SDG indicator 8.8.2 - Level of national compliance with labour rights (freedom of association and collective bargaining)","2016",0.57,
"Ukraine","ILO - Calculations based on information from ILO textual sources","SDG indicator 8.8.2 - Level of national compliance with labour rights (freedom of association and collective bargaining)","2015",0.74,
"Uruguay","ILO - Calculations based on information from ILO textual sources","SDG indicator 8.8.2 - Level of national compliance with labour rights (freedom of association and collective bargaining)","2023",2,
"Uruguay","ILO - Calculations based on information from ILO textual sources","SDG indicator 8.8.2 - Level of national compliance with labour rights (freedom of association and collective bargaining)","2022",0.88,
"Uruguay","ILO - Calculations based on information from ILO textual sources","SDG indicator 8.8.2 - Level of national compliance with labour rights (freedom of association and collective bargaining)","2021",0.52,
"Uruguay","ILO - Calculations based on information from ILO textual sources","SDG indicator 8.8.2 - Level of national compliance with labour rights (freedom of association and collective bargaining)","2020",0.52,
"Uruguay","ILO - Calculations based on information from ILO textual sources","SDG indicator 8.8.2 - Level of national compliance with labour rights (freedom of association and collective bargaining)","2019",0.69,
"Uruguay","ILO - Calculations based on information from ILO textual sources","SDG indicator 8.8.2 - Level of national compliance with labour rights (freedom of association and collective bargaining)","2018",0.69,
"Uruguay","ILO - Calculations based on information from ILO textual sources","SDG indicator 8.8.2 - Level of national compliance with labour rights (freedom of association and collective bargaining)","2017",1.08,
"Uruguay","ILO - Calculations based on information from ILO textual sources","SDG indicator 8.8.2 - Level of national compliance with labour rights (freedom of association and collective bargaining)","2016",1.25,
"Uruguay","ILO - Calculations based on information from ILO textual sources","SDG indicator 8.8.2 - Level of national compliance with labour rights (freedom of association and collective bargaining)","2015",1.25,
"United States of America","ILO - Calculations based on information from ILO textual sources","SDG indicator 8.8.2 - Level of national compliance with labour rights (freedom of association and collective bargaining)","2023",3.08,
"United States of America","ILO - Calculations based on information from ILO textual sources","SDG indicator 8.8.2 - Level of national compliance with labour rights (freedom of association and collective bargaining)","2022",3.08,
"United States of America","ILO - Calculations based on information from ILO textual sources","SDG indicator 8.8.2 - Level of national compliance with labour rights (freedom of association and collective bargaining)","2021",3.08,
"United States of America","ILO - Calculations based on information from ILO textual sources","SDG indicator 8.8.2 - Level of national compliance with labour rights (freedom of association and collective bargaining)","2020",3.08,
"United States of America","ILO - Calculations based on information from ILO textual sources","SDG indicator 8.8.2 - Level of national compliance with labour rights (freedom of association and collective bargaining)","2019",3.08,
"United States of America","ILO - Calculations based on information from ILO textual sources","SDG indicator 8.8.2 - Level of national compliance with labour rights (freedom of association and collective bargaining)","2018",2.89,
"United States of America","ILO - Calculations based on information from ILO textual sources","SDG indicator 8.8.2 - Level of national compliance with labour rights (freedom of association and collective bargaining)","2017",2.72,
"United States of America","ILO - Calculations based on information from ILO textual sources","SDG indicator 8.8.2 - Level of national compliance with labour rights (freedom of association and collective bargaining)","2016",2.72,
"United States of America","ILO - Calculations based on information from ILO textual sources","SDG indicator 8.8.2 - Level of national compliance with labour rights (freedom of association and collective bargaining)","2015",2.72,
"Uzbekistan","ILO - Calculations based on information from ILO textual sources","SDG indicator 8.8.2 - Level of national compliance with labour rights (freedom of association and collective bargaining)","2023",5.71,
"Uzbekistan","ILO - Calculations based on information from ILO textual sources","SDG indicator 8.8.2 - Level of national compliance with labour rights (freedom of association and collective bargaining)","2022",5.71,
"Uzbekistan","ILO - Calculations based on information from ILO textual sources","SDG indicator 8.8.2 - Level of national compliance with labour rights (freedom of association and collective bargaining)","2021",5.71,
"Uzbekistan","ILO - Calculations based on information from ILO textual sources","SDG indicator 8.8.2 - Level of national compliance with labour rights (freedom of association and collective bargaining)","2020",5.71,
"Uzbekistan","ILO - Calculations based on information from ILO textual sources","SDG indicator 8.8.2 - Level of national compliance with labour rights (freedom of association and collective bargaining)","2019",5.71,
"Uzbekistan","ILO - Calculations based on information from ILO textual sources","SDG indicator 8.8.2 - Level of national compliance with labour rights (freedom of association and collective bargaining)","2018",5.71,
"Uzbekistan","ILO - Calculations based on information from ILO textual sources","SDG indicator 8.8.2 - Level of national compliance with labour rights (freedom of association and collective bargaining)","2017",5.91,
"Uzbekistan","ILO - Calculations based on information from ILO textual sources","SDG indicator 8.8.2 - Level of national compliance with labour rights (freedom of association and collective bargaining)","2016",5.91,
"Uzbekistan","ILO - Calculations based on information from ILO textual sources","SDG indicator 8.8.2 - Level of national compliance with labour rights (freedom of association and collective bargaining)","2015",1.83,"Remarks: The score should be treated with care due to the possibility of insufficient information in the textual sources, based on comparison with an externally produced indicator (see Metadata, point 4.f.)"
"Saint Vincent and the Grenadines","ILO - Calculations based on information from ILO textual sources","SDG indicator 8.8.2 - Level of national compliance with labour rights (freedom of association and collective bargaining)","2023",1.03,
"Saint Vincent and the Grenadines","ILO - Calculations based on information from ILO textual sources","SDG indicator 8.8.2 - Level of national compliance with labour rights (freedom of association and collective bargaining)","2022",1.03,
"Saint Vincent and the Grenadines","ILO - Calculations based on information from ILO textual sources","SDG indicator 8.8.2 - Level of national compliance with labour rights (freedom of association and collective bargaining)","2021",1.03,
"Saint Vincent and the Grenadines","ILO - Calculations based on information from ILO textual sources","SDG indicator 8.8.2 - Level of national compliance with labour rights (freedom of association and collective bargaining)","2020",1.03,
"Saint Vincent and the Grenadines","ILO - Calculations based on information from ILO textual sources","SDG indicator 8.8.2 - Level of national compliance with labour rights (freedom of association and collective bargaining)","2019",1.03,
"Saint Vincent and the Grenadines","ILO - Calculations based on information from ILO textual sources","SDG indicator 8.8.2 - Level of national compliance with labour rights (freedom of association and collective bargaining)","2018",1.03,
"Saint Vincent and the Grenadines","ILO - Calculations based on information from ILO textual sources","SDG indicator 8.8.2 - Level of national compliance with labour rights (freedom of association and collective bargaining)","2017",0.85,
"Saint Vincent and the Grenadines","ILO - Calculations based on information from ILO textual sources","SDG indicator 8.8.2 - Level of national compliance with labour rights (freedom of association and collective bargaining)","2016",0.85,
"Saint Vincent and the Grenadines","ILO - Calculations based on information from ILO textual sources","SDG indicator 8.8.2 - Level of national compliance with labour rights (freedom of association and collective bargaining)","2015",0.85,
"Venezuela (Bolivarian Republic of)","ILO - Calculations based on information from ILO textual sources","SDG indicator 8.8.2 - Level of national compliance with labour rights (freedom of association and collective bargaining)","2023",8.23,
"Venezuela (Bolivarian Republic of)","ILO - Calculations based on information from ILO textual sources","SDG indicator 8.8.2 - Level of national compliance with labour rights (freedom of association and collective bargaining)","2022",8.23,
"Venezuela (Bolivarian Republic of)","ILO - Calculations based on information from ILO textual sources","SDG indicator 8.8.2 - Level of national compliance with labour rights (freedom of association and collective bargaining)","2021",7.67,
"Venezuela (Bolivarian Republic of)","ILO - Calculations based on information from ILO textual sources","SDG indicator 8.8.2 - Level of national compliance with labour rights (freedom of association and collective bargaining)","2020",7.47,
"Venezuela (Bolivarian Republic of)","ILO - Calculations based on information from ILO textual sources","SDG indicator 8.8.2 - Level of national compliance with labour rights (freedom of association and collective bargaining)","2019",9.13,
"Venezuela (Bolivarian Republic of)","ILO - Calculations based on information from ILO textual sources","SDG indicator 8.8.2 - Level of national compliance with labour rights (freedom of association and collective bargaining)","2018",7.39,
"Venezuela (Bolivarian Republic of)","ILO - Calculations based on information from ILO textual sources","SDG indicator 8.8.2 - Level of national compliance with labour rights (freedom of association and collective bargaining)","2017",6.97,
"Venezuela (Bolivarian Republic of)","ILO - Calculations based on information from ILO textual sources","SDG indicator 8.8.2 - Level of national compliance with labour rights (freedom of association and collective bargaining)","2016",6.31,
"Venezuela (Bolivarian Republic of)","ILO - Calculations based on information from ILO textual sources","SDG indicator 8.8.2 - Level of national compliance with labour rights (freedom of association and collective bargaining)","2015",6.8,
"Viet Nam","ILO - Calculations based on information from ILO textual sources","SDG indicator 8.8.2 - Level of national compliance with labour rights (freedom of association and collective bargaining)","2023",9.14,
"Viet Nam","ILO - Calculations based on information from ILO textual sources","SDG indicator 8.8.2 - Level of national compliance with labour rights (freedom of association and collective bargaining)","2022",9.14,
"Viet Nam","ILO - Calculations based on information from ILO textual sources","SDG indicator 8.8.2 - Level of national compliance with labour rights (freedom of association and collective bargaining)","2021",8.23,
"Viet Nam","ILO - Calculations based on information from ILO textual sources","SDG indicator 8.8.2 - Level of national compliance with labour rights (freedom of association and collective bargaining)","2020",7.87,
"Viet Nam","ILO - Calculations based on information from ILO textual sources","SDG indicator 8.8.2 - Level of national compliance with labour rights (freedom of association and collective bargaining)","2019",8.28,
"Viet Nam","ILO - Calculations based on information from ILO textual sources","SDG indicator 8.8.2 - Level of national compliance with labour rights (freedom of association and collective bargaining)","2018",8.28,
"Viet Nam","ILO - Calculations based on information from ILO textual sources","SDG indicator 8.8.2 - Level of national compliance with labour rights (freedom of association and collective bargaining)","2017",8.28,
"Viet Nam","ILO - Calculations based on information from ILO textual sources","SDG indicator 8.8.2 - Level of national compliance with labour rights (freedom of association and collective bargaining)","2016",8.28,
"Viet Nam","ILO - Calculations based on information from ILO textual sources","SDG indicator 8.8.2 - Level of national compliance with labour rights (freedom of association and collective bargaining)","2015",8.28,
"Vanuatu","ILO - Calculations based on information from ILO textual sources","SDG indicator 8.8.2 - Level of national compliance with labour rights (freedom of association and collective bargaining)","2023",2.83,
"Vanuatu","ILO - Calculations based on information from ILO textual sources","SDG indicator 8.8.2 - Level of national compliance with labour rights (freedom of association and collective bargaining)","2022",2.83,
"Vanuatu","ILO - Calculations based on information from ILO textual sources","SDG indicator 8.8.2 - Level of national compliance with labour rights (freedom of association and collective bargaining)","2021",2.83,
"Vanuatu","ILO - Calculations based on information from ILO textual sources","SDG indicator 8.8.2 - Level of national compliance with labour rights (freedom of association and collective bargaining)","2020",2.83,
"Vanuatu","ILO - Calculations based on information from ILO textual sources","SDG indicator 8.8.2 - Level of national compliance with labour rights (freedom of association and collective bargaining)","2019",2.83,
"Vanuatu","ILO - Calculations based on information from ILO textual sources","SDG indicator 8.8.2 - Level of national compliance with labour rights (freedom of association and collective bargaining)","2018",2.83,
"Vanuatu","ILO - Calculations based on information from ILO textual sources","SDG indicator 8.8.2 - Level of national compliance with labour rights (freedom of association and collective bargaining)","2017",3.03,
"Vanuatu","ILO - Calculations based on information from ILO textual sources","SDG indicator 8.8.2 - Level of national compliance with labour rights (freedom of association and collective bargaining)","2016",3.23,
"Vanuatu","ILO - Calculations based on information from ILO textual sources","SDG indicator 8.8.2 - Level of national compliance with labour rights (freedom of association and collective bargaining)","2015",3.23,
"Samoa","ILO - Calculations based on information from ILO textual sources","SDG indicator 8.8.2 - Level of national compliance with labour rights (freedom of association and collective bargaining)","2023",1.67,
"Samoa","ILO - Calculations based on information from ILO textual sources","SDG indicator 8.8.2 - Level of national compliance with labour rights (freedom of association and collective bargaining)","2022",1.52,
"Samoa","ILO - Calculations based on information from ILO textual sources","SDG indicator 8.8.2 - Level of national compliance with labour rights (freedom of association and collective bargaining)","2021",1.52,
"Samoa","ILO - Calculations based on information from ILO textual sources","SDG indicator 8.8.2 - Level of national compliance with labour rights (freedom of association and collective bargaining)","2020",1.52,
"Samoa","ILO - Calculations based on information from ILO textual sources","SDG indicator 8.8.2 - Level of national compliance with labour rights (freedom of association and collective bargaining)","2019",1.52,
"Samoa","ILO - Calculations based on information from ILO textual sources","SDG indicator 8.8.2 - Level of national compliance with labour rights (freedom of association and collective bargaining)","2018",1.52,
"Samoa","ILO - Calculations based on information from ILO textual sources","SDG indicator 8.8.2 - Level of national compliance with labour rights (freedom of association and collective bargaining)","2017",1.52,
"Samoa","ILO - Calculations based on information from ILO textual sources","SDG indicator 8.8.2 - Level of national compliance with labour rights (freedom of association and collective bargaining)","2016",1.52,
"Samoa","ILO - Calculations based on information from ILO textual sources","SDG indicator 8.8.2 - Level of national compliance with labour rights (freedom of association and collective bargaining)","2015",1.52,
"World","ILO - Calculations based on information from ILO textual sources","SDG indicator 8.8.2 - Level of national compliance with labour rights (freedom of association and collective bargaining)","2023",4.856,
"World","ILO - Calculations based on information from ILO textual sources","SDG indicator 8.8.2 - Level of national compliance with labour rights (freedom of association and collective bargaining)","2022",4.834,
"World","ILO - Calculations based on information from ILO textual sources","SDG indicator 8.8.2 - Level of national compliance with labour rights (freedom of association and collective bargaining)","2021",4.54,
"World","ILO - Calculations based on information from ILO textual sources","SDG indicator 8.8.2 - Level of national compliance with labour rights (freedom of association and collective bargaining)","2020",4.501,
"World","ILO - Calculations based on information from ILO textual sources","SDG indicator 8.8.2 - Level of national compliance with labour rights (freedom of association and collective bargaining)","2019",4.566,
"World","ILO - Calculations based on information from ILO textual sources","SDG indicator 8.8.2 - Level of national compliance with labour rights (freedom of association and collective bargaining)","2018",4.658,
"World","ILO - Calculations based on information from ILO textual sources","SDG indicator 8.8.2 - Level of national compliance with labour rights (freedom of association and collective bargaining)","2017",4.627,
"World","ILO - Calculations based on information from ILO textual sources","SDG indicator 8.8.2 - Level of national compliance with labour rights (freedom of association and collective bargaining)","2016",4.554,
"World","ILO - Calculations based on information from ILO textual sources","SDG indicator 8.8.2 - Level of national compliance with labour rights (freedom of association and collective bargaining)","2015",4.535,
"World: Low income","ILO - Calculations based on information from ILO textual sources","SDG indicator 8.8.2 - Level of national compliance with labour rights (freedom of association and collective bargaining)","2023",2.588,
"World: Low income","ILO - Calculations based on information from ILO textual sources","SDG indicator 8.8.2 - Level of national compliance with labour rights (freedom of association and collective bargaining)","2022",2.441,
"World: Low income","ILO - Calculations based on information from ILO textual sources","SDG indicator 8.8.2 - Level of national compliance with labour rights (freedom of association and collective bargaining)","2021",2.398,
"World: Low income","ILO - Calculations based on information from ILO textual sources","SDG indicator 8.8.2 - Level of national compliance with labour rights (freedom of association and collective bargaining)","2020",2.367,
"World: Low income","ILO - Calculations based on information from ILO textual sources","SDG indicator 8.8.2 - Level of national compliance with labour rights (freedom of association and collective bargaining)","2019",2.384,
"World: Low income","ILO - Calculations based on information from ILO textual sources","SDG indicator 8.8.2 - Level of national compliance with labour rights (freedom of association and collective bargaining)","2018",2.58,
"World: Low income","ILO - Calculations based on information from ILO textual sources","SDG indicator 8.8.2 - Level of national compliance with labour rights (freedom of association and collective bargaining)","2017",2.548,
"World: Low income","ILO - Calculations based on information from ILO textual sources","SDG indicator 8.8.2 - Level of national compliance with labour rights (freedom of association and collective bargaining)","2016",2.615,
"World: Low income","ILO - Calculations based on information from ILO textual sources","SDG indicator 8.8.2 - Level of national compliance with labour rights (freedom of association and collective bargaining)","2015",2.524,
"World: Lower-middle income","ILO - Calculations based on information from ILO textual sources","SDG indicator 8.8.2 - Level of national compliance with labour rights (freedom of association and collective bargaining)","2023",4.765,
"World: Lower-middle income","ILO - Calculations based on information from ILO textual sources","SDG indicator 8.8.2 - Level of national compliance with labour rights (freedom of association and collective bargaining)","2022",4.777,
"World: Lower-middle income","ILO - Calculations based on information from ILO textual sources","SDG indicator 8.8.2 - Level of national compliance with labour rights (freedom of association and collective bargaining)","2021",4.027,
"World: Lower-middle income","ILO - Calculations based on information from ILO textual sources","SDG indicator 8.8.2 - Level of national compliance with labour rights (freedom of association and collective bargaining)","2020",3.929,
"World: Lower-middle income","ILO - Calculations based on information from ILO textual sources","SDG indicator 8.8.2 - Level of national compliance with labour rights (freedom of association and collective bargaining)","2019",4.147,
"World: Lower-middle income","ILO - Calculations based on information from ILO textual sources","SDG indicator 8.8.2 - Level of national compliance with labour rights (freedom of association and collective bargaining)","2018",4.546,
"World: Lower-middle income","ILO - Calculations based on information from ILO textual sources","SDG indicator 8.8.2 - Level of national compliance with labour rights (freedom of association and collective bargaining)","2017",4.633,
"World: Lower-middle income","ILO - Calculations based on information from ILO textual sources","SDG indicator 8.8.2 - Level of national compliance with labour rights (freedom of association and collective bargaining)","2016",4.697,
"World: Lower-middle income","ILO - Calculations based on information from ILO textual sources","SDG indicator 8.8.2 - Level of national compliance with labour rights (freedom of association and collective bargaining)","2015",4.441,
"World: Upper-middle income","ILO - Calculations based on information from ILO textual sources","SDG indicator 8.8.2 - Level of national compliance with labour rights (freedom of association and collective bargaining)","2023",6.711,
"World: Upper-middle income","ILO - Calculations based on information from ILO textual sources","SDG indicator 8.8.2 - Level of national compliance with labour rights (freedom of association and collective bargaining)","2022",6.651,
"World: Upper-middle income","ILO - Calculations based on information from ILO textual sources","SDG indicator 8.8.2 - Level of national compliance with labour rights (freedom of association and collective bargaining)","2021",6.532,
"World: Upper-middle income","ILO - Calculations based on information from ILO textual sources","SDG indicator 8.8.2 - Level of national compliance with labour rights (freedom of association and collective bargaining)","2020",6.592,
"World: Upper-middle income","ILO - Calculations based on information from ILO textual sources","SDG indicator 8.8.2 - Level of national compliance with labour rights (freedom of association and collective bargaining)","2019",6.543,
"World: Upper-middle income","ILO - Calculations based on information from ILO textual sources","SDG indicator 8.8.2 - Level of national compliance with labour rights (freedom of association and collective bargaining)","2018",6.382,
"World: Upper-middle income","ILO - Calculations based on information from ILO textual sources","SDG indicator 8.8.2 - Level of national compliance with labour rights (freedom of association and collective bargaining)","2017",6.241,
"World: Upper-middle income","ILO - Calculations based on information from ILO textual sources","SDG indicator 8.8.2 - Level of national compliance with labour rights (freedom of association and collective bargaining)","2016",6.018,
"World: Upper-middle income","ILO - Calculations based on information from ILO textual sources","SDG indicator 8.8.2 - Level of national compliance with labour rights (freedom of association and collective bargaining)","2015",6.18,
"World: High income","ILO - Calculations based on information from ILO textual sources","SDG indicator 8.8.2 - Level of national compliance with labour rights (freedom of association and collective bargaining)","2023",2.047,
"World: High income","ILO - Calculations based on information from ILO textual sources","SDG indicator 8.8.2 - Level of national compliance with labour rights (freedom of association and collective bargaining)","2022",2.054,
"World: High income","ILO - Calculations based on information from ILO textual sources","SDG indicator 8.8.2 - Level of national compliance with labour rights (freedom of association and collective bargaining)","2021",2.036,
"World: High income","ILO - Calculations based on information from ILO textual sources","SDG indicator 8.8.2 - Level of national compliance with labour rights (freedom of association and collective bargaining)","2020",1.913,
"World: High income","ILO - Calculations based on information from ILO textual sources","SDG indicator 8.8.2 - Level of national compliance with labour rights (freedom of association and collective bargaining)","2019",1.881,
"World: High income","ILO - Calculations based on information from ILO textual sources","SDG indicator 8.8.2 - Level of national compliance with labour rights (freedom of association and collective bargaining)","2018",1.936,
"World: High income","ILO - Calculations based on information from ILO textual sources","SDG indicator 8.8.2 - Level of national compliance with labour rights (freedom of association and collective bargaining)","2017",1.915,
"World: High income","ILO - Calculations based on information from ILO textual sources","SDG indicator 8.8.2 - Level of national compliance with labour rights (freedom of association and collective bargaining)","2016",1.877,
"World: High income","ILO - Calculations based on information from ILO textual sources","SDG indicator 8.8.2 - Level of national compliance with labour rights (freedom of association and collective bargaining)","2015",1.859,
"Africa","ILO - Calculations based on information from ILO textual sources","SDG indicator 8.8.2 - Level of national compliance with labour rights (freedom of association and collective bargaining)","2023",2.668,
"Africa","ILO - Calculations based on information from ILO textual sources","SDG indicator 8.8.2 - Level of national compliance with labour rights (freedom of association and collective bargaining)","2022",2.604,
"Africa","ILO - Calculations based on information from ILO textual sources","SDG indicator 8.8.2 - Level of national compliance with labour rights (freedom of association and collective bargaining)","2021",2.575,
"Africa","ILO - Calculations based on information from ILO textual sources","SDG indicator 8.8.2 - Level of national compliance with labour rights (freedom of association and collective bargaining)","2020",2.515,
"Africa","ILO - Calculations based on information from ILO textual sources","SDG indicator 8.8.2 - Level of national compliance with labour rights (freedom of association and collective bargaining)","2019",2.514,
"Africa","ILO - Calculations based on information from ILO textual sources","SDG indicator 8.8.2 - Level of national compliance with labour rights (freedom of association and collective bargaining)","2018",2.611,
"Africa","ILO - Calculations based on information from ILO textual sources","SDG indicator 8.8.2 - Level of national compliance with labour rights (freedom of association and collective bargaining)","2017",2.645,
"Africa","ILO - Calculations based on information from ILO textual sources","SDG indicator 8.8.2 - Level of national compliance with labour rights (freedom of association and collective bargaining)","2016",2.782,
"Africa","ILO - Calculations based on information from ILO textual sources","SDG indicator 8.8.2 - Level of national compliance with labour rights (freedom of association and collective bargaining)","2015",2.719,
"Africa: Low income","ILO - Calculations based on information from ILO textual sources","SDG indicator 8.8.2 - Level of national compliance with labour rights (freedom of association and collective bargaining)","2023",2.42,
"Africa: Low income","ILO - Calculations based on information from ILO textual sources","SDG indicator 8.8.2 - Level of national compliance with labour rights (freedom of association and collective bargaining)","2022",2.283,
"Africa: Low income","ILO - Calculations based on information from ILO textual sources","SDG indicator 8.8.2 - Level of national compliance with labour rights (freedom of association and collective bargaining)","2021",2.229,
"Africa: Low income","ILO - Calculations based on information from ILO textual sources","SDG indicator 8.8.2 - Level of national compliance with labour rights (freedom of association and collective bargaining)","2020",2.203,
"Africa: Low income","ILO - Calculations based on information from ILO textual sources","SDG indicator 8.8.2 - Level of national compliance with labour rights (freedom of association and collective bargaining)","2019",2.221,
"Africa: Low income","ILO - Calculations based on information from ILO textual sources","SDG indicator 8.8.2 - Level of national compliance with labour rights (freedom of association and collective bargaining)","2018",2.438,
"Africa: Low income","ILO - Calculations based on information from ILO textual sources","SDG indicator 8.8.2 - Level of national compliance with labour rights (freedom of association and collective bargaining)","2017",2.401,
"Africa: Low income","ILO - Calculations based on information from ILO textual sources","SDG indicator 8.8.2 - Level of national compliance with labour rights (freedom of association and collective bargaining)","2016",2.476,
"Africa: Low income","ILO - Calculations based on information from ILO textual sources","SDG indicator 8.8.2 - Level of national compliance with labour rights (freedom of association and collective bargaining)","2015",2.37,
"Africa: Lower-middle income","ILO - Calculations based on information from ILO textual sources","SDG indicator 8.8.2 - Level of national compliance with labour rights (freedom of association and collective bargaining)","2023",2.923,
"Africa: Lower-middle income","ILO - Calculations based on information from ILO textual sources","SDG indicator 8.8.2 - Level of national compliance with labour rights (freedom of association and collective bargaining)","2022",2.936,
"Africa: Lower-middle income","ILO - Calculations based on information from ILO textual sources","SDG indicator 8.8.2 - Level of national compliance with labour rights (freedom of association and collective bargaining)","2021",2.946,
"Africa: Lower-middle income","ILO - Calculations based on information from ILO textual sources","SDG indicator 8.8.2 - Level of national compliance with labour rights (freedom of association and collective bargaining)","2020",2.859,
"Africa: Lower-middle income","ILO - Calculations based on information from ILO textual sources","SDG indicator 8.8.2 - Level of national compliance with labour rights (freedom of association and collective bargaining)","2019",2.852,
"Africa: Lower-middle income","ILO - Calculations based on information from ILO textual sources","SDG indicator 8.8.2 - Level of national compliance with labour rights (freedom of association and collective bargaining)","2018",2.88,
"Africa: Lower-middle income","ILO - Calculations based on information from ILO textual sources","SDG indicator 8.8.2 - Level of national compliance with labour rights (freedom of association and collective bargaining)","2017",2.986,
"Africa: Lower-middle income","ILO - Calculations based on information from ILO textual sources","SDG indicator 8.8.2 - Level of national compliance with labour rights (freedom of association and collective bargaining)","2016",3.197,
"Africa: Lower-middle income","ILO - Calculations based on information from ILO textual sources","SDG indicator 8.8.2 - Level of national compliance with labour rights (freedom of association and collective bargaining)","2015",3.193,
"Africa: Upper-middle income","ILO - Calculations based on information from ILO textual sources","SDG indicator 8.8.2 - Level of national compliance with labour rights (freedom of association and collective bargaining)","2023",2.234,
"Africa: Upper-middle income","ILO - Calculations based on information from ILO textual sources","SDG indicator 8.8.2 - Level of national compliance with labour rights (freedom of association and collective bargaining)","2022",2.021,
"Africa: Upper-middle income","ILO - Calculations based on information from ILO textual sources","SDG indicator 8.8.2 - Level of national compliance with labour rights (freedom of association and collective bargaining)","2021",1.847,
"Africa: Upper-middle income","ILO - Calculations based on information from ILO textual sources","SDG indicator 8.8.2 - Level of national compliance with labour rights (freedom of association and collective bargaining)","2020",1.807,
"Africa: Upper-middle income","ILO - Calculations based on information from ILO textual sources","SDG indicator 8.8.2 - Level of national compliance with labour rights (freedom of association and collective bargaining)","2019",1.795,
"Africa: Upper-middle income","ILO - Calculations based on information from ILO textual sources","SDG indicator 8.8.2 - Level of national compliance with labour rights (freedom of association and collective bargaining)","2018",1.752,
"Africa: Upper-middle income","ILO - Calculations based on information from ILO textual sources","SDG indicator 8.8.2 - Level of national compliance with labour rights (freedom of association and collective bargaining)","2017",1.675,
"Africa: Upper-middle income","ILO - Calculations based on information from ILO textual sources","SDG indicator 8.8.2 - Level of national compliance with labour rights (freedom of association and collective bargaining)","2016",1.625,
"Africa: Upper-middle income","ILO - Calculations based on information from ILO textual sources","SDG indicator 8.8.2 - Level of national compliance with labour rights (freedom of association and collective bargaining)","2015",1.434,
"Northern Africa","ILO - Calculations based on information from ILO textual sources","SDG indicator 8.8.2 - Level of national compliance with labour rights (freedom of association and collective bargaining)","2023",5.298,
"Northern Africa","ILO - Calculations based on information from ILO textual sources","SDG indicator 8.8.2 - Level of national compliance with labour rights (freedom of association and collective bargaining)","2022",4.828,
"Northern Africa","ILO - Calculations based on information from ILO textual sources","SDG indicator 8.8.2 - Level of national compliance with labour rights (freedom of association and collective bargaining)","2021",4.861,
"Northern Africa","ILO - Calculations based on information from ILO textual sources","SDG indicator 8.8.2 - Level of national compliance with labour rights (freedom of association and collective bargaining)","2020",4.814,
"Northern Africa","ILO - Calculations based on information from ILO textual sources","SDG indicator 8.8.2 - Level of national compliance with labour rights (freedom of association and collective bargaining)","2019",4.774,
"Northern Africa","ILO - Calculations based on information from ILO textual sources","SDG indicator 8.8.2 - Level of national compliance with labour rights (freedom of association and collective bargaining)","2018",4.88,
"Northern Africa","ILO - Calculations based on information from ILO textual sources","SDG indicator 8.8.2 - Level of national compliance with labour rights (freedom of association and collective bargaining)","2017",5.101,
"Northern Africa","ILO - Calculations based on information from ILO textual sources","SDG indicator 8.8.2 - Level of national compliance with labour rights (freedom of association and collective bargaining)","2016",5.098,
"Northern Africa","ILO - Calculations based on information from ILO textual sources","SDG indicator 8.8.2 - Level of national compliance with labour rights (freedom of association and collective bargaining)","2015",5.011,
"Northern Africa: Lower-middle income","ILO - Calculations based on information from ILO textual sources","SDG indicator 8.8.2 - Level of national compliance with labour rights (freedom of association and collective bargaining)","2023",4.8,
"Northern Africa: Lower-middle income","ILO - Calculations based on information from ILO textual sources","SDG indicator 8.8.2 - Level of national compliance with labour rights (freedom of association and collective bargaining)","2022",4.907,
"Northern Africa: Lower-middle income","ILO - Calculations based on information from ILO textual sources","SDG indicator 8.8.2 - Level of national compliance with labour rights (freedom of association and collective bargaining)","2021",4.889,
"Northern Africa: Lower-middle income","ILO - Calculations based on information from ILO textual sources","SDG indicator 8.8.2 - Level of national compliance with labour rights (freedom of association and collective bargaining)","2020",4.86,
"Northern Africa: Lower-middle income","ILO - Calculations based on information from ILO textual sources","SDG indicator 8.8.2 - Level of national compliance with labour rights (freedom of association and collective bargaining)","2019",4.829,
"Northern Africa: Lower-middle income","ILO - Calculations based on information from ILO textual sources","SDG indicator 8.8.2 - Level of national compliance with labour rights (freedom of association and collective bargaining)","2018",4.998,
"Northern Africa: Lower-middle income","ILO - Calculations based on information from ILO textual sources","SDG indicator 8.8.2 - Level of national compliance with labour rights (freedom of association and collective bargaining)","2017",5.408,
"Northern Africa: Lower-middle income","ILO - Calculations based on information from ILO textual sources","SDG indicator 8.8.2 - Level of national compliance with labour rights (freedom of association and collective bargaining)","2016",5.435,
"Northern Africa: Lower-middle income","ILO - Calculations based on information from ILO textual sources","SDG indicator 8.8.2 - Level of national compliance with labour rights (freedom of association and collective bargaining)","2015",5.499,
"Northern Africa: Upper-middle income","ILO - Calculations based on information from ILO textual sources","SDG indicator 8.8.2 - Level of national compliance with labour rights (freedom of association and collective bargaining)","2023",4.446,
"Northern Africa: Upper-middle income","ILO - Calculations based on information from ILO textual sources","SDG indicator 8.8.2 - Level of national compliance with labour rights (freedom of association and collective bargaining)","2022",3.147,
"Northern Africa: Upper-middle income","ILO - Calculations based on information from ILO textual sources","SDG indicator 8.8.2 - Level of national compliance with labour rights (freedom of association and collective bargaining)","2021",3.31,
"Northern Africa: Upper-middle income","ILO - Calculations based on information from ILO textual sources","SDG indicator 8.8.2 - Level of national compliance with labour rights (freedom of association and collective bargaining)","2020",3.15,
"Northern Africa: Upper-middle income","ILO - Calculations based on information from ILO textual sources","SDG indicator 8.8.2 - Level of national compliance with labour rights (freedom of association and collective bargaining)","2019",3.119,
"Northern Africa: Upper-middle income","ILO - Calculations based on information from ILO textual sources","SDG indicator 8.8.2 - Level of national compliance with labour rights (freedom of association and collective bargaining)","2018",2.964,
"Northern Africa: Upper-middle income","ILO - Calculations based on information from ILO textual sources","SDG indicator 8.8.2 - Level of national compliance with labour rights (freedom of association and collective bargaining)","2017",2.744,
"Northern Africa: Upper-middle income","ILO - Calculations based on information from ILO textual sources","SDG indicator 8.8.2 - Level of national compliance with labour rights (freedom of association and collective bargaining)","2016",2.619,
"Northern Africa: Upper-middle income","ILO - Calculations based on information from ILO textual sources","SDG indicator 8.8.2 - Level of national compliance with labour rights (freedom of association and collective bargaining)","2015",2.109,
"Sub-Saharan Africa","ILO - Calculations based on information from ILO textual sources","SDG indicator 8.8.2 - Level of national compliance with labour rights (freedom of association and collective bargaining)","2023",2.263,
"Sub-Saharan Africa","ILO - Calculations based on information from ILO textual sources","SDG indicator 8.8.2 - Level of national compliance with labour rights (freedom of association and collective bargaining)","2022",2.257,
"Sub-Saharan Africa","ILO - Calculations based on information from ILO textual sources","SDG indicator 8.8.2 - Level of national compliance with labour rights (freedom of association and collective bargaining)","2021",2.214,
"Sub-Saharan Africa","ILO - Calculations based on information from ILO textual sources","SDG indicator 8.8.2 - Level of national compliance with labour rights (freedom of association and collective bargaining)","2020",2.15,
"Sub-Saharan Africa","ILO - Calculations based on information from ILO textual sources","SDG indicator 8.8.2 - Level of national compliance with labour rights (freedom of association and collective bargaining)","2019",2.146,
"Sub-Saharan Africa","ILO - Calculations based on information from ILO textual sources","SDG indicator 8.8.2 - Level of national compliance with labour rights (freedom of association and collective bargaining)","2018",2.234,
"Sub-Saharan Africa","ILO - Calculations based on information from ILO textual sources","SDG indicator 8.8.2 - Level of national compliance with labour rights (freedom of association and collective bargaining)","2017",2.228,
"Sub-Saharan Africa","ILO - Calculations based on information from ILO textual sources","SDG indicator 8.8.2 - Level of national compliance with labour rights (freedom of association and collective bargaining)","2016",2.378,
"Sub-Saharan Africa","ILO - Calculations based on information from ILO textual sources","SDG indicator 8.8.2 - Level of national compliance with labour rights (freedom of association and collective bargaining)","2015",2.313,
"Sub-Saharan Africa: Low income","ILO - Calculations based on information from ILO textual sources","SDG indicator 8.8.2 - Level of national compliance with labour rights (freedom of association and collective bargaining)","2023",2.089,
"Sub-Saharan Africa: Low income","ILO - Calculations based on information from ILO textual sources","SDG indicator 8.8.2 - Level of national compliance with labour rights (freedom of association and collective bargaining)","2022",2.044,
"Sub-Saharan Africa: Low income","ILO - Calculations based on information from ILO textual sources","SDG indicator 8.8.2 - Level of national compliance with labour rights (freedom of association and collective bargaining)","2021",1.981,
"Sub-Saharan Africa: Low income","ILO - Calculations based on information from ILO textual sources","SDG indicator 8.8.2 - Level of national compliance with labour rights (freedom of association and collective bargaining)","2020",1.947,
"Sub-Saharan Africa: Low income","ILO - Calculations based on information from ILO textual sources","SDG indicator 8.8.2 - Level of national compliance with labour rights (freedom of association and collective bargaining)","2019",1.961,
"Sub-Saharan Africa: Low income","ILO - Calculations based on information from ILO textual sources","SDG indicator 8.8.2 - Level of national compliance with labour rights (freedom of association and collective bargaining)","2018",2.175,
"Sub-Saharan Africa: Low income","ILO - Calculations based on information from ILO textual sources","SDG indicator 8.8.2 - Level of national compliance with labour rights (freedom of association and collective bargaining)","2017",2.133,
"Sub-Saharan Africa: Low income","ILO - Calculations based on information from ILO textual sources","SDG indicator 8.8.2 - Level of national compliance with labour rights (freedom of association and collective bargaining)","2016",2.212,
"Sub-Saharan Africa: Low income","ILO - Calculations based on information from ILO textual sources","SDG indicator 8.8.2 - Level of national compliance with labour rights (freedom of association and collective bargaining)","2015",2.109,
"Sub-Saharan Africa: Lower-middle income","ILO - Calculations based on information from ILO textual sources","SDG indicator 8.8.2 - Level of national compliance with labour rights (freedom of association and collective bargaining)","2023",2.554,
"Sub-Saharan Africa: Lower-middle income","ILO - Calculations based on information from ILO textual sources","SDG indicator 8.8.2 - Level of national compliance with labour rights (freedom of association and collective bargaining)","2022",2.542,
"Sub-Saharan Africa: Lower-middle income","ILO - Calculations based on information from ILO textual sources","SDG indicator 8.8.2 - Level of national compliance with labour rights (freedom of association and collective bargaining)","2021",2.55,
"Sub-Saharan Africa: Lower-middle income","ILO - Calculations based on information from ILO textual sources","SDG indicator 8.8.2 - Level of national compliance with labour rights (freedom of association and collective bargaining)","2020",2.452,
"Sub-Saharan Africa: Lower-middle income","ILO - Calculations based on information from ILO textual sources","SDG indicator 8.8.2 - Level of national compliance with labour rights (freedom of association and collective bargaining)","2019",2.44,
"Sub-Saharan Africa: Lower-middle income","ILO - Calculations based on information from ILO textual sources","SDG indicator 8.8.2 - Level of national compliance with labour rights (freedom of association and collective bargaining)","2018",2.43,
"Sub-Saharan Africa: Lower-middle income","ILO - Calculations based on information from ILO textual sources","SDG indicator 8.8.2 - Level of national compliance with labour rights (freedom of association and collective bargaining)","2017",2.456,
"Sub-Saharan Africa: Lower-middle income","ILO - Calculations based on information from ILO textual sources","SDG indicator 8.8.2 - Level of national compliance with labour rights (freedom of association and collective bargaining)","2016",2.689,
"Sub-Saharan Africa: Lower-middle income","ILO - Calculations based on information from ILO textual sources","SDG indicator 8.8.2 - Level of national compliance with labour rights (freedom of association and collective bargaining)","2015",2.657,
"Sub-Saharan Africa: Upper-middle income","ILO - Calculations based on information from ILO textual sources","SDG indicator 8.8.2 - Level of national compliance with labour rights (freedom of association and collective bargaining)","2023",1.136,
"Sub-Saharan Africa: Upper-middle income","ILO - Calculations based on information from ILO textual sources","SDG indicator 8.8.2 - Level of national compliance with labour rights (freedom of association and collective bargaining)","2022",1.446,
"Sub-Saharan Africa: Upper-middle income","ILO - Calculations based on information from ILO textual sources","SDG indicator 8.8.2 - Level of national compliance with labour rights (freedom of association and collective bargaining)","2021",1.104,
"Sub-Saharan Africa: Upper-middle income","ILO - Calculations based on information from ILO textual sources","SDG indicator 8.8.2 - Level of national compliance with labour rights (freedom of association and collective bargaining)","2020",1.115,
"Sub-Saharan Africa: Upper-middle income","ILO - Calculations based on information from ILO textual sources","SDG indicator 8.8.2 - Level of national compliance with labour rights (freedom of association and collective bargaining)","2019",1.112,
"Sub-Saharan Africa: Upper-middle income","ILO - Calculations based on information from ILO textual sources","SDG indicator 8.8.2 - Level of national compliance with labour rights (freedom of association and collective bargaining)","2018",1.119,
"Sub-Saharan Africa: Upper-middle income","ILO - Calculations based on information from ILO textual sources","SDG indicator 8.8.2 - Level of national compliance with labour rights (freedom of association and collective bargaining)","2017",1.117,
"Sub-Saharan Africa: Upper-middle income","ILO - Calculations based on information from ILO textual sources","SDG indicator 8.8.2 - Level of national compliance with labour rights (freedom of association and collective bargaining)","2016",1.103,
"Sub-Saharan Africa: Upper-middle income","ILO - Calculations based on information from ILO textual sources","SDG indicator 8.8.2 - Level of national compliance with labour rights (freedom of association and collective bargaining)","2015",1.078,
"Central Africa","ILO - Calculations based on information from ILO textual sources","SDG indicator 8.8.2 - Level of national compliance with labour rights (freedom of association and collective bargaining)","2023",2.421,
"Central Africa","ILO - Calculations based on information from ILO textual sources","SDG indicator 8.8.2 - Level of national compliance with labour rights (freedom of association and collective bargaining)","2022",2.451,
"Central Africa","ILO - Calculations based on information from ILO textual sources","SDG indicator 8.8.2 - Level of national compliance with labour rights (freedom of association and collective bargaining)","2021",2.449,
"Central Africa","ILO - Calculations based on information from ILO textual sources","SDG indicator 8.8.2 - Level of national compliance with labour rights (freedom of association and collective bargaining)","2020",2.437,
"Central Africa","ILO - Calculations based on information from ILO textual sources","SDG indicator 8.8.2 - Level of national compliance with labour rights (freedom of association and collective bargaining)","2019",2.506,
"Central Africa","ILO - Calculations based on information from ILO textual sources","SDG indicator 8.8.2 - Level of national compliance with labour rights (freedom of association and collective bargaining)","2018",2.505,
"Central Africa","ILO - Calculations based on information from ILO textual sources","SDG indicator 8.8.2 - Level of national compliance with labour rights (freedom of association and collective bargaining)","2017",2.503,
"Central Africa","ILO - Calculations based on information from ILO textual sources","SDG indicator 8.8.2 - Level of national compliance with labour rights (freedom of association and collective bargaining)","2016",2.648,
"Central Africa","ILO - Calculations based on information from ILO textual sources","SDG indicator 8.8.2 - Level of national compliance with labour rights (freedom of association and collective bargaining)","2015",2.246,
"Eastern Africa","ILO - Calculations based on information from ILO textual sources","SDG indicator 8.8.2 - Level of national compliance with labour rights (freedom of association and collective bargaining)","2023",2.314,
"Eastern Africa","ILO - Calculations based on information from ILO textual sources","SDG indicator 8.8.2 - Level of national compliance with labour rights (freedom of association and collective bargaining)","2022",2.3,
"Eastern Africa","ILO - Calculations based on information from ILO textual sources","SDG indicator 8.8.2 - Level of national compliance with labour rights (freedom of association and collective bargaining)","2021",2.247,
"Eastern Africa","ILO - Calculations based on information from ILO textual sources","SDG indicator 8.8.2 - Level of national compliance with labour rights (freedom of association and collective bargaining)","2020",2.217,
"Eastern Africa","ILO - Calculations based on information from ILO textual sources","SDG indicator 8.8.2 - Level of national compliance with labour rights (freedom of association and collective bargaining)","2019",2.195,
"Eastern Africa","ILO - Calculations based on information from ILO textual sources","SDG indicator 8.8.2 - Level of national compliance with labour rights (freedom of association and collective bargaining)","2018",2.427,
"Eastern Africa","ILO - Calculations based on information from ILO textual sources","SDG indicator 8.8.2 - Level of national compliance with labour rights (freedom of association and collective bargaining)","2017",2.401,
"Eastern Africa","ILO - Calculations based on information from ILO textual sources","SDG indicator 8.8.2 - Level of national compliance with labour rights (freedom of association and collective bargaining)","2016",2.383,
"Eastern Africa","ILO - Calculations based on information from ILO textual sources","SDG indicator 8.8.2 - Level of national compliance with labour rights (freedom of association and collective bargaining)","2015",2.407,
"Southern Africa","ILO - Calculations based on information from ILO textual sources","SDG indicator 8.8.2 - Level of national compliance with labour rights (freedom of association and collective bargaining)","2023",1.095,
"Southern Africa","ILO - Calculations based on information from ILO textual sources","SDG indicator 8.8.2 - Level of national compliance with labour rights (freedom of association and collective bargaining)","2022",1.403,
"Southern Africa","ILO - Calculations based on information from ILO textual sources","SDG indicator 8.8.2 - Level of national compliance with labour rights (freedom of association and collective bargaining)","2021",1.067,
"Southern Africa","ILO - Calculations based on information from ILO textual sources","SDG indicator 8.8.2 - Level of national compliance with labour rights (freedom of association and collective bargaining)","2020",1.051,
"Southern Africa","ILO - Calculations based on information from ILO textual sources","SDG indicator 8.8.2 - Level of national compliance with labour rights (freedom of association and collective bargaining)","2019",1.049,
"Southern Africa","ILO - Calculations based on information from ILO textual sources","SDG indicator 8.8.2 - Level of national compliance with labour rights (freedom of association and collective bargaining)","2018",1.053,
"Southern Africa","ILO - Calculations based on information from ILO textual sources","SDG indicator 8.8.2 - Level of national compliance with labour rights (freedom of association and collective bargaining)","2017",1.065,
"Southern Africa","ILO - Calculations based on information from ILO textual sources","SDG indicator 8.8.2 - Level of national compliance with labour rights (freedom of association and collective bargaining)","2016",1.062,
"Southern Africa","ILO - Calculations based on information from ILO textual sources","SDG indicator 8.8.2 - Level of national compliance with labour rights (freedom of association and collective bargaining)","2015",1.036,
"Western Africa","ILO - Calculations based on information from ILO textual sources","SDG indicator 8.8.2 - Level of national compliance with labour rights (freedom of association and collective bargaining)","2023",2.336,
"Western Africa","ILO - Calculations based on information from ILO textual sources","SDG indicator 8.8.2 - Level of national compliance with labour rights (freedom of association and collective bargaining)","2022",2.271,
"Western Africa","ILO - Calculations based on information from ILO textual sources","SDG indicator 8.8.2 - Level of national compliance with labour rights (freedom of association and collective bargaining)","2021",2.269,
"Western Africa","ILO - Calculations based on information from ILO textual sources","SDG indicator 8.8.2 - Level of national compliance with labour rights (freedom of association and collective bargaining)","2020",2.141,
"Western Africa","ILO - Calculations based on information from ILO textual sources","SDG indicator 8.8.2 - Level of national compliance with labour rights (freedom of association and collective bargaining)","2019",2.134,
"Western Africa","ILO - Calculations based on information from ILO textual sources","SDG indicator 8.8.2 - Level of national compliance with labour rights (freedom of association and collective bargaining)","2018",2.116,
"Western Africa","ILO - Calculations based on information from ILO textual sources","SDG indicator 8.8.2 - Level of national compliance with labour rights (freedom of association and collective bargaining)","2017",2.131,
"Western Africa","ILO - Calculations based on information from ILO textual sources","SDG indicator 8.8.2 - Level of national compliance with labour rights (freedom of association and collective bargaining)","2016",2.494,
"Western Africa","ILO - Calculations based on information from ILO textual sources","SDG indicator 8.8.2 - Level of national compliance with labour rights (freedom of association and collective bargaining)","2015",2.462,
"Americas","ILO - Calculations based on information from ILO textual sources","SDG indicator 8.8.2 - Level of national compliance with labour rights (freedom of association and collective bargaining)","2023",3.395,
"Americas","ILO - Calculations based on information from ILO textual sources","SDG indicator 8.8.2 - Level of national compliance with labour rights (freedom of association and collective bargaining)","2022",3.246,
"Americas","ILO - Calculations based on information from ILO textual sources","SDG indicator 8.8.2 - Level of national compliance with labour rights (freedom of association and collective bargaining)","2021",3.026,
"Americas","ILO - Calculations based on information from ILO textual sources","SDG indicator 8.8.2 - Level of national compliance with labour rights (freedom of association and collective bargaining)","2020",2.952,
"Americas","ILO - Calculations based on information from ILO textual sources","SDG indicator 8.8.2 - Level of national compliance with labour rights (freedom of association and collective bargaining)","2019",2.984,
"Americas","ILO - Calculations based on information from ILO textual sources","SDG indicator 8.8.2 - Level of national compliance with labour rights (freedom of association and collective bargaining)","2018",2.873,
"Americas","ILO - Calculations based on information from ILO textual sources","SDG indicator 8.8.2 - Level of national compliance with labour rights (freedom of association and collective bargaining)","2017",2.839,
"Americas","ILO - Calculations based on information from ILO textual sources","SDG indicator 8.8.2 - Level of national compliance with labour rights (freedom of association and collective bargaining)","2016",2.847,
"Americas","ILO - Calculations based on information from ILO textual sources","SDG indicator 8.8.2 - Level of national compliance with labour rights (freedom of association and collective bargaining)","2015",2.857,
"Americas: Lower-middle income","ILO - Calculations based on information from ILO textual sources","SDG indicator 8.8.2 - Level of national compliance with labour rights (freedom of association and collective bargaining)","2023",3.592,
"Americas: Lower-middle income","ILO - Calculations based on information from ILO textual sources","SDG indicator 8.8.2 - Level of national compliance with labour rights (freedom of association and collective bargaining)","2022",3.118,
"Americas: Lower-middle income","ILO - Calculations based on information from ILO textual sources","SDG indicator 8.8.2 - Level of national compliance with labour rights (freedom of association and collective bargaining)","2021",2.694,
"Americas: Lower-middle income","ILO - Calculations based on information from ILO textual sources","SDG indicator 8.8.2 - Level of national compliance with labour rights (freedom of association and collective bargaining)","2020",2.518,
"Americas: Lower-middle income","ILO - Calculations based on information from ILO textual sources","SDG indicator 8.8.2 - Level of national compliance with labour rights (freedom of association and collective bargaining)","2019",2.544,
"Americas: Lower-middle income","ILO - Calculations based on information from ILO textual sources","SDG indicator 8.8.2 - Level of national compliance with labour rights (freedom of association and collective bargaining)","2018",2.525,
"Americas: Lower-middle income","ILO - Calculations based on information from ILO textual sources","SDG indicator 8.8.2 - Level of national compliance with labour rights (freedom of association and collective bargaining)","2017",2.242,
"Americas: Lower-middle income","ILO - Calculations based on information from ILO textual sources","SDG indicator 8.8.2 - Level of national compliance with labour rights (freedom of association and collective bargaining)","2016",2.117,
"Americas: Lower-middle income","ILO - Calculations based on information from ILO textual sources","SDG indicator 8.8.2 - Level of national compliance with labour rights (freedom of association and collective bargaining)","2015",2.145,
"Americas: Upper-middle income","ILO - Calculations based on information from ILO textual sources","SDG indicator 8.8.2 - Level of national compliance with labour rights (freedom of association and collective bargaining)","2023",3.865,
"Americas: Upper-middle income","ILO - Calculations based on information from ILO textual sources","SDG indicator 8.8.2 - Level of national compliance with labour rights (freedom of association and collective bargaining)","2022",3.591,
"Americas: Upper-middle income","ILO - Calculations based on information from ILO textual sources","SDG indicator 8.8.2 - Level of national compliance with labour rights (freedom of association and collective bargaining)","2021",3.212,
"Americas: Upper-middle income","ILO - Calculations based on information from ILO textual sources","SDG indicator 8.8.2 - Level of national compliance with labour rights (freedom of association and collective bargaining)","2020",3.088,
"Americas: Upper-middle income","ILO - Calculations based on information from ILO textual sources","SDG indicator 8.8.2 - Level of national compliance with labour rights (freedom of association and collective bargaining)","2019",3.138,
"Americas: Upper-middle income","ILO - Calculations based on information from ILO textual sources","SDG indicator 8.8.2 - Level of national compliance with labour rights (freedom of association and collective bargaining)","2018",3.056,
"Americas: Upper-middle income","ILO - Calculations based on information from ILO textual sources","SDG indicator 8.8.2 - Level of national compliance with labour rights (freedom of association and collective bargaining)","2017",3.089,
"Americas: Upper-middle income","ILO - Calculations based on information from ILO textual sources","SDG indicator 8.8.2 - Level of national compliance with labour rights (freedom of association and collective bargaining)","2016",3.141,
"Americas: Upper-middle income","ILO - Calculations based on information from ILO textual sources","SDG indicator 8.8.2 - Level of national compliance with labour rights (freedom of association and collective bargaining)","2015",3.143,
"Americas: High income","ILO - Calculations based on information from ILO textual sources","SDG indicator 8.8.2 - Level of national compliance with labour rights (freedom of association and collective bargaining)","2023",2.755,
"Americas: High income","ILO - Calculations based on information from ILO textual sources","SDG indicator 8.8.2 - Level of national compliance with labour rights (freedom of association and collective bargaining)","2022",2.798,
"Americas: High income","ILO - Calculations based on information from ILO textual sources","SDG indicator 8.8.2 - Level of national compliance with labour rights (freedom of association and collective bargaining)","2021",2.811,
"Americas: High income","ILO - Calculations based on information from ILO textual sources","SDG indicator 8.8.2 - Level of national compliance with labour rights (freedom of association and collective bargaining)","2020",2.817,
"Americas: High income","ILO - Calculations based on information from ILO textual sources","SDG indicator 8.8.2 - Level of national compliance with labour rights (freedom of association and collective bargaining)","2019",2.818,
"Americas: High income","ILO - Calculations based on information from ILO textual sources","SDG indicator 8.8.2 - Level of national compliance with labour rights (freedom of association and collective bargaining)","2018",2.662,
"Americas: High income","ILO - Calculations based on information from ILO textual sources","SDG indicator 8.8.2 - Level of national compliance with labour rights (freedom of association and collective bargaining)","2017",2.559,
"Americas: High income","ILO - Calculations based on information from ILO textual sources","SDG indicator 8.8.2 - Level of national compliance with labour rights (freedom of association and collective bargaining)","2016",2.52,
"Americas: High income","ILO - Calculations based on information from ILO textual sources","SDG indicator 8.8.2 - Level of national compliance with labour rights (freedom of association and collective bargaining)","2015",2.54,
"Latin America and the Caribbean","ILO - Calculations based on information from ILO textual sources","SDG indicator 8.8.2 - Level of national compliance with labour rights (freedom of association and collective bargaining)","2023",3.779,
"Latin America and the Caribbean","ILO - Calculations based on information from ILO textual sources","SDG indicator 8.8.2 - Level of national compliance with labour rights (freedom of association and collective bargaining)","2022",3.51,
"Latin America and the Caribbean","ILO - Calculations based on information from ILO textual sources","SDG indicator 8.8.2 - Level of national compliance with labour rights (freedom of association and collective bargaining)","2021",3.145,
"Latin America and the Caribbean","ILO - Calculations based on information from ILO textual sources","SDG indicator 8.8.2 - Level of national compliance with labour rights (freedom of association and collective bargaining)","2020",3.024,
"Latin America and the Caribbean","ILO - Calculations based on information from ILO textual sources","SDG indicator 8.8.2 - Level of national compliance with labour rights (freedom of association and collective bargaining)","2019",3.073,
"Latin America and the Caribbean","ILO - Calculations based on information from ILO textual sources","SDG indicator 8.8.2 - Level of national compliance with labour rights (freedom of association and collective bargaining)","2018",2.976,
"Latin America and the Caribbean","ILO - Calculations based on information from ILO textual sources","SDG indicator 8.8.2 - Level of national compliance with labour rights (freedom of association and collective bargaining)","2017",2.993,
"Latin America and the Caribbean","ILO - Calculations based on information from ILO textual sources","SDG indicator 8.8.2 - Level of national compliance with labour rights (freedom of association and collective bargaining)","2016",3.041,
"Latin America and the Caribbean","ILO - Calculations based on information from ILO textual sources","SDG indicator 8.8.2 - Level of national compliance with labour rights (freedom of association and collective bargaining)","2015",3.034,
"Latin America and the Caribbean: Lower-middle income","ILO - Calculations based on information from ILO textual sources","SDG indicator 8.8.2 - Level of national compliance with labour rights (freedom of association and collective bargaining)","2023",3.592,
"Latin America and the Caribbean: Lower-middle income","ILO - Calculations based on information from ILO textual sources","SDG indicator 8.8.2 - Level of national compliance with labour rights (freedom of association and collective bargaining)","2022",3.118,
"Latin America and the Caribbean: Lower-middle income","ILO - Calculations based on information from ILO textual sources","SDG indicator 8.8.2 - Level of national compliance with labour rights (freedom of association and collective bargaining)","2021",2.694,
"Latin America and the Caribbean: Lower-middle income","ILO - Calculations based on information from ILO textual sources","SDG indicator 8.8.2 - Level of national compliance with labour rights (freedom of association and collective bargaining)","2020",2.518,
"Latin America and the Caribbean: Lower-middle income","ILO - Calculations based on information from ILO textual sources","SDG indicator 8.8.2 - Level of national compliance with labour rights (freedom of association and collective bargaining)","2019",2.544,
"Latin America and the Caribbean: Lower-middle income","ILO - Calculations based on information from ILO textual sources","SDG indicator 8.8.2 - Level of national compliance with labour rights (freedom of association and collective bargaining)","2018",2.525,
"Latin America and the Caribbean: Lower-middle income","ILO - Calculations based on information from ILO textual sources","SDG indicator 8.8.2 - Level of national compliance with labour rights (freedom of association and collective bargaining)","2017",2.242,
"Latin America and the Caribbean: Lower-middle income","ILO - Calculations based on information from ILO textual sources","SDG indicator 8.8.2 - Level of national compliance with labour rights (freedom of association and collective bargaining)","2016",2.117,
"Latin America and the Caribbean: Lower-middle income","ILO - Calculations based on information from ILO textual sources","SDG indicator 8.8.2 - Level of national compliance with labour rights (freedom of association and collective bargaining)","2015",2.145,
"Latin America and the Caribbean: Upper-middle income","ILO - Calculations based on information from ILO textual sources","SDG indicator 8.8.2 - Level of national compliance with labour rights (freedom of association and collective bargaining)","2023",3.865,
"Latin America and the Caribbean: Upper-middle income","ILO - Calculations based on information from ILO textual sources","SDG indicator 8.8.2 - Level of national compliance with labour rights (freedom of association and collective bargaining)","2022",3.591,
"Latin America and the Caribbean: Upper-middle income","ILO - Calculations based on information from ILO textual sources","SDG indicator 8.8.2 - Level of national compliance with labour rights (freedom of association and collective bargaining)","2021",3.212,
"Latin America and the Caribbean: Upper-middle income","ILO - Calculations based on information from ILO textual sources","SDG indicator 8.8.2 - Level of national compliance with labour rights (freedom of association and collective bargaining)","2020",3.088,
"Latin America and the Caribbean: Upper-middle income","ILO - Calculations based on information from ILO textual sources","SDG indicator 8.8.2 - Level of national compliance with labour rights (freedom of association and collective bargaining)","2019",3.138,
"Latin America and the Caribbean: Upper-middle income","ILO - Calculations based on information from ILO textual sources","SDG indicator 8.8.2 - Level of national compliance with labour rights (freedom of association and collective bargaining)","2018",3.056,
"Latin America and the Caribbean: Upper-middle income","ILO - Calculations based on information from ILO textual sources","SDG indicator 8.8.2 - Level of national compliance with labour rights (freedom of association and collective bargaining)","2017",3.089,
"Latin America and the Caribbean: Upper-middle income","ILO - Calculations based on information from ILO textual sources","SDG indicator 8.8.2 - Level of national compliance with labour rights (freedom of association and collective bargaining)","2016",3.141,
"Latin America and the Caribbean: Upper-middle income","ILO - Calculations based on information from ILO textual sources","SDG indicator 8.8.2 - Level of national compliance with labour rights (freedom of association and collective bargaining)","2015",3.143,
"Latin America and the Caribbean: High income","ILO - Calculations based on information from ILO textual sources","SDG indicator 8.8.2 - Level of national compliance with labour rights (freedom of association and collective bargaining)","2023",2.429,
"Latin America and the Caribbean: High income","ILO - Calculations based on information from ILO textual sources","SDG indicator 8.8.2 - Level of national compliance with labour rights (freedom of association and collective bargaining)","2022",2.519,
"Latin America and the Caribbean: High income","ILO - Calculations based on information from ILO textual sources","SDG indicator 8.8.2 - Level of national compliance with labour rights (freedom of association and collective bargaining)","2021",2.464,
"Latin America and the Caribbean: High income","ILO - Calculations based on information from ILO textual sources","SDG indicator 8.8.2 - Level of national compliance with labour rights (freedom of association and collective bargaining)","2020",2.483,
"Latin America and the Caribbean: High income","ILO - Calculations based on information from ILO textual sources","SDG indicator 8.8.2 - Level of national compliance with labour rights (freedom of association and collective bargaining)","2019",2.521,
"Latin America and the Caribbean: High income","ILO - Calculations based on information from ILO textual sources","SDG indicator 8.8.2 - Level of national compliance with labour rights (freedom of association and collective bargaining)","2018",2.053,
"Latin America and the Caribbean: High income","ILO - Calculations based on information from ILO textual sources","SDG indicator 8.8.2 - Level of national compliance with labour rights (freedom of association and collective bargaining)","2017",2.11,
"Latin America and the Caribbean: High income","ILO - Calculations based on information from ILO textual sources","SDG indicator 8.8.2 - Level of national compliance with labour rights (freedom of association and collective bargaining)","2016",2.245,
"Latin America and the Caribbean: High income","ILO - Calculations based on information from ILO textual sources","SDG indicator 8.8.2 - Level of national compliance with labour rights (freedom of association and collective bargaining)","2015",2.037,
"Caribbean","ILO - Calculations based on information from ILO textual sources","SDG indicator 8.8.2 - Level of national compliance with labour rights (freedom of association and collective bargaining)","2023",1.661,
"Caribbean","ILO - Calculations based on information from ILO textual sources","SDG indicator 8.8.2 - Level of national compliance with labour rights (freedom of association and collective bargaining)","2022",1.603,
"Caribbean","ILO - Calculations based on information from ILO textual sources","SDG indicator 8.8.2 - Level of national compliance with labour rights (freedom of association and collective bargaining)","2021",1.459,
"Caribbean","ILO - Calculations based on information from ILO textual sources","SDG indicator 8.8.2 - Level of national compliance with labour rights (freedom of association and collective bargaining)","2020",1.46,
"Caribbean","ILO - Calculations based on information from ILO textual sources","SDG indicator 8.8.2 - Level of national compliance with labour rights (freedom of association and collective bargaining)","2019",1.508,
"Caribbean","ILO - Calculations based on information from ILO textual sources","SDG indicator 8.8.2 - Level of national compliance with labour rights (freedom of association and collective bargaining)","2018",1.459,
"Caribbean","ILO - Calculations based on information from ILO textual sources","SDG indicator 8.8.2 - Level of national compliance with labour rights (freedom of association and collective bargaining)","2017",1.346,
"Caribbean","ILO - Calculations based on information from ILO textual sources","SDG indicator 8.8.2 - Level of national compliance with labour rights (freedom of association and collective bargaining)","2016",1.344,
"Caribbean","ILO - Calculations based on information from ILO textual sources","SDG indicator 8.8.2 - Level of national compliance with labour rights (freedom of association and collective bargaining)","2015",2.839,
"Central America","ILO - Calculations based on information from ILO textual sources","SDG indicator 8.8.2 - Level of national compliance with labour rights (freedom of association and collective bargaining)","2023",3.285,
"Central America","ILO - Calculations based on information from ILO textual sources","SDG indicator 8.8.2 - Level of national compliance with labour rights (freedom of association and collective bargaining)","2022",3.142,
"Central America","ILO - Calculations based on information from ILO textual sources","SDG indicator 8.8.2 - Level of national compliance with labour rights (freedom of association and collective bargaining)","2021",2.992,
"Central America","ILO - Calculations based on information from ILO textual sources","SDG indicator 8.8.2 - Level of national compliance with labour rights (freedom of association and collective bargaining)","2020",3.025,
"Central America","ILO - Calculations based on information from ILO textual sources","SDG indicator 8.8.2 - Level of national compliance with labour rights (freedom of association and collective bargaining)","2019",3.014,
"Central America","ILO - Calculations based on information from ILO textual sources","SDG indicator 8.8.2 - Level of national compliance with labour rights (freedom of association and collective bargaining)","2018",3.018,
"Central America","ILO - Calculations based on information from ILO textual sources","SDG indicator 8.8.2 - Level of national compliance with labour rights (freedom of association and collective bargaining)","2017",3.219,
"Central America","ILO - Calculations based on information from ILO textual sources","SDG indicator 8.8.2 - Level of national compliance with labour rights (freedom of association and collective bargaining)","2016",3.826,
"Central America","ILO - Calculations based on information from ILO textual sources","SDG indicator 8.8.2 - Level of national compliance with labour rights (freedom of association and collective bargaining)","2015",3.651,
"South America","ILO - Calculations based on information from ILO textual sources","SDG indicator 8.8.2 - Level of national compliance with labour rights (freedom of association and collective bargaining)","2023",4.148,
"South America","ILO - Calculations based on information from ILO textual sources","SDG indicator 8.8.2 - Level of national compliance with labour rights (freedom of association and collective bargaining)","2022",3.812,
"South America","ILO - Calculations based on information from ILO textual sources","SDG indicator 8.8.2 - Level of national compliance with labour rights (freedom of association and collective bargaining)","2021",3.346,
"South America","ILO - Calculations based on information from ILO textual sources","SDG indicator 8.8.2 - Level of national compliance with labour rights (freedom of association and collective bargaining)","2020",3.159,
"South America","ILO - Calculations based on information from ILO textual sources","SDG indicator 8.8.2 - Level of national compliance with labour rights (freedom of association and collective bargaining)","2019",3.228,
"South America","ILO - Calculations based on information from ILO textual sources","SDG indicator 8.8.2 - Level of national compliance with labour rights (freedom of association and collective bargaining)","2018",3.09,
"South America","ILO - Calculations based on information from ILO textual sources","SDG indicator 8.8.2 - Level of national compliance with labour rights (freedom of association and collective bargaining)","2017",3.051,
"South America","ILO - Calculations based on information from ILO textual sources","SDG indicator 8.8.2 - Level of national compliance with labour rights (freedom of association and collective bargaining)","2016",2.901,
"South America","ILO - Calculations based on information from ILO textual sources","SDG indicator 8.8.2 - Level of national compliance with labour rights (freedom of association and collective bargaining)","2015",2.827,
"Northern America","ILO - Calculations based on information from ILO textual sources","SDG indicator 8.8.2 - Level of national compliance with labour rights (freedom of association and collective bargaining)","2023",2.78,
"Northern America","ILO - Calculations based on information from ILO textual sources","SDG indicator 8.8.2 - Level of national compliance with labour rights (freedom of association and collective bargaining)","2022",2.82,
"Northern America","ILO - Calculations based on information from ILO textual sources","SDG indicator 8.8.2 - Level of national compliance with labour rights (freedom of association and collective bargaining)","2021",2.837,
"Northern America","ILO - Calculations based on information from ILO textual sources","SDG indicator 8.8.2 - Level of national compliance with labour rights (freedom of association and collective bargaining)","2020",2.842,
"Northern America","ILO - Calculations based on information from ILO textual sources","SDG indicator 8.8.2 - Level of national compliance with labour rights (freedom of association and collective bargaining)","2019",2.842,
"Northern America","ILO - Calculations based on information from ILO textual sources","SDG indicator 8.8.2 - Level of national compliance with labour rights (freedom of association and collective bargaining)","2018",2.709,
"Northern America","ILO - Calculations based on information from ILO textual sources","SDG indicator 8.8.2 - Level of national compliance with labour rights (freedom of association and collective bargaining)","2017",2.594,
"Northern America","ILO - Calculations based on information from ILO textual sources","SDG indicator 8.8.2 - Level of national compliance with labour rights (freedom of association and collective bargaining)","2016",2.541,
"Northern America","ILO - Calculations based on information from ILO textual sources","SDG indicator 8.8.2 - Level of national compliance with labour rights (freedom of association and collective bargaining)","2015",2.579,
"Northern America: High income","ILO - Calculations based on information from ILO textual sources","SDG indicator 8.8.2 - Level of national compliance with labour rights (freedom of association and collective bargaining)","2023",2.78,
"Northern America: High income","ILO - Calculations based on information from ILO textual sources","SDG indicator 8.8.2 - Level of national compliance with labour rights (freedom of association and collective bargaining)","2022",2.82,
"Northern America: High income","ILO - Calculations based on information from ILO textual sources","SDG indicator 8.8.2 - Level of national compliance with labour rights (freedom of association and collective bargaining)","2021",2.837,
"Northern America: High income","ILO - Calculations based on information from ILO textual sources","SDG indicator 8.8.2 - Level of national compliance with labour rights (freedom of association and collective bargaining)","2020",2.842,
"Northern America: High income","ILO - Calculations based on information from ILO textual sources","SDG indicator 8.8.2 - Level of national compliance with labour rights (freedom of association and collective bargaining)","2019",2.842,
"Northern America: High income","ILO - Calculations based on information from ILO textual sources","SDG indicator 8.8.2 - Level of national compliance with labour rights (freedom of association and collective bargaining)","2018",2.709,
"Northern America: High income","ILO - Calculations based on information from ILO textual sources","SDG indicator 8.8.2 - Level of national compliance with labour rights (freedom of association and collective bargaining)","2017",2.594,
"Northern America: High income","ILO - Calculations based on information from ILO textual sources","SDG indicator 8.8.2 - Level of national compliance with labour rights (freedom of association and collective bargaining)","2016",2.541,
"Northern America: High income","ILO - Calculations based on information from ILO textual sources","SDG indicator 8.8.2 - Level of national compliance with labour rights (freedom of association and collective bargaining)","2015",2.579,
"Arab States","ILO - Calculations based on information from ILO textual sources","SDG indicator 8.8.2 - Level of national compliance with labour rights (freedom of association and collective bargaining)","2023",5.972,
"Arab States","ILO - Calculations based on information from ILO textual sources","SDG indicator 8.8.2 - Level of national compliance with labour rights (freedom of association and collective bargaining)","2022",5.912,
"Arab States","ILO - Calculations based on information from ILO textual sources","SDG indicator 8.8.2 - Level of national compliance with labour rights (freedom of association and collective bargaining)","2021",5.927,
"Arab States","ILO - Calculations based on information from ILO textual sources","SDG indicator 8.8.2 - Level of national compliance with labour rights (freedom of association and collective bargaining)","2020",5.753,
"Arab States","ILO - Calculations based on information from ILO textual sources","SDG indicator 8.8.2 - Level of national compliance with labour rights (freedom of association and collective bargaining)","2019",5.74,
"Arab States","ILO - Calculations based on information from ILO textual sources","SDG indicator 8.8.2 - Level of national compliance with labour rights (freedom of association and collective bargaining)","2018",5.751,
"Arab States","ILO - Calculations based on information from ILO textual sources","SDG indicator 8.8.2 - Level of national compliance with labour rights (freedom of association and collective bargaining)","2017",5.707,
"Arab States","ILO - Calculations based on information from ILO textual sources","SDG indicator 8.8.2 - Level of national compliance with labour rights (freedom of association and collective bargaining)","2016",5.783,
"Arab States","ILO - Calculations based on information from ILO textual sources","SDG indicator 8.8.2 - Level of national compliance with labour rights (freedom of association and collective bargaining)","2015",5.785,
"Arab States: Lower-middle income","ILO - Calculations based on information from ILO textual sources","SDG indicator 8.8.2 - Level of national compliance with labour rights (freedom of association and collective bargaining)","2023",3.749,
"Arab States: Lower-middle income","ILO - Calculations based on information from ILO textual sources","SDG indicator 8.8.2 - Level of national compliance with labour rights (freedom of association and collective bargaining)","2022",3.521,
"Arab States: Lower-middle income","ILO - Calculations based on information from ILO textual sources","SDG indicator 8.8.2 - Level of national compliance with labour rights (freedom of association and collective bargaining)","2021",3.759,
"Arab States: Lower-middle income","ILO - Calculations based on information from ILO textual sources","SDG indicator 8.8.2 - Level of national compliance with labour rights (freedom of association and collective bargaining)","2020",3.397,
"Arab States: Lower-middle income","ILO - Calculations based on information from ILO textual sources","SDG indicator 8.8.2 - Level of national compliance with labour rights (freedom of association and collective bargaining)","2019",3.438,
"Arab States: Lower-middle income","ILO - Calculations based on information from ILO textual sources","SDG indicator 8.8.2 - Level of national compliance with labour rights (freedom of association and collective bargaining)","2018",3.455,
"Arab States: Lower-middle income","ILO - Calculations based on information from ILO textual sources","SDG indicator 8.8.2 - Level of national compliance with labour rights (freedom of association and collective bargaining)","2017",3.464,
"Arab States: Lower-middle income","ILO - Calculations based on information from ILO textual sources","SDG indicator 8.8.2 - Level of national compliance with labour rights (freedom of association and collective bargaining)","2016",3.675,
"Arab States: Lower-middle income","ILO - Calculations based on information from ILO textual sources","SDG indicator 8.8.2 - Level of national compliance with labour rights (freedom of association and collective bargaining)","2015",3.714,
"Arab States: Upper-middle income","ILO - Calculations based on information from ILO textual sources","SDG indicator 8.8.2 - Level of national compliance with labour rights (freedom of association and collective bargaining)","2022",7.18,
"Arab States: Upper-middle income","ILO - Calculations based on information from ILO textual sources","SDG indicator 8.8.2 - Level of national compliance with labour rights (freedom of association and collective bargaining)","2021",7.18,
"Arab States: Upper-middle income","ILO - Calculations based on information from ILO textual sources","SDG indicator 8.8.2 - Level of national compliance with labour rights (freedom of association and collective bargaining)","2020",6.48,
"Arab States: Upper-middle income","ILO - Calculations based on information from ILO textual sources","SDG indicator 8.8.2 - Level of national compliance with labour rights (freedom of association and collective bargaining)","2019",6.48,
"Arab States: Upper-middle income","ILO - Calculations based on information from ILO textual sources","SDG indicator 8.8.2 - Level of national compliance with labour rights (freedom of association and collective bargaining)","2018",6.48,
"Arab States: Upper-middle income","ILO - Calculations based on information from ILO textual sources","SDG indicator 8.8.2 - Level of national compliance with labour rights (freedom of association and collective bargaining)","2017",6.28,
"Arab States: Upper-middle income","ILO - Calculations based on information from ILO textual sources","SDG indicator 8.8.2 - Level of national compliance with labour rights (freedom of association and collective bargaining)","2016",6.48,
"Arab States: Upper-middle income","ILO - Calculations based on information from ILO textual sources","SDG indicator 8.8.2 - Level of national compliance with labour rights (freedom of association and collective bargaining)","2015",6.48,
"Arab States: High income","ILO - Calculations based on information from ILO textual sources","SDG indicator 8.8.2 - Level of national compliance with labour rights (freedom of association and collective bargaining)","2023",6.881,
"Arab States: High income","ILO - Calculations based on information from ILO textual sources","SDG indicator 8.8.2 - Level of national compliance with labour rights (freedom of association and collective bargaining)","2022",6.895,
"Arab States: High income","ILO - Calculations based on information from ILO textual sources","SDG indicator 8.8.2 - Level of national compliance with labour rights (freedom of association and collective bargaining)","2021",6.917,
"Arab States: High income","ILO - Calculations based on information from ILO textual sources","SDG indicator 8.8.2 - Level of national compliance with labour rights (freedom of association and collective bargaining)","2020",6.899,
"Arab States: High income","ILO - Calculations based on information from ILO textual sources","SDG indicator 8.8.2 - Level of national compliance with labour rights (freedom of association and collective bargaining)","2019",6.853,
"Arab States: High income","ILO - Calculations based on information from ILO textual sources","SDG indicator 8.8.2 - Level of national compliance with labour rights (freedom of association and collective bargaining)","2018",6.868,
"Arab States: High income","ILO - Calculations based on information from ILO textual sources","SDG indicator 8.8.2 - Level of national compliance with labour rights (freedom of association and collective bargaining)","2017",6.836,
"Arab States: High income","ILO - Calculations based on information from ILO textual sources","SDG indicator 8.8.2 - Level of national compliance with labour rights (freedom of association and collective bargaining)","2016",6.829,
"Arab States: High income","ILO - Calculations based on information from ILO textual sources","SDG indicator 8.8.2 - Level of national compliance with labour rights (freedom of association and collective bargaining)","2015",6.799,
"Asia and the Pacific","ILO - Calculations based on information from ILO textual sources","SDG indicator 8.8.2 - Level of national compliance with labour rights (freedom of association and collective bargaining)","2023",6.481,
"Asia and the Pacific","ILO - Calculations based on information from ILO textual sources","SDG indicator 8.8.2 - Level of national compliance with labour rights (freedom of association and collective bargaining)","2022",6.522,
"Asia and the Pacific","ILO - Calculations based on information from ILO textual sources","SDG indicator 8.8.2 - Level of national compliance with labour rights (freedom of association and collective bargaining)","2021",6.046,
"Asia and the Pacific","ILO - Calculations based on information from ILO textual sources","SDG indicator 8.8.2 - Level of national compliance with labour rights (freedom of association and collective bargaining)","2020",6.082,
"Asia and the Pacific","ILO - Calculations based on information from ILO textual sources","SDG indicator 8.8.2 - Level of national compliance with labour rights (freedom of association and collective bargaining)","2019",6.213,
"Asia and the Pacific","ILO - Calculations based on information from ILO textual sources","SDG indicator 8.8.2 - Level of national compliance with labour rights (freedom of association and collective bargaining)","2018",6.342,
"Asia and the Pacific","ILO - Calculations based on information from ILO textual sources","SDG indicator 8.8.2 - Level of national compliance with labour rights (freedom of association and collective bargaining)","2017",6.316,
"Asia and the Pacific","ILO - Calculations based on information from ILO textual sources","SDG indicator 8.8.2 - Level of national compliance with labour rights (freedom of association and collective bargaining)","2016",6.14,
"Asia and the Pacific","ILO - Calculations based on information from ILO textual sources","SDG indicator 8.8.2 - Level of national compliance with labour rights (freedom of association and collective bargaining)","2015",6.122,
"Asia and the Pacific: Lower-middle income","ILO - Calculations based on information from ILO textual sources","SDG indicator 8.8.2 - Level of national compliance with labour rights (freedom of association and collective bargaining)","2023",5.419,
"Asia and the Pacific: Lower-middle income","ILO - Calculations based on information from ILO textual sources","SDG indicator 8.8.2 - Level of national compliance with labour rights (freedom of association and collective bargaining)","2022",5.44,
"Asia and the Pacific: Lower-middle income","ILO - Calculations based on information from ILO textual sources","SDG indicator 8.8.2 - Level of national compliance with labour rights (freedom of association and collective bargaining)","2021",4.414,
"Asia and the Pacific: Lower-middle income","ILO - Calculations based on information from ILO textual sources","SDG indicator 8.8.2 - Level of national compliance with labour rights (freedom of association and collective bargaining)","2020",4.311,
"Asia and the Pacific: Lower-middle income","ILO - Calculations based on information from ILO textual sources","SDG indicator 8.8.2 - Level of national compliance with labour rights (freedom of association and collective bargaining)","2019",4.605,
"Asia and the Pacific: Lower-middle income","ILO - Calculations based on information from ILO textual sources","SDG indicator 8.8.2 - Level of national compliance with labour rights (freedom of association and collective bargaining)","2018",5.14,
"Asia and the Pacific: Lower-middle income","ILO - Calculations based on information from ILO textual sources","SDG indicator 8.8.2 - Level of national compliance with labour rights (freedom of association and collective bargaining)","2017",5.225,
"Asia and the Pacific: Lower-middle income","ILO - Calculations based on information from ILO textual sources","SDG indicator 8.8.2 - Level of national compliance with labour rights (freedom of association and collective bargaining)","2016",5.244,
"Asia and the Pacific: Lower-middle income","ILO - Calculations based on information from ILO textual sources","SDG indicator 8.8.2 - Level of national compliance with labour rights (freedom of association and collective bargaining)","2015",4.953,
"Asia and the Pacific: Upper-middle income","ILO - Calculations based on information from ILO textual sources","SDG indicator 8.8.2 - Level of national compliance with labour rights (freedom of association and collective bargaining)","2023",7.995,
"Asia and the Pacific: Upper-middle income","ILO - Calculations based on information from ILO textual sources","SDG indicator 8.8.2 - Level of national compliance with labour rights (freedom of association and collective bargaining)","2022",8.041,
"Asia and the Pacific: Upper-middle income","ILO - Calculations based on information from ILO textual sources","SDG indicator 8.8.2 - Level of national compliance with labour rights (freedom of association and collective bargaining)","2021",7.929,
"Asia and the Pacific: Upper-middle income","ILO - Calculations based on information from ILO textual sources","SDG indicator 8.8.2 - Level of national compliance with labour rights (freedom of association and collective bargaining)","2020",8.068,
"Asia and the Pacific: Upper-middle income","ILO - Calculations based on information from ILO textual sources","SDG indicator 8.8.2 - Level of national compliance with labour rights (freedom of association and collective bargaining)","2019",8.053,
"Asia and the Pacific: Upper-middle income","ILO - Calculations based on information from ILO textual sources","SDG indicator 8.8.2 - Level of national compliance with labour rights (freedom of association and collective bargaining)","2018",7.782,
"Asia and the Pacific: Upper-middle income","ILO - Calculations based on information from ILO textual sources","SDG indicator 8.8.2 - Level of national compliance with labour rights (freedom of association and collective bargaining)","2017",7.639,
"Asia and the Pacific: Upper-middle income","ILO - Calculations based on information from ILO textual sources","SDG indicator 8.8.2 - Level of national compliance with labour rights (freedom of association and collective bargaining)","2016",7.31,
"Asia and the Pacific: Upper-middle income","ILO - Calculations based on information from ILO textual sources","SDG indicator 8.8.2 - Level of national compliance with labour rights (freedom of association and collective bargaining)","2015",7.496,
"Asia and the Pacific: High income","ILO - Calculations based on information from ILO textual sources","SDG indicator 8.8.2 - Level of national compliance with labour rights (freedom of association and collective bargaining)","2023",1.866,
"Asia and the Pacific: High income","ILO - Calculations based on information from ILO textual sources","SDG indicator 8.8.2 - Level of national compliance with labour rights (freedom of association and collective bargaining)","2022",1.865,
"Asia and the Pacific: High income","ILO - Calculations based on information from ILO textual sources","SDG indicator 8.8.2 - Level of national compliance with labour rights (freedom of association and collective bargaining)","2021",1.857,
"Asia and the Pacific: High income","ILO - Calculations based on information from ILO textual sources","SDG indicator 8.8.2 - Level of national compliance with labour rights (freedom of association and collective bargaining)","2020",1.91,
"Asia and the Pacific: High income","ILO - Calculations based on information from ILO textual sources","SDG indicator 8.8.2 - Level of national compliance with labour rights (freedom of association and collective bargaining)","2019",1.912,
"Asia and the Pacific: High income","ILO - Calculations based on information from ILO textual sources","SDG indicator 8.8.2 - Level of national compliance with labour rights (freedom of association and collective bargaining)","2018",2.472,
"Asia and the Pacific: High income","ILO - Calculations based on information from ILO textual sources","SDG indicator 8.8.2 - Level of national compliance with labour rights (freedom of association and collective bargaining)","2017",2.544,
"Asia and the Pacific: High income","ILO - Calculations based on information from ILO textual sources","SDG indicator 8.8.2 - Level of national compliance with labour rights (freedom of association and collective bargaining)","2016",2.202,
"Asia and the Pacific: High income","ILO - Calculations based on information from ILO textual sources","SDG indicator 8.8.2 - Level of national compliance with labour rights (freedom of association and collective bargaining)","2015",2.148,
"Eastern Asia","ILO - Calculations based on information from ILO textual sources","SDG indicator 8.8.2 - Level of national compliance with labour rights (freedom of association and collective bargaining)","2023",8.32,
"Eastern Asia","ILO - Calculations based on information from ILO textual sources","SDG indicator 8.8.2 - Level of national compliance with labour rights (freedom of association and collective bargaining)","2022",8.321,
"Eastern Asia","ILO - Calculations based on information from ILO textual sources","SDG indicator 8.8.2 - Level of national compliance with labour rights (freedom of association and collective bargaining)","2021",8.337,
"Eastern Asia","ILO - Calculations based on information from ILO textual sources","SDG indicator 8.8.2 - Level of national compliance with labour rights (freedom of association and collective bargaining)","2020",8.497,
"Eastern Asia","ILO - Calculations based on information from ILO textual sources","SDG indicator 8.8.2 - Level of national compliance with labour rights (freedom of association and collective bargaining)","2019",8.337,
"Eastern Asia","ILO - Calculations based on information from ILO textual sources","SDG indicator 8.8.2 - Level of national compliance with labour rights (freedom of association and collective bargaining)","2018",8.053,
"Eastern Asia","ILO - Calculations based on information from ILO textual sources","SDG indicator 8.8.2 - Level of national compliance with labour rights (freedom of association and collective bargaining)","2017",7.885,
"Eastern Asia","ILO - Calculations based on information from ILO textual sources","SDG indicator 8.8.2 - Level of national compliance with labour rights (freedom of association and collective bargaining)","2016",7.509,
"Eastern Asia","ILO - Calculations based on information from ILO textual sources","SDG indicator 8.8.2 - Level of national compliance with labour rights (freedom of association and collective bargaining)","2015",7.507,
"Eastern Asia: Upper-middle income","ILO - Calculations based on information from ILO textual sources","SDG indicator 8.8.2 - Level of national compliance with labour rights (freedom of association and collective bargaining)","2023",9.114,
"Eastern Asia: Upper-middle income","ILO - Calculations based on information from ILO textual sources","SDG indicator 8.8.2 - Level of national compliance with labour rights (freedom of association and collective bargaining)","2022",9.114,
"Eastern Asia: Upper-middle income","ILO - Calculations based on information from ILO textual sources","SDG indicator 8.8.2 - Level of national compliance with labour rights (freedom of association and collective bargaining)","2021",9.115,
"Eastern Asia: Upper-middle income","ILO - Calculations based on information from ILO textual sources","SDG indicator 8.8.2 - Level of national compliance with labour rights (freedom of association and collective bargaining)","2020",9.304,
"Eastern Asia: Upper-middle income","ILO - Calculations based on information from ILO textual sources","SDG indicator 8.8.2 - Level of national compliance with labour rights (freedom of association and collective bargaining)","2019",9.114,
"Eastern Asia: Upper-middle income","ILO - Calculations based on information from ILO textual sources","SDG indicator 8.8.2 - Level of national compliance with labour rights (freedom of association and collective bargaining)","2018",8.706,
"Eastern Asia: Upper-middle income","ILO - Calculations based on information from ILO textual sources","SDG indicator 8.8.2 - Level of national compliance with labour rights (freedom of association and collective bargaining)","2017",8.497,
"Eastern Asia: Upper-middle income","ILO - Calculations based on information from ILO textual sources","SDG indicator 8.8.2 - Level of national compliance with labour rights (freedom of association and collective bargaining)","2016",8.117,
"Eastern Asia: Upper-middle income","ILO - Calculations based on information from ILO textual sources","SDG indicator 8.8.2 - Level of national compliance with labour rights (freedom of association and collective bargaining)","2015",8.117,
"Eastern Asia: High income","ILO - Calculations based on information from ILO textual sources","SDG indicator 8.8.2 - Level of national compliance with labour rights (freedom of association and collective bargaining)","2023",2.031,
"Eastern Asia: High income","ILO - Calculations based on information from ILO textual sources","SDG indicator 8.8.2 - Level of national compliance with labour rights (freedom of association and collective bargaining)","2022",2.029,
"Eastern Asia: High income","ILO - Calculations based on information from ILO textual sources","SDG indicator 8.8.2 - Level of national compliance with labour rights (freedom of association and collective bargaining)","2021",2.016,
"Eastern Asia: High income","ILO - Calculations based on information from ILO textual sources","SDG indicator 8.8.2 - Level of national compliance with labour rights (freedom of association and collective bargaining)","2020",2.066,
"Eastern Asia: High income","ILO - Calculations based on information from ILO textual sources","SDG indicator 8.8.2 - Level of national compliance with labour rights (freedom of association and collective bargaining)","2019",2.069,
"Eastern Asia: High income","ILO - Calculations based on information from ILO textual sources","SDG indicator 8.8.2 - Level of national compliance with labour rights (freedom of association and collective bargaining)","2018",2.731,
"Eastern Asia: High income","ILO - Calculations based on information from ILO textual sources","SDG indicator 8.8.2 - Level of national compliance with labour rights (freedom of association and collective bargaining)","2017",2.814,
"Eastern Asia: High income","ILO - Calculations based on information from ILO textual sources","SDG indicator 8.8.2 - Level of national compliance with labour rights (freedom of association and collective bargaining)","2016",2.409,
"Eastern Asia: High income","ILO - Calculations based on information from ILO textual sources","SDG indicator 8.8.2 - Level of national compliance with labour rights (freedom of association and collective bargaining)","2015",2.343,
"South-Eastern Asia and the Pacific","ILO - Calculations based on information from ILO textual sources","SDG indicator 8.8.2 - Level of national compliance with labour rights (freedom of association and collective bargaining)","2023",4.83,
"South-Eastern Asia and the Pacific","ILO - Calculations based on information from ILO textual sources","SDG indicator 8.8.2 - Level of national compliance with labour rights (freedom of association and collective bargaining)","2022",4.597,
"South-Eastern Asia and the Pacific","ILO - Calculations based on information from ILO textual sources","SDG indicator 8.8.2 - Level of national compliance with labour rights (freedom of association and collective bargaining)","2021",3.956,
"South-Eastern Asia and the Pacific","ILO - Calculations based on information from ILO textual sources","SDG indicator 8.8.2 - Level of national compliance with labour rights (freedom of association and collective bargaining)","2020",3.714,
"South-Eastern Asia and the Pacific","ILO - Calculations based on information from ILO textual sources","SDG indicator 8.8.2 - Level of national compliance with labour rights (freedom of association and collective bargaining)","2019",4.191,
"South-Eastern Asia and the Pacific","ILO - Calculations based on information from ILO textual sources","SDG indicator 8.8.2 - Level of national compliance with labour rights (freedom of association and collective bargaining)","2018",4.328,
"South-Eastern Asia and the Pacific","ILO - Calculations based on information from ILO textual sources","SDG indicator 8.8.2 - Level of national compliance with labour rights (freedom of association and collective bargaining)","2017",4.313,
"South-Eastern Asia and the Pacific","ILO - Calculations based on information from ILO textual sources","SDG indicator 8.8.2 - Level of national compliance with labour rights (freedom of association and collective bargaining)","2016",4.244,
"South-Eastern Asia and the Pacific","ILO - Calculations based on information from ILO textual sources","SDG indicator 8.8.2 - Level of national compliance with labour rights (freedom of association and collective bargaining)","2015",4.781,
"South-Eastern Asia and the Pacific: Lower-middle income","ILO - Calculations based on information from ILO textual sources","SDG indicator 8.8.2 - Level of national compliance with labour rights (freedom of association and collective bargaining)","2023",7.379,
"South-Eastern Asia and the Pacific: Lower-middle income","ILO - Calculations based on information from ILO textual sources","SDG indicator 8.8.2 - Level of national compliance with labour rights (freedom of association and collective bargaining)","2022",6.508,
"South-Eastern Asia and the Pacific: Lower-middle income","ILO - Calculations based on information from ILO textual sources","SDG indicator 8.8.2 - Level of national compliance with labour rights (freedom of association and collective bargaining)","2021",5.979,
"South-Eastern Asia and the Pacific: Lower-middle income","ILO - Calculations based on information from ILO textual sources","SDG indicator 8.8.2 - Level of national compliance with labour rights (freedom of association and collective bargaining)","2020",5.23,
"South-Eastern Asia and the Pacific: Lower-middle income","ILO - Calculations based on information from ILO textual sources","SDG indicator 8.8.2 - Level of national compliance with labour rights (freedom of association and collective bargaining)","2019",5.45,
"South-Eastern Asia and the Pacific: Lower-middle income","ILO - Calculations based on information from ILO textual sources","SDG indicator 8.8.2 - Level of national compliance with labour rights (freedom of association and collective bargaining)","2018",5.688,
"South-Eastern Asia and the Pacific: Lower-middle income","ILO - Calculations based on information from ILO textual sources","SDG indicator 8.8.2 - Level of national compliance with labour rights (freedom of association and collective bargaining)","2017",5.632,
"South-Eastern Asia and the Pacific: Lower-middle income","ILO - Calculations based on information from ILO textual sources","SDG indicator 8.8.2 - Level of national compliance with labour rights (freedom of association and collective bargaining)","2016",5.733,
"South-Eastern Asia and the Pacific: Lower-middle income","ILO - Calculations based on information from ILO textual sources","SDG indicator 8.8.2 - Level of national compliance with labour rights (freedom of association and collective bargaining)","2015",5.568,
"South-Eastern Asia and the Pacific: Upper-middle income","ILO - Calculations based on information from ILO textual sources","SDG indicator 8.8.2 - Level of national compliance with labour rights (freedom of association and collective bargaining)","2023",3.346,
"South-Eastern Asia and the Pacific: Upper-middle income","ILO - Calculations based on information from ILO textual sources","SDG indicator 8.8.2 - Level of national compliance with labour rights (freedom of association and collective bargaining)","2022",3.561,
"South-Eastern Asia and the Pacific: Upper-middle income","ILO - Calculations based on information from ILO textual sources","SDG indicator 8.8.2 - Level of national compliance with labour rights (freedom of association and collective bargaining)","2021",2.805,
"South-Eastern Asia and the Pacific: Upper-middle income","ILO - Calculations based on information from ILO textual sources","SDG indicator 8.8.2 - Level of national compliance with labour rights (freedom of association and collective bargaining)","2020",2.901,
"South-Eastern Asia and the Pacific: Upper-middle income","ILO - Calculations based on information from ILO textual sources","SDG indicator 8.8.2 - Level of national compliance with labour rights (freedom of association and collective bargaining)","2019",3.588,
"South-Eastern Asia and the Pacific: Upper-middle income","ILO - Calculations based on information from ILO textual sources","SDG indicator 8.8.2 - Level of national compliance with labour rights (freedom of association and collective bargaining)","2018",3.65,
"South-Eastern Asia and the Pacific: Upper-middle income","ILO - Calculations based on information from ILO textual sources","SDG indicator 8.8.2 - Level of national compliance with labour rights (freedom of association and collective bargaining)","2017",3.658,
"South-Eastern Asia and the Pacific: Upper-middle income","ILO - Calculations based on information from ILO textual sources","SDG indicator 8.8.2 - Level of national compliance with labour rights (freedom of association and collective bargaining)","2016",3.441,
"South-Eastern Asia and the Pacific: Upper-middle income","ILO - Calculations based on information from ILO textual sources","SDG indicator 8.8.2 - Level of national compliance with labour rights (freedom of association and collective bargaining)","2015",4.562,
"South-Eastern Asia and the Pacific: High income","ILO - Calculations based on information from ILO textual sources","SDG indicator 8.8.2 - Level of national compliance with labour rights (freedom of association and collective bargaining)","2023",1.104,
"South-Eastern Asia and the Pacific: High income","ILO - Calculations based on information from ILO textual sources","SDG indicator 8.8.2 - Level of national compliance with labour rights (freedom of association and collective bargaining)","2022",1.102,
"South-Eastern Asia and the Pacific: High income","ILO - Calculations based on information from ILO textual sources","SDG indicator 8.8.2 - Level of national compliance with labour rights (freedom of association and collective bargaining)","2021",1.106,
"South-Eastern Asia and the Pacific: High income","ILO - Calculations based on information from ILO textual sources","SDG indicator 8.8.2 - Level of national compliance with labour rights (freedom of association and collective bargaining)","2020",1.155,
"South-Eastern Asia and the Pacific: High income","ILO - Calculations based on information from ILO textual sources","SDG indicator 8.8.2 - Level of national compliance with labour rights (freedom of association and collective bargaining)","2019",1.157,
"South-Eastern Asia and the Pacific: High income","ILO - Calculations based on information from ILO textual sources","SDG indicator 8.8.2 - Level of national compliance with labour rights (freedom of association and collective bargaining)","2018",1.21,
"South-Eastern Asia and the Pacific: High income","ILO - Calculations based on information from ILO textual sources","SDG indicator 8.8.2 - Level of national compliance with labour rights (freedom of association and collective bargaining)","2017",1.216,
"South-Eastern Asia and the Pacific: High income","ILO - Calculations based on information from ILO textual sources","SDG indicator 8.8.2 - Level of national compliance with labour rights (freedom of association and collective bargaining)","2016",1.175,
"South-Eastern Asia and the Pacific: High income","ILO - Calculations based on information from ILO textual sources","SDG indicator 8.8.2 - Level of national compliance with labour rights (freedom of association and collective bargaining)","2015",1.171,
"South-Eastern Asia","ILO - Calculations based on information from ILO textual sources","SDG indicator 8.8.2 - Level of national compliance with labour rights (freedom of association and collective bargaining)","2023",5.077,
"South-Eastern Asia","ILO - Calculations based on information from ILO textual sources","SDG indicator 8.8.2 - Level of national compliance with labour rights (freedom of association and collective bargaining)","2022",4.829,
"South-Eastern Asia","ILO - Calculations based on information from ILO textual sources","SDG indicator 8.8.2 - Level of national compliance with labour rights (freedom of association and collective bargaining)","2021",4.149,
"South-Eastern Asia","ILO - Calculations based on information from ILO textual sources","SDG indicator 8.8.2 - Level of national compliance with labour rights (freedom of association and collective bargaining)","2020",3.884,
"South-Eastern Asia","ILO - Calculations based on information from ILO textual sources","SDG indicator 8.8.2 - Level of national compliance with labour rights (freedom of association and collective bargaining)","2019",4.389,
"South-Eastern Asia","ILO - Calculations based on information from ILO textual sources","SDG indicator 8.8.2 - Level of national compliance with labour rights (freedom of association and collective bargaining)","2018",4.529,
"South-Eastern Asia","ILO - Calculations based on information from ILO textual sources","SDG indicator 8.8.2 - Level of national compliance with labour rights (freedom of association and collective bargaining)","2017",4.511,
"South-Eastern Asia","ILO - Calculations based on information from ILO textual sources","SDG indicator 8.8.2 - Level of national compliance with labour rights (freedom of association and collective bargaining)","2016",4.437,
"South-Eastern Asia","ILO - Calculations based on information from ILO textual sources","SDG indicator 8.8.2 - Level of national compliance with labour rights (freedom of association and collective bargaining)","2015",5.004,
"Pacific Islands","ILO - Calculations based on information from ILO textual sources","SDG indicator 8.8.2 - Level of national compliance with labour rights (freedom of association and collective bargaining)","2023",0.958,
"Pacific Islands","ILO - Calculations based on information from ILO textual sources","SDG indicator 8.8.2 - Level of national compliance with labour rights (freedom of association and collective bargaining)","2022",0.957,
"Pacific Islands","ILO - Calculations based on information from ILO textual sources","SDG indicator 8.8.2 - Level of national compliance with labour rights (freedom of association and collective bargaining)","2021",0.953,
"Pacific Islands","ILO - Calculations based on information from ILO textual sources","SDG indicator 8.8.2 - Level of national compliance with labour rights (freedom of association and collective bargaining)","2020",0.999,
"Pacific Islands","ILO - Calculations based on information from ILO textual sources","SDG indicator 8.8.2 - Level of national compliance with labour rights (freedom of association and collective bargaining)","2019",0.994,
"Pacific Islands","ILO - Calculations based on information from ILO textual sources","SDG indicator 8.8.2 - Level of national compliance with labour rights (freedom of association and collective bargaining)","2018",1.041,
"Pacific Islands","ILO - Calculations based on information from ILO textual sources","SDG indicator 8.8.2 - Level of national compliance with labour rights (freedom of association and collective bargaining)","2017",1.06,
"Pacific Islands","ILO - Calculations based on information from ILO textual sources","SDG indicator 8.8.2 - Level of national compliance with labour rights (freedom of association and collective bargaining)","2016",1.017,
"Pacific Islands","ILO - Calculations based on information from ILO textual sources","SDG indicator 8.8.2 - Level of national compliance with labour rights (freedom of association and collective bargaining)","2015",1.016,
"Southern Asia","ILO - Calculations based on information from ILO textual sources","SDG indicator 8.8.2 - Level of national compliance with labour rights (freedom of association and collective bargaining)","2023",5.22,
"Southern Asia","ILO - Calculations based on information from ILO textual sources","SDG indicator 8.8.2 - Level of national compliance with labour rights (freedom of association and collective bargaining)","2022",5.398,
"Southern Asia","ILO - Calculations based on information from ILO textual sources","SDG indicator 8.8.2 - Level of national compliance with labour rights (freedom of association and collective bargaining)","2021",4.335,
"Southern Asia","ILO - Calculations based on information from ILO textual sources","SDG indicator 8.8.2 - Level of national compliance with labour rights (freedom of association and collective bargaining)","2020",4.355,
"Southern Asia","ILO - Calculations based on information from ILO textual sources","SDG indicator 8.8.2 - Level of national compliance with labour rights (freedom of association and collective bargaining)","2019",4.628,
"Southern Asia","ILO - Calculations based on information from ILO textual sources","SDG indicator 8.8.2 - Level of national compliance with labour rights (freedom of association and collective bargaining)","2018",5.223,
"Southern Asia","ILO - Calculations based on information from ILO textual sources","SDG indicator 8.8.2 - Level of national compliance with labour rights (freedom of association and collective bargaining)","2017",5.331,
"Southern Asia","ILO - Calculations based on information from ILO textual sources","SDG indicator 8.8.2 - Level of national compliance with labour rights (freedom of association and collective bargaining)","2016",5.328,
"Southern Asia","ILO - Calculations based on information from ILO textual sources","SDG indicator 8.8.2 - Level of national compliance with labour rights (freedom of association and collective bargaining)","2015",4.992,
"Southern Asia: Lower-middle income","ILO - Calculations based on information from ILO textual sources","SDG indicator 8.8.2 - Level of national compliance with labour rights (freedom of association and collective bargaining)","2023",5.04,
"Southern Asia: Lower-middle income","ILO - Calculations based on information from ILO textual sources","SDG indicator 8.8.2 - Level of national compliance with labour rights (freedom of association and collective bargaining)","2022",5.23,
"Southern Asia: Lower-middle income","ILO - Calculations based on information from ILO textual sources","SDG indicator 8.8.2 - Level of national compliance with labour rights (freedom of association and collective bargaining)","2021",4.111,
"Southern Asia: Lower-middle income","ILO - Calculations based on information from ILO textual sources","SDG indicator 8.8.2 - Level of national compliance with labour rights (freedom of association and collective bargaining)","2020",4.127,
"Southern Asia: Lower-middle income","ILO - Calculations based on information from ILO textual sources","SDG indicator 8.8.2 - Level of national compliance with labour rights (freedom of association and collective bargaining)","2019",4.432,
"Southern Asia: Lower-middle income","ILO - Calculations based on information from ILO textual sources","SDG indicator 8.8.2 - Level of national compliance with labour rights (freedom of association and collective bargaining)","2018",5.027,
"Southern Asia: Lower-middle income","ILO - Calculations based on information from ILO textual sources","SDG indicator 8.8.2 - Level of national compliance with labour rights (freedom of association and collective bargaining)","2017",5.14,
"Southern Asia: Lower-middle income","ILO - Calculations based on information from ILO textual sources","SDG indicator 8.8.2 - Level of national compliance with labour rights (freedom of association and collective bargaining)","2016",5.141,
"Southern Asia: Lower-middle income","ILO - Calculations based on information from ILO textual sources","SDG indicator 8.8.2 - Level of national compliance with labour rights (freedom of association and collective bargaining)","2015",4.823,
"Southern Asia: Upper-middle income","ILO - Calculations based on information from ILO textual sources","SDG indicator 8.8.2 - Level of national compliance with labour rights (freedom of association and collective bargaining)","2023",9.95,
"Southern Asia: Upper-middle income","ILO - Calculations based on information from ILO textual sources","SDG indicator 8.8.2 - Level of national compliance with labour rights (freedom of association and collective bargaining)","2022",9.949,
"Southern Asia: Upper-middle income","ILO - Calculations based on information from ILO textual sources","SDG indicator 8.8.2 - Level of national compliance with labour rights (freedom of association and collective bargaining)","2021",9.906,
"Southern Asia: Upper-middle income","ILO - Calculations based on information from ILO textual sources","SDG indicator 8.8.2 - Level of national compliance with labour rights (freedom of association and collective bargaining)","2020",9.906,
"Southern Asia: Upper-middle income","ILO - Calculations based on information from ILO textual sources","SDG indicator 8.8.2 - Level of national compliance with labour rights (freedom of association and collective bargaining)","2019",9.205,
"Southern Asia: Upper-middle income","ILO - Calculations based on information from ILO textual sources","SDG indicator 8.8.2 - Level of national compliance with labour rights (freedom of association and collective bargaining)","2018",9.946,
"Southern Asia: Upper-middle income","ILO - Calculations based on information from ILO textual sources","SDG indicator 8.8.2 - Level of national compliance with labour rights (freedom of association and collective bargaining)","2017",9.949,
"Southern Asia: Upper-middle income","ILO - Calculations based on information from ILO textual sources","SDG indicator 8.8.2 - Level of national compliance with labour rights (freedom of association and collective bargaining)","2016",9.95,
"Southern Asia: Upper-middle income","ILO - Calculations based on information from ILO textual sources","SDG indicator 8.8.2 - Level of national compliance with labour rights (freedom of association and collective bargaining)","2015",9.187,
"Europe and Central Asia","ILO - Calculations based on information from ILO textual sources","SDG indicator 8.8.2 - Level of national compliance with labour rights (freedom of association and collective bargaining)","2023",1.781,
"Europe and Central Asia","ILO - Calculations based on information from ILO textual sources","SDG indicator 8.8.2 - Level of national compliance with labour rights (freedom of association and collective bargaining)","2022",1.682,
"Europe and Central Asia","ILO - Calculations based on information from ILO textual sources","SDG indicator 8.8.2 - Level of national compliance with labour rights (freedom of association and collective bargaining)","2021",1.706,
"Europe and Central Asia","ILO - Calculations based on information from ILO textual sources","SDG indicator 8.8.2 - Level of national compliance with labour rights (freedom of association and collective bargaining)","2020",1.395,
"Europe and Central Asia","ILO - Calculations based on information from ILO textual sources","SDG indicator 8.8.2 - Level of national compliance with labour rights (freedom of association and collective bargaining)","2019",1.32,
"Europe and Central Asia","ILO - Calculations based on information from ILO textual sources","SDG indicator 8.8.2 - Level of national compliance with labour rights (freedom of association and collective bargaining)","2018",1.455,
"Europe and Central Asia","ILO - Calculations based on information from ILO textual sources","SDG indicator 8.8.2 - Level of national compliance with labour rights (freedom of association and collective bargaining)","2017",1.301,
"Europe and Central Asia","ILO - Calculations based on information from ILO textual sources","SDG indicator 8.8.2 - Level of national compliance with labour rights (freedom of association and collective bargaining)","2016",1.315,
"Europe and Central Asia","ILO - Calculations based on information from ILO textual sources","SDG indicator 8.8.2 - Level of national compliance with labour rights (freedom of association and collective bargaining)","2015",1.267,
"Europe and Central Asia: Lower-middle income","ILO - Calculations based on information from ILO textual sources","SDG indicator 8.8.2 - Level of national compliance with labour rights (freedom of association and collective bargaining)","2023",4.165,
"Europe and Central Asia: Lower-middle income","ILO - Calculations based on information from ILO textual sources","SDG indicator 8.8.2 - Level of national compliance with labour rights (freedom of association and collective bargaining)","2022",4.173,
"Europe and Central Asia: Lower-middle income","ILO - Calculations based on information from ILO textual sources","SDG indicator 8.8.2 - Level of national compliance with labour rights (freedom of association and collective bargaining)","2021",4.185,
"Europe and Central Asia: Lower-middle income","ILO - Calculations based on information from ILO textual sources","SDG indicator 8.8.2 - Level of national compliance with labour rights (freedom of association and collective bargaining)","2020",4.164,
"Europe and Central Asia: Lower-middle income","ILO - Calculations based on information from ILO textual sources","SDG indicator 8.8.2 - Level of national compliance with labour rights (freedom of association and collective bargaining)","2019",4.191,
"Europe and Central Asia: Lower-middle income","ILO - Calculations based on information from ILO textual sources","SDG indicator 8.8.2 - Level of national compliance with labour rights (freedom of association and collective bargaining)","2018",4.198,
"Europe and Central Asia: Lower-middle income","ILO - Calculations based on information from ILO textual sources","SDG indicator 8.8.2 - Level of national compliance with labour rights (freedom of association and collective bargaining)","2017",4.354,
"Europe and Central Asia: Lower-middle income","ILO - Calculations based on information from ILO textual sources","SDG indicator 8.8.2 - Level of national compliance with labour rights (freedom of association and collective bargaining)","2016",4.342,
"Europe and Central Asia: Lower-middle income","ILO - Calculations based on information from ILO textual sources","SDG indicator 8.8.2 - Level of national compliance with labour rights (freedom of association and collective bargaining)","2015",1.433,
"Europe and Central Asia: Upper-middle income","ILO - Calculations based on information from ILO textual sources","SDG indicator 8.8.2 - Level of national compliance with labour rights (freedom of association and collective bargaining)","2023",3.408,
"Europe and Central Asia: Upper-middle income","ILO - Calculations based on information from ILO textual sources","SDG indicator 8.8.2 - Level of national compliance with labour rights (freedom of association and collective bargaining)","2022",2.859,
"Europe and Central Asia: Upper-middle income","ILO - Calculations based on information from ILO textual sources","SDG indicator 8.8.2 - Level of national compliance with labour rights (freedom of association and collective bargaining)","2021",3.055,
"Europe and Central Asia: Upper-middle income","ILO - Calculations based on information from ILO textual sources","SDG indicator 8.8.2 - Level of national compliance with labour rights (freedom of association and collective bargaining)","2020",2.532,
"Europe and Central Asia: Upper-middle income","ILO - Calculations based on information from ILO textual sources","SDG indicator 8.8.2 - Level of national compliance with labour rights (freedom of association and collective bargaining)","2019",2.374,
"Europe and Central Asia: Upper-middle income","ILO - Calculations based on information from ILO textual sources","SDG indicator 8.8.2 - Level of national compliance with labour rights (freedom of association and collective bargaining)","2018",2.941,
"Europe and Central Asia: Upper-middle income","ILO - Calculations based on information from ILO textual sources","SDG indicator 8.8.2 - Level of national compliance with labour rights (freedom of association and collective bargaining)","2017",2.149,
"Europe and Central Asia: Upper-middle income","ILO - Calculations based on information from ILO textual sources","SDG indicator 8.8.2 - Level of national compliance with labour rights (freedom of association and collective bargaining)","2016",1.971,
"Europe and Central Asia: Upper-middle income","ILO - Calculations based on information from ILO textual sources","SDG indicator 8.8.2 - Level of national compliance with labour rights (freedom of association and collective bargaining)","2015",2.355,
"Europe and Central Asia: High income","ILO - Calculations based on information from ILO textual sources","SDG indicator 8.8.2 - Level of national compliance with labour rights (freedom of association and collective bargaining)","2023",1.229,
"Europe and Central Asia: High income","ILO - Calculations based on information from ILO textual sources","SDG indicator 8.8.2 - Level of national compliance with labour rights (freedom of association and collective bargaining)","2022",1.236,
"Europe and Central Asia: High income","ILO - Calculations based on information from ILO textual sources","SDG indicator 8.8.2 - Level of national compliance with labour rights (freedom of association and collective bargaining)","2021",1.212,
"Europe and Central Asia: High income","ILO - Calculations based on information from ILO textual sources","SDG indicator 8.8.2 - Level of national compliance with labour rights (freedom of association and collective bargaining)","2020",0.945,
"Europe and Central Asia: High income","ILO - Calculations based on information from ILO textual sources","SDG indicator 8.8.2 - Level of national compliance with labour rights (freedom of association and collective bargaining)","2019",0.882,
"Europe and Central Asia: High income","ILO - Calculations based on information from ILO textual sources","SDG indicator 8.8.2 - Level of national compliance with labour rights (freedom of association and collective bargaining)","2018",0.911,
"Europe and Central Asia: High income","ILO - Calculations based on information from ILO textual sources","SDG indicator 8.8.2 - Level of national compliance with labour rights (freedom of association and collective bargaining)","2017",0.913,
"Europe and Central Asia: High income","ILO - Calculations based on information from ILO textual sources","SDG indicator 8.8.2 - Level of national compliance with labour rights (freedom of association and collective bargaining)","2016",0.982,
"Europe and Central Asia: High income","ILO - Calculations based on information from ILO textual sources","SDG indicator 8.8.2 - Level of national compliance with labour rights (freedom of association and collective bargaining)","2015",0.975,
"Northern, Southern and Western Europe","ILO - Calculations based on information from ILO textual sources","SDG indicator 8.8.2 - Level of national compliance with labour rights (freedom of association and collective bargaining)","2023",0.491,
"Northern, Southern and Western Europe","ILO - Calculations based on information from ILO textual sources","SDG indicator 8.8.2 - Level of national compliance with labour rights (freedom of association and collective bargaining)","2022",0.527,
"Northern, Southern and Western Europe","ILO - Calculations based on information from ILO textual sources","SDG indicator 8.8.2 - Level of national compliance with labour rights (freedom of association and collective bargaining)","2021",0.518,
"Northern, Southern and Western Europe","ILO - Calculations based on information from ILO textual sources","SDG indicator 8.8.2 - Level of national compliance with labour rights (freedom of association and collective bargaining)","2020",0.52,
"Northern, Southern and Western Europe","ILO - Calculations based on information from ILO textual sources","SDG indicator 8.8.2 - Level of national compliance with labour rights (freedom of association and collective bargaining)","2019",0.425,
"Northern, Southern and Western Europe","ILO - Calculations based on information from ILO textual sources","SDG indicator 8.8.2 - Level of national compliance with labour rights (freedom of association and collective bargaining)","2018",0.468,
"Northern, Southern and Western Europe","ILO - Calculations based on information from ILO textual sources","SDG indicator 8.8.2 - Level of national compliance with labour rights (freedom of association and collective bargaining)","2017",0.482,
"Northern, Southern and Western Europe","ILO - Calculations based on information from ILO textual sources","SDG indicator 8.8.2 - Level of national compliance with labour rights (freedom of association and collective bargaining)","2016",0.54,
"Northern, Southern and Western Europe","ILO - Calculations based on information from ILO textual sources","SDG indicator 8.8.2 - Level of national compliance with labour rights (freedom of association and collective bargaining)","2015",0.511,
"Northern, Southern and Western Europe: Upper-middle income","ILO - Calculations based on information from ILO textual sources","SDG indicator 8.8.2 - Level of national compliance with labour rights (freedom of association and collective bargaining)","2023",1.297,
"Northern, Southern and Western Europe: Upper-middle income","ILO - Calculations based on information from ILO textual sources","SDG indicator 8.8.2 - Level of national compliance with labour rights (freedom of association and collective bargaining)","2022",1.172,
"Northern, Southern and Western Europe: Upper-middle income","ILO - Calculations based on information from ILO textual sources","SDG indicator 8.8.2 - Level of national compliance with labour rights (freedom of association and collective bargaining)","2021",1.07,
"Northern, Southern and Western Europe: Upper-middle income","ILO - Calculations based on information from ILO textual sources","SDG indicator 8.8.2 - Level of national compliance with labour rights (freedom of association and collective bargaining)","2020",1.061,
"Northern, Southern and Western Europe: Upper-middle income","ILO - Calculations based on information from ILO textual sources","SDG indicator 8.8.2 - Level of national compliance with labour rights (freedom of association and collective bargaining)","2019",1.066,
"Northern, Southern and Western Europe: Upper-middle income","ILO - Calculations based on information from ILO textual sources","SDG indicator 8.8.2 - Level of national compliance with labour rights (freedom of association and collective bargaining)","2018",1.099,
"Northern, Southern and Western Europe: Upper-middle income","ILO - Calculations based on information from ILO textual sources","SDG indicator 8.8.2 - Level of national compliance with labour rights (freedom of association and collective bargaining)","2017",1.185,
"Northern, Southern and Western Europe: Upper-middle income","ILO - Calculations based on information from ILO textual sources","SDG indicator 8.8.2 - Level of national compliance with labour rights (freedom of association and collective bargaining)","2016",1.179,
"Northern, Southern and Western Europe: Upper-middle income","ILO - Calculations based on information from ILO textual sources","SDG indicator 8.8.2 - Level of national compliance with labour rights (freedom of association and collective bargaining)","2015",0.934,
"Northern, Southern and Western Europe: High income","ILO - Calculations based on information from ILO textual sources","SDG indicator 8.8.2 - Level of national compliance with labour rights (freedom of association and collective bargaining)","2023",0.465,
"Northern, Southern and Western Europe: High income","ILO - Calculations based on information from ILO textual sources","SDG indicator 8.8.2 - Level of national compliance with labour rights (freedom of association and collective bargaining)","2022",0.506,
"Northern, Southern and Western Europe: High income","ILO - Calculations based on information from ILO textual sources","SDG indicator 8.8.2 - Level of national compliance with labour rights (freedom of association and collective bargaining)","2021",0.5,
"Northern, Southern and Western Europe: High income","ILO - Calculations based on information from ILO textual sources","SDG indicator 8.8.2 - Level of national compliance with labour rights (freedom of association and collective bargaining)","2020",0.502,
"Northern, Southern and Western Europe: High income","ILO - Calculations based on information from ILO textual sources","SDG indicator 8.8.2 - Level of national compliance with labour rights (freedom of association and collective bargaining)","2019",0.404,
"Northern, Southern and Western Europe: High income","ILO - Calculations based on information from ILO textual sources","SDG indicator 8.8.2 - Level of national compliance with labour rights (freedom of association and collective bargaining)","2018",0.447,
"Northern, Southern and Western Europe: High income","ILO - Calculations based on information from ILO textual sources","SDG indicator 8.8.2 - Level of national compliance with labour rights (freedom of association and collective bargaining)","2017",0.459,
"Northern, Southern and Western Europe: High income","ILO - Calculations based on information from ILO textual sources","SDG indicator 8.8.2 - Level of national compliance with labour rights (freedom of association and collective bargaining)","2016",0.518,
"Northern, Southern and Western Europe: High income","ILO - Calculations based on information from ILO textual sources","SDG indicator 8.8.2 - Level of national compliance with labour rights (freedom of association and collective bargaining)","2015",0.497,
"Northern Europe","ILO - Calculations based on information from ILO textual sources","SDG indicator 8.8.2 - Level of national compliance with labour rights (freedom of association and collective bargaining)","2023",0.793,
"Northern Europe","ILO - Calculations based on information from ILO textual sources","SDG indicator 8.8.2 - Level of national compliance with labour rights (freedom of association and collective bargaining)","2022",0.784,
"Northern Europe","ILO - Calculations based on information from ILO textual sources","SDG indicator 8.8.2 - Level of national compliance with labour rights (freedom of association and collective bargaining)","2021",0.68,
"Northern Europe","ILO - Calculations based on information from ILO textual sources","SDG indicator 8.8.2 - Level of national compliance with labour rights (freedom of association and collective bargaining)","2020",0.689,
"Northern Europe","ILO - Calculations based on information from ILO textual sources","SDG indicator 8.8.2 - Level of national compliance with labour rights (freedom of association and collective bargaining)","2019",0.689,
"Northern Europe","ILO - Calculations based on information from ILO textual sources","SDG indicator 8.8.2 - Level of national compliance with labour rights (freedom of association and collective bargaining)","2018",0.706,
"Northern Europe","ILO - Calculations based on information from ILO textual sources","SDG indicator 8.8.2 - Level of national compliance with labour rights (freedom of association and collective bargaining)","2017",0.735,
"Northern Europe","ILO - Calculations based on information from ILO textual sources","SDG indicator 8.8.2 - Level of national compliance with labour rights (freedom of association and collective bargaining)","2016",0.767,
"Northern Europe","ILO - Calculations based on information from ILO textual sources","SDG indicator 8.8.2 - Level of national compliance with labour rights (freedom of association and collective bargaining)","2015",0.461,
"Southern Europe","ILO - Calculations based on information from ILO textual sources","SDG indicator 8.8.2 - Level of national compliance with labour rights (freedom of association and collective bargaining)","2023",0.376,
"Southern Europe","ILO - Calculations based on information from ILO textual sources","SDG indicator 8.8.2 - Level of national compliance with labour rights (freedom of association and collective bargaining)","2022",0.366,
"Southern Europe","ILO - Calculations based on information from ILO textual sources","SDG indicator 8.8.2 - Level of national compliance with labour rights (freedom of association and collective bargaining)","2021",0.486,
"Southern Europe","ILO - Calculations based on information from ILO textual sources","SDG indicator 8.8.2 - Level of national compliance with labour rights (freedom of association and collective bargaining)","2020",0.484,
"Southern Europe","ILO - Calculations based on information from ILO textual sources","SDG indicator 8.8.2 - Level of national compliance with labour rights (freedom of association and collective bargaining)","2019",0.483,
"Southern Europe","ILO - Calculations based on information from ILO textual sources","SDG indicator 8.8.2 - Level of national compliance with labour rights (freedom of association and collective bargaining)","2018",0.485,
"Southern Europe","ILO - Calculations based on information from ILO textual sources","SDG indicator 8.8.2 - Level of national compliance with labour rights (freedom of association and collective bargaining)","2017",0.497,
"Southern Europe","ILO - Calculations based on information from ILO textual sources","SDG indicator 8.8.2 - Level of national compliance with labour rights (freedom of association and collective bargaining)","2016",0.684,
"Southern Europe","ILO - Calculations based on information from ILO textual sources","SDG indicator 8.8.2 - Level of national compliance with labour rights (freedom of association and collective bargaining)","2015",0.8,
"Western Europe","ILO - Calculations based on information from ILO textual sources","SDG indicator 8.8.2 - Level of national compliance with labour rights (freedom of association and collective bargaining)","2023",0.404,
"Western Europe","ILO - Calculations based on information from ILO textual sources","SDG indicator 8.8.2 - Level of national compliance with labour rights (freedom of association and collective bargaining)","2022",0.497,
"Western Europe","ILO - Calculations based on information from ILO textual sources","SDG indicator 8.8.2 - Level of national compliance with labour rights (freedom of association and collective bargaining)","2021",0.452,
"Western Europe","ILO - Calculations based on information from ILO textual sources","SDG indicator 8.8.2 - Level of national compliance with labour rights (freedom of association and collective bargaining)","2020",0.45,
"Western Europe","ILO - Calculations based on information from ILO textual sources","SDG indicator 8.8.2 - Level of national compliance with labour rights (freedom of association and collective bargaining)","2019",0.242,
"Western Europe","ILO - Calculations based on information from ILO textual sources","SDG indicator 8.8.2 - Level of national compliance with labour rights (freedom of association and collective bargaining)","2018",0.326,
"Western Europe","ILO - Calculations based on information from ILO textual sources","SDG indicator 8.8.2 - Level of national compliance with labour rights (freedom of association and collective bargaining)","2017",0.335,
"Western Europe","ILO - Calculations based on information from ILO textual sources","SDG indicator 8.8.2 - Level of national compliance with labour rights (freedom of association and collective bargaining)","2016",0.315,
"Western Europe","ILO - Calculations based on information from ILO textual sources","SDG indicator 8.8.2 - Level of national compliance with labour rights (freedom of association and collective bargaining)","2015",0.333,
"Eastern Europe","ILO - Calculations based on information from ILO textual sources","SDG indicator 8.8.2 - Level of national compliance with labour rights (freedom of association and collective bargaining)","2023",2.779,
"Eastern Europe","ILO - Calculations based on information from ILO textual sources","SDG indicator 8.8.2 - Level of national compliance with labour rights (freedom of association and collective bargaining)","2022",2.666,
"Eastern Europe","ILO - Calculations based on information from ILO textual sources","SDG indicator 8.8.2 - Level of national compliance with labour rights (freedom of association and collective bargaining)","2021",2.569,
"Eastern Europe","ILO - Calculations based on information from ILO textual sources","SDG indicator 8.8.2 - Level of national compliance with labour rights (freedom of association and collective bargaining)","2020",1.866,
"Eastern Europe","ILO - Calculations based on information from ILO textual sources","SDG indicator 8.8.2 - Level of national compliance with labour rights (freedom of association and collective bargaining)","2019",1.771,
"Eastern Europe","ILO - Calculations based on information from ILO textual sources","SDG indicator 8.8.2 - Level of national compliance with labour rights (freedom of association and collective bargaining)","2018",1.767,
"Eastern Europe","ILO - Calculations based on information from ILO textual sources","SDG indicator 8.8.2 - Level of national compliance with labour rights (freedom of association and collective bargaining)","2017",1.748,
"Eastern Europe","ILO - Calculations based on information from ILO textual sources","SDG indicator 8.8.2 - Level of national compliance with labour rights (freedom of association and collective bargaining)","2016",1.81,
"Eastern Europe","ILO - Calculations based on information from ILO textual sources","SDG indicator 8.8.2 - Level of national compliance with labour rights (freedom of association and collective bargaining)","2015",1.882,
"Eastern Europe: Lower-middle income","ILO - Calculations based on information from ILO textual sources","SDG indicator 8.8.2 - Level of national compliance with labour rights (freedom of association and collective bargaining)","2022",1.11,
"Eastern Europe: Lower-middle income","ILO - Calculations based on information from ILO textual sources","SDG indicator 8.8.2 - Level of national compliance with labour rights (freedom of association and collective bargaining)","2021",0.94,
"Eastern Europe: Lower-middle income","ILO - Calculations based on information from ILO textual sources","SDG indicator 8.8.2 - Level of national compliance with labour rights (freedom of association and collective bargaining)","2020",0.94,
"Eastern Europe: Lower-middle income","ILO - Calculations based on information from ILO textual sources","SDG indicator 8.8.2 - Level of national compliance with labour rights (freedom of association and collective bargaining)","2019",0.57,
"Eastern Europe: Lower-middle income","ILO - Calculations based on information from ILO textual sources","SDG indicator 8.8.2 - Level of national compliance with labour rights (freedom of association and collective bargaining)","2018",0.57,
"Eastern Europe: Lower-middle income","ILO - Calculations based on information from ILO textual sources","SDG indicator 8.8.2 - Level of national compliance with labour rights (freedom of association and collective bargaining)","2017",0.57,
"Eastern Europe: Lower-middle income","ILO - Calculations based on information from ILO textual sources","SDG indicator 8.8.2 - Level of national compliance with labour rights (freedom of association and collective bargaining)","2016",0.57,
"Eastern Europe: Lower-middle income","ILO - Calculations based on information from ILO textual sources","SDG indicator 8.8.2 - Level of national compliance with labour rights (freedom of association and collective bargaining)","2015",0.74,
"Eastern Europe: Upper-middle income","ILO - Calculations based on information from ILO textual sources","SDG indicator 8.8.2 - Level of national compliance with labour rights (freedom of association and collective bargaining)","2023",3.132,
"Eastern Europe: Upper-middle income","ILO - Calculations based on information from ILO textual sources","SDG indicator 8.8.2 - Level of national compliance with labour rights (freedom of association and collective bargaining)","2022",2.778,
"Eastern Europe: Upper-middle income","ILO - Calculations based on information from ILO textual sources","SDG indicator 8.8.2 - Level of national compliance with labour rights (freedom of association and collective bargaining)","2021",2.572,
"Eastern Europe: Upper-middle income","ILO - Calculations based on information from ILO textual sources","SDG indicator 8.8.2 - Level of national compliance with labour rights (freedom of association and collective bargaining)","2020",2.167,
"Eastern Europe: Upper-middle income","ILO - Calculations based on information from ILO textual sources","SDG indicator 8.8.2 - Level of national compliance with labour rights (freedom of association and collective bargaining)","2019",1.668,
"Eastern Europe: Upper-middle income","ILO - Calculations based on information from ILO textual sources","SDG indicator 8.8.2 - Level of national compliance with labour rights (freedom of association and collective bargaining)","2018",1.676,
"Eastern Europe: Upper-middle income","ILO - Calculations based on information from ILO textual sources","SDG indicator 8.8.2 - Level of national compliance with labour rights (freedom of association and collective bargaining)","2017",1.673,
"Eastern Europe: Upper-middle income","ILO - Calculations based on information from ILO textual sources","SDG indicator 8.8.2 - Level of national compliance with labour rights (freedom of association and collective bargaining)","2016",1.646,
"Eastern Europe: Upper-middle income","ILO - Calculations based on information from ILO textual sources","SDG indicator 8.8.2 - Level of national compliance with labour rights (freedom of association and collective bargaining)","2015",1.96,
"Eastern Europe: High income","ILO - Calculations based on information from ILO textual sources","SDG indicator 8.8.2 - Level of national compliance with labour rights (freedom of association and collective bargaining)","2023",2.709,
"Eastern Europe: High income","ILO - Calculations based on information from ILO textual sources","SDG indicator 8.8.2 - Level of national compliance with labour rights (freedom of association and collective bargaining)","2022",2.642,
"Eastern Europe: High income","ILO - Calculations based on information from ILO textual sources","SDG indicator 8.8.2 - Level of national compliance with labour rights (freedom of association and collective bargaining)","2021",2.568,
"Eastern Europe: High income","ILO - Calculations based on information from ILO textual sources","SDG indicator 8.8.2 - Level of national compliance with labour rights (freedom of association and collective bargaining)","2020",1.796,
"Eastern Europe: High income","ILO - Calculations based on information from ILO textual sources","SDG indicator 8.8.2 - Level of national compliance with labour rights (freedom of association and collective bargaining)","2019",1.795,
"Eastern Europe: High income","ILO - Calculations based on information from ILO textual sources","SDG indicator 8.8.2 - Level of national compliance with labour rights (freedom of association and collective bargaining)","2018",1.789,
"Eastern Europe: High income","ILO - Calculations based on information from ILO textual sources","SDG indicator 8.8.2 - Level of national compliance with labour rights (freedom of association and collective bargaining)","2017",1.766,
"Eastern Europe: High income","ILO - Calculations based on information from ILO textual sources","SDG indicator 8.8.2 - Level of national compliance with labour rights (freedom of association and collective bargaining)","2016",1.85,
"Eastern Europe: High income","ILO - Calculations based on information from ILO textual sources","SDG indicator 8.8.2 - Level of national compliance with labour rights (freedom of association and collective bargaining)","2015",1.863,
"Central Asia","ILO - Calculations based on information from ILO textual sources","SDG indicator 8.8.2 - Level of national compliance with labour rights (freedom of association and collective bargaining)","2023",3.52,
"Central Asia","ILO - Calculations based on information from ILO textual sources","SDG indicator 8.8.2 - Level of national compliance with labour rights (freedom of association and collective bargaining)","2022",3.523,
"Central Asia","ILO - Calculations based on information from ILO textual sources","SDG indicator 8.8.2 - Level of national compliance with labour rights (freedom of association and collective bargaining)","2021",3.712,
"Central Asia","ILO - Calculations based on information from ILO textual sources","SDG indicator 8.8.2 - Level of national compliance with labour rights (freedom of association and collective bargaining)","2020",3.453,
"Central Asia","ILO - Calculations based on information from ILO textual sources","SDG indicator 8.8.2 - Level of national compliance with labour rights (freedom of association and collective bargaining)","2019",3.382,
"Central Asia","ILO - Calculations based on information from ILO textual sources","SDG indicator 8.8.2 - Level of national compliance with labour rights (freedom of association and collective bargaining)","2018",3.449,
"Central Asia","ILO - Calculations based on information from ILO textual sources","SDG indicator 8.8.2 - Level of national compliance with labour rights (freedom of association and collective bargaining)","2017",3.357,
"Central Asia","ILO - Calculations based on information from ILO textual sources","SDG indicator 8.8.2 - Level of national compliance with labour rights (freedom of association and collective bargaining)","2016",3.529,
"Central Asia","ILO - Calculations based on information from ILO textual sources","SDG indicator 8.8.2 - Level of national compliance with labour rights (freedom of association and collective bargaining)","2015",1.52,
"Central and Western Asia: Lower-middle income","ILO - Calculations based on information from ILO textual sources","SDG indicator 8.8.2 - Level of national compliance with labour rights (freedom of association and collective bargaining)","2023",4.165,
"Central and Western Asia: Lower-middle income","ILO - Calculations based on information from ILO textual sources","SDG indicator 8.8.2 - Level of national compliance with labour rights (freedom of association and collective bargaining)","2022",4.173,
"Central and Western Asia: Lower-middle income","ILO - Calculations based on information from ILO textual sources","SDG indicator 8.8.2 - Level of national compliance with labour rights (freedom of association and collective bargaining)","2021",4.185,
"Central and Western Asia: Lower-middle income","ILO - Calculations based on information from ILO textual sources","SDG indicator 8.8.2 - Level of national compliance with labour rights (freedom of association and collective bargaining)","2020",4.164,
"Central and Western Asia: Lower-middle income","ILO - Calculations based on information from ILO textual sources","SDG indicator 8.8.2 - Level of national compliance with labour rights (freedom of association and collective bargaining)","2019",4.191,
"Central and Western Asia: Lower-middle income","ILO - Calculations based on information from ILO textual sources","SDG indicator 8.8.2 - Level of national compliance with labour rights (freedom of association and collective bargaining)","2018",4.198,
"Central and Western Asia: Lower-middle income","ILO - Calculations based on information from ILO textual sources","SDG indicator 8.8.2 - Level of national compliance with labour rights (freedom of association and collective bargaining)","2017",4.354,
"Central and Western Asia: Lower-middle income","ILO - Calculations based on information from ILO textual sources","SDG indicator 8.8.2 - Level of national compliance with labour rights (freedom of association and collective bargaining)","2016",4.342,
"Central and Western Asia: Lower-middle income","ILO - Calculations based on information from ILO textual sources","SDG indicator 8.8.2 - Level of national compliance with labour rights (freedom of association and collective bargaining)","2015",1.433,
"Central and Western Asia: Upper-middle income","ILO - Calculations based on information from ILO textual sources","SDG indicator 8.8.2 - Level of national compliance with labour rights (freedom of association and collective bargaining)","2023",3.783,
"Central and Western Asia: Upper-middle income","ILO - Calculations based on information from ILO textual sources","SDG indicator 8.8.2 - Level of national compliance with labour rights (freedom of association and collective bargaining)","2022",3.108,
"Central and Western Asia: Upper-middle income","ILO - Calculations based on information from ILO textual sources","SDG indicator 8.8.2 - Level of national compliance with labour rights (freedom of association and collective bargaining)","2021",3.551,
"Central and Western Asia: Upper-middle income","ILO - Calculations based on information from ILO textual sources","SDG indicator 8.8.2 - Level of national compliance with labour rights (freedom of association and collective bargaining)","2020",2.912,
"Central and Western Asia: Upper-middle income","ILO - Calculations based on information from ILO textual sources","SDG indicator 8.8.2 - Level of national compliance with labour rights (freedom of association and collective bargaining)","2019",2.903,
"Central and Western Asia: Upper-middle income","ILO - Calculations based on information from ILO textual sources","SDG indicator 8.8.2 - Level of national compliance with labour rights (freedom of association and collective bargaining)","2018",3.835,
"Central and Western Asia: Upper-middle income","ILO - Calculations based on information from ILO textual sources","SDG indicator 8.8.2 - Level of national compliance with labour rights (freedom of association and collective bargaining)","2017",2.53,
"Central and Western Asia: Upper-middle income","ILO - Calculations based on information from ILO textual sources","SDG indicator 8.8.2 - Level of national compliance with labour rights (freedom of association and collective bargaining)","2016",2.258,
"Central and Western Asia: Upper-middle income","ILO - Calculations based on information from ILO textual sources","SDG indicator 8.8.2 - Level of national compliance with labour rights (freedom of association and collective bargaining)","2015",2.776,
"Central and Western Asia: High income","ILO - Calculations based on information from ILO textual sources","SDG indicator 8.8.2 - Level of national compliance with labour rights (freedom of association and collective bargaining)","2023",0,
"Central and Western Asia: High income","ILO - Calculations based on information from ILO textual sources","SDG indicator 8.8.2 - Level of national compliance with labour rights (freedom of association and collective bargaining)","2022",0,
"Central and Western Asia: High income","ILO - Calculations based on information from ILO textual sources","SDG indicator 8.8.2 - Level of national compliance with labour rights (freedom of association and collective bargaining)","2021",0,
"Central and Western Asia: High income","ILO - Calculations based on information from ILO textual sources","SDG indicator 8.8.2 - Level of national compliance with labour rights (freedom of association and collective bargaining)","2020",0,
"Central and Western Asia: High income","ILO - Calculations based on information from ILO textual sources","SDG indicator 8.8.2 - Level of national compliance with labour rights (freedom of association and collective bargaining)","2019",0,
"Central and Western Asia: High income","ILO - Calculations based on information from ILO textual sources","SDG indicator 8.8.2 - Level of national compliance with labour rights (freedom of association and collective bargaining)","2018",0,
"Central and Western Asia: High income","ILO - Calculations based on information from ILO textual sources","SDG indicator 8.8.2 - Level of national compliance with labour rights (freedom of association and collective bargaining)","2017",0,
"Central and Western Asia: High income","ILO - Calculations based on information from ILO textual sources","SDG indicator 8.8.2 - Level of national compliance with labour rights (freedom of association and collective bargaining)","2016",0,
"Central and Western Asia: High income","ILO - Calculations based on information from ILO textual sources","SDG indicator 8.8.2 - Level of national compliance with labour rights (freedom of association and collective bargaining)","2015",0,
"Central and Western Asia","ILO - Calculations based on information from ILO textual sources","SDG indicator 8.8.2 - Level of national compliance with labour rights (freedom of association and collective bargaining)","2023",3.639,
"Central and Western Asia","ILO - Calculations based on information from ILO textual sources","SDG indicator 8.8.2 - Level of national compliance with labour rights (freedom of association and collective bargaining)","2022",3.17,
"Central and Western Asia","ILO - Calculations based on information from ILO textual sources","SDG indicator 8.8.2 - Level of national compliance with labour rights (freedom of association and collective bargaining)","2021",3.487,
"Central and Western Asia","ILO - Calculations based on information from ILO textual sources","SDG indicator 8.8.2 - Level of national compliance with labour rights (freedom of association and collective bargaining)","2020",3.035,
"Central and Western Asia","ILO - Calculations based on information from ILO textual sources","SDG indicator 8.8.2 - Level of national compliance with labour rights (freedom of association and collective bargaining)","2019",3.029,
"Central and Western Asia","ILO - Calculations based on information from ILO textual sources","SDG indicator 8.8.2 - Level of national compliance with labour rights (freedom of association and collective bargaining)","2018",3.689,
"Central and Western Asia","ILO - Calculations based on information from ILO textual sources","SDG indicator 8.8.2 - Level of national compliance with labour rights (freedom of association and collective bargaining)","2017",2.806,
"Central and Western Asia","ILO - Calculations based on information from ILO textual sources","SDG indicator 8.8.2 - Level of national compliance with labour rights (freedom of association and collective bargaining)","2016",2.616,
"Central and Western Asia","ILO - Calculations based on information from ILO textual sources","SDG indicator 8.8.2 - Level of national compliance with labour rights (freedom of association and collective bargaining)","2015",2.285,
"Western Asia","ILO - Calculations based on information from ILO textual sources","SDG indicator 8.8.2 - Level of national compliance with labour rights (freedom of association and collective bargaining)","2023",3.716,
"Western Asia","ILO - Calculations based on information from ILO textual sources","SDG indicator 8.8.2 - Level of national compliance with labour rights (freedom of association and collective bargaining)","2022",2.942,
"Western Asia","ILO - Calculations based on information from ILO textual sources","SDG indicator 8.8.2 - Level of national compliance with labour rights (freedom of association and collective bargaining)","2021",3.338,
"Western Asia","ILO - Calculations based on information from ILO textual sources","SDG indicator 8.8.2 - Level of national compliance with labour rights (freedom of association and collective bargaining)","2020",2.758,
"Western Asia","ILO - Calculations based on information from ILO textual sources","SDG indicator 8.8.2 - Level of national compliance with labour rights (freedom of association and collective bargaining)","2019",2.804,
"Western Asia","ILO - Calculations based on information from ILO textual sources","SDG indicator 8.8.2 - Level of national compliance with labour rights (freedom of association and collective bargaining)","2018",3.841,
"Western Asia","ILO - Calculations based on information from ILO textual sources","SDG indicator 8.8.2 - Level of national compliance with labour rights (freedom of association and collective bargaining)","2017",2.454,
"Western Asia","ILO - Calculations based on information from ILO textual sources","SDG indicator 8.8.2 - Level of national compliance with labour rights (freedom of association and collective bargaining)","2016",2.022,
"Western Asia","ILO - Calculations based on information from ILO textual sources","SDG indicator 8.8.2 - Level of national compliance with labour rights (freedom of association and collective bargaining)","2015",2.793,
"Northern Africa: Low income","ILO - Calculations based on information from ILO textual sources","SDG indicator 8.8.2 - Level of national compliance with labour rights (freedom of association and collective bargaining)","2022",6.86,
"Northern Africa: Low income","ILO - Calculations based on information from ILO textual sources","SDG indicator 8.8.2 - Level of national compliance with labour rights (freedom of association and collective bargaining)","2021",6.86,
"Northern Africa: Low income","ILO - Calculations based on information from ILO textual sources","SDG indicator 8.8.2 - Level of national compliance with labour rights (freedom of association and collective bargaining)","2020",6.86,
"Northern Africa: Low income","ILO - Calculations based on information from ILO textual sources","SDG indicator 8.8.2 - Level of national compliance with labour rights (freedom of association and collective bargaining)","2019",6.86,
"Northern Africa: Low income","ILO - Calculations based on information from ILO textual sources","SDG indicator 8.8.2 - Level of national compliance with labour rights (freedom of association and collective bargaining)","2018",7.05,
"Northern Africa: Low income","ILO - Calculations based on information from ILO textual sources","SDG indicator 8.8.2 - Level of national compliance with labour rights (freedom of association and collective bargaining)","2017",7.05,
"Northern Africa: Low income","ILO - Calculations based on information from ILO textual sources","SDG indicator 8.8.2 - Level of national compliance with labour rights (freedom of association and collective bargaining)","2016",7.05,
"Northern Africa: Low income","ILO - Calculations based on information from ILO textual sources","SDG indicator 8.8.2 - Level of national compliance with labour rights (freedom of association and collective bargaining)","2015",6.86,
"European Union 28","ILO - Calculations based on information from ILO textual sources","SDG indicator 8.8.2 - Level of national compliance with labour rights (freedom of association and collective bargaining)","2023",0.574,
"European Union 28","ILO - Calculations based on information from ILO textual sources","SDG indicator 8.8.2 - Level of national compliance with labour rights (freedom of association and collective bargaining)","2022",0.626,
"European Union 28","ILO - Calculations based on information from ILO textual sources","SDG indicator 8.8.2 - Level of national compliance with labour rights (freedom of association and collective bargaining)","2021",0.637,
"European Union 28","ILO - Calculations based on information from ILO textual sources","SDG indicator 8.8.2 - Level of national compliance with labour rights (freedom of association and collective bargaining)","2020",0.619,
"European Union 28","ILO - Calculations based on information from ILO textual sources","SDG indicator 8.8.2 - Level of national compliance with labour rights (freedom of association and collective bargaining)","2019",0.535,
"European Union 28","ILO - Calculations based on information from ILO textual sources","SDG indicator 8.8.2 - Level of national compliance with labour rights (freedom of association and collective bargaining)","2018",0.568,
"European Union 28","ILO - Calculations based on information from ILO textual sources","SDG indicator 8.8.2 - Level of national compliance with labour rights (freedom of association and collective bargaining)","2017",0.564,
"European Union 28","ILO - Calculations based on information from ILO textual sources","SDG indicator 8.8.2 - Level of national compliance with labour rights (freedom of association and collective bargaining)","2016",0.654,
"European Union 28","ILO - Calculations based on information from ILO textual sources","SDG indicator 8.8.2 - Level of national compliance with labour rights (freedom of association and collective bargaining)","2015",0.587,
"G20","ILO - Calculations based on information from ILO textual sources","SDG indicator 8.8.2 - Level of national compliance with labour rights (freedom of association and collective bargaining)","2023",4.585,
"G20","ILO - Calculations based on information from ILO textual sources","SDG indicator 8.8.2 - Level of national compliance with labour rights (freedom of association and collective bargaining)","2022",4.642,
"G20","ILO - Calculations based on information from ILO textual sources","SDG indicator 8.8.2 - Level of national compliance with labour rights (freedom of association and collective bargaining)","2021",4.36,
"G20","ILO - Calculations based on information from ILO textual sources","SDG indicator 8.8.2 - Level of national compliance with labour rights (freedom of association and collective bargaining)","2020",4.366,
"G20","ILO - Calculations based on information from ILO textual sources","SDG indicator 8.8.2 - Level of national compliance with labour rights (freedom of association and collective bargaining)","2019",4.431,
"G20","ILO - Calculations based on information from ILO textual sources","SDG indicator 8.8.2 - Level of national compliance with labour rights (freedom of association and collective bargaining)","2018",4.561,
"G20","ILO - Calculations based on information from ILO textual sources","SDG indicator 8.8.2 - Level of national compliance with labour rights (freedom of association and collective bargaining)","2017",4.562,
"G20","ILO - Calculations based on information from ILO textual sources","SDG indicator 8.8.2 - Level of national compliance with labour rights (freedom of association and collective bargaining)","2016",4.513,
"G20","ILO - Calculations based on information from ILO textual sources","SDG indicator 8.8.2 - Level of national compliance with labour rights (freedom of association and collective bargaining)","2015",4.533,
"ASEAN","ILO - Calculations based on information from ILO textual sources","SDG indicator 8.8.2 - Level of national compliance with labour rights (freedom of association and collective bargaining)","2023",5.085,
"ASEAN","ILO - Calculations based on information from ILO textual sources","SDG indicator 8.8.2 - Level of national compliance with labour rights (freedom of association and collective bargaining)","2022",4.836,
"ASEAN","ILO - Calculations based on information from ILO textual sources","SDG indicator 8.8.2 - Level of national compliance with labour rights (freedom of association and collective bargaining)","2021",4.155,
"ASEAN","ILO - Calculations based on information from ILO textual sources","SDG indicator 8.8.2 - Level of national compliance with labour rights (freedom of association and collective bargaining)","2020",3.89,
"ASEAN","ILO - Calculations based on information from ILO textual sources","SDG indicator 8.8.2 - Level of national compliance with labour rights (freedom of association and collective bargaining)","2019",4.395,
"ASEAN","ILO - Calculations based on information from ILO textual sources","SDG indicator 8.8.2 - Level of national compliance with labour rights (freedom of association and collective bargaining)","2018",4.535,
"ASEAN","ILO - Calculations based on information from ILO textual sources","SDG indicator 8.8.2 - Level of national compliance with labour rights (freedom of association and collective bargaining)","2017",4.518,
"ASEAN","ILO - Calculations based on information from ILO textual sources","SDG indicator 8.8.2 - Level of national compliance with labour rights (freedom of association and collective bargaining)","2016",4.443,
"ASEAN","ILO - Calculations based on information from ILO textual sources","SDG indicator 8.8.2 - Level of national compliance with labour rights (freedom of association and collective bargaining)","2015",5.011,
"BRICS","ILO - Calculations based on information from ILO textual sources","SDG indicator 8.8.2 - Level of national compliance with labour rights (freedom of association and collective bargaining)","2023",6.591,
"BRICS","ILO - Calculations based on information from ILO textual sources","SDG indicator 8.8.2 - Level of national compliance with labour rights (freedom of association and collective bargaining)","2022",6.723,
"BRICS","ILO - Calculations based on information from ILO textual sources","SDG indicator 8.8.2 - Level of national compliance with labour rights (freedom of association and collective bargaining)","2021",6.243,
"BRICS","ILO - Calculations based on information from ILO textual sources","SDG indicator 8.8.2 - Level of national compliance with labour rights (freedom of association and collective bargaining)","2020",6.286,
"BRICS","ILO - Calculations based on information from ILO textual sources","SDG indicator 8.8.2 - Level of national compliance with labour rights (freedom of association and collective bargaining)","2019",6.319,
"BRICS","ILO - Calculations based on information from ILO textual sources","SDG indicator 8.8.2 - Level of national compliance with labour rights (freedom of association and collective bargaining)","2018",6.44,
"BRICS","ILO - Calculations based on information from ILO textual sources","SDG indicator 8.8.2 - Level of national compliance with labour rights (freedom of association and collective bargaining)","2017",6.466,
"BRICS","ILO - Calculations based on information from ILO textual sources","SDG indicator 8.8.2 - Level of national compliance with labour rights (freedom of association and collective bargaining)","2016",6.335,
"BRICS","ILO - Calculations based on information from ILO textual sources","SDG indicator 8.8.2 - Level of national compliance with labour rights (freedom of association and collective bargaining)","2015",6.234,
"Eastern Asia: Lower-middle income","ILO - Calculations based on information from ILO textual sources","SDG indicator 8.8.2 - Level of national compliance with labour rights (freedom of association and collective bargaining)","2022",0.15,
"Eastern Asia: Lower-middle income","ILO - Calculations based on information from ILO textual sources","SDG indicator 8.8.2 - Level of national compliance with labour rights (freedom of association and collective bargaining)","2021",0.15,
"Eastern Asia: Lower-middle income","ILO - Calculations based on information from ILO textual sources","SDG indicator 8.8.2 - Level of national compliance with labour rights (freedom of association and collective bargaining)","2020",0.15,
"Eastern Asia: Lower-middle income","ILO - Calculations based on information from ILO textual sources","SDG indicator 8.8.2 - Level of national compliance with labour rights (freedom of association and collective bargaining)","2019",0.15,
"Eastern Asia: Lower-middle income","ILO - Calculations based on information from ILO textual sources","SDG indicator 8.8.2 - Level of national compliance with labour rights (freedom of association and collective bargaining)","2018",0.15,
"Eastern Asia: Lower-middle income","ILO - Calculations based on information from ILO textual sources","SDG indicator 8.8.2 - Level of national compliance with labour rights (freedom of association and collective bargaining)","2017",0.15,
"Eastern Asia: Lower-middle income","ILO - Calculations based on information from ILO textual sources","SDG indicator 8.8.2 - Level of national compliance with labour rights (freedom of association and collective bargaining)","2016",0,
"Eastern Asia: Lower-middle income","ILO - Calculations based on information from ILO textual sources","SDG indicator 8.8.2 - Level of national compliance with labour rights (freedom of association and collective bargaining)","2015",0,
"World excluding BRICS","ILO - Calculations based on information from ILO textual sources","SDG indicator 8.8.2 - Level of national compliance with labour rights (freedom of association and collective bargaining)","2023",3.541,
"World excluding BRICS","ILO - Calculations based on information from ILO textual sources","SDG indicator 8.8.2 - Level of national compliance with labour rights (freedom of association and collective bargaining)","2022",3.4,
"World excluding BRICS","ILO - Calculations based on information from ILO textual sources","SDG indicator 8.8.2 - Level of national compliance with labour rights (freedom of association and collective bargaining)","2021",3.227,
"World excluding BRICS","ILO - Calculations based on information from ILO textual sources","SDG indicator 8.8.2 - Level of national compliance with labour rights (freedom of association and collective bargaining)","2020",3.132,
"World excluding BRICS","ILO - Calculations based on information from ILO textual sources","SDG indicator 8.8.2 - Level of national compliance with labour rights (freedom of association and collective bargaining)","2019",3.212,
"World excluding BRICS","ILO - Calculations based on information from ILO textual sources","SDG indicator 8.8.2 - Level of national compliance with labour rights (freedom of association and collective bargaining)","2018",3.268,
"World excluding BRICS","ILO - Calculations based on information from ILO textual sources","SDG indicator 8.8.2 - Level of national compliance with labour rights (freedom of association and collective bargaining)","2017",3.175,
"World excluding BRICS","ILO - Calculations based on information from ILO textual sources","SDG indicator 8.8.2 - Level of national compliance with labour rights (freedom of association and collective bargaining)","2016",3.135,
"World excluding BRICS","ILO - Calculations based on information from ILO textual sources","SDG indicator 8.8.2 - Level of national compliance with labour rights (freedom of association and collective bargaining)","2015",3.169,
"G7","ILO - Calculations based on information from ILO textual sources","SDG indicator 8.8.2 - Level of national compliance with labour rights (freedom of association and collective bargaining)","2023",1.739,
"G7","ILO - Calculations based on information from ILO textual sources","SDG indicator 8.8.2 - Level of national compliance with labour rights (freedom of association and collective bargaining)","2022",1.768,
"G7","ILO - Calculations based on information from ILO textual sources","SDG indicator 8.8.2 - Level of national compliance with labour rights (freedom of association and collective bargaining)","2021",1.76,
"G7","ILO - Calculations based on information from ILO textual sources","SDG indicator 8.8.2 - Level of national compliance with labour rights (freedom of association and collective bargaining)","2020",1.762,
"G7","ILO - Calculations based on information from ILO textual sources","SDG indicator 8.8.2 - Level of national compliance with labour rights (freedom of association and collective bargaining)","2019",1.71,
"G7","ILO - Calculations based on information from ILO textual sources","SDG indicator 8.8.2 - Level of national compliance with labour rights (freedom of association and collective bargaining)","2018",1.668,
"G7","ILO - Calculations based on information from ILO textual sources","SDG indicator 8.8.2 - Level of national compliance with labour rights (freedom of association and collective bargaining)","2017",1.641,
"G7","ILO - Calculations based on information from ILO textual sources","SDG indicator 8.8.2 - Level of national compliance with labour rights (freedom of association and collective bargaining)","2016",1.648,
"G7","ILO - Calculations based on information from ILO textual sources","SDG indicator 8.8.2 - Level of national compliance with labour rights (freedom of association and collective bargaining)","2015",1.587,
"MENA","ILO - Calculations based on information from ILO textual sources","SDG indicator 8.8.2 - Level of national compliance with labour rights (freedom of association and collective bargaining)","2023",6.344,
"MENA","ILO - Calculations based on information from ILO textual sources","SDG indicator 8.8.2 - Level of national compliance with labour rights (freedom of association and collective bargaining)","2022",6.113,
"MENA","ILO - Calculations based on information from ILO textual sources","SDG indicator 8.8.2 - Level of national compliance with labour rights (freedom of association and collective bargaining)","2021",6.136,
"MENA","ILO - Calculations based on information from ILO textual sources","SDG indicator 8.8.2 - Level of national compliance with labour rights (freedom of association and collective bargaining)","2020",6.071,
"MENA","ILO - Calculations based on information from ILO textual sources","SDG indicator 8.8.2 - Level of national compliance with labour rights (freedom of association and collective bargaining)","2019",5.947,
"MENA","ILO - Calculations based on information from ILO textual sources","SDG indicator 8.8.2 - Level of national compliance with labour rights (freedom of association and collective bargaining)","2018",6.145,
"MENA","ILO - Calculations based on information from ILO textual sources","SDG indicator 8.8.2 - Level of national compliance with labour rights (freedom of association and collective bargaining)","2017",6.226,
"MENA","ILO - Calculations based on information from ILO textual sources","SDG indicator 8.8.2 - Level of national compliance with labour rights (freedom of association and collective bargaining)","2016",6.225,
"MENA","ILO - Calculations based on information from ILO textual sources","SDG indicator 8.8.2 - Level of national compliance with labour rights (freedom of association and collective bargaining)","2015",6.029,
"Arab League","ILO - Calculations based on information from ILO textual sources","SDG indicator 8.8.2 - Level of national compliance with labour rights (freedom of association and collective bargaining)","2023",5.465,
"Arab League","ILO - Calculations based on information from ILO textual sources","SDG indicator 8.8.2 - Level of national compliance with labour rights (freedom of association and collective bargaining)","2022",5.183,
"Arab League","ILO - Calculations based on information from ILO textual sources","SDG indicator 8.8.2 - Level of national compliance with labour rights (freedom of association and collective bargaining)","2021",5.2,
"Arab League","ILO - Calculations based on information from ILO textual sources","SDG indicator 8.8.2 - Level of national compliance with labour rights (freedom of association and collective bargaining)","2020",5.105,
"Arab League","ILO - Calculations based on information from ILO textual sources","SDG indicator 8.8.2 - Level of national compliance with labour rights (freedom of association and collective bargaining)","2019",5.077,
"Arab League","ILO - Calculations based on information from ILO textual sources","SDG indicator 8.8.2 - Level of national compliance with labour rights (freedom of association and collective bargaining)","2018",5.128,
"Arab League","ILO - Calculations based on information from ILO textual sources","SDG indicator 8.8.2 - Level of national compliance with labour rights (freedom of association and collective bargaining)","2017",5.246,
"Arab League","ILO - Calculations based on information from ILO textual sources","SDG indicator 8.8.2 - Level of national compliance with labour rights (freedom of association and collective bargaining)","2016",5.279,
"Arab League","ILO - Calculations based on information from ILO textual sources","SDG indicator 8.8.2 - Level of national compliance with labour rights (freedom of association and collective bargaining)","2015",5.226,
"CARICOM","ILO - Calculations based on information from ILO textual sources","SDG indicator 8.8.2 - Level of national compliance with labour rights (freedom of association and collective bargaining)","2023",1.425,
"CARICOM","ILO - Calculations based on information from ILO textual sources","SDG indicator 8.8.2 - Level of national compliance with labour rights (freedom of association and collective bargaining)","2022",1.425,
"CARICOM","ILO - Calculations based on information from ILO textual sources","SDG indicator 8.8.2 - Level of national compliance with labour rights (freedom of association and collective bargaining)","2021",1.438,
"CARICOM","ILO - Calculations based on information from ILO textual sources","SDG indicator 8.8.2 - Level of national compliance with labour rights (freedom of association and collective bargaining)","2020",1.44,
"CARICOM","ILO - Calculations based on information from ILO textual sources","SDG indicator 8.8.2 - Level of national compliance with labour rights (freedom of association and collective bargaining)","2019",1.436,
"CARICOM","ILO - Calculations based on information from ILO textual sources","SDG indicator 8.8.2 - Level of national compliance with labour rights (freedom of association and collective bargaining)","2018",1.435,
"CARICOM","ILO - Calculations based on information from ILO textual sources","SDG indicator 8.8.2 - Level of national compliance with labour rights (freedom of association and collective bargaining)","2017",1.429,
"CARICOM","ILO - Calculations based on information from ILO textual sources","SDG indicator 8.8.2 - Level of national compliance with labour rights (freedom of association and collective bargaining)","2016",1.321,
"CARICOM","ILO - Calculations based on information from ILO textual sources","SDG indicator 8.8.2 - Level of national compliance with labour rights (freedom of association and collective bargaining)","2015",1.303,
"European Union 27","ILO - Calculations based on information from ILO textual sources","SDG indicator 8.8.2 - Level of national compliance with labour rights (freedom of association and collective bargaining)","2023",0.467,
"European Union 27","ILO - Calculations based on information from ILO textual sources","SDG indicator 8.8.2 - Level of national compliance with labour rights (freedom of association and collective bargaining)","2022",0.531,
"European Union 27","ILO - Calculations based on information from ILO textual sources","SDG indicator 8.8.2 - Level of national compliance with labour rights (freedom of association and collective bargaining)","2021",0.57,
"European Union 27","ILO - Calculations based on information from ILO textual sources","SDG indicator 8.8.2 - Level of national compliance with labour rights (freedom of association and collective bargaining)","2020",0.549,
"European Union 27","ILO - Calculations based on information from ILO textual sources","SDG indicator 8.8.2 - Level of national compliance with labour rights (freedom of association and collective bargaining)","2019",0.452,
"European Union 27","ILO - Calculations based on information from ILO textual sources","SDG indicator 8.8.2 - Level of national compliance with labour rights (freedom of association and collective bargaining)","2018",0.49,
"European Union 27","ILO - Calculations based on information from ILO textual sources","SDG indicator 8.8.2 - Level of national compliance with labour rights (freedom of association and collective bargaining)","2017",0.483,
"European Union 27","ILO - Calculations based on information from ILO textual sources","SDG indicator 8.8.2 - Level of national compliance with labour rights (freedom of association and collective bargaining)","2016",0.587,
"European Union 27","ILO - Calculations based on information from ILO textual sources","SDG indicator 8.8.2 - Level of national compliance with labour rights (freedom of association and collective bargaining)","2015",0.59,
"Arab States: Low income","ILO - Calculations based on information from ILO textual sources","SDG indicator 8.8.2 - Level of national compliance with labour rights (freedom of association and collective bargaining)","2023",3.506,
"Arab States: Low income","ILO - Calculations based on information from ILO textual sources","SDG indicator 8.8.2 - Level of national compliance with labour rights (freedom of association and collective bargaining)","2022",3.455,
"Arab States: Low income","ILO - Calculations based on information from ILO textual sources","SDG indicator 8.8.2 - Level of national compliance with labour rights (freedom of association and collective bargaining)","2021",3.425,
"Arab States: Low income","ILO - Calculations based on information from ILO textual sources","SDG indicator 8.8.2 - Level of national compliance with labour rights (freedom of association and collective bargaining)","2020",3.394,
"Arab States: Low income","ILO - Calculations based on information from ILO textual sources","SDG indicator 8.8.2 - Level of national compliance with labour rights (freedom of association and collective bargaining)","2019",3.361,
"Arab States: Low income","ILO - Calculations based on information from ILO textual sources","SDG indicator 8.8.2 - Level of national compliance with labour rights (freedom of association and collective bargaining)","2018",3.309,
"Arab States: Low income","ILO - Calculations based on information from ILO textual sources","SDG indicator 8.8.2 - Level of national compliance with labour rights (freedom of association and collective bargaining)","2017",3.297,
"Arab States: Low income","ILO - Calculations based on information from ILO textual sources","SDG indicator 8.8.2 - Level of national compliance with labour rights (freedom of association and collective bargaining)","2016",3.322,
"Arab States: Low income","ILO - Calculations based on information from ILO textual sources","SDG indicator 8.8.2 - Level of national compliance with labour rights (freedom of association and collective bargaining)","2015",3.457,
"Yemen","ILO - Calculations based on information from ILO textual sources","SDG indicator 8.8.2 - Level of national compliance with labour rights (freedom of association and collective bargaining)","2023",1.08,"Remarks: The score should be treated with care due to the possibility of insufficient information in the textual sources, based on comparison with an externally produced indicator (see Metadata, point 4.f.)"
"Yemen","ILO - Calculations based on information from ILO textual sources","SDG indicator 8.8.2 - Level of national compliance with labour rights (freedom of association and collective bargaining)","2022",1.08,"Remarks: The score should be treated with care due to the possibility of insufficient information in the textual sources, based on comparison with an externally produced indicator (see Metadata, point 4.f.)"
"Yemen","ILO - Calculations based on information from ILO textual sources","SDG indicator 8.8.2 - Level of national compliance with labour rights (freedom of association and collective bargaining)","2021",1.08,"Remarks: The score should be treated with care due to the possibility of insufficient information in the textual sources, based on comparison with an externally produced indicator (see Metadata, point 4.f.)"
"Yemen","ILO - Calculations based on information from ILO textual sources","SDG indicator 8.8.2 - Level of national compliance with labour rights (freedom of association and collective bargaining)","2020",1.08,"Remarks: The score should be treated with care due to the possibility of insufficient information in the textual sources, based on comparison with an externally produced indicator (see Metadata, point 4.f.)"
"Yemen","ILO - Calculations based on information from ILO textual sources","SDG indicator 8.8.2 - Level of national compliance with labour rights (freedom of association and collective bargaining)","2019",1.08,"Remarks: The score should be treated with care due to the possibility of insufficient information in the textual sources, based on comparison with an externally produced indicator (see Metadata, point 4.f.)"
"Yemen","ILO - Calculations based on information from ILO textual sources","SDG indicator 8.8.2 - Level of national compliance with labour rights (freedom of association and collective bargaining)","2018",1.08,"Remarks: The score should be treated with care due to the possibility of insufficient information in the textual sources, based on comparison with an externally produced indicator (see Metadata, point 4.f.)"
"Yemen","ILO - Calculations based on information from ILO textual sources","SDG indicator 8.8.2 - Level of national compliance with labour rights (freedom of association and collective bargaining)","2017",1.08,"Remarks: The score should be treated with care due to the possibility of insufficient information in the textual sources, based on comparison with an externally produced indicator (see Metadata, point 4.f.)"
"Yemen","ILO - Calculations based on information from ILO textual sources","SDG indicator 8.8.2 - Level of national compliance with labour rights (freedom of association and collective bargaining)","2016",1.08,"Remarks: The score should be treated with care due to the possibility of insufficient information in the textual sources, based on comparison with an externally produced indicator (see Metadata, point 4.f.)"
"Yemen","ILO - Calculations based on information from ILO textual sources","SDG indicator 8.8.2 - Level of national compliance with labour rights (freedom of association and collective bargaining)","2015",1.08,"Remarks: The score should be treated with care due to the possibility of insufficient information in the textual sources, based on comparison with an externally produced indicator (see Metadata, point 4.f.)"
"South Africa","ILO - Calculations based on information from ILO textual sources","SDG indicator 8.8.2 - Level of national compliance with labour rights (freedom of association and collective bargaining)","2023",0.98,
"South Africa","ILO - Calculations based on information from ILO textual sources","SDG indicator 8.8.2 - Level of national compliance with labour rights (freedom of association and collective bargaining)","2022",1.34,
"South Africa","ILO - Calculations based on information from ILO textual sources","SDG indicator 8.8.2 - Level of national compliance with labour rights (freedom of association and collective bargaining)","2021",0.98,
"South Africa","ILO - Calculations based on information from ILO textual sources","SDG indicator 8.8.2 - Level of national compliance with labour rights (freedom of association and collective bargaining)","2020",0.98,
"South Africa","ILO - Calculations based on information from ILO textual sources","SDG indicator 8.8.2 - Level of national compliance with labour rights (freedom of association and collective bargaining)","2019",0.98,
"South Africa","ILO - Calculations based on information from ILO textual sources","SDG indicator 8.8.2 - Level of national compliance with labour rights (freedom of association and collective bargaining)","2018",0.98,
"South Africa","ILO - Calculations based on information from ILO textual sources","SDG indicator 8.8.2 - Level of national compliance with labour rights (freedom of association and collective bargaining)","2017",0.98,
"South Africa","ILO - Calculations based on information from ILO textual sources","SDG indicator 8.8.2 - Level of national compliance with labour rights (freedom of association and collective bargaining)","2016",0.98,
"South Africa","ILO - Calculations based on information from ILO textual sources","SDG indicator 8.8.2 - Level of national compliance with labour rights (freedom of association and collective bargaining)","2015",0.98,
"Zambia","ILO - Calculations based on information from ILO textual sources","SDG indicator 8.8.2 - Level of national compliance with labour rights (freedom of association and collective bargaining)","2023",2.21,
"Zambia","ILO - Calculations based on information from ILO textual sources","SDG indicator 8.8.2 - Level of national compliance with labour rights (freedom of association and collective bargaining)","2022",2.21,
"Zambia","ILO - Calculations based on information from ILO textual sources","SDG indicator 8.8.2 - Level of national compliance with labour rights (freedom of association and collective bargaining)","2021",2.21,
"Zambia","ILO - Calculations based on information from ILO textual sources","SDG indicator 8.8.2 - Level of national compliance with labour rights (freedom of association and collective bargaining)","2020",2.21,
"Zambia","ILO - Calculations based on information from ILO textual sources","SDG indicator 8.8.2 - Level of national compliance with labour rights (freedom of association and collective bargaining)","2019",2.21,
"Zambia","ILO - Calculations based on information from ILO textual sources","SDG indicator 8.8.2 - Level of national compliance with labour rights (freedom of association and collective bargaining)","2018",2.21,
"Zambia","ILO - Calculations based on information from ILO textual sources","SDG indicator 8.8.2 - Level of national compliance with labour rights (freedom of association and collective bargaining)","2017",2.21,
"Zambia","ILO - Calculations based on information from ILO textual sources","SDG indicator 8.8.2 - Level of national compliance with labour rights (freedom of association and collective bargaining)","2016",2.21,
"Zambia","ILO - Calculations based on information from ILO textual sources","SDG indicator 8.8.2 - Level of national compliance with labour rights (freedom of association and collective bargaining)","2015",2.21,
"Zimbabwe","ILO - Calculations based on information from ILO textual sources","SDG indicator 8.8.2 - Level of national compliance with labour rights (freedom of association and collective bargaining)","2023",5.95,
"Zimbabwe","ILO - Calculations based on information from ILO textual sources","SDG indicator 8.8.2 - Level of national compliance with labour rights (freedom of association and collective bargaining)","2022",5.95,
"Zimbabwe","ILO - Calculations based on information from ILO textual sources","SDG indicator 8.8.2 - Level of national compliance with labour rights (freedom of association and collective bargaining)","2021",6,
"Zimbabwe","ILO - Calculations based on information from ILO textual sources","SDG indicator 8.8.2 - Level of national compliance with labour rights (freedom of association and collective bargaining)","2020",5.45,
"Zimbabwe","ILO - Calculations based on information from ILO textual sources","SDG indicator 8.8.2 - Level of national compliance with labour rights (freedom of association and collective bargaining)","2019",4.42,
"Zimbabwe","ILO - Calculations based on information from ILO textual sources","SDG indicator 8.8.2 - Level of national compliance with labour rights (freedom of association and collective bargaining)","2018",5.92,
"Zimbabwe","ILO - Calculations based on information from ILO textual sources","SDG indicator 8.8.2 - Level of national compliance with labour rights (freedom of association and collective bargaining)","2017",4.96,
"Zimbabwe","ILO - Calculations based on information from ILO textual sources","SDG indicator 8.8.2 - Level of national compliance with labour rights (freedom of association and collective bargaining)","2016",4.95,
"Zimbabwe","ILO - Calculations based on information from ILO textual sources","SDG indicator 8.8.2 - Level of national compliance with labour rights (freedom of association and collective bargaining)","2015",5.79,
